:1008000000000420BD0C0000574E0100514E0100B5
:10081000490D0000490D0000490D000000000000D6
:1008200000000000000000000000000001190100AD
:10083000490D000000000000D1190100351A010027
:10084000610D0000650D0000690D00006D0D0000D8
:10085000710D0000750D0000790D00007D0D000088
:10086000810D0000850D0000890D00008D0D000038
:10087000910D0000950D0000990D00009D0D0000E8
:10088000A10D0000490D0000490D0000490D0000B8
:10089000B5670000C3670000D1670000DF67000094
:1008A000ED670000FB6700000968000017680000A2
:1008B000C50D0000C90D0000CD0D0000D10D0000D8
:1008C000D50D0000D90D0000DD0D0000E10D000088
:1008D000E50D0000E90D0000ED0D0000F10D000038
:1008E000F50D0000F90D0000FD0D0000010E0000E7
:1008F000050E0000090E00000D0E0000110E000094
:10090000150E0000190E0000490D0000490D0000F1
:10091000490D0000490D0000490D0000490D00007F
:1009200085970100490D0000490D0000490D0000A8
:10093000490D0000796E0100490D0000490D0000CD
:10094000490D0000490D0000490D0000490D00004F
:10095000490D0000490D0000490D0000490D00003F
:10096000490D0000490D0000490D00001D0E00005A
:10097000210E0000250E0000290E00002D0E0000A3
:10098000310E0000350E0000390E0000490D000048
:10099000490D0000490D0000490D0000490D0000FF
:1009A000490D0000490D0000490D0000490D0000EF
:1009B000490D00008D6E0100490D0000490D000039
:1009C000490D00003D0E0000490D0000490D0000DA
:1009D000490D0000490D0000396E01004D6E010007
:1009E000490D0000516E0100656E0100490D0000C7
:1009F000490D0000490D0000410E0000450E0000A9
:100A0000490D0000490D0000490D0000490D00008E
:100A1000490D0000490D0000754E01003D630100C5
:100A200099300000490D0000490D0000490D0000FB
:100A3000490D0000490D0000490D0000490D00005E
:100A4000490D0000490D0000490E00004D0E000048
:100A5000490D0000510E0000550E00000DDF010091
:100A6000398A0100590E00005D0E0000610E000081
:100A7000650E0000690E00006D0E0000490D0000BB
:100A8000490D0000490D0000490D0000490D00000E
:100A9000490D0000490D0000490D0000490D0000FE
:100AA000490D0000490D0000490D0000490D0000EE
:100AB000490D0000490D0000490D0000490D0000DE
:100AC000490D0000490D0000490D0000490D0000CE
:100AD000490D0000490D0000490D0000490D0000BE
:100AE000490D0000490D0000490D0000490D0000AE
:100AF000490D0000490D0000490D0000490D00009E
:100B0000490D0000490D0000490D0000490D00008D
:100B1000490D0000490D0000490D0000490D00007D
:100B2000490D0000490D0000490D0000490D00006D
:100B3000490D0000490D0000490D0000490D00005D
:100B4000490D0000490D0000490D0000490D00004D
:100B5000490D0000490D0000490D0000490D00003D
:100B6000710E0000750E0000790E00007D0E000071
:100B7000490D0000490D0000490D0000490D00001D
:100B8000490D0000490D0000810E0000850E000097
:100B9000890E00008D0E0000490D0000490D000077
:100BA000910E0000950E0000414E0100414E0100E3
:100BB000414E0100414E0100414E0100414E0100F5
:100BC000414E0100414E0100414E0100414E0100E5
:100BD000414E0100414E0100414E0100414E0100D5
:100BE000414E0100414E0100414E0100414E0100C5
:100BF000414E0100414E0100414E0100FFFFFFFF49
:100C000010B5054C237833B9044B13B10448AFF346
:100C100000800123237010BDA0AE00200000000062
:100C2000BC5C030008B5034B1BB103490348AFF399
:100C3000008008BD00000000A4AE0020BC5C0300E2
:100C4000A3F5803A704700BF174B002B08BF134B2A
:100C50009D46FFF7F5FF00218B460F461348144AC7
:100C6000121A27F06FF90E4B002B00D098470D4B4E
:100C7000002B00D098470020002104000D000D48F3
:100C8000002802D00C48AFF3008027F0EDF82000D8
:100C9000290014F02DFE26F089FE00BF0000080098
:100CA000000000000000000000000420A0AC0020B4
:100CB00020820220000000000000000072B61648EA
:100CC000164901600A6882F308881548804715496B
:100CD000154A164B9A42BEBF51F8040B42F8040B5A
:100CE000F8E7134A134B9A42BEBF51F8040B42F87F
:100CF000040BF8E7104B00209A42BCBF42F8040BEB
:100D0000FAE70E490E4A00209142BCBF41F8040B9D
:100D1000FAE762B60B48804708ED00E000080000E3
:100D200035320000F05D0300008000209CAC002004
:100D3000000000200000002078400020A0AC00202F
:100D400020820220490C000014F07AB85248004773
:100D5000524800475248004752480047524800470F
:100D600052480047524800475248004752480047FF
:100D700052480047524800475248004752480047EF
:100D800052480047524800475248004752480047DF
:100D900052480047524800475248004752480047CF
:100DA00052480047524800475248004752480047BF
:100DB00052480047524800475248004752480047AF
:100DC000524800475248004752480047524800479F
:100DD000524800475248004752480047524800478F
:100DE000524800475248004752480047524800477F
:100DF000524800475248004752480047524800476F
:100E0000524800475248004752480047524800475E
:100E1000524800475248004752480047524800474E
:100E2000524800475248004752480047524800473E
:100E3000524800475248004752480047524800472E
:100E4000524800475248004752480047524800471E
:100E5000524800475248004752480047524800470E
:100E600052480047524800475248004752480047FE
:100E700052480047524800475248004752480047EE
:100E800052480047524800475248004752480047DE
:100E90005248004752480047574E0100514E01004A
:100EA00001190100D1190100351A0100A9840000BF
:100EB000E18400001985000051850000898500004B
:100EC000C1850000F98500003186000069860000B8
:100ED000A1860000D9860000118700004987000024
:100EE00081870000B9870000F1870000490D0000EC
:100EF000B1A00000D1A00000F1A0000011A10000ED
:100F000031A1000051A1000071A1000091A10000D9
:100F1000B1A10000D1A10000F1A1000011A20000C8
:100F20009D9B0000A99B0000B59B0000C19B000099
:100F3000CD9B0000D99B0000059C0000399C00005F
:100F40006D9C0000A19C0000D59C0000099D000044
:100F5000490D0000490D0000490D0000490D000039
:100F6000490D0000490D0000490D0000490D000029
:100F7000490D0000490D0000490D0000490D000019
:100F8000490D0000490D0000490D0000490D000009
:100F9000490D0000B1900000490D0000490D00000E
:100FA000490D00008589000099890000C189000071
:100FB000D5890000AD890000E9890000490D0000D5
:100FC000490D0000C5A20000490D0000490D0000B8
:100FD000490D0000490D0000490D0000490D0000B9
:100FE000490D000081F0004102E000BF83F00043A2
:100FF00030B54FEA41044FEA430594EA050F08BFB4
:1010000090EA020F1FBF54EA000C55EA020C7FEA77
:10101000645C7FEA655C00F0E2804FEA5454D4EBF4
:101020005555B8BF6D420CDD2C4480EA020281EABE
:10103000030382EA000083EA010180EA020281EAF6
:101040000303362D88BF30BD11F0004F4FEA013148
:101050004FF4801C4CEA113102D0404261EB410157
:1010600013F0004F4FEA03334CEA133302D05242DD
:1010700063EB430394EA050F00F0A780A4F1010499
:10108000D5F1200E0DDB02FA0EFC22FA05F28018D3
:1010900041F1000103FA0EF2801843FA05F35941B9
:1010A0000EE0A5F120050EF1200E012A03FA0EFC38
:1010B00028BF4CF0020C43FA05F3C01851EBE37162
:1010C00001F0004507D54FF0000EDCF1000C7EEB7F
:1010D00000006EEB0101B1F5801F1BD3B1F5001FBD
:1010E0000CD349085FEA30004FEA3C0C04F10104DC
:1010F0004FEA445212F5800F80F09A80BCF1004F05
:1011000008BF5FEA500C50F1000041EB045141EA86
:10111000050130BD5FEA4C0C404141EB0101013C4F
:1011200028BFB1F5801FE9D291F0000F04BF01463E
:101130000020B1FA81F308BF2033A3F10B03B3F110
:1011400020020CDA0C3208DD02F1140CC2F10C02A0
:1011500001FA0CF021FA02F10CE002F11402D8BFFE
:10116000C2F1200C01FA02F120FA0CFCDCBF41EACA
:101170000C019040E41AA2BF01EB0451294330BD99
:101180006FEA04041F3C1CDA0C340EDC04F1140476
:10119000C4F1200220FA04F001FA02F340EA03004D
:1011A00021FA04F345EA030130BDC4F10C04C4F193
:1011B000200220FA02F001FA04F340EA0300294673
:1011C00030BD21FA04F0294630BD94F0000F83F4BD
:1011D000801306BF81F480110134013D4EE77FEAA0
:1011E000645C18BF7FEA655C29D094EA050F08BFEC
:1011F00090EA020F05D054EA000C04BF19461046CD
:1012000030BD91EA030F1EBF0021002030BD5FEA10
:10121000545C05D14000494128BF41F0004130BD38
:1012200014F580043CBF01F5801130BD01F000458C
:1012300045F0FE4141F470014FF0000030BD7FEAFF
:10124000645C1ABF194610467FEA655C1CBF0B46FA
:10125000024650EA013406BF52EA033591EA030F11
:1012600041F4002130BD00BF90F0000F04BF002109
:10127000704730B54FF4806404F132044FF000053C
:101280004FF0000150E700BF90F0000F04BF0021B5
:10129000704730B54FF4806404F1320410F000451B
:1012A00048BF40424FF000013EE700BF42004FEA16
:1012B000E2014FEA31014FEA02701FBF12F07F4393
:1012C00093F07F4F81F06051704732F07F4208BF4A
:1012D000704793F07F4F04BF41F40021704730B551
:1012E0004FF4607401F0004521F000411CE700BF9D
:1012F00050EA010208BF704730B54FF000050AE020
:1013000050EA010208BF704730B511F0004502D520
:10131000404261EB41014FF4806404F132045FEA22
:10132000915C3FF4D8AE4FF003025FEADC0C18BFCB
:1013300003325FEADC0C18BF033202EBDC02C2F1BD
:10134000200300FA03FC20FA02F001FA03FE40EA4F
:101350000E0021FA02F11444BDE600BF53B94AB9A8
:10136000002908BF00281CBF4FF0FF314FF0FF30AD
:1013700000F0BCB9ADF1080C6DE904CE00F054F8F2
:10138000DDF804E0DDE9022304B07047430803F010
:101390005533C01A830803F0333300F03330184458
:1013A00000EB101000F00F3000EB002000EB0040CD
:1013B000000E704708B502460B4643EC172BB5EEFE
:1013C000C07BF1EE10FA03D4BDE8084000F00CB881
:1013D000B1EE477B51EC170B00F006F8404261EB91
:1013E000410108BD000000009FED0B6B41EC170BA5
:1013F0009FED0B5B27EE066BBCEEC66BB8EE464B63
:10140000A4EE457BFCEEC77B16EE101A17EE900A91
:10141000704700BFAFF30080000000000000F03D07
:10142000000000000000F0412DE9F047089D04464F
:101430008C46002B40F083808A42174647D9B2FA87
:1014400082F242B1C2F1200024FA00F091409740AC
:1014500040EA010C94404FEA1748230CBCFBF8F615
:101460001FFA87FE08FB16C143EA014306FB0EF193
:10147000994209D9FB1806F1FF3080F01981994291
:1014800040F21681023E3B445B1AA4B2B3FBF8F073
:1014900008FB103344EA034400FB0EFEA64509D9BD
:1014A0003C1900F1FF3380F00581A64540F202812E
:1014B00002383C4440EA0640A4EB0E0400261DB16D
:1014C000D4400023C5E900433146BDE8F08702B9A6
:1014D000FFDEB2FA82F2002A50D1CB1B4FEA174E40
:1014E0001FFA87F80126B3FBFEFC210C0EFB1C3310
:1014F00041EA034108FB0CF38B4207D979180CF140
:10150000FF3002D28B4200F2E9808446C91AA3B2AE
:10151000B1FBFEF00EFB101143EA014408FB00F89A
:10152000A04507D93C1900F1FF3302D2A04500F2D3
:10153000D9801846A4EB080440EA0C40BFE78B4270
:1015400009D9002D00F0B1800026C5E90001304620
:101550003146BDE8F087B3FA83F6002E4AD18B42BC
:1015600002D3824200F2B880841A61EB03010120A9
:101570008C46002DA8D0C5E9004CA5E7C2F1200398
:1015800020FA03F6974001FA02F04FEA174ED940CD
:101590003043030CB1FBFEF61FFA87F80EFB161161
:1015A00043EA014306FB08F1994204FA02F409D91F
:1015B000FB1806F1FF3C80F08D80994240F28A8052
:1015C000023E3B445B1A81B2B3FBFEF00EFB1033CC
:1015D00041EA034100FB08F38B4207D9791800F177
:1015E000FF3C73D28B4271D902383944CB1A40EA9E
:1015F000064678E7C6F1200C03FA06F422FA0CF34B
:101600001C4320FA0CF701FA06F34FEA144E21FAB4
:101610000CF11F433B0CB1FBFEF91FFA84F80EFBE3
:10162000191143EA014109FB08FA8A4502FA06F258
:1016300000FA06F308D9611809F1FF3048D28A454B
:1016400046D9A9F102092144A1EB0A01BFB2B1FBBD
:10165000FEF00EFB101147EA014700FB08F8B84501
:1016600007D9E71900F1FF312ED2B8452CD902383D
:10167000274440EA0940A7EB0807A0FB02894F4531
:10168000C64649461AD317D05DB1B3EB0E0267EBDD
:10169000010707FA0CFCF2404CEA0202F740C5E9E8
:1016A000002700263146BDE8F0872E4628460BE786
:1016B0000646E9E61846FDE64345E5D2B8EB020EDC
:1016C00069EB04010138DFE70846D2E760468DE7A1
:1016D0008146B9E7664675E730464AE7ACF1020C49
:1016E000394413E702383C4424E700BF704700BF89
:1016F00001F0FF01102A2BDB10F0070F08D010F8C3
:10170000013B013A8B422DD010F0070F42B3F6D1C6
:10171000F0B441EA012141EA014122F007047FF0DF
:1017200000070023F0E80256083C85EA010586EA36
:10173000010685FA47F5A3FA87F586FA47F6A5FA72
:1017400087F68EB9EED1F0BC01F0FF0102F007027E
:1017500032B110F8013B013A83EA010313B1F8D129
:101760000020704701387047002D06BF354603380A
:10177000073815F0010F07D1013015F4807F02BF43
:10178000013015F4C03F0130F0BC0138704700BF94
:1017900010F8012B11F8013B012A28BF9A42F7D01B
:1017A000D01A7047034613F8012B002AFBD1181AF0
:1017B000013870470022C0E9002282607047002291
:1017C000C0E90022826070470022C0E900228260E6
:1017D00070470120704703681B6A184703685B6AFB
:1017E00018472029F0B511D0D0F8B44100232425A2
:1017F00000F118069C4209D005FB03F2B7588F424E
:1018000002D104321044F0BD0133F3E70020FAE7BF
:101810007047704710B504464FF4FE7125F0CBF8C1
:10182000204610BDD0F8F4210C2A38B50DD800F5AB
:10183000DC7400239A420CD014F8015B8D4206D16F
:1018400000EB8300D0F8C40138BD26F051F8013315
:10185000F0E70020F8E7F8B505460F4606460024F5
:10186000D5F8B431A34210D9B369202B02D001348A
:101870002436F5E73946F069FFF78AFF0028F6D1EC
:10188000242000FB04500430F8BD0020FCE70000D9
:10189000F8B54FF47A7446000025094F6143B1FB57
:1018A000F4F439780020013581F00101397013F02A
:1018B00033FD204611F076FEAE42F2D1F8BD00BFF6
:1018C000C8C2002070B50D4E3378BFF35B8F13F0A4
:1018D000010410D1304625F072F860B1084D304651
:1018E000084B85F8544F2B6025F075F8064A2846BA
:1018F000064925F059F8024870BD00BF08AF002026
:101900000CAF0020381503000080002013180000E1
:101910000368C01A03888B428CBF405A002070476E
:1019200010B506210446FFF7F3FF10B12318205825
:10193000184410BD254B022213B518680023806897
:10194000194627F0E1F94FF4FA710320FFF7A0FFE1
:101950001F4827F057F9012010F060FC1D4B18605C
:1019600038B91D4827F04EF964210220FFF790FF97
:10197000FAE7012010F052FC184B186038B91848EB
:1019800027F040F964210220FFF782FFFAE7FFF712
:1019900099FF012118F024FE0024FFF793FF012195
:1019A00018F006FE0F4827F02DF9022340F68C228E
:1019B0000D490E48CDE90034234611F0A5FC204620
:1019C00002B0BDE8104012F0B7B800BFC8AA0020AE
:1019D00070C30200C0C20020A6C3020064BE002083
:1019E000C3C30200DFC30200F9C30200711F00007D
:1019F00008B4F0B50E461146044682B0C81D00AFCB
:101A000020F0070007F11C03ADEB000D53F8042B89
:101A10006D463B602846B04704F108030F2805EBEC
:101A200000062360786007D90022391D204625F082
:101A300067F97B682060A36032462946206825F05C
:101A4000D5F97B6822680021204608376360D154AD
:101A5000BD46BDE8F04001B070470000B7EEC00AD7
:101A6000054B3A2213B5044604498DED000BFFF7F0
:101A7000BFFF204602B010BD07C40200759F0200E0
:101A800010B50446006808B124F093FF204610BD4D
:101A9000D0F8B4310B2B2DE9F041054688461446A9
:101AA0000BD9D0F8F80110B90120BDE8F0810A4641
:101AB0000C23134934F050F9F6E703685B6A984742
:101AC000064640B1D5F8F8010028EDD042460D4950
:101AD00034F042F9E8E7D5F8B47124207B1C00FB10
:101AE0000757C5F8B4313D1D0FCC0FC50FCC0FC53E
:101AF000236830462B602023C7E90638D5E700BFAE
:101B00000AC402004CC4020070B505460C464CB134
:101B1000E1682846FFF7F8FFA668204624F049FF51
:101B20003446F4E770BD10B50446806B30B183686D
:101B3000013B836013B90368DB68984704F1080030
:101B40002169FFF7E1FF204610BD000020292DE9A3
:101B5000F843054688461446994609D1D0F8F8015D
:101B600010B90120BDE8F883204934F0F5F8F8E712
:101B700003681B6A9847074640B1D5F8F80100286A
:101B8000EFD042461A4934F0E7F8EAE7D5F8B4C195
:101B9000BCF10B0F09D9D5F8F8010028E1D00C23CE
:101BA0004246144934F0D8F8DBE74FF0240E0EFB20
:101BB0000C5E0FCC0EF104060FC60FCC0FC62368C7
:101BC0003846D5F8F42133600CF10103CEF81880C3
:101BD000C5F8B431AB1883F8B88105EB8203013244
:101BE000C3F8C491C5F8F421BCE700BF98C4020053
:101BF000DDC402002CC502000A68002302604A68A6
:101C00000B6042608A68C1E901338260704730B579
:101C10000D688368D0E9004205604D6845608D68B5
:101C200085608B60C1E9004230BD1FB500230C46C2
:101C3000CDE901330393FFF7EAFF214601A8FFF73F
:101C4000E6FF01A8FFF71CFF04B010BD2DE9F04F1F
:101C50009946531E4FF00C0B85B003EBD37305462A
:101C6000884616464FEA630A0C465B46A2451BDDD2
:101C7000671C7F007A1E0BFB07F168580BFB02F113
:101C8000695890ED017A03FB0450D1ED017AB4EE6E
:101C9000677AF1EE10FAC8BF174603FB07513C46BE
:101CA000FFF7C3FF0C23E1E7F30710D4023E06EB76
:101CB000D676B4EB660F0AD161000C204E1C01FBF6
:101CC000000100FB045034462944FFF7AEFF661EB6
:101CD0000C27494601A806EBD676FFF78DFF761054
:101CE000A04507FB045015DA07FB06F3E918EB588B
:101CF00093ED017A019BD3ED017AB4EEE77AF1EE30
:101D000010FA07DDFFF791FF731E344603EBD37320
:101D10005E10E5E701A9FFF788FF01A8FFF7B0FE15
:101D200005B0BDE8F08F000070B5054688B00C46E0
:101D30001646114602A8641BFFF75EFF294630468F
:101D4000FFF773FF0A4AA41002A905A86243019293
:101D5000FFF752FF05AB019A00212846FFF776FFF7
:101D600005A8FFF78DFE02A8FFF78AFE08B070BD38
:101D7000ABAAAAAA1FB50446014601A8FFF73CFF7B
:101D80002046019A0C3C50F80C3C92ED017AD3EDC0
:101D9000017AB4EEE77AF1EE10FA03DD2146FFF79F
:101DA00044FFEDE701A9FFF740FF01A8FFF768FE38
:101DB00004B010BD88422DE9F043054685B00F46BA
:101DC00033D000F10C04DFF86880A7422DD02646FE
:101DD0002B6856F80C2BD3ED017A92ED017AB4EE14
:101DE000E77AF1EE10FA1CDD2146641BB14601A82A
:101DF000A410FFF701FF08FB04F4002C08DDA9F193
:101E00001801A9F10C09013C4846FFF70EFFF4E761
:101E1000284601A9FFF709FF01A8FFF731FE344664
:101E2000D3E72046FFF7A6FFF9E705B0BDE8F0834A
:101E3000ABAAAAAA2DE9F04F4FF00C0B89B00446CB
:101E4000174698460D46DFF824A100EB0B092E1B20
:101E5000C02E40F38880B6100AFB06F647BBB71EBB
:101E60004FF00C087F1008FB074102A8FFF7C4FEE3
:101E700002A905A8FFF7C0FE204605AB3246394649
:101E8000FFF7E4FE05A8FFF7FBFD67B902A8FFF71F
:101E9000F7FD2B1B0C3D0C2B65DD2A462946204601
:101EA000FFF742FFF5E702A8013FFFF7E9FDDAE798
:101EB0007610E368013F0BFB06F6D3ED016AA359E8
:101EC000A11993ED017A55F80C3CF4EEC76AD3EDF5
:101ED000017AF1EE10FA32DDB4EEE77AF1EE10FAA3
:101EE00025DD20464E46FFF792FE29462368D3EDB6
:101EF000017A336893ED017AB4EEE77AF1EE10FAE5
:101F00002FDCA1F10C0319460C3B0A6892ED017A13
:101F1000F4EEC77AF1EE10FAF5DC8E421CD32946B6
:101F200043463A4630463546FFF784FF8FE7F4EEE6
:101F3000E76AF1EE10FA07DDA5F10C01D1E7F4EE46
:101F4000E76AF1EE10FA01DD4946CAE7B4EEE77A36
:101F5000F1EE10FAC5DDEFE730460191FFF757FECD
:101F600001990C36C2E709B0BDE8F08FABAAAAAA66
:101F70002DE98048ADF56B7D11F0FCF90023109040
:101F80001FA98F482193CDE91F3313F0F9F80446B8
:101F900030B98B498B4826F035FE204611F0CCFD38
:101FA0001F9C23681C442046FFF7BAFCD0B10026D2
:101FB000854D2046FFF7B4FC03689E4212D20430E0
:101FC0000A2100EB860750F826301F443846FFF7F9
:101FD0009FFC00B13858C2B231462846013626F07F
:101FE00011FEE6E7794C2378BFF35B8FDB070ED455
:101FF000204624F0E4FC50B1754818F015FD204649
:1020000024F0E9FC734A7449714824F0CDFC0222A3
:102010006F491DA819F034FD1D9C2CB96F4826F09E
:10202000F1FD204611F088FD19AD6D4B00243EA84E
:102030002B606C4BD8946B93CDE9E84433F078FE79
:10204000694B3EAA06216BA8FFF780FD33F0B0FE76
:10205000664902466BA8FFF71BFD3EA833F074FEED
:10206000634B3EAA22216BA8FFF770FD3EA833F018
:1020700057FE604B3EAA03216BA8FFF767FD3EA801
:1020800033F082FE5C4B3EAA04216BA8FFF75EFD95
:102090003EA833F06DFE594B3EAA17216BA8FFF7FF
:1020A00055FD3EA833F08CFE554B3EAA11216BA87E
:1020B000FFF74CFD3EA833F03FFE514B3EAA0121F5
:1020C0006BA8FFF743FD3EA833F05AFE4D4B3EAAE6
:1020D00009216BA8FFF73AFD3EA833F0FDFD4A4BFE
:1020E0003EAA12216BA8FFF731FD3EA833F038FE5F
:1020F000464B3EAA21466BA8FFF728FD19F07AFF50
:10210000434902466BA8FFF7C3FC1F994FF4000335
:102110006BAA0868009301443E4B3EA80195CDE9A7
:10212000024433F0F9FD3EA833F032FE28B13A48BC
:1021300026F068FD204611F0FFFC3E9C0821204659
:10214000FFF7E6FB002800F05485211822588B1871
:102150008A5832B9314B40F20111314A314825F0E9
:10216000CFFB1C1D5B6806211C442046FFF7D0FBFB
:10217000002800F03E8522182358D358012B05D0A3
:10218000294826F03FFD002011F0D6FC00213EA892
:1021900033F0F2FD836825499A68DD68244B0A9084
:1021A00000201D6055430A6017F0F2FA45430C20E9
:1021B00024F014FC0446002D3EDA1E4824F0DCFC1A
:1021C00062C902006FC502008AC50200BCAE0020D1
:1021D000C0AE002000800020271B0000AEC502001A
:1021E000846E252024C9020051B52420D5C50200E3
:1021F00055B5242035B62420C9B6242065B5242041
:1022000063B8242069B7242019B82420D5B5242028
:1022100050C9020000000081F2C5020014C602008D
:102220001FC6020019C702005FC7020068BE002077
:10223000C4C200208EC702004FF00003C0E9003383
:102240008360284601D024F0C9FB46192060A660AF
:102250001DB12A46002125F075FE604B0021666005
:102260003EA81C6033F080FD01210C903EA8B6EE24
:10227000009A33F079FD0C9B90ED03AA00269B6831
:1022800089EE0A0A0D90DB68554F13938368DB686B
:1022900011930A9B93ED038A1D690C9BD3ED039A5E
:1022A000D3ED04AA03690E9325F0F0FA0E9B1844AF
:1022B00080F308044B48E3B2149326F0A3FC0A9B76
:1022C0009A681368B34207DD02EB8602384601368E
:1022D000516826F097FCF2E7B7EECA7A0E9B4248A7
:1022E00008930994CDED04AA00958DED067BB7EE19
:1022F000E97A8DED027BB7EEC87A53EC172B26F006
:1023000081FC11F037F801211290084613F004F80F
:10231000364B4FF0FF31186810F074F9012804466D
:1023200040F04882202200212EA82C4F25F00AFEE2
:102330002F4BD3F800902F4BD3F800803B681D68DB
:10234000FFF7C0FA8DF8D44003232EAC3495CDF8B6
:10235000C880064636ADCDE930390FCC0FC594E8BC
:102360000F0085E80F0000232020CDE928332A93B1
:1023700024F034FB0DF1D80C00F1200E0446289017
:10238000CDF8A8E0CDF8A4E0BCE80F000FC495E8B4
:102390000F0084E80F0028A9304617F0A5FE044678
:1023A000289808B124F005FB2CB9134826F02AFC24
:1023B000129B1093A5E70021012012F0ADFF3B68AE
:1023C000D3E900120A9B521A586825F093FD3EA8E3
:1023D00033F0FAFCA0B10948E8E700BF6CBE00206A
:1023E000CCC70200BFC70200D0C70200C0C2002095
:1023F00068BE0020C4C2002033C8020060C80200CA
:102400000D9B0646804605465B68044607461593C5
:102410000C9BD3F804900923B7FBF3F303EBC3033E
:10242000FB1A1693159B33440F9300230B930B9BBE
:10243000119A934200F08D810F9A12F8013B0F928E
:10244000149A934240F2318144F24F639F4200F26A
:102450002F81B7F5615F34BF00210121D74BF8EE22
:10246000EA6A0DF1D80B53F82100D54BB7FBF0F217
:1024700003EB810300FB1272D3ED007A0923B2FB58
:10248000F3F308EE903ACF4BF8EEE88A03EB8103C2
:1024900068EEA78AE7EE898AD3ED007ACA4B53F833
:1024A000213001EBC101FB1AB3FBF0F308EE103A47
:1024B000169B1944C54BB8EE488A03EB8103D3ED54
:1024C00000BA28EE278AC24B03EB810199F801304C
:1024D000A7EE898A07EE103A99F8003091ED00BA1C
:1024E00007EE903A99F80330B8EE477A00EE103ACA
:1024F000F8EE677A99F80230B8EE400A37EE667A5D
:102500000CEE103A77EEE67A30EE660A27EE297A7C
:1025100067EEA97A20EE290AB8EE4CCAE7EE2B8ABC
:10252000B7EEC00AA7EE8B8A3CEE66CA24F058FFCD
:10253000B7EEEB7A2CEE29CA27EE000BF7EEC0BB04
:10254000B7EECC0A24F04CFFF0EE686AB7EECB7A17
:1025500028AB1AAA36A8EBEEC96A1BA927EE000B16
:102560004FF0000CCDF8D8C0F7EE007AB0EE487A04
:10257000CDED1A6AEBEE898AF4EEE76ACDED287AA2
:10258000B7EEC00BF1EE10FAA0EE497AA0EE098A80
:10259000CDED1C8AC8BF1A46D2ED006AF5EE406A3E
:1025A0008DED1B7A8DED228AF1EE10FAB4EEE77A0A
:1025B00048BF0246F1EE10FA106836AAD8BF0B46A3
:1025C000002193ED007AB5EE407AF1EE10FAF4EEC8
:1025D000E78A48BF134636AAF1EE10FAD3F800C0D6
:1025E00036914FF00001CCBF28AB1CAB93ED007AC5
:1025F000B5EE407A9DED0B7AB8EE477AF1EE10FA1F
:10260000B4EEE78A48BF13460E9AF1EE10FAD3F8FB
:1026100000E0CDED287ACCBF28AB22AB3691D3EDCC
:10262000007AF5EE407AF1EE10FA48BF5B46196881
:102630000F9B13F8013C399018209B1ACDF8ECE061
:102640008DED367A07EE903A0023CDF8E0C0F8EE33
:10265000E77A2A933A9167EE8A7ACDE92833CDED6D
:10266000377A24F0BBF95B4600F1180E02460DF1F3
:10267000F00B2890CDF8A8E09C460832BCE8030097
:10268000DC4542F8080C42F8041C6346F4D1A84526
:10269000CDF8A4E013D02846A2460C3528A9FFF7B0
:1026A000ABFA544628A8FFF7EBF90B9B0133BDE6C4
:1026B00044F6D3118F4294BF02210321CEE6A8EB4A
:1026C0000408444B4FEAA80B03FB0BFB424B9B4512
:1026D00001D1424872E55A46012A38BF01221BEB5C
:1026E000020B80F08482BBF1000F09D09B4528BF0C
:1026F0009B460C2000FB0BF024F070F9824600E0B2
:10270000DA4628A90AEB0800FFF776FAD0462146F8
:10271000A9420CD040461791FFF76EFA179908F1BD
:102720000C080846FFF7ACF917990C31F0E70D1BC0
:102730002B4BAD085D4325F0404514B1204624F0F5
:1027400038F94FF00C0805FB088508FB0BA8554429
:10275000A7E7119B01371E44139B994444F6B52308
:102760009F427FF458AE00231E481A46194600685F
:102770000FF038FCA5423BD02E1B164A29462046B6
:10278000B3105A434FF00003B2FA82F2C2F11F02B3
:102790005200FFF74FFBC02E26DD04F1C006204695
:1027A0003146FFF707FBAE4222D030460C36FFF72A
:1027B000E1FAF8E700252C46DCE700BF90C90200EB
:1027C000C0CA0200C0CA020080C90200A0C902003B
:1027D00030CA0200ABAAAAAAAAAAAA0A7AC8020008
:1027E000ABAAAA2AC0C2002029462046FFF7E2FA77
:1027F0000023DFF83091DFED498A2E1BB61009FB6C
:1028000006F69E4240F2908003F101080C279FEDEE
:10281000448A5F43C2462B1B9B1009FB03F39A4576
:1028200071D2E359D3ED023A93ED033A93ED046A82
:10283000D3ED055A0C2303FB0AF3E018E35893ED9C
:10284000034AD3ED024AB4EEC43AD3ED057A93EDD0
:10285000045AF1EE10FAF4EEE43A54BFB0EE432A13
:10286000B0EE442AF1EE10FAF4EEE75A54BFF0EE5F
:10287000632AF0EE642AF1EE10FAB4EEC56A37FE70
:10288000A57A37EE427AF1EE10FA77EEC47AB5EE19
:10289000C07A75FE066A35EE645A76EEE26AF1EEAB
:1028A00010FA75EEC35AF5EEC06A36EE636A37FE6B
:1028B000087A67EE857AF1EE10FAE5EE867A76FE12
:1028C000886A27EE267A77EEC77AF5EEC07AF1EEBF
:1028D00010FA20DDC7EE276AF4EEE86AF1EE10FA8E
:1028E00019DD00F10C06AE420FD0AE1BB61009FB8D
:1028F00006F6002E00F10C0B07DD5946013EFFF7EE
:1029000094F95846F5E7434677E70C3D0AF1FF3A5C
:102910002846FFF7B5F80AF1010A7CE79A99993E33
:1029200000000000ABAAAAAA129B052E109A274607
:10293000B14928BF0526981AB04B10224FF0000865
:1029400000902EA8FFF754F8AD4A00212EA824F0DD
:10295000C9FB014636A8DFF8E4B224F08DFAA94994
:1029600036A8DFF8949224F0F9FB014622A8DFF89C
:10297000D0A224F081FA36A824F0E4F92EA824F09D
:10298000E1F9A14922A824F0FFFBB04500F0EA805C
:102990003B681022494628A8D3ED007A5B46FDEE3D
:1029A000E77ACDED007AFFF723F85246002128A8F8
:1029B00024F098FB01462EA824F05EFA91492EA837
:1029C00024F0CCFB014636A824F056FA36A922A8FA
:1029D00024F0C0FB36A824F0B5F92EA824F0B2F9F3
:1029E00028A824F0AFF93B6828A893ED010AFFF767
:1029F00035F8864A002128A824F074FB01462EA849
:102A000024F03AFA7F492EA824F0A8FB014636A804
:102A100024F032FA36A922A824F09CFB36A824F030
:102A200091F92EA824F08EF928A824F08BF93B68A0
:102A300028A893ED030AFFF711F8754A002128A88A
:102A400024F050FB01462EA824F016FA6D492EA85A
:102A500024F084FB014636A824F00EFA36A922A8F9
:102A600024F078FB36A824F06DF92EA824F06AF93A
:102A700028A824F067F93B6828A893ED020AFEF71E
:102A8000EDFF644A002128A824F02CFB01462EA863
:102A900024F0F2F95B492EA824F060FB014636A829
:102AA00024F0EAF936A922A824F054FB36A824F031
:102AB00049F92EA824F046F928A824F043F93B68E8
:102AC00028A893ED050AFEF7C9FF534A002128A85C
:102AD00024F008FB01462EA824F0CEF949492EA87F
:102AE00024F03CFB014636A824F0C6F936A922A8FA
:102AF00024F030FB36A824F025F92EA824F022F982
:102B000028A824F01FF93B6828A893ED040AFEF7D3
:102B1000A5FF424A002128A824F0E4FA01462EA885
:102B200024F0AAF93E492EA824F018FB014636A845
:102B300024F0A2F936A922A824F00CFB36A824F030
:102B400001F92EA824F0FEF828A824F0FBF8731E43
:102B5000434503D02B4922A824F016FB08F10108B5
:102B60000C3712E72F4922A824F00EFB239A40F2DB
:102B70004D439A420DD92C48264626F043F822A808
:102B800024F0E0F8AE422AD030460C36FEF778FF4B
:102B9000F8E7264E4FF0FF3130680FF033FD012883
:102BA00009D12299224826F03DFA002330681A46BE
:102BB00019460FF017FA1E4926461E4826F022F83D
:102BC0001D4B1B68986824F0C7FF22A824F0BAF8B0
:102BD000AE4204D030460C36FEF752FFF8E7002C28
:102BE0003FF4E6AB204623F0E4FEFFF7E1BB9B4653
:102BF0007FE50368FFDE00BF759F020094C80200F6
:102C000098C80200A3C80200A6C80200BDC80200FE
:102C1000C7C80200D0C80200D9C80200E2C802003A
:102C2000ECC80200EBC80200EEC8020064BE00203F
:102C300070BE0020ADEF0200C8AA0020B2C802009A
:102C4000B5C8020010B5044640F6587123F0B3FE33
:102C5000204610BD13B5019012F004F8044618B1D7
:102C6000019A002125F06EF9204602B010BD11F046
:102C7000FBBFEFF305835BB1EFF311834FF020024D
:102C800082F31188BFF36F8FBFF34F8F03607047DC
:102C90000EF048BEEFF3058313B180F3118870473F
:102CA0000EF06EBE10B5044630B9084B40F2ED117F
:102CB000074A084824F024FE04200FF0AFFA10B1B0
:102CC0002060002010BD43F2DD70FBE738CB02002E
:102CD00084CB0200E3CA020008B530B90B4B40F2C6
:102CE0000A210B4A0B4824F00BFE4B1C00681EBF48
:102CF0004FF47A735943B1FBF3F10FF071FD0028E3
:102D000043F2DE7018BF002008BD00BF38CB0200C0
:102D100094CB0200E3CA020008B530B9074B40F279
:102D20002A21074A074824F0EBFD00680FF04CFA0F
:102D3000002843F2DD7018BF002008BD38CB020028
:102D4000A2CB0200E3CA020008B530B9054B4FF42C
:102D50001071054A054824F0D3FD00680FF0B6FD58
:102D6000002008BD38CB0200B2CB0200E3CA02004B
:102D700038B50D46044630B9084B4FF41471084A73
:102D8000084824F0BDFD0EF0C7FB206010B1002004
:102D9000257138BD43F2DD70FBE700BF4CCB02006C
:102DA000C3CB0200E3CA020037B50025019530B954
:102DB000144B40F26A21144A144824F0A1FD006823
:102DC000E8B1EFF30584B4B101AA0EF0EFFC0128DD
:102DD00004D00F4B4FF41E710B4AEDE7019840B140
:102DE0000C4B4FF080521A60BFF34F8FBFF36F8FC1
:102DF000284603B030BD0EF04FFC2046F9E743F201
:102E0000DD70F6E74CCB0200D3CB0200E3CA020030
:102E100060CB020004ED00E073B5069D30B9114BA4
:102E200040F2E121104A114824F06AFD066821F0C1
:102E30007F449EB101793046009313460A1E214615
:102E400018BF01220EF076FB204005B12860002853
:102E500043F2DE7018BF002002B070BD43F2DD7097
:102E6000FAE700BF4CCB0200E0CB0200E3CA02004D
:102E700008B530B9074B40F21731074A074824F02C
:102E80003FFD006818B10EF063FC002008BD43F25E
:102E9000DD70FBE74CCB0200EECB0200E3CA020080
:102EA00010B504460846114634B9084B40F22D319E
:102EB000074A084824F024FD00220FF013F810B14F
:102EC0002060002010BD43F2DD70FBE771CB0200F3
:102ED000FFCB0200E3CA020013B530B9144B40F235
:102EE0004931144A144824F00BFD00240068019471
:102EF000EFF305839BB1234601AA0FF0A1F9012846
:102F000012D1019B13B9002002B010BD0B4B4FF042
:102F100080521A60BFF34F8FBFF36F8FF3E71A46EB
:102F20000FF060F80128EED043F2DD70ECE700BF4F
:102F300071CB02000ECC0200E3CA020004ED00E0F7
:102F400008B530B90B4B40F271310B4A0B4824F0F5
:102F5000D7FC531C00681EBF4FF47A735A43B2FB70
:102F6000F3F20FF08FFA012843F2DE7008BF002061
:102F700008BD00BF71CB02001ACC0200E3CA0200F8
:102F800008B530B9054B40F2A131054A054824F097
:102F9000B7FC00680FF09AFC002008BD71CB02005E
:102FA00026CC0200E3CA020007B5186C01A99A6397
:102FB0000FF0DEF9019B3BB1054B4FF080521A60D8
:102FC000BFF34F8FBFF36F8F03B05DF804FB00BFFB
:102FD00004ED00E02DE9F0410D4616461F4604467B
:102FE00030B329B34422002124F0ACFF04200FF0B9
:102FF00015F9E06348B10322002101200EF072FFB1
:10300000206420B9E06B0FF061FC01200EE0A046C7
:103010003A463146284648F8045B06F047FB284606
:103020002346044A414606F0C7FB0020BDE8F08174
:103030000420FBE7A92F00004FF0FF31C06B0FF019
:10304000CFBBC06B0FF0C0B837B504460191FFF796
:10305000F3FF012813D1019A211D206806F0E8FB37
:10306000054628B12046FFF7ECFF284603B030BDE7
:103070004FF0FF31206C0FF0C5FAA56BF2E74FF46B
:103080006175F2E70123024A1370024A93607047A8
:10309000D0C2002000000F40FFF7F4BF2DE9F84335
:1030A0002C4B1C68844228BF044604B32A4E2B4D87
:1030B0003368DFF8B49023F00103D9F8008033605F
:1030C0002B6823F001032B6072B6BFF34F8FBFF361
:1030D0006F8F10F08DFF224F58B9AB686B602B6873
:1030E00043F001032B603B68013B6B6062B6BDE8B7
:1030F000F883013C08FB04F33361336843F00103B8
:103100003360BFF34F8F30BFBFF36F8F154B00227B
:103110001A7062B600BF1978B1B11A700E4A0F4D1D
:10312000136823F0010313600EF0FCFB2B682046AC
:1031300043F001032B6010F017FC3B68013B6B6010
:10314000BDE8F8430EF01CBC746AD9F80000B4FB6B
:10315000F0F4E3E7D8C2002000000F4010E000E0E8
:10316000D4C20020D0C20020CCC200200C4B64226C
:103170001A6002220B4B1A606FF000420A4B1A6071
:103180000A4B4FF08072DA60002243F8F02C43F8CB
:10319000E82C632243F8EC2C032243F8F02C704710
:1031A000D4C20020CCC20020D8C2002000E100E040
:1031B0000B1E10DD00F01F011944BFF34F8F064AAC
:1031C0000144C2F85C0220300B1A002BF9DCBFF37B
:1031D0004F8FBFF36F8F704700ED00E00B1E10DDC7
:1031E00000F01F011944BFF34F8F064A0144C2F893
:1031F000680220300B1A002BF9DCBFF34F8FBFF3AE
:103200006F8F704700ED00E00B1E10DD00F01F0116
:103210001944BFF34F8F064A0144C2F870022030B0
:103220000B1A002BF9DCBFF34F8FBFF36F8F704782
:1032300000ED00E03C4A08B5D2F8883043F4700352
:10324000C2F88830394A1388580705D5138823F007
:1032500004031B041B0C1380354A1388590705D53A
:10326000138823F004031B041B0C1380314B1A68D2
:1032700092044CD5304A5A604FF6FF729A601A6831
:1032800022F0A00242F020021A602C4B1A6890042F
:1032900043D5294A5A604FF6FF729A601A6822F0A5
:1032A000A00242F020021A60254B1A68D10703D50C
:1032B0001A6822F001021A601B4B5A69920315D456
:1032C0005A6912F4003211D1BFF34F8FBFF36F8FE1
:1032D000C3F85022BFF34F8FBFF36F8F5A6942F488
:1032E00000325A61BFF34F8FBFF36F8F154A136FD0
:1032F00023F4005313670C4A536943F010035361DE
:10330000BFF34F8FBFF36F8F00F04AF808BD4CF248
:1033100020525A604DF62812ADE74CF220525A6006
:103320004DF62812B6E700BF00ED00E000000340B4
:10333000004003400080034020C528D90000C14060
:1033400010E000E000400E4010B5C4010E4A04F148
:10335000814402EBC00004F598042368C3F3022300
:10336000C05C04F0BDFB23680246DBB201339A4225
:10337000B0FBF3F006D2054B40F6C501044A054800
:1033800024F0BEFA10BD00BFBECC020036CC020055
:10339000A7CC02003BCC0200004870479CC3002031
:1033A00008B511F0C3FC08BD10B592B00420FFF7BA
:1033B000CBFF14220446002101A824F0C3FD3022D3
:1033C000002106A824F0BEFD01A807F047FB012359
:1033D00001A919488DF8043007F068FB04234FF069
:1033E000004216498DF818304FF480331248CDE969
:1033F000072303F10133124A03F102230993114B0E
:10340000B2FBF4F2CDE90A131E2300218DF830300F
:10341000A023534306AA0D9341F68463CDE90F33ED
:1034200040F20123ADF84430234607F0FDFBB0FA2B
:1034300080F0400912B010BD00400D401212780F0C
:1034400000CA9A3B2A2A463C7FB5684603F086FCB0
:10345000074B694607480093074B0193074B0293BC
:10346000074B039303F0C0FD07B05DF804FB00BFFA
:10347000DCC20020000044400CC300203CC30020FC
:103480006CC3002010B5E4B04FF49E72002115AC5F
:10349000204624F057FD1420FFF756FF4FF4003369
:1034A00030212060A3600223009402A8E38140F24F
:1034B000033323820C23E3744FF40063C4E909331C
:1034C0004023E3622023C4E90D13074C019405F067
:1034D000BFFB02A9204605F001FB0449684602F043
:1034E0006FFA64B010BD00BF00C00C409CC3002048
:1034F00038B5044611F02AFC02F0DEF800F056FB65
:1035000001F0A8FD0CB101F099FDFFF74DFF10B9D6
:103510000B4825F077FB0B4D0B4C0C480C4A641BF9
:103520000C49121A24F0E6FC22460021284624F019
:1035300009FDFFF789FFBDE83840FFF7A3BF00BFD3
:1035400089CC020000000081406886810000008173
:10355000000000818C8A03004B78C0018A781B022E
:10356000013A03F4E063D2B213430A78002A0CBF95
:1035700000224FF080721343034A1350BFF34F8F62
:10358000BFF36F8F704700BF0000CC402DE9F743B9
:10359000EC4C00232046ADF804308DF8063004F0E2
:1035A000DBFEE94BE94AD3F800199142224640F08C
:1035B000D882D3F81039DBB20B2B40F0D28263698A
:1035C00023F000536361636823F4F85343F4B0536A
:1035D0006360A368002BFCDADB4BDD4ED3F8703858
:1035E000DB48DA06C3F300114ABF0022012211466C
:1035F00006F024FF0121304606F09EFE01213046F0
:1036000006F0E0FE022004F011FAD6F8C03043F0D4
:103610000203C6F8C03004F0EDFA336D43F0020344
:103620003365336943F002033361336943F08073D8
:103630003361336A43F010033362336A5B00FCD5B5
:103640000024012501A9022720468DF805408DF8A8
:103650000650FFF781FF01A908208DF805404FF0C3
:1036600006088DF80650FFF777FFBA484FF01809A3
:1036700003F0B8FEB84804F07FF9B84803F028FF1B
:1036800021461B22022003F0B5FF13222946022007
:1036900003F0B0FF02211822084603F0ABFF2022FE
:1036A0000321022003F0A6FF04F050F821460D226A
:1036B000032003F09FFF11222946032003F09AFF05
:1036C00020220221032003F095FF03211622084641
:1036D00003F090FFD6F81032A14823F00803C6F893
:1036E0001032042604F0C6F82946052004F07EF8BE
:1036F00004F01CF920460DEB06018DF805608DF8ED
:103700000650FFF729FF0DEB060138468DF80560DE
:103710008DF80670FFF720FF03230DEB06013046FE
:103720008DF805808DF80630FFF716FF0DEB0601CA
:1037300005208DF805408DF80650FFF70DFF072393
:103740000DEB060140468DF806608DF80530FFF759
:1037500003FFF0230DEB060108208DF805408DF8DE
:103760000630FFF7F9FE0DEB06010E208DF805403F
:103770008DF80650FFF7F0FE0DEB06010F208DF8D7
:1037800005408DF80690FFF7E7FE0DEB06011020CF
:103790008DF805408DF80690FFF7DEFE0DEB060173
:1037A00011208DF805408DF80650FFF7D5FE0DEB82
:1037B000060112208DF805408DF80650FFF7CCFE6B
:1037C0000DEB060113208DF805408DF80650FFF72C
:1037D000C3FE0DEB060119208DF805408DF806504B
:1037E000FFF7BAFE0DEB06011A208DF805408DF8A3
:1037F0000650FFF7B1FE0DEB06011B208DF80540CA
:103800008DF80650FFF7A8FE0DEB06011C208DF881
:1038100005408DF80650FFF79FFE0DEB06011D20B9
:103820008DF805408DF80650FFF796FE0DEB06016A
:103830001E208DF805408DF80650FFF78DFE0DEB2C
:1038400006011F208DF805408DF80650FFF784FE15
:103850000DEB060120208DF805408DF80650FFF78E
:103860007BFE0DEB060121208DF805408DF80650FA
:10387000FFF772FE0DEB060122208DF805408DF852
:103880000650FFF769FE0DEB060123208DF8054079
:103890008DF80650FFF760FE0DEB060124208DF831
:1038A00005408DF80650FFF757FE0DEB0601252069
:1038B0008DF805408DF80650FFF74EFE0DEB060122
:1038C00026208DF805408DF80650FFF745FE0DEBDC
:1038D000060127208DF805408DF80650FFF73CFEC5
:1038E0000DEB060128208DF805408DF80650FFF7F6
:1038F00033FE0DEB060129208DF805408DF80650AA
:10390000FFF72AFE0DEB06012A208DF805408DF801
:103910000650FFF721FE0DEB06012B208DF8054028
:103920008DF80650FFF718FE0DEB06012C208DF8E0
:1039300005408DF80650FFF70FFE0DEB06012D2018
:1039400010E000BF0080CA4000C0CA406959AC57AF
:103950000040C84050CF0200E4D10200F0D1020084
:1039600058CF02008DF805408DF80650FFF7F4FDA2
:103970000DEB06012E208DF805408DF80650FFF75F
:10398000EBFD0DEB06012F208DF805408DF806505C
:10399000FFF7E2FD0DEB060130208DF805408DF8B4
:1039A0000650FFF7D9FD0DEB060134208DF80560B8
:1039B0008DF80660FFF7D0FD0DEB060135208DF880
:1039C00005408DF80650FFF7C7FD0DEB06013620C8
:1039D0008DF805408DF80650FFF7BEFD0DEB060192
:1039E00037208DF805408DF80650FFF7B5FD0DEB3B
:1039F000060138208DF805408DF80650FFF7ACFD24
:103A00000DEB060139208DF805408DF80650FFF7C3
:103A1000A3FD0DEB06013A208DF805408DF8065008
:103A2000FFF79AFD0DEB06013D208DF805408DF85E
:103A30000650FFF791FD0DEB06013E208DF8058045
:103A40008DF80670FFF788FD0DEB060140208DF81C
:103A500005408DF80650FFF77FFD0DEB0601412074
:103A60008DF805408DF80650FFF776FD0DEB060149
:103A700042208DF805408DF80650FFF76DFD0DEBE7
:103A8000060143208DF805408DF80650FFF764FDD0
:103A90000DEB06014C208DF805408DF80650FFF720
:103AA0005BFD3A4B3A4C1A6822F007021A601A681A
:103AB00022F0380242EA09021A601A6822F0C002B3
:103AC0001A605A6822F003025A609A6822F00302D0
:103AD0009A60DA6822F49F6222F00702DA601A69BB
:103AE00022F002021A615A6922F0050232435A6139
:103AF0005A6922F002025A619A6922F002029A611E
:103B00009A6922F001029A619A6D22F001029A6587
:103B1000DA6D22F00102DA651A6E22F001021A66ED
:103B20005A6E22F001025A669A6E22F001029A66DB
:103B3000DA6E22F00102DA662368164AC3F3022322
:103B4000D05C03F0CDFF2368DBB22B449842B0FB7E
:103B5000F3F215D2104B40F6C501104A104823F07D
:103B6000CFFE536923F000535361536823F4F85395
:103B700043F4A85353600B4A9368002BFCDA2BE5FF
:103B8000094B1A6003B0BDE8F08300BF00400E404F
:103B90000000CC406CCF020036CC020036CF0200D1
:103BA0003BCC02000080CA4004800020FFF7EEBC3E
:103BB000104642B100231373536833B11B6823B11D
:103BC0000A4602211847032070470120704710461B
:103BD00042B100235373536833B11B6823B10A46C3
:103BE0000121184703207047012070472DE9F04359
:103BF000044687B018B9012007B0BDE8F083837B85
:103C0000002BF8D04268926851799942F3D303F1BE
:103C1000005312680C2740F6024C013B02EBC3062E
:103C200012F8335000239D42E5D907FB03F2706878
:103C30008118825A62453BD10D7A00239D422DD8CE
:103C40000026CB782374002ED5D000250120DFF884
:103C500070802F46DFF86C90A6603379AB42CBD9E9
:103C60000623B2688DF808706B43D118D25C8DF8CA
:103C70000620D2094B88ADF804304B788DF8073018
:103C800018D0022B02D12773CDF80C9003AA01A9FA
:103C900020680135049408F033F8DEE71A0148681B
:103CA00000EB0316805CE27B9042CAD00133C5E78B
:103CB0000133B8E7022B04BF6773CDF80C80E5E74A
:103CC000CF3B0000B13B0000836870B5044693B160
:103CD000002501200626A3681A79954202D3002305
:103CE000A36070BD9A6806FB05F320680135D15CBE
:103CF00008F025F8EFE70120F3E7000070B50A4C63
:103D00000E46154623685BB9214601F00FFD30B918
:103D100023683BB14FF47F436660E3812C6070BD44
:103D20000220FCE70320FAE70000002010B504465B
:103D300030B1FFF7C9FF0023C4E90033E38110BDB0
:103D40000320FCE77FB504461546002A60D0002812
:103D50005ED0CBB2013B032B54D8DFE803F01E0248
:103D6000064000238373012414E04368002BFAD03B
:103D70002A78837B9A42F6D0FFF7A6FF2B7820465D
:103D8000A3730023E373FFF731FF044610B121480A
:103D900007F022FD204604B070BD2B68227C197903
:103DA00098889142DFD12E1DADF808005888009602
:103DB00005F10806ADF80A00287B01968DF80C0085
:103DC0005B78222B07D163686A460B2120461B686B
:103DD00098470446DEE7104807F0FEFCC3E7436857
:103DE000002BC0D02D88037CB3EB152FBBD1EDB2D7
:103DF000C37BAB42B7D0FFF767FF2046E573FFF701
:103E0000F5FEE6E70A460548054907F0E5FCAAE79E
:103E10000324BFE7FCD1020016D2020048D2020000
:103E20005BD2020038B5044648B1057B4DB901208C
:103E30002073206807F050FF00B1257338BD0320C0
:103E4000FCE70220FAE738B5044648B1457B4DB996
:103E500001206073206807F045FF00B1657338BD2D
:103E60000320FCE70220FAE72DE9F04390F89430B4
:103E700087B004461BB9012007B0BDE8F083426853
:103E8000926851799942F6D31268002AF3D003F16F
:103E900000530C27013B02EBC30612F833500023FA
:103EA0009D42E8D907FB03F270688118825C082AFA
:103EB0002CD10D7A00239D421DD80027CB7884F8A1
:103EC0009530002FD7D000260120DFF88C803546B2
:103ED000DFF88890A7603B79B34219D80123E560E9
:103EE000C4F88450C4F8883084F88C5084F88F501B
:103EF00084F89650C0E71A01486800EB0317805C0D
:103F000094F893209042D9D00133D4E70133C7E726
:103F10000623B9688DF8085073430136CA18107922
:103F20008DF80900CB5C20688DF806305188ADF81B
:103F3000041001A9527804948DF80720DA0903AA25
:103F400015BF84F8913084F89230CDF80C90CDF8FC
:103F50000C8007F0D5FEBEE76D450000B1430000C0
:103F6000836870B5044693B1002501200626A36836
:103F70001A79954202D30023A36070BD9A6806FBAC
:103F800005F320680135D15C07F0D9FEEFE7012089
:103F9000F3E70000F8B5214C0F4616462568002DC2
:103FA0003AD104F198032146A36104F1B803E36117
:103FB00004F1C803236204F1DC03E36304F1E403C6
:103FC000236404F1F003236501F0B0FB30B184F801
:103FD000945084F89350C4E90055F8BD236833B970
:103FE000606084F8940084F893000320F5E7FF23D1
:103FF000702284F8940084F89330236A60616760CB
:104000001A700A229870DA711873587384F88D0048
:1040100084F88E003460E0E70220DEE71400002020
:1040200010B5044648B1FFF79BFF0023C4E90033F5
:1040300084F8943084F8933010BD0320FCE7F0B589
:1040400004468FB01646002A00F06F81002800F069
:104050006C81C9B20139052900F26B81DFE811F0EA
:1040600034010600430067008C00BC00002301AA55
:10407000052180F8943043681B689847019B0546EA
:10408000002B00F05481013B01AE4FF0010C04F114
:10409000440E84F89030B3681BB373680BB3331DC0
:1040A0000EEB0C170FCB87E80F0094F890205FFA07
:1040B0008CF39A4205D30CF1010C1036BCF1040FBD
:1040C000E9D1226A702313700A23D37100239370FD
:1040D0001373537384F88D3084F88E3028460FB0F4
:1040E000F0BD0125E1E74368002B00F0228190F844
:1040F000943012789A4200F005810BB1FFF730FF3F
:104100003378204684F89430002384F89330FFF706
:10411000ABFE05460028E1D11F23A26994F8921056
:10412000206807F0DFFD012384F88D30D6E743686F
:10413000002B00F0FE80168890F89530B3EB162F18
:1041400040F0F780F6B290F89330B34200F0DA8096
:10415000FFF706FF2046FFF787FE054648B91F23F5
:10416000A26994F89210206807F0BCFD012384F83E
:104170008D3084F89360B1E74368002B00F0D9805C
:104180008368002B00F0D58090F886307BB91178D9
:1041900090F891200120914207D184F8860084F89C
:1041A0008E302068317807F001FE054600E00125D9
:1041B00094F88730002B91D1317894F89220914275
:1041C0008CD1012284F88D30206884F887203178E2
:1041D00007F0ECFD054681E74368002B00F0A9805D
:1041E0008368002B00F0A58090F88950012D3FF4E2
:1041F00075AF90F88650012D40D1127890F891302B
:104200009A4209D1002380F8863080F88E30006809
:10421000317807F0DCFD054694F88730012B0ED18C
:10422000327894F892309A4209D10023206884F8B9
:10423000873084F88D30317807F0C9FD054694F851
:104240008F30023B012B29D894F88A30012B17D1EB
:10425000B4F88630002B7FF441AF94F88D202068AD
:10426000012A94F8921084F88A3025D184F88D3090
:1042700007F03CFD002384F88F302FE70125CBE7C2
:1042800094F88E302068012B94F891100CD184F8AA
:10429000963007F02BFD002384F88F3094F88A3095
:1042A000012B7FF41BAFD3E70D23E26907F014FD68
:1042B000012384F88E30EEE71F23A26907F012FD78
:1042C000012384F88D30D5E713681A7802F01F05B2
:1042D000012D2ED190F89500197988427FF4FEAE19
:1042E0005978FE2903D0FF290ED00525F6E6598816
:1042F0000029FAD1DB88012BF7D11206F5D59034CD
:10430000C6E901450025E9E659880029EDD1DB8899
:10431000002BEAD11306E8D440F20112A4F8885029
:1043200084F88A50A4F88620ECE70325D6E6042515
:10433000D4E60125D2E630B5036985B000250446F0
:104340000093836902955A7BC36800EB02118DF8D4
:104350000C20B3F5803F6A46C96D28BF4FF4803307
:104360008B4294BF01930191042143681B689847D5
:10437000A36922695B7B94F8911004EB03135B6DD6
:104380009A4206D22068DDE9013207F0A5FC05B0AB
:1043900030BD0123206884F88B5084F886300223D6
:1043A00084F8855084F88F3007F000FD2846EEE74A
:1043B0007FB54B6814460E465A1C2CD194F88530B4
:1043C000A3B163681D688DB1A269D37B03F07F033D
:1043D000282B0BD10023096820460291012101936B
:1043E0000093537B6A468DF80C30A84794F896509A
:1043F000012D03D00125284604B070BD0023E269D9
:1044000094F8911084F896300D23206807F064FC2E
:10441000A4F88E50EFE7E26894F88B5093429CBF6B
:10442000D21AE260012D0CD1002394F8911020687B
:1044300084F88B3084F8865084F8853007F0B6FC19
:10444000D9E794F88520BAB90D2BD3D10B68196838
:10445000264B9942CED1012584F88E201F23A269D4
:1044600094F89210206884F8885007F03BFC84F898
:104470008D50C0E701252AE062681568002DB9D08B
:1044800001933368029323690093A3695A7B8DF8E3
:104490000C20DB7B03F07F03282B03D16A4601212C
:1044A0002046A847E368002BE4D0A36920465A7B46
:1044B000736804EB0212926DB3FBF2F223691344AA
:1044C0002361FFF738FFE3680546002B93D10023F3
:1044D000E26994F8911084F885300123206884F80B
:1044E0008E300D2307F0F8FB85E700BF555342538C
:1044F00030B5036985B000250446009383690295B1
:104500005A7BC36800EB02118DF80C20B3F5803F95
:104510006A46096E28BF4FF480338B4294BF0193E3
:104520000191032143681B689847A36922695B7B5B
:1045300094F8921004EB03135B6D9A4206D2206844
:10454000DDE9013207F0CEFB05B030BD0123206864
:1045500084F88C5084F88730022384F8845084F8DF
:104560008F3007F023FC2846EEE700007FB51446A5
:104570004A680E46531C2CD194F88430A3B163686A
:104580001D688DB1A269D37B03F07F032A2B0BD169
:104590000023096820460291022101930093537B76
:1045A0006A468DF80C30A84794F88D50002D40F0E5
:1045B000AB81B4F886304BB91F23A26994F89210EE
:1045C000206807F08FFB012384F88D30284604B063
:1045D00070BDE3689A429CBF9B1AE360A369DB7BD2
:1045E00003F0BF03152B06D163681B681BB10022C3
:1045F0000B212046984794F88C30012B0CD10025D4
:1046000094F89210206884F8873084F88450A4F8D5
:104610008C5007F0CBFBD9E794F88450002D37D0AD
:10462000736801933368029323690093A3695A7BEB
:104630008DF80C2062681568CDB1DB7B03F07F0339
:104640002A2B03D16A4602212046A847E5688DB18E
:10465000A36920465A7B736804EB0212926DB3FB88
:10466000F2F2236913442361FFF742FF0546E36832
:10467000002BABD1002384F884300D23E26994F839
:104680009110206807F028FB012384F88E309DE705
:1046900094F88830002B00F01E8173681F2B40F0C7
:1046A0001A81A369994A1968914240F014815E7B8E
:1046B00016F0F00F40F00F81997B11F0E00240F00E
:1046C0000A8194F890000130864280F0048101391B
:1046D0000F2900F20081E1698D4884F88D20E260A5
:1046E000086058688A60486084F8882093F90C0054
:1046F0009E680028197B02DB321E18BF01220028A9
:1047000084F8842008DA3EB1012094F8862084F8E9
:10471000850022B1054659E7002284F88520DB7B1D
:10472000032B04D0226A0020907010735073CA09C2
:104730002F2B666284F8392050D8112B0CD8032B0C
:1047400000F09480042B00F09D80002B00F09280FC
:10475000204600F039FC57E0123B1D2BF8D801A28F
:1047600052F823F003480000514700005147000071
:104770009548000051470000514700005147000094
:1047800051470000EB470000B548000051470000CA
:10479000A54800007D480000514700005147000037
:1047A00051470000514700009D480000514700005C
:1047B0008D48000051470000514700006548000047
:1047C00051470000FB4700005147000051470000DF
:1047D0005147000051470000AD4800009E2B55D0C6
:1047E00007D8552B56D05A2BB2D1204600F054FA98
:1047F0000AE0A82B36D0AA2BAAD1204600F0FCF95B
:1048000002E0204600F0AFF9236A05469B7843B1E9
:10481000E3691A7B2AB9A269D27B032A1CBF012251
:104820001A73052D0ED194F88430012B46D194F8DB
:1048300087200AB984F88C30002384F8843002235E
:1048400084F88F3094F88430002B7FF4BFAE94F856
:104850008530002B7FF4BAAE94F88B30002B7FF4B8
:10486000B5AE0AE7204600F0A2F9CDE7204600F0F9
:1048700059F9C9E7204600F0E4F9C5E7204600F001
:104880003CFBC1E7204600F019FBBDE7204600F0E5
:1048900053FAB9E7204600F023FAB5E7204600F0C6
:1048A00093FAB1E7204600F049FBADE7204600F05F
:1048B000E9F9A9E7204600F062FBA5E794F8853006
:1048C000012BBCD194F886200AB984F88B300023E0
:1048D00084F88530B3E794F89210206807F066FA00
:1048E00094F89110206807F061FA002384F88D3065
:1048F000012384F88F3040F20113A4F886304FF47E
:104900008073A4F8883061E600255FE65553424382
:104910005553425330B484690129647B00EB04147D
:10492000A56D5468126804FB05F40261C46002D1ED
:1049300030BCFFF700BD30BCFFF7DABDD0E909326B
:1049400070B504464BB9C1698B6012B910460A7341
:1049500070BD022218460A73FAE790F83910002950
:104960006ED0C56942B9AB60134694F89110E26A03
:10497000206807F0B1F90FE090F83A10002954D000
:10498000934290F8381013D99B1A0129AB60EBD1F0
:1049900000F13002FFF7BEFFE36908B918735CE06D
:1049A00001221A730322236A9A7011221A7354E0A7
:1049B0004FF00002AA6010D1012907D100F13002A6
:1049C000FFF7A8FFE36940BB1873C1E7C26A90F81C
:1049D0009110006807F080F9F4E7012916D1826987
:1049E000527B00EB0212966DB3FBF6F206FB12331C
:1049F000426300F13002AB60FFF78CFFE36960B9FE
:104A000094F83820012ADFD102220CE0C26A90F823
:104A10009110006807F060F9F0E701221A73032291
:104A2000236A9A7011221A7392E7C26AAB600B462E
:104A300090F89110006807F04FF9E3690222B5E79A
:104A40006AB990F89210006807F0B0F9636AE269F9
:104A500093600123137384F88730052078E790F87A
:104A60003A1059B190F89210006807F09FF9E36985
:104A7000626A9A6002221A730123ECE79342C569C5
:104A800090F8386019D99B1A012EAB600DD100F156
:104A90003002FFF73FFFE36900283FF47FAF0122B8
:104AA0001A730322236A9A7080E7134690F89210D3
:104AB000C26A006807F016F9EDE7A96016D1012E69
:104AC0000DD100F13002FFF725FFE36900283FF424
:104AD0007BAF01221A73236A03229A70A3E7C26A8A
:104AE00090F89210006807F0FDF8EEE7012E12D161
:104AF0008269527B00EB0212966DB3FBF6F206FB65
:104B00001233426300F13002AB60FFF703FF00286D
:104B1000E1D1E36974E7C26A90F89210006807F087
:104B2000E1F8F4E710B5036A86B00446049383699C
:104B300003F10F025B7B8DF81430436801921B6810
:104B400013B101AA0F21984712232046A362012323
:104B500084F83A30236AE362002384F83830FFF7A0
:104B6000EDFE06B010BD10B5036A86B0044604938E
:104B7000836903F10F025B7B8DF814304368019267
:104B800000221B68CDE9022213B101AA082198472F
:104B9000029B2046A362012384F83A30039BE36220
:104BA000002384F83830FFF7C9FE06B010BD8269D3
:104BB00010B4D37BD2F81110282B09BA15D1D38A9F
:104BC0005BBA9BB2012480F83A40527B00EB0212A0
:104BD000926D80F838405A435DF8044B826200229F
:104BE000C0E90C13C262FFF7A9BEA82B0ABFD2F816
:104BF000153000231BBAE5E7826910B4D37B00248B
:104C0000D2F811102A2B09BA14D1D38A5BBA9BB2FD
:104C100080F83A40527B00EB0212926D5A43C0E991
:104C20000A24012280F838205DF8044BC0E90C13F7
:104C3000FFF784BEAA2B0ABFD2F8153023461BBA51
:104C4000E6E730B5036A87B004460493836903F14D
:104C50000F025B7B019201228DF81430002380F853
:104C60003A208362C36280F83830FFF767FE6368DA
:104C700005461B681BB101AA072120469847284614
:104C800007B030BD00220121826280F83A10C26272
:104C900080F83820FFF752BE10B5036A86B004468C
:104CA0000493836903F10F025B7B8DF81430436832
:104CB000019200221B68CDE9022213B101AA092149
:104CC0009847029B2046A362012384F83A30039B55
:104CD000E362002384F83830FFF730FE06B010BDE1
:104CE00010B5036A86B004460493836903F10F028A
:104CF0005B7B8DF814304368019200221B68CDE97C
:104D0000022213B101AA0A219847029B2046039A66
:104D1000A3620023E26284F83A3084F83830FFF767
:104D20000DFEA3691B7CDB0704D5236A05229A705C
:104D300024221A7306B010BD836930B585B05D7B3F
:104D4000002304468DF80C50CDE9013343681B68FD
:104D500013B101AA1021984794F89030AB423FBF9D
:104D6000236A052200259A70029931B1019B13B381
:104D700004EB0515C5E915310821A069437BC07B0B
:104D80000533252804EB03135A68A16202F1FF32B0
:104D900012BA12D1E16B0A609B681BBA4B60012307
:104DA0002046E16284F83A30002384F83830FFF777
:104DB000C5FD05B030BD1946DFE7216C4A609B6830
:104DC0001BBA8B60EBE7000070B53B4B044688B024
:104DD0001868A36900905D7B0023CDE90533636803
:104DE0008DF81C501B681BB105AA1121204698475D
:104DF00094F89030AB423FBF236A052200259A7099
:104E0000069B2BB1059A1AB104EB0515C5E91523CC
:104E1000A36994F84C50997DDA7D42EA0121002D76
:104E200048D06269002A14BF022003205B7B002D5A
:104E30004FEAC00503F105038DF8035004EB03139B
:104E40005A689E6812BA33BA0392049314BF4FF0A3
:104E500000734FF0807301920C22334302EBC002C7
:104E60001BBA8A42029328BF0A46236D9DF80010A0
:104E700019709DF80110236D59709DF80210236D73
:104E8000997001A9236DDD70042311F8015B206D79
:104E9000C55401330C2BF8D101232046A26284F8BB
:104EA0003A30236DE362002384F83830FFF746FD83
:104EB00008B070BD2846B9E7F4C2020070B50025FD
:104EC00001260446856280F83A60C56280F8385051
:104ED000FFF734FDE3691A7B022A0DD0A269127C28
:104EE00002F01F02172A1DBF05221E73236A1D73BD
:104EF0001EBF9A7024221A7370BD30B5036A87B042
:104F000004460493836903F10F025B7B0192012243
:104F10008DF81430002380F83A208362C36280F851
:104F20003830FFF70BFD636805461B681BB101AA0B
:104F30000C2120469847284607B030BD30B5036A9B
:104F400087B004460493836903F10F025B7B0192EF
:104F500001228DF81430002380F83A208362C36266
:104F600080F83830FFF7EAFC636805461B681BB120
:104F700001AA0D2120469847284607B030BD30B51C
:104F8000036A87B004460493836903F10F025B7BD5
:104F9000019201228DF81430002380F83A208362B8
:104FA000C36280F83830FFF7C9FCE36905461B7B14
:104FB000022B06D063681B681BB101AA0E21204694
:104FC0009847284607B030BD10B4C16900220124BB
:104FD0008A600C730521036A8262997020215A73DA
:104FE00019735DF8044BFFF7A9BC000010B50E4C17
:104FF0000E4BD4F8002FC2F30222134493F8F000B2
:1050000002F06EFDD4F8003F0246DBB201339A4253
:10501000B0FBF3F006D2064B40F6C501054A064840
:1050200022F06EFC10BD00BF0000CC4053D3020044
:1050300036CC02002CD302003BCC020010B5FFF7A7
:10504000D5FF012203464FF4E1310620BDE81040B0
:1050500006F09EBA984B99495A69084612F4003FE7
:105060002DE9F041964D2E460ED0BFF34F8FBFF382
:105070006F8F5A6922F400325A610022C3F850221D
:10508000BFF34F8FBFF36F8F8B4A5369DB0324D578
:105090000023C2F88430BFF34F8F536923F4803369
:1050A0005361BFF34F8FD2F8803043F6E07CC3F3F7
:1050B000C907C3F34E335B0103EA0C083C4648EAD8
:1050C000847E013CC2F874E2F9D2203B13F1200F38
:1050D000F2D1BFF34F8FBFF36F8FBFF35F8F764A6D
:1050E000536A23F480335362764B5A6822F00102EC
:1050F0005A60BFF34F8FBFF36F8F1022724CDA608C
:10510000724A1A61724ADA60724A1A61DC601A6184
:105110001322714CDA60714A1A611422DA60704A03
:105120001A61DC601A616F4ADA606F4A1A616F4A6D
:10513000DA606F4A1A616F4ADA606F4A1A616F4A21
:10514000DA606F4A1A61002225FA02F4012C0CD8A9
:105150004AB36C4CB4FBF5F705FB17453DB16A4B00
:10516000B1216A4A6A4822F0CBFB0132ECE7012503
:105170009540B54203D0674BB221644AF2E7042A56
:1051800003D8654BB321614AECE7013A24F01F04D0
:10519000520044F01A0402F03E02DC6042F0427217
:1051A00042F001021A615D4A5D4CDA605D4A1A61A3
:1051B0005D4ADA605D4A1A615D4ADA605D4A1A61E9
:1051C000DC601A61002221FA02F4012C0AD82AB309
:1051D000594CB4FBF1F501FB154129B1574BD521D1
:1051E0004A4ABFE70132EEE701219140814203D0F4
:1051F000534BD621454AB5E7042A03D8464BD7215D
:10520000424AAFE7013A44F01F045200DC6002F06A
:105210003E0242F0447242F001021A61BFF35F8F16
:1052200005225A60244B5A6A42F480325A62BFF314
:105230004F8FBFF36F8F5A6912F4803223D1C3F8B6
:105240008420BFF34F8FD3F8802043F6E074C2F37D
:10525000C900C2F34E32520102EA0406014646EA90
:1052600081750139C3F86052F9D2203A12F1200F4A
:10527000F2D1BFF34F8F5A6942F480325A61BFF3C3
:105280004F8FBFF36F8F0C4B5A6912F4003211D15C
:10529000BFF34F8FBFF36F8FC3F85022BFF34F8F11
:1052A000BFF36F8F5A6942F400325A61BFF34F8FD8
:1052B000BFF36F8FBDE8F08100ED00E0002000003B
:1052C0000080000090ED00E0120000603F00100040
:1052D0001100008039001003150000203B0010036E
:1052E00023000303160020202700030317003020AB
:1052F00025000303180000302F000306190000806A
:10530000330003030000002071D2020043D30200E7
:1053100089D20200C1D20200DCD202001B00004090
:105320001E0080412F0010031C00004129001003C3
:105330001D0040412700100300002C20E3D2020092
:1053400007D30200C64A46F22063D158C9072DE9A7
:10535000F0410BD40121D150BFF34F8FBFF36F8FBA
:1053600002F5CC4230321368DB07FCD50A22BD4B74
:10537000052402251A60042143F8042C012043F877
:10538000082C4FF00C0C43F80C2C1527B64BB74EDD
:105390001C601D6443F8044CDD63B54BDFF80CE37F
:1053A0001960C3F8F0030023DFF804833360B14EC3
:1053B00037600327C6F840C0A6F50B26A6F6EC76A4
:1053C0003260C6F840C046F8200C376246F81C0C24
:1053D000C6F894307762A84E3060C6F8FC520E448E
:1053E0003060C6F8E4520E443060C6F8E4520E4411
:1053F0003060C6F8E4520E443060C6F8E4520E4401
:105400003060C6F8E4520E443060F83EC6F8FC0046
:10541000C6F80001C6F80401C6F80801C6F80C0178
:10542000C6F8E45335607560C6F8C403443E326084
:1054300072603266C6F84412C6F84812C6F8A45222
:105440001026CEF80060CEF87830CEF80460CEF8A2
:1054500074304FF0200EC8F800E0C8F804E0DFF820
:1054600054E2CEF80030CEF8B4348E44CEF800309A
:105470000EF5107ECEF86C32CEF80050CEF8045007
:10548000AEF5407ECEF80070CEF804700E27CEF850
:105490004472CEF848720EF58E7E784F3960A7F5CB
:1054A000BA77C7F87811C7F8B833C7F8BC332437D0
:1054B00047F8243C47F8203C47F81C3C47F8183C88
:1054C00047F8143C47F8103C47F80C3C47F8083CB8
:1054D00047F8043C3B607B60BB60FB603B617B61E9
:1054E000BB61FB613B627B62BB62FB623B637B63D4
:1054F000BB63FB6340373B607B60BB60FB603B6131
:105500007B61BB61FB613B627B62BB62FB623B63B5
:105510007B63BE63C7F88C301127CEF80070CEF8DD
:105520000470CEF8A8030EF1080ECEF80070CEF885
:1055300080038E44CEF80070CEF880038E44CEF8FF
:105540000070CEF880038E44CEF800704C4F386067
:105550004C484D4F0260A0F53D70C0F8F822C0F8ED
:10556000FC22C0F80023C0F80423C0F8082302601E
:1055700040F8342C40F8202C3C60444F396079606E
:10558000B960F96039617961B961F961396279624B
:1055900047F8041C47F8081C40F8202CC0F880602D
:1055A000C0F88460C0F88860C0F88C60C0F8906073
:1055B000C0F894608267C0F81421C0F81021344804
:1055C000046034480260C0F8B420C0F8B820122249
:1055D000C0F8A420C0F8A8201322C0F8AC20C0F85E
:1055E000B0202D4A1160903242F88CCC42F8881CD1
:1055F00042F8841C42F8801C42F87C1C42F8983C1B
:105600005360136002F53A0202F53C421560234AEA
:105610001360C2F8B4C0C2F8B8C0C2F8A430C2F86F
:10562000A830C2F8AC30C2F8B0301D4B1C6043F853
:105630000C4C1C4B1C605C6043F8684C43F8644C99
:1056400043F8D44C43F8D04C43F87C4C43F8804C9E
:10565000154B1C60DC601C615C61BDE8F08100BF23
:105660000000CC40F8800E401840C94058830E40DE
:1056700014810E400C40C940E4810E4084810E40EC
:1056800060850E4010840E402040C94044810E4089
:105690003040C94098810E40E0830E40DC830E40CC
:1056A0002480C0408C810E401C80C0401080C040CF
:1056B0005080C0406C810E40FFF744BE73B500249B
:1056C000064601A80D460194FDF7D3FA074B1A6868
:1056D000964206D101982B60FDF7DCFA204602B015
:1056E00070BD0198FDF7D6FA0420F8E728010020E4
:1056F00037B50024054601A80194FDF7BAFA0A4B14
:105700001A685AB19A7BAA4208D101989C73C3E9DE
:105710000044FDF7BFFA204603B030BD0198FDF705
:10572000B9FA0420F8E700BF2801002073B500246F
:10573000064601A80D460194FDF79BFA084A136836
:105740004BB1927BB24206D101982B60FDF7A2FAD1
:10575000204602B070BD0198FDF79CFA0420F8E7DE
:10576000280100202DE9F7430F46154622B90423EE
:10577000184603B0BDE8F08301A9FFF79FFF00289A
:10578000F5D1044601264FF00C08DFF85890019B34
:10579000E0B25B681A7A824201D83346E8E71B68B8
:1057A00008FB003083681B79012B15D0022B15D024
:1057B000032B15D0042B0DD1032309EB03132A4629
:1057C000394640689B68984705280346D0D0002892
:1057D00008BF00260134DAE70023EEE70123ECE7F7
:1057E0000223EAE7CCD5020073B50D4601A90446B1
:1057F0001646FFF763FF88B9012D08D101992046AD
:105800000BF0C4FD019A02212046FFF7ABFF019B7C
:105810003246294620465B685B68984702B070BDF7
:105820002DE9F74F07460C469046002A5DD0002927
:105830005BD04B68002B58D0002301A80193FDF7E3
:1058400018FA2B4B01981E681D461EB39B7BBB426A
:1058500020D10124FDF71EFA204603B0BDE8F08FE9
:10586000DFF89490AF73C5F80890FDF713FA6C60F9
:10587000A9F110021F49384606F0BAF9044678B972
:105880006B685FFA86F91B7A4B4510D82B68C8F80D
:105890000030E1E7002EE3D00224FDF7FBF9DBE75F
:1058A000286806F084F93846FFF722FFD4E70C2376
:1058B000DFF848A04FF0000B03FB09F96B6819688B
:1058C00049448B681A799AF80C309A4204D1DAF874
:1058D00000300A1D384698470BF1010B0AF1100AF7
:1058E000BBF1050FEAD10136CAE70424B4E700BFD3
:1058F00028010020E957000038010020CCD5020023
:1059000070B586B00B78012506468DF80C30022361
:105910000C4602928DF80D3040F201130595ADF85A
:105920000E3001AB049302A9304603F065FB58B971
:105930006388A18805FA03F3019A39B1934314BF30
:1059400001230023002BEED106B070BD1342F6E711
:1059500070B51E4686B00B7801250C4602A98DF85D
:105960000C30022302928DF80D3040F20913059598
:10597000ADF80E3001AB049303F03EFB38B9A368D9
:10598000019A1340E268934208BF0546357006B09D
:1059900070BD7FB500238DF80C1002A9CDE901334D
:1059A00003238DF80D304FF48673ADF80E3001AB44
:1059B00004930123059303F01FFB07B05DF804FB7C
:1059C000F8B50D46064628B9324B9121324A334884
:1059D00021F096FF19B9324B92212F4AF7E704685C
:1059E00004220021284622F0ADFA2E4B706804F103
:1059F0003C07218E28605980618EEB619980616B34
:105A000094F820209960A16B1A70D960214603F0A8
:105A1000ABF94FF480720021384622F093FA40F23D
:105A20000641214A214BE1662149DFF898E0C4F89C
:105A30008C104FF401517068C4E90F2342F2014306
:105A40001C4AC4E927E1C4E91323C4E933231A49F2
:105A50001A4AC4F8DC100331C4E91723184A4FF47A
:105A60000053C4F8BC100021C4E93F2340233A4648
:105A700003F0FCF973681A6842F001021A601868B2
:105A800010F00100FBD1636AAB60A36AEB60E36ACC
:105A90002B61F8BD00D702007AD602001CD60200A6
:105AA000F1D60200BCC300200304100C083080248F
:105AB000D80418080F04C004100418089F04000438
:105AC0001F04A0040204100C2DE9F04390468268E4
:105AD00087B0C66951431F46002396F800904D00D9
:105AE00004468DF80D304FF4847302A900680295C6
:105AF0008DF80C90ADF80E3003F07EFA10BB2A46FC
:105B000031462068FFF7FCFEE0B9022302A92068B5
:105B10008DF80D304FF4807302958DF80C90ADF830
:105B20000E30CDE9048703F067FA58B90DF1070389
:105B30002A4631462068FFF70BFF18B99DF8070089
:105B400080F0010007B0BDE8F0832DE9F0439146F5
:105B500087B0C66998460023044637788DF80D3023
:105B600040F203138DF80C70ADF80E30D0E9022529
:105B700000682A4401FB02F502A9029503F03CFAF1
:105B800080BB032302A920688DF80D304FF4837386
:105B900002958DF80C70ADF80E30CDE9049803F045
:105BA0002BFAF8B94FF485738DF80D0002A920681F
:105BB00002958DF80C70ADF80E3003F01DFA88B91F
:105BC0002A4631462068FFF79BFE58B90DF10703BE
:105BD0002A4631462068FFF7BBFE18B99DF807003A
:105BE00080F0010007B0BDE8F083F0B5836885B0B0
:105BF000C66904465943056937784D4300683946FC
:105C0000FFF7C7FE00236D0069468DF8053040F2AE
:105C10000313206800958DF80470ADF8063003F08A
:105C2000EBF990B940F205138DF80500694620683C
:105C300000958DF80470ADF8063003F0DDF920B959
:105C40002A4631462068FFF75BFE05B0F0BD10B56F
:105C5000EFF3108472B6438902890BB19A420ED0D9
:105C600052B901600023013248600B60416002813B
:105C7000184684F3108810BD43681960F2E743F2B8
:105C80007A70F6E7EFF3108172B660B103896BB1F9
:105C9000013B02689BB2038103B943600023536058
:105CA00013680360104681F3108870471846FAE7BE
:105CB0000068704710B50446C430FFF7F9FF50B1D3
:105CC000A378012B07D1C268816804F10C00BDE8FC
:105CD000104000F05FBB43F2215010BDF7B5054600
:105CE000FFF7E8FF002705F1D0063046FFF7E0FF99
:105CF0000446C4B9EFF3108272B66B6882F3108861
:105D00007BB19A686AB11869D968884209D3009250
:105D10009C601A69DC6901921CB1DA8A6946186ACA
:105D2000A04703B0F0BD3046FFF7ACFFA368A76003
:105D3000009323690193E3691BB1E28A6946206AF3
:105D400098473046FFF7B4FF0446D2E731B1837875
:105D5000012B03D100210C3000F033BB43F2215062
:105D600070472DE9F0470D46044600B9FEE701B93A
:105D7000FEE7EFF3108772B64A68D0F8BC30D0F86F
:105D8000B81013448B4280F09080D0F8BC3043F2BE
:105D90002358D0F8B4002968184422F0ABF8D4F89E
:105DA000BC306A681344C4F8BC3028E0D4F8BC2086
:105DB0002E68501CC4F8BC00D4F8B400F65C8654BD
:105DC000D4F8BC20D4F8B800824201D3C4F8BC1087
:105DD000D4F8BC60D4F8C02096420CD1D4F8C020CE
:105DE0000132C4F8C020D4F8C020904201D8C4F8D1
:105DF000C01043F2265801336A689A42D6D8D4F8C4
:105E0000BC30D4F8B820D4F8C06013449B1BB3FB5B
:105E1000F2F602FB163663680BB363689B68F3B156
:105E20006368DA6863681B699A420CD96368002169
:105E3000DB688A46626812699B1AB34228BF334600
:105E40008B4237D8F61A6368DA6863681B699A422E
:105E500005D863681B7D002B51D16268936061682F
:105E600032462046FFF772FF76B10023C5E90036BF
:105E700063684BB16368DB6933B16368424660684D
:105E80002946DB69006A9847228848F641739A429E
:105E900007D1D4F8B82020466168013A921BFFF779
:105EA00055FF87F31088BDE8F087002343F223589D
:105EB0001946A1E7D4F8C0E0D4F804906268D2F89B
:105EC00010C0D4F8B42012F80EE0D9F8082002F877
:105ED0000CE0D4F8C020D4F8B8000132C4F8C020D7
:105EE000D4F804C0DCF810200132CCF81020D4F82B
:105EF000C020824201D3C4F8C0A00131A0E763688A
:105F000000222046DA82FFF7E9FEA8E72DE9F041FA
:105F10000E461746054600B9FEE701B9FEE700F157
:105F2000C4084046FFF7C4FE0446B8B14046FFF738
:105F3000A9FE2846FFF7BEFE7368E7822361237D32
:105F4000012B09D1214605F1D000FFF780FE28463C
:105F5000BDE8F041FFF7C2BE0023A360BDE8F081B9
:105F6000704700002DE9F8431E46044600B9FEE7DD
:105F700001B9FEE702B9FEE7856905B9FEE7406AA7
:105F8000224B9842FDD1012E02D1E369002BFCD0B7
:105F9000EFF3108872B6A3682BB188F3108843F230
:105FA0002250BDE8F88305F1C409E260A1602361D5
:105FB00048462675FFF77CFE214607464846FFF710
:105FC00046FE88F3108847B12EB905F10C06E26849
:105FD00023699A4207D80020E3E72846FFF76AFEC4
:105FE0000028F1D0DDE7EFF305835BB1EFF3108715
:105FF00072B6AB78012B02D1304600F0F8F987F386
:106000001088E4E70120FFF7ABFFE0E75457BBAA95
:10601000704700002DE9F341089D0E461F460446D7
:1060200000B9FEE701B9FEE702B9FEE7806900B9F1
:10603000FEE7616A514B9942FDD1012F02D1E3691C
:10604000002BFCD0EFF3108872B6A16831B188F351
:10605000108843F2225002B0BDE8F081012AE260CC
:10606000A6602161277527D1D0F8BC20D0F8C030B8
:106070009A4218D0D0F8C0202369D0F8B4C003F1F8
:10608000010EC4F810E01CF80220F254D0F8C03021
:106090000133C0F8C030D0F8B830D0F8C0209A42F0
:1060A00001D3C0F8C010002D47D0236900202B6019
:1060B000A06088F31088CEE7D0F8B8E0D0F8BC3004
:1060C000D0F8C0C073442161A3EB0C03B3FBFEFC0A
:1060D0000EFB1C338E469A4228BF1A462369934210
:1060E00011D3D0F8B830D0F8BC20D0F8C0101A4482
:1060F000521AB2FBF3F103FB1122013B21469A1A1B
:10610000FFF724FECFE7D0F8C030D0F8B410D4F8B1
:1061100010C0CB5C06F80C30D0F8C030D0F8B81006
:106120000133C0F8C030D0F8C0308B4201D3C0F882
:10613000C0E0236901332361D0E72269E3689A4212
:1061400010D3A56088F31088012F0FD1E3690BB934
:10615000002080E722696946206A01922A4600965B
:106160009847F5E788F31088002FF1D1E26823699A
:106170009A42EDD90120FFF74BFFF7E74452AABB43
:1061800070B504460D4601B9FEE700B9FEE70B689D
:1061900003B9FEE74B6803B9FEE74FF492720021A2
:1061A00021F0D0FE6B8923802B7AA370012B2A6803
:1061B000C4F8B4206A68C4F8B82013D104F10C06FE
:1061C000E968304600F0C4F8054648B92246074958
:1061D000304600F000F922460549304600F001F94A
:1061E000284670BD43F22155FAE700BF0D5F00005D
:1061F000635D000038B50D46044600B9FEE701B9FD
:10620000FEE7EFF3108272B683680133836082F396
:10621000108848F6417302889A4202D188610020B2
:1062200038BD2C220021284621F08CFE014BAC61A8
:106230006B62F4E75457BBAAF8B50C46054600B9A3
:10624000FEE701B9FEE7028848F641739A4202D19F
:1062500088610020F8BDEFF3108772B6466866B912
:1062600041602C223146204621F06CFE044B304622
:10627000A561636287F31088ECE743F22250F9E7E7
:106280004452AABB0123FFF76DBE002307B500935C
:106290000123FFF7BFFE03B05DF804FB10B500B9A2
:1062A000FEE7446A034B9C42FDD1C0E9071200207F
:1062B00010BD00BF5457BBAA10B500B9FEE7446A31
:1062C000034B9C42FDD1C0E90712002010BD00BF66
:1062D0004452AABB13B5144602B9FEE742F6AC73AA
:1062E00099420FD1104600F027FA236F43B104F111
:1062F0007A026946606F009201220192002298475B
:1063000002B010BD42F6AB739942F9D192F86C30ED
:10631000002BF5D00022636E84F86C20002BEFD0A8
:10632000E16DA06E0091216E01916946E7E70122BF
:1063300000F17A0110B580F87820044600F080F969
:1063400020B1002343F2215084F8783010BD0000C2
:1063500070B504460E4601B9FEE700B9FEE700F04D
:10636000C1F80546002DFDD1B37A224608492046E2
:1063700084F8793000F046F994F87930012B04D193
:106380002046BDE87040FFF7D2BF284670BD00BF71
:10639000D562000070B500B9FEE701B9FEE702B9A9
:1063A000FEE790F86C604EB90126C0E9171280F83C
:1063B0006C6000F083F90028FDD170BD43F22250DB
:1063C000FBE700B9FEE790F87930012B01D1FFF728
:1063D000AEBF0020704700B9FEE7C0E919120020E7
:1063E000704700B9FEE7C0E91C120020704700B9F1
:1063F000FEE700F0CBB90000354B70B553F82040F4
:1064000034B9344B40F24711334A344821F078FA1A
:10641000334B53F82050284603F020FE82020646F4
:106420002BD5284603F004FE830226D5E36823B368
:10643000E1686269531C6361AB69180507D423F4F2
:10644000FD6323F005031B051B0D022B3CD1EB69FB
:1064500003F07F038B54626923699A420DD34FF096
:106460000261284603F0C7FD0023E360636823B19F
:10647000A26842F6AC712046984732021ED52846E3
:1064800003F0D6FD030219D5A369BBB1A269236A43
:10649000591C2162D35CEB61226AE3699A420DD3F5
:1064A0004FF40001284603F0A6FD0023A3616368B2
:1064B00023B1A26842F6AB71204698473146284680
:1064C000BDE8704003F0D6BDEB69DBB2C2E700BFA8
:1064D000CCC300208AD60200BED702009DD602009F
:1064E00058D8020070B50C4686B0054630B93A4B14
:1064F00040F21D21394A3A4821F002FA21B9394BBC
:1065000040F21E21354AF6E78B7B0C2B04D9364B23
:1065100040F21F21314AEEE7344E56F8233023B9BA
:10652000334B4FF408712D4AE5E701A803F02CFD29
:106530006368226801A90193237A8DF80830637A91
:106540008DF80B30A37A003B18BF01238DF815306E
:10655000E37A003B18BF01238DF81430237B003B06
:1065600018BF01238DF80E30637B003B18BF012359
:106570008DF80F3040F20113ADF81230A37B56F8BE
:10658000230003F00FFCA0B9A37B1A492B70E27B18
:106590006A70194A42F8235031F9132031F8133048
:1065A000002A0ADA03F00F03144A1A442023137650
:1065B00001E042F6AF7006B070BD114C2025A11865
:1065C00081F80053012103F01F03520901FA03F37C
:1065D00044F82230EFE700BFE9D60200D6D7020028
:1065E0009DD60200F8D6020007D7020058D8020054
:1065F00050D702008CD80200CCC30020FCEC00E095
:1066000000E100E008B530B9094B40F23231094AE7
:10661000094821F075F94378012B04D1074B40F26A
:106620003631044AF4E7C0E90112002008BD00BF7A
:10663000E9D60200E3D702009DD6020097D70200F8
:1066400010B530B9164B4FF45071164A164821F068
:1066500057F921B9154B40F24131124AF6E722B9F8
:10666000134B40F242310F4AF0E74378012B04D13B
:10667000104B40F246310B4AE8E7C46864B9026146
:106680000D4B02784461C1604FF0026153F8220063
:1066900003F098FC204610BD42F6AA70FBE700BF4D
:1066A000E9D60200FBD702009DD602007ED7020089
:1066B0008BD7020097D7020058D8020010B530B926
:1066C000164B40F25B31164A164821F019F921B9F0
:1066D000154B4FF45771124AF6E722B9134B40F2AB
:1066E0005D310F4AF0E74378012B04D1104B40F2A3
:1066F00061310B4AE8E7846964B9C2610D4B0278E5
:10670000046281614FF4000153F8220003F05AFC47
:10671000204610BD42F6A970FBE700BFE9D6020093
:1067200016D802009DD602007ED702008BD7020049
:1067300097D7020058D8020010B5044630B90E4B66
:1067400040F292310D4A0E4821F0DAF84378012BDD
:1067500004D10C4B40F29631084AF4E7C3684BB1C0
:10676000094B4FF00261027853F8220003F043FC1A
:106770000023E360002010BDE9D602002ED80200FD
:106780009DD6020097D7020058D8020008B530B94C
:10679000054B40F2DB31054A054821F0B1F800789D
:1067A000BDE80840FFF728BEE9D6020043D8020042
:1067B0009DD60200012008B5FFF71EFEBFF34F8FE4
:1067C00008BD022008B5FFF717FEBFF34F8F08BDC5
:1067D000032008B5FFF710FEBFF34F8F08BD04205C
:1067E00008B5FFF709FEBFF34F8F08BD052008B5B8
:1067F000FFF702FEBFF34F8F08BD062008B5FFF775
:10680000FBFDBFF34F8F08BD072008B5FFF7F4FD70
:10681000BFF34F8F08BD082008B5FFF7EDFDBFF3AC
:106820004F8F08BD10B506281FD8DFE810F007000D
:1068300036007800C00008014C017A01D048B1B19F
:10684000D0F8201821F48031C0F82018D0F8201892
:1068500021F0FF010A43C0F82028C0F83038D0F8F2
:10686000003583F48033C0F80035002014E0D0F800
:10687000203843F48033C0F82038D0F8203823F093
:10688000FF031A43C0F82028D0F8003583F4803382
:10689000C0F80035D0F8400810BDB948F9B1D0F8BB
:1068A0005048D0F8501804F4007421F48031C0F836
:1068B0005018D0F8501821F0FF010A43C0F85028B2
:1068C000C0F86038D0F8503883F48073C0F850387E
:1068D000D0F8503803F400739C42F9D0C5E7D0F8E3
:1068E0005018D0F8503801F4007143F48033C0F8E8
:1068F0005038D0F8503823F0FF031A43C0F850281E
:10690000D0F8503883F48073C0F85038D0F850383D
:1069100003F400739942F9D0D0F87008BCE79848A6
:1069200029B3D0F88048D0F8801804F4007421F41A
:106930008031C0F88018D0F8801821F0FF010A4398
:10694000C0F88028C0F89038D0F8803883F480737D
:10695000C0F88038D0F8803803F400739C42F9D036
:10696000D0F8803823F48033C0F880387DE7D0F841
:106970008018D0F8803801F4007143F48033C0F8F7
:106980008038D0F8803823F0FF031A43C0F88028FD
:10699000D0F8803883F48073C0F88038D0F880381D
:1069A00003F400739942F9D0D0F8A00874E7744852
:1069B00029B3D0F8B048D0F8B01804F4007421F42A
:1069C0008031C0F8B018D0F8B01821F0FF010A43A8
:1069D000C0F8B028C0F8C038D0F8B03883F480735D
:1069E000C0F8B038D0F8B03803F400739C42F9D046
:1069F000D0F8B03823F48033C0F8B03835E7D0F899
:106A0000B018D0F8B03801F4007143F48033C0F806
:106A1000B038D0F8B03823F0FF031A43C0F8B028DC
:106A2000D0F8B03883F48073C0F8B038D0F8B038FC
:106A300003F400739942F9D0D0F8D0082CE75048FD
:106A400001B3D0F82049D0F8201904F4007421F4DF
:106A50008031C0F82019D0F8201921F0FF010A4335
:106A6000C0F82029C0F83039D0F8203983F4807379
:106A7000C0F820390346D3F8202902F4007294426A
:106A8000F9D0F2E6D0F82019D0F8203901F40071DD
:106A900043F48033C0F82039D0F8203923F0FF03C5
:106AA0001A43C0F82029D0F8203983F48073C0F845
:106AB00020390346D3F8202902F400729142F9D01C
:106AC000D3F84009E8E62E48A9B1D0F8E01821F43F
:106AD0008031C0F8E018D0F8E01821F0FF010A4337
:106AE000C0F8E028C0F8F038D0F8003483F4004350
:106AF000C0F80034B9E6D0F8E03843F48033C0F889
:106B0000E038D0F8E03823F0FF031A43C0F8E0285B
:106B1000D0F8003483F40043C0F80034D0F81009F2
:106B2000BAE61748A9B1D0F8E01821F48031C0F8CE
:106B3000E018D0F8E01821F0FF010A43C0F8E0287F
:106B4000C0F8F038D0F8703583F00103C0F8703524
:106B50008BE6D0F8E03843F48033C0F8E038D0F862
:106B6000E03823F0FF031A43C0F8E028D0F870356E
:106B700083F00103C0F87035D0F800098CE600BF3F
:106B80000040C84013460A460121FFF74BBE0023D0
:106B90000A461946FFF746BE2DE9F041DDF8188098
:106BA000144605460E4604FA08F41F46FFF7EFFFA9
:106BB0003146444004EA070242402846BDE8F0411D
:106BC000FFF7E0BF2DE9F041EFF3108572B64F4CAF
:106BD000636913F4803325D00023C4F88430BFF3F5
:106BE0004F8F636923F480336361BFF34F8FD4F811
:106BF000803043F6E07CC3F3C907C3F34E335B0137
:106C000003EA0C083E4648EA867E013EC4F874E278
:106C1000F9D2203B13F1200FF2D1BFF34F8FBFF316
:106C20006F8F012359B93A4E3A4F34683F6847F89D
:106C30002420621C032A88BF0A4632600BE0012927
:106C400013D1354E354F34683F6847F8242001345E
:106C5000032C16D83460BFF36F8FBFF34F8FB9B9D1
:106C600000F580300122C2611EE0022903D12C4EC2
:106C70002C4F3468E8E7032905D12B4E2B4F34689D
:106C8000E2E70022D9E785F310880420BDE8F0810F
:106C9000012906D0022935D0032905D100F580202D
:106CA000E0E700F50030C16143B3184A536913F4BB
:106CB000803323D1C2F88430BFF34F8FD2F88030B5
:106CC00043F6E074C3F3C900C3F34E335B0103EA38
:106CD0000407014647EA81760139C2F86062F9D2B9
:106CE000203B13F1200FF2D1BFF34F8F536943F4D0
:106CF00080335361BFF34F8FBFF36F8F85F31088DD
:106D00000020C3E700F54030ACE700BF00ED00E035
:106D100010C4002000C4002014C4002004C40020BB
:106D200018C4002008C400201CC400200CC400208B
:106D3000094AC0B213684340D9070BD500F00103DC
:106D40001360BFF34F8FBFF36F8F10321368434050
:106D5000DB07FBD4704700BF0065CC4070B50B4E1D
:106D600086B01822002104466D4621F0EBF80FCEC4
:106D70000FC596E8030085E803006D460FCD0FC4EC
:106D800095E8030084E8030006B070BDF8C2020075
:106D90002DE9F04F85B004469B46574E04F5802AF6
:106DA000564F04F54038DFF858C1DFF858E1CDE917
:106DB0000212002210461146029B1B788BBB04F581
:106DC0008035ED6B9DB3EFF31082019272B6002B0C
:106DD0003AD1DEF8002004F580301032C06B002874
:106DE0007ED04FF0000952F82900039D854263D1FF
:106DF00009F1010052F8200028B100F07F42B2F101
:106E0000405F18BF0120ABBBDEF80050012205EB4C
:106E10008905C5E9043304F580335A630122002350
:106E200052E0012B07D0022B08D0032B09D0BBF175
:106E3000010FC1D14EE004F50035C2E7D8F83C504F
:106E4000C0E7DAF83C50BDE7012B05D1DCF80020A3
:106E500004F500301032C1E7022B04D13A68D8F8AB
:106E60003C001032BBE7032B40D13268DAF83C001B
:106E70001032B4E7012B09D1DCF8002002EB8902C3
:106E8000C2E9041104F500325363C7E7022B08D1AD
:106E90003B6803EB89090123C9E90411C8F83430C0
:106EA000BCE7032BBAD1336803EB8903C3E90411B0
:106EB0000123CAF83430B1E709F10209B9F1080F2A
:106EC00091D1002201231046019D85F31088BBF16A
:106ED000010F07D10AB941F69C0005B0BDE8F08F5B
:106EE0000246EFE7002B7FF467AFF6E7BBF1010F37
:106EF000F1D0042000225FE70CC4002008C4002069
:106F000004C4002000C40020F0B5C1B017460446F8
:106F1000E8220D4606A800211E4621F013F8144A67
:106F2000144B012FCDE90023134A736814BF134992
:106F30001349039232680293049205910AB9114AE7
:106F4000039293B1059B43F4806305936A462978C5
:106F50002046FFF737FE03460028F7D16A46294648
:106F60002046FFF715FF41B0F0BD064B0193EDE75A
:106F7000060080B020002012040082120600508219
:106F800016005082020000A070B5C0B0164604463C
:106F9000F0220D4604A8002120F0D4FF0E4B0F4A2A
:106FA0000296CDE900230E4B03938EB103F50063E7
:106FB00003936A4629782046FFF704FE034600281B
:106FC000F7D16A4629462046FFF7E2FE40B070BD81
:106FD000044B0193EDE700BF20002012040080B0B5
:106FE00000105082020000A02DE9F041044686B056
:106FF00001200D46FFF79CFE4FF0004328686360B8
:107000004FF0104363604E4B636030B94D4B40F21C
:10701000BE614D4A4D4820F073FC4D4E3022002198
:107020000027306020F08EFF4A4B326804261F6034
:1070300004F5803368685A601032DE605A62DE629E
:1070400090B1DFF82C8130223946C8F8000020F0DA
:1070500079FF414BD8F800201F6004F500335A60D7
:107060001032DE605A62DE62A86888B13B4E302280
:107070000021306020F066FF394B002204211A60A5
:1070800004F5403332685A601032D9605A62D962CE
:10709000E86898B1334E30220021306020F052FF72
:1070A000314B002204211A6004F1041332681A6083
:1070B00004F580231032D9605A62D9622B4B00222A
:1070C000C4F800366B7C297C9B008DF80C2001F005
:1070D000030103F00C030B4343F48053CDE9012279
:1070E000C4F80036D4F8C02612F003020ED0D4F84B
:1070F0000034ABB12B7D0020AA7C5B0243EAC223A3
:10710000AA7D02F003021343E36006E001AB03A98A
:107110002046FFF7F9FE0028E9D006B0BDE8F0816F
:10712000D4F82034002BE5D1D4F84024002AE1D152
:1071300003A92046FFF728FF0028DBD0EDE700BFBA
:1071400000230800A6D802000FD90200C2D802000E
:1071500000C4002010C4002014C4002008C4002073
:1071600018C400200CC400201CC4002041100100E1
:1071700004C400202DE9F84F1C4605460E4618466B
:1071800017461E4924229DF83080DDF834B0DDE931
:107190000AA920F0AFFE236843F009022260BBF188
:1071A000000F1DD06369C4F808B043F40063636145
:1071B000012FC4F8109002BF636943F010036361AC
:1071C000B8F1020FC4E907A910D1636943F48073D1
:1071D0006361224631782846BDE8F84FFFF7F2BCDC
:1071E00043F4403343F009032360E1E7B8F1010FB2
:1071F000EFD1636943F40073EAE700BF1CD90200D2
:107200002DE9F041C6B0044615461F469DF834618D
:1072100041F69C084E9B2A4620460591CDE9026323
:107220004C9BCDE9007306ABFFF7A4FF40450599E1
:10723000F0D020B9034606AA2046FFF7A9FD46B0C4
:10724000BDE8F08100294FF4803214BF04210821E9
:10725000FFF798BC00294FF4004214BF0421082115
:10726000FFF790BC000000000238002138B5C4B21E
:107270002DED028B2046FFF78AFC30210546204683
:10728000FFF785FC202108EE100A2046FFF77FFC5F
:1072900007EE900AB8EE488B05F07F03B8EE675B07
:1072A000012006EE103AC5F3426585EE087B00FA30
:1072B00005F5B8EEC66BBDEC028B37EE066B9FEDA5
:1072C000087B26EE076B07EE905AB8EEE77B86EE5A
:1072D000075BFCEEC57B17EE900A38BDAFF300806C
:1072E0000000000060E37641094A46F66063D15829
:1072F000C9070BD40121D150BFF34F8FBFF36F8F5C
:1073000002F5DC4270321368DB07FCD5704700BF22
:107310000000CC4010B54FF4005204460421FFF7A2
:1073200031FC0649E12000F05FFD20464FF4005299
:107330000821BDE81040FFF725BC00BF00CA9A3BFA
:1073400001282DE9F74304460E4617461D46DDE9A0
:107350000A8904D04FF480420821FFF713FCB9F1E9
:10736000000F0DD0B9F802001021B9F80020C0F3C9
:107370000E0040EA0242204642F40042FFF702FCBF
:10738000424630212046FFF7FDFB3A4620212046A9
:10739000FFF7F8FB00217F23324620460091FFF7DC
:1073A000FBFB012C08D019232A460021204600931C
:1073B0004FF06063FFF7F0FB4FF48002204604219A
:1073C000FFF7E0FB0649642000F00EFD4FF4C042D9
:1073D0000421204603B0BDE8F043FFF7D3BB00BF54
:1073E00000CA9A3B426838B5A2F168030546682B8B
:1073F00005D9314B7821314A314820F081FA314B9F
:10740000D3F80012880422D5D3F800128A431ED183
:10741000D3F800222978D24302EAC13212F4C03FE5
:1074200015D1D3F80022510405D4D3F8002242F438
:107430008042C3F80022234BD3F80022520005D526
:10744000D3F8002222F08042C3F8002238BD1D4C40
:10745000204602F055FFD4F8003213F4C04F23F059
:10746000005322D12C782A79E403164D04F4C03459
:107470001443154A1A40144344F0804343F4005324
:10748000C5F80032BFF34F8FBFF36F8F0F491E2037
:1074900000F0AAFCD5F800329B00FBD524F0804414
:1074A00044F4C044C5F80042D0E723F4C04343F09D
:1074B0008043C4F80032D5E740D90200D5DA020093
:1074C000B1D902000040C840007FFEDF00CA9A3BED
:1074D00038B5414B0446D3F8402212022AD598B160
:1074E000D3F86032027A1D0400D46AB161683A4B65
:1074F0000D88D3F860024B88C3F30E0343EA0543BB
:1075000043EAC233834215D1334BD3F8402290046F
:1075100005D4D3F8402242F40052C3F84022D3F8F5
:107520004022510005D5D3F8402222F08042C3F812
:10753000402238BD284D284602F0E2FED5F87032D0
:10754000264A43F08033C5F87032D5F840321342F2
:1075500007D023F4000323F4005343F08043C5F81D
:1075600040329CB1237A8BB162687AB123681A49A0
:1075700023F040431088C1F8A0325388C3F30E03B0
:1075800043EA004343F40043C1F86032124C1E202A
:10759000134B1449C4F8403200F026FC124B114939
:1075A000FA20C4F8403200F01FFC104BC4F84032FF
:1075B0002346D3F840229200FBD50D4AC3F840225F
:1075C00002F14042C3F84022D3F8702202F07F3229
:1075D000C3F87022ADE700BF0040C8400020800023
:1075E0000800004000CA9A3B08088040080080401C
:1075F00008208040232AF7B506D92B4B40F23511DD
:107600002A4A2B4820F07CF90B2A04D8294B4FF446
:107610009B71264AF5E7022806D0032841D0264B65
:107620004FF4A271214AECE7244E254BCC003F27B2
:107630001D688020A740D3F800C0A0403D40E54031
:10764000AA4206D108250CEA000CCD403CFA05F50B
:1076500025D04025D3F800C0A240A5400CEA050C77
:10766000CDF804C0D3F800C040EA0C0CC3F800C049
:10767000D3F800C02CEA07071F601F683A431A605E
:107680000222346802FA01F1614031601A6822EA8C
:10769000000018601A6801992A408A42FAD003B0A3
:1076A000F0BD084E084BC1E7FFD90200E6DA020040
:1076B000B1D902001DDA02003BDA02005042C84094
:1076C0007042C8402042C8403042C84008B5831EBE
:1076D000DBB2012B06D9154B4FF4C371144A154880
:1076E00020F00EF9C9003F230328134A03FA01F3DF
:1076F0000BD0D2F870021840104BC8400B2809D8A4
:107700000F4B40F29B110A4AE9E7D2F830021840C9
:107710000C4BF2E7232804D90B4B4FF4CE71044AEB
:10772000DDE7B3FBF0F01223584308BD41DA020055
:10773000F4DA0200B1D902000040C84000A4781F6A
:1077400074DA020000389C1C93DA020010B5214C58
:10775000D4F8103213F4001F234614D0D4F81022AA
:10776000910405D4D4F8102242F40052C4F8102237
:10777000D3F81022520005D5D3F8102222F080420F
:10778000C3F8102210BD204602F0BAFDD4F8303202
:1077900011491E2043F08033C4F830320F4BC4F837
:1077A000103200F021FB0E4B0B491E20C4F81032A2
:1077B00000F01AFB0B4BC4F81032D4F810329B00C7
:1077C000FBD5094BC4F8103203F14043C4F8103222
:1077D000D8E700BF0040C84000CA9A3B10000040F4
:1077E00010082040100020401820204008B505282F
:1077F00031D8DFE800F0030F14202C2E194AD2F8FC
:10780000003221B143F40033C2F8003208BD23F442
:107810000033F9E70120BDE80840FFF713BD114A26
:10782000D2F8403221B143F48033C2F84032EDE760
:1078300023F48033F9E70B4AD2F8103221B143F434
:107840008033C2F81032E1E723F48033F9E70220F5
:10785000E1E70320DFE7044B40F22521034A044817
:1078600020F04EF80040C8403BDA020005DB020081
:10787000B1D9020073B52C4D0446284602F040FDF4
:10788000D5F800630121022006F02026FFF7DAFC7C
:10789000B6F1202F1BD1D5F800330021022023F4AC
:1078A0000053C5F80033D5F8003343F48043C5F8DE
:1078B0000033FFF7CFFC4FF4804208210220FFF78E
:1078C00061F94FF4800208210220FFF75BF9164AA4
:1078D000207CD2F8003343F40053C2F800332178FF
:1078E00062686378A56800B1E0680F4CCDE900508C
:1078F0000220FFF725FD0220FFF70CFDD4F800332E
:107900009B00FBD501210220FFF7A4FCD4F8003333
:107910000021022023F48043C4F8003302B0BDE804
:107920007040FFF78FBC00BF0040C84008B5114B46
:1079300000210320D3F8502322F40052C3F850232F
:10794000D3F8502342F48042C3F85023FFF782FC5F
:107950004FF4804208210320FFF714F9002103208F
:10796000FFF778FC4FF4800208210320BDE80840AF
:10797000FFF708B90040C84037B52A4C05462046F5
:1079800002F0BEFC01210846FFF75CFCD4F8C032CF
:1079900043F40053C4F8C0322B7A13B16B68002B48
:1079A0003DD100236FF07042292101201D4CCDE90B
:1079B00000231D4AFFF7C4FC0120FFF7ABFCD4F8FD
:1079C000C0329B00FBD501210846FFF743FCD4F8E9
:1079D000C03223F48043C4F8C0322B78ABB9D4F85A
:1079E000C03223F000736A78C4F8C0320D4B8AB9F4
:1079F000D3F8C02222F0806200210120C3F8C02207
:107A000003B0BDE83040FFF71DBCD4F8C03243F0EE
:107A10000073E8E7D3F8C02242F08062ECE703B0DD
:107A200030BD00BF0040C840AAAAAA0A10B504464B
:107A300030210420FFF7ABF820F4A0623CB942F4F7
:107A4000807230210420BDE81040FFF79BB8012C64
:107A500008BF42F48062F4E708B5052823D8DFE8C0
:107A600000F00503292B1C20144808BD144B0220EC
:107A7000D3F80022D3F80032C3F3C133013300FA44
:107A800003F31048B0FBF3F0D3B258430028ECD115
:107A90000D4B40F2D1510D4A09E00420FFF7E4FB01
:107AA000F4E70520FAE70A4B40F2CE51074A0948AD
:107AB0001FF026FF0848D8E70848D6E700CA9A3BD7
:107AC0000040C84000366E01B2DA020018DB020046
:107AD0003BDA0200B1D9020000A4781F00389C1CD8
:107AE00010B51E2860D8DFE800F010676965696985
:107AF000121216161823252729292B30333537392A
:107B0000393B3D444446464848002D4810BD0020BE
:107B1000FFF7A2FF05E00220FAE700210220FFF7AD
:107B2000D5FD0028F2D1274B4FF4C861264A3FE02B
:107B30000121F3E70221F1E70321EFE70320E7E763
:107B40000320FFF789FF4008EBE700210320E6E769
:107B50000121FBE70221F9E70321F7E70120D7E73D
:107B60000120EEE70120FFF777FF0523B0FBF3F0DC
:107B7000D7E70420CCE70520CAE7144C144A236851
:107B8000C3F30223D05CFFF7ABFF23680246DBB2EE
:107B900001339A42B0FBF3F0C3D20E4B40F6C5015D
:107BA0000D4A0E481FF0ACFE0D4B40F23D61064AF7
:107BB0000C48F7E70C48A9E70C48A7E70C48A5E7ED
:107BC0000024F400B2DA020029DB02000000CC40FD
:107BD00037DB020036CC0200BEDA02003BCC0200EA
:107BE0003BDA0200B1D902000084D717006CDC0236
:107BF00000366E01044B1A6D22F001021A651A6EEE
:107C000042F001021A6670470040C84001207047E8
:107C100008B50846FFF768FB294B4FF00042294999
:107C20009A63294AC3F8A420B1FBF0F200FB1210BA
:107C3000002843D192B21E2A0FD80C2A0FD90D3A30
:107C4000112A3BD8DFE802F00E3A312E3A3A3A2BAD
:107C50003A283A3A0C3A3A3A3A34F02A2BD008BD4C
:107C60004FF0A070D3F8A0104FF4803221F0E071F3
:107C70000843C3F8A000C3F8A8204022C3F8A420FA
:107C80004FF080429A6300225A600D4AD2F8A03029
:107C9000002BFBDA0120E2E74FF08070E2E74FF4BF
:107CA0004000DFE74FF40000DCE74FF48000D9E745
:107CB0004FF0C070D6E74FF0E070D3E70020CEE77A
:107CC0000040434000389C1C0010200001207047F9
:107CD00008B50846FFF708FB294B4FF00042294939
:107CE0009A63294AC3F8A420B1FBF0F200FB1210FA
:107CF000002843D192B21E2A0FD80C2A0FD90D3A70
:107D0000112A3BD8DFE802F00E3A312E3A3A3A2BEC
:107D10003A283A3A0C3A3A3A3A34F02A2BD008BD8B
:107D20004FF0A070D3F8A0104FF4803221F0E07132
:107D30000843C3F8A000C3F8A8204022C3F8A42039
:107D40004FF080429A6300225A600D4AD2F8A03068
:107D5000002BFBDA0120E2E74FF08070E2E74FF4FE
:107D60004000DFE74FF40000DCE74FF48000D9E784
:107D70004FF0C070D6E74FF0E070D3E70020CEE7B9
:107D80000080434000389C1C0010200038B5431E82
:107D90004D420C460B442B40984201D9002038BD7F
:107DA0006FF00402521A9A42F8D3081D184420F0CA
:107DB00083F80028F2D0033443F2390304442C4002
:107DC000201A24F8043C24F8020C2046E7E730F897
:107DD000041C43F23902914204D130F8023CC01A2B
:107DE00020F072B87047000038B5002845D0A0FBDD
:107DF0000145224A002320462946F9F7AFFA0B46EF
:107E00001F4902464FF0FF30A94208BFA04205D2E9
:107E10001C4BC5211C4A1D481FF072FD1C49C86837
:107E2000C50103D4C86840F08070C860194908686B
:107E3000840103D5184B8221184AECE70868C00773
:107E400003D4086840F0010008604968114C5218DA
:107E500043F10003012B08BF002A08D3013243F18C
:107E6000FF33002160688B4208BF8242F9D30021B2
:107E70006068994208BF9042F9D338BD40420F0074
:107E80003F420F00AFDD020069DE0200C3DD0200E9
:107E9000F0ED00E0001000E016DE020053DE02000C
:107EA000F8B5866905460C4606F4C0138661B3F53D
:107EB000C01F3AD0002B38D04B7F06F48016022B1F
:107EC00021D1087D4A7DC3B29042D1B236BF5A1D3E
:107ED0005A1A521AD2B2032A15D83EB3EA6A44F8A3
:107EE00023200133276ADBB2052B28BF002323752B
:107EF000637F013BDBB263772FB1636A40F6573291
:107F000021462846B847637F012B0ED8237F8BB1CB
:107F1000A269237F013BDBB223771368A3613EB1E3
:107F2000EA62637F0133DBB26377F8BDAA6AD6E702
:107F3000AA62F6E716B9EB6AAB62F6E7AB6AEB62E8
:107F4000F3E70000B0F1814F08B505D0034BB52130
:107F5000034A04481FF0D4FC002008BD7CDE020068
:107F6000EADE02009EDE02000A4947F2A002C0B229
:107F70008B584340DB070BD500F001038B50BFF358
:107F80004F8FBFF36F8F044A13684340DB07FBD466
:107F9000704700BF0000CC40B070CC4011F0010F22
:107FA00010B508BF0023046818BF2023890724F4F4
:107FB000807248BF43F0400302601A4302600268C7
:107FC0001A42FCD1046010BD11F0010F0CBF002358
:107FD0004FF480438A07826848BF43F400531A4332
:107FE000826082681A42FCD170470000836C23F0E3
:107FF00000438364836823F4805383600023836099
:10800000836843F4004310B58360846814F400442B
:10801000FBD10321FFF7C2FF0321FFF7D5FF8369DF
:108020008361054B03604FF4504344608460836474
:108030000463446310BD00BF0008004070B50446EF
:108040000D4631B9364B40F21911364A36481FF009
:1080500057FC0B880E7A5E4373075BD14B89590737
:1080600058D1FFF76FFF0120FFF77EFF2046FFF793
:10807000BDFF6A68AB891343EA7B42BB43F480735C
:108080002360AA7B2B7A2ABB022B45D12A88534333
:108090006A8842EA0343720663636B89A3EB0603B3
:1080A0004FEAD3032363A36843F00103A3601FD106
:1080B0004FF040436360A36823F0700343F0200354
:1080C00020460121A360FFF77FFF002070BD43F031
:1080D0008043D3E7042B03D1A36C43F00803A364CC
:1080E000012A03D1A36843F00803A3600123CDE76D
:1080F000B30608D14FF000436360A36823F0700318
:1081000043F01003DCE74FF080436360A36823F083
:108110007003D5E70420D9E7042BE7D1DCE700BFE3
:10812000F8D60200FADE02009EDE02000B0C0268A6
:108130001B0413430360CBB282688909134301F423
:108140007F718360836C19438164704710B50C0C98
:108150000268240422EA0402CCB28909026082681F
:1081600001F47F7122EA04028260826C22EA01013A
:108170008164FFF7E7FE054B4FF08072C3F884205F
:10818000BFF34F8FBFF36F8F10BD00BF00E100E062
:10819000F8B5054617461E460C4631B90E4B40F25F
:1081A00082210E4A0E481FF0ABFB282200212046F8
:1081B0001FF0C8FE2846C4E90876FFF7C3FE094B46
:1081C000094A43F82040094B1A60094B4FF080726E
:1081D0005A600020F8BD00BFE9D6020003DF0200AC
:1081E0009EDE020020C40020A17E000024C40020E6
:1081F00000E100E038B50C4631B91D4B40F2A92131
:108200001C4A1D481FF07CFB0B7F012B2CD9836C73
:1082100023F4402323F0300343F0300383648A695E
:108220000B7F013BDBB20B7713688B6182628A693B
:108230000B7F013BDBB20B7713688B610223C262B9
:108240004B770121FFF7C0FE01234FF4C011A37744
:10825000FFF76CFF836843F480538360836C43F0C3
:1082600000438364002038BD40F65430FBE700BF74
:10827000E9D602001CDF02009EDE020038B505468A
:108280000C4631B9144B40F2DD21144A14481FF05A
:1082900037FB836C4FF4C01123F000438364836881
:1082A00023F480538360FFF751FF617F0023C9B23D
:1082B000A3776377DAB28A4201D3002038BD4AB18E
:1082C000EA6AA06901331060A261227F0132D2B252
:1082D0002277EFE7AA6AF4E7E9D602002EDF020070
:1082E0009EDE020010B5046824F4C01303608B699D
:1082F00013608A610B7F0133DBB20B7704600020CF
:1083000010BD10B54C7D0B7D9C4211D0046824F447
:10831000C01303604B7D51F8233013604B7D013354
:10832000DBB2052B28BF00234B750460002010BD75
:1083300040F65530FBE70000054A4FF0814008B594
:10834000044B11681B689847BFF34F8F08BD00BFEF
:1083500020C4002024C40020836823F0806323F01D
:1083600001038360C36823F01003C360C36843F054
:108370000803C360036923F4606343F4206303616B
:10838000436923F4C0134361436943F48023436189
:10839000704700001F2910B506D90D4B40F201317E
:1083A0000C4A0D481FF0ACFA00EB411241F21C03DD
:1083B000D45AC36A406ACB40C8405B00800003F0D7
:1083C000020300F004000343C4F3C010184310BDBF
:1083D000AFDF020039E0020062DF02002DE9F04168
:1083E000044630B92D4B4FF4AF612D4A2D481FF094
:1083F00087FA037C41F21C078168CB7701EB4311BC
:10840000C368CA5B056802F08006C2F3C01233B9C4
:10841000002D2DD0AC464168BDE8F041604741F2E7
:1084200018000858CF5BC11ABFB24B0916B3DBB2B4
:10843000617C58B28B4226D1E37C217D994201D0E8
:10844000FF0628D4E37C5BB26074E17CC91A49B2B0
:10845000E17415B161682046A8474EB1A36841F2A6
:108460001C01227C03EB4210415AC90600D51A7741
:10847000BDE8F0811F2901D9013BD8E7237D013BED
:1084800003F0FF03D4E7617C49B25B1ADCD5217DA0
:1084900043FA81F3D8E70023D6E700BF0DE00200DE
:1084A00054E0020062DF020000210B4808B5FFF72C
:1084B00071FF420703D5094B1868FFF78FFF1021A2
:1084C0000548FFF767FF430703D5044B186CFFF718
:1084D00085FFBFF34F8F08BD0000074028C4002070
:1084E00001210B4808B5FFF755FF420703D5094B9B
:1084F0005868FFF773FF11210548FFF74BFF43074B
:1085000003D5044B586CFFF769FFBFF34F8F08BDCD
:108510000000074028C4002002210B4808B5FFF7DF
:1085200039FF420703D5094B9868FFF757FF12211F
:108530000548FFF72FFF430703D5044B986CFFF75F
:108540004DFFBFF34F8F08BD0000074028C4002037
:1085500003210B4808B5FFF71DFF420703D5094B60
:10856000D868FFF73BFF13210548FFF713FF4307C8
:1085700003D5044BD86CFFF731FFBFF34F8F08BD15
:108580000000074028C4002004210B4808B5FFF76D
:1085900001FF420703D5094B1869FFF71FFF14219C
:1085A0000548FFF7F7FE430703D5044B186DFFF7A7
:1085B00015FFBFF34F8F08BD0000074028C40020FF
:1085C00005210B4808B5FFF7E5FE420703D5094B27
:1085D0005869FFF703FF15210548FFF7DBFE430746
:1085E00003D5044B586DFFF7F9FEBFF34F8F08BD5D
:1085F0000000074028C4002006210B4808B5FFF7FB
:10860000C9FE420703D5094B9869FFF7E7FE16211B
:108610000548FFF7BFFE430703D5044B986DFFF7EE
:10862000DDFEBFF34F8F08BD0000074028C40020C7
:1086300007210B4808B5FFF7ADFE420703D5094BEC
:10864000D869FFF7CBFE17210548FFF7A3FE4307C4
:1086500003D5044BD86DFFF7C1FEBFF34F8F08BDA4
:108660000000074028C4002008210B4808B5FFF788
:1086700091FE420703D5094B186AFFF7AFFE182198
:108680000548FFF787FE430703D5044B186EFFF735
:10869000A5FEBFF34F8F08BD0000074028C400208F
:1086A00009210B4808B5FFF775FE420703D5094BB2
:1086B000586AFFF793FE19210548FFF76BFE430741
:1086C00003D5044B586EFFF789FEBFF34F8F08BDEB
:1086D0000000074028C400200A210B4808B5FFF716
:1086E00059FE420703D5094B986AFFF777FE1A2116
:1086F0000548FFF74FFE430703D5044B986EFFF77D
:108700006DFEBFF34F8F08BD0000074028C4002056
:108710000B210B4808B5FFF73DFE420703D5094B77
:10872000D86AFFF75BFE1B210548FFF733FE4307BE
:1087300003D5044BD86EFFF751FEBFF34F8F08BD32
:108740000000074028C400200C210B4808B5FFF7A3
:1087500021FE420703D5094B186BFFF73FFE1C2192
:108760000548FFF717FE430703D5044B186FFFF7C3
:1087700035FEBFF34F8F08BD0000074028C400201E
:108780000D210B4808B5FFF705FE420703D5094B3D
:10879000586BFFF723FE1D210548FFF7FBFD43073C
:1087A00003D5044B586FFFF719FEBFF34F8F08BD79
:1087B0000000074028C400200E210B4808B5FFF731
:1087C000E9FD420703D5094B986BFFF707FE1E2111
:1087D0000548FFF7DFFD430703D5044B986FFFF70C
:1087E000FDFDBFF34F8F08BD0000074028C40020E7
:1087F0000F210B4808B5FFF7CDFD420703D5094B04
:10880000D86BFFF7EBFD1F210548FFF7C3FD4307BA
:1088100003D5044BD86FFFF7E1FDBFF34F8F08BDC1
:108820000000074028C4002008B5084B984209D032
:10883000A3F58043984207D0054BB821054A064866
:108840001FF05EF8002008BD0120FCE70040424018
:10885000BCE00200DFE002006FE0020070B50546F8
:108860004668FFF7E1FF0446AB681E4016F0406F14
:1088700009D0134B53F820302BB11249002251F884
:1088800020102846984716F0407F09D00E4B53F829
:1088900024302BB10B490022284651F82410984768
:1088A0000A4B1E420AD00A4B53F8243033B1054A12
:1088B000284652F82410BDE87040184770BD00BF2C
:1088C000C0C40020A8C40020B8C4002000007C6000
:1088D000B0C4002070B504464668FFF7A5FF054602
:1088E000A3681E4016F00C0F09D00C4B53F8203033
:1088F0002BB10B49012251F8201020469847B307AD
:108900000BD0084B53F825303BB1054920460122D6
:1089100051F82510BDE87040184770BDC0C4002054
:10892000A8C40020B8C4002070B504464668FFF70C
:108930007BFF0546A3681E4016F0C00F09D00D4B03
:1089400053F820302BB10C49022251F82010204658
:10895000984716F0300F0BD0084B53F825303BB139
:1089600005492046022251F82510BDE870401847FD
:1089700070BD00BFC0C40020A8C40020B8C400203F
:10898000FFF752BF034808B5FFF768FFBFF34F8FEB
:1089900008BD00BF00404240034808B5FFF7F0FFA4
:1089A000BFF34F8F08BD00BF00404240034808B5E9
:1089B000FFF754FFBFF34F8F08BD00BF00004240D8
:1089C000034808B5FFF786FFBFF34F8F08BD00BF10
:1089D00000004240034808B5FFF7A6FFBFF34F8FE2
:1089E00008BD00BF00004240034808B5FFF7C8FFBC
:1089F000BFF34F8F08BD00BF00004240036843F043
:108A0000010303600368DB07FCD47047D0F8E03053
:108A100013F0020304D0D0F8E00000F0010070472A
:108A20001846704708B5034A7421034B03481EF0EB
:108A300067FF00BF7EE10200F0E00200FCE0020000
:108A400008B568B1084B984209D003F580439842B5
:108A500007D0064B8B21064A06481EF051FF012025
:108A600008BD0220FCE700BF00C00C404CE1020042
:108A70008DE10200FCE0020008B540F60A030B405D
:108A800024D00A0509D40A071AD48A071BD4104B2C
:108A9000E521104A10481EF033FF41F65932416972
:108AA0000B434361D0F8BC3043F00103C0F8BC3045
:108AB000D0F8B83043F00103C0F8B830104608BD14
:108AC00041F65A32EBE741F65B32E8E71A46F5E742
:108AD0003BDA0200A1E10200FCE00200F8B50D461D
:108AE0000446FFF7ADFF564B564A1B5C5B01D1585D
:108AF000C9070AD40121D150BFF34F8FBFF36F8F45
:108B000010321A441368DB07FCD5236820464E4F09
:108B100023F002032360FFF771FFAB7AEA780020AD
:108B20001B0443EA02332A78120102F03002134395
:108B30002A7C43EA02636A7843EA82332A7943EA69
:108B4000C223AA7843EA4233AA7B43EAC213EA7BF0
:108B500043EA82132A8943F0020323606B8A43EAC3
:108B600002436360394BA1682A7D0B4043EA0263EC
:108B70006A7943EAC243AA7943EAC23395F84620A8
:108B800043EAC22395F84720A360E36823F0780303
:108B900043EA821395F8482043EA421395F84920A6
:108BA00043EA021395F84A2043EAC2032A46E360E7
:108BB00004EB8006917E01300632336A082803EA0E
:108BC000070343EAC173117C4FEA016101F0E061E0
:108BD00043EA0103517C4FEA014101F4702143EA69
:108BE0000103518AC1F3C90143EA01033362DFD1B2
:108BF000D4F8B83023F07C03C4F8B8302B7BD4F819
:108C0000B820DB08013B9B0003F07C031343C4F84E
:108C1000B830D4F8BC3023F07C03C4F8BC30EB7A15
:108C2000D4F8BC20DB08013B9B0003F07C0313431A
:108C3000C4F8BC30002323666366A366E366F8BD10
:108C4000CEE102000060CC4000FCF078FF77F70036
:108C500038B508B9FFF7E6FE00F14C0102460023E3
:108C600002F8013B9142FBD14FF4807240F6FF01C4
:108C7000038042804FF6FF72838083714181082117
:108C8000C38120230281017300210274428200F11A
:108C90004602037500F1160303F8011B9A42FBD14B
:108CA000034600F1240401210F25002299760633A2
:108CB0005D745A82A342F9D14FF4807380F83E105C
:108CC00080F844108387A0F842304FF00003A0F8EA
:108CD0004620A0F8482080F84A3038BD10B5520828
:108CE00004462046FFF792FE0028FAD02368C3F31B
:108CF0000113032B31D10B797BBB0868194B9842C8
:108D00002ED88B7C4FF47A704B215843B0FBF1F393
:108D10005943884288BF01335B0203F4FC4343F4A8
:108D2000807302F13001002A44F8213008BF032289
:108D3000216818BF4FF44032DB0721F002012160A7
:108D40000AD5D4F8E83032EA0303FAD1642300BF2D
:108D5000013B13F0FF03FAD110BD4FF48073E0E73D
:108D60007923DEE7FFE0F505F8B504460D46560821
:108D70002046FFF74BFE0028FAD0AB6804EB8200D8
:108D8000E98903666B7CB5F81AC003F01F03354F01
:108D900043EA0143297D07EA0C4743EA8123297B03
:108DA000C90389B20B43297C490101F478710B4353
:108DB000E97CC90201F4F0410B432B490367D0F869
:108DC000803019406B7E1B0703F0E0433B430B43AD
:108DD000A97D41B16F7D01393F02490307F47067F6
:108DE00089B239430B43297E39B10139EF7D4901FD
:108DF00007F00F07C9B239430B43C0F8803029464A
:108E00002046FFF76BFF23682A7F43F002032360AD
:108E1000D4F89430D2B123F00103C4F89430D4F8DC
:108E20009430B6B923F00403C4F89430D4F89430E5
:108E300043EA8203C4F89430236823F002032360DA
:108E40002046FFF7E3FD0028FAD0F8BD43F0010308
:108E5000E3E723F00803C4F89430D4F8943043EAED
:108E6000C203E7E70000FF0F101000803F2970B534
:108E700004461E4606D9104B4FF40B710F4A10489A
:108E80001EF03EFD2046FFF7C1FD0028FAD08031DC
:108E90000C4D0223002004EB8101A561E361B04287
:108EA00003D10123A561E36170BD52F8203041F880
:108EB00020300130F3E700BF72E10200BCE10200A4
:108EC000FCE00200F05AF05A2DE9F843D0F8BC302B
:108ED00006460F461446C3F3840301335D004FEA90
:108EE000C3080CBF4FF00409C14614B92046BDE8C1
:108EF000F88371694B06FCD53046FFF7BDFD0028AD
:108F0000F5D1A04511D8034657F8232003F160019D
:108F1000013346F821209D42F6D84F44A4EB0804C3
:108F2000736943F040037361DFE703340346A40829
:108F300057F8232003F16001013346F821209C42B9
:108F4000F6D107EB84070024EAE72DE9F843D0F8CF
:108F5000B850044688469146C5F384050135EE00B5
:108F60006D0014BF37460427B9F1000F01D1484600
:108F70000DE04E4512D9D4F8F030DBB2B9EBC30F97
:108F80000FD961692046FFF777FD0028F3D0BDE8CF
:108F9000F8832046FFF770FD0028F8D161698B0641
:108FA000F7D561692046FFF767FD0028EFD14E45F0
:108FB00010D800F1400354F8233048F82030013035
:108FC0008542F6D8B844A9EB0609636943F020034B
:108FD0006361C9E709F103094FEA990900F1400308
:108FE00054F8233048F8203001308145F6D108EBA1
:108FF00089084FF00009E8E738B50B790D460446BB
:1090000000EB8303D3F8802042F00042C3F88020B5
:10901000436943F01E0343610B68C0F8A030D0F8E9
:10902000BC3043F00103C0F8BC30D0F8B83043F096
:109030000103C0F8B8304979AA794B1E1204022BFB
:10904000EB7902F4702203F1FF3394BFA88900206A
:109050001B0603F0E06313430343C4F8A430D4F8C1
:10906000B03043F00103C4F8B03001F0FD03012B30
:1090700012D12046D5E90212FFF726FF024620460C
:10908000FFF7C4FC0028FAD06B797BB961692046F0
:10909000BDE83840FFF7F0BC022905D12046D5E9EC
:1090A0000212FFF752FFE9E70022E8E7104638BD59
:1090B000044A0548516808B5044B1B689847BFF33C
:1090C0004F8F08BDC8C4002000C00C40D4C400208D
:1090D0001F2908B505D9084B7121084A08481EF018
:1090E0000FFC012303FA01F112B9C0F8881008BD82
:1090F000C0F88410FBE700BFD1E102005CE202008F
:10910000DBE1020010B50124C3690F2902F1FF322F
:1091100004FA01F488BF103923EA0403C36194BF41
:1091200000F10C0300F11003042A0BD8DFE802F071
:10913000030B151D2400480003211A68814022EA10
:109140000101196010BD4C0003201A680121A040E4
:1091500022EA0002A1401143F3E74C0003201A6801
:109160000221A04022EA0002F4E749000322186825
:1091700002FA01F10143E4E7C3691C43C461E1E77A
:1091800073B5002316460446204A52F8040B844265
:1091900012D00133102BF8D11D4B39211D4A1E4826
:1091A0001EF0AEFB727820460191FFF791FF6368D5
:1091B00001991D43656022E00D2B13D8174AD35C3B
:1091C0008A2B0FD05B01164AD058C0070AD4012061
:1091D000D050BFF34F8FBFF36F8F10321A44136814
:1091E000DB07FCD5012562698D4022EA0502EB43CD
:1091F00062613278002AD5D1626813406360B27828
:10920000204602B0BDE87040FFF77CBF6CE2020070
:1092100028E202004BE20200DBE10200ACE20200C5
:109220000060CC4040010A4BC9B21A584A40D207EC
:109230000CD501F001021A50BFF34F8FBFF36F8FAF
:10924000044A024413684B40DB07FBD4704700BF5D
:109250000060CC401060CC4008B5034A2E21034B7F
:1092600003481EF04DFB00BFC1E30200BAE202005A
:10927000DCE2020038B504460D4629B9334B3C21E7
:10928000334A34481EF03CFB334A002352F8041B97
:109290008C4214D00133072BF8D1FFF7DDFF226891
:1092A0009B0122F4B86203F4E073134342E0636865
:1092B00023F47F6323F00F031343636038BD274A11
:1092C0000121D05CFFF7AEFF00232360236843F445
:1092D00000432360226812F40042FBD12B7A697AA2
:1092E000002B14BF4FF400730023002914BF082182
:1092F00000210B43A97A002914BF202100210B4330
:10930000E97A002914BF102100210B43297B002991
:1093100014BF042100210B43697B002918BF0222DE
:10932000134323602B78052BB9D1236823F4B8634A
:1093300043F4A86323606A68013AB2F5805FB6D34C
:10934000074BDB21074A08489CE700BF28E30200DF
:10935000D1E30200DCE20200F0E302000CE40200D0
:109360003BE30200ADE3020061E3020010B50446F6
:1093700028B9094B7221094A09481EF0C1FA102286
:1093800000211EF0DFFD012323706360054BA36005
:109390004FF48073A38110BDF8D60200DAE3020017
:1093A000DCE2020000010100002808DB0123420981
:1093B00000F01F0003FA00F0014B43F82200704751
:1093C00000E100E040010A4BC9B21A584A40D207F6
:1093D0000CD501F001021A50BFF34F8FBFF36F8F0E
:1093E000044A024413684B40DB07FBD4704700BFBC
:1093F0000060CC401060CC4038B5036904460D468F
:10940000DA0706D50A4B1B681BB10A4A52F821102D
:109410009847D4F81031DB0707D5074B1B6823B1F9
:10942000064A204652F825109847BFF34F8F38BDA3
:10943000F4C40020D8C4002014C50020F8C40020C3
:1094400038B5049D08BB124B9321124A12481EF0F6
:1094500057FA6400013D002DFBD10A25B0FBF4F45E
:109460004FF47A706943B4FBF0F40C48B0FBF4F4A9
:10947000B1FBF4F10531B1FBF5F18A4238BF0A4680
:10948000934228BF1346184638BD0124E3E700BFC6
:1094900013E402000EE5020027E4020040420F0040
:1094A00008B5084A0346002052F8041B994208D028
:1094B00001300728F8D1044B8421044A04481EF0E7
:1094C0001FFA08BDA4E5020075E40200FCE40200F6
:1094D00027E4020010B511F4705402461BD08B042F
:1094E00010D40B0511D44B0512D411F4805F40F257
:1094F00087330CBF002018465461136943F440734E
:10950000136110BD40F28A30F6E740F28930F3E78C
:1095100040F28630F0E72046F3E7436903F04073FA
:10952000B3F1007F0CBF4FF4617000207047000062
:109530001C22002110B504461EF004FD40F2011368
:10954000054A236000232371C4E90223C4E90433DC
:109550000123237610BD00BFA08601002DE9F74F3F
:10956000836A002704694FF00A0AC3F303434FF0EC
:10957000010C04F001044FF0FF3BB946BE460094D5
:1095800065460469023324F0010404610AFB01F416
:109590000194019CB4FBF5F4B4FBF2F4B3FBF5F8D1
:1095A0000534C8F1FE06B4FBFAF43444C8F1780679
:1095B000E4B2B4425FD96D00EDB20EF1010E5FFA74
:1095C0008EFEBEF1080FE4D1342464267D1C4C438A
:1095D000B4FBF2F4B4FBFCF4B3FBFCF3B4FBF6F421
:1095E000FB1A2C1BC3F34703A3425CD81425B1FB21
:1095F000F2F1B1FBFCF4B1FBF5F162080CF10205EC
:10960000A408013AA94204F1FF34D2B2E4B211D95C
:10961000856A0239C5F30365A1EB0C0C816A6545C7
:1096200021F0706138BF5FFA8CF52D0605F070658A
:109630000D4385621204FF1A240609F00709190276
:1096400002F47C1204F07C5407F03F0701F47C51D3
:1096500022430A4317438764436A23F0070343EA1C
:1096600009034362009B1BB1036943F001030361DB
:1096700003B0BDE8F08FB1FBF5F608F10208A04495
:10968000B6FBF8F6B2428CBF961BB61A5E4508D2FE
:109690002746F146AC46002E96D06D00B346EDB29B
:1096A0008BE75E46F9E7013BDBB29DE72DE9F3412D
:1096B00004460D461646FFF7F3FE3D4B0121185CAC
:1096C000FFF780FE0223002023616B78206183F086
:1096D0000102AB78DB0043EA8203AA7D2361216AA1
:1096E0002B7E21F007015B000A4303F002031A43BB
:1096F000EB7D9B0003F004031343EA782362636A63
:1097000023F0E06323F4007343EA42222B791B0623
:1097100003F0E06313436362A065297DA76A39B152
:1097200000900F2301223046FFF78AFE60F31B678B
:10973000697D41B100230122304600930F23FFF7DA
:109740007FFE60F313473146AA682046A762FFF701
:1097500005FF636AE96803F0070849B140F6FF7343
:1097600001223046CDF80080FFF76AFE60F30B0758
:109770002969A76291B140F6FF730122090A3046B8
:10978000CDF80080FFF75CFEE26A0A4B03EA002096
:1097900022F47F2323F470631843E06223692A785C
:1097A00023F001031343236102B0BDE8F08100BF41
:1097B000C0E5020000FF0F00F8B5054617461E463B
:1097C0000C4631B9134B4FF47F71134A13481EF006
:1097D00097F83422002120461EF0B4FB2846FFF7FC
:1097E0005FFE0F4B0F4A43F820400F4B1A60AB69E6
:1097F00023F4785323F00303C4E90B76AB610B4BDE
:1098000033F9100010F1800F03D0BDE8F840FFF7E6
:10981000CBBDF8BDE9D6020026E5020027E4020030
:10982000D8C400209D990000F4C40020C8E50200BF
:109830002DE9F04106460C4631B9464B40F25151F4
:10984000454A46481EF05CF822B9454B40F2525159
:10985000414AF6E7D368042B04D9424B40F25351F6
:109860003D4AEEE79379012B03D15369B3F5806F3D
:109870006AD894F80080B8F1000F68D13046FFF73D
:109880004CFE844600282CD1B369154604F1140718
:1098900023F4785323F00303B361336943F4407333
:1098A00033610FCD0FC7636995E80300DB0787E8D5
:1098B000030019D5A37E012B0CBF022303232370C1
:1098C000636A6360A36A63804FF4FE437361736AE3
:1098D00023F480737362B36943F4785343F0030352
:1098E000B3616046BDE8F081236A04F108000BB95A
:1098F00094F81A80228B48EA420242F48062228164
:1099000003B307461946013915D20133A26A6AB179
:10991000A27E012A0AD1B8F1000F07D1218B40F2B3
:10992000014242EA410220F8132001330122638000
:1099300060602270C8E7E269CD00EA40D2B227F841
:10994000022FE0E70123E1E74FF0040CC9E74FF4F1
:10995000617CC6E7E9D6020065E5020027E4020063
:1099600098E40200A9E402000B78A3B1836923F410
:10997000785323F003038361036943F44073036165
:10998000054B42691340B3F1807F02D14FF400735D
:10999000036600230B707047000200012DE9F14FB0
:1099A00005460C4631B9784B40F2EF51774A78487A
:1099B0001DF0A6FF0878002800F0BE806969638862
:1099C000EE6DEF6D06F007065BB9A36A4BB136B1D9
:1099D000012E06D1052804D163695B0701D421F467
:1099E00080612846FFF776FD8046002840F0C6805B
:1099F000C7F30242C6F104034FF005094FF0040C0F
:109A00004FF0030E40F2FF1A2678013E042E00F2BA
:109A1000B080DFE806F0033F52778B005F1E002B1B
:109A200000F08980636893F801B013F8026B46EA8E
:109A30000B262E6663606388013B9BB2638023BB69
:109A4000A36A23B3666A84F800E06660A67E63803A
:109A5000012E1AD1AE6926F00106AE611E46EF6DE9
:109A600007F00707042FFAD0B6F5807F04D9A6F5D2
:109A70008076C5F860A0F2E7013B6FF0FF0B1E0A8D
:109A80000BFB063646F480762E663B46BCE784F830
:109A900000C0FAE75F1E002B4DD0A36A013BDBB28A
:109AA00043F480732B66A37E84F800E0012BECD195
:109AB000AB6923F00103AB61E7E7A67EB6B95F1E91
:109AC000002B38D063685E1C66601B782B66638849
:109AD000013B9BB26380002BD7D1A67E84F800C0E7
:109AE000B6FA86F67609002ECFD024E0561E12B3C1
:109AF00062682F6F02F1010BC4F804B01770324690
:109B00001F46E4E7666916F0040609D15F1E93B1AB
:109B10004FF400732B663B461F4684F80090E2E743
:109B2000A67E012E0CBF30460126F5E763695E076D
:109B300005D48A0509D440B901B0BDE8F08FA37EF1
:109B4000002BF8D1EB6D5B07F5D1AB69E66A23F426
:109B5000785323F00303AB6100232370002EEBD076
:109B6000236B424621462846B44601B0BDE8F04F7B
:109B70006047084B4FF49F61074A18E72146284683
:109B8000FFF7F2FEE1E700BFE2E4020085E5020034
:109B900027E402003BDA020047E502000121014808
:109BA000FFF72ABC0040104002210148FFF724BC07
:109BB0000080104003210148FFF71EBC00C0104088
:109BC00004210148FFF718BC00001140052101489D
:109BD000FFF712BC0040C34006210148FFF70CBC50
:109BE0000080C34008B5436ADB074CBF034B044BFE
:109BF0001B689847BFF34F8F08BD00BF34C50020D6
:109C000038C5002008B5074B596831B9064B40F6F6
:109C10009D01064A06481DF073FE0648BDE808404F
:109C2000FFF7E0BF18C5002033E60200C9E60200D6
:109C3000E5E502000040114008B5074B996831B9CD
:109C4000064B40F6A601064A06481DF059FE064896
:109C5000BDE80840FFF7C6BF18C500204CE602006B
:109C6000E1E60200E5E502000080114008B5074B7F
:109C7000D96831B9064B40F6AF01064A06481DF0D7
:109C80003FFE0648BDE80840FFF7ACBF18C50020FE
:109C900065E60200F9E60200E5E5020000C01140B9
:109CA00008B5074B196931B9064B40F6B801064AA9
:109CB00006481DF025FE0648BDE80840FFF792BFA4
:109CC00018C500207EE6020011E70200E5E502006B
:109CD0000000124008B5074B596931B9064B40F6F0
:109CE000C101064A06481DF00BFE0648BDE80840C3
:109CF000FFF778BF18C5002097E6020029E70200A9
:109D0000E5E5020000C0C24008B5074B996931B9CA
:109D1000064B40F6CA01064A06481DF0F1FD06480A
:109D2000BDE80840FFF75EBF18C50020B0E602009E
:109D300041E70200E5E502000000C34040010A4B94
:109D4000C9B21A584A40D2070CD501F001021A5084
:109D5000BFF34F8FBFF36F8F044A024413684B4029
:109D6000DB07FBD4704700BF0060CC401060CC40E4
:109D700008B5084A0346002052F8041B994208D04F
:109D800001300D28F8D1044B7B21044A04481DF012
:109D9000B7FD08BDACE80200A8E7020075E80200C4
:109DA00059E702002DE9F84F04460D4629B96D4BDD
:109DB000F2216D4A6D481DF0A3FD0B681BB96C4B79
:109DC000F321694AF6E7097A032903D9694BF5219A
:109DD000654AEFE7697A032903D9674BF621624A9E
:109DE000E8E74FF00A0E00264FEA830998460EFB7B
:109DF00002FA4FF0040C37465FFA8CFBBAFBF9F11C
:109E000005319944B1FBFEF189B2012938BF012126
:109E10000CFB01F00CF1010CB2FBF0F0834234BFFB
:109E2000C01A181A40459EBF80465E460F46BCF1D8
:109E3000210FE1D16422B3FBF2F303EB430343456B
:109E4000C0F08D802046C7F30C07FFF791FF4B4B06
:109E50000121185CFFF772FFA368321F013E43F037
:109E60000203032A4FEA0666A360A36806F0F856C9
:109E700023F00203A360236998BF43F4003323F067
:109E80001F2323F0FF031E433E432661236923F073
:109E900000532361A269EB7B22F4E26229791B0261
:109EA00022F0070203F4E0630A431A43AB7B9B00F2
:109EB00003F0040313436A79012A4BD1002946D0E9
:109EC00023F40063A361EB7922695B0322F400525F
:109ED00003F40053134323616A7A2B7A43EA024363
:109EE000E362A36A43F08803A362A36A43F4404396
:109EF000A3626B7B2A7B1B01616A520103F0100392
:109F000002F0200213430B436362AB7A1BB1636A16
:109F100043F008036362EB7A1BB1636A43F0010309
:109F20006362A979164B174A002918BF1A4663695C
:109F300013432A7C6361A3690AB143F400236A7C5A
:109F40000AB143F480230020A361BDE8F88F43F4F5
:109F50000063B7E70029B5D043F01003B2E740F241
:109F60002150F2E7F8D6020088E8020059E7020023
:109F7000CDE70200E7E702002EE80200E0E8020079
:109F800000C01FE000C01FC010B5044630B90A4B26
:109F900040F20621094A0A481DF0B2FC14220021B1
:109FA0001DF0D0FF00234FF4E1322382C4E90023E7
:109FB000C4E9023310BD00BFF8D6020094E80200E5
:109FC00059E702000B02026903F44043134301F412
:109FD000407221F070410361836A21F4732123F4FC
:109FE000403321F47F61134321F00F0183628369C1
:109FF0001943816170470A02036902F4404223EA6F
:10A00000020301F4407221F070410361836A21F47C
:10A01000732123EA020321F47F6123F4403321F00A
:10A020000F018362836923EA0101816170470000A7
:10A0300081690269084B120A0B4002F040021A4380
:10A040000369806A1B0A00F4407003F08003134325
:10A0500023F440731843704700C3F00F4269836ACA
:10A0600003481B0C03F0C30313431840704700BFA1
:10A07000C3C0FFC110B58B070C4C04EA010407D024
:10A08000826A230422F4703203F440331343836260
:10A09000436903F0785323434361FFF7DFFF204216
:10A0A00040F21A5008BF002010BD00BF03C01FC0FF
:10A0B000044A0548516808B5044B1B689847BFF32C
:10A0C0004F8F08BD3CC5002000C0074070C5002070
:10A0D000044A0548916808B5044B1B689847BFF3CC
:10A0E0004F8F08BD3CC500200000084070C500200F
:10A0F000044A0548D16808B5044B1B689847BFF36C
:10A100004F8F08BD3CC500200040084070C50020AE
:10A11000044A0548116908B5044B1B689847BFF30A
:10A120004F8F08BD3CC500200080084070C500204E
:10A13000044A0548516908B5044B1B689847BFF3AA
:10A140004F8F08BD3CC5002000C0084070C50020EE
:10A15000044A0548916908B5044B1B689847BFF34A
:10A160004F8F08BD3CC500200000094070C500208D
:10A17000044A0548D16908B5044B1B689847BFF3EA
:10A180004F8F08BD3CC500200040094070C500202D
:10A19000044A0548116A08B5044B1B689847BFF389
:10A1A0004F8F08BD3CC500200080094070C50020CD
:10A1B000044A0548516A08B5044B1B689847BFF329
:10A1C0004F8F08BD3CC5002000C0094070C500206D
:10A1D000044A0548916A08B5044B1B689847BFF3C9
:10A1E0004F8F08BD3CC5002000000A4070C500200C
:10A1F000044A0548D16A08B5044B1B689847BFF369
:10A200004F8F08BD3CC500200040C24070C50020F3
:10A21000044A0548116B08B5044B1B689847BFF307
:10A220004F8F08BD3CC500200080C24070C5002093
:10A2300008B5034A2A21034B03481DF061FB00BF08
:10A2400085E90200EDE8020023E90200094AC0B2F4
:10A2500013684340D9070BD500F001031360BFF327
:10A260004F8FBFF36F8F103213684340DB07FBD46F
:10A27000704700BF8062CC4008B5054B984201D0C2
:10A28000FFF7D6FF0120BDE80840FFF7DFBF00BFA2
:10A290000080C440032910B505D9074B5621074A51
:10A2A00007481DF02DFB4FF40003CB40046A1C420D
:10A2B000FCD040F8212010BD6EE9020094E90200B4
:10A2C00023E9020008B5084B196831B9074B40F281
:10A2D0004E31074A07481DF013FB074B07481B6820
:10A2E0009847BFF34F8F08BD74C500200DEA0200E8
:10A2F00024EA0200C1E9020078C500200000C24043
:10A30000002110B504460846FCF741FC40F2051256
:10A3100090420DD000210846FCF734FC054901208D
:10A32000FDF762FDD4F8703543F01003C4F87035C2
:10A3300010BD00BF00CA9A3B10B5D0F810350446D6
:10A34000D1B923F005031E49C0F810354FF47A70D7
:10A35000FDF74AFDD4F8103519494FF47A7023F00F
:10A360002003C4F81035FDF73FFDD4F8103523F471
:10A370000023C4F8103510BD23F001031049C0F8C4
:10A3800010354FF47A70FDF72FFDD4F810350C49D5
:10A390004FF47A7043F40023C4F81035FDF724FD20
:10A3A000D4F8103506494FF47A7043F02003C4F80E
:10A3B0001035FDF719FDD4F8103543F00403D8E744
:10A3C00000CA9A3B10B5D0F830350446D1B143F4F9
:10A3D00000331949C0F830354FF47A70FDF704FDA9
:10A3E000D4F8303514494FF47A7043F48023C4F81C
:10A3F0003035FDF7F9FCD4F8303523F00403C4F808
:10A40000303510BD43F004030B49C0F830354FF42C
:10A410007A70FDF7E9FCD4F8303507494FF47A70CB
:10A4200023F48023C4F83035FDF7DEFCD4F8303552
:10A4300023F40033E3E700BF00CA9A3B002A46D06A
:10A4400001291AD002292DD0002948D1D0F8503541
:10A4500023F0010343F00203C0F85035D0F8603513
:10A4600023F4E05343F0807343F48063C0F8603515
:10A47000D0F860355901FBD57047D0F8503523F03E
:10A480000303C0F85035D0F8603523F4E05343F0AF
:10A49000807343F40063C0F86035D0F860355A012A
:10A4A000FBD57047D0F8503523F00303C0F8503582
:10A4B000D0F8603523F4E05343F0807343F48053C5
:10A4C000C0F86035D0F860355B01FBD57047D0F837
:10A4D000603523F0807323F4E053C0F86035704793
:10A4E00040010A4BC9B21A584A40D2070CD501F0B4
:10A4F00001021A50BFF34F8FBFF36F8F044A02441B
:10A5000013684B40DB07FBD4704700BF0060CC40B2
:10A510001060CC4008B5034A4B21034B03481DF0A3
:10A52000EFF900BFDAEA02003FEA020061EA020046
:10A53000F8B506460F4614462AB95C4B5D215C4AC5
:10A540005C481DF0DDF9D378022B02D1002900F020
:10A55000AA80E079012802D1002F00F0A58086B101
:10A56000554B9E4261D003F580439E425FD003F578
:10A5700080439E425DD003F580439E425BD0FFF74F
:10A58000C9FF33464D4A0121602502EB830305FBD9
:10A590000765D85DFFF7A4FFB6F88E3120789BB22F
:10A5A00043F00F03A6F88E31E378A98803F0030384
:10A5B000627A01F4E65143EAC03360790B43617873
:10A5C000012843EA81334FEAC20101F0380143EA2E
:10A5D0000103A1784FEA012101F4407143EA01032C
:10A5E000E1794FEA81019BB201F0040143EA0103E2
:10A5F00023D002282CD0002835D143F40053AB805F
:10A60000EB88217A23F074031B051B0D43EA013309
:10A61000217909019BB201F070010B43A179032953
:10A620003DD8DFE801F0242F34390123AAE70223C3
:10A63000A8E70323A6E70423A4E7B6F888C10C37EC
:10A640001FFA8CFCB8402CEA0000A6F88801D6E777
:10A650000C370121B6F8880101FA07F70743BFB2AA
:10A66000A6F88871CBE7164B8D21114A68E743F0B5
:10A670000403EB8022B9AB889BB243F04003AB806C
:10A68000002011E023F4806343F40063F1E723F436
:10A69000006343F48063ECE743F44063E9E7084B6D
:10A6A000AB21034A4CE70120F8BD00BF00D70200F0
:10A6B000EAEA020061EA020000C0184015EB02005D
:10A6C0003BDA020010B5044628B90B4BDE210B4AD9
:10A6D0000B481DF015F90A2200211DF033FC002360
:10A6E00023706370E371E3702371A370637223724C
:10A6F000A371637110BD00BF00D70200F3EA02002E
:10A7000061EA02002DE9F04F87B004919DF84010F6
:10A710000591DDE9114132B98A4B4FF48B718A4AB8
:10A720008A481DF0EDF824B9894B40F21711864A8A
:10A73000F6E723B9874B4FF48C71834AF0E721B9D0
:10A74000854B40F21911804AEAE7022B00F2F780AC
:10A750006027049D083207FB0507FE88C6F3021632
:10A7600021FA06F6B6FBF4F6C6F34E0C00241FFAE7
:10A7700086F8013ECCF10001A646A146B6B289B2E8
:10A7800003910CF1FF3189B20291394612F8075C4E
:10A790004FF0640A08FB05F5B5FBFAF50195059D38
:10A7A000BDF804A0032D00F28F80DFE805F0021051
:10A7B000697A2CB9039DE6467D80029D4C81CD814E
:10A7C0004FEA5A05C5F1000A1FFA8AFA0CE01CB9D3
:10A7D0007C80A1F80AC0CE81BDF80450A8EB050A20
:10A7E0004544CAF34F0A6D0812F808BCBBF1010FCB
:10A7F00053D1A1F812A0CD8212F8085C32F804AC53
:10A80000012D66D1A1F830A04FF00A0B4D8C25F038
:10A8100030052D042D0C4D8412F8025CB1F822A0F5
:10A820002D011FFA8AFA05F0300545EA0A054FF0B6
:10A83000080A4D84012505FA0BF512F806BC2DB265
:10A84000BBF1000F75D1B1F822B01FFA8BFB2BEAD8
:10A8500005054D840832049DB0F880B1AA44012555
:10A8600005FA0AFA2C444AEA0B0AE4B21FFA8AFAF9
:10A87000A342A0F880A189D1002007B0BDE8F08FE5
:10A880002CB9039DE6467D80029D4C81CD81AAEBCB
:10A890000E05CEF1000AADB296E7A1F81AA0CD835D
:10A8A000AAE71CB97C80A1F80AC0CE8112F8085C26
:10A8B000012D04D1A1F81290A1F816A09CE7A1F8EF
:10A8C0001A90A1F81EA097E7244B4FF4CD711E4AB1
:10A8D00026E7022DA1F832A017D025D84D8C25F0FF
:10A8E0000C052D042D0C4D8412F8025CB1F822A049
:10A8F000AD001FFA8AFA05F00C0545EA0A054FF08B
:10A90000090B4FF0040A4D8494E74D8C25F00305A4
:10A910002D042D0C4D84B1F822A012F8025C1FFA10
:10A920008AFA05F00305E8E70C4B4FF4E071064A9C
:10A93000F6E6B1F822B045EA0B05ADB289E7012091
:10A940009BE700BFADEA020008EB020061EA0200EB
:10A95000B8EA0200C3EA0200CEEA02003BDA0200D3
:10A96000054B064AD3F80038DB064CBF044B054BB9
:10A970001B681360704700BF0040C8407CC50020C2
:10A980001C0021001C002000014B1B681B6818479D
:10A990007CC500207047000008B5034A8121034BA5
:10A9A00003481CF0ADFF00BFFFEB020029EB0200E3
:10A9B0004CEB0200021F084B9A4209D80023C00842
:10A9C0000B7000B970470B78400801330B70F8E743
:10A9D00042F21370704700BFFCFF3F0010B529B969
:10A9E0000C4BA0210C4A0D481CF08AFF0C4B4FF475
:10A9F0007A72B1FBF3F1B3FBF1F102FB00F3002239
:10AA0000D0B2013201FB00F49C42F9D308B1013805
:10AA1000C0B210BD99EB020010EC02004CEB02003A
:10AA200040420F000C4946F22042C0B28B584340CE
:10AA3000DB070FD500F001038B50BFF34F8FBFF33F
:10AA40006F8F02F1814202F5980210321368434081
:10AA5000DB07FBD4704700BF0000CC4010B50446B4
:10AA600028B90E4BFC210E4A0E481CF049FF142257
:10AA700000211DF067FA4FF47F43012223801F233A
:10AA80002271A370A368227303F07F4343F48213FF
:10AA900043F08503A360044B236110BDACEB0200BF
:10AAA00023EC02004CEB02008524604038B50C46D4
:10AAB00031B91E4B4FF490711D4A1E481CF020FF07
:10AAC0001D4DA8422FD10120FFF7ACFF00231A46ED
:10AAD000191D0133092B45F82120F9D10123164A0C
:10AAE0002B601368DB07FCD4237811689B0003F00C
:10AAF00004030B43617843EA0143A178090601F09E
:10AB0000F8510B4343F002031360237903B1A368A8
:10AB10009360227B084B02B12269DA601A6822F046
:10AB200002021A6038BDFFF737FF00BFBBEB02001F
:10AB300039EC02004CEB020000400D4010B5C46B34
:10AB400044F00104C463C0F8902003F00F0204290C
:10AB50004FD8DFE801F044342F032F00062A27D016
:10AB600003F00D01A1F1080CDCF1000141EB0C0137
:10AB7000072A32D003F00D02092A14BF0022012255
:10AB800012B1029AC0F8A02043F0254343F4B40365
:10AB9000C0F89C30C36BDB07FCD5C36B43F00103EB
:10ABA000C363C36B13F002032AD181BB084610BDF7
:10ABB0000121DDE7941E61426141032ADDE7022A9B
:10ABC00009D0A2F1040CDCF1000141EB0C01032AD5
:10ABD00003D0052AD1E70121F9E70122D0E7A2F14C
:10ABE0000804093A61426141012A8CBF0022012216
:10ABF000C6E70A4B40F28C41094A0A481CF080FE25
:10AC0000C36B43F00203C36342F21170CFE7D0F885
:10AC1000B0101846039A1160C9E700BF3BDA020082
:10AC200057EC02004CEB02002DE9F04F054689B0CD
:10AC300088461E46144632B99A4B4FF4BC719A4A64
:10AC40009A481CF05DFE23B9994B40F27911964A5F
:10AC5000F6E792F82C3023B9964B4FF4BD71924A27
:10AC6000EEE7536803F10043B3F1C04F80F0118168
:10AC700013780593002B00F00F81D2F81CA08E4AA8
:10AC80004FEA1A17B2FBF6F2B7FBF2F7BAB2B2F517
:10AC9000807F00F20481636A0DF11F01D0F80490F7
:10ACA0000393A36AA068D4F820B00493FFF782FE50
:10ACB000002840F0EB8062689DF81F1022F47F604E
:10ACC000059B490020F00F0001F03E01014308F10F
:10ACD000040041F0010145F82010617BA07B0901CF
:10ACE00094F80CC0042801F0700EE17B0CF0030C0A
:10ACF00018BF00024FEA812118BF00F4407001F430
:10AD0000406141EA0E010BBF41EA0C0141EA0C012E
:10AD100041F0800101432964B8F1000F0AD00421F9
:10AD200001FA03F3217829EA030908FA01F149EA53
:10AD3000010169606B683F02059223F00F03BFB207
:10AD40006B6094F82D30D5F85011013B21F03F0194
:10AD50005B0003F03E030B43314643F00103C5F8AB
:10AD60005031207CFFF73AFE314600F00F09607C3D
:10AD7000FFF734FE80463146A07CFFF72FFE3146B8
:10AD80004FEA081800025FFA88F800F4F85048EA21
:10AD90000008E07CFFF722FE3146400348EA09093B
:10ADA00080B240EA0909207DFFF718FE3146000411
:10ADB00000F4702040EA0909607DFFF70FFE31467C
:10ADC000000500F4700040EA09006864A07DFFF708
:10ADD00005FE31468046E07DFFF700FE31468146A4
:10ADE000207EFFF7FBFD049A0221BBFBFAFB48EA39
:10ADF0000B6848EA092949EA0040A864284694F803
:10AE00002C30013B5B0003F00E033B43B2FBFAF72F
:10AE1000039A43EA0763B2FBFAFA0AF1FF3A059A8A
:10AE20004FEA0A4A0AF47F0A43EA0A03EB64234B17
:10AE3000C3F894100021C3F898100F23CDE9001136
:10AE4000FFF77CFE10BB01460C23CDE9000028462D
:10AE50006268FFF773FEC8B901460C23CDE9000014
:10AE600028466268FFF76AFE80B901900146E27BDE
:10AE70002846637B43EA021300930A236268FFF7C4
:10AE80005DFE18B9EB6C43F00103EB6409B0BDE85B
:10AE9000F08F42F21A70F9E742F21770F6E742F2C9
:10AEA0001B70F3E7ACEB020043EC02004CEB02003A
:10AEB000CDEB0200DFEB020000CA9A3B00400D40E0
:10AEC00008B531B9114B40F21711114A11481CF065
:10AED00017FD436843F0004343608B6882681B01A1
:10AEE00022F0F002DBB2134383600B7863B14B684E
:10AEF00082689B0222F4F84203F4F8431343836010
:10AF0000836843F48073836008BD00BFACEB02002C
:10AF1000CBEC02007BEC020010B5044630B9084BC4
:10AF200040F24711074A08481CF0EAFC0C220021B5
:10AF30001DF008F800232370C4E9013310BD00BFE1
:10AF4000ACEB0200DCEC02007BEC020010B5044626
:10AF500030B9074B4FF4AA71064A07481CF0D0FCE1
:10AF6000082200211CF0EEFF00232370636010BD57
:10AF7000ACEB02005BED0200F9EC0200013909299B
:10AF800015D8DFE801F0050A0E151A1F24292E3303
:10AF9000836C23F4007383647047836C23F48063B1
:10AFA000F9E7D0F8A03023F00103C0F8A0307047D3
:10AFB000D0F8A03023F00203F7E7D0F8A03023F058
:10AFC0000403F2E7D0F8A03023F00803EDE7D0F84F
:10AFD000A03023F01003E8E7D0F8A03023F02003DE
:10AFE000E3E7D0F8A03023F04003DEE7D0F8A0304C
:10AFF00023F08003D9E7C36C013943F40073C364C1
:10B00000092915D8DFE801F0050A0E151A1F2429B1
:10B010002E33C36C43F40073C3647047C36C43F4B2
:10B020008063F9E7D0F8A43043F00103C0F8A430FE
:10B030007047D0F8A43043F00203F7E7D0F8A4300B
:10B0400043F00403F2E7D0F8A43043F00803EDE73F
:10B05000D0F8A43043F01003E8E7D0F8A43043F070
:10B060002003E3E7D0F8A43043F04003DEE7D0F854
:10B07000A43043F08003D9E707B531B9124B4FF440
:10B080008F71124A12481CF03BFC0B7863B14B687D
:10B09000826B9B0222F4F84203F4F8431343836368
:10B0A000836B43F48073836301220A48D1B2019118
:10B0B000FFF764FF0199FFF79EFF01320B2AF5D1DC
:10B0C00003B05DF804FB00BFACEB020049ED0200E9
:10B0D000F9EC02000000C940064B80B2C3F8E0085A
:10B0E000C3F8F018D3F8002482F40042C3F8002417
:10B0F000704700BF0040C84080B2074B40F480302A
:10B10000C3F8E008D3F8002482F40042C3F8002416
:10B11000D3F81009704700BF0040C84010B504467E
:10B1200028B90A4B94210A4A0A481CF0E9FB10226C
:10B1300000211CF007FF0023192223706380502395
:10B14000C4E901231423E36010BD00BF00D702004F
:10B15000D8ED020079ED020010B500F11004204690
:10B16000FFF7CAFF01432046BDE81040FFF7B4BF18
:10B1700007EE901ADFED326A9FED327A012AF8EE7F
:10B18000E77A314B9FED316AA7EEA67ADFED307A90
:10B19000D3ED006A76EEA76ADFED2E7A70B5E6EEA3
:10B1A000C67A0446D7EE077A87EE867AFDEEC77A2E
:10B1B00017EE905A19D0022A29D0CABB00F12006F6
:10B1C0003046FFF799FF244920F07F6001EA0541EE
:10B1D00020F4702001433046FFF77EFF4FF48021BA
:10B1E0002046BDE87040FFF7B7BF00F1300630469B
:10B1F000FFF782FF20F47F60C5F30B0120F00F0002
:10B2000001433046FFF768FF4FF40021E8E72030A4
:10B21000FFF772FF20F47F60C5F30B0120F00F00F1
:10B22000014304F12400FFF757FF4FF40031D7E743
:10B230000A4B40F217110A4A0A481CF061FB00BF92
:10B240006F1283BBE17AAC4080C500206F12033CD3
:10B250009A990543B36AE8410000FF0F3BDA020008
:10B26000F0ED020079ED020038B505460C4629B92B
:10B27000164B3021164A17481CF042FB164B103073
:10B28000D3F83034C3F38B2307EE903A134BF8EE28
:10B29000E77AC3ED007A0B78012B0CBF49880021B7
:10B2A00041F48031FFF718FF616828460022FFF75C
:10B2B0005FFFA16828460122FFF75AFFE168284690
:10B2C0000222BDE83840FFF753BF00BFF8D60200A6
:10B2D000CCED020079ED02000040C84080C500209E
:10B2E00008B548B1054B984205D0054B4621054AA3
:10B2F00005481CF005FB012008BD00BF00C003404D
:10B3000004EE020076EE020028EE02000C4946F23E
:10B310006052C0B28B584340DB070FD500F00103E9
:10B320008B50BFF34F8FBFF36F8F02F1814202F555
:10B330009802103213684340DB07FBD4704700BF0C
:10B340000000CC4008B5FFF7CBFF0120BDE8084066
:10B35000FFF7DCBFC2F3460302F0010213B530F879
:10B360001340ADF8044002AC224402F8041CBDF8BE
:10B37000042020F8132002B010BD38B50446EFF3C6
:10B38000108572B6D0F83021D0F82C319A422CD0EA
:10B39000D0F82C21D0F830319A4210D9D0F82C2195
:10B3A000D0F83031D0F83011D21A01F59A7104F288
:10B3B00034702144FAF766FF85F3108838BDD0F861
:10B3C0003031D0F82821D0F83011D21AD0F82C31F1
:10B3D000002BEAD001F59A71014400F5EC60FAF710
:10B3E00051FFD4F82C210021DFE743F22150E3E79D
:10B3F00078B171B1D0F830314A681344C0F83031B7
:10B40000D0F82831D0F830219A4202D30023C0F876
:10B4100030317047D8B1D1B1D0F8303149680B44E0
:10B42000C0F83031D0F82831D0F83011994202D329
:10B430000023C0F830310AB9FFF79FBF43F224530D
:10B440009A4204D10023C0F83031C0F82C31704743
:10B4500030B129B122B9034B1146186806F088BFF4
:10B46000704700BFDCC5002001460122074810B527
:10B47000FAF70BFF044638B9054B4FF0FF31186857
:10B4800007F0C0F8204610BD0124FBE7CC080020DF
:10B49000DCC50020F8B500B9FEE701B9FEE7EFF31F
:10B4A000108572B6244BD3F82C41D3F83021944246
:10B4B00018D0D3F82861D3F82C21D3F83041324486
:10B4C000121BB2FBF6F406FB14220126D3F82871F6
:10B4D0007C1EA21A914221D985F310884FF0FF34C7
:10B4E0002046F8BD00263246F0E7D3F82C4104F19F
:10B4F000010E1C44C3F82CE110F802E084F834E19A
:10B50000D3F82C41A74201D8C3F82CC10132914293
:10B510000C46EADC2EB185F31088E1E70022944660
:10B52000F5E70548FFF729FF85F31088002818BFC5
:10B530004FF0FF34D4E700BF4001002010B50446AF
:10B5400000B9FEE7104B1B68DBB1EFF305832BB9A5
:10B550000E4B4FF0FF31186807F054F82046FFF704
:10B5600083FF00280CBF01244FF0FF34EFF3058365
:10B570002BB906481A461946006806F033FD2046E6
:10B5800010BD4FF0FF34FAE784C5002088C50020C5
:10B5900030B58BB00025344C012A8DF81020ADF861
:10B5A0001250CDE9063140F20113CDE90855ADF84E
:10B5B000223004F54D738DF8260002934FF480631A
:10B5C00003934ED106AB29464FF4F762204605930C
:10B5D0001CF0B8FC4FF40073201D02A9C4F82831F8
:10B5E0002060FAF7CDFD0546002DFDD11F49012051
:10B5F00006F0D4FD1E4B29462A461860032301207D
:10B6000000931C4B06F0ECFB1B4B1C491860206898
:10B61000FAF7F0FD0028FDD1134A194902F23470FF
:10B62000FAF73CFE17492068FAF7E4FD0028FDD13F
:10B630000D4A154902F5EC60FAF730FE134920680F
:10B64000FAF7FAFD0546002DFDD1074A104902F22E
:10B650008C70FAF731FE22680E4B1A6028460BB048
:10B6600030BD43F22155F9E7400100208CC5002090
:10B6700088C50020E0C50020DCC50020740800203B
:10B6800015B40000A0080020F1B30000CC08002091
:10B6900051B4000084C5002010B50B4CD4F82C2107
:10B6A000D4F830319A4201D1002010BDEFF3058368
:10B6B0003BB908F0C5FC0228F0D1012007F072FF69
:10B6C000ECE70120F1E700BF400100202DE9F8433D
:10B6D00007460D4600B9FEE700293BD01E4B18680F
:10B6E000A0B31E4E0C46B046EFF3108972B6D6F8E2
:10B6F0002C21D6F830319A422AD0D6F82821D6F813
:10B700002C11D6F830311144C91AB1FBF2F302FB07
:10B710001313D8F82821013AD11A0ED0A14201D230
:10B7200094420AD3A142A5EB040028BF2146384425
:10B73000FFF7B0FE0028C8BF241A89F3108824B18F
:10B74000FFF7AAFF80B20028CED0281BBDE8F883FF
:10B750000023DEE70846F9E784C500204001002009
:10B760002DE9F843002506460C4690461F46A9469B
:10B77000BD4201DBBDE8F88321684B1C7F2B04D957
:10B780003046FFF7A3FFC4F800902368013506F8A0
:10B790000380236801332360EAE7000030B5A1B0DD
:10B7A0000D46002104467C2201A800911CF0CAFB32
:10B7B000074B186848B12946064B6A46204600F0F8
:10B7C00060F801466846FFF781FF21B030BD00BF39
:10B7D00084C5002061B700000FB407B504A951F873
:10B7E000040B0191FFF7DAFF03B05DF804EB04B03E
:10B7F0007047002307B50DF107008DF80730FFF7FC
:10B800009DFE0028CCBF9DF807004FF0FF3003B02D
:10B810005DF804FBF8B514461D462022431A013496
:10B82000DDE9066739463046A84714F8012D02B90C
:10B83000F8BD012339463046A847F6E7F0B50024A5
:10B8400004700C6824B93023437001231846F0BDFE
:10B85000002B00F1010514BF372757272646013575
:10B86000B4FBF2F402FB1463092B94BF03F1300123
:10B87000F9182B46B24203F8011DA3EB0003EDD9E2
:10B88000E4E72DE9F0471F4690B000230546164631
:10B890000C464FF00A0A039305932A78002A00F019
:10B8A000AC80252A38D0012303A930460135B8479A
:10B8B000F3E70AFB08381546A8F130086B786A1CD4
:10B8C000A3F130010929F4D92E2B05D1154612F820
:10B8D000013F303B092BF9D9A946013599F80120E0
:10B8E00002F0FB03682BF7D0642A01D0692A16D135
:10B8F00054F8043B0A2204A90493012307A8FFF784
:10B900009DFF03AB07AA014602444046CDE9006310
:10B910003B46FFF77FFF0AE04FF00008CEE702F05A
:10B92000DF03462B06D1073424F00704083409F15D
:10B930000205B2E7582B17D154F8043B05A907A814
:10B940000593B2F178034FF0100218BF0123FFF7FF
:10B9500075FF03AB07AA014602444046CDE90063E8
:10B960003B46FFF757FFE2E76F2A1BD0622A19D048
:10B97000702A0BD0752A15D0632A23D154F8042BD2
:10B980000123D2B203A93046B847D0E754F8043BAC
:10B99000042206A905A806931CF0ACFA1022012384
:10B9A00005A9ABE754F8043B6F2A059306D0622A39
:10B9B00006D0702A0CBF10220A22F0E70822EEE718
:10B9C0000222ECE7732A16D154F8045B002DAED0A6
:10B9D0002846013DF5F7E6FE2022A8EB000303A967
:10B9E0003046B84715F8012F002AA0D0012303A93B
:10B9F0003046B847F6E70123C4E7039810B0BDE826
:10BA0000F08720B1436823B15B69006818470320C1
:10BA1000704706207047F0B50C4685B000210546FA
:10BA2000CDE90032039168B3416869B3E6090C2798
:10BA300046EA4406F6B207FB0607397F31BB03A886
:10BA4000F7F717F9012103983977F7F723F914F07D
:10BA5000800F6968286814BF8F68CF682146DDE9C8
:10BA60000032B847044650B103A8F7F702F90C209A
:10BA7000002300FB065503982B77F7F70BF92046B8
:10BA800005B0F0BD0324FAE70624F8E70224F6E740
:10BA90007FB50B7A0446112B35D0122B38D0102BE2
:10BAA0003AD10126002580F8A76001A80195F7F793
:10BAB000E0F8019884F8A860F7F7ECF82A460E2120
:10BAC0002046FFF79EFF01A8F7F7D3F8019884F806
:10BAD000A850F7F7DFF8022304F1900284F8A4508D
:10BAE00084F8A63023461D77C3E905550C339A42E6
:10BAF000F9D123690022012120469847002084F8CB
:10BB0000A75004B070BD0369002202219847F8E7EE
:10BB1000036900220321F9E703F00F02052A1ED86A
:10BB2000DB0943EA42030C2202FB03025069B0B175
:10BB3000086801904868497A02908DF80C1061B14C
:10BB40000022227784F828200C2201A9204602FB3B
:10BB50000343D3E90552A847D3E71177F4E701205F
:10BB6000CFE703460A4610B5C9B1C0B10469C4B1F4
:10BB700090F8A84054B10C7A14F00F0F06D014F0CE
:10BB8000700F03D1BDE81040FFF782BF1146D8689F
:10BB9000F7F7A2F900280CBF0020022010BD0320F7
:10BBA000FCE70120FAE700221146FFF72ABF37B56C
:10BBB0000446D0B1436823B15B680068984700230E
:10BBC0006360E06818B1F7F7DBF90023E360002554
:10BBD00001A80195F7F74DF80198256084F8A55064
:10BBE000F7F758F8284603B030BD0320FBE7000004
:10BBF0002DE9F74306460F469046002A64D00023FD
:10BC000001A80193F7F735F8304B01981D681C46E1
:10BC100065B393F8A530B34228D1F7F73BF8012577
:10BC200029E084F8A560F7F735F82761274B2A4605
:10BC30002F4684F8A56084F8A45084F8A7500132F8
:10BC40001F770C2AC3E9057703F10C03F7D1B31E64
:10BC5000012B14D901A80197F7F70BF80198276079
:10BC6000062584F8A570F7F715F804E0002DD8D064
:10BC70000225F7F70FF8284603B0BDE8F083144B10
:10BC80000821144F63603846E760F7F709F98146E9
:10BC900020B1A7F10800FFF78AFFC0E7C8F800400D
:10BCA000A7F108026368304611461B6898470546AD
:10BCB00030B1A7F10800FFF77AFFC8F80090DAE783
:10BCC000022384F8A630D6E70325D4E7F80800203D
:10BCD00088EE02000009002001F00F0141F0800110
:10BCE000FFF799BE01F00F01FFF795BE20B1436841
:10BCF00023B11B690068184703207047062070476E
:10BD000070B4B8B1C9B1C2B18C7804F00F05052D7B
:10BD100013D8E4090C2644EA45041568526806FB6A
:10BD200004039A6100225D611A770A46022170BC01
:10BD3000FFF767BE032070BC70470420FBE72DE9C6
:10BD4000FF4100270C4601F00F0805468DF807104B
:10BD5000039738B303A8F6F78CFF0123039885F8FF
:10BD6000A830F6F797FF0DF1070203212846FFF7E9
:10BD700048FE064603A8F6F77CFF039885F8A870EE
:10BD8000F6F788FFB8F1050F0ED8E4090C2344EA52
:10BD9000480403FB0453C3E905771F77304604B01A
:10BDA000BDE8F0810326F9E70426F7E707B58DF82B
:10BDB000071001F00F01052907D80DF10702042132
:10BDC000FFF71FFE03B05DF804FB0420FAE707B598
:10BDD0008DF8071001F00F01052907D80DF10702B2
:10BDE0000521FFF70EFE03B05DF804FB0420FAE71F
:10BDF000DAB1023906291AD8DFE801F00407111375
:10BE0000090E15000F21FFF7FCBD1021FBE790F88C
:10BE1000A63000201370704790F8A430F9E706218F
:10BE2000F1E70721EFE70921EDE704207047012042
:10BE3000704703390B292BD8DFE801F0062A2A09BD
:10BE40000F2A2A2628222A241121FFF7DABDFAB167
:10BE5000137880F8A6300020704790F8A630032BA6
:10BE60000AD0AAB11378142100F1A40280F8A430FA
:10BE7000032380F8A630E8E700F1A4020821E4E7F4
:10BE80000A21E2E70B21E0E70C21DEE70D21DCE7E8
:10BE9000012070471FB5044678B100234FF0FF32F0
:10BEA00001A9C068ADF80C30CDE90133F7F748F8C7
:10BEB00018B901A92046FFF7EBFD04B010BD436996
:10BEC00003F1200203F500718361F0B51A6020329E
:10BED0001B688A42FAD10022056900F11C0400F1B6
:10BEE0004C071A6010234FF0010E4FF0400C80F801
:10BEF0007C304368D3F8401121F47F01C3F840112E
:10BF0000D3F84011C3F84011D3F8A81141F008014B
:10BF1000C3F8A811D3F8A81121F00401C3F8A8119F
:10BF20002946C1F808E0403151F8406C6CF31A46DC
:10BF300041F8406C11F8086C44F8042BA74262F3F6
:10BF40000006E26201F8086CEBD140F24711C3F839
:10BF50005851C3F85421C3F8481180F87E20F0BD31
:10BF60002DE9F04F0D4689B01F46CB094900044624
:10BF70000393002301F01E010592079341EAD51BAC
:10BF8000002800F0FA8003694FEA8B1803EB8B134B
:10BF900093F8386016F0010600F0F18090F87E30DA
:10BFA000A3B907F57F5307A83F33B3F5804F2CBFE4
:10BFB0004FEA93394FF00109F6F75BFE94F87CC025
:10BFC000CC4507D202260798F6F764FE304609B042
:10BFD000BDE8F08F4FF00009D4F818A004EB8B01F6
:10BFE000CE46DAF80020B7F5804F02983B46019222
:10BFF000524628BF4FF480430497BEF1000F08BF9C
:10C000001046DDF804A00CF1FF3CFF1A02904FF03F
:10C0100001005FFA8CFC10604FF000005060059842
:10C0200070449060906800F5805020F47F6020F0AC
:10C030000F00D060D06800F580501061106900F5E5
:10C0400080505061506900F580509061506863F3F2
:10C050001E405060D069D2F808B063F31E30CBF3B5
:10C060000B0BD06120F0004020F47F6020F00F0027
:10C0700040EA0B00D06103D1506840F400405060AA
:10C0800050684FF0800B9E446BF307005060C86C03
:10C0900000283BD00260CA64002FA2D1019A15F09B
:10C0A0000F0184F87CC0A2611CD1039AD2B122692D
:10C0B00002EB080090F83800800713D5049888B187
:10C0C000D08E98420ED952F80800C0F30A40B3FB54
:10C0D000F0FC00FB1C332BB952F8083067F35D739A
:10C0E00042F80830ED08012305F010050D4303FA6E
:10C0F00005F5B9F1000F21D16368D3F8B0212A42C8
:10C1000008D007980026F6F7C5FD5FE7B146CA617B
:10C11000CA64C1E7D3F8402142F48042C3F8402109
:10C12000D3F8B811D3F840215204F3D5D3F8402105
:10C130000D4222F48042C3F84021E2D123699844A1
:10C14000029BC8F808300023C8F80C30BFF34F8FAB
:10C150000C4A6368C3F8B051D3F8B8112942D0D162
:10C16000013A03D10798F6F795FD2FE7D3F8BC11F4
:10C170002942C6D1C3F8B051EEE7032626E70126CF
:10C1800024E700BF809698002DE9FF4702EB4109A4
:10C19000002541EAC212064600EB8908DFF8B4A088
:10C1A0004FEA8919D8F81C40D7B224F01F04CDE912
:10C1B000015514B904B0BDE8F087019B3BB9A368F1
:10C1C000A28B03EA0A03C2F30B02134301936368D1
:10C1D0001A0638D4E2696168C2F31233029AC1F3D5
:10C1E0000E415B1A1344D8F84C200293D8F81C3047
:10C1F00093422BD1C8F81C500122C8F84C50336927
:10C200004B449A60DD6063681B0404D4D8F81C308A
:10C2100033F01F0309D101A930688DF80C708DF837
:10C220000D50FFF79EFCCDE90155B36965602360B1
:10C2300096F87C30B461013386F87C30D8F81C4025
:10C2400024F01F04B5E74FF0FF33CCE71B68C8F8B4
:10C250001C30D8E700F0FFFF2DE9F041304B86B0ED
:10C26000054688460193A3F58043174602932D4B5C
:10C2700093E8070006AB03E90700AB1EDAB2012A18
:10C2800048D8294A1678002E46D10121274C284645
:10C290001170274A84F87F50013D626102F5006207
:10C2A000EDB2226106AA02EB830353F8143C6360EB
:10C2B00005F092F806ABA06003EB850555F80C3C41
:10C2C000E3606368D3F8402142F00202C3F84021E2
:10C2D000D3F840219207FBD4D3F8242102F01F02A7
:10C2E000052A84F87D2019D9D3F8A8210F4822F017
:10C2F0000302C4F80080C3F8A821D3F8A82142F0B3
:10C300000202C3F8A821FFF7DAFD3C60304606B010
:10C31000BDE8F0810626F9E70326F7E70126F5E7F1
:10C320000000434010C30200B4C6002030C6002005
:10C330000010002008B9032070470B4B984202D12F
:10C340000A4B00221A7043680020C3F84801D3F852
:10C35000402122F00102C3F84021D3F8402142F0ED
:10C360000202C3F84021704730C60020B4C6002046
:10C3700001F00F0141F08001FFF7F2BD01F00F0164
:10C38000FFF7EEBD2DE9FF474FEAD10801F00F039B
:10C390004C00002608F010080F4604F01E04054665
:10C3A00048EA03034FF0010844EAD114009608FA62
:10C3B00003F8002800F084806846F6F75AFC4FF036
:10C3C000FF330FFA84FE019605EB84040293E269C1
:10C3D00022F01F0213468BB919461E46DFF8E4907F
:10C3E0009C469AB901B101932B6903EB8E1E012380
:10C3F000CEF808300023CEF80C3050E0D97F41F061
:10C400008001D9771B6823F01F03E4E792F91F002E
:10C41000002842DA5068000627D43BB99168938B14
:10C4200001EA0901C3F30B030B430121D4F81CA05B
:10C43000E06C82452BD1C4F81CC0C4F84CC05068D5
:10C44000000428D4E06930F01F0008BF0126A86965
:10C45000C2F804C01060AA6195F87C20013285F80A
:10C460007C20E26922F01F02BBE76868D0F8B4A123
:10C470004AEA080AC0F8B4A1D0F8B4A11AEA080F31
:10C48000FAD1D0F8B8A11AEA080FEFD1C5E7DAF867
:10C490000000E061D3E70126D9E701B101930098DC
:10C4A000F6F7F8FB46B1002601A928688DF80C7054
:10C4B0008DF80D60FFF755FB304604B0BDE8F087FE
:10C4C0000326F9E700F0FFFFCA0803692DE9F041F0
:10C4D00002F0100201F00F04012605462243CF09A5
:10C4E0009640620042EAD11203EB82134FEA8218AF
:10C4F00093F838206FF3000283F83820FFF742FFEB
:10C500006B68D3F8B021324224D1D3F8B82132403D
:10C5100020D1296941F808206CB9002FD3F8C02137
:10C5200014BF6FF40D016FF08D010A40C3F8C021F4
:10C530002046BDE8F08103EB8404002FD4F8C0311D
:10C5400014BF6FF40D016FF08D010B40C4F8C031C2
:10C550001446EDE70224EBE72DE9F74F0C461646AB
:10C560000546002800F0AC81142900F2AB81DFE819
:10C5700011F0150020002900B900C200E9001901DE
:10C580001F012700A901A901A9015101A9018F01DA
:10C59000A201A901A901A901A90147014268D2F894
:10C5A000403143F00103C2F84031204603B0BDE8FA
:10C5B000F08F4268D2F8403123F00103C2F84031D5
:10C5C0000024F2E7002A00F07D8192F802A092F8A0
:10C5D00003B04FEADA090AF00F08514609F01009D2
:10C5E00049EA08034FF0010909FA03F91388019396
:10C5F000FFF7C8FE6F68D7F8B02119EA020FD4D14F
:10C60000D7F8B82119EA0209CFD1019B4FEA4801B6
:10C610002A694FEADA1CC3F30A0E0BF0030341EA5E
:10C62000DA11012B4FEA811002EB81112BD13488F2
:10C63000BEF5806F1558C4F3C12428BF4FF4806E37
:10C64000013464F39F751550145891F838506EF307
:10C650001A441450347964F3410581F83850B8F124
:10C66000000F15D1145844F000541450145844F4D9
:10C6700000441450D7F8C021BCF1000F1ED19B001C
:10C6800043F0C0031DE0145869F39F741450DBE7B6
:10C69000B4FA84F41558640964F35D7515501458A0
:10C6A0006FF3CF34145007EB8802D2F8C001BCF10D
:10C6B000000F10D19B0043F0C0030FE09B0443F434
:10C6C00040031343C7F8C03191F8383043F00103F9
:10C6D00081F8383074E79B0443F440030343C2F805
:10C6E000C031F1E7002A00F0ED80117803B0BDE819
:10C6F000F04FFFF7E9BE002A00F0E480167816F04C
:10C700000F040ED12146FFF73DFE80212846FFF79A
:10C7100039FE6A68D2F8C03143F00113C2F8C03163
:10C7200043E73146FFF72EFE6B68F20903EB840402
:10C7300014BF4FF480320122D4F8C0311343C4F83F
:10C74000C0313DE7002A00F0BD8011786B6811F020
:10C750000F024FEAD1100ED10028D3F8C02114BF28
:10C760006FF480306FF0010002402846C3F8C0210A
:10C77000FFF708FE24E7002803EB820318BF6FF4DD
:10C780008030D3F8C02108BF6FF0010002EA000238
:10C7900014BF4FF480004020C3F8C021D3F8C0215B
:10C7A0000243E2E7002A00F08D8000241480FCE6BA
:10C7B000002A00F08780137803F00F04052C00F2A4
:10C7C0008180DB09426874B16F34002B02EB840274
:10C7D00014BF4FF48033012352681A4214BF01235F
:10C7E00000237380ECE6002BD2F8C02114BF4FF475
:10C7F000803301231A4214BF012300237380D4E63F
:10C80000002A5FD0337842685B0643F08073C2F839
:10C810005431D5E64268D2F8A43143F4FE03C2F89D
:10C82000A4314FF0FF3283681A60AB681C6B14F0C0
:10C8300000542BD16A68D2F8441141F08001C2F84B
:10C840004411D3F8C41041F48021C3F8C410D2F8C5
:10C85000841141F40001C2F884111A6BE96842F4B2
:10C86000600242F400721A630A6842F0005242F415
:10C8700040320A600A6842F480620A601A6B42F031
:10C8800080421A63012385F881308EE600BFCCE731
:10C89000002464F07F01E6B228460134C9B2FFF7F4
:10C8A00013FE31462846FFF70FFE062CF1D128462D
:10C8B000FFF705FB84E62AB190F8803013707FE61D
:10C8C000032472E6012470E62DE9F04F87B00028BA
:10C8D00000F08E800468E268636811684D050CD52D
:10C8E0001168002909DAD3F8841121F40001C3F892
:10C8F0008411116821F480611160D3F84411D3F8D8
:10C90000482101EA020818F0400FC3F8448118D00A
:10C91000D3F8AC214FF0FF11C3F8AC21D3F8BC2100
:10C92000C3F8BC21C3F8B411D3F8B02112F0FF1F33
:10C93000F8D1D3F8843113F480735CD0012384F8E8
:10C940007E3018F0010F0CD06368D3F8AC61002E74
:10C950005BD16268D2F8BC31C2F8BC31002B40F028
:10C960009B8018F0040F31D000238DF815306268D9
:10C97000D2F8845115F48075CDE9033314D1D2F87F
:10C98000843113F4007F14BF0223002384F8803025
:10C9900094F87E3043B1102303A98DF81430206839
:10C9A000FFF7DFF884F87E5094F8813073B1636844
:10C9B000D3F8843113F0800308D184F88130122336
:10C9C00003A98DF814302068FFF7CBF818F4807FA6
:10C9D0000ED06368D3F884311B0609D5002303A960
:10C9E000CDE903331123ADF814302068FFF7B9F80F
:10C9F00007B0BDE8F08FCDE90333102303A9ADF8EC
:10CA000014302068FFF7ADF89BE70025012726FAD0
:10CA100005F35FFA85F9D8073AD5236949462046D8
:10CA20004FEAC51A03EBC51B1BF8302FD209009241
:10CA3000FFF7AAFB009A2046494682F00102FFF761
:10CA4000A3FB08238DF8149007FA05F28DF81570F2
:10CA500004936368CDF80CB0C3F8AC21226952444A
:10CA6000D2E90A0CD3F8401141F40051C3F8401147
:10CA7000D3F840118904F5D503A9C2E90C0CD3F809
:10CA80004021206822F40052C3F84021FFF769F8E2
:10CA90000135062DBBD15CE74FF0000B23FA0BF2FA
:10CAA0005FFA8BF7D60705D40BF1010BBBF1200F12
:10CAB000F4D156E7BBF10F0F85BF103F01220022D2
:10CAC000FFB2052FF0D802EB470900215FFA89F980
:10CAD000CDE9031167B95AB1216991F8780085074A
:10CAE00006D5086C800003D4086C40F00050086440
:10CAF00004EB89064FF0000A47EAC211F56907EB1B
:10CB0000021701224FEA891925F01F05009102FA48
:10CB100007F7002DC8D0F56925F01F052A465AB140
:10CB20005168090602D4516808046DD55168090698
:10CB3000BAD452681204B7D5002DB5D0696808067A
:10CB4000E7D4039949B9A968A88B21F47F61C0F3A0
:10CB50000B0021F00F01014303916868E969C0F3FC
:10CB60000E40C1F31231091A04980144F06C04918B
:10CB7000F16981424CD1C6F81CA00122C6F84CA034
:10CB8000216949448A60C1F80CA06968090403D48A
:10CB9000F16931F01F020CD1019303A9009B8DF8BC
:10CBA00015A08DF814302068FEF7DBFF019BCDE95E
:10CBB00003AAA169C5F804A0296094F87C10A561B6
:10CBC000013184F87C10F16931F01F013FF46CAF42
:10CBD00048680D460206AFD56268C2F8B071D2F857
:10CBE000B8010742A8D1D2F8B0010742FBD1D2F870
:10CBF000B80117EA000E9FD1206948448160C0F84F
:10CC00000CE0C2F8B07197E7126822F01F0286E7C5
:10CC10000968F161B9E770B5134606690022044658
:10CC20000D46826116B111464069B0472946206819
:10CC3000BDE8704003F011BA2DE9F3410F461646E6
:10CC40001D46BDF82080044648B301A9006803F0E2
:10CC5000E7F930BB0A9B019A23610B9BD0696361A2
:10CC6000099BC2E90138104BC2E9043407704670D1
:10CC7000A36845809B6CE1689B78A0F80680838060
:10CC8000206803F069F938B10199206803F0E5F9EB
:10CC9000012002B0BDE8F081019BA361F9E7032008
:10CCA000F7E70220F5E700BFADCC000070B51346F2
:10CCB0000669002204460D4682611EB1CA684069B9
:10CCC0004968B04729462068BDE8704003F0C5B9FF
:10CCD000F7B506461C200F46F5F7BCFF0446A0B189
:10CCE000002501AA082146608560304603F0CDF991
:10CCF000019B01AA09212360304603F0C6F9019B7C
:10CD00002846E3603C6003B0F0BD0C20FBE7000068
:10CD1000F7B5089F14461E460546002834D08160AA
:10CD2000406801F0CBFA002830D144B926B123463F
:10CD3000224621463846B047204603B0F0BD01A93F
:10CD4000286803F06DF918BB019A40F60131114BC8
:10CD5000C5E90467C2E90435D3691980A968896CFB
:10CD600089785C809980D880E968C2E901002868E8
:10CD700003F0F2F8044610B9019BAB61DCE70199BE
:10CD8000286803F06AF9D7E70424D5E70446D3E717
:10CD90000124D1E717CC000070B50D460646C8B196
:10CDA000A1B1C96871B1AA6972B1286803F027F905
:10CDB0000446A968304601F0BDFA2846F5F757FF4A
:10CDC000204670BD0C46F4E71446F2E72C4601F00D
:10CDD000B1FAF5E70324F3E71FB5CDE902230022FA
:10CDE000CBB22121CDE90022FFF726FF05B05DF887
:10CDF00004FB1FB5079C9BB20394069C0093CBB227
:10CE00002121CDE901240122FFF716FF04B010BD56
:10CE10001FB5079C9BB20394069C00930B46A1216F
:10CE2000CDE901240222FFF707FF04B010BD1FB5B2
:10CE3000CDE90223062301910322A12100930023BF
:10CE4000FFF7FAFE05B05DF804FB70B5066A04460C
:10CE50000D4613461EB1CA68406A4968B047294664
:10CE60006068BDE8704003F0F8B8406803F0F5B8BA
:10CE700070B51346866A002204460D46C2611EB193
:10CE8000CA68C06A4968B04729466068BDE8704012
:10CE900003F0E3B82DE9F3411D46C36904460F468C
:10CEA0001646BDF8288043BB01A9406803F0B8F8D6
:10CEB000E0B90B9B019AA3620C9BD069E362099BCA
:10CEC000C2E901380E4BC2E90434BDF820300770C6
:10CED000467045808380A0F806802169606803F071
:10CEE0003BF828B10199606803F0B7F8012001E030
:10CEF000019BE36102B0BDE8F0810220FAE700BFC8
:10CF000071CE0000F7B5002506464C200F46F5F718
:10CF1000A1FE0195044678B320210820FAF736FFD8
:10CF2000202160630420FAF731FF202120640420CF
:10CF3000FAF72CFF2021E0630120FAF727FF01AA6E
:10CF40000821A0633046C4E9026503F09EF8019B06
:10CF500001AA09216360304603F097F8019B01AAFA
:10CF600007212361304603F090F8019B284684F89E
:10CF700032303C6003B0F0BD0C20FBE72DE9F043FC
:10CF80000E4685B090461F460546002860D0C16019
:10CF9000806801F093F904468146002852D16969FE
:10CFA00051B10246686803F02AF86969686802F0BE
:10CFB000A6FF0446C5F8149096F854C000234FF01D
:10CFC0000C0EDAB294450AD8B8F1000F39D1002F0F
:10CFD00038D04346424641460C98B84732E00EFBF3
:10CFE00003F2B05890F90210827800292EDAC17845
:10CFF00001F00301032929D1AB68009302F00F036C
:10D000006A468DF8093083798DF8083043790179C3
:10D01000686841EA032140F20133ADF80A30002389
:10D02000C1F30A018DF80C3040F6B833ADF80610A4
:10D0300005F11401ADF8043002F058FF0446002851
:10D04000C2D00124204605B0BDE8F0830133B8E723
:10D050000324F7E770B50C46064680B359B3496917
:10D0600039B30022606802F0CAFF6169606802F0AB
:10D0700046FF002305466361216929B1E2691AB1BF
:10D08000606802F0BCFF0546E168304601F052F9E5
:10D09000606BFAF79CFE206CFAF799FEE06BFAF7EA
:10D0A00096FEA06BFAF793FE2046F5F7E0FD2846C2
:10D0B00070BD0D46E0E7254601F03CF9F7E7032592
:10D0C000F5E70000F7B50E4615461F460446C0B109
:10D0D00001A9406802F0A4FF88B9089B019A636225
:10D0E000094B276261696068C2E90165C2E90434DD
:10D0F00002F060FF30B10199606802F0AEFF0120DC
:10D1000000E0032003B0F0BD4BCE000037B50D4664
:10D110000446F0B101A9406802F082FFD8B9019A33
:10D1200040F223310D4BC2E90434D369C2E9010056
:10D1300019800421D8805980606821699D8002F09F
:10D140000BFF20B10199606802F087FF012003B056
:10D1500030BD0320FBE70220F9E700BF6BCE0000E3
:10D1600010B586B0089CCDE903340023CDE9011247
:10D170000622A0210093FFF78DFE06B010BD7FB5FB
:10D18000CDE9032300230122CDE9013300930B46AF
:10D190002021FFF77FFE07B05DF804FB10B586B0D5
:10D1A000089CCDE903340023CDE901121A46A021E1
:10D1B0000093FFF76FFE06B010BD10B586B0089C57
:10D1C00000912321CDE903340023CDE90133134637
:10D1D0000322FFF75FFE06B010BD10B586B0089CB5
:10D1E00000912321CDE903340023CDE90133134617
:10D1F0000122FFF74FFE06B010BD10B586B0099CA6
:10D200000494089CCDE902340023CDE900121A46AB
:10D21000A321FFF73FFE06B010BD000013B5044682
:10D2200078B190F8483063B990F84520064BD208A1
:10D230000090816B0132FFF745FF10B9032384F89A
:10D24000483002B010BD00BFF1D500002DE9F04319
:10D2500090F8471085B0D0F81890044601F10058B6
:10D2600008F1FF3809EBC80559F838202B79002A56
:10D2700040F09180023B0392082B4CD8DFE803F08A
:10D2800005156E474E54566E700003232B712046D1
:10D29000794B226C009304230194FFF7AEFF002822
:10D2A00039D1022384F848301EE0036C1B68DE038A
:10D2B00008D5042310222B716F4B00902046FFF7F6
:10D2C0008CFFECE7D80712D50623042220462B71E9
:10D2D000694B0094FFF771FFE8B9022384F84830E6
:10D2E0006B790BB1013B6B7105B0BDE8F083DA02DD
:10D2F00009D49F0309D41E030DD5132202232B71D9
:10D300005D4B0094DAE71422F8E71122F6E7036C8C
:10D310001B68D807D8D402232B7134E007232B7164
:10D320002046FFF77BFFDFE70823AFE7036C1B68AE
:10D33000DA02F0D56A7972B90A225F052A7105D539
:10D340000223AB714C4B14220094B7E713F4007323
:10D3500018BF0123F5E709232B71F3E7052395E7B0
:10D3600003AA0121806802F090FE94F83230A97976
:10D3700001339DF80C206068DBB20195009394F8AE
:10D38000473000F06DFE00233C4A84F8473053607C
:10D3900001236B71C4E70A3B4768062B12D8DFE80C
:10D3A00003F004194042545604000B232B71324BF6
:10D3B000226C0093042301942046FFF71EFF0028EF
:10D3C0003FF46FAF0A232D4A2B710023536084F87A
:10D3D0004730A5E7226C0C2013682871DE0306D5C0
:10D3E000254B102200942046FFF7F7FEE7E798034D
:10D3F00003D5214B11220094F5E75B030AD51E4BA0
:10D40000122220460094FFF7E8FE0028DAD10E230E
:10D410002B7146E70D232B71174B019400930423C6
:10D42000CAE70D23C2E7236C1E6816F00106C9D1B6
:10D430000223114638462B7100F0E9FE0F4B49F8E4
:10D4400038605E6084F847606AE70F23AEE7226CBD
:10D450007B681668D7F8DC0216F0040605D01022A7
:10D4600000212A7107229847ACE70A2231462A7127
:10D470009847C7F8DC62A5E781D40000C0C6002049
:10D480007FB590F849200446012A2CD04BB10023E7
:10D49000554A80F84830536080F84730FFF7BEFEA9
:10D4A00021E090F84820012A40F0968080F848302A
:10D4B000039390F84430023B052B00F28B80DFE8A9
:10D4C00003F0031489306A4E0323072280F84430A6
:10D4D000464B0090616B2046FFF742FE002879D151
:10D4E000012384F8483004B070BD456B03AA0C21B9
:10D4F000806802F0CAFDEB78BDF80C20C3F341133D
:10D500000133DB00039313442386AB78072B84F8A5
:10D510004530E8D805230822009484F84430334B82
:10D52000D8E785694DB990F84500C000F5F792FB42
:10D53000A06100284ED084F8465094F8461094F824
:10D540004520914210D20131284B08222046C9B211
:10D55000009484F84610FFF730FE0028C0D0002366
:10D56000204684F8443099E700234FF4817519462A
:10D57000184684F8473003939A4203D80029EED026
:10D580000392ECE7A16901EBC30641F833000133D4
:10D590000121B580F0E7C26BD178937843EA01238B
:10D5A0000021DA07039380F844100DD503460F4A93
:10D5B0002046FFF7E4FD0028D1D1012384F848304C
:10D5C000072384F844308EE79B07C8D50346074AF3
:10D5D0000121EDE70123F4E7022A84D180F84830E5
:10D5E000FFF734FE7FE700BFC0C6002081D40000F3
:10D5F0002DE9F34190F849200446012A3DD000224C
:10D6000080F848205BB1C369002B36D1274A80F8E7
:10D610004730536002B0BDE8F041FFF7FFBD1D4643
:10D62000224E0627DFF88880A36BC5F3C401EAB257
:10D63000595C05F00703D940CB0714D57368FAB9D4
:10D6400023B19C420FD194F8473063B9434604227A
:10D65000E16B204684F844700094FFF79FFD48B1C9
:10D66000002384F84430013594F84520EBB29A4207
:10D67000DAD20FE0012384F8483002B0BDE8F0812F
:10D6800033B19C42EFD194F847300BB19342EAD1C9
:10D69000E3690BB12046BDE72046746084F847205B
:10D6A00002B0BDE8F041FFF7D1BD00BFC0C6002009
:10D6B00081D40000DBB22DE9F043022B85B04FF09E
:10D6C00000040D461746CDE9024400F08780032B85
:10D6D0002AD0012B24D0204605B0BDE8F08309FBF9
:10D6E0000676B36C5A79092A10D19C7974B903AAC9
:10D6F0000721284602F0C9FC039B052B06D8684B7E
:10D700001D60684B1E60684B1F60E4E708F101086C
:10D7100097F8C2315FFA88F6B342E0D80824DAE716
:10D72000A0464FF05809F3E75D4F3A680AB9002464
:10D73000D1E75C4E3368002BF9D003AA07212846B5
:10D7400002F0A3FC03995948FEF746F803AA012109
:10D750002846574D02F099FC03995648FEF73CF8CD
:10D76000EC6834B905F11000E860F5F79BFA00B1F8
:10D77000EC60386802A9FFF7C5FB0446E868029F21
:10D7800018B14FF0FF31F5F7A7FAAB68E8683B60D6
:10D79000AF6008B1F5F7C0FA4FF44073A7F84A300C
:10D7A000414B1B68D3F8B831DB799B0644BF01239A
:10D7B00087F84A30002C8ED1022301252246029898
:10D7C00087F8443087F848503B4B00973168FFF7A3
:10D7D000D5FB0028ABD087F844507CE7344FF8687D
:10D7E00018B14FF0FF31F5F777FABB689A681C68FB
:10D7F000AA4240D1BC601C46F86808B1F5F78CFA23
:10D800005CB37B6803AA0721A068A3424FF000061F
:10D8100008BF0023B14608BF7B6002F036FC0399C5
:10D820002648FDF7D9FF03AA0121284602F02DFC66
:10D8300003992048FDF7D0FF012384F8493094F87C
:10D8400045305FFA86F8A06943451CD808B1F5F762
:10D850000EFA21462846FFF7FDFBBC68002C7FF43A
:10D8600066AFF86800283FF462AFF5F76DFAFC6028
:10D8700031E723461446002CBED0A1682268A94295
:10D88000F7D11A60B8E740B150F8381029B1606894
:10D8900000F0BDFCA36943F838900136CFE700BF24
:10D8A000BCC60020D4C60020B8C60020A0EE0200EE
:10D8B000C0C60020B7EE020081D40000C4EE020012
:10D8C000002373B501930E46134B15469C6814B99B
:10D8D000012002B070BD01AA0121A06802F0D5FBB1
:10D8E000019B9E4201D02468F1E705F10053A16934
:10D8F0000022013B41F8332001EBC30001230371F7
:10D9000094F84730AB4201D184F84720294620469D
:10D91000FFF7FCFBDCE700BFC0C60020002337B5E3
:10D92000CDE90033104B0D469C6814B9204603B076
:10D9300030BD6A460121A06802F0A7FB009B9D4212
:10D9400004D02468F1E701950198F0E76A460421C4
:10D95000A06802F09AFB009B022BF4D001AA0521DB
:10D96000A06802F092FBEFE7C0C60020002373B569
:10D97000CDE90033114B0E4615469C6814B920467C
:10D9800002B070BD6A460121A06802F07EFB009BD8
:10D990009E4204D02468F1E701950198F0E76A46B9
:10D9A0000421A06802F071FB009B022BF4D001AAB5
:10D9B0000521A06802F069FBEFE700BFC0C60020A8
:10D9C000002337B501930D46084B9C6814B92046D7
:10D9D00003B030BD01AA0121A06802F056FB019BF3
:10D9E0009D4201D02468F1E7208EF1E7C0C60020F7
:10D9F00090B189B1D0F8D8229142136805D1C0F80E
:10DA0000D832002070471A460346002BF9D08B42CB
:10DA10001868F8D11060F4E70320704707B58DF857
:10DA2000071050B1D0F8D4320DF10702022100687E
:10DA30009B69984703B05DF804FB0320FAE738B50B
:10DA40000C4605464FF0FF318068F5F745F9611E39
:10DA5000012305EBD10201F007018B4092F8E91296
:10DA600021EA030182F8E912A868BDE83840F5F719
:10DA700053B92DE9F041804642EA034546680C4619
:10DA800001B3002391F8CA1104F1500C4FF0580E65
:10DA90001A461F46D8B281421AD886B3012A00D04E
:10DAA00009BB2A4604F108012046B04706461FB3C9
:10DAB0002B4604F1080221464046FFF7FBFDA6B9BC
:10DAC000002003E02A460846B0470320BDE8F08165
:10DAD0000EFB03F001335CF800004079092814BF05
:10DAE00001220127D6E70126E1E70028E8D0012D31
:10DAF0000CBF08200120E9E7002EF8D1E0E7002F55
:10DB0000F5D03E46D4E7000030B590F8E45185B03A
:10DB10000446082D61D06946406802F081FA002869
:10DB200067D10099023D344BC1E90434CB691870C8
:10DB30009880D8805880052D26D8DFE805F0031E90
:10DB4000032735421222ADF80C2094F8E421022A72
:10DB500004BF0822ADF80C20D4F8CC210292012297
:10DB6000ADF80420002220468DF806204FF4D06244
:10DB70001A8001AA02F01DF906E0052220465A701B
:10DB800004F5F47202F00EF905B030BDD4F8D821D6
:10DB9000029202228DF8042094F8E3218DF80520EA
:10DBA0000922ADF80C20DDE7D4F8D421029202223C
:10DBB0008DF8042094F8E3218DF80520B4F8DC21D9
:10DBC000EFE7D4F8C021204652795A8009225A70D2
:10DBD00000231A4602F0D2F8D6E7014600230322BA
:10DBE0004068FFF746FF0028CED1092384F8E431CE
:10DBF000CAE70120C8E700BFFDDB00002DE9F041C6
:10DC0000154604464068CF6802F027FA7DB9012323
:10DC1000254E84F8E63194F8E431013B06EBC3026B
:10DC200052685ABB16F8333084F8E43107E00A2D05
:10DC300012D194F8E6318BB1013B84F8E6312046ED
:10DC4000FFF762FF70B301252B462146606805226D
:10DC5000BDE8F041FFF70DBF0E2DF5D00B2594F870
:10DC6000E531002BF0D0013B84F8E531012384F845
:10DC7000E631002384F8E3310223D5E73946204614
:10DC80009047054618B994F8E431013BCAE70928E2
:10DC900006D194F8E43106EBC30616F8073CC3E757
:10DCA0000828DCD1BDE8F081DCEE02002DE9F84F58
:10DCB000D0F8D0210446436890F8E40102380428E3
:10DCC00014D8DFE800F003151E234E00082903D006
:10DCD00001252846BDE8F88FD4F8CC11C979918187
:10DCE000D3F8D4128C6905211868A0470025F0E705
:10DCF00094F8E81184F8E911D3F8D4128C6904215E
:10DD0000F2E7B1F1120518BF0125E2E70929DFD1D9
:10DD1000D4F8D821D4F8D401D178937843EA0123F8
:10DD2000A4F8DC3120B1FAF752F80023C4F8D4315A
:10DD3000B4F8DC01A0F10903B3F59C5FC8D28307F6
:10DD40001BBF20F00300202120210430FAF71EF829
:10DD5000C4F8D401D4F8D431002B14BF00250C250D
:10DD6000B7E7B4F8DC318B42B2D1D4F8D4311B7AA6
:10DD7000FA2BADD894F8E33104F2CB120021013331
:10DD800084F8E331E31D03F8011F9A42FBD1D4F874
:10DD9000D431B4F8DC21581CA4F8DE111A44A4F8DC
:10DDA000E01184F8E211824292D91D78092D8FD1B9
:10DDB000587802288CD1C4F8C0310933A4F8C811AE
:10DDC000C4F8C41184F8CA119A4206D80021582612
:10DDD0004FF00C0E4FF0000C67E0591C8A42F5D949
:10DDE00059780429F2D0D4F8C40108B9C4F8C43170
:10DDF00000293FF46DAF197800293FF469AFB4F8FA
:10DE0000C8010B440844A4F8C801DDE7581C82424D
:10DE10007FF65EAF587804287FF45AAF03F109000B
:10DE20008242FFF455AFD878002840F0928094F8F1
:10DE3000CA91B9F1040F3FF64BAF19FB06F809F18F
:10DE4000010708F1080184F8CA71A04406FB0947DC
:10DE5000214488F85B0088F85C003B65A8F858000E
:10DE60007865987888F85A00187800283FF430AF21
:10DE700003449A421CD806FB09F904EB090ADAF8B4
:10DE80005000007988B15F1CBA427FF621AF5F78FD
:10DE9000052F7FF41DAF06283FF61AAFDAF8507051
:10DEA00098F85C003F7987421CD89A42AED867E068
:10DEB000581C8242DFD993F801A0AAF1040001287E
:10DEC000D9D9786D00B97B65BAF1000F3FF400AF86
:10DED000187800283FF4FCAEB8F858A08244A8F89F
:10DEE00058A0C5E75F1CBA427FF6F2AE5F78052FF7
:10DEF0007FF4EEAE0EFB00901F7820448360A0F804
:10DF000010C0C0F80CC0002F3FF4E2AE3B449A4270
:10DF100005D898F85C00013088F85C00BEE75F1C0B
:10DF2000BA42F6D993F801B0ABF10407012FF0D94A
:10DF3000C76807B9C360BBF1000F3FF4C9AE1F78D3
:10DF4000002F3FF4C5AEB0F810B0BB44A0F810B03D
:10DF5000DCE700293FF4BCAE91F85300013081F8B2
:10DF60005300C86C00B9CB64187800283FF4B0AEF9
:10DF7000B1F85070034407449A42A1F8507012D887
:10DF8000184804F5EF7394F8CA110126001BC21853
:10DF9000914213D80023012221466068FFF769FDF2
:10DFA00078B9054695E6581C82427FF67EAF5878D0
:10DFB00004283FF47AAF0028D6D189E603F8016B34
:10DFC000E5E7D4F8CC3194F8E3215B7C9A42FFF486
:10DFD00080AE00230422214660680825FFF749FD32
:10DFE00077E600BF22FEFFFFD0F8DC328B4208BF8D
:10DFF000002370B50C4608BFC0F8DC3291F8E91177
:10E00000054619B12846FFF71AFD03E094F8E81118
:10E010000029F7D1D4F8D01159B10022284601F0D7
:10E02000EEFFD4F8D011284601F069FF0023C4F8B0
:10E03000D031D4F8D40108B1F9F7C9FE94F8EF61F2
:10E04000D4F8CC01F9F7C3FE2046F4F710FE012EF8
:10E0500005D128460321BDE87040FFF7DFBC70BD45
:10E060002DE9F04F85B0894690469B469DF838A033
:10E0700005460F9F002800F0C180D0F8D8626EB925
:10E080004FF4F870F4F7E6FD0446C0B931460C23AE
:10E09000052228460C26FFF7ECFC0AE096F8EB3147
:10E0A00043450AD196F8EC315B4506D100230226A0
:10E0B0003B60304605B0BDE8F08F3668DFE70123EE
:10E0C00003224560202180F8E63180F8EA3180F8AB
:10E0D000E79180F8E52180F8E9611B20F9F756FE09
:10E0E0000346C4F8CC0128B9F9F771FE2046F4F7CD
:10E0F000BEFDCBE71233B9F1020F84F8EB81C4F80F
:10E10000D83184F8ECB184F8EFA131D0BAF1010F25
:10E110002ED941462846FFF701FC5A4684F8ED0106
:10E1200041462846FFF722FC84F8EE014FF0FF310C
:10E13000A868F4F7D1FD05F2E922002312F8011BCB
:10E14000DEB2FF2919D10133082BF7D1A868F4F703
:10E15000E3FDD4F8CC010126F9F739FE2046F4F7A7
:10E1600086FD0123052200212846FFF782FCA0E757
:10E1700084F8ED8184F8EEB1D8E7002221FA02F8A4
:10E18000D0B218F0010826D14FF001092B4409FA4A
:10E1900002F20A4383F8E92200EBC6034B4484F8F9
:10E1A000E831D5F8D8322360C5F8D84284F8E49134
:10E1B000A868F4F7B1FD124B6A4604F5E8712846E9
:10E1C00000948DF80C80CDE9013801F08FFE0646F1
:10E1D00028B13C60BDE70132082ACFD1B6E702235F
:10E1E000204684F8E431FFF78FFC28B14B46052226
:10E1F00021462846FFF73DFC3C605AE7032658E7D6
:10E20000B80B0800022380F8E431FFF77DBC70B53D
:10E210000C460546E8B1E1B1002691F8E42181F809
:10E22000EA617AB1082A0FD8D1F8D01111B132467B
:10E2300001F0E5FE21462846FFF7DAFB2846FFF706
:10E24000D3FE0022104670BD33460222FFF711FCB8
:10E25000F7E70322F6E7F8B50E4617460546D8B1AC
:10E260004FF0FF318068F4F737FDD5F8D8424CB94C
:10E27000A868F4F751FD8CB121462846BDE8F84066
:10E28000FFF7C5BF94F8EB31B34203D194F8EC31FA
:10E29000BB42EDD02468EAE70320F8BD2046FCE746
:10E2A00041B1D0F8D8323BB18B4201D10020704748
:10E2B0001B68F8E70420704701207047F8B50F4647
:10E2C000044670B369B346684FF0FF31B068F4F7A5
:10E2D00003FD174B93F8F952012D24D19E4222D110
:10E2E00021463046FFF7DCFF0346B06823B994F8B7
:10E2F000CA5104F1080204E0F4F70EFD2846F8BD07
:10E300005832D9B28D4208D99742194603F1010318
:10E31000F6D10C44022384F8DE310025F4F7FCFC2E
:10E32000ECE70325EAE7B0680125F4F7F5FCE5E73B
:10E33000E0C600202DE9F04188460446002850D070
:10E3400047684FF0FF312A4EB868F4F7C5FC96F8DD
:10E35000F952012D47D1B74245D121463046FFF74A
:10E360009FFF28B1B868F4F7D7FC2846BDE8F081D4
:10E37000B8F1000F0FD094F8CA1104F10803C2B22B
:10E38000914208D99845024600F1010012D1A31824
:10E39000032283F8DE2194F8EA31F3B994F8CA0134
:10E3A00004F5EF72D9B2884206D821461048FFF72B
:10E3B0001FFB07E05833E2E712F8011B0133022983
:10E3C000F0D10025B068F4F7A7FC012DCDD121468E
:10E3D0006068FFF709FE0025C7E7B068F4F79CFC0A
:10E3E000F9E70325C1E7B8680125F4F795FCBCE718
:10E3F000E0C600202DE9F843054680B379B34B68A9
:10E4000083422ED1FFF74CFF064660BB91F8E43102
:10E4100091F8EB8191F8EC9191F8EF7181F8EA01B4
:10E4200023B1082B28460ED8FFF7F1FE012F10D19B
:10E4300039462846FFF7F2FA02212846FFF7EEFA9E
:10E440003046BDE8F883FFF7D3FA2846FFF7CCFD46
:10E45000ECE74A4641462846FFF732FAF0E7032642
:10E46000EEE70426ECE70026EAE7000010B54DF6DB
:10E47000C024012904FB03F34FF00604B3FBF4F3BB
:10E480004FF47A7403F65F43B3FBF4F319D1022817
:10E490000DD140F62300584300F51B2000F23C70DC
:10E4A000174B98422AD91749B0FBF1F010BD28BB91
:10E4B0001548012A00FB03F30CBF14481448184404
:10E4C000EEE7022807D140F62300584300F560200C
:10E4D00000F6D410E4E730B90B48584300F50B00C0
:10E4E00000F57970DCE7012808D1012A07BF094946
:10E4F00009480549064801FB0300D1E70120D5E79B
:10E500003F420F0040420F00544601004CF46E00A1
:10E5100054A65F003E530A009CB1DB03836AD3F824
:10E52000442111041AD4D3F84421D3F8401102F441
:10E53000004201F020010A43B2F5004FF3D0202A37
:10E54000F1D0C26AC3F85821D3F8402142F020022A
:10E55000C3F84021D3F844211204FBD57047836AE5
:10E56000D3F8442152041ED4D3F84421D3F84011E7
:10E5700002F4804201F010010A43B2F5804FF3D05B
:10E58000102AF1D08268C3F85421D3F84021D10673
:10E5900005D4D3F8402142F01002C3F84021D3F84B
:10E5A00044215204FBD57047F8B5002315460446B4
:10E5B0000E4613600A46AA421BD16F894FF0FF3105
:10E5C000E06BC7F30E071F44F4F786FB94F8653041
:10E5D000ABB92661656194F86530AE4203F1010381
:10E5E000DBB284F865300DD1E06BF4F795FB38466B
:10E5F000F8BD51891268C1F30E010B44DBE7636972
:10E600001E60E7E73668E6E72DE9F043002385B0B2
:10E6100006460C46C06B4FF0FF31CDE90033CDE923
:10E620000233F4F759FBF5681DB12B6823F01F0383
:10E63000F360F06BF4F770FB002D5ED005F1400243
:10E640002B460021A56143F8041B9342FBD1012313
:10E6500001AA042160682B606B612C63C5E9033358
:10E660003223EB6301F011FD227D019E032A42D08B
:10E6700067890F2F94BF3F074FF070472AB9022ECA
:10E6800018BF47F0006747F48047A37C01216A4622
:10E6900060684FEA0328B4F80C90360301F0F5FCEB
:10E6A000009B4FEA094901993343022943EA0903D0
:10E6B00043EA080343EA07036B6020D1637D03AAA2
:10E6C00060689E0701F0E1FC02AA0321606801F086
:10E6D000DCFC039B0020029A1B0443EAC25394F81B
:10E6E0002720134394F8282043EA02233343AB60E6
:10E6F00005B0BDE8F0830027C7E70120F8E703AACB
:10E70000052160684FF0804601F0BFFC02AA062197
:10E71000606801F0BAFCDCE7D0F84431D0F8402161
:10E7200003F4004302F020021343B3F5004FF3D08B
:10E73000202BF1D0D0F8403123F02003C0F8403135
:10E74000D0F844311B04FBD4704770B58D69064680
:10E750000C46C06B4FF0FF31F4F7BEFAEB682A6944
:10E76000D20701D5DB0715D42B6813F001031BD1A9
:10E77000227D032A03D0B06AFFF7CEFF01230122D6
:10E78000EA602A61AA6922F0FF02AA6113B1304649
:10E79000FFF7C4FE00236C6BF06BAB636B63F4F7A5
:10E7A000BBFA1CB9204670BD0023E8E7D4E9091282
:10E7B00030462568FFF7F8FEA36821460E229842EE
:10E7C00094BF181A00202369E06060692C469847BE
:10E7D000E7E7D0F84431D0F8402103F4804302F059
:10E7E00010021343B3F5804FF3D0102BF1D0D0F8C3
:10E7F000403123F01003C0F84031D0F844315B04BD
:10E80000FBD47047F7B515460E460023023A05F1D2
:10E810000E01019322F8023F9142FBD104680CB92A
:10E8200003B0F0BD237D03F0FD03012B20D101AA2D
:10E8300004216068E78901F028FC019B022BE38B2F
:10E8400023D1B34214D8082F94F8260019D9F31A0B
:10E85000B0EBC30F4FEAC30213D8121A013F3A427A
:10E8600006D100B2228C35F81030134425F8103050
:10E870002468D4E735F81030228C134425F8103082
:10E88000384480B20728F5D9F2E79E42F0D3F31A54
:10E89000013F3B40ECD194F82720DA40D10741BF3B
:10E8A00035F81320618C521825F8132094F828208D
:10E8B000DA40D20741BF35F81320A18C521825F851
:10E8C00013200133082BE6D1D2E72DE9F74F074695
:10E8D000866B4FF0010B16B903B0BDE8F08F337DA6
:10E8E00013B1023B012B04D8B5694FF0000A6C6BE1
:10E8F0000CB93668EFE72368A26A009348F28003F8
:10E90000D2F80890D5F8188009EA0303B3F5004F50
:10E9100042D109F07E03616A38460193FFF744FE55
:10E92000A268019B904294BF101A00202268E06008
:10E930006A633222A5F83EA0AA877BB118F0800F47
:10E9400003D1AB6923F0FF03AB6119F03E0FD4E9AB
:10E95000043014BF0B220A2221460EE0337D43B956
:10E96000E0690388B3F5817F03D183780BB9BB6B72
:10E970002BB9236900222146606998471DE0D97CA4
:10E980009A7C42EAC11201798A4203D159687268BD
:10E9900091423CD01B68EBE718F0800FA9D118F02A
:10E9A0007E0FA6D0D5F81880EB6813F0010900D1CE
:10E9B0002BB9AB6923F0FF03AB61009C98E7996822
:10E9C000090402D41B68002BF9D1C5F810B0C5F8B2
:10E9D0000CB0A96921F0FF01A9610BB11B682B6183
:10E9E000616A3846FFF7E0FDA368984298BFA3EB41
:10E9F0000009236818F03E0FC4F80C906B634FF0C9
:10EA00003203A5F83EA0AB87D4E90430A1E71A7D14
:10EA1000023A012AADD89A69936923F000439361C1
:10EA2000A7E700002DE9F0438C4B89B0871E814693
:10EA30000093A3F58043012F88461646019300F208
:10EA40000981002568201560F4F704F904460028C0
:10EA500000F002810323C0F8008080F860904FEA44
:10EA6000870880F8613008AB80F8665003EB8703B5
:10EA700053F8203C8362484602F0AEFCDFF8F4C154
:10EA800002ABA065B9F1010F9CE807000DF1200C65
:10EA900083E807000CE907001CD80023E365022285
:10EAA000A36AC3F84021D3F840219007FBD4D3F8E0
:10EAB000A82142F00302C3F8A821D3F8083194F842
:10EAC0006030012B1DD82046F4F7D1F8012009B0A1
:10EAD000BDE8F0831A46FFB22B46294652F8040BD4
:10EAE00028B108AD05EB8305013345F80C0C013165
:10EAF0000329F3D19F42D0D808AB984458F80C3C76
:10EB0000CCE7574B1A78002A58D101221A70554B7E
:10EB1000A360554B03F54072184603F5007103F1ED
:10EB200040056360E3602161226340F8805BC4E9D3
:10EB30000622C4E90822186403F1C000C3F880006B
:10EB400003F58070C3F8C00003F5A070C3F800019E
:10EB500003F5C070C3F8400103F5E07003F50873D6
:10EB600043F8A00C002043F8600C0120013043F86A
:10EB7000203C20330828F9D10B46002184F8650099
:10EB800043F8E01F626301226361384B013243F8AE
:10EB90002C3C2C33102AF9D104F14000E063F4F747
:10EBA00081F800288FD104F1480001216064F4F756
:10EBB000DFF838B1E06BF4F7C7F884E7A368002BFF
:10EBC000A7D180E7E3681A6843F00201E36222F00C
:10EBD0001F02E2605A68196042F400425A60012242
:10EBE000C3E903225A61A368191F03F6FC7341F8B5
:10EBF000042F8B42FBD1A36AD3F80421D10607D599
:10EC0000D3F8842122F02A0242F48052C3F88421EE
:10EC1000D3F80821920703D5D3F84021C3F8402147
:10EC2000D3F84021002022F47F02C3F84021D3F81A
:10EC3000402142F00102C3F840210D4AC3F8802070
:10EC4000D3F8482142F0807242F03702C3F84821DD
:10EC500034603CE706203AE70C2038E700004340E8
:10EC6000DCC6002000300020002000202C230020E3
:10EC70009F8601001CC302000023826A816810B5D0
:10EC8000C2F848310446C2F84031084AC06B91428C
:10EC900004BF074A1370F4F757F8606CF4F7E8F80C
:10ECA0002046F3F7E4FF002010BD00BF0030002035
:10ECB000DCC600202DE9F04F95B082460023C06BE2
:10ECC00007914FF0FF3115460993F4F705F8DAF88C
:10ECD000344014B12368CAF83430DAF83C00F4F751
:10ECE0001BF8002C00F0AF8204F12C022346002117
:10ECF00043F8041B9342FBD12868042109AA6060F1
:10ED00006B7AA374AB7AE3742B7AE381EB88A381EB
:10ED1000EB7A23752B7B0133DBB2032B88BF0323F4
:10ED20006375AB88638100236374A36101F0ADF95F
:10ED3000267D0999012E2AD0032E2DD10229E289A0
:10ED40002DD1013A012303FA02F2E281E389022E76
:10ED5000A38302D0032E63D02EB921465046FFF77D
:10ED600053FC002841D001254FF0FF31DAF83C0078
:10ED7000F3F7B2FFDAF83430DAF83C002360CAF86F
:10ED80003440F3F7C9FF284615B0BDE8F08FE3899A
:10ED9000013B06FA03F3E381022910D1D6E7D3B28F
:10EDA000012B0BD913F0F00F0DD0100615D4590616
:10EDB00015D413F0200F14BF20231023E381E3891F
:10EDC000DB009BB2C3E71A070BD45F070BD413F029
:10EDD000020F14BF02230123F0E78023EEE7402354
:10EDE000ECE70823EAE70423E8E7DAF82C20A36934
:10EDF0001168196043F0020313604FF0FF31DAF835
:10EE00003C00F3F769FFDAF83830DAF83C00002507
:10EE10002360CAF83840F3F77FFF079B1C60B2E716
:10EE20009AF8628000256068B8F1020F40F0A58171
:10EE30000AAA0421CDE90A55CDE90C55CDE90E55B4
:10EE400001F023F9DDF82890627D3146A3895FFA4D
:10EE500089F05343E27CFFF709FBB9F1020F074643
:10EE600077D10AF1380010AA2946B4F81CB00190F5
:10EE7000CDE91055CDE91255FFF7C4FC2A46BBB2C7
:10EE800001980093B64B1FFA85F8D84537D30F2564
:10EE90006AE7C6F3CF09914506D010AA494601900A
:10EEA000FFF7B0FCAE4B019806F0070114AA02EB85
:10EEB0004102595C32F810CC009A62448A4200F355
:10EEC000C4815E444A46B6B2B6F5005FE1D3A28B78
:10EED0004FEAD80805F00705072AA4F81E8084F831
:10EEE00026500ED80023012101FA05F01544EDB299
:10EEF0000343072DDBB2F7D984F8273006E04646F6
:10EF0000E2E7012303FA05F584F827502784214618
:10EF10005046FFF779FB00287FF425AFE18B4FF0D7
:10EF2000010CB1F5806FBFF468AFDAF80820A3696F
:10EF3000A08B02EB810242B11668F50740F17281A5
:10EF4000C3F800C043F002031360073001EBD001A7
:10EF5000E7E70AAA0C21606801F097F80A984823AD
:10EF60000BAAC0EBC0000521B0FBF3F0C319606829
:10EF7000049301F08AF8E389E27C0593A38942BBFC
:10EF800031464046FFF772FA013001231FFA80F93B
:10EF90000093734B0226012502930CAB0393B71E1B
:10EFA0004FF00008BFB21FFA88F30193019A059B46
:10EFB000934200F2B480002D40F0B780039B0136ED
:10EFC0000233072E0393029B03F101030293E6D160
:10EFD0005DE70122314640464FF00109FFF746FA4E
:10EFE000013083B20093D4E70B9BDAF838500693D4
:10EFF00000231093CDE90C33CDE90E335DBB5948A6
:10F000000CAA072532F8023B10F8011B8B4206D9E7
:10F01000B2F800C022F8021C63445B1A1380013D61
:10F0200015F0FF05EED1731E711CDBB28B4254D973
:10F030000CAA59460AF13800FFF7E4FB039B029A39
:10F040001B8811784B448B4200F30281334606F152
:10F05000020C0CAA5AE02B7D03F0FD03012B08D112
:10F0600010AA0521686801F010F8109B069A9A42D0
:10F0700001D02D68C2E710AA0421686801F005F8E4
:10F08000109B022BF5D0EB8B9B45F2D3EA89ABEBBF
:10F090000303013A1A42ECD195F826100CAB2A8CE6
:10F0A000013133F811000244287D92B2012823F87F
:10F0B0001120DED095F82620288C023233F8121069
:10F0C000014423F8121095F82620288C033233F8D7
:10F0D0001210014423F81210CBE714AA049802EB93
:10F0E000430232F8202C02441E48C05C824200F2E7
:10F0F000AF800133DBB299E732F81300009908447E
:10F100001749595C0133884200F3A280634501D856
:10F11000082BF1D1059B9B441FFA8BFB01E0DDF826
:10F1200004B0BBF5806FFFF45FAF019B0122E38366
:10F13000FBB202FA07F1043784F82630023384F870
:10F1400027100021DBB284F828109F4201D3082B3E
:10F150000AD1049BA4F822902384009BA384D6E6C2
:10F160001CEF020014EF020002FA03F094F82810DA
:10F170000133014384F82810E7E70CAA0C210C9511
:10F18000A846109500F081FF0C9A48216068C2EBF8
:10F19000C203B3FBF1F31344042110AA0C9300F053
:10F1A00074FFA389E27C217D9DF84000FFF75EF9A2
:10F1B0000C9BB4F80EC01844B4F81CE0A9B28E45FC
:10F1C0007FF665AEC9080B46B3F5806F0AD305F02C
:10F1D0000705E18384F8278084F8265084F8288086
:10F1E000208494E6DAF83820002632B90644B6F5D1
:10F1F000617F30D863449BB2E6E7177D07F0FD07D7
:10F20000012F0DD1D78BBB420AD3B2F80E90DF1B72
:10F2100009F1FF3919EA070F02BF178CF619B6B2C8
:10F220001268E2E726F01F07BB423FF48EAE06F0FD
:10F230000605022D05D13D6BAD8B854201D81E60C0
:10F2400080E63A4677E602259DE501354A461AE60C
:10F2500008F10108A7E60135B0E700BF70B50B7DE6
:10F2600004460D46022B03D0032B4CD0002B30D18B
:10F27000E06AAA69036823F01F0393420AD1A06AD7
:10F28000FFF74AFAAB691A68E36A1A602046FFF78B
:10F2900045F90CE001460B68DE0708D423F01F0394
:10F2A0009A4258D0984254D01946002BF3D1AE69F7
:10F2B0000123336029462046FFF747FA4FF0FF311C
:10F2C000E06BF3F709FDE368E06B3360E660F3F7AA
:10F2D00023FD4FF0FF31E06BF3F7FEFCA36B9D4283
:10F2E0002FD12B68A363E06BF3F716FD4FF0FF31CE
:10F2F000E06BF3F7F1FC636BE06B2B606563F3F796
:10F300000BFD002070BDC98BAE69B1F5806F03D3D2
:10F31000336843F00103CCE7A36803EB810343B1F7
:10F320001A68D00705D422F01F02964206D132682F
:10F330001A60AB8B073301EBD301E6E71346EEE728
:10F340001346002BCFD01A68AA42F9D12A681A6056
:10F35000C9E79A42ABD1A06AFFF7DEF9AB691B6837
:10F360000B6093E72DE9F74F14460A7D0546894661
:10F370001AB1931E012B00F29E80A368002A40F070
:10F380009C80002B0CBF4FF002084FF003084FF099
:10F39000FF31E86BD9F81870F3F79EFC95F86530EB
:10F3A0004345C0F09C80A3EB08032E690020DBB22C
:10F3B000324685F86530B8F101081168106040F0F8
:10F3C0008B80296103B96B61E86BF3F7A5FC99F8B1
:10F3D0001430A168002B40F090806C4B4FF0010C72
:10F3E0006B4AC6E901C3E36903F58050F36010403E
:10F3F000306103F500501040706103F5405003F593
:10F40000804310401340B061F361002971D032682D
:10F410000B04C2F804C043F0004394F82000002815
:10F4200064D143F0800393606368594803F5805CBE
:10F43000D3600CEA000CC2F810C003F5005C0CEAC3
:10F44000000CC2F814C003F5405C03F580430CEADD
:10F45000000C0340C2F818C0D361136801225A603F
:10F460000022DA60002946D094F82000494A4A492F
:10F47000002818BF0A469A601A6842F001021A6012
:10F48000C4E90963002323607B6B002B76D1BC6346
:10F490007C634FF0FF31E86BF3F71EFC07F11002BD
:10F4A0003B690BB1D9076DD5E86B1660F3F734FCF7
:10F4B0002846FFF733F8002015E0C3F30D089B0B37
:10F4C000B8F1000F0CBF984603F10108B8F1010F25
:10F4D00038BF4FF001085AE711600A466BE7E86B46
:10F4E000F3F71AFC012003B0BDE8F08F43F4C073BA
:10F4F00099E73246B1E7274ABDE794F820304FF04C
:10F50000010B626899F811E0019302EB010A4FEADE
:10F51000CE7E33461E4802F5804CC3F804B0D44575
:10F52000E14628BFD146A9EB02014EEA0148019904
:10F53000D9B948F4486102F5805808EA0008C3E9DF
:10F540000212C3F8108002F5005802F5405208EA92
:10F5500000080240C3F814809A610CEA0002DA61E4
:10F560001A682AB113464A46D5E748F45861E2E7DB
:10F57000012241F400411A60996081E7BB6B1C6075
:10F58000BC6386E71A461B688BE700BF8002080051
:10F5900000F0FFFF8081008080800080FFF7E2BEE6
:10F5A0000023F7B5154604460093002800F0568165
:10F5B000C9B20139042900F25381DFE811F00500D6
:10F5C0007D00100117012C0117683B7D13B1023B30
:10F5D000012B02D8BE69736B0BB90020D5E06D68B2
:10F5E000002D64D09D4202D1B36B9D425FD04FF09D
:10F5F000FF31E06BF3F770FBF368D907019324D474
:10F600009B681A0621D53B7D032B02D0A06AFFF729
:10F6100083F8F36843F00103F360336943F00103B7
:10F6200033613B7D032B02D02046FEF777FF6B6AE8
:10F6300001A90A68D70703D49A422DD11A680A6033
:10F64000AA6A934205D01B68F2E733690193DB078E
:10F65000D9D5736B9D4222D12B687363E06BF3F7AE
:10F660005BFB2046D5E90912FEF79EFFAB680E2230
:10F670002946984294BF181A00202B69E8606869EF
:10F680009847B36923F0FF03B361019B002BA4D01B
:10F69000D807A2D43361A0E71146CAE71346002B6E
:10F6A000DCD01A689542F9D12A681A60D6E7394643
:10F6B0002046FFF74AF890E71378013B052B2ED838
:10F6C000DFE803F003111C222867826AD2F8843134
:10F6D00023F02A0343F48073C2F88431D2F88431D2
:10F6E000D905FBD479E7032380F86130A26AD2F808
:10F6F000483143F00403C2F848316EE790F86130B6
:10F70000032B7FF46AAFF1E7826AD2F8483123F025
:10F710000403F0E7806AD0F88431DB0701D40120CC
:10F7200033E04FF47A73C0F88830D0F88C3043F06F
:10F730004143C0F88C30FEF7EFFFA06AFFF749F8AD
:10F74000A36AD3F8440110F4404020D1D3F88421B7
:10F750000026002722F48012C3F88421D3F88421E4
:10F7600042F40012C3F88421D3F8842142F08002CD
:10F77000C3F88421D3F8482142F00072C4E9146729
:10F78000C3F84821012384F8663003B0F0BD00BF00
:10F79000D6E7836AD3F8842122F08002C3F884215B
:10F7A000D3F8842122F40002C3F8842190F8612068
:10F7B000032AB4D0C16D032280F866200A6822F4BF
:10F7C00080620A60D3F8402142F00102C3F8402170
:10F7D000D3F8842142F04002C3F88421FDE6836A15
:10F7E000D3F84C31C3F3CA031360F6E696690121DE
:10F7F0006A46686800F049FC7368009A43F6F07145
:10F800001343A26A7360D2F84C01D2F84C311B1A30
:10F810000B42FAD0E1E64FF0FF31C06B9669F3F787
:10F820005BFAA06A0F49D0F8443113F4004F0ED0B0
:10F83000FEF772FF7368AA8920460B4043EA024331
:10F840007360FEF76BFEE06BF3F766FAC5E673686C
:10F85000AA890B4043EA02437360F4E7032094E76C
:10F86000082092E7FFFF00F82DE9F04F87B000284D
:10F870006ED0046804AB0022FF2100934FF0FF33E9
:10F88000606CF3F7C9FA002862D1049B180726D5EB
:10F89000A36AD3F8842191075DD4D3F8841194F836
:10F8A000612011F0010102F1FF32D2B269D1012AC7
:10F8B00015D884F86610D3F8482122F00072C3F8F6
:10F8C000482194F8600001F0F4FDA06AFEF724FFDF
:10F8D000A06AFEF77EFF0421606CF3F765FA049BD3
:10F8E000DD0600F19C80049B980614D594F86130E5
:10F8F000032B00F08C8194F86630012B40F05B8183
:10F900002068D4E9142352EA030140F00D81D0E9C4
:10F91000B823C4E9142394F86130022B40F08181AC
:10F92000049B9D0702D52046FEF7CFFF049B580796
:10F930000ED5A26A2068D2F8483123F00403C2F839
:10F9400048310323002284F861301146FEF783FC1E
:10F9500007B0BDE8F08FD3F84C11D3F8842192079B
:10F9600007D5D3F8842122F02A0242F00202C3F81C
:10F970008421D3F84C21521AC2F30D02082AECD983
:10F980008BE7012AABD9002243F6F87084F8662091
:10F99000D3F8482122F00072C3F848216522D3F839
:10F9A0004C51D3F84C11491B0142FAD0D3F88411C1
:10F9B000CF0740F15181013AF1D1D3F8842122F0EF
:10F9C0002A0242F48072C3F88421D3F88421D60538
:10F9D000FBD4D3F88431C3F38163022B84F8623003
:10F9E00004D1012194F8600001F063FDA26AD2F80D
:10F9F0004C11D2F84C315B1AC3F30D03572BF8D9D5
:10FA00000121606CF3F7D0F9A26AD2F8843043F098
:10FA10004143C2F88430012384F861305FE7D4F8B1
:10FA200038A04FF0320BBAF1000F3FF45CAF9AF8F8
:10FA3000143013F0FD0F4DD1DAF81850D5F834809A
:10FA4000B8F1000F46D094F86130022B30D001237A
:10FA5000D8F828902B61AB6923F0FF03AB61A96B49
:10FA6000B9F1000F0AD0D9F80820D9F800301204F3
:10FA700001D4494556D1DA0700D42B612046D8E994
:10FA80000912FEF791FDD8F808300B224146984242
:10FA900094BF181A0020D8F80030C8F80C006B6327
:10FAA000D8F81400D8F81030A5F83CB0984711E009
:10FAB000AB69190611D5D5F80C9005F1180211683B
:10FAC000EB8FC1F30E419BB299420BD089B2A5F8DE
:10FAD0003CB0E987DAF800A0A5E7D8F8289009F14A
:10FAE0000802ECE7AB8F013B9BB2AB87AB8F9BB2BD
:10FAF000002BEFD1A06A0392FEF70EFE039A136863
:10FB0000C3F30E43994203D02046FEF707FDE1E719
:10FB1000012320462B61AB6923F0FF03AB61FEF7A5
:10FB2000FDFC9CE799469BE7D0E9B889B8EB020653
:10FB300069EB0307002F08BF052EFFF4ECAEA36AA4
:10FB4000D3F8402122F00102C3F84021D3F8442128
:10FB500042F08002C3F84421A26DD2F8C41041F4EF
:10FB60008021C2F8C410D3F8841141F40001C3F815
:10FB700084114FF0FF331360A56D296B11F0005114
:10FB800017D1E26D136843F0005343F44033136020
:10FB9000136843F48063136007222B6B43F08043A8
:10FBA0002B634368D0F8DC029847022384F8663060
:10FBB000B1E600BFE0E7032B7FF4ADAEA36AD3F854
:10FBC000842157063FF5A7AED3F88421256822F497
:10FBD0000012C3F88421D3F88431DE0704D520460F
:10FBE000FEF79CFCFEF7BBFC6B680A220021D5F8EF
:10FBF000DC0298470023A26AC5F8DC3284F866303C
:10FC0000D2F8483123F00073C2F8483183E600236C
:10FC1000A26A84F86630D2F8483123F00073C2F843
:10FC20004831049BD9077FF593AE2046FEF776FC5A
:10FC3000FEF795FC05AB94F8621001930123009345
:10FC4000002320681A46FEF70BFA00287FF480AEE6
:10FC5000022384F861307BE60323DDE670B50028DB
:10FC600031D00468E36D1A68510522D51A68002165
:10FC7000206822F480621A6009224368D0F8DC020E
:10FC80009847A36AD3F88431DA0704D52046FEF7F3
:10FC900045FCFEF764FCA26AD2F8403143F0010350
:10FCA000C2F8403194F86630022B04BF032384F875
:10FCB0006630A26A294DD2F84431D2F84821134067
:10FCC0002B602B6803B970BDA26AC2F844319B0750
:10FCD00003D00221606CF3F767F82B685E0728D524
:10FCE000A36AD3F8842150061FD594F86620012A10
:10FCF0001BD1D3F884312668D90704D52046FEF7F6
:10FD00000DFCFEF72CFC736806220021D6F8DC02FD
:10FD100098470023A26AC6F8DC3284F86630D2F82D
:10FD2000483123F00073C2F848310821606CF3F7C2
:10FD30003BF82B68DA0103D51021606CF3F734F837
:10FD40002B689B0103D52021606CF3F72DF8A26A84
:10FD5000D2F84431D2F84821B1E700BFD8C600201C
:10FD6000826AD2F8843123F02A0343F48073C2F804
:10FD70008431D2F88431DB05FBD4704738B50C46AA
:10FD8000C9690546CB80D0F8D0114068C4E9012389
:10FD9000224600F0E1F820B12146686800F05DF9E4
:10FDA000012038BDCB6912785A8000231A46FFF72C
:10FDB000E5BF10B41388CC695BBA63809378A380E5
:10FDC00013895DF8044B5268FFF7D8BF37B500259B
:10FDD000044601A80195F2F74CFF019884F8F95206
:10FDE000F2F758FF03B030BD2DE9F74300253B4C37
:10FDF000074601A80E4690460195F2F73AFF94F89F
:10FE0000F932012B25D0A14622462B462946013343
:10FE100002F8011BB3F5407FF9D10123019884F862
:10FE2000F932F2F737FF2E4A0023013349F82C2F1D
:10FE30002032102BF9D1BB1E012B9CBF294BC4F8DB
:10FE4000D432D4F8D4325BB92448FFF7BFFF062080
:10FE500003E00198F2F71EFF032003B0BDE8F08332
:10FE60001A68E2B15A68D2B19A68C2B1DA68B2B11E
:10FE70001A69A2B15A6992B19B6983B11A4D0023E4
:10FE800084F8FA722846C4F80480C4F8D832A56011
:10FE9000F2F708FF28B1A5F10C00FFF797FF01204A
:10FEA000DBE704350F23C4F8D052013B2C3513F0A7
:10FEB000FF0345F82C5CF8D1D4F8D4323846074A11
:10FEC0001B681146984708B9236823B9A068F2F760
:10FED0003BFF0248E1E73460BFE700BFE0C6002017
:10FEE000A0AC002024EF0200ECC6002028B122B113
:10FEF000D0F8D43200689B6818470320704728B1B7
:10FF000021B1D0F8D4320068DB681847032070476D
:10FF100070B50E4614460546E0B1D9B1D2B1002302
:10FF20004FF0FF3182F82030D3608068F2F7D4FEC2
:10FF3000A16811B16068F3F751F9D5F8D4322246BF
:10FF4000314628681B6998470446A868F2F7E4FE22
:10FF5000204670BD0324FBE770B50E4614460546E7
:10FF600030B329B322B300234FF0FF3182F82130A0
:10FF7000D3601360D3691B78DB0982F82030806876
:10FF8000F2F7AAFE0821E069F3F728F9A16811B198
:10FF90006068F3F739F9D5F8D4322246314628683B
:10FFA0001B6998470446A868F2F7B6FE204670BD64
:10FFB0000324FBE770B50E4614460546E8B1E1B1EF
:10FFC000DAB100234FF0FF31D360012382F82030F3
:10FFD0008068F2F781FEA16811B16068F3F714F947
:10FFE000D5F8D4322246314628685B6998470446E2
:10FFF000A868F2F791FE204670BD0324FBE707B521
:020000021000EC
:1000000060B159B1D0F8D43200689B69CDE90012D3
:100010006A460121984703B05DF804FB0320FAE724
:1000200038B50D460446B0B1A9B14FF0FF31806834
:10003000F2F752FED4F8D0322B603BB11B68A068B7
:10004000C4F8D032F2F768FE002038BDA068F2F79D
:1000500063FE0120F9E70320F7E738B50C460546B3
:1000600078B181B14FF0FF318068F2F735FED5F8F5
:10007000D032A8682360C5F8D042F2F74DFE0020C8
:1000800038BD0320FCE70846FAE710B514460028FF
:1000900048D0002A46D0C9B201390E2927D8DFE856
:1000A00001F0081114281A1D170F0C2B3220373BB2
:1000B0003E0090F8E931236019E0D0F8D031FAE73A
:1000C0004368F8E790F8EB31F5E790F8EC31F2E7A8
:1000D00090F8EF31EFE790F8ED31ECE790F8EE3182
:1000E000E9E790F8EB114068FDF76AFC206000201A
:1000F00019E090F8E731DEE7D0F8CC21D17A937A95
:1001000043EA0123D7E7D0F8CC21517A137AF7E7F5
:1001100090F8E331013BCEE7D0F8D431CBE7B0F82B
:10012000DC31C8E7042010BD10464AB1002382F834
:100130004A30536833B11B6823B10A46032118477C
:10014000032070470120704710464AB1002382F80F
:100150002230536833B11B6823B10A460121184786
:10016000032070470120704710464AB1002382F8EF
:100170003630536833B11B6823B10A460221184751
:1001800003207047012070472DE9F04F044687B0E7
:1001900018B9012007B0BDE8F08F002390F84C603B
:1001A0000393002EF5D0426892685179B142F0D3A2
:1001B00006F10056D2F800900C27013E09EBC60A62
:1001C00019F836509D42E4D907FB03F2DAF804002F
:1001D0008118825C022A69D10F7A00239F425AD883
:1001E0000025CB7884F84D30002DD2D00027012097
:1001F0004FF0060BA560B8462A79554BBA4257D83E
:1002000019F8367000234FF00C0C9F420DD90CFBEF
:1002100003F2DAF80460B118B25C0A2A40F0838075
:1002200091F808C000239C4572D80027DFF824818C
:10023000DFF824913E46E5602B79BB42AAD906231C
:100240008DF80860A9687B43CA1810798DF80900F9
:10025000CB5C8DF806305188ADF80410D90952787E
:100260008DF8072063D0022A0DD103F00F0384F824
:10027000226084F8206084F821306FF00103E66189
:10028000A361CDF80C9003AA01A92068013704945A
:10029000FBF736FDD0E71A01486800EB0315805CD8
:1002A00094F84E2090429CD0013397E7013389E7C0
:1002B0008DF808800BFB07F2A868811891F804C03C
:1002C0008DF809C0825C8DF806204888ADF80400DE
:1002D000D00949788DF807100FD003290DD102F00D
:1002E0000F0284F84A8084F8488084F849206FF02F
:1002F0000102C4F844802264039303AA01A9206880
:100300000494FBF7FDFC00287FF444AF013773E74A
:100310001A014E6806EB0317B65C94F84E2096421D
:1003200003D001337FE701336FE73D467DE7022AC3
:10033000A9D103F00F0384F8366084F8346084F8A0
:1003400035306FF001032663E362CDF80C809AE745
:10035000290101006901010049010100836870B5AC
:10036000044623B3C36813B3002501200626A368FF
:100370001A79954209D300250626E3681A79954231
:100380000CD30023C4E9023370BD9A6806FB05F361
:1003900020680135D15CFBF7D2FCE8E79A6806FBE0
:1003A00005F320680135D15CFBF7C9FCE5E70120C6
:1003B000EAE72DE9FF4705461646002A00F0B0811E
:1003C000002800F0AD81C9B20139052900F2AA81E7
:1003D000DFE811F0180106000B00210036007C0058
:1003E000002085F84C00002448E04368002B00F012
:1003F0009981127890F84C309A42F4D0FFF7AEFF12
:10040000337885F84C30002385F84E302846FFF7C6
:10041000BBFE044632E04368002B00F08381148861
:1004200090F84D30B3EB142F40F07C81E4B290F89B
:100430004E30A342D7D0FFF791FF85F84E40E5E755
:100440004368002B00F06E818368002B00F06A8106
:10045000C368002B00F06681012400274FF00608D6
:10046000A146AB681A79BA420CD800274FF00608AB
:100470004FF00109EB681A79BA4213D8204604B04C
:10048000BDE8F087996808FB07F33278CB5C9A42A5
:1004900006D185F8489028683178FBF787FC044638
:1004A0000137DEE7996808FB07F33278CB5C9342AB
:1004B0000AD1DB09286814BF85F8203085F834900C
:1004C0003178FBF773FC04460137D3E74368002B10
:1004D00000F028818368002B00F02481C368002B82
:1004E00000F02081002701244FF006096FF0010A77
:1004F000B846AB681A79BA4238D84FF000084FF0C6
:10050000060A6FF001094746EB681A794245B5D9EA
:1005100099680AFB08F33278C95C914223D12868B4
:10052000FBF755FC33780446DB094CD095F82030B6
:10053000CBB1AA6985F82070911C14D0EB6995F8AD
:1005400021102868FBF7C8FB044650B1AB692A4666
:10055000694628680093EB698DF808700193FFF7EE
:10056000F3FDC5E9069708F10108CDE7996809FB95
:1005700007F33278C95C914223D12868FBF727FC46
:1005800033780446DB091CD095F84830CBB12A6C8F
:1005900085F84880901C14D06B6C95F84910286839
:1005A000FBF79AFB044650B12B6C2A466946286833
:1005B00000936B6C8DF808800193FFF7C5FDC5E9CA
:1005C00010A8013795E795F83430002BCBD0EA6AB4
:1005D00085F83470931CC6D02B6B95F835102868BD
:1005E000FBF780FB044650B1EB6A2A46694628684F
:1005F00000932B6B8DF808700193FFF7B5FDC5E9EB
:100600000B97B0E713681A7802F01F04012C40F032
:10061000898090F84D701879998887427FF42EAFC1
:10062000301DADF808105988009006F10800ADF8AB
:100630000A10317B01908DF80C10597804290BD9E0
:100640002039C8B2032801D9052417E70329FBD8AC
:10065000DFE801F0483E525C013952B2032903D869
:10066000DFE801F00E18222C002AEDDBDB88002BDE
:10067000EAD06B686A4604211B6828469847C8E69A
:10068000002AE1DADB88002BDED06B686A460521A0
:100690001B68F2E7002AD7DBDB88002BD4D06B681D
:1006A0006A4606211B68E8E7002ACDDADB88002BC2
:1006B000CAD06B686A4607211B68DEE7002AC3DBE5
:1006C000DB88002BC0D16B686A4608211B68D4E721
:1006D0001406B9D5DB88002BB6D06B686A460921B1
:1006E0001B68CAE71006AFD4DB88002BACD06B6860
:1006F0006A460A211B68C0E71106A5D4DB88002BD7
:10070000A2D16B686A460B211B68B6E712069BD420
:10071000DB88002B98D16B686A460C211B68ACE71C
:100720000324ABE60124A9E6F8B5144C0F4616469F
:100730002368F3B92146F4F7F9FF0546B8B92368F1
:10074000CBB1FF2384F84C0004F11400676084F8F7
:100750004E302061F2F7A6FA04F128006062F2F749
:10076000A1FA04F13C00A063F2F79CFA3460284639
:10077000F8BD0225FBE70325F9E700BF0040002094
:1007800010B5044698B10069F2F7DEFA606AF2F734
:10079000DBFAA06BF2F7D8FA2046FFF7DFFD002363
:1007A000C4E9003384F84C3084F84E3010BD032087
:1007B000FCE738B5F0B190F821408C420CD100F143
:1007C0001004A57C012D19D00125A574257C55B1F7
:1007D0000020C4E9022338BD90F849408C420BD177
:1007E00000F13804EDE70068FBF776FA0028F2D054
:1007F000A574F0E70320EEE70120ECE70220EAE72A
:10080000F8B50446A8B190F83600012813D00120AD
:1008100094F8347084F836001FB10020C4E90B232B
:10082000F8BD2068FBF75EFA0028F9D084F836702E
:10083000F6E70320F4E70220F2E710464AB100236E
:1008400082F82130536833B11B6823B10A46012175
:100850001847032070470120704710464AB1002313
:1008600082F82230536833B11B6823B10A46022153
:100870001847032070470120704700002DE9F0431E
:10088000037F87B004461BB9012007B0BDE8F083A1
:100890004268926851799942F6D31268002AF3D0DF
:1008A00003F100530C27013B02EBC30612F833504F
:1008B00000239D42E8D907FB03F270688118825C2F
:1008C000032A49D10D7A00239D423BD80026CB78DC
:1008D0006377002ED8D000250120DFF880802F46D6
:1008E000DFF87C90A6603379AB42CED90623B1689D
:1008F0008DF808706B430135CA1810798DF809001E
:10090000CB5C20688DF80630DB0951886FF001035D
:10091000ADF8041001A9527818BFE3608DF80720E4
:1009200003AA19BF84F823702761636184F82470D7
:100930000ABFA761CDF80C90CDF80C800494FBF7AA
:10094000DFF9D0E71A01486800EB0316805CA27F4C
:100950009042BCD00133B7E70133AAE75B0801003E
:100960003B080100836870B5044693B1002501205F
:100970000626A3681A79954202D30023A36070BDAE
:100980009A6806FB05F320680135D15CFBF7D7F9BF
:10099000EFE70120F3E72DE9F04F054687B0164653
:1009A000002A00F04F81002800F04C81C9B20023DA
:1009B0000139CDE90033052900F24681DFE811F065
:1009C000C60006000E00220034005D00037780F8A8
:1009D000213080F822308360002436E04368002B09
:1009E00000F03281037F32789A42F5D00BB1FFF7E5
:1009F000B9FF33782B770023AB772846FFF73EFF0C
:100A0000044622E04368002B00F01E813488437FB7
:100A1000B3EB142F40F01881E4B2837FA342DBD004
:100A2000FFF7A0FFAC77E8E74368002B00F00C81EC
:100A30008368002B00F00881012400274FF006088E
:100A4000A146AB681A79BA4203D8204607B0BDE880
:100A5000F08F9A6808FB07F3D25C337893420AD18F
:100A6000DB09286814BF85F8233085F82490317895
:100A7000FBF79CF904460137E3E74368002B00F0DD
:100A8000E3808368002B00F0DF804FF00008012432
:100A90004FF0060B6FF0010A4746AB681A794245E2
:100AA000D3D90BFB08F99B68327813F809109142EF
:100AB00027D12868FBF78BF933780446DB09AB684C
:100AC00022D095F82320E2B1EA6885F82370901CC3
:100AD00017D09B68286813F809102B6901F00F01E3
:100AE000FBF7FAF8044650B1EB682A4603A92868D8
:100AF00003932B698DF814700493FFF79EFEC5E9EC
:100B000003A708F10108C8E795F82420002AF8D0C7
:100B10006A6985F82470911CF3D09B68286813F8E3
:100B20000910AB6901F00F01FBF7DCF8044650B186
:100B30006B692A4603A928680393AB698DF8147082
:100B40000493FFF78AFEC5E905A7DAE733681A7848
:100B500002F01F04012C77D1407F197988427FF47D
:100B600074AF597801390A2970D8DFE801F0061A04
:100B70002C6F6F6F6F6F38525F00120666D5DA8880
:100B8000002A63D05B886A4603215BBAADF808305F
:100B90006B681B6828469847009B04467360019B5E
:100BA0000FE0170652D5DB88002B4FD005F11F0749
:100BB0006B6804211B683A4628469847012304467F
:100BC0007760B36041E7140640D5DB88002B3DD049
:100BD00005F120076B6805211B683A46ECE7100613
:100BE00034D4DA88002A31D05B88317B5BBAB268B2
:100BF000ADF808306B681B6819B1019209216A468B
:100C0000C8E77168CDE900126A4606212846984770
:100C1000F6E611061AD4DA88C2B95B882A4607219B
:100C20001B0A02F81F3F6B681B68EFE712060DD422
:100C3000DA885AB95B882A46082102F8203F6B6897
:100C40001B68E3E7032400E70124FEE60524FCE635
:100C500070B50A4C0E46154623685BB92146F4F779
:100C600065FD30B923683BB1FF2366602077A37729
:100C70002C6070BD0220FCE70320FAE75040002002
:100C800010B5044638B1FFF76DFE0023C4E9003308
:100C90002377A37710BD0320FCE72DE9FF411C4615
:100CA000002307460E468DF80330154691F90030B3
:100CB000002B03DB052004B0BDE8F081B1F8028011
:100CC0000DF1030206210068FBF792F89DF803304E
:100CD000022BEFD84FEA1821F2885FFA88F3012936
:100CE000029211D1327802F01F02134352D1B3881D
:100CF000002B4FD101AA0B213868F4F775FD019B39
:100D00002B60029B2360D6E70229CAB20AD132784F
:100D1000D1063FD1B288002A3CD101AA0C218DF81E
:100D20000C30E9E7032A0AD13278D20632D18DF8A5
:100D30000E3001AAB3880D21ADF80C30DCE7212A72
:100D40000BD1327802F01F02012A23D113BBB388E2
:100D500001AA0E218DF80C30CEE7222A0BD1327871
:100D600002F01F02012A15D1A3B9B38801AA0F21ED
:100D70008DF80C30C0E7232A0CD1327802F01F0224
:100D8000012A07D18DF80C3001AAB38810218DF803
:100D90000D30B1E70520B2E77FB591F900200023BF
:100DA00005460C46002A8DF80F300B7802DA052034
:100DB00004B070BDDB06FAD18B88002BF7D1CE884A
:100DC000002EF4D10DF10F0206210068FBF710F898
:100DD0009DF80F30012BEAD80DF10F02062128688B
:100DE0008DF80F60FBF725F8638843B901230DF1F7
:100DF0000F02062128688DF80F30FBF71AF8A21CA5
:100E0000032128680192F4F7ADFC019A09212868B2
:100E1000F4F7EAFCCCE773B591F90020002305460E
:100E20000C46002A8DF807300B7802DA052002B054
:100E300070BDDB06FAD18B88002BF7D1CE88002E4F
:100E4000F4D10DF1070206210068FAF7D1FF9DF8F1
:100E50000730032B0BD0022BE8D863880DF1070273
:100E600007218DF807302868FAF7E3FFDFE73246FD
:100E700007212868FAF7DDFF0028D8D101230DF1FA
:100E8000070206218DF80730EDE7002337B58DF80E
:100E9000063005468DF807300C4691F90030002BDE
:100EA00002DA052003B030BDCB88002BF9D10DF15B
:100EB000060206210068FAF79BFF9DF80630012B19
:100EC000EFD86378032B04BF01238DF80730237814
:100ED00013F01F0309D16388012BE2D10DF1070242
:100EE00014212868F4F780FCDCE7022BD9D1638851
:100EF000002BD6D1A1880B0706D19DF80730C9B2C7
:100F0000286853B1FAF752FF9DF80730221D286870
:100F100033B10521F4F726FCC4E7FAF758FFF3E7ED
:100F20000621F7E72DE9F341174691F900201E4607
:100F30000023002A05468DF807300C460B7803DBAA
:100F4000052002B0BDE8F08103F01F03022BF7D1AA
:100F50004B88002BF4D1B1F80680B8F1020FEFD125
:100F60000DF1070206210068FAF742FF9DF80730ED
:100F7000002BE5D1A3882C460821286824F80C3FD3
:100F80002246FAF735FF3C60C6F80080D9E72DE924
:100F9000F74F1E46002305468B468DF80330174653
:100FA00091F90030002B03DB052003B0BDE8F08F82
:100FB0004C88002CF8D1B1F806A0BAF1020FF3D199
:100FC0000DF1030206210068FAF712FF9DF80330C5
:100FD000012BE9D89BF8009005F10C0819F01F09C6
:100FE0000DD1424604212868FAF702FFAB8903F0CD
:100FF0000303AB81C6F800A0C7F80080D5E7B9F1BC
:10100000010F04D1AC812046C6F800A0F4E7B9F185
:10101000020F12D1BBF8043001AA052128688DF80F
:101020000430ADF80640FAF7E3FEBDF8063003F0F1
:101030000303AB81C6F80090DEE70520DCE737B597
:1010400091F90020002305460C46002A8DF8073050
:101050000B7802DA052003B030BD03F01F03012B2B
:10106000F8D1CB88002BF5D10DF1070206210068DD
:10107000FAF7BEFE9DF80730002BEBD1A2880421C1
:10108000A3782C46286843EA022324F80C3F224622
:10109000F4F768FB22460A212868F4F7A5FBDAE793
:1010A0002DE9F341164691F900201F460023002A3E
:1010B00005468DF807300C460B7803DB052002B09F
:1010C000BDE8F08103F01F03012BF7D14B88002B03
:1010D000F4D1B1F80680B8F1010FEFD10DF107029C
:1010E00006210068FAF784FE9DF80730002BE5D151
:1010F000A38805F10C02C7F8008016211B0232609C
:101100002868AB81F4F770FBD9E7F7B5154691F97C
:1011100000201E460023002A04468DF807300B7875
:1011200002DB052003B0F0BDDB06FAD14B88002BB3
:10113000F7D18B88002BF4D1CF88012FF1D10DF19D
:10114000070206210068FAF753FE9DF80730012BCD
:10115000E7D804F10C02376015212A602068F4F703
:1011600043FBDFE770B50D46114604461A460529D4
:10117000049B04D10021BDE87040FAF717BEE8884F
:101180001E68864288BF186089B91B6812682046AD
:10119000FAF7A2FD78B995F90030002B0BDA034677
:1011A000024601462046BDE87040FAF79BBD002389
:1011B0001A461946EBE770BD4B682DE9F041013343
:1011C0008AB04FF0000805460E4617468DF80F808E
:1011D000CDE9048803D105200AB0BDE8F081002ADA
:1011E000F9D0946806210DF10F02FAF701FE317A69
:1011F000002900F08B807368082BECD13268002A3C
:10120000E9D0538863809388A380D388E3805078A3
:101210006070127812F01C0F227004D041462846EC
:10122000FAF7C4FDD7E712F060011CD10C280FD9E2
:101230000520059B1BB1049B002B08BF052005ABB7
:10124000024621462846009304ABFFF78BFFC3E715
:101250004D4B53F82060002EEAD005AB04AA21467E
:101260003846B047E5E7002B2FD012062DD42029B1
:101270001CD10022012128460694079206AA8DF867
:1012800024100893F4F76EFA089B0593079B0493C8
:101290000028CDD1E3880021059A2846934238BF23
:1012A0000593DDE90423FAF71DFD95E74029BFD139
:1012B00000221321284606940792012208938DF8F4
:1012C000242006AAF4F790FADEE720290FD10022A5
:1012D000012128460694079206AA8DF82410089347
:1012E000F4F740FA089B0593079B0493A1E7402974
:1012F0009ED10022132128460694079201220893CA
:101300008DF8242006AAF4F76FFAEBE79DF80F306A
:10131000032B0AD16378052B7FF45DAF05AB04AADC
:1013200021463846FFF777FD56E77268002A3FF4FA
:1013300052AFE388002B3FF44EAF94F900002378BE
:101340000028FFF648AF03F06003202B0BD1336871
:1013500028468DF824100121089206AA07930694C6
:10136000F4F700FA6BE7402B0BD1336828468DF871
:1013700024101321089206AA07930694F4F734FA6E
:101380005DE705205BE700BF40EF020030B5104B82
:1013900087B0054603AACDE903310E4B01A901939D
:1013A0000123ADF80830FAF7ABFC044660B98DF8BC
:1013B000060003AA01A92846FAF7A2FC044618B1C0
:1013C00080212846FAF7BBFC204607B030BD00BF9D
:1013D000B91101004000800030B51A4B87B00546B6
:1013E0006C46012D93E8070006AB84E8070003E98B
:1013F000070002D8002007B030BDAB1EDBB2012BC6
:1014000009D9AB1FDBB2012B05D9A5F10A03DBB269
:10141000012B88BF2B460022114654F8040B28B13B
:1014200006AD05EB8205013245F80C0C01310329AC
:10143000F3D19342DED806AA02EB830353F80C0CD7
:10144000D9E700BF28C3020038B51446FFF7C4FF30
:1014500058B31F230022C0F83031836B43F480233C
:101460008363036B43F4C0130363036B43F4804350
:101470000363036B43F4004303630260BCB163780E
:10148000A5781B0401692D02247803F4702321F050
:101490000F1105F4706504F00F0421F470612B4303
:1014A00023430B430361104638BD0120FCE720466F
:1014B000FAE710B50C46FFF78FFF20B1036B1CB1A4
:1014C00043F00203036310BD23F00203FAE70000B8
:1014D000034B0360034B0B605A231360704700BF3C
:1014E000E0C90020C0CA0020034B0360034B0B601F
:1014F000B4231360704700BF28CC002008CD002023
:10150000024808B5FAF768F9FEE700BF74EF020079
:1015100081B2082003F0F4BB38B5202003F0A2FB11
:10152000044628B1002540F8045B00F047F9257710
:10153000204638BD2DE9F047DDF820900C461746CF
:101540009846064680B94FF0200383F31188BFF315
:101550006F8FBFF34F8F4A494A4817F053FB4FF440
:10156000FA7002F01FF8FAE711F07F4A10D04FF03E
:10157000200383F31188BFF36F8FBFF34F8F42496E
:10158000404817F03FFB4FF4FA7002F00BF8FAE70F
:1015900081B94FF0200383F31188BFF36F8FBFF33E
:1015A0004F8F3A49374817F02DFB4FF4FA7001F08E
:1015B000F9FFFAE702F044FD98B9B9F1000F10D035
:1015C0004FF0200383F31188BFF36F8FBFF34F8F6A
:1015D0002F492C4817F016FB4FF4FA7001F0E2FF88
:1015E000FAE701F0BFFE356804EA0503B8F1000F21
:1015F00015D1B3B9B9F1000F0FD0002F0CBF0021E6
:101600004FF08071B8F1000F01D041F080610025EA
:101610004A462143301D02F033FBCA4605E09C4296
:10162000E8D117B125EA0403336001F037FFBAF1BE
:10163000000F1AD038B9174B4FF080521A60BFF321
:101640004F8FBFF36F8F02F02DFE830105460AD442
:1016500000F068F9356804EA0503B8F1000F07D116
:1016600043B900F08DF925F07F452846BDE8F087A5
:101670009C42F6D1002FF4D025EA04043460F0E750
:10168000D2EF0200A0EF0200DEEF020017F002002E
:101690002CF0020004ED00E02DE9F0410D46044677
:1016A00080B94FF0200383F31188BFF36F8FBFF32E
:1016B0004F8F2349234817F0A5FA4FF4FA7001F031
:1016C00071FFFAE711F07F4610D04FF0200383F34B
:1016D0001188BFF36F8FBFF34F8F1B49194817F065
:1016E00091FA4FF4FA7001F05DFFFAE700F10C0790
:1016F00001F038FE21682069294321608742216872
:1017000007D121EA0601216001F0C8FE2068BDE88A
:10171000F081D0E9002822F07F4312F0806F03EAC5
:10172000010502D11DB94046E8E7AB42FBD1D20129
:1017300041F0007148BF1E4302F064FBF3E700BFB5
:10174000D2EF0200A0EF020082F00200FFF7A4BF78
:1017500038B5044601F006FE04F10C05636843B990
:10176000237F13B9204603F07FFABDE8384001F02B
:1017700095BE2069A84210D14FF0200383F3118851
:10178000BFF36F8FBFF34F8F0649074817F03AFA40
:101790004FF4FA7001F006FFFAE74FF0007102F023
:1017A00031FBDBE7B7F00200A0EF020013460A4668
:1017B0000146014803F0FEB94D17010000F108038E
:1017C0004FF0FF3243600361C0E90223002303604E
:1017D000704700230361704743689A684B608A60D2
:1017E0009A6851609960036808610133036070472B
:1017F00030B50C68631C0AD103695A684A6091606D
:101800008B605960036808610133036030BD00F1EB
:101810000802134652681568A542FAD9EDE7036934
:10182000D0E901128A6051605968814208BF5A604C
:10183000002202611A68013A1A60186870470000B5
:1018400008480068006880F308884FF0000080F3C3
:10185000148862B661B6BFF34F8FBFF36F8F00DF9E
:1018600000BF000008ED00E0DFF80C00016841F463
:10187000700101607047000088ED00E0002307B5AB
:101880000193114B1B68013310D04FF0200383F3F9
:101890001188BFF36F8FBFF34F8F0C490C4817F0BF
:1018A000B1F94FF4FA7001F07DFEFAE74FF0200332
:1018B00083F31188BFF36F8FBFF34F8F019B002B12
:1018C000FCD003B05DF804FB088000201DF102008D
:1018D000A0EF02004FF0807321F0010140F8202CAE
:1018E00044380364034BC16383636FF002030362F4
:1018F000704700BF7D1801000000000000000000DC
:10190000074B19680868B0E8F04F80F30988BFF307
:101910006F8F4FF0000080F311887047AFF30080A5
:1019200020D0002008B54FF0200383F31188BFF3C7
:101930006F8FBFF34F8F0E4A13680133012B136073
:1019400015D10C4B1B6813F0FF0F10D04FF0200384
:1019500083F31188BFF36F8FBFF34F8F064907489A
:1019600017F050F94FF4FA7001F01CFEFAE708BDC9
:101970000880002004ED00E037F10200A0EF020033
:101980000D4A08B5136883B94FF0200383F311881B
:10199000BFF36F8FBFF34F8F0849094817F032F933
:1019A0004FF4FA7001F0FEFDFAE7013B13600BB94A
:1019B00083F3118808BD00BF088000206CF102008D
:1019C000A0EF020000000000000000000000000086
:1019D000EFF30980BFF36F8F154B1A681EF0100FDD
:1019E00008BF20ED108A20E9F04F10602DE90900B2
:1019F0004FF0200080F31188BFF34F8FBFF36F8F3C
:101A000002F038F84FF0000080F3118809BC196823
:101A10000868B0E8F04F1EF0100F08BFB0EC108A55
:101A200080F30988BFF36F8F704700BFAFF300806A
:101A300020D0002008B54FF0200383F31188BFF3B6
:101A40006F8FBFF34F8F01F09BFC18B1034B4FF02A
:101A500080521A60002383F3118808BD04ED00E072
:101A6000434B444A13B51968914210D14FF02003FB
:101A700083F31188BFF36F8FBFF34F8F3E493F4809
:101A800017F0C0F84FF4FA7001F08CFDFAE71A680D
:101A90003B4B9A4210D14FF0200383F31188BFF3E0
:101AA0006F8FBFF34F8F3749344817F0ABF84FF4BF
:101AB000FA7001F077FDFAE7334B00211A78D2B2C1
:101AC0000192FF221A701B78304ADBB28DF8033086
:101AD0009DF8033003F02003137007232C4A136092
:101AE0009DF803005C1E000614D411B1032B136093
:101AF00019D04FF0200383F31188BFF36F8FBFF32A
:101B00004F8F24491D4817F07DF84FF4FA7001F00B
:101B100049FDFAE79DF8033001215B00DBB28DF847
:101B200003302346DCE74FF4407300241360019B2D
:101B3000154ADBB21370184B1A6842F470021A602F
:101B40001A6842F070421A60F1F710FB134B1C60E8
:101B5000FFF78AFE124A136843F040431360FFF711
:101B60006FFE01F087FFFFF789FE204602B010BD2F
:101B700000ED00E071C20F417EF10200A0EF020013
:101B800070C20F41A1F1020000E400E0D8CF0020B4
:101B9000DCCF0020C4F1020020ED00E0088000202E
:101BA00034EF00E008B5EFF305830F2B16D9184A80
:101BB0009B5C184A12789A4210D94FF0200383F3A5
:101BC0001188BFF36F8FBFF34F8F1349134817F07E
:101BD00019F84FF4FA7001F0E5FCFAE7104B114ADE
:101BE0001B68126803F4E063934210D94FF020039E
:101BF00083F31188BFF36F8FBFF34F8F0A490748F4
:101C000017F000F84FF4FA7001F0CCFCFAE708BDC9
:101C1000F0E300E0D8CF002006F20200A0EF0200BF
:101C20000CED00E0DCCF002030F2020010B50446DD
:101C3000FFF778FEA46BFFF7A3FEB4FA84F0400927
:101C400010BDF8B51546026C0446866B52B907689C
:101C500047BB806802F052FA0546A7600136284665
:101C6000A663F8BD65B9406816F044F96368226C54
:101C70001344A26893426360F0D323686360EDE786
:101C8000C06816F037F9226CE36851429B1A22684B
:101C90009342E3603EBFA3685B18E360022D01D16D
:101CA00016B1013E0025D9E73546D7E70346084679
:101CB0001A6C10B462B1DC68996814448C42DC6020
:101CC0005DF8044B24BF1968D960D96816F012B9C1
:101CD0005DF8044B704770B50446FFF723FE94F897
:101CE000455004F124066DB2002D14DCFF2304F1ED
:101CF000100684F84530FFF743FEFFF713FE94F813
:101D000044506DB2002D12DCFF2384F84430BDE84E
:101D10007040FFF735BE636A002BE7D0304602F013
:101D20001BF808B102F05EF9013D6DB2DCE72369F2
:101D3000002BE9D0304602F00FF808B102F052F95A
:101D4000013D6DB2DEE7000038B50D46044680B9AE
:101D50004FF0200383F31188BFF36F8FBFF34F8FD2
:101D60001C491D4816F04EFF4FF4FA7001F01AFCA2
:101D7000FAE7FFF7D7FD2268D4E90F3162604B43E1
:101D8000D0185B1A1344A0600020E360FF23A06317
:101D900084F8443084F8453095B9236963B104F17F
:101DA000100001F0D9FF38B10C4B4FF080521A608F
:101DB000BFF34F8FBFF36F8FFFF7E2FD012038BDF8
:101DC00004F11000FFF7FAFC04F12400FFF7F6FC21
:101DD000F2E700BF72F20200A0EF020004ED00E0A3
:101DE00013B51C4680B94FF0200383F31188BFF36D
:101DF0006F8FBFF34F8F3549354816F003FF4FF40F
:101E0000FA7001F0CFFBFAE783B94FF0200383F3B8
:101E10001188BFF36F8FBFF34F8F2E492C4816F0F8
:101E2000F1FE4FF4FA7001F0BDFBFAE78AB111BB85
:101E30004FF0200383F31188BFF36F8FBFF34F8FF1
:101E40002549234816F0DEFE4FF4FA7001F0AAFB94
:101E5000FAE781B14FF0200383F31188BFF36F8F4E
:101E6000BFF34F8F1D491A4816F0CCFE4FF4FA709D
:101E700001F098FBFAE750230193019B502B10D0FF
:101E80004FF0200383F31188BFF36F8FBFF34F8FA1
:101E900013490F4816F0B6FE4FF4FA7001F082FBBA
:101EA000FAE7002908BF2246019B0123226084F83B
:101EB0004630C4E90F0119462046FFF745FF9DF85B
:101EC0001030204684F84C3002B010BD7AF2020087
:101ED000A0EF02009CF20200B2F20200EAF202005D
:101EE00022F30200F8B50D461746064680B94FF0BA
:101EF000200383F31188BFF36F8FBFF34F8F1C490B
:101F00001C4816F07FFE4FF4FA7001F04BFBFAE725
:101F10004843A1B1B0FBF1F3B34210D04FF020031E
:101F200083F31188BFF36F8FBFF34F8F12491148AE
:101F300016F068FE4FF4FA7001F034FBFAE7503007
:101F400002F090FE044670B1002380F8463065B17F
:101F500000F15003012120462360C4E90F65FFF71B
:101F6000F3FE84F84C702046F8BD0346F2E700BF4C
:101F70007AF20200A0EF02003DF3020010B50C4619
:101F800080B94FF0200383F31188BFF36F8FBFF345
:101F90004F8F1149114816F035FE4FF4FA7001F0D9
:101FA00001FBFAE7884210D24FF0200383F3118837
:101FB000BFF36F8FBFF34F8F0949084816F022FE19
:101FC0004FF4FA7001F0EEFAFAE702220021FFF76F
:101FD00089FF00B1846310BD8CF30200A0EF020002
:101FE0009CF302002DE9FF4788461F4604460192F4
:101FF00080B94FF0200383F31188BFF36F8FBFF3D5
:102000004F8F6049604816F0FDFD4FF4FA7001F003
:10201000C9FAFAE791B9036C83B14FF0200383F357
:102020001188BFF36F8FBFF34F8F5849564816F092
:10203000E9FD4FF4FA7001F0B5FAFAE7022F13D177
:10204000E36B012B10D04FF0200383F31188BFF313
:102050006F8FBFF34F8F4E494B4816F0D3FD4FF4AF
:10206000FA7001F09FFAFAE701F0EAFF064690B92C
:10207000019B8BB14FF0200383F31188BFF36F8F67
:10208000BFF34F8F4349404816F0BCFD4FF4FA7040
:1020900001F088FAFAE700264FF00009DFF8F8A00F
:1020A00037E0019D1DB9FFF76BFC002050E016B929
:1020B00002A801F02DFFFFF763FC01F053F9FFF7D1
:1020C00031FC94F84430FF2B01D184F8449094F80B
:1020D0004530FF2B01D184F84590FFF751FC01A951
:1020E00002A801F021FF002846D1FFF71BFCA26BDC
:1020F000E36B9A422FD1FFF743FC019904F11000E2
:1021000001F098FD2046FFF7E6FD01F0C7F950B356
:102110000126FFF707FCA26BE36B9A4201D3022F63
:10212000BFD13A4641462046FFF78BFD636A1BB19B
:1021300004F1240001F010FE38B1174B4FF080522B
:102140001A60BFF34F8FBFF36F8FFFF719FC0120A9
:1021500004B0BDE8F087FFF713FC2046FFF7BBFD96
:1021600001F09CF9D4E74FF08053CAF80030BFF378
:102170004F8FBFF36F8FCBE72046FFF7ACFD01F029
:102180008DF992E772F20200A0EF0200B9F30200AB
:1021900009F402002CF0020004ED00E000220B46DE
:1021A00013B5114600900120FFF71AFE044638B11E
:1021B00000231A46194683600360C360FFF712FFCD
:1021C000204602B010BD000038B5044680B94FF07B
:1021D000200383F31188BFF36F8FBFF34F8F0D4937
:1021E0000D4816F00FFD4FF4FA7001F0DBF9FAE735
:1021F000856801F01FFF85420AD1E368013BE36077
:1022000023B91A4619462046FFF7ECFE012000E0EC
:10221000002038BD50F40200A0EF02000246002169
:10222000012010B5FFF75EFE044638B100231A46C0
:10223000194683600360C360FFF7D4FE204610BDDB
:102240002DE9F843894690461F46044680B94FF071
:10225000200383F31188BFF36F8FBFF34F8F3F4984
:102260003F4816F0CFFC4FF4FA7001F09BF9FAE703
:1022700091B9036C83B14FF0200383F31188BFF34E
:102280006F8FBFF34F8F3749354816F0BBFC4FF4C3
:10229000FA7001F087F9FAE7022F13D1E36B012BF3
:1022A00010D04FF0200383F31188BFF36F8FBFF37B
:1022B0004F8F2D492A4816F0A5FC4FF4FA7001F013
:1022C00071F9FAE7FFF76EFCEFF311864FF0200388
:1022D00083F31188BFF36F8FBFF34F8FA26BE36B54
:1022E0009A4201D3022F36D194F845503A464946D6
:1022F00020466DB2A36BFFF7A4FC6B1C13D1636A7D
:102300000BB901200BE004F1240001F025FD0028A9
:10231000F7D0B8F1000FF4D00120C8F8000086F320
:102320001188BDE8F8837F2D10D14FF0200383F38F
:102330001188BFF36F8FBFF34F8F0C49084816F019
:1023400061FC4FF4FA7001F02DF9FAE701356DB236
:1023500084F84550D5E70020E1E700BF72F20200A3
:10236000A0EF0200B9F3020009F4020058F40200E1
:1023700070B50D46044680B94FF0200383F31188F1
:10238000BFF36F8FBFF34F8F39493A4816F03AFCCD
:102390004FF4FA7001F006F9FAE7036C83B14FF0DD
:1023A000200383F31188BFF36F8FBFF34F8F324940
:1023B000304816F027FC4FF4FA7001F0F3F8FAE712
:1023C000036893B9836883B14FF0200383F31188C6
:1023D000BFF36F8FBFF34F8F2849264816F012FCCA
:1023E0004FF4FA7001F0DEF8FAE7FFF7DBFBEFF3EA
:1023F00011864FF0200383F31188BFF36F8FBFF373
:102400004F8FA26BE36B93422FD994F845100132A2
:10241000FF294BB2A26310D1636A0BB9012009E016
:1024200004F1240001F098FC0028F7D0002DF5D02D
:102430000120286086F3118870BD7F2B10D14FF0EA
:10244000200383F31188BFF36F8FBFF34F8F0C49C5
:10245000084816F0D7FB4FF4FA7001F0A3F8FAE73A
:1024600001335BB284F84530D8E70020E2E700BFD3
:1024700072F20200A0EF020071F402008AF402007E
:1024800058F402002DE9F04385B00F46044601924E
:1024900080B94FF0200383F31188BFF36F8FBFF330
:1024A0004F8F5349534816F0ADFB4FF4FA7001F0CB
:1024B00079F8FAE791B9036C83B14FF0200383F305
:1024C0001188BFF36F8FBFF34F8F4B49494816F008
:1024D00099FB4FF4FA7001F065F8FAE701F0B0FDEE
:1024E000064690B9019B8BB14FF0200383F311880E
:1024F000BFF36F8FBFF34F8F40493E4816F082FB0A
:102500004FF4FA7001F04EF8FAE700264FF0000899
:10251000DFF8EC903BE0019D1DB9FFF731FA002098
:1025200052E016B902A801F0F3FCFFF729FA00F017
:1025300019FFFFF7F7F994F84430FF2B01D184F825
:10254000448094F84530FF2B01D184F84580FFF793
:1025500017FA01A902A801F0E7FC00283DD12046A6
:10256000FFF764FB98B3019904F1240001F062FBCA
:102570002046FFF7B0FB00F091FF38B94FF08053D1
:10258000C9F80030BFF34F8FBFF36F8F0126FFF7FD
:10259000C9F9A56B002DBED0013D39462046FFF795
:1025A00085FBA563236963B104F1100001F0D4FB3E
:1025B00038B1134B4FF080521A60BFF34F8FBFF307
:1025C0006F8FFFF7DDF9012005B0BDE8F0832046ED
:1025D000FFF781FB00F062FFD8E72046FFF77BFBA7
:1025E00000F05CFF2046FFF721FB0028CED096E7E5
:1025F000F1F40200A0EF0200FDF402002CF0020052
:1026000004ED00E02DE9FF410446019180B94FF04F
:10261000200383F31188BFF36F8FBFF34F8F6A4995
:102620006A4816F0EFFA4FF4FA7000F0BBFFFAE7D1
:10263000056C85B14FF0200383F31188BFF36F8FD2
:10264000BFF34F8F6249614816F0DCFA4FF4FA701D
:1026500000F0A8FFFAE701F0F3FC064690B9019BF1
:10266000ABB14FF0200383F31188BFF36F8FBFF33B
:102670004F8F5849554816F0C5FA4FF4FA7000F0DC
:1026800091FFFAE72E460027DFF8508159E0054612
:10269000F9E7019BA3B985B14FF0200383F31188BB
:1026A000BFF36F8FBFF34F8F4B49484816F0AAFA1C
:1026B0004FF4FA7000F076FFFAE7FFF761F95EE099
:1026C00016B902A801F024FCFFF75AF900F04AFEFF
:1026D000FFF728F994F84430FF2B01D184F84470B7
:1026E00094F84530FF2B01D184F84570FFF748F985
:1026F00001A902A801F018FC00284AD12046FFF7E2
:1027000095FA00283FD023683BB9FFF70BF9A06882
:1027100001F0A6FC0546FFF733F9019904F1240006
:1027200001F088FA2046FFF7D6FA00F0B7FE38B974
:102730004FF08053C8F80030BFF34F8FBFF36F8F57
:102740000126FFF7EFF8A36B002BA2D0013BA36398
:10275000236813B901F0B2FDA060236963B104F1ED
:10276000100001F0F9FA38B11C4B4FF080521A609A
:10277000BFF34F8FBFF36F8F0125FFF701F9284695
:1027800004B0BDE8F0812046FFF7A5FA00F086FE10
:10279000D6E72046FFF79FFA00F080FE2046FFF7BD
:1027A00045FA0028CCD0002DE9D0FFF7BBF8616ACC
:1027B00019B1236B1968C1F10501A068002501F06A
:1027C00001FDFFF7DDF8DAE7F1F40200A0EF020007
:1027D00071F402002CF0020050F5020004ED00E05C
:1027E00037B5044680B94FF0200383F31188BFF357
:1027F0006F8FBFF34F8F0F490F4816F003FA4FF456
:10280000FA7000F0CFFEFAE78568019101F012FC42
:102810008542019905D1E36801200133E36003B0EB
:1028200030BD2046FFF7EEFE0028F8D0E368013304
:10283000E360F4E750F40200A0EF020013B5044691
:1028400080B94FF0200383F31188BFF36F8FBFF37C
:102850004F8F0949094816F0D5F94FF4FA7000F086
:10286000A1FEFAE7FFF75EF8A06B0190FFF788F88A
:10287000019802B010BD00BF73F20200A0EF020089
:102880000023074A10B552F833402CB942F83310F0
:1028900002EBC303586010BD0133082BF3D1FAE7F4
:1028A000E0CF00200023084A10B502EBC3014C68BA
:1028B000844204D1002042F83300486010BD013347
:1028C000082BF2D1FAE700BFE0CF002010B5044694
:1028D00080B94FF0200383F31188BFF36F8FBFF3EC
:1028E0004F8F0A490A4816F08DF94FF4FA7000F03C
:1028F00059FEFAE7FFF7D6FF94F8463023B9204691
:10290000BDE8104002F0B0B910BD00BF72F2020085
:10291000A0EF020070B504460D461646FFF702F818
:1029200094F84430FF2B02D1002384F8443094F80B
:102930004530FF2B02D1002384F84530FFF720F803
:10294000A36B2BB93246294604F1240001F0DAF9D1
:102950002046BDE87040FFF7BEB982684368006852
:102960001344181A824298BF801A704793422DE987
:10297000F84328BF13460646894690461C46002B5E
:1029800053D0056883685F1BA74228BF2746BA4219
:1029900010D24FF0200383F31188BFF36F8FBFF382
:1029A0004F8F2349234816F02DF94FF4FA7000F0A9
:1029B000F9FDFAE7EA19934210D24FF0200383F3AE
:1029C0001188BFF36F8FBFF34F8F1B49194816F063
:1029D00019F94FF4FA7000F0E5FDFAE781693A461B
:1029E0004846294415F086FABC4218D9A04510D2B1
:1029F0004FF0200383F31188BFF36F8FBFF34F8F26
:102A00000E490C4816F0FEF84FF4FA7000F0CAFDBB
:102A1000FAE7E21BB16909EB070015F06BFA2544F0
:102A2000B368AB4298BFED1A35602046BDE8F88325
:102A300070F50200A0EF02008AF50200C2F5020064
:102A40002DE9F0410E4604465521904630461F467A
:102A500015F078FAB042054610D04FF0200383F30A
:102A60001188BFF36F8FBFF34F8F0B490B4816F0E0
:102A7000C9F84FF4FA7000F095FDFAE7242200211E
:102A8000204615F05FFA9DF81830A5612377C4E958
:102A90000287BDE8F08100BFD6F50200A0EF02007A
:102AA0002DE9F041836816464568044688465F1B59
:102AB000974228BF1746EA19934210D24FF02003DD
:102AC00083F31188BFF36F8FBFF34F8F19491A48F3
:102AD00016F098F84FF4FA7000F064FDFAE7806998
:102AE0003A46284415F006FABE4219D9F21BA368EB
:102AF0009A4210D94FF0200383F31188BFF36F8FF0
:102B0000BFF34F8F0D490C4816F07CF84FF4FA7064
:102B100000F048FDFAE708EB0701A06915F0EAF9B3
:102B20003544A36830469D4228BFED1A6560BDE874
:102B3000F08100BF1EF60200A0EF020056F6020070
:102B400037B504460D4601923BB3017FC90716D441
:102B50009A4294BF01920193019ACAB94FF020039F
:102B600083F31188BFF36F8FBFF34F8F0D490E486A
:102B700016F048F84FF4FA7000F014FDFAE7069AE0
:102B800093420DD304220DEB0201FFF789FFE3E727
:102B900029462046FFF784FF0346184603B030BDA0
:102BA0000023FAE78BF60200A0EF020030B585B0F3
:102BB0000D461946089C83B94FF0200383F3118812
:102BC000BFF36F8FBFF34F8F3549364816F01AF8B1
:102BD0004FF4FA7000F0E6FCFAE784B94FF02003F6
:102BE00083F31188BFF36F8FBFF34F8F2E492D48AA
:102BF00016F008F84FF4FA7000F0D4FCFAE78542BA
:102C000010D94FF0200383F31188BFF36F8FBFF308
:102C10004F8F2649234815F0F5FF4FF4FA7000F066
:102C2000C1FCFAE7002A14BF03230223042810D8AA
:102C30004FF0200383F31188BFF36F8FBFF34F8FE3
:102C40001B49184815F0DEFF4FF4FA7000F0AAFC9B
:102C5000FAE724220392039A242A10D04FF020038B
:102C600083F31188BFF36F8FBFF34F8F11490D4866
:102C700015F0C8FF4FF4FA7000F094FCFAE7012D4C
:102C80000246009320462B4638BF0123FFF7D8FEAB
:102C9000237F204643F00203237705B030BD00BFF9
:102CA00010F70200A0EF02002BF70200E9F6020085
:102CB000A1F6020040F7020008B580B94FF02003EA
:102CC00083F31188BFF36F8FBFF34F8F09490A4811
:102CD00015F098FF4FF4FA7000F064FCFAE7826890
:102CE00003684168D0180138401A824298BF801AA0
:102CF00008BD00BF62F70200A0EF02002DE9F0431B
:102D000087B0044617468946039381B94FF02003E4
:102D100083F31188BFF36F8FBFF34F8F4D494E4838
:102D200015F070FF4FF4FA7000F03CFCFAE780B940
:102D30004FF0200383F31188BFF36F8FBFF34F8FE2
:102D40004649454815F05EFF4FF4FA7000F02AFC42
:102D5000FAE7037FDB0734D5161DB24210D34FF0DC
:102D6000200383F31188BFF36F8FBFF34F8F3C496C
:102D7000394815F047FF4FF4FA7000F013FCFAE7FA
:102D80008368B34234BF00230123039AFAB9204673
:102D9000FFF792FF05462B463A46494620460096E5
:102DA000FFF7CEFE054640B12046FFF7D6FDE368AB
:102DB000984202D32046FEF7ABFB284607B0BDE899
:102DC000F08386680123964228BF1646DDE7002B74
:102DD000DDD004A801F074F8FEF7A4FD2046FFF74B
:102DE0006BFF8642054631D90021084601F08AFC76
:102DF000D4F81480B8F1000F10D04FF0200383F303
:102E00001188BFF36F8FBFF34F8F1649124815F02B
:102E1000F9FE4FF4FA7000F0C5FBFAE701F00AF989
:102E20006061FEF7ADFD039B41464246009340467C
:102E3000434601F04FFA03A904A8C4F8148001F036
:102E400073F80028C8D0002DA1D0A4E7FEF798FDA4
:102E5000F9E700BF71F70200A0EF020062F702007D
:102E60007AF702009CF702002DE9F043044685B092
:102E700016469946884681B94FF0200383F311889E
:102E8000BFF36F8FBFF34F8F4449454815F0BAFE2B
:102E90004FF4FA7000F086FBFAE780B94FF0200398
:102EA00083F31188BFF36F8FBFF34F8F3D493C48C9
:102EB00015F0A8FE4FF4FA7000F074FBFAE7037FF8
:102EC00013F0010F14BF04270027B9F1000F30D011
:102ED000FEF728FD2046FFF740FD8742054619D33F
:102EE0000021084601F00EFC236983B14FF0200356
:102EF00083F31188BFF36F8FBFF34F8F2A492848A0
:102F000015F080FE4FF4FA7000F04CFBFAE701F088
:102F100091F82061FEF734FDAF4214D30023CDF8C1
:102F200000901A461946184601F0D4F900232046AD
:102F30002361FFF712FDB842054604D80025284654
:102F400005B0BDE8F08377B12B463A4603A9204689
:102F5000D4F80090FFF70AFD039BED1B9E421BD2A5
:102F60000026C4F800902B46324641462046FFF723
:102F7000FDFC05460028E1D000F0F4F9636943B197
:102F800000266069334632463146009601F012FA57
:102F9000666100F083FAD2E71E46E4E7C7F7020055
:102FA000A0EF020062F70200D0F7020073B50446FA
:102FB00080B94FF0200383F31188BFF36F8FBFF305
:102FC0004F8F1249124815F01DFE4FF4FA7000F0B1
:102FD000E9FAFAE7EFF311864FF0200383F3118843
:102FE000BFF36F8FBFF34F8F0069002548B1206991
:102FF0002B462A46CDE90051294601F0A1FA0120CD
:10300000256186F3118802B070BD00BF62F702002F
:10301000A0EF02002DE9F0410446FEF783FC314B9E
:10302000314D1A68314E01321A602A68002A4FD198
:103030002C601B68012B25D12D48FEF7BFFB2D48C6
:10304000FEF7BCFB2C48FEF7B9FBDFF8DC802B4811
:10305000FEF7B4FB2A4F2B48FEF7B0FB4046FEF7C5
:10306000ADFB3846FEF7AAFB2748FEF7A7FB27482B
:10307000FEF7A4FB2648FEF7A1FB264BC3F8008011
:10308000254B1F60254A26491368086801331360E1
:10309000E3640123E26A9340034314200B60211D83
:1030A000134B00FB0230FEF797FBFEF769FC336819
:1030B00063B12B68DA6AE36A9A4207D2194B4FF080
:1030C00080521A60BFF34F8FBFF36F8FBDE8F0815E
:1030D0003368002BD6D12B68DA6AE36A9A42D1D8DA
:1030E0002C60CFE798D0002020D00020F4D0002022
:1030F0002CD0002040D0002054D0002068D00020E8
:10310000C0D000207CD00020E0D000200CD10020D6
:10311000F8D0002024D0002028D00020A4D0002007
:10312000A8D0002004ED00E0ACD00020F8B51D4F81
:1031300000221D4B04460E461D683B68386883F824
:10314000DF200430FEF76BFB3B4640B93968174877
:10315000CF6A01210268B94022EA01020260621CC2
:1031600007D136B1196812480431BDE8F840FEF7BE
:1031700033BB2C191A68546007D30E4A10681968BB
:10318000BDE8F8400431FEF733BB0B4A10681968FC
:103190000431FEF72DFB094B1A68A24200D91C60CE
:1031A000F8BD00BF20D0002020D10020A8D00020F2
:1031B000F8D0002028D0002024D00020D4D0002037
:1031C000094B0A4A1B681268D06A58B9084A126843
:1031D000012A08D8012B06D8064B1868064B1B6835
:1031E000C01A704700207047A8D0002020D00020CF
:1031F0002CD00020D4D0002020D10020064A136813
:103200001968064B19B94FF0FF321A6070471268FF
:10321000D2681268F9E700BF24D00020D4D0002083
:103220002DE9F0474FEA820A07460D46A52152468E
:103230009846AAF1040ADDE90994206B14F082FE95
:10324000226B92442AF0070AC4F848A0002D51D0FE
:103250006B1E04F13402133513F8011F02F8011B31
:10326000197809B1AB42F7D1002384F84730089EA2
:103270000025201D042EA56528BF0426E66266658C
:10328000C6F10506FEF7A5FA04F11800FEF7A1FA4B
:103290001422294604F15C002461A661646225675A
:1032A00014F050FE0822294604F1D40014F04AFE1E
:1032B0000222294604F1DC0014F044FE6022294673
:1032C00004F1740014F03EFE0C4B42463946A367ED
:1032D00050460B4B84F8DF50E3670A4BC4F880304C
:1032E000FEF7F8FA2060B9F1000F01D0C9F80040EC
:1032F000BDE8F08784F83450B9E700BF18590300DF
:1033000038590300F85803002DE9F043074685B00B
:10331000900088461646994601F0A4FC0546E8B19F
:10332000E02001F09FFC0446A8B10023056332466B
:10333000414680F8DE300D9B0290384601930C9B8D
:1033400000934B46FFF76CFF2046FFF763FE01201A
:1033500005B0BDE8F083284601F086FC4FF0FF3051
:10336000F6E70000024A136801331360704700BF9C
:10337000A0D00020014B1868704700BF20D100206A
:103380002DE9F84F384B1B68002B67D1374B1E686F
:1033900001361E60FEB9364B1A68126882B14FF0D2
:1033A000200383F31188BFF36F8FBFF34F8F314931
:1033B000314815F027FC4FF4FA7000F0F3F8FAE703
:1033C0002E4A19681068186011602D4A136801337D
:1033D0001360FFF713FF2B4F00243B689E4207D278
:1033E000294B1B68002B18BF01242046BDE8F88F2D
:1033F000DFF87C90DFF89C80DFF89CA0D9F80030E3
:103400001B681BB94FF0FF333B60E9E7D9F8003088
:10341000DB68DD686B689E42F6D305F1040B584605
:10342000FEF7FDF9AB6A1BB105F11800FEF7F7F9DD
:10343000EA6A0123D8F800101420934000FB02A090
:103440000B435946C8F80030FEF7C6F90F4BEA6A3D
:103450001B68DB6A9A4228BF0124CFE70C4A00248C
:10346000136801331360C0E7A0D0002020D10020F2
:1034700024D00020FEF70200A0EF020028D0002098
:10348000D8D00020D4D0002024D1002020D000208B
:10349000DCD00020A8D000202CD000202DE9F34162
:1034A000354C236883B94FF0200383F31188BFF3B1
:1034B0006F8FBFF34F8F3149314815F0A3FB4FF4A5
:1034C000FA7000F06FF8FAE7FEF72CFA2368013B78
:1034D0002360246834B10024FEF752FA204602B07B
:1034E000BDE8F081274B1B68002BF4D0264D274EFA
:1034F000DFF8AC801FE0EB680127DC6804F11800FE
:10350000FEF78DF9211D08460191FEF788F9E26A60
:10351000306807FA02F301990343142000FB02808C
:103520003360FEF759F91A4BE26A1B68DB6A9A426C
:1035300001D3184B1F602B68002BDCD10CB1FFF7B7
:103540005DFE154D2C6844B1124E0127FFF718FFA0
:1035500000B13760013CF9D12C600E4B1B68002B89
:10356000B9D00E4B4FF080521A60BFF34F8FBFF3AC
:103570006F8F0124B0E700BFA0D0002029F802001F
:10358000A0EF020098D00020E0D00020A8D00020BA
:1035900020D0002024D10020DCD0002004ED00E069
:1035A0002CD0002008B540B9124B4FF080521A6061
:1035B000BFF34F8FBFF36F8F08BD0F4B196881B1F9
:1035C0004FF0200383F31188BFF36F8FBFF34F8F4A
:1035D0000A490B4815F016FB4FF4FA70FFF7E2FFAB
:1035E000FAE7FFF7BFFEFFF7A1FDFFF757FF00283F
:1035F000DAD0E1E704ED00E0A0D000203EF80200C0
:10360000A0EF020070B586B0DDE90B5485B94FF02C
:10361000200383F31188BFF36F8FBFF34F8F2149CE
:10362000214815F0EFFA4FF4FA70FFF7BBFFFAE705
:1036300084B94FF0200383F31188BFF36F8FBFF37A
:103640004F8F1A49184815F0DDFA4FF4FA70FFF75A
:10365000A9FFFAE7E0260596059EE02E10D04FF070
:10366000200383F31188BFF36F8FBFF34F8F10498F
:103670000D4815F0C7FA4FF4FA70FFF793FFFAE719
:1036800025630225059E84F8DE5004AD0294019561
:103690000A9D0095FFF7C4FD2046FFF7BBFC049888
:1036A00006B070BD58F80200A0EF02006FF80200EB
:1036B00084F8020010B50446743015F0C9FA94F885
:1036C000DE303BB9206B01F0CFFA2046BDE8104058
:1036D00001F0CABA012BF8D0022B10D04FF0200312
:1036E00083F31188BFF36F8FBFF34F8F04490548F1
:1036F00015F088FA4FF4FA70FFF754FFFAE710BD9F
:103700009DF80200A0EF0200F8B504462D4DFEF72B
:1037100009F904B92C68261D3046FEF780F860B917
:10372000E76A1420284B78431B5833B927490122F4
:103730000B68BA4023EA02030B60A36A1BB104F1D1
:103740001800FEF76CF8224A1368013313602B68E7
:10375000A34223D131461F48FEF73EF81E4A1368A4
:1037600001331360FEF70CF91C4B1B6843B32B6845
:10377000A34225D11A4B1B68D3B14FF0200383F32A
:103780001188BFF36F8FBFF34F8F1649164815F09E
:1037900039FA4FF4FA70FFF705FFFAE7134A2046AB
:1037A0001368013B1360FFF785FFFFF727FDD9E79B
:1037B0000F4B4FF080521A60BFF34F8FBFF36F8FE4
:1037C000F8BD00BF20D000202CD00020A8D00020C1
:1037D000A4D000200CD100209CD00020F4D00020E8
:1037E000A0D000203EF80200A0EF020098D00020F8
:1037F00004ED00E073B5054680B94FF0200383F374
:103800001188BFF36F8FBFF34F8F2349234815F003
:10381000F9F94FF4FA70FFF7C5FEFAE7FEF7C2F9BF
:10382000EFF311864FF0200383F31188BFF36F8FFE
:10383000BFF34F8F1A4B6A699A422AD1AC6A194872
:10384000844226D02CBB184B1B68FBB9174B291D93
:10385000EC6A1B6808460191DB6A9C4234BF002475
:103860000124FDF7DCFFEA6A11480123019905688C
:1038700093402B43036014200E4B00FB0230FDF7F6
:10388000ABFF86F31188204602B070BD05F1180128
:10389000F5E70024F5E700BFE3F80200A0EF02001F
:1038A000F8D00020E0D00020A0D0002020D00020C0
:1038B000A8D000202CD0002010B588B0002407AA82
:1038C00006A905A8CDE90544FDF702FE059B079A68
:1038D0000293069B1B491C48CDE900432346FFF792
:1038E00091FED0B100F08EFF012818D14FF02003D7
:1038F00083F31188BFF36F8FBFF34F8F134B144ABD
:103900001B68743313604FF0FF32124B1A60124B76
:103910001860124B1C60FEF7A3F808B010BD013010
:10392000FBD14FF0200383F31188BFF36F8FBFF3F8
:103930004F8F0B490B4815F065F94FF4FA70FFF7FC
:1039400031FEFAE7F1F80200B539010020D000207D
:10395000C8AA0020D4D00020F4D0002020D100201C
:10396000F6F80200A0EF020008B50E4B0E491A68E7
:10397000096802448A4210D94FF0200383F311886A
:10398000BFF36F8FBFF34F8F0849094815F03AF91D
:103990004FF4FA70FFF706FEFAE71A681044186051
:1039A00008BD00BF20D10020D4D0002027F902009C
:1039B000A0EF02002DE9F041254E264F264C274D61
:1039C00023683BBB264B1B68012B06D94FF0805365
:1039D0003B60BFF34F8FBFF36F8FFFF7F1FB0928F9
:1039E000ECD9FFF7BFFC1F4B1A681F4B1B689A42AC
:1039F00025D24FF0200383F31188BFF36F8FBFF3FD
:103A00004F8F1A491A4815F0FDF84FF4FA70FFF776
:103A1000C9FDFAE7FDF786FFF368D3F80C8008F1DB
:103A20000400FDF7FCFE2B68013B2B602368013B83
:103A30002360FDF7A5FF4046FFF73CFEC0E7FFF718
:103A4000BFFB092801D9EFF729FBFFF727FDB5E7F1
:103A50000CD1002004ED00E09CD0002098D0002084
:103A60002CD00020D4D0002020D100205DF902000D
:103A7000A0EF020038B5264B1A68264B12B101227E
:103A80001A6038BD1A6002F06DFC234B23491860A0
:103A90000C681A68A24206D9214A1D681068026F94
:103AA000121B2A4402671B680B601E4B1B68B3FA8B
:103AB00083F3DBB214221C49C3F11F035A438C5811
:103AC000881884B94FF0200383F31188BFF36F8FF8
:103AD000BFF34F8F1549164815F094F84FF4FA705C
:103AE000FFF760FDFAE74468083264680A449442CC
:103AF000446004BF62684260142202FB03135B68E7
:103B0000DA68074B1A601B680A4A74331360B8E717
:103B1000A0D0002024D1002094D0002090D00020FC
:103B200020D00020A8D000202CD0002080F9020056
:103B3000A0EF0200C8AA0020F8B50446334EFDF7F6
:103B4000F1FE04B93468251D2846FDF768FE60B90A
:103B5000E76A14202E4B78431B5833B92D490122B4
:103B60000B68BA4023EA02030B60A36A1BB104F19D
:103B70001800FDF754FE29462748FDF72DFE94F85E
:103B8000DC30012B02D1002384F8DC3094F8DD30E6
:103B9000012B02D1002384F8DD30204DFDF7F0FE2B
:103BA0002A682AB1FDF7BEFEFFF728FBFDF7E8FE05
:103BB0003368A3421DD12B68E3B1194B1B6883B155
:103BC0004FF0200383F31188BFF36F8FBFF34F8F44
:103BD0001449154815F016F84FF4FA70FFF7E2FC97
:103BE000FAE7124B4FF080521A60BFF34F8FBFF3CA
:103BF0006F8FF8BD084A11680D4A1268914201D1D1
:103C00003360F6E7BDE8F840FFF734BF20D000206E
:103C10002CD00020A8D00020F8D00020F4D0002024
:103C2000A0D000203EF80200A0EF020004ED00E06A
:103C300098D0002010B50C4680B94FF0200383F3D4
:103C40001188BFF36F8FBFF34F8F0A490A4814F0F2
:103C5000D9FF4FF4FA70FFF7A5FCFAE7074B196894
:103C60001831FDF7C5FD20460121BDE81040FFF7E2
:103C70005DBA00BFC7F90200A0EF020020D000200B
:103C800010B5144680B94FF0200383F31188BFF3B9
:103C90006F8FBFF34F8F1649164814F0B3FF4FF4E0
:103CA000FA70FFF77FFCFAE7134B1B6883B94FF0FC
:103CB000200383F31188BFF36F8FBFF34F8F0F493A
:103CC0000C4814F09FFF4FF4FA70FFF76BFCFAE713
:103CD0000B4B41F000411A68916119681831FDF7EA
:103CE0007BFD20460121BDE81040FFF71FBA00BF51
:103CF000C7F90200A0EF0200A0D00020D3F9020013
:103D000020D0002038B50D46144680B94FF020036E
:103D100083F31188BFF36F8FBFF34F8F0B490C48AC
:103D200014F070FF4FF4FA70FFF73CFCFAE7094B10
:103D300019681831FDF750FD002C21460CBF2846AC
:103D40004FF0FF30BDE83840FFF7F0B9C7F9020087
:103D5000A0EF020020D00020C36837B5DC6884B92A
:103D60004FF0200383F31188BFF36F8FBFF34F8FA2
:103D70001C491D4814F046FF4FF4FA70FFF712FC7F
:103D8000FAE704F1180108460191FDF748FD174BC9
:103D900001991B68FBB9211D08460191FDF73FFD04
:103DA000E26A134801230199056893402B4303609D
:103DB0001420104B00FB0230FDF70EFDFFF71EFA3A
:103DC0000D4BE26A1B68DB6A9A4208D901200B4B53
:103DD000186003B030BD0A48FDF7FEFCF0E7002094
:103DE000F7E700BFEDF90200A0EF0200A0D000202D
:103DF000A8D000202CD0002020D0002024D10020EA
:103E0000E0D00020264A126873B582B94FF0200333
:103E100083F31188BFF36F8FBFF34F8F214922487F
:103E200014F0F0FE4FF4FA70FFF7BCFBFAE741F034
:103E30000041C468016084B94FF0200383F3118806
:103E4000BFF36F8FBFF34F8F1849174814F0DAFE96
:103E50004FF4FA70FFF7A6FBFAE7FDF7E0FC012547
:103E6000FFF7CCF9211D08460191FDF7D8FCE26A65
:103E70000F4805FA02F301990668334303601420E2
:103E80000C4B00FB0230FDF7A7FC0B4BE26A1B68F2
:103E9000DB6A9A4201D9094B1D6002B070BD00BFB8
:103EA000A0D00020FCF90200A0EF0200EDF9020012
:103EB000A8D000202CD0002020D0002024D1002029
:103EC00010B5044680B94FF0200383F31188BFF387
:103ED0006F8FBFF34F8F0A490A4814F093FE4FF4D7
:103EE000FA70FFF75FFBFAE7FDF71CFD064B1B6856
:103EF0002360064B1B686360BDE81040FDF740BDC2
:103F00001CFA0200A0EF0200D8D0002020D100202F
:103F1000034B1B680360034B1B684360704700BF83
:103F2000D8D0002020D1002070B50E46054680B9BB
:103F30004FF0200383F31188BFF36F8FBFF34F8FD0
:103F40002249234814F05EFE4FF4FA70FFF72AFB73
:103F5000FAE781B94FF0200383F31188BFF36F8F25
:103F6000BFF34F8F1B491A4814F04CFE4FF4FA7000
:103F7000FFF718FBFAE7FDF7D5FC174B1968174B4D
:103F80001A6892F8DF4044B11B68002283F8DF20F2
:103F90000124FDF7F5FC204670BD33685A1CF8D0AB
:103FA0000F482C6800686A68844204D08A4202D8AC
:103FB00000233360ECE7881A8342F9D95B1A28465C
:103FC000002413443360FFF7A3FFE2E71CFA02006A
:103FD000A0EF020026FA020020D1002020D000200D
:103FE000D8D00020014B01221A60704724D1002054
:103FF0000B4B1B687BB90B4A106870B90A4B1B68E6
:1040000063B90A4B18680A4B1B68013B984214BFFE
:10401000012002207047002070471846704700BFFB
:10402000E0D0002024D10020DCD00020F8D00020F7
:1040300098D00020014B1868704700BF20D00020A6
:10404000054B1B6833B1054B1B68002B0CBF0220CE
:104050000020704701207047F4D00020A0D000203D
:10406000F7B50446002832D0214AC36A11681646C3
:10407000C96A8B4233D28269002A04DB3268D26A71
:10408000C2F10502826114221A4D02FB03536269D8
:104090009A421ED1211D08460191FDF7C0FB164B27
:1040A000019930B9E76A01201A68B84022EA000293
:1040B0001A6032681E68D26AE262012404FA02F0D1
:1040C00030431860142000FB0250FDF785FB2046AA
:1040D00003E033680120DB6AE36203B0F0BD1368DC
:1040E000406DDC6AA0422CBF00200120F5E700BF34
:1040F00020D000202CD00020A8D0002037B50446C6
:1041000010B9002003B030BD284B1B68834210D08B
:104110004FF0200383F31188BFF36F8FBFF34F8FEE
:104120002349244814F06EFD4FF4FA70FFF73AFA71
:10413000FAE79B6D83B94FF0200383F31188BFF337
:104140006F8FBFF34F8F1C491A4814F05BFD4FF47B
:10415000FA70FFF727FAFAE7C16A013B426D8365FF
:104160009142CED0002BCCD1011D08460191FDF724
:1041700056FB124A019930B9E56A01201368A8403C
:1041800023EA00031360636D1568C3F10500E36261
:10419000A061012404FA03F0284310601420084AA7
:1041A00000FB0320FDF718FB2046ABE720D00020E2
:1041B00034FA0200A0EF02004AFA0200A8D0002060
:1041C0002CD0002037B5044600285CD0826D82B91F
:1041D0004FF0200383F31188BFF36F8FBFF34F8F2E
:1041E0002A492B4814F00EFD4FF4FA70FFF7DAF964
:1041F000FAE7436D994238BF1946C36A8B4242D0F1
:10420000012A40D1234A1268824210D14FF0200384
:1042100083F31188BFF36F8FBFF34F8F1E491C4884
:1042200014F0F0FC4FF4FA70FFF7BCF9FAE782697A
:104230001A4D002A4FF01402C16202FB0353A8BFBB
:10424000C1F105014269A8BF81619A421BD1011DDC
:1042500008460191FDF7E3FAE46A114A019928B989
:1042600001201368A04023EA0003136001231068B3
:10427000A3400343142000FB0450136003B0BDE8C7
:104280003040FDF7A9BA03B030BD00BF4AFA0200C2
:10429000A0EF020020D000205FFA02002CD0002006
:1042A000A8D00020044B1A68196890691A68CB6A74
:1042B000C3F105039361704720D00020044B1A68B6
:1042C0001AB119688A6D01328A651868704700BF93
:1042D00020D0002001282DE9F843DDF82080044695
:1042E000894617461E4610D94FF0200383F31188E4
:1042F000BFF36F8FBFF34F8F2A492B4814F082FC16
:104300004FF4FA70FFF74EF9FAE7284DFDF70AFB74
:104310002B68234493F8DC30022B1BD02B6801213F
:1043200003EB8403D3F8D42022EA0902C3F8D42093
:104330002B68234483F8DC10B8F1000F0AD0404604
:10434000FEF7F4FE1A4B4FF080521A60BFF34F8F06
:10435000BFF36F8FFDF714FBFDF7E4FA36B12B685E
:1043600004F1340203EB82035B6833602B6823445F
:1043700093F8DC30022B13D12B68012603EB840366
:10438000D3F8D42022EA0702C3F8D4202B681C44B7
:10439000002384F8DC30FDF7F3FA3046BDE8F883FB
:1043A0000026F3E775FA0200A0EF020020D00020FB
:1043B00004ED00E001292DE9F341089E05460C4675
:1043C00090461F4610D94FF0200383F31188BFF3A6
:1043D0006F8FBFF34F8F5049504814F013FC4FF4C8
:1043E000FA70FFF7DFF8FAE780B94FF0200383F3A4
:1043F0001188BFF36F8FBFF34F8F4949474814F0BF
:1044000001FC4FF4FA70FFF7CDF8FAE7FDF78AFAEE
:104410002EB104F1340305EB83035B6833602B1981
:10442000022293F8DC6083F8DC20F6B2042F25D852
:10443000DFE807F00B03141E1C0005EB8404D4F81E
:10444000D42042EA0802C4F8D420012E2BD0012641
:10445000FDF796FA304602B0BDE8F08105EB840422
:10446000D4F8D4300133C4F8D430EEE7022E51D062
:10447000343405EB8404C4F80480E6E7294B1B6858
:10448000002BE2D04FF0200383F31188BFF36F8F2E
:10449000BFF34F8F2449214814F0B4FB4FF4FA7056
:1044A000FFF780F8FAE7291D08460191FDF7B7F9F3
:1044B000EA6A1E4806FA02F301990468234303607E
:1044C00014201B4B00FB0230FDF786F9AB6A83B169
:1044D0004FF0200383F31188BFF36F8FBFF34F8F2B
:1044E00014490E4814F08EFB4FF4FA70FFF75AF897
:1044F000FAE7FEF783FE104BEA6A1B68DB6A9A4212
:10450000A5D90E4B4FF080521A60BFF34F8FBFF307
:104510006F8F9DE700269BE7ABFA0200A0EF020039
:10452000E3FA020020D10020F1FA0200A8D0002016
:104530002CD0002010FB020020D0002004ED00E071
:104540002DE9F3470C4692461D468046DDE90A9761
:1045500080B94FF0200383F31188BFF36F8FBFF34F
:104560004F8F5C495C4814F04DFB4FF4FA70FFF735
:1045700019F8FAE7012910D94FF0200383F31188C5
:10458000BFF36F8FBFF34F8F5449534814F03AFB7A
:104590004FF4FA70FFF706F8FAE7FDF703FBEFF3C5
:1045A00011864FF0200383F31188BFF36F8FBFF3A1
:1045B0004F8FB9F1000F06D004F1340308EB8303E9
:1045C0005B68C9F8003008EB040292F8DC305FFA4F
:1045D00083F9022382F8DC30042D26D8DFE805F0C9
:1045E0000B03141F1C0008EB8404D4F8D42042EA07
:1045F0000A02C4F8D420B9F1010F2BD0012086F3B0
:10460000118802B0BDE8F08708EB8404D4F8D430F8
:104610000133C4F8D430EEE7B9F1020F57D0343487
:1046200008EB8404C4F804A0E5E72D4B1B68002BBD
:10463000E1D04FF0200383F31188BFF36F8FBFF3F6
:104640004F8F2849244814F0DDFA4FF4FA70FEF732
:10465000A9FFFAE7D8F8283083B14FF0200383F39D
:104660001188BFF36F8FBFF34F8F1F491A4814F0A3
:10467000C9FA4FF4FA70FEF795FFFAE71B4B1B6877
:104680000BBB08F1040108460191FDF7C8F8184872
:10469000D8F82C20046809FA02F301992343036037
:1046A0001420144B00FB0230FDF796F8124BD8F89B
:1046B0002C201B68DB6A9A42A0D9012307B13B601A
:1046C0000E4A13609AE708F118010D48ECE7002044
:1046D00095E700BFE3FA0200A0EF0200ABFA020088
:1046E00020D10020F1FA020010FB0200A0D000202F
:1046F000A8D000202CD0002020D0002024D10020E1
:10470000E0D00020012938B504460D4610D94FF0FD
:10471000200383F31188BFF36F8FBFF34F8F0D49D1
:104720000D4814F06FFA4FF4FA70FEF73BFFFAE70A
:1047300008B90A4B1C68FDF7F5F86119002491F8D7
:10474000DC30022B02D181F8DC400124FDF718F99E
:10475000204638BD4EFB0200A0EF020020D0002012
:10476000F7B5114CFDF7DEF82568BDB90F4F104EB7
:104770003846FDF723F83046FDF720F80D4B0E4A7A
:1047800010211F600A200D4B1E600D4B0095FDF798
:1047900027FB206010B10B49FEF772F803B0BDE8AB
:1047A000F040FDF7EDB800BF4CD20020D0D1002082
:1047B000E4D1002028D1002030D100202CD10020CD
:1047C000FCD10020ACFB0200914208B541600061C1
:1047D0000AD8D21A83699A420DD2011D074B186874
:1047E000FDF706F8002008BD9A4201D2994202D294
:1047F000011D034BF3E70120F5E700BF2CD100209A
:1048000028D1002010B588B0FFF7AAFF164B1B680F
:10481000B3B1002407AA06A905A8CDE90544FCF711
:1048200063FE059B079A0293069B1049019304239C
:104830000F4800932346FEF7E5FE0E4B186080B943
:104840004FF0200383F31188BFF36F8FBFF34F8FB7
:1048500009490A4814F0D6F94FF4FA70FEF7A2FE9F
:10486000FAE7012008B010BD4CD20020CDFB0200B9
:104870008149010050D20020D5FB0200A0EF0200C8
:104880007FB5164604461A4680B94FF0200383F3DD
:104890001188BFF36F8FBFF34F8F1149114814F088
:1048A000B1F94FF4FA70FEF77DFEFAE70E4D286875
:1048B00078B105290294CDE900160CDCFFF7C0FBA6
:1048C00000230228694628680CBF089A1A46FDF79B
:1048D00089FB04B070BD00236946FDF7B1FCF8E721
:1048E000DDFB0200A0EF02004CD20020F0B5204D0D
:1048F00085B000272B681A682AB91E4A1168136010
:10490000296005B0F0BDDB68DC681E68211D084623
:104910000391FCF784FF236A2046984794F82830D7
:10492000039913F0040FE5D0A36933449E4205D2E6
:10493000286863602461FCF75BFFDBE700233246F5
:10494000204600971946FFF79BFF0028D2D14FF071
:10495000200383F31188BFF36F8FBFF34F8F064996
:10496000064814F04FF94FF4FA70FEF71BFEFAE711
:1049700028D100202CD10020E4FB0200A0EF02008F
:104980002DE9F04F834F87B0DFF824A2B9463B688A
:10499000D3F800B0BBF1000F28D0DB680024D3F8B7
:1049A00000B07D4EFEF7DEFCFEF7E4FC0546336802
:1049B000B04698421CD330601CB3784B1B681C680F
:1049C000B4FA84F46409764B2246ABEB050118680F
:1049D000FDF7A0FFFEF762FD78B94FF08053CAF8EB
:1049E0000030BFF34F8FBFF36F8F06E00124D8E78D
:1049F000FFF77CFF3560FEF751FD694E4FF0000B6D
:104A00003DE08345DFD8FEF749FDD9F80030DB688B
:104A1000DE68301DFCF703FF96F82830580720D5D4
:104A2000B1695B462A4630465944FFF7CDFEE0B1F6
:104A300023465A46214630460094FFF721FFA0B98D
:104A40004FF0200383F31188BFF36F8FBFF34F8FB5
:104A50005449554814F0D6F84FF4FA70FEF7A2FD09
:104A6000FAE723F0010386F82830336A3046984786
:104A7000C3E7039B05999847029B002B0ADA0022A3
:104A800002A93068FDF7FEFC002880D0029B049844
:104A9000002BEEDB049C6369A3B9FEF76BFCD8F82E
:104AA00000300546984201D2FFF720FF029BC8F86C
:104AB0000050092BE3D8DFE803F00909093C4364FF
:104AC00009093C43201DFCF7AAFEE6E794F82830CC
:104AD0002A46A169204643F0010384F82830039B4D
:104AE0001944FFF771FE0028C9D0236A2046984771
:104AF00094F828305907C2D5A269002303992046AB
:104B0000CDF800B00A441946FFF7BAFE0028B6D126
:104B10004FF0200383F31188BFF36F8FBFF34F8FE4
:104B20002049214814F06EF84FF4FA70FEF73AFD70
:104B3000FAE794F8283023F0010384F828309EE740
:104B400094F82830039943F00103A16184F82830D8
:104B500081B94FF0200383F31188BFF36F8FBFF348
:104B60004F8F1249104814F04DF84FF4FA70FEF7C9
:104B700019FDFAE72B462A4629442046FFF724FE72
:104B80007DE794F828309A07D5D4204600F06CF8D9
:104B900075E700BF28D10020F8D100202CD10020DB
:104BA0004CD20020E4FB0200A0EF0200ECFB02006C
:104BB00004ED00E01FB514461A466FF00103CDE97D
:104BC000003005480023CDE9021469460068FDF76E
:104BD00037FB04B010BD00BF4CD2002038B50C46E6
:104BE000FEF7C0FB0B4B0C491D682A198A4205D9F8
:104BF0004FF0FF35FCF784FC284638BD1A60074AA1
:104C000013681B1B1360064B196821441960FEF7DB
:104C100045FCF1E70C80002000000081108000209E
:104C200054D2002008B5EFF305831BB9BDE8084056
:104C3000FEF798BB4FF0200383F31188BFF36F8F0B
:104C4000BFF34F8F0449054813F0DCFF4FF4FA70AF
:104C5000FEF7A8FCFAE700BF11FC0200A0EF02007B
:104C6000FEF71CBC13F028B913F02EB9082894BF26
:104C7000054B012010B59FBF03EBC00443F8301073
:104C80000020626010BD00BF58D20020082838B54F
:104C900004460D460CD800F09FF8064B1B6898425E
:104CA00006D245EA04400021BDE8384000F09CB837
:104CB000012038BD3CFC020038B5C4B20D46022CC0
:104CC00009D0032C05D0012C04D189880420FFF7DA
:104CD000DDFF2C7038BDC988F8E70A780B46012A39
:104CE00002D0022A06D070474860022105201970C0
:104CF000FFF7CCBF4A6842EA004048600321F5E76D
:104D0000082838B504460D460CD800F065F8064B67
:104D10001B68984206D245EA04400121BDE83840AC
:104D200000F062B8012038BD3CFC020008B500F07C
:104D300053F8054B1B68984203D2BDE8084000F0C9
:104D40002BB8012008BD00BF3CFC020010B500F0EC
:104D500043F80C4A1268904212D2B0FA80F30A4922
:104D60000A4A5B0901EBC00401EBC3035462D3623E
:104D7000074C084B14629362BDE8104000F018B86D
:104D8000012010BD3CFC0200A0D2002058D200201F
:104D9000DB4C0100B94C0100044808B5F5F76CFA8A
:104DA00000210120BDE80840FFF770BF0080C4402B
:104DB000074A536A23F4702343F08073536220221E
:104DC000044B83F876234FF48002DA6000207047AA
:104DD0000080C44000E100E0024BD3F86009C0F35A
:104DE0000030704700C0CA40024608B529B9032107
:104DF0000348F5F74FFA002008BD014BD860FAE7E9
:104E00000080C4400C4BD86910B488B1030C5A1E02
:104E1000D2B2072A0CD8DBB2084A52F833403CB170
:104E200002EBC30380B2596823465DF8044B184770
:104E30005DF8044B704700BF0080C44058D200208A
:104E400008B5EFF30581032089B2FFF71FFFFEE7E6
:104E500008B5FFF7F5FF08B5FFF7F2FF7047704799
:104E6000704770477047704770477047704770478A
:104E7000704700002DE9F0410D4D14240D4F4FF007
:104E800001082A6A0C4E174027FA04F3DB0706D5FF
:104E900008FA04F303F070432B6233689847013437
:104EA0000436202CF0D1BFF34F8F0020BDE8F081F5
:104EB0000080C4409001F0FF58FC020000207047C1
:104EC00008B50648002300681A461946FDF78AF817
:104ED000013818BF4FF0FF3008BD00BFB0D200202E
:104EE00008B5054B4FF0FF311868FDF78BFB013813
:104EF00018BF4FF0FF3008BDB0D2002010B50C46EF
:104F0000EEF74AFA20B104F10C01F0F76EFE08B199
:104F10006FF0040010BD2DE9F843089C0D461746BC
:104F20001E46EEF739FA8146A8B10C35AD01B4B191
:104F3000B4F5006FA046324605EBD72128BF4FF4E9
:104F4000006848464346F0F700FE20B9474446440F
:104F5000A4EB0804EBE76FF00400BDE8F8832046FB
:104F6000FBE72DE9F843089C0D4617461E46EEF771
:104F700013FA8146A8B10C35AD01B4B1B4F5006F98
:104F8000A046324605EBD72128BF4FF400684846BB
:104F90004346F0F799FD20B947444644A4EB080482
:104FA000EBE76FF00400BDE8F8832046FBE7000064
:104FB00010B50446016802480CF03CF9204610BDCB
:104FC00008D3002038B5254C0546206808B1FDF708
:104FD0007DFC0120FDF722F9206008B9002038BDD2
:104FE0001F4C54220021204612F0ACFF1D4B4FF401
:104FF00000724FF4003163601B4BA3601B4BE360F6
:105000001B4B23611B4B63611B4BC4E90912A3615A
:10501000FA224FF40063C4E90733C4E90B23636346
:105020003DB90F4915480BF0E7FF002808DB0120C8
:10503000D5E7214611480BF071FF0028F1DACDE7E2
:1050400007490E480BF06AFF0028C7DB04490B48EC
:105050000BF0D2FFC043C00FC1E700BFB0D20020A9
:10506000B4D20020634F0100174F0100FD4E010034
:10507000BD4E0100E14E0100C14E010008D30020E9
:1050800030B597B002460C46012301AD12482946BF
:105090000CF0A2F800281DDB29460F4800950CF003
:1050A00019F9011E06DA00246846FFF781FF204641
:1050B00017B030BD204611F07AFF29460648D4E9E2
:1050C00000230CF0DDF80028EDDB6468231A5C4255
:1050D0005C41E9E70024EAE708D300202DE9F84322
:1050E00006460C4691B16FF00042D0E90013A3EBE5
:1050F0000108B168C91AA2EB08008C4208D8224600
:105100000021184612F01EFF04447460BDE8F883C5
:10511000A04202D2194811F02FFD4445254638BF60
:10512000454618EB05051AD2002D18DB19D0284684
:1051300011F054FC07462246002107EB080012F04C
:1051400001FFD6E90092A2EB0902002A0BDD4946D5
:10515000384612F0DDFE484611F02BFC06E01546FD
:10516000E5E72F46E7E7B9F1000FF4D144443D44A9
:1051700037603C44B5607460C8E700BF88FC02003B
:1051800030B597B002460C46012301AD1A482946B6
:105190000CF022F800282CDB2946174800950CF06B
:1051A00099F8002806DA00246846FFF701FF204638
:1051B00017B030BDD4E90032D11A884213D9411A50
:1051C0002046FFF78BFF29460B48D4E900239B1AA2
:1051D0000CF056F80028E6DBD4E900431C1B231A28
:1051E0005C425C41E0E7EED21844824218BF606046
:1051F000E9E70024DBE700BF08D300207FB504AB5C
:10520000044603E9060000230299C0E900338360E5
:105210000398050140F31B00B0F1006F02D30A4868
:1052200011F0AAFC20B12846019111F0D7FB019999
:1052300046192060A66015B12A4612F05BFE204692
:10524000666004B070BD00BF8EC702000029F0B5D3
:105250000E46D4BF00210121012891B0044609D097
:1052600002280AD0002853D1012401F09DFD2046D8
:1052700011B0F0BD01F098FDF9E700F087FD0420C2
:1052800001F0AEFD044618B9224813F0BBFCEEE76E
:1052900001210AA800F056FD002E4FF47A720CADE1
:1052A00008AB03AF0DF1040C1DDD642EA8BF64260E
:1052B00026EAE676CDE9086201268DF82C600FCB50
:1052C000CDE9015685E80F003B4605A89CE806009D
:1052D000FFF794FF05A800F091FD05980028C6D0BF
:1052E00011F067FBC3E7012600218DF82C60CDE9A2
:1052F00008120FCBCDE9035685E80F00634605A8D9
:1053000097E80600FFF77AFF05A800F04FFEE4E7F4
:105310000024ACE7A2FC0200002914BF6421002194
:10532000FFF794BF704770477047022A38B50446AC
:1053300007D0032A0FD0012A01D10B682360002077
:1053400038BD0D680C2011F049FB034695E80700B5
:1053500083E80700F2E700680028F0D00C2111F084
:105360002AFBECE7022A38B5044607D0032A0FD0FF
:10537000012A01D10B682360002038BD0D680C2084
:1053800011F02CFB034695E8070083E80700F2E7DD
:1053900000680028F0D00C2111F00DFBECE7036849
:1053A0000968126870B49D685C681B68661005EB3C
:1053B0006400E40744BFAC59E35870BC1847036865
:1053C000096830B49C685A681B68551004EB620089
:1053D000D20748BF625930BC48BFD35818478368CA
:1053E00010B5044613B1032201469847204610BD6C
:1053F00010B5044600F59060FFF7F1FF204610BDA0
:10540000044B10B5044640F8043BFFF7E8FF204684
:1054100010BD00BF6C0C030070B5044600F23C40A8
:1054200011F090FCD4F83054D4F83464AE4204D077
:1054300028461035FFF7D3FFF8E7D4F8300408B159
:1054400011F0B7FAD4F82454D4F82864AE4204D04A
:1054500028461035FFF7C3FFF8E7D4F8240408B155
:1054600011F0A7FAD4F8080408B111F0A2FA204606
:1054700070BD0000F8B5304E3578BFF35B8F15F086
:10548000010557D1304611F09AFA002852D02B4B23
:105490002B4C1A68A71D2560C4F806209A8853F87B
:1054A000060F628104F10C025968257184F82850B6
:1054B00003C29868012304F10C01106002222377D3
:1054C000304684F8403084F84C3004F1380384F8D6
:1054D0002C20636504F1500384F85020A3654FF439
:1054E00081732576A4F85C30164BC4E90C1540F2A4
:1054F0000221A16304F11801E1630A21C4E918350E
:10550000616404F1580304F12801C4E90875A16439
:10551000A366C4F88854C4F89C54C4F8E055C4F891
:10552000E455C4F8E85511F056FA074A20460749F1
:1055300011F03AFA0248F8BDA8F1002034C3020085
:10554000ACF100208159010000800020F1530100DE
:1055500010B50B4C2378BFF35B8FDB070ED42046CE
:1055600011F02DFA50B1074803F006FA204611F069
:1055700032FA054A0549034811F016FA014810BDF0
:10558000A0D30020A4D300200080002019540100E3
:105590002DE9F04101208EB0DFF8508315461E46FC
:1055A000EDF7A6FFA648F5F7F5F900F0D7FD00F0F6
:1055B00051FE01F085FB98F80010BFF35B8F11F0EE
:1055C00001040FD1404611F0FAF958B19D4F404601
:1055D0009D4BFC603B6011F0FEF99C4A38469C49AB
:1055E00011F0E2F9974801F087FE00F0A1FDFFF706
:1055F00041FF3246294601F00DF90020FFF7E2FC99
:1056000050B9FFF737FF934B934A944900935423C3
:1056100000F070FFFDF7A6FE0021914E084620F035
:1056200097FB00F071FBFFF793FF04780134E4B2BD
:105630000470FFF78DFF05780135EDB20570FFF7B7
:1056400087FF4378214600245A1CD2B242708271EF
:105650002A46304602F094F8FFF77AFF05460C2000
:10566000099411F0BBF97F4B866007900594C0E95F
:1056700000347D4B0C200A937C4B099311F0AEF95A
:105680007B4B07AA866006F138010390C0E900341D
:10569000784B2846784C0693784B05931723019353
:1056A000774B009303AB03F003FC03A8FFF797FECF
:1056B00007A8FFF794FEFFF74BFF03F023F92378C9
:1056C000BFF35B8FDA070ED4204611F078F950B1A2
:1056D0006C4808F0C9FB204611F07DF95B4A6A4925
:1056E000684811F061F9694E664808F02BFB35787F
:1056F000674CBFF35B8F15F0010517D1304611F0F1
:105700005EF998B1634B3046C4F838552360624B5C
:10571000C4F840551B68C4F84455C4F83C3511F032
:105720005AF94A4A5D49204611F03EF923685C4E19
:105730009B685748984733785A4CBFF35B8F13F0F8
:1057400001050FD1304611F03AF958B1564B3046A9
:10575000C4F83055236011F03EF93C4A53492046C5
:1057600011F022F923684F489B689847504C00F08D
:105770002DFD504B302207A883F82423F3F7D8FEE1
:105780000220F2F7ADF907AA03464B494B48EDF763
:1057900021FC2378BFF35B8FDB070ED4204611F08A
:1057A0000EF950B1464D2046464B2B6011F013F9CF
:1057B000264A4549284611F0F7F8444E3F494048EB
:1057C0000BF0D3FE3378BFF35B8F13F0010410D1DD
:1057D000304611F0F4F860B13D4D30463D4B85F850
:1057E000544F2B6011F0F7F8184A3B49284611F046
:1057F000DBF83249364804F08DFA0322002337499A
:105800003748CDE9002340F68C22FDF77DFD0128C5
:105810000AD0FFF72FFE334B0F4A1049009369233C
:1058200000F068FEFDF79EFD2F4A136C43F008035D
:105830001364FEF741F800200EB0BDE8F08100BF10
:105840000080CC4080F10020CC0C030000800020C0
:105850000154010011FD0200CEFC0200F8FC020020
:10586000E8F700202D5C0100BF5301002B5301001D
:10587000A57B01009F53010080D3002065530100E8
:10588000ABFD020084D300201F59010030DD002051
:1058900034DD00202012030098AA002027530100C5
:1058A000F8D70020FCD700203C1303002953010047
:1058B0007CE2002000E100E00040C340A4F70020AB
:1058C00080E20020004D03002553010008AF0020B6
:1058D0000CAF0020381503001318000027FD02004C
:1058E0003519000030FD020000400E407CF1002020
:1058F00001231A46FFF74CBE70B505460C466CB145
:10590000E1682846FFF7F8FFA66804F11400FFF7E6
:1059100066FD204611F04DF83446F0E770BD10B535
:105920000446C1680430FFF7E7FF204610BD70B59C
:105930008B68164604460D1D012253B118691D4699
:105940003268904287BF98680122D86800220346D7
:10595000F3E792B1CA68AA4203D1C4E900352046F0
:1059600070BD284611F0A4F8336802699A424FF0DE
:105970000003F2D3C4E90003F1E72846F4E700008E
:105980002DE9F04F92464B4A8146141D956890468A
:10599000A3462DED028B08EE101A85B045B12A6999
:1059A0004A453ABFEA682546AA682C461546F5E7F7
:1059B0005C4502D02269914530D2182011F00EF8D2
:1059C00000225C450746426100F11002C0F81090C9
:1059D0002FD1D8F8141021B1D8F810603169494599
:1059E00009D3344902A8FFF7A2FFDDE90246002EE1
:1059F0005BD0002C57D15E4555D038693369984249
:105A00002CBF002001202C4B3246394611F052F8B1
:105A1000D8F814300133C8F814303C46524618EE1A
:105A2000101A606905B0BDEC028BBDE8F04F01F0C3
:105A300003BE21690192894519D2D8F80C108C4215
:105A400009D0204611F034F80169019A494505D280
:105A5000C16851B9044626460C46C8E7154902A854
:105A6000FFF765FFDDE90214F5E72146F3E71CD9EE
:105A7000D8F81060B4420BD0204611F006F8016946
:105A80000546019A494505D9E36853B926461D469E
:105A90002C46ACE7074902A8FFF749FFDDE90256AB
:105AA000F6E70646F4E70120ADE73846274610F052
:105AB00080FFB2E7A40F0120A80F012070B58B680A
:105AC000164604460D1D012253B118691D46326861
:105AD000904287BF98680122D86800220346F3E706
:105AE00092B1CA68AA4203D1C4E90035204670BD0C
:105AF000284610F0DDFF336802699A424FF0000338
:105B0000F2D3C4E90003F1E72846F4E72DE9F043B6
:105B100000F1040885B0064689468568444655B1BB
:105B2000D9F800302A699A423ABFEB682546AB683B
:105B30002C461D46F3E7A04504D0D9F80020236980
:105B40009A422ED2182010F049FFD9F80090002375
:105B5000A045074600F11002C0F81090436125D11E
:105B600073691BB131690B694B4509D3314602A8F2
:105B7000FFF7A4FFDDE90241002951D0002C4DD1EF
:105B800041454BD038690B6998422CBF0020012059
:105B900043460A46394610F08DFF7369013373613D
:105BA0003C4604F1140005B0BDE8F083236901927E
:105BB000994518D2F3689C4209D0204610F078FF2E
:105BC0000369019A4B4505D2C36853B9044621467F
:105BD0001C46D1E7314602A8FFF770FFDDE9023429
:105BE000F5E72346F3E71BD931698C420BD02046F9
:105BF00010F04BFF03690546019A4B4505D9E36850
:105C000053B921461D462C46B6E7314602A8FFF798
:105C100055FFDDE90251F6E70146F4E70120B7E759
:105C20003846274610F0C5FEBAE7000013B5044613
:105C30000191054801A9FFF769FF0460019BC4F8C1
:105C40004C3402B010BD00BFBC0F012013B50C4690
:105C5000019001A905480092FFF758FF009A2146DC
:105C6000006801F0BBFF02B010BD00BFBC0F0120F7
:105C700010B5044640F6FC6110F09DFE204610BDB4
:105C800010B504464FF4A96110F095FE204610BDF2
:105C900010B5044640F2345110F08DFE204610BD80
:105CA00010B5154C154B54F8060F1A46616803C21F
:105CB0000221A0681974124910600022D96103F111
:105CC0000C011A7319620121C3F8902483F824107F
:105CD00083F8281003F11C01D96203F1280119632C
:105CE00040F2031199860749C3E90E1203F130010E
:105CF000C3E90532196410BD34C30200E8F700207F
:105D0000020C07004D5C010007B5064801A900F030
:105D100065FB18B101A9002020F042F803B05DF83E
:105D200004FB00BFC2FD020008B5034A2821034B53
:105D3000034811F0E5FD00BFCEFD02003BDA020092
:105D400020FE020000230D4A13B50446A0F80530DA
:105D5000C3710260037109B1012903D16171204649
:105D600002B010BDFFF786FB054B064A06490093BB
:105D70003A2300F0BFFBFDF7F5FAF0E700C018404A
:105D80003DFE020020FE0200F8FC020038B5174A72
:105D900004230124164D1360C2F8F4431A4413601F
:105DA000144B1C602B78FBB91348F5F7CBFA4FF472
:105DB0009D7240F201111048F5F7CCFA40F23B1207
:105DC00040F201110C48F5F7C5FA4FF49E7240F20B
:105DD00001110948F5F7BEFA40F23D1240F20111F7
:105DE0000548F5F7B7FA2C7038BD00BF0C810E409E
:105DF0007CFC00200C850E4000C003402DE9F04FD4
:105E00008BB00446D0E9002304AFEA46934246D063
:105E10009B1A2F2B0AD9FFF72DFB584B584A59498B
:105E20000093582300F066FBFDF79CFAD4E900329A
:105E3000D21A202A1ED19A689B699A420AD0FFF78B
:105E400019FB514B4E4A4F4900935A2300F052FB25
:105E5000FDF788FA23681A7B1B7F9A420AD0FFF766
:105E600009FB4A4B464A474900935B2300F042FB3B
:105E7000FDF778FAD4F8008007F10C00F4F722FC63
:105E8000022307F10C0298F80C10D8F808003B74B4
:105E9000F4F74EFB012807D13D4812F0B3FE1C3742
:105EA000D546BD46BDE8F08FD4E90023394E9B1A94
:105EB000D6F800215B10C2F3022223F00703ADEBFA
:105EC000030D354B134404AD187CF1F709FED6F8E9
:105ED0000031DBB20133B0FBF3F298423A602DD3CC
:105EE0002A460025A946D4F800C002F108066368D6
:105EF000D8F80800A3EB0C0398F80C10B5EB231F9F
:105F000023D20CEB05134FEA051E013593F80DB0B3
:105F10005CF80EC07B603B6806F808BC82F801C0E4
:105F200082F8029082F8069002937B685B68CDE964
:105F300000930123F4F7E6FB3246D4E7174B40F613
:105F4000C501174A174811F0DBFC032913D8164B7B
:105F5000B0F888215B5C92B203F00F011B020A4388
:105F600003F47063A0F88821B0F8882192B213433B
:105F7000A0F8883193E7FFF7D7FE00BF4CFE020080
:105F800020FE0200F8FC020064FE0200A7FE0200F0
:105F9000F6FE02000000CC403AFF020036CC0200C0
:105FA00008FF02003BCC020036FF020038B5D0E902
:105FB0000030984212D00B4D197B9C6803290ED8F3
:105FC000695C1033B4F888210902984292B201F456
:105FD000706122EA0102A4F88821EDD138BDFFF7F3
:105FE000A3FE00BF36FF02007047704730B50022A5
:105FF00089B00C460F488DF81420CDE901224B687A
:1060000000930B6805A9F1F7FBF80546D4E90001F8
:10601000EDF7CEF8B5FA85F0236940098DF8100048
:106020000BB910F0CBFD636904A904F1080098478F
:1060300009B030BD0000444010B5044640F6F86198
:1060400010F0B9FC204610BD7FB500230446049330
:106050004FF0FF326946D4F8F40EFCF713FA01282A
:10606000F6D169462046FFF7C1FFF1E738B50B4C82
:106070002378BFF35B8FDB070ED4204610F09FFC24
:1060800050B1074D2046074B2B6010F0A4FC064A88
:106090002846064910F088FC014838BD80FC0020E5
:1060A00084FC00205402030000800020EB5F01000C
:1060B0001FB50446002218210420FBF713FFC4F883
:1060C000F40E50B9FFF7D6F9134B144A1449009354
:1060D0002A2300F00FFAFDF745F9231D4FF46172F2
:1060E0001049029304F1E4030F4801930423009341
:1060F0002346FDF787FA68B9FFF7BCF90B4B074A4F
:1061000000932B23064900F0F5F904B0BDE81040D8
:10611000FDF728B904B010BDD5010300B20103009A
:10612000F8FC02003D02030049600100E4010300A5
:1061300008B5FFF79BFFBDE80840FFF7B9BF0000B7
:10614000054B07B50193F4F70BFC01A8F4F71CFC11
:1061500003B05DF804FB00BF000010EB094B4FF0EB
:10616000FF31094A186910601961810603D5596C1D
:10617000013159645160410703D5996C013199642B
:10618000916070470040C0407C0B012010B50B4C63
:106190002378BFF35B8FDB070ED4204610F00FFC93
:1061A00050B1074804F040FC204610F014FC054AAA
:1061B0000549034810F0F8FB014810BDBCAE0020B3
:1061C000C0AE002000800020271B00001FB56846DD
:1061D000F4F7A4FF002069468DF80000F5F744F8B5
:1061E00005B05DF804FB000010B5C4010E4A04F1CF
:1061F000814402EBC00004F598042368C3F3022332
:10620000C05CF1F76DFC23680246DBB201339A42B1
:10621000B0FBF3F006D2054B40F6C501044A054831
:1062200011F06EFB10BD00BF9602030036CC0200D9
:1062300008FF02003BCC020008B5034ADB21034BF8
:10624000034811F05DFB00BF680203003BE302005E
:1062500061E30200F0B58BB02B4C06A8F3F786F88B
:1062600001230E208DF81830FFF7BEFF06A9054662
:106270002046F2F7FFFF2548E368B5FBF0F043F056
:1062800020030138E360B0F5805F4FF02003A36086
:1062900001D3FFF7D1FF63681D4F3B401843606097
:1062A0001C4E4FF40003F36023680F201A4D43F097
:1062B00001032360FFF798FF06A904462846F2F77A
:1062C000D9FF4FF4FA63B4FBF3F3013BB3F5805FFE
:1062D000DFD26A683A4013436B60EB6843F0010316
:1062E000EB604FF08073F36003A8F4F715FE01A88C
:1062F000F4F72CFE03A90948F4F7E2FD01A90748C9
:10630000F4F7BAFE0BB0F0BD00C00E4040420F00E3
:1063100000F0FFFF00E100E000000F400000C94076
:10632000044B00220449586A0B68101843F100011D
:10633000704700BF00C00E40880B0120074B9A68D1
:10634000920609D520229A60054AD2E9003101332C
:1063500041F10001C2E90031704700BF00C00E40AA
:10636000880B012008B5FFF7DBFF08BD024BD3F80F
:106370000009D3F81019704700C0CA4030B589B081
:106380000446FFF7F3FF144A0B460090112103A8BF
:1063900012F0C4FD04F1080303A82360EBF702FA2E
:1063A00003AB1028029003EB000507D1002202A9DD
:1063B000204610F0A5FC029B2060A3602A4603A99A
:1063C000206810F018FD029B2268002120466360BF
:1063D000D15409B030BD00BF0E05030030B587B001
:1063E0000D4602AB69460093002301938DF80830F7
:1063F000FEF746FE044630B1294600981FF0D4FC53
:10640000041E18BF0124684610F09CFC204607B00B
:1064100030BD000001460148FEF732BE19050300F9
:10642000022A38B5044607D0032A0FD0012A01D129
:106430000B682360002038BD0D680C2010F0CEFAE8
:10644000034695E8070083E80700F2E700680028A4
:10645000F0D00C2110F0AFFAECE7022A38B5044670
:1064600007D0032A0FD0012A01D10B682360002036
:1064700038BD0D680C2010F0B1FA034695E807000E
:1064800083E80700F2E700680028F0D00C2110F044
:1064900092FAECE703680968126870B49D685C685A
:1064A0001B68661005EB6400E40744BFAC59E35871
:1064B00070BC18470368096830B49C685A681B6848
:1064C000551004EB6200D20748BF625930BC48BF88
:1064D000D3581847064C4FF0805508B5FFF738F8E9
:1064E00002F0B3FA2560BFF34F8FBFF36F8FF5E76C
:1064F00004ED00E00EB43FB507AB00F59C65044623
:106500004FF4807153F8042B2846039313F032FDA7
:10651000014601902846F5F7D9F8F5F7BDF8019A3C
:106520002946201D01F048F804B0BDE8304003B012
:106530007047000013B50446084621604FF0FF3154
:10654000FCF760F801280AD0FEF794FF054B064AD5
:10655000064900932D23FFF7CDFFFCF703FF2046EC
:1065600002B010BD4705030029050300F8FC020036
:10657000002313B51A46044619460068FBF732FD9E
:1065800001280AD0FEF776FF054B064A064900931C
:106590003023FFF7AFFFFCF7E5FE204602B010BD49
:1065A0007605030029050300F8FC02001FB5D0F8AA
:1065B000F0350446019183B110460292009210F02A
:1065C0001EFA0390DDE9002111F094FC00234FF046
:1065D000FF3202A92068FBF705FD04B010BD13B51A
:1065E000013814460191012808D8FEF743FF2246DE
:1065F0000199FFF7DBFF204602B010BD4FF0FF34DA
:10660000F9E7D0F8F435F7B505460E461446D3B38E
:10661000D0F8EC1501A8FFF78DFFD5F8E8259442D6
:10662000A8BF144664B3D5F8E02505F59467D5F8FE
:10663000E435B9189A4220D9C2F14002304611F02F
:1066400059FCD5F8E025403A121904D0A01A394671
:10665000304411F04FFCD5F8E8351B1BC5F8E83580
:10666000D5F8E035234403F03F03C5F8E03501A831
:10667000FFF77EFF204603B0F0BD22463046E8E734
:106680004FF0FF34F3E74FF0FF34F3E707B520B1E5
:106690004FF0FF3003B05DF804FBCDE90012FEF7C8
:1066A000E9FEDDE90012FFF7ACFF0028F2DCEFE7BE
:1066B000F0B50023A5B01A4F0446ADF81030D0F85D
:1066C0009C34CDF812303B78BFF35B8F13F001059B
:1066D0000FD1384610F073F958B1124E3846124BAC
:1066E000F560336010F077F9104A3046104910F029
:1066F0005BF9104D04A90B4800F0AAFDD4F89C04E6
:1067000010220A2369460068FCF7AEFB0246002807
:10671000F4D02B68012168469B6811F097FBEDE7E8
:106720007CF1002080F10020CC0C030000800020D0
:1067300001540100C8AA002007B50190FEF79AFE97
:106740000199FFF7B5FF000037B50446F5F751F89A
:10675000D4F8EC15C5B201A8FFF7ECFED4F8E43587
:106760003F2B05D9134B9121134A144811F0C8F857
:10677000234483F8A054D4F8E435D4F8E025013359
:1067800003F03F039342C4F8E43508D1013303F02A
:106790003F03C4F8E03501A8FFF7EAFED6E7D4F8D6
:1067A000E8350133402BC4F8E835F4D9044B9B217C
:1067B000014ADAE796050300B7050300EC0503007C
:1067C0001006030007B50190FEF754FE0199FFF78C
:1067D000BBFF0446051D07B54FF0FF326946206830
:1067E000FBF750FE0128F7D1DDE90010F4F76EFF4A
:1067F0002846DDE9002100F0DFFE01980028EBD0FB
:1068000010F0DBF8E8E707B50190FEF733FE0199D9
:10681000FFF7DFFF2DE9F04F854D8FB00446884626
:106820002B1D0121C0F89C5417460093002205F14E
:1068300028038020FCF7BAF92860FEF789FE90F85B
:1068400000900AAE04F1040A09F1010900255FFA7B
:1068500089F980F80090FEF77BFE90F800B00BF10C
:10686000010B5FFA8BFB80F800B0FEF771FE037836
:106870000133DBB203700593FEF76AFE4278511CC8
:106880000492C9B241708171FEF762FE90F801C0B6
:10689000049A0CF10101059BC9B24170817149460E
:1068A000504600925A460C95CDE901C600F0BEFD57
:1068B0003046FEF794FDFEF74BFE81460C2008950E
:1068C00010F08CF85B4BC0F808A006900C95C0E95E
:1068D0000035594B0C200993584B089310F07EF863
:1068E000574B06AAC0F808A004F160010A90C0E95D
:1068F0000035544B48460D93534B0C934223019360
:10690000524B0093334602F0D3FA3046FEF767FD50
:1069100006A8FEF764FD2A4608211020FBF7E2FADC
:10692000206050B9FEF7A6FD494B4A4A4A490093F8
:10693000CB23FFF7DFFDFCF715FD0120FBF76EFC15
:10694000C4F8EC0550B9FEF795FD444B414A424965
:106950000093CE23FFF7CEFDFCF704FD04220023B5
:106960003F494048CDE900234FF46172FCF7CCFC6D
:1069700001280AD0FEF77EFD3B4B364A364900938C
:10698000D023FFF7B7FDFCF7EDFCB8F1000F18D0EE
:1069900004F5BE634FF46172344901930323344814
:1069A00000930023FCF7B0FC01280AD0FEF762FD3B
:1069B000304B284A28490093D423FFF79BFDFCF76E
:1069C000D1FCC7B1032304F2F4544FF461722A4995
:1069D0000093002329480194FCF796FC01280AD073
:1069E000FEF748FD264B1B4A1B490093D923FFF7AE
:1069F00081FDFCF7B7FC00F00DFDB0B103220023D0
:106A000020492148CDE900234FF46172FCF77CFC5A
:106A100001280AD0FEF72EFD1C4B0E4A0E490093AA
:106A2000DE23FFF767FDFCF79DFC0FB0BDE8F08F9C
:106A300000002C20B16B0100B5640100216401004D
:106A400011760100956401005B640100BB0803003E
:106A500036060300EC050300F8FC020045060300BF
:106A60004F060300D56401005F060300E206030041
:106A700007680100F506030083070300C5670100EE
:106A80009607030024080300396701003408030057
:106A90002DE9F04300F1040885B006468946856873
:106AA000444655B1D9F800302A699A423ABFEB689A
:106AB0002546AB682C461D46F3E7A04504D0D9F81F
:106AC000002023699A422ED218200FF087FFD9F8B0
:106AD00000900023A045074600F11002C0F8109076
:106AE000436125D173691BB131690B694B4509D3EA
:106AF000314602A8FEF71BFFDDE90241002951D013
:106B0000002C4DD141454BD038690B6998422CBFC0
:106B10000020012043460A4639460FF0CBFF736937
:106B2000013373613C4604F1140005B0BDE8F08305
:106B300023690192994518D2F3689C4209D02046F6
:106B40000FF0B6FF0369019A4B4505D2C36853B9EC
:106B5000044621461C46D1E7314602A8FEF7E7FE6F
:106B6000DDE90234F5E72346F3E71BD931698C42AE
:106B70000BD020460FF089FF03690546019A4B456B
:106B800005D9E36853B921461D462C46B6E7314680
:106B900002A8FEF7CCFEDDE90251F6E70146F4E774
:106BA0000120B7E7384627460FF003FFBAE7000099
:106BB00013B504460191054801A9FFF769FF046078
:106BC000019BC4F88C3402B010BD00BFA40F01209B
:106BD000002808DB0123420900F01F0003FA00F03F
:106BE000014B43F82200704700E100E07047012AA2
:106BF00008BF0160002070472DE9F74F8569064600
:106C00004FF0000B8561002D3ED0EB0734D5204BB3
:106C100000240193019B53F8041B8E4201932FD152
:106C20001C4B53F8241059452AD1FFF779FB1A4B16
:106C30008046E70003EBC400D0E9002352EA0300DA
:106C40000DD0164800EB070CDCE9000CB8EB000097
:106C5000814661EB0C00984208BF914510D3104863
:106C600000EB041082681AB1C26801919047019943
:106C70000A4B1F44C7E900810BF1010B6D08C2E705
:106C800001341E2CC6D1F7E703B0BDE8F08F00BF7A
:106C9000780903002C0A0300C00D0120B00E01206A
:106CA000900B012038B5054CA4F5F075103C20463A
:106CB000FEF795FBAC42F9D138BD00BF700D012045
:106CC0002DE9F74F2F490120FBF768FA2E4C2F4B87
:106CD0000025DFF8C8902E4FDFF8C480DFF8C4A08D
:106CE0002C4E1860A36833B10322214620469847F2
:106CF0000023C4E902330022002358F804BB5AF8E9
:106D0000041B58460191E9E80223E7E802233246D2
:106D1000F2F736FAB27801990AB35846F2F7F2F967
:106D2000DBF818300199CBF818300123DBF8142078
:106D300003FA01F1184B1143CBF8141033F9151075
:106D400011F1800F13D00846FFF742FF00290EDB38
:106D500001F16041502301F5614181F800330135B3
:106D6000103403361E2DBDD103B0BDE8F08F01F005
:106D70000F015023043901F1604101F56D410B769B
:106D8000EDE700BF700D0120900B0120A00F012046
:106D9000B00E012014800020F0090300C00D012076
:106DA000780903002C0A03001FB50A4B0446019121
:106DB00003A81968FFF7BEFB074B019A53F824108C
:106DC000064B53F82400F2F783F903A8FFF7D0FB32
:106DD00004B010BDA00F01202C0A030078090300A5
:106DE0000F4B37B50446196801A8FFF7A3FB0D4AFE
:106DF0000D4B52F8245053F824301F2D05D90B4B5E
:106E0000B2210B4A0B4810F07BFD1C6801A8FFF76C
:106E1000AFFB24FA05F000F0010003B030BD00BF65
:106E2000A00F01202C0A030078090300D1E1020021
:106E3000FD08030029090300034808B5FFF7DCFE3D
:106E4000BFF34F8F08BD00BF00001340FFF7F4BF32
:106E5000034808B5FFF7D0FEBFF34F8F08BD00BF52
:106E600000401340034808B5FFF7C6FEBFF34F8F3D
:106E700008BD00BF00801340034808B5FFF7BCFE03
:106E8000BFF34F8F08BD00BF00001440034808B592
:106E9000FFF7B2FEBFF34F8F08BD00BF0000CA402E
:106EA0000B46024613B5D0E900016C4684E80300A6
:106EB00093E8030082E8030094E8030083E80300FA
:106EC000986891689060D8689960D168D060D960FE
:106ED00002B010BD2DE9F04F00230446444D00EBF5
:106EE000400085B0934605EB00082B544148E5006F
:106EF0004246414E415C88F80210404951F82470E6
:106F00003F49384651F824A05146F2F739F93D4936
:106F100001EB041998F80210002940D000236946BB
:106F200058462E440293FFF7BBFF49466846FFF7D9
:106F3000B7FF6846FEF753FADDE90E01C6E9000126
:106F4000FFF7EEF9304B98F802201D44C5E9000127
:106F500051463846F2F7D6F8BB690121BB617B691F
:106F600001FA0AF11943294B796133F9141011F12F
:106F7000800F0ED00846FFF72BFE002909DB01F138
:106F80006041502301F5614181F8003305B0BDE84F
:106F9000F08F01F00F011E4B50225A54F6E71B4BA5
:106FA00033F91430002B0DDB5A09012103F01F03C4
:106FB000203201FA03F3174941F82230BFF34F8F13
:106FC000BFF36F8F144B494668462E440393134B0F
:106FD0000293FFF765FF6846FEF701FA0A490022AF
:106FE00000230D44C6E90023C5E90023CEE700BF16
:106FF00014800020A40A0300C00D012078090300BA
:107000002C0A0300900B0120B00E0120F0090300B0
:1070100014ED00E000E100E0ED6B0100EF6B01001A
:1070200070B5002386B005460E4604931446936857
:107030003BB10222214602A89847E3680593A36862
:1070400004930023002231462846CDE9002302AAFA
:10705000FFF740FF02A8FEF7C2F906B070BD0000BE
:10706000054B1E20002201389A6003F11003FAD16B
:10707000024A03490FF098BC900B012000800020C9
:10708000A56C010003689B6818470368DB68184714
:1070900030B50446A3B0124D606A4FF0FF33802232
:1070A00002A90068FBF7E0FE0028F5D09DF8081063
:1070B00029B101290AD0284611F0A4FDECE7236884
:1070C0000DF1090120465B689847E5E7E368002B6E
:1070D000E2D00DF1090301A9201D01932369F3E713
:1070E000AA0A03008FB50446124F134E00224FF038
:1070F000FF3503AB012011460095FDF7EBF8206A40
:107100002B46802203990068FBF7F8FD0023606995
:107110001A461946FAF766FF0128E7D0FEF7AAF9E2
:107120003823324605490097FFF7E4F9FCF71AF9CE
:10713000DCE700BFE70A0300CA0A0300F8FC02000C
:1071400013B50446032200210120FAF7CBFE60614B
:1071500050B9FEF78FF9244B244A25490093552353
:10716000FFF7C8F9FCF7FEF8224622490820FDF790
:107170007DFD04F118034FF461721F49019304234C
:107180001E4800932346FCF7BFF801280AD0FEF7FB
:1071900071F91B4B154A164900935823FFF7AAF9BA
:1071A000FCF7E0F804F11C034FF4617215490193F8
:1071B0000423154800932346FCF7A6F801280AD0BB
:1071C000FEF758F9114B094A094900935B23FFF771
:1071D00091F9FCF7C7F8A069FCF7AEFCE06902B0D2
:1071E000BDE81040FCF7A8BC0F0B0300CA0A03005F
:1071F000F8FC0200457201001D0B030085700100C0
:10720000290B0300A50B03008B700100B10B0300D9
:10721000002307B508460193084B01A91843FBF763
:10722000C5FE019B3BB1064B4FF080521A60BFF385
:107230004F8FBFF36F8F03B05DF804FB00002C206D
:1072400004ED00E00B4601461846FFF7E1BF0000E1
:107250008369F7B504460D4643B3436933B300274A
:10726000134E04232A460121A0690097FDF7A2F8D6
:1072700038B94FF080533360BFF34F8FBFF36F8F38
:10728000EFE74FF0FF316069FBF7BCF901280DD043
:10729000FEF7F0F8074B084A00932D230749FFF744
:1072A00029F903B0BDE8F040FCF75CB803B0F0BDCD
:1072B00004ED00E02D0C0300CA0A0300F8FC0200F4
:1072C0000978014811F09EBC7C0C030010B50446FF
:1072D000006A4FF0FF33042204F124010068FBF739
:1072E0000DFD10B9034811F08DFC2046BDE810409B
:1072F000FFF7F8BEA00C030073B51D4E05461D4BED
:1073000032689A4232D01C4C01220021231D0462B3
:107310004FF48060009304F12803FBF747FC2B6ACD
:1073200020601B6813B304F58563012200214FF42C
:1073300080606B6204F22C43009304F58A63FBF7D0
:1073400035FC6B6AC4F828041B687BB131460B4AD4
:107350000B4810F0CFFD00220A490720FDF786FCFC
:10736000284602B0BDE87040FFF7EABE02B070BD2B
:1073700074800020EFBEADDEA8002C2070800020BD
:1073800000002020B973010038B504468069FCF77D
:1073900031FA0546E069FCF72DFA55EA000307D0FB
:1073A000044B4FF080521A60BFF34F8FBFF36F8FC3
:1073B00038BD00BF04ED00E02DE9F041DFF850805A
:1073C00005460E4698F80030BFF35B8F13F00104BA
:1073D0000FD140460FF0F3FA58B1094F4046094B20
:1073E000FC603B600FF0F7FA074A384607490FF098
:1073F000DBFA324629460248BDE8F041FFF7C4BF38
:1074000080F10020CC0C030000800020015401001A
:107410007CF10020034B1868034BC01A18BF0120F1
:10742000704700BF74800020EFBEADDE2DE9F04351
:1074300089B080F87A3498460023DDF848900446F5
:1074400080F878140E4680F879241546069304AF28
:10745000D9F808304BB10222494638469847D9F846
:107460000C300793D9F80830069302AA04F27C4343
:1074700066F07F0665F07F0597E8030082E8030069
:1074800093E8030087E8030092E8030083E8030021
:10749000069B3846D4F88424C4F88434079B0692AB
:1074A000D4F88824C4F888340792FDF798FF9DF833
:1074B000403003220021012084F837309DF8443009
:1074C000A670257284F80E8084F84330FAF70AFD1E
:1074D000C4F8740450B9FDF7CDFF064B064A0749BE
:1074E00000932E23FFF706F8FBF73CFF09B0BDE839
:1074F000F08300BF0F0B0300DC0C0300F8FC02005C
:107500008A7AF8B502F00203D20742F2A1024E894C
:1075100048BF43F00103D0F88C74C0F868240446D7
:107520000A89022180F8703480F86C240022A0F8C7
:107530006E1480F86D2480F8712497F84F30E3B909
:1075400000F58D6290F878140A233846F9F731F97E
:10755000054618B10A490B48F4F73EF9012387F8AC
:107560004F30D4F8903406F00106B3F5966F2670CC
:1075700001D1FEF7E5FD2846F8BD0125F1E700BF82
:10758000000D0300140D030000F51A7208B5038AFC
:1075900090F87A14D0F88C04F9F732F9024628B141
:1075A00003490448BDE80840F4F716B908BD00BF18
:1075B000380D0300640D0300037870B504461546CA
:1075C0000BB9002070BDB2F5007F04D90E490F48F9
:1075D000F4F702F9F5E700F16806304610F08AFC8E
:1075E0002B46324694F87914D4F88C04F9F7E1F874
:1075F0000028E6D1C821D4F87404FBF703F8431E31
:1076000058425841DEE700BF8C0D0300C60D030051
:1076100009290A4608B507D00A2907D004490548B0
:10762000F4F7DAF8002008BDFFF7AEFF0120FAE713
:10763000E70D03001D0E03004B1E30B5044685B058
:107640000A2B64D8DFE803F006394B636363636396
:1076500063515E00516871B1208AB1FBF0F300FB09
:10766000131343B91A4694F87914D4F88C04F9F733
:10767000A0F805B030BD13680BB900294CD1002328
:10768000D4F874041A461946FAF7ACFC01280AD05B
:10769000FDF7F0FE214B224A22490093AC23FEF76E
:1076A00029FFFBF75FFE238A04F51A7294F87A1417
:1076B000D4F88C04F9F7A4F8DBE7D4F8843404F5A3
:1076C0001A754BB1536802A903AA04F27C40CDE9B4
:1076D0000253D4F888349847238A2A46E6E7D4F838
:1076E0008C34002083F84F00C3E753681B68072BD6
:1076F00006D1116804F592601A46096810F0FAFB89
:107700000020B6E711462046FFF7FAFEB1E70A4629
:1077100005480649F4F760F80120AAE7E70A0300E4
:10772000DC0C0300F8FC02001D0E0300370E030002
:1077300070B505460C464CB1E1682846FFF7F8FFE6
:10774000A66820460FF035F93446F4E770BD10B551
:1077500004468168FFF7ECFF204610BD0548002372
:107760000549021D037183604361C0E90322034A96
:107770000FF01AB9A40F01204F77010000800020FC
:1077800070B580F8441461F07F01044680F8452408
:1077900001708CB082710421C37700220A20FAF7AD
:1077A000A1FBC4F8480450B9FDF764FE324B334ADC
:1077B000334900932F23FEF79DFEFBF7D3FD0423EF
:1077C000002230493048CDE9003223464FF461723F
:1077D000FBF79AFD01280AD0FDF74CFE2B4B274AF8
:1077E000274900933023FEF785FEFBF7BBFD08AB6E
:1077F00006A80693002307938DF82030FEF70AFEB3
:1078000004F58A6178BB224BC4F850346FF07F4393
:10781000002604F25C4504F25442C4F854341D4B73
:107820002846C4F8586402931B4BCDE9004304F585
:107830008B631EF055FA3246184928461EF080FA2E
:107840003246174928461EF07BFA3246154928462B
:107850001EF076FAD4F850041EF04AFA06A80FF08B
:1078600071FA0CB070BD069805911EF09DFA05994D
:107870000028C8D0CAE700BF950E0300710E0300B0
:10788000F8FC02009F0E03003D7A0100AC0E0300DD
:107890000A0A0A0171142420D57801001D30242021
:1078A0007130242031302420054B0020054A4B61E3
:1078B000054B8B61054BC1E90923054BCB62704732
:1078C000C91E24202C01001A6779010011BADFAD0E
:1078D000062A75730146C069FFF7E6BF2DE9F74335
:1078E000164680460C200FF079F8002337890446AD
:1078F0008360C0E900334FB338460FF06FF8054698
:1079000005EB07092560C4F8089027B13A46002125
:10791000284610F017FB0023328929463046C4F868
:10792000049001941EF000FA3389834210D0019C28
:107930003CB1206808B10FF03CF80C2120460FF054
:107940003AF86FF00B0003B0BDE8F0833D46D7E78F
:10795000002301A9D8F848041A46FAF743FB012886
:10796000E5D10020EFE70A460146C069FFF7B6BF40
:107970002DE9FF41D0F8903404461546A3B300F139
:107980004406281D1B4A022BC0F30D000392A4F8E5
:10799000440005D101911EF0B7F90199A4F8440003
:1079A0002A4604F1460010F0A5FAA81C124F06352D
:1079B0004FF08058042203A9304410F09BFA2B4664
:1079C000324694F84414D4F84C04ECF72BFA02280D
:1079D00006D1C7F80080BFF34F8FBFF36F8FEEE77C
:1079E00020B10648F3F7F8FE6FF00B0004B0BDE8D5
:1079F000F08100BFDEADBEEF04ED00E0340F030008
:107A0000044607B54FF0FF3201A9D4F84804FAF74D
:107A100039FD0128F6D1019B2046D3E90012521A04
:107A2000FFF7A6FF019D002DECD0286808B10EF0ED
:107A3000C0FF0C2128460EF0BEFFE3E7014608B563
:107A4000FFF7DEFFF8B596B205460F464FF4C17258
:107A5000314600201EF050F9044628B90D4811F0B7
:107A6000D1F86FF00100F8BD394632461EF0A4F996
:107A7000D5F86C3405F25C41204698470028F2D0D6
:107A80000146054811F0BEF820461EF085F96FF05A
:107A90000B00E8E7600F03007A0F03008B7A098977
:107AA00003F00202DB074FF0000348BF42F001027F
:107AB00030B542F2A10485B0D0F84C548DF80C20BA
:107AC0008DF80D30CDE90133ADF8044002246B7C14
:107AD0008DF80A408DF808108BB990F844140A23E9
:107AE00001AA2846ECF79EF9044618B10549064854
:107AF000F3F772FE01236B74204605B030BD0124FC
:107B0000FAE700BF000D0300940F0300D0F8903493
:107B100070B505460C4673B9B0F8446230461EF0A5
:107B2000F3F8022C07D9023CC6F30D06A64203D196
:107B30000123C5F8903470BDC0F30D00844201D11B
:107B40000223F6E70248BDE87040F3F745BE00BFE8
:107B5000B80F030010B50446FFF7D8FFD4F89034EF
:107B6000E3B1022BB4F8440201D11EF0CDF80304B6
:107B700008D5C0F3C221012910D00948BDE8104042
:107B8000F3F72ABEC0F30D0242B1043A04F24621D3
:107B9000204692B2BDE81040FFF754BF10BD00BFB1
:107BA000DC0F030009290A4608B50AD00A290AD1C0
:107BB000038900F5117290F84514D0F84C04ECF7E5
:107BC00042F9012004E003490348F3F705FE0020D1
:107BD00008BD00BFF70F03002D100300022910B5E8
:107BE000044611D00B2927D001292AD15168FFF76B
:107BF000B1FF238904F5117294F84514D4F84C04AC
:107C0000BDE81040ECF71FB9516871B10089B1FBB4
:107C1000F0F300FB131343B994F844141A46D4F854
:107C20004C04BDE81040ECF7FDB81368002BE0D120
:107C30000029DED0012010BD1146BDE81040FFF73D
:107C40002DBF0248F3F7C8FDF4E700BF451003005D
:107C500070B505460C464CB1E1682846FFF7F8FFC1
:107C6000A66820460EF0A5FE3446F4E770BD10B5B8
:107C700004468168FFF7ECFF204610BD054800234D
:107C80000549021D037183604361C0E90322034A71
:107C90000EF08ABEBC0F01206F7C01000080002026
:107CA0007FB503680446DB689847002304934FF0D0
:107CB000FF3201A9D4F81C05FAF7E4FB0128F6D13C
:107CC000236801A920461B699847F0E7022A38B5C6
:107CD000044607D0032A0FD0012A01D10B68236084
:107CE000002038BD0D680C200EF078FE034695E8A4
:107CF000070083E80700F2E700680028F0D00C21B5
:107D00000EF059FEECE7F0B40468049F6568A668BD
:107D10004FEA650C246806EB6500ED0744BF56F892
:107D20000C502C593D68A44604951B6812680968DC
:107D3000F0BC604730B5194D85B004462B78BFF3D1
:107D40005B8FDB070ED428460EF039FE50B1144885
:107D500006F08AF828460EF03EFE124A12491048F4
:107D60000EF022FE00250C2002950EF037FE0F4B80
:107D700040F69A0241F66E2184600090C0E9003519
:107D80000B4B074803930B4B02936B4606F0EAF943
:107D90006846FDF724FB05B030BD00BF80D300204E
:107DA00084D30020008000201F590100D97E0100EB
:107DB000077D0100CD7C01001FB50446002214217F
:107DC0000420FAF78FF8C4F81C0550B9FDF752FBF0
:107DD000134B144A144900932A23FEF78BFBFBF73D
:107DE000C1FA231D4FF487721049029304F1E40392
:107DF0000F480193032300932346FBF703FC68B964
:107E0000FDF738FB0B4B074A00932B230649FEF77F
:107E100071FB04B0BDE81040FBF7A4BA04B010BD7C
:107E2000D5010300B2010300F8FC020004120300B4
:107E3000A17C0100E40103001FB5EFF30583D0F836
:107E40001C05EBB1002303AAFAF7FAF901280AD0BE
:107E5000FDF710FB134B144A144900934123FEF71E
:107E600049FBFBF77FFA039B3BB1114B4FF080526C
:107E70001A60BFF34F8FBFF36F8F05B05DF804FB3F
:107E80004FF0FF32FAF7AEF80128F6D0FDF7F2FA1C
:107E9000084B054A054900934423FEF72BFBFBF7EB
:107EA00061FAEAE75F100300B2010300F8FC020088
:107EB00004ED00E09E1003007FB500238DF805104F
:107EC00001A904938DF80430FFF7B6FF02A8FDF76F
:107ED00086FA07B05DF804FBF8B5069C0546C0F8C5
:107EE0002015A1B2022928D0032922D0012926D1A8
:107EF00093F8C2610021582703F1480C8E4210DD2F
:107F000007FB01F05CF8004094F805E0BEF1FE0FBD
:107F10000DD1A479012C0AD10344C5F82425C5F854
:107F20002835D5F82435C3B100242046F8BD0131E9
:107F3000E4E70121FFF7C0FFF6E70021FAE7C4F309
:107F400007440B2CF0D122460549064810F05AFE92
:107F500021462846FFF7B0FFE7E70824E5E700BF22
:107F6000D8100300E910030010B5044643B10548DA
:107F700010F048FE0B212046BDE81040FFF79CBFE3
:107F80000321F9E7F910030010B5044643B109488D
:107F900010F038FE0B212046BDE81040FFF78CBFE3
:107FA000D0F83825D0F83C359A4234BF0421052159
:107FB000F2E700BF1411030010B5044643B10A48AC
:107FC00010F020FE0B212046BDE81040FFF774BFE3
:107FD000D0F8403503210133C0F84035D0F83835AA
:107FE0001A44C0F83825EFE72C11030010B50446F9
:107FF00043B1074810F006FE0B212046BDE81040B3
:10800000FFF75ABF0621C0F84035C0F83835F5E70C
:108010004311030010B5044643B10A4810F0F2FDC5
:108020000B212046BDE81040FFF746BFD0F8403591
:1080300007210133C0F84035D0F838351A44C0F86C
:108040003825EFE76411030010B5044643B1174823
:1080500010F0D8FD0B212046BDE81040FFF72CBFE3
:10806000D0F83825D0F83C359A4201D20621F3E702
:108070000F4BD0F844151A680E480FF02DFF90B141
:108080000D4810F0BFFD0B212046FFF715FFD4F877
:1080900044050FF019FF0023C4F84435C4F84035F7
:1080A000C4F8383510BD0821EEE700BF7B1103008E
:1080B00098AA0020788000209711030010B504468C
:1080C00043B1054810F09EFD0B212046BDE810404D
:1080D000FFF7F2BE0A21F9E7BC11030010B5044610
:1080E00043B1054810F08EFD0B212046BDE810403D
:1080F000FFF7E2BE0A21F9E7D111030037B509788D
:1081000004460B2900F2AC80DFE801F0B00614222F
:108110002B4147666972758F00F22C51D0F8240507
:10812000F4F7D6FD90B90221204603B0BDE83040F7
:10813000FFF7C2BE00900022D0F828154C4BD0F8B3
:108140002C05F4F7E5FD002800F090800B21EBE70B
:108150000346484A04F5A661D4F82C05F4F767FEF7
:10816000F1E7454BD0F838251B6844499B1A01902C
:108170000091B3F5807F424928BF4FF480730A44D1
:10818000B4F84015D4F82C05F4F733FEDBE73D4B8B
:108190000190009300231A46F2E7D0F84435364D9B
:1081A00023B928680FF088FEC4F84405D4F83825B0
:1081B0002B68D4F844159B1A334801940A44B3F54C
:1081C000807F009094F8401528BF4FF48073D4F856
:1081D0002C05F4F71DFEB6E703462C4ABAE7034622
:1081E0002B4A4FF47A71D0F82C05F4F7F5FDAAE785
:1081F0000346284AAEE7D0F820351868F7F7B0FDF7
:10820000D4F82C15D4F82405F4F7C6FD18B10B21C9
:108210002046FFF751FE0023D4F82405C4F82C357E
:1082200003B0BDE83040F5F7EDBF1B4C2378BFF33A
:108230005B8FDB070ED420460EF0C1FB50B1174810
:1082400002F0F2FB20460EF0C6FB154A1549134812
:108250000EF0AAFB114803B0BDE8304002F01DBC8F
:10826000114803B0BDE8304010F0CCBC03B030BDC5
:10827000697F0100897F010098AA0020B97F010071
:1082800078800020ED7F0100158001004980010009
:10829000BD800100DD800100BCAE0020C0AE00202A
:1082A00000800020271B0000EB11030037B50D787C
:1082B0000C4615B90131FFF721FFE3682BB12369A3
:1082C00001A9201D8DF80450984703B030BD022A43
:1082D000034606D0032A02D0012A00D10160002003
:1082E000704703C983E80300F9E77FB503680446D4
:1082F000DB689847002304934FF0FF3201A9D4F8BC
:108300001C05FAF7BFF80128F6D1236801A9204619
:108310001B699847F0E7022A38B5044607D0032ABC
:108320000FD0012A01D10B682360002038BD0D68F1
:108330000C200EF053FB034695E8070083E8070086
:10834000F2E700680028F0D00C210EF034FBECE7D7
:10835000F0B40468049F6568A6684FEA650C246859
:1083600006EB6500ED0744BF56F80C502C593D68EC
:10837000A44604951B6812680968F0BC60470000B9
:1083800030B5194D85B004462B78BFF35B8FDB0702
:108390000ED428460EF013FB50B1144805F064FDCE
:1083A00028460EF018FB124A124910480EF0FCFA4B
:1083B00000250C2002950EF011FB0F4B49F2023202
:1083C00041F6D10184600090C0E900350B4B0748AD
:1083D00003930B4B02936B4605F0C4FE6846FCF713
:1083E000FEFF05B030BD00BF80D3002084D3002045
:1083F000008000201F590100D58501005183010034
:10840000178301001FB50446002214210420F9F748
:1084100069FDC4F81C0550B9FDF72CF8134B144A3C
:10842000144900932A23FEF765F8FAF79BFF231DF2
:108430004FF487721049029304F1E4030F4801934B
:10844000032300932346FBF7DDF868B9FDF712F824
:108450000B4B074A00932B230649FEF74BF804B059
:10846000BDE81040FAF77EBF04B010BDD50103008F
:10847000B2010300F8FC020026130300EB820100A6
:10848000E40103001FB50B88ADF80C304368BDF85C
:108490000C2000681A8000231A461946F9F7A2FD3D
:1084A00001280DD0FCF7E6FF074B084A009335235F
:1084B0000749FEF71FF805B05DF804EBFAF752BF65
:1084C00005B05DF804FB00BF34120300B2010300E5
:1084D000F8FC020070B50C460978D0F83035F9B1D7
:1084E0000133C0F83035012B20DC0420FEF75CFCA2
:1084F00023787BB10E4D4FF080560220FEF770FCC2
:108500002E60BFF34F8FBFF36F8F0028F5D00A2086
:10851000FBF748F821780320BDE87040FEF744BC23
:108520005A1E22EAE272C0F83025DCE770BD00BFB7
:1085300004ED00E01FB5EFF30583D0F81C05EBB1A7
:10854000002303AAF9F77CFE01280AD0FCF792FF6A
:10855000134B144A144900934123FDF7CBFFFAF75C
:1085600001FF039B3BB1114B4FF080521A60BFF3E8
:108570004F8FBFF36F8F05B05DF804FB4FF0FF32F4
:10858000F9F730FD0128F6D0FCF774FF084B054AD7
:10859000054900934423FDF7ADFFFAF7E3FEEAE750
:1085A0005F100300B2010300F8FC020004ED00E0DC
:1085B0009E1003007FB500238DF8051001A90493D8
:1085C0008DF80430FFF7B6FF02A8FCF708FF07B0EC
:1085D0005DF804FBF8B5044606980E46C0F307455F
:1085E00080B20138042850D8DFE800F0032A254F74
:1085F000450093F8C2610021582703F1480C8E42D0
:1086000010D907FB01F05CF8005095F805E0BEF1C9
:10861000FF0F0ED1AD79FF2D0BD10344C4F82025F7
:10862000C4F82435D4F82035002B37D0002528464F
:10863000F8BD0131E3E701212046FFF7BBFFF5E775
:1086400000212046FFF7B6FFD4F82815D4F82005FE
:1086500009F0E2F9014610B1114810F0D3FAD4F84C
:1086600020153046F5F7C6FE0028DFD001210D4861
:1086700010F0C8FADAE70C492A460C4810F0C2FAA2
:1086800005212046FFF796FFD1E7002DCFD0064900
:108690002A46074810F0B6FA0621F2E70825C6E791
:1086A000521203007412030095120300A212030079
:1086B000E910030010B5044643B1054810F0A2FAD2
:1086C00006212046BDE81040FFF774BF0321F9E7FB
:1086D000BE12030010B5044643B1054810F092FAEB
:1086E00006212046BDE81040FFF764BF0421F9E7EA
:1086F000DD1203000B7813B50446042B3BD8DFE8EA
:1087000003F0030B1B2E3800FDF740FD002102B0E3
:10871000BDE8104002F0BAB900F5A561D0F8200517
:1087200009F059F930B10621204602B0BDE81040E9
:10873000FFF740BF0221F7E700900022D0F8241590
:10874000104BD0F8280509F0B7F918B106212046DA
:10875000FFF730FFFDF71AFDD4F82815D7E70346D9
:1087600000F22C51084AD0F8280509F093F90028A6
:10877000D9D102B010BDFDF709FD02B0BDE810402F
:1087800002F08BB9B5860100D586010073B50E786D
:108790000C460025012E11D0022E13D016B901313E
:1087A000FFF7A8FFE3683BB1236901A9201D8DF8FD
:1087B00004608DF80550984702B070BD0131FFF795
:1087C00089FEEFE7D0F83055002DD4BF00250125F4
:1087D000E8E70000F0B58BB00C4607460322002105
:1087E0000120F9F77FFB03AB221D0690079306AB30
:1087F00004AE054693E8030086E8030092E8030010
:1088000083E8030096E8030082E80300E268184664
:1088100008921F4AE260226909921E4A2261FCF70F
:10882000DEFD00234FF0FF322146D7F81C05F9F793
:10883000D9FB01280AD0FCF71DFE174B174A18492F
:1088400000933723FDF756FEFAF78CFD4FF0FF310A
:108850002846F9F7D7FE01280AD0FCF70BFE114B8A
:108860000E4A0F4900933823FDF744FEFAF77AFDCC
:108870002846FAF72BF8BDF80C300020DAB2C3F323
:10888000072362F3070063F30F200BB0F0BD00BFB6
:10889000CF820100858401009E100300B201030015
:1088A000F8FC0200F91203007FB500238DF80510D3
:1088B00001A9049301238DF80430FFF78BFF02A870
:1088C000FCF78DFD07B05DF804FB70B50C680D4634
:1088D0000646E8F767FF032301300021400063707C
:1088E00002232070701E6B60E31810F8012F023312
:1088F0003AB103F8022C03F8011C6A6802326A607C
:10890000F3E770BD38B5D0F808140446D0F80C343D
:10891000154A5B1AC0F8141400F214419B1053431B
:10892000124A80F81C34C0F8182400F58462022032
:10893000ECF776FF28B101460D4810F063F90020EE
:1089400038BD1D20EFF7CCF801464CF25030EFF760
:108950004BFAD4F82004F3F726F918B1054810F0C3
:1089600051F9ECE70120EBE7ABAAAAAAC58B0100FD
:10897000501303007013030070B500F2444388B035
:10898000002500F23C46C0F83C3404460580C0F89F
:108990000454C0F80854C0F80C54C0F81054C0F87F
:1089A0002454C0F82854C0F82C54C0F83054C0F8EF
:1089B0003454C0F83854C0F8405480F8445402A8E5
:1089C000FDF7DCFC02A93046184E0EF06FFA02A843
:1089D0000EF0B8F9B3783288284615498DF806307C
:1089E000ADF80420EFF714F911492846EFF70EF916
:1089F00001AA0F490220F8F727FD0E4B602283F8E9
:108A000088234FF480721A61334602AA53F8030F89
:108A100059681B7A03C21370092202A9A01CC4F86A
:108A200004240FF067FA204608B070BD46C3020068
:108A300000366E0100E100E008B5FCF789FDD0F8D2
:108A40002004BDE80840F3F73FBFD0F82004F3F757
:108A500021BA07B5CDE9002182680AB90EF0AEF857
:108A6000C3686A4601A9984703B05DF804FB00009B
:108A7000F7B51E46531E054614460E2B00F28A809B
:108A8000DFE803F00C7E8588888888883C6D080EB6
:108A900013886D00434B33601223736000240DE094
:108AA00002354FF480633560F7E73F48B47A3060B1
:108AB0003CB904223D4972600FF01CFA204603B015
:108AC000F0BD328940F209439A4215D1022C08D0F8
:108AD000032C09D0012C0BD131463548FFF7F5FEA8
:108AE000DCE731463348F9E73146D5F83C04F5E791
:108AF0002146314810F086F80524DFE700240C27D2
:108B0000D5F82404D5F828341B1AB4EB231F10D24F
:108B1000D5F8083400EB041007FB04335B680193BD
:108B200083680BB90EF04AF8C36801A9013498476D
:108B3000E6E700270124D5F83004D5F834341B1AB1
:108B4000B7EB231F08D200EB07103246092101378B
:108B5000FFF77FFF0440EEE784F00104AEE7002753
:108B6000D5F83004D5F834341B1AB7EB231F95D24F
:108B700000EB0710324621460137FFF76AFFEFE7A7
:108B800000220A21D5F82004F3F753F986E70022E2
:108B90000C21F7E7224609490948012410F032F870
:108BA0008CE700BFEA130300D40F0120E613030093
:108BB000871303008E130300A4130300C3130300E1
:108BC000CB13030037B50D4604460192FCF7C0FCF9
:108BD000019B2A46214603B0BDE83040FFF748BF5D
:108BE0002DE9F84FD0E9008706468946A7EB08042F
:108BF0009346A310214C5C43214B9C4202D1214857
:108C00000DF0BAFF012C2246A1EB080538BF012266
:108C1000A41831D244B19C4228BF1C460C206043AA
:108C20000DF0DCFE824600E0A2460AEB0503002DB3
:108C30009BE8070083E8070004DD2A4641465046CA
:108C40000FF066F9A7EB09070C35002F554404DD3A
:108C50003A46494628460FF04DF93D44B8F1000F19
:108C600002D040460DF0A5FE0C2000FB04A4C6E98E
:108C700000A5B460BDE8F88F1C46CFE7ABAAAAAA4E
:108C8000AAAAAA0A7AC8020038B5002304460D46EB
:108C900083608B682BB102229847EB68E360AB6876
:108CA000A360204638BD38B5002304460D468360D6
:108CB0008B682BB102229847EB68E360AB68A36036
:108CC000204638BD13B50B4602466C46D0E900017C
:108CD00084E8030093E8030082E8030094E80300BB
:108CE00083E8030002B010BD2DE9F843074688462B
:108CF0001646154604464FF0000944451AD0294649
:108D00002046C5F808901035FFF7DCFFA36855F83A
:108D1000082C2046103444F8082C45F8083C55F837
:108D2000042C54F8043C44F8042C45F8043CFCF7AB
:108D300056FBE2E7E01B3044BDE8F8832DE9F3473A
:108D4000D0E9007988466FF078431146A9EB070215
:108D50000646B3EB221F4FEA221402D11A480DF047
:108D60000BFF012C2246A8EB070A38BF0122A418EA
:108D700027D24CB19C4228BF1C46200101910DF026
:108D80002DFE0199054600E0254605EB0A00FFF798
:108D90007BFF41462A463846FFF7A6FF494600F1C9
:108DA00010024046FFF7A0FF804617B138460DF08D
:108DB00000FE05EB0414C6E90058B46002B0BDE83B
:108DC000F0871C46D9E700BF7AC802002DE9F843B6
:108DD000074688461646154604464FF000094445A6
:108DE0001AD029462046C5F808901035FFF76AFFCB
:108DF000A36855F8082C2046103444F8082C45F890
:108E0000083C55F8042C54F8043C44F8042C45F86C
:108E1000043CFCF7E4FAE2E7E01B3044BDE8F883E9
:108E20002DE9F347D0E9007988466FF07843114681
:108E3000A9EB07020646B3EB221F4FEA221402D128
:108E40001A480DF099FE012C2246A8EB070A38BFFC
:108E50000122A41827D24CB19C4228BF1C462001F5
:108E600001910DF0BBFD0199054600E0254605EB9B
:108E70000A00FFF718FF41462A463846FFF7A6FFCB
:108E8000494600F110024046FFF7A0FF804617B1A7
:108E900038460DF08EFD05EB0414C6E90058B460A9
:108EA00002B0BDE8F0871C46D9E700BF7AC80200CF
:108EB0002DE9F0411E46D0F80C54D0F81034044689
:108EC0001746DDF81C809D4232D007C985E80700AF
:108ED0000C35C4F80C54D4F82804D4F82C34984237
:108EE0002DD03946FFF7D0FED4F828341033C4F81B
:108EF0002834D4F83404D4F83834984226D0314693
:108F0000FFF7D1FED4F834341033C4F83434D4F835
:108F10000434A01C069903EB08021844C4F8042486
:108F200042460EF0E7FFB4F80434A380BDE8F081B8
:108F30000A4600F581602946FFF752FECBE701465D
:108F40003A4604F22440FFF7F9FED2E701463246E2
:108F500004F58660FFF764FFD9E700004A4300216B
:108F600084460B462DE9F0470C460D464FF0E50AC6
:108F70008A4222DD9CF8009001319CF801800CF1BE
:108F8000030C4E461CF801ECC1454F4638BF46461F
:108F9000764538BF7646C14528BF4746774594BFDA
:108FA000F71BA6EB0E0716FB0AF6C7EB0727B7421F
:108FB000DEBF4D4444447344DAE707EE905A9FED18
:108FC000395A4FF0000CF8EE676A07EE904AB8EE97
:108FD000677A07EE903AF8EE677AB4EEE77AF1EE48
:108FE00010FA54BFF0EE475AF0EE675AF4EEE56A15
:108FF000F1EE10FAF4EEC56A58BFF0EE665AF1EEE3
:1090000010FAB4EEC57A54BF85EEA66A9FED266AC3
:10901000F1EE10FAF4EEC57A54BFC5EE876ADFEDC3
:10902000226AF1EE10FA58BF85EEA77ADFED1F7ABB
:1090300048BF9FED1D7A26EE276A66EEA76ABCEE52
:10904000C66AFCEEE66A16EE103A9DB216EE903A4B
:1090500027EE277A9CB2BCEEC77A17EE103A9BB285
:1090600062451DDD01780CF1010C4778033069433E
:1090700010F8016C6743090A5E433F0AFF294FEA73
:10908000162628BFFF21FF2F28BFFF27FF2E00F83D
:10909000031C28BFFF2600F8027C00F8016CDFE704
:1090A000BDE8F087CDCCCC3D00000000000080433F
:1090B000022A06D0032A02D0012A00D10160002032
:1090C00070470B680360FAE7022A034606D0032ABA
:1090D00002D0012A00D101600020704703C983E853
:1090E0000300F9E703680446DB6800B58DB09847D4
:1090F00000230A934FF0FF326946D4F8F40EF9F7D3
:10910000C1F90128F6D12368694620461B699847B2
:10911000F0E700002DE9F84F07EE902A9B468046C5
:109120000D46B8EEE77A07EE90BA164602EB420A11
:109130002DED048B9DF83830B8EEE78ADFED377AF5
:1091400093B3C7EE086AB7EE006AF4EEC66AF1EEB2
:1091500010FACDBF28EE277AFDEEC78A27EE277AD0
:10916000C7EE278AD4BF87EE278AFDEEE88AB8EEDD
:10917000E87A26EAE679BDEEC88A002709EB4909B4
:1091800087EE879AB8EEC87AC7EE879ABB4540DD6E
:1091900018EE103ABB420ADC2846554452460021DC
:1091A0000EF0D0FE0137F1E7FDEEC78ADFE707EEEC
:1091B000907A4FF47370E91C0022F8EEE77A67EEBC
:1091C000A97AFDEEE77A17EE903A58439642A1F15C
:1091D000030C1CDD07EE902AF8EEE77A67EE897A39
:1091E000FDEEE77A17EE904A04EB4404044444444D
:1091F00018EE903A01349A42B4BF14F8013C0023AF
:109200000CF8013B8C45F3D101320331DEE74D44CC
:10921000C8E7BDEC048BBDE8F88F00BF0000A24397
:1092200037B5069D1C4618B919602A6003B030BDD9
:109230000228A1F1A201A2F1A20207D0032850D076
:10924000012851D152421A60296003E0494252423A
:1092500019602A602368A23323602B68A2332B6035
:109260002368002B0BDAFCF705F9264B264A274921
:1092700000934FF4B173FDF73DF9FAF773F82368E3
:10928000B3F5A27F0BDBFCF7F5F8214B1E4A1F4913
:10929000009340F26313FDF72DF9FAF763F82B689A
:1092A000002B0BDAFCF7E6F81A4B174A1749009324
:1092B0004FF4B273FDF71EF9FAF754F82B68B3F5C3
:1092C000A27FB3DBFCF7D6F8134B0F4A009340F2B2
:1092D00065130E49FDF70EF903B0BDE83040FAF70B
:1092E00041B849421A60AFE7FCF7C4F80B4B064A95
:1092F000064900934FF4AE73FDF7FCF8FAF732F825
:10930000A8E700BF1E140300FC130300F8FC0200D2
:109310002A14030058140300641403003BDA02000B
:1093200010B52DED028B84B008EE103A044603AB65
:10933000009302ABC068FFF773FF9DF820309FEDEC
:109340001B7AB8EE488A06EE903A9DF82430DFED9D
:10935000187AF8EE666AC8EE075A86EE875A06EE65
:10936000903A039BF8EE666AD4E9002186EE876A9C
:10937000DFED106A01FB0322029965EEA66A65EE35
:10938000277A67EE857AE6EEA57ADFED0B6A66EE60
:10939000266AE6EE867A67EE877AFCEEE77A17EEC3
:1093A000903A535404B0BDEC028B10BD00007F43D3
:1093B0005917373FD0B3593E98DD933D30B585B04E
:1093C0001D46044603AB009302ABC068FFF728FFBD
:1093D0006168DDE9023201FB0232236802EB4202DE
:1093E0009D546168DDE9022301FB0323226803EB3E
:1093F000430313449DF820205A706168DDE902237D
:1094000001FB0323226803EB430313449DF824204C
:109410009A7005B030BD00002DE9F04F0C46934620
:109420008DB0924A8246002120461D460EF08AFDEC
:109430004FF4A272BBF1010F08940B95CDE90922FC
:1094400057D1022500230AF2872805922C46039360
:109450006F1C661C21460234BBF1000F42D0A646A9
:109460002A46B1463B46B4460491059800FB03A347
:1094700008F24510005D13F809900690059813F85E
:109480000C3000FB02A212F80E0007900498125C48
:1094900008A8019218F8042000922A46FFF78EFFD0
:1094A000079B2A463146019308A8069B00934B462A
:1094B000FFF784FFB4F5A17FCBDB039BB7F5A17F5A
:1094C0008BF0010B83F00103039302D10DB0BDE8D3
:1094D000F08F039B08F5A2783D46002B14BF0324B0
:1094E0000224B5E7B6463A46A1462B468C4604967A
:1094F000BBE7BBF1000FE9D1022212F001030BF52B
:10950000A179039359D00AEB0B000BF101040492EB
:109510004FF0020890F889321AF8041090F846517A
:109520000B4490F84411294401330131C3F347033C
:10953000C1F34701019190F8451108A8009101215C
:10954000FFF73CFF049A0BF5A0730AEB04050493A4
:10955000049BA34235D20AEB04052646A8EB040877
:10956000B14508EB060173D915F8013B013668785F
:10957000023395F84371034495F88702034495F844
:10958000890203442878384495F84571C3F3870C61
:10959000039B0230384495F88872384495F844713A
:1095A000C0F38700002B4FD06346CDE9000708A821
:1095B0000492FFF703FF049AD2E75C464FF00108DC
:1095C000C1E7AE782B7895F88812334495F844714A
:1095D00095F846B1023395F88A020B44697806443F
:1095E000394495F88972034495F8450102310136F2
:1095F000C3F387035944C6F34706394495F84771C6
:109600000744C1F3870E03990137C7F3470729B908
:10961000B4463E4667469C46034660464146059230
:1096200002340235CDE900E008A8FFF7C7FE059A2D
:1096300008F10101334608A808F10208CDE900B796
:10964000FFF7BCFE059A83E73B46CDE9000CAEE789
:10965000A9EB040B0132A14538BF4FF0000B0234D7
:10966000B2F5A17FA3447FF448AF2FE730CE0400CA
:109670001FB50446002230210420F8F733FCC4F85B
:10968000F40E50B9FBF7F6FE134B144A144900933D
:109690002A23FCF72FFFF9F765FE231D4FF46172B3
:1096A0001049029304F1E4030F480193042300934B
:1096B0002346F9F7A7FF68B9FBF7DCFE0B4B074A17
:1096C00000932B230649FCF715FF04B0BDE81040BA
:1096D000F9F748BE04B010BDD5010300B201030084
:1096E000F8FC020024150300E5900100E4010300EA
:1096F0001FB5044602AB03C9626883E80300002378
:1097000082E803001A4619462068F8F76BFC012826
:109710000DD0FBF7AFFE074B074A009335230749EF
:10972000FCF7E8FE04B0BDE81040F9F71BBE04B03A
:1097300010BD00BF34120300B2010300F8FC0200A8
:1097400038B50B4C2378BFF35B8FDB070ED4204674
:109750000DF035F950B1074D2046074B2B600DF049
:109760003AF9064A284606490DF01EF9014838BD67
:109770007CE2002080E20020004D030000800020F9
:109780002553010008B5EEF7D7FDBFF34F8F08BD95
:1097900028B1013801288CBF002001207047032028
:1097A00070477FB5002302910221D0F8F80E009394
:1097B0002423ADF804300123CDE9031269468DF866
:1097C00006300593E9F740FCB0FA80F0400907B095
:1097D0005DF804FB00B5002389B0D0F8F80E0293C1
:1097E0008DF80E3002238DF80720242205930DF109
:1097F0000703049102A906930123ADF80C200793F7
:10980000E9F722FCB0FA80F0400909B05DF804FBEA
:1098100090F8402F10B50446002A4AD0032242F2A5
:109820005011FFF7D7FF012242F25B112046FFF7EC
:10983000D1FF94F8452F42F211012046FFF7CAFFED
:1098400094F8442F42F212012046FFF7C3FF94F828
:10985000492F42F213012046FFF7BCFF94F8482F2E
:1098600042F214012046FFF7B5FF94F84D2F42F263
:1098700015012046FFF7AEFF94F84C2F42F2160177
:109880002046FFF7A7FF94F8512F42F21701204618
:10989000FFF7A0FF94F8502F42F218012046FFF77F
:1098A00099FF012242F253112046BDE81040FFF714
:1098B00091BF42F25011F8E710B50446082241F278
:1098C0000301FFF787FF082241F207012046FFF757
:1098D00081FF0A2243F244012046FFF77BFF00226A
:1098E00043F245012046FFF775FF0A2243F2470184
:1098F0002046FFF76FFFC02243F250012046FFF7DA
:1099000069FF422243F251012046FFF763FF5022D4
:1099100043F252012046FFF75DFF002243F253015C
:109920002046FFF757FF032243F254012046FFF77A
:1099300051FFF72243F255012046FFF74BFFF82273
:1099400043F256012046FFF745FF292243F2570113
:109950002046FFF73FFF1F2243F258012046FFF742
:1099600039FF1E2243F259012046FFF733FF4322FD
:109970004FF480512046FFF72DFF402241F20101B4
:109980002046FFF727FF322241F202012046FFF76F
:1099900021FF7F224FF454712046FFF71BFF012265
:1099A00041F206012046FFF715FF002241F20801AF
:1099B0002046FFF70FFFA02241F209012046FFF7E2
:1099C00009FF602241F20A012046FFF703FF9022BF
:1099D00041F20B012046FFF7FDFE402241F20C014F
:1099E0002046FFF7F7FE07224FF400512046FFF70D
:1099F000F1FE01224FF404512046FFF7EBFE5F22F7
:109A000042F201112046FFF7E5FE0A2242F202115E
:109A10002046FFF7DFFE032242F203112046FFF744
:109A2000D9FE052242F204112046FFF7D3FE02229E
:109A300042F205112046FFF7CDFE142242F2061134
:109A40002046FFF7C7FE022242F207112046FFF729
:109A5000C1FE032242F208112046FFF7BBFE03229B
:109A600042F209112046FFF7B5FE002242F20A1128
:109A70002046FFF7AFFE802242F20B112046FFF78F
:109A8000A9FE402242F20C112046FFF7A3FE20223D
:109A900042F20D112046FFF79DFE032242F20E1105
:109AA0002046FFF797FE002242F20F112046FFF7F3
:109AB00091FE852242F210112046FFF78BFE002214
:109AC00042F211112046FFF785FE2046A02242F205
:109AD0001211FFF77FFE2046BDE81040FFF798BE49
:109AE00000224FF4807110B5044680F8542FFFF720
:109AF00071FE4FF0814004F6FC61BDE81040EEF7C6
:109B0000BDBB000037B50D460446FFF719FE002126
:109B10002A7807F01BFEFFF713FE2A78012107F0D1
:109B200015FE0A20F9F73EFD2B786BB3FF230A25BB
:109B30008DF806308DF807300DF106020021204621
:109B4000FFF72FFE0DF1070201212046FFF729FE46
:109B500040F2031100222046FFF73CFE9DF806105C
:109B6000012903D19DF80730B02B0DD0013DE3D181
:109B700001299DF8072001D1B02A05D003480FF034
:109B800041F8002003B030BD0120FBE7931403002F
:109B9000104B13B5C0F8243F40F60203044600F60C
:109BA0002471C0F8283F012380F82C3F0823A0F837
:109BB0002E3F094BC0F8303F4FF08140EEF73EFAA0
:109BC00028B98DF8040001A92046FFF79BFF02B0D9
:109BD00010BD00BF08004233100000010B685A1C82
:109BE00013B51ED100F6FC6101AA4FF08140EEF7DB
:109BF00088FB044680B915490198E9F7D9FA019B19
:109C0000134A93420AD0134A934218D0124A9342FD
:109C100017D0124A934216D04FF0FF34204602B0BC
:109C200010BD032BF8D80949094A01FB032200F6AD
:109C3000FC614FF081400192EEF754FBECE7012408
:109C4000ECE70224EAE70324E8E700BF109A0100EA
:109C500000008081109A81812034838130CE8481FC
:109C600038B50B7804460D465BB9FFF725FE2A7818
:109C700040F201612046FFF7ADFD2B7884F8353FB7
:109C800038BD00224FF40451FFF7A4FD00224FF429
:109C900080512046FFF79EFD002241F20801204638
:109CA000FFF798FD002240F205212046FFF792FDC4
:109CB000012240F20E212046FFF78CFD002240F2E7
:109CC0000F212046FFF786FDD1E7F7B504460E4683
:109CD00000254FF0FF373368AB420DDD01A9204668
:109CE0000197FFF77BFF431CF5D0019001A92046A7
:109CF0000135FFF773FFEEE703B0F0BD002301224B
:109D0000C1E90033C1E9033340F243130A72C1E9E8
:109D10000533704730B504460D4685B0FFF7A8FC03
:109D2000C4F8F85E002504F63871204684F8545FC4
:109D3000FFF7E4FF084B6A46032103930820074B13
:109D400084F8405F02930094FDF76AF96846FBF7D8
:109D500046FB05B030BD00BF859F0100B1900100FA
:109D600070B40C46064600F638750FCC0FC594E863
:109D7000070085E80700304670BCFFF749BD10B505
:109D80000446012242F25311FFF724FDD4F8383F74
:109D900023B1D4F83C0FBDE81040184710BD38B5CA
:109DA0000C460A784FF480710546FFF713FD2378BF
:109DB00085F8343F38BD00002DE9FF410E460DF116
:109DC0000F0243F260010546FFF7EBFC9DF80F2000
:109DD00043F26001284642F020021E4C00278DF815
:109DE0000F20FFF7F7FC2846FFF766FD002241F23F
:109DF00012012846FFF7EEFC002305F6FC614FF048
:109E000081401A460191EEF7C3F933780199052B89
:109E100014BF4FF004084FF00208013722464FF0FC
:109E20008140019104F5CD34EEF75CFAB845019913
:109E300004F11004F1D14FF08140EEF7DBF9044654
:109E400031462846FFF7ABFFB4FA84F0400904B06E
:109E5000BDE8F0810000808130B50D7885B00C46FA
:109E6000072D0DD8DFE805F0040A201C25292D3028
:109E70000431FFF7A1FF8DF8040001E0FFF730FE89
:109E8000A36A5BB102AB8DF80050E26ADDE9000124
:109E900083E80300194604F12000904705B030BD67
:109EA0000431FFF72FFEE6E70431FFF797FE01903C
:109EB000E6E70431FFF7D4FEE2E70431FFF705FFE0
:109EC000DEE7FFF75CFFDBE70431FFF749FFD7E789
:109ED00038B50C46054608460CF091FD611E034658
:109EE0000022002903DB013903F8012BF9E7286080
:109EF000284638BD10B50446006808B10CF05DFD79
:109F0000204610BD1FB5EFF30583D0F8F40EEBB17A
:109F1000002303AAF8F794F901280AD0FBF7AAFA5C
:109F2000134B144A144900934123FCF7E3FAF9F761
:109F300019FA039B3BB1114B4FF080521A60BFF3EB
:109F40004F8FBFF36F8F05B05DF804FB4FF0FF320A
:109F5000F8F748F80128F6D0FBF78CFA084B054AC9
:109F6000054900934423FCF7C5FAF9F7FBF9EAE742
:109F70005F100300B2010300F8FC020004ED00E0F2
:109F80009E10030000B500238DB000680A930623DD
:109F900069468DF80030FFF7B5FF08A8FBF71FFAF8
:109FA0000DB05DF804FB00002DE9F04188B01446C7
:109FB0000646884603220021012002AFF7F792FFF0
:109FC00004AB04F120020546CDE9040693E8030042
:109FD00087E8030092E8030083E8030097E80300A2
:109FE00082E80300A26A184606921B4AA262E26A4D
:109FF00007921A4AE262FBF7F2F900234FF0FF32B0
:10A000002146D8F8F40EF7F7EDFF01280AD0FBF748
:10A0100031FA134B134A144900933723FCF76AFAB9
:10A02000F9F7A0F94FF0FF312846F8F7EBFA0128CD
:10A030000AD0FBF71FFA0D4B0A4A0B49009338234D
:10A04000FCF758FAF9F78EF92846F8F73FFC304646
:10A0500008B0BDE8F08100BFC9900100F196010091
:10A060009E100300B2010300F8FC0200F912030085
:10A07000F0B500238FB006460D460C930223174619
:10A080008DF808304FF0FF33039302AA314668463B
:10A09000FFF78AFF019C0FB1631CF6D0032C0AA8BE
:10A0A00097BF054B0023054A03FB04232B60FBF7F6
:10A0B00096F920460FB0F0BD109A01000000808193
:10A0C00000B500238FB00C93022302AA039101462E
:10A0D00068468DF80830FFF767FF0AA8FBF77FF99D
:10A0E0000FB05DF804FB00002DE9F04F90F8543FED
:10A0F00004460D462DED028B93B0039353B9B2483D
:10A100000EF080FDDDF80CA0504613B0BDEC028BC4
:10A11000BDE8F08F90F8343F052B08D10720FCF7FD
:10A120005FFE824618B9A9480EF06CFDECE70026E8
:10A1300001220CA920460C96FFF79AFF08EE900A20
:10A140000C98002800F0278294F8343F052B03D1A7
:10A1500031460720FCF728FE6B682C68DDF80CA060
:10A160009FED9B8A0A930A9BA34200F00D8223680D
:10A17000012B44D0022B00F0F481002B40F001822F
:10A18000E368B3F5A27F17D12369B3F5A27F13D19A
:10A19000A1690C98D4E90123FFF73EF9237F4BB165
:10A1A000E7F790FB90F8353F23B9A069D4E9031293
:10A1B000FEF7D4FE2034D6E786490EA8FFF788FEC6
:10A1C0000E990C98D4E90123FFF726F9237F53B1A8
:10A1D000E7F778FB90F8353F2BB94FF4A2720E9851
:10A1E0001146FEF7BBFE237D0E980093A169D4E9CA
:10A1F0000323FEF78FFF0EA8FFF77CFEDAE7E36884
:10A20000B3F5A27F40F043812369B3F5A27F40F00C
:10A210003E810C9AA1690292D4E90172CDE90E1334
:10A22000012FCDE9103266D1029A099302F28728F4
:10A2300002F573720792039A069200220492022298
:10A240001546571C069B6E1C05950235002B4AD0FF
:10A25000059BAB461146B1460893B6463B46099866
:10A26000844602980CFB03030798405D13F809909D
:10A270000B90029813F80E300CFB0100089908921D
:10A2800010F80BB0405C0599019018F8050000909B
:10A290000EA8FFF745F80B9B089A314600930EA8CD
:10A2A0004B46CDF804B00592FFF73AF8B5F5A17F1B
:10A2B000059AC7DB069BB7F5A17F83F001030693E0
:10A2C000049B83F0010304933FF474AF049B08F5EF
:10A2D000A2783A46002B079B03F5A27314BF03250F
:10A2E00002250793ADE7B3463946A9461346DDF884
:10A2F00014E00896B3E7002F7FF45CAF022212F05F
:10A30000010307F5A17B049359D0029B7D1C0299A0
:10A310004FF00209D8190592495D90F8893290F8FA
:10A3200046610B4490F84411314401330131C3F3C9
:10A330004703C1F34701019190F845110EA8009120
:10A340000121FEF7EDFF059A029B5E1907F5A07348
:10A350000693069BAB423FD2029B2F46A9EB050911
:10A360005E19BB4509EB070140F2848016F8010B2A
:10A3700001370230737896F843C1034496F8870298
:10A38000034496F8890203443078604496F845C146
:10A39000C3F3870E049B0230604496F888C2604481
:10A3A00096F844C1C0F38700002B5FD07346CDE917
:10A3B000000C0EA80592FEF7B3FF059AD1E74FF007
:10A3C00001093D46C0E700BFC1140300F0140300BB
:10A3D00000007F4330CE0400B778337896F88812B7
:10A3E0003B4496F88A0296F844C10233074496F833
:10A3F00047810B4496F84611013705910344717863
:10A40000C7F34707C3F3870E96F845016144059BE0
:10A4100096F889C28044023108F101081944049B6E
:10A42000C8F347086144C1F387012BB9BC464746CE
:10A43000E046F44686466046734607920235023689
:10A44000CDE9001049460EA8FEF76AFF059B079A62
:10A4500009F1010100930EA83B46CDF80480059256
:10A4600009F10209FEF75CFF059A72E76346CDE940
:10A47000000E9EE7ABEB05070132AB4538BF002766
:10A480000235B2F5A17F2F447FF439AF92E64349FC
:10A490000DA8FFF71DFD0EA8D4E90331594301EBC8
:10A4A0004101FFF715FDD4E90123DDE90C01FEF7B9
:10A4B000B3FF237DDDE90D010093D4E90323FEF70B
:10A4C00029FE0021DDF83880D4F818C008469FED39
:10A4D000345ADFED344A9FED344AD4E9036E8645A1
:10A4E0003ADD01EB41020CEB010700254244AE428C
:10A4F00002F103022DDD12F8033C013507EE903A1C
:10A5000012F8023C07EE103AF8EE677A12F8013CB6
:10A51000B8EE477A87EE886AC7EE085A07EE103A17
:10A52000B8EE477AC7EE086A26EE057A65EEA47A99
:10A5300067EEA57AE6EE077A26EE847AE6EE877A6B
:10A5400067EE887AFCEEE77A17EE903A07F8013B5F
:10A55000CDE701303144C2E70EA8FFF7CBFC0DA8D0
:10A560004AE6E368B3F5A27F0BD12369B3F5A27F76
:10A5700007D10E4A0C99A0690DF0BCFCDDF80CA0C7
:10A5800018E64FF0000A15E6E7F79CF918EE901A66
:10A59000FFF796FDB8E58246B6E500BF30CE040071
:10A5A000D0B3593E5917373F98DD933D109A0100BB
:10A5B00030B58FB00023044602AA8DF80C10014676
:10A5C00068460C938DF80830FFF7EEFC9DF80450B8
:10A5D0000AA884F8545FFAF702FF28460FB030BD8E
:10A5E00010B500238EB00C93032302AA8DF80C1033
:10A5F000014668468DF80830FFF7D6FC9DF8044008
:10A600000AA8FAF7ECFE20460EB010BD00487047CD
:10A610004021030000487047801C03000048704739
:10A62000002C030000487047702103000048704769
:10A630009821030000487047601B030000487047E2
:10A64000182D030000487047C02D030000487047D4
:10A65000882D030000487047181B0300004870470E
:10A66000101B030000487047D81A030000487047C9
:10A67000A82D030000487047302D030000487047A4
:10A68000E82B030000487047782C0300004870470F
:10A69000F02D030000487047282D03000048704744
:10A6A000D02D0300004870478829030000487047F8
:10A6B0004029030000487047102E030000487047EF
:10A6C000D82D030000487047E02E03000048704773
:10A6D000F82E030000487047C82E0300004870475A
:10A6E000B82C030000487047D02C03000048704786
:10A6F000E82C030000487047002D03000048704715
:10A700003029030000487047702903000048704753
:10A71000A8210300004870475829030000487047EB
:10A72000902C030000487047E01C0300004870476D
:10A73000702D030000487047582D030000487047F3
:10A74000582E030000487047702E030000487047E1
:10A75000282E030000487047882B030000487047EC
:10A76000A02B030000487047B82B03000048704737
:10A77000D02B030000487047702C0300004870473E
:10A78000982D030000487047502D03000048704783
:10A79000402E030000487047A02D0300004870477A
:10A7A000A82C030000487047B02C030000487047F5
:10A7B000482D030000487047082E030000487047EA
:10A7C000C0210300004870479829030000487047E3
:10A7D000201D030000487047601A030000487047BE
:10A7E000001A030000487047F81C03000048704737
:10A7F000401A030000487047482E03000048704785
:10A80000882E030000487047982E030000487047C8
:10A81000A82E030000487047B82E03007047704709
:10A820000CF0C7B810B5044604210CF0C4F820465B
:10A8300010BD10B5044610210CF0BDF8204610BD27
:10A8400008B5034AE121034B03480DF059F800BF56
:10A850004C1503003BDA0200E015030008B5034A7B
:10A860004421034B03480DF04BF800BF19160300B9
:10A870003BDA0200AB160300064B994210B500F11B
:10A880000C0405D008460CF09DF9002808BF0024F0
:10A89000204610BDD01903000B78C91AE6F778BF1F
:10A8A0000B88C91AE6F774BF0B68C91AE6F770BFC0
:10A8B0000B68C91AE6F76CBFF0B505684B1B9F071C
:10A8C00003D0027F0AB10020F0BD4268042AFAD901
:10A8D000141FA342F7D884680E6801340169C76861
:10A8E00001318460BC420161EDD84469A142EAD8DB
:10A8F0009B1BDE0702D5017F0029E4D1911E8B420C
:10A90000E1D8E95ACC0702D5007F0028DBD191427B
:10A91000D9D2501A83428CBF00200120D4E710B551
:10A9200004210446E6F7F4FF10B123182058184418
:10A9300010BD10B504210446E6F7EAFF10B1231854
:10A940002058184410BD10B50E210446E6F7E0FF6C
:10A9500010B123182058184410BD10B51421044616
:10A96000E6F7D6FF10B123182058184410BD10B5D3
:10A9700016210446E6F7CCFF10B1231820581844DE
:10A9800010BD10B504210446E6F7C2FF10B123182C
:10A990002058184410BD10B510210446E6F7B8FF42
:10A9A00010B123182058184410BD000070B50D4E8A
:10A9B0003378BFF35B8F13F0010410D130460BF0F6
:10A9C000FEFF60B1084D3046084BC5F830452B609E
:10A9D0000CF001F8064A284606490BF0E5FF02484C
:10A9E00070BD00BFF8D70020FCD700203C13030047
:10A9F000008000202953010010B50446FFF7D6FF60
:10AA00000121FDF751FF204610BD10B50446FFF7A8
:10AA1000CDFF0021FDF748FF1E20F8F7C3FD2046BB
:10AA200010BD0C30FFF7F1BF144B37B500250360A4
:10AA300000F10C0300220446456005738563C0E9FC
:10AA40000453C0E906350023C0E90C55C0E90A23C8
:10AA50000120F7F7E3FB84F84050E06350B9FAF7C0
:10AA600009FD074B074A084900932F23FBF742FDD6
:10AA7000F8F778FC204603B030BD00BF841803000F
:10AA800048060300F2160300F8FC0200016319B93E
:10AA900000220023C0E90A237047012380F84030D8
:10AAA00070472DE9F3470D460446C16B01A81646D1
:10AAB0001F46FBF73FFDD5F804A0BAF1000F44D0C4
:10AAC000DAF8008020214046E6F722FF10B3404428
:10AAD000D0E90089D4E90A234B4508BF42451ED07E
:10AAE0000023324621465046C4E908333B4602F073
:10AAF0003BFF2562C4E90A8921463B463246286865
:10AB000002F032FF044601A8FBF732FD204602B0F6
:10AB1000BDE8F0874FF000084FF00009DAE704F1D4
:10AB2000200804F12809C845E6D0D8F80030AB4227
:10AB3000E2D03BB93B4632462146686802F014FF3A
:10AB4000C8F8005008F10408EDE700220023C4E92A
:10AB50000A23D1E78B0701D0037F43B9406804285B
:10AB600005D9043881428CBF0020012070470020A5
:10AB7000704738B505460C46FFF7ECFF58B12B6817
:10AB80001859002808DD6B68012B05D90444013BE6
:10AB90009C4288BF002038BD0020FCE738B50D4638
:10ABA00011460446E6F7B4FE48B12968611A01442B
:10ABB0002846FFF7DEFF003818BF012038BD01200E
:10ABC000FCE72DE9F84F06688846074693468E1B3A
:10ABD0009A463146FFF7BEFF0546E8B14FF000093F
:10ABE0005A4600236FF000400021D8F80040E6F7F5
:10ABF000B5FB894508BF84420ED204FB0BF2043238
:10AC0000BAF1000F02D0B318CAF800307B689A423C
:10AC100002D29A1A964200D900252846BDE8F88F3C
:10AC200013B50446A1B101AB0122FFF7CAFF58B129
:10AC30006368012B0AD9019A013B9A4206D823681E
:10AC4000985CB0FA80F0400902B010BD0020FBE72C
:10AC50000120F9E7F8B50C46054601462046FFF706
:10AC60002BFE10B900263046F8BD042221462846A6
:10AC7000FFF794FF06460028F4D004212846E6F7A3
:10AC800047FE18B9A368013BA360ECE72F182958C9
:10AC90000023082239442046FFF793FF0028F1D112
:10ACA000E0E738B50D4611460446E6F731FE58B1E7
:10ACB000D5E90023022B09D9A41A023B204498426B
:10ACC0008CBF0020012038BD0120FCE70020FAE7FE
:10ACD00038B50D4611460446E6F71AFE58B1D5E9D7
:10ACE0000023042B09D9A41A043B204498428CBFAA
:10ACF0000020012038BD0120FCE70020FAE708B55C
:10AD000021B100230122FFF75CFF08BD0120FCE711
:10AD100038B50D4611460446E6F7FAFD58B1D5E9B7
:10AD20000023012B09D9A41A013B204498428CBF6F
:10AD30000020012038BD0120FCE70020FAE708B51B
:10AD400021B100230422FFF73CFF08BD0120FCE7EE
:10AD500070B506460D46E9B1FFF7AEFD0446B8B141
:10AD6000042231462846FFF7B3FF044680B106218E
:10AD70002846E6F7CDFD40B1D6E90013042B0BD9E8
:10AD8000691A043B0D189D4206D8B368013BB360B5
:10AD9000204670BD0124FBE70024F9E708B521B186
:10ADA00000230422FFF70DFF08BD0120FCE738B5A2
:10ADB0000568044635B1284602F06FFC1C21284680
:10ADC0000BF0F9FD204638BD002238B50B6804466B
:10ADD0000A600568036035B1284602F05EFC1C215C
:10ADE00028460BF0E8FD204638BD032905D8012987
:10ADF00094BF0078008800217047072901D80068B7
:10AE0000F9E7D0E90001704710B50446FFF7EDFF00
:10AE1000201A10BD08B501790068401AFFF7E5FF58
:10AE200008BD00002DE9F0410D46097988B00446BF
:10AE300001EB41032E6890460391F61A3046FFF766
:10AE4000E3FF039907467018FFF7CFFF0497C6B2D8
:10AE500004A88DF81460FFF7DDFF0423069039463F
:10AE60008DF81C30731EDBB2072B96BF184A0023E7
:10AE700052F8233002464046009333460CF05EFD04
:10AE800040B940F201132060A071A380204608B0B1
:10AE9000BDE8F081C21BA96892FBF6F38B4206D392
:10AEA000002340F201122360A280A371EEE72A681A
:10AEB000287900FB01212071C95C00FB032301F00C
:10AEC00003022360012389109340A1716371DDE7C0
:10AED000D819030038B5046805467CB16368013BA6
:10AEE00063605BB9236820469B689847A368013B71
:10AEF000A3601BB923682046DB689847284638BD05
:10AF00002DE9F04100210446FFF733FE18B9002671
:10AF10003046BDE8F0812568054420462946FFF704
:10AF2000CBFC0028F3D0042221462846FFF736FE4A
:10AF300006460028EBD02846FFF723FD014640B91E
:10AF400004212846E6F7E4FC58B9A368013BA36056
:10AF5000DEE7002304222046FFF733FE0028EFD16E
:10AF6000D5E72B182D5800271D4405F104082B6840
:10AF7000BB42EAD94346204608F10408196819443F
:10AF8000FFF74EFE0028C2D00137F0E710B50446A7
:10AF9000E6F7BEFC10B123182058184410BD38B590
:10AFA0000C46054601462046FFF786FC08B90020FE
:10AFB00038BD042221462846FFF773FE0028F6D04C
:10AFC000062221462846FFF783FE0028EFD00822FC
:10AFD00021462846FFF7E2FD0028E8D00821284650
:10AFE000FFF7D4FF01462046FFF71AFE0028DED007
:10AFF0000A2221462846FFF754FE0028D7D0A3682E
:10B00000013BA360D4E72DE9F04704460F46002931
:10B0100000F0C380FFF750FC10B90020BDE8F087B6
:10B02000042221463846FFF7B9FD0028F5D03846FE
:10B03000FFF775FC014600283FD13846FFF76FFC4B
:10B040008046002800F09D8000F1040A4FF00009BE
:10B05000D8F800304B4540F29480564620460AF11D
:10B06000040A33681E443146FFF726FC0028D4D07A
:10B07000042221463046FFF74BFE0028CDD00622A1
:10B0800021463046FFF78AFD0028C6D0062130460B
:10B09000E6F73EFC054610B1301875590544042109
:10B0A0003046E6F735FC002833D0335C013B032BF8
:10B0B0002FD8DFE803F00A45505F00230422204622
:10B0C000FFF77FFD0028B8D1A7E715B32946204632
:10B0D000FFF7F2FB0028A0D0042221462846FFF704
:10B0E0005DFD002899D004212846E6F711FCF0B94F
:10B0F000062221462846FFF7EBFD00288DD00822C6
:10B1000021462846FFF7E4FD002886D0A368013BCE
:10B11000A360082221463046FFF7C3FD00283FF414
:10B120007CAFA36809F10109013BA36090E72A18ED
:10B13000285821461044FFF732FF0028D8D16CE789
:10B14000002DE6D029462046FFF7B6FB00283FF445
:10B1500064AF0422D4E7002DDBD029462046FFF758
:10B16000ABFB00283FF459AF042221462846FFF7E5
:10B1700098FDC9E7002DCCD029462046FFF79CFB5F
:10B18000C2E7062221463846FFF7C2FD00283FF4F9
:10B1900044AFA368013BA36040E701203EE710B540
:10B1A0000446E6F7B5FB10B123182058184410BD2B
:10B1B0002DE9F04104460E4641B301F10408002791
:10B1C0003368BB4222D94546204608F104082B6863
:10B1D0001D442946FFF770FB10B90020BDE8F0813F
:10B1E000042221462846FFF7D9FC0028F5D0042187
:10B1F0002846FFF7D4FF01462046FFF780FD0028D0
:10B20000EBD0A3680137013BA360D9E70120E5E754
:10B2100038B50C46054601462046FFF74DFB08B9F8
:10B22000002038BD042221462846FFF751FD0028A2
:10B23000F6D0062221462846FFF7B0FC0028EFD0C2
:10B2400006212846FFF7ABFF01462046FFF757FDD2
:10B250000028E5D0082221462846FFF79FFC002859
:10B26000DED008212846FFF79AFF01462046FFF767
:10B2700046FD0028D4D00A2221462846FFF728FDA3
:10B280000028CDD00C2221462846FFF787FC002855
:10B29000C6D00C212846FFF779FE01462046FFF76D
:10B2A000BFFC0028BCD00E2221462846FFF710FD27
:10B2B0000028B5D0102221462846FFF76FFC002851
:10B2C000AED02846FFF767FB0146E8B92846FFF7EE
:10B2D00062FB01462046FFF76BFF0028A0D0122238
:10B2E00021462846FFF75AFC002899D0122128460B
:10B2F000FFF74CFE01462046FFF792FC00288FD056
:10B30000A368013BA3608CE7002304222046FFF7DB
:10B3100058FC0028DAD183E72DE9F8430C460546AE
:10B3200001462046FFF7C8FA18B900263046BDE8A6
:10B33000F883042221462846FFF730FC0028F4D089
:10B3400004212846FFF72BFF01462046FFF7D7FCD4
:10B350000028EAD0062221462846FFF71FFC0646B1
:10B360000028E2D006212846E6F7D2FA40B90621A5
:10B370002846E6F7CDFA70B9A368013BA360D5E78C
:10B380002F1829580023042239442046FFF719FCBE
:10B390000028ECD1C9E72F182B584FF000081F44A4
:10B3A00007F104093B684345E6D94D46204609F1BB
:10B3B00004092B681D442946FFF77EFA0028B4D003
:10B3C000042221462846FFF7E9FB0028ADD00421DE
:10B3D0002846E6F79DFA60B9062221462846FFF77F
:10B3E00077FC0028A1D0A36808F10108013BA36005
:10B3F000D8E72A18285821461044FFF7D0FD002826
:10B40000EAD192E710B50446E6F782FA10B12318A4
:10B410002058184410BD38B50C4605460146204654
:10B42000FFF74AFA08B9002038BD04222146284611
:10B43000FFF7B4FB0028F6D004212846FFF7E2FF0F
:10B4400001462046FFF77BFC0028ECD0062221466F
:10B450002846FFF7A3FB0028E5D006212846FFF782
:10B46000D1FF01462046FFF76AFC0028DBD0082206
:10B4700021462846FFF792FB0028D4D00821284611
:10B48000FFF7C0FF01462046FFF759FC0028CAD04D
:10B490000A2221462846FFF781FB0028C3D00A2153
:10B4A0002846FFF7AFFF01462046FFF748FC00287B
:10B4B000B9D00C2221462846FFF770FB0028B2D0F5
:10B4C0000C212846FFF79EFF01462046FFF737FC78
:10B4D0000028A8D00E2221462846FFF75FFB00284F
:10B4E000A1D00E212846FFF78DFF01462046FFF729
:10B4F00026FC002897D0A368013BA36094E72DE9C0
:10B50000F8430C46064601462046FFF7D5F910B928
:10B510000020BDE8F883042221463046FFF73EFBB9
:10B520000028F5D03046FFF704FA014600283AD14A
:10B530003046FFF7FEF90746002845D000F1040920
:10B540004FF000083B6843453ED94D46204609F17F
:10B5500004092B681D442946FFF7AEF90028D7D00F
:10B56000042221462846FFF719FB0028D0D00421E9
:10B570002846E6F7CDF9F0B9062221462846FFF71E
:10B580000DFB0028C4D006212846FFF73BFF0146EB
:10B590002046FFF7D4FB0028BAD0A36808F10108C1
:10B5A000013BA360CEE7002304222046FFF709FBFE
:10B5B0000028BDD1ACE72A18285821461044FFF7CF
:10B5C00049FB0028D8D1A3E7062221463046FFF7E1
:10B5D000E5FA00289CD006213046FFF713FF01460C
:10B5E0002046FFF7ACFB002892D0A368013BA36084
:10B5F0008FE770B50D46044601462846FFF75CF913
:10B6000010B90026304670BD042229462046FFF7B7
:10B61000C5FA0028F5D004212046E6F779F9B8B933
:10B62000062229462046FFF73CFB0028E9D00822E5
:10B6300029462046FFF7B2FA06460028E1D0082145
:10B640002046E6F765F960B9AB68013BAB60D9E726
:10B650002218205829461044FFF7DDFE0028DFD1CC
:10B66000CFE72218205829461044FFF748FF00284A
:10B67000EAD1C6E770B50D46044601462846FFF7F5
:10B680001BF910B90026304670BD04222946204619
:10B69000FFF784FA0028F5D004212046FFF776FC56
:10B6A00001462846FFF7BCFA0028EBD006222946BF
:10B6B0002046FFF70DFB0028E4D00822294620464B
:10B6C000FFF706FB0028DDD00A2229462046FFF7B7
:10B6D000FFFA0028D6D00C2229462046FFF7F8FAB8
:10B6E0000028CFD00E2229462046FFF757FA00281F
:10B6F000C8D00E212046E6F70BF900284ED02118BD
:10B70000205801442846FFF723FB0028BAD0102216
:10B7100029462046FFF7C5FA0028B3D01222294651
:10B720002046FFF7F5FA0028ACD01422294620461F
:10B73000FFF734FA0028A5D014212046E6F7E8F8F0
:10B7400070B3231826581E4412212046E6F7E0F86D
:10B7500020B1235C012B25D0022B2CD016222946A8
:10B760002046FFF7B5FA00288CD01822294620463B
:10B77000FFF7CEFA002885D01A2229462046FFF787
:10B780000DFA064600283FF47DAF1A212046E6F761
:10B79000BFF8E8B9AB68013BAB6074E70146B1E7BD
:10B7A0000646D1E7002ED9D029463046FFF721FFC3
:10B7B0000028D3D166E7002ED0D031462846FFF7C7
:10B7C0007BF800283FF45EAFAB68013BAB60C5E798
:10B7D0002218205829461044FFF73CFA0028D9D1F6
:10B7E00050E7F8B507460C4671B10E1D00252368D9
:10B7F000AB4209D933463946043618681844FFF776
:10B8000039FF10B10135F2E70120F8BD2DE9F04113
:10B810000D46044601462846FFF74EF818B90026A3
:10B820003046BDE8F081042229462046FFF750FA51
:10B830000028F4D0062229462046FFF7AFF9002859
:10B84000EDD006212046FFF7A1FB01462846FFF771
:10B85000E7F90028E3D0082229462046FFF79EF9A1
:10B860000028DCD008212046FFF799FC0146284635
:10B87000FFF745FA0028D2D00A2229462046FFF7D2
:10B8800027FA0028CBD00C2229462046FFF720FAC1
:10B890000028C4D00E2229462046FFF77FF9002851
:10B8A000BDD02046FFF74FF80146B0B92046FFF75C
:10B8B0004AF80646C8B100F1040800273368BB42C5
:10B8C00013D94346294608F1040818681844FFF7BD
:10B8D00023FD0028A3D00137F0E7002304222846E7
:10B8E000FFF76FF90028E1D199E710222946204699
:10B8F000FFF754F9002892D010212046FFF74FFCA3
:10B9000001462846FFF7FBF9002888D01222294675
:10B910002046FFF743F9002881D012212046E5F7A1
:10B92000F7FF002800F0998021182058014428468C
:10B93000FFF769FB00283FF472AF14222946204626
:10B94000FFF72CF900283FF46AAF2046FFF705F80F
:10B9500001462846FFF722FA00283FF460AF204650
:10B96000FEF7FBFF01462846FFF73BFF00283FF4A8
:10B9700056AF162229462046FFF710F900283FF45B
:10B980004EAF2046FEF7F3FF01462846FFF706FAC2
:10B9900000283FF444AF2046FEF7E9FF0146284661
:10B9A000FFF71FFF00283FF43AAF18222946204630
:10B9B000FFF7F4F800283FF432AF18212046FFF7D4
:10B9C000E5FA01462846FFF72BF900283FF427AF98
:10B9D0001A2229462046FFF77BF900283FF41FAFC3
:10B9E0001C2229462046FFF773F900283FF417AFC1
:10B9F0001E2229462046FFF754F900283FF40FAFD6
:10BA000020212046E5F784FF50B12B68E31A184443
:10BA10006B68082B7FF603AF083B98423FF6FFAEFA
:10BA2000222229462046FFF773F9064600283FF4F4
:10BA3000F6AE24212046E5F76BFF50B12B68E31AE0
:10BA40001C186B68082B7FF6EAAE083B9C423FF659
:10BA5000E6AEAB68013BAB60E2E6014667E74A68E9
:10BA6000426012B153683BB94360436813B15B68ED
:10BA700003B10B680360704701335360F5E70000C2
:10BA80002DE9F04389B00D460446C96B01A89146E3
:10BA9000FAF750FD4FF0000205F1340102A8FFF75C
:10BAA000DEFF029F37B12760039A00236260039391
:10BAB00002932DE0102004970AF090FF01238046A6
:10BAC0000646C0E901332B4B48F80C3B4046FEF7D5
:10BAD00093FF029B07A8CDF8088006934FF080588B
:10BAE000039B03960793CDE90477234FFFF7F2F901
:10BAF00005A8FFF7EFF92E6BF6B995F840308BB13A
:10BB00001E491F480DF07EF885F84060C4E90066C4
:10BB100003A8FFF7DFF901A8FAF72AFD204609B0CC
:10BB2000BDE8F083C7F80080BFF34F8FBFF36F8F7E
:10BB30006420F7F737FDDEE74A463146284600F035
:10BB4000B9FE10B9C4E90000E2E7029B039E6B63F3
:10BB500016B1B3680133B360A86B30B18368013BA1
:10BB6000836013B90368DB689847029BAE63236068
:10BB70009AE700BFA419030004ED00E01A170300C0
:10BB80002517030070B58B68164604460D1D01226B
:10BB900053B130681D461A69904239BF9868012236
:10BBA000D86800220346F3E792B1CA68AA4203D1DB
:10BBB000C4E90035204670BD28460AF079FF336895
:10BBC00002699A424FF00003F2D3C4E90003F1E79F
:10BBD0002846F4E72DE9F04300F1040885B0064655
:10BBE00089468568444655B1D9F800302A699A4299
:10BBF0003ABFEB682546AB682C461D46F3E7A045E7
:10BC000004D0D9F8002023699A422ED218200AF0D5
:10BC1000E5FED9F800900023A045074600F1100288
:10BC2000C0F81090436125D173691BB131690B696C
:10BC30004B4509D3314602A8FFF7A4FFDDE90241D5
:10BC4000002951D0002C4DD188454BD038690B6963
:10BC500098422CBF0020012043460A4639460AF08C
:10BC600029FF7369013373613C4604F1140005B088
:10BC7000BDE8F083236901924B4518D9F3689C42D3
:10BC800009D020460AF014FF0369019A4B4505D2FA
:10BC9000C36853B9044621461C46D1E7314602A881
:10BCA000FFF770FFDDE90234F5E72346F3E71BD227
:10BCB00031698C420BD020460AF0E7FE0369054645
:10BCC000019A4B4505D9E36853B921461D462C46D8
:10BCD000B6E7314602A8FFF755FFDDE90251F6E766
:10BCE0000146F4E70120B7E7384627460AF061FE2F
:10BCF000BAE700002DE9F04FA5B007460D46C16B2D
:10BD000004A81646FAF716FC07F10C023C69134624
:10BD1000059534B121698D4296BF2346E468A46835
:10BD2000F7E79A4200F0DC801B699D42C0F0D880A2
:10BD300005A907F10800FFF74DFF04682FE0904BBD
:10BD4000069301238DF81C30DFE0042B08D1FFF7A8
:10BD50005BF80546E5F726FD8DF828600995EFE0CC
:10BD6000884B1B68099301238DF8283000230B931F
:10BD7000E7E029460CA8FEF7FCFE68B10CA9504488
:10BD8000FFF746FA40B1DAF8000006215044FFF709
:10BD900006FA58B97C4800E07C480CF033FF04A850
:10BDA000FAF7E6FB204625B0BDE8F08F0268002ACE
:10BDB000F0D04368011DB2421A9501EB030A8DF8D9
:10BDC0006C90CDE91412CDE9165BCDE9185880F0DE
:10BDD000D08014A8FFF794F808B96D48DDE7504605
:10BDE000A946FEF7CEFD50F8043BAA4600EB8303BC
:10BDF00006460193CDE902B8019B3246B3423AD0E0
:10BE000011680436029B02EB010B52580121CDF858
:10BE100078A00BF104088DF88C106FF00041CDE98B
:10BE20001F3A8A42039BCDE91C82CDE9213A80F07A
:10BE3000A08000211CA8FEF79CFEA8B11CA94044CC
:10BE4000FFF7E4FC80B1DBF804201E2108EB020BB5
:10BE50005846E5F75DFD48B910F0FD0FC3B208D0B4
:10BE6000012B08BF5D46C7E74A4896E73BF900004B
:10BE7000F2E7D946C0E70026B9F1000F04D14648E1
:10BE80004C460CF0BFFE8AE708200AF0A7FD0446E6
:10BE9000C0E900661C200AF0A1FD4946064601F0F3
:10BEA000D7FC1CA920461C96FEF78EFF1CA8FEF7A7
:10BEB0007EFF75B11C200AF091FD2946064601F06F
:10BEC000C7FC1CA9201D1C96FEF77EFF1CA8FEF7D0
:10BED0006EFF05A907F10800FFF77CFE04605EE72E
:10BEE000AA1912F8025C12F8011CAB10092B7FF49E
:10BEF00026AF901E05F00305401AFEF785FF0123CB
:10BF0000069003FA05F58DF81C5006A8FEF782FF8F
:10BF100006A908901CA8214AFEF784FF9DF87630F8
:10BF20001C98052B9DF874109DF875607FF40DAF7B
:10BF3000FEF76AFF099009A88DF82860FEF76AFFEE
:10BF40000B900B9B6FF000460025DDF824A04FF00E
:10BF5000400BDFF858804FF00109B34210958DF87F
:10BF60004C90CDE90CA3CDE90E5BCDE91185FFF432
:10BF700000AF0B4B40F65D010A4A0B480BF0C0FCCA
:10BF8000BC1903009CAA002008180300E91703004D
:10BF9000261803002B1803004D180300F81903009E
:10BFA000571703007B17030019C7020040420F0018
:10BFB00070470869B0FA80F04009704713B50C4625
:10BFC000096901900091FAF7E1F82346DDE90012D2
:10BFD00002B0BDE81040FEF764BD07B5CDE9002111
:10BFE000FAF7D4F8DDE9002103B05DF804EBFFF7C0
:10BFF00081BE000000487047A0AA0020D0E90201DD
:10C0000070477047C0E9022370478068002100F044
:10C010007F00704738B51D460023144602F07F02AA
:10C020009D4208BF944205D0074B3F21074A08486C
:10C030000BF066FCD0E9023223F07F032A4323434E
:10C04000C0E9023238BD00BF3BDA0200102F030006
:10C05000F12F030010B5044610210AF0ACFC204675
:10C0600010BD00231A461946F5F7BCBF0371002323
:10C07000826019461A460068F5F7B4BF30B5082249
:10C0800085B004460D460DEB02000BF033FF042291
:10C0900005F108010DEB02000BF02CFF00232046F8
:10C0A0001A461946F5F79EFF05B030BD037100230F
:10C0B000826019461A460068F5F794BF836843F01A
:10C0C0007F038360704711B1012905D07047036871
:10C0D00043F0804303607047036823F08043F9E72F
:10C0E00030B585B004469DF824100A9B002914BF82
:10C0F000C02140218DF80810F3B1012B23D0ADF8F9
:10C100000A20120C00210120ADF80C200322F5F7C3
:10C11000E9FE164B05460090089A02A9606805F0F2
:10C12000A7FDA8B1002412480CF06CFD2846F6F7D4
:10C13000CDFB204605B030BD01238DF80930042326
:10C14000ADF80E30DBE700238DF809300823F7E760
:10C15000C8212846F6F756FA044620B9054906488C
:10C160000CF050FDE2E70124E0E700BF63C00100EE
:10C1700020300300403003004C3003001FB54FF067
:10C18000000C0121CDE9011C06990091FFF7A8FFE1
:10C1900005B05DF804FB1FB50121CDE90111069939
:10C1A0000091FFF79DFF05B05DF804FB1FB500216E
:10C1B000CDE9011106A90091FFF792FF05B05DF8E6
:10C1C00004FB1FB54FF0010C0021CDE9011C06A9AD
:10C1D0000091FFF785FF05B05DF804FBF0B504465C
:10C1E00087B00D4616460021032201201F46F5F7B1
:10C1F00079FE0123039032468DF8103003AB2946B7
:10C20000606801930F4B0093BBB205F0AFFC58B1CF
:10C210000D480CF0F7FC0398F6F758FB9DF810005A
:10C2200068B9059807B0F0BDC8210398F6F7EAF998
:10C230000028F0D1054906480CF0E4FCEBE7404249
:10C24000F0E700BFADC00100663003008A30030094
:10C250004C300300F7B506460D461446104FE4B1C6
:10C26000B4F5004F23462946384628BF4FF4004313
:10C270001A4601930BF03EFE019B3A4601213046DF
:10C28000FFF7ACFF031E02DD1D44E41AE7E7054893
:10C290000CF0B8FC002003B0F0BD0120FBE700BFAC
:10C2A00014100120A230030070B588B004460D467A
:10C2B00016460021032201200393F5F713FE012205
:10C2C000059029468DF8182005AA039B0192104A73
:10C2D00060680092324605F089FC58B10D480CF0B8
:10C2E00091FC0598F6F7F2FA9DF8180068B90798DE
:10C2F00008B070BDC8210598F6F784F90028F0D180
:10C30000054906480CF07EFCEBE74042F0E700BF31
:10C310006DC00100C0300300E33003004C30030067
:10C320002DE9F84307460E461446DFF84490E4B181
:10C33000B4F5004FA0460E4A4FF0010128BF4FF45C
:10C34000004838464346FFF7AFFF051E07DD30467D
:10C35000424649462E44641B0BF0CCFDE7E70548F6
:10C360000CF050FC0020BDE8F8830120FBE700BF83
:10C3700014100120FA300300FFF7D2BF73B5002577
:10C380000446164601938560C0E9005508200AF06E
:10C3900025FB00F1080203462060A26005604560AD
:10C3A0006260934202D003F8015BFAE7042206F0D0
:10C3B0000F060DEB02010BF09DFD236820461E7158
:10C3C00002B070BD1FB5044613460A46014601A8D7
:10C3D000FFF7D4FF2046DDE90112521AFFF73AFFBA
:10C3E0000446019808B10AF0E4FA204604B010BDF2
:10C3F00073B516461A4605460193FFF7E3FF019A07
:10C40000044628B907480CF0FDFB204602B070BD79
:10C4100031462846FFF71EFF04460028F5D10248A2
:10C42000F1E700BF173103002C31030013460A4621
:10C430000221FFF7DDBF13460A460121FFF7D8BFEF
:10C4400013460A460021FFF7D3BF000073B5054627
:10C450001020E6F7FFFB0322064600210120F5F736
:10C4600041FD104B044601900093324610230221F7
:10C47000686805F0BBFB60B100250B480CF0C2FBFF
:10C480002046F6F723FA3046E6F7F1FB284602B0DD
:10C4900070BDC8212046F6F7B5F8051E18BF012566
:10C4A000EEE700BF7DC00100453103002DE9F04DEE
:10C4B0000E4688B0CF17B74A00238046CDE9006703
:10C4C000FFF77FFE58B9F8F7D5FFB34BB34AB4492D
:10C4D00000934FF4EF73FAF70DF8F6F743FFB14A04
:10C4E00000234046CDE90067FFF76BFE58B9F8F727
:10C4F000C1FFAD4BA94AAA4900934FF4F073F9F775
:10C50000F9FFF6F72FFFA94A00234046CDE900675F
:10C51000FFF757FE58B9F8F7ADFFA54B9F4AA04962
:10C5200000934FF4F173F9F7E5FFF6F71BFFA14A0B
:10C5300000234046CDE90067FFF743FE58B9F8F7FE
:10C5400099FF9D4B954A964900934FF4F273F9F782
:10C55000D1FFF6F707FF994A00234046CDE900676F
:10C56000FFF72FFE58B9F8F785FF954B8B4A8C499A
:10C5700000934FF4F373F9F7BDFFF6F7F3FE914B19
:10C58000002204A804930023CDE90623FFF796FDBB
:10C590004046DDE90623CDE900238B4A0023FFF75F
:10C5A00010FE58B9F8F766FF884B7C4A7C49009327
:10C5B00040F2EB13F9F79EFFF6F7D4FEDFF808A27E
:10C5C0004FF0000B824C754D02AB52464046009333
:10C5D0005B46FFF7E0FD50B9F8F74CFF40F2F3136C
:10C5E0002A466F490094F9F785FFF6F7BBFEDDE9AF
:10C5F0000201DDE90623994208BF9042E4D1754A61
:10C6000000234046CDE90067FFF7DBFD58B9F8F796
:10C6100031FF714B614A6249009340F2F913F9F717
:10C6200069FFF6F79FFE6D4A00234046CDE900679B
:10C63000FFF7C7FD58B9F8F71DFF694B574A58492E
:10C64000009340F22623F9F755FFF6F78BFE654A73
:10C6500000234046CDE90067FFF7B3FD58B9F8F76E
:10C6600009FF614B4D4A4E49009340F25323F9F7BD
:10C6700041FFF6F777FE5D4A00234046CDE90067AB
:10C68000FFF79FFD58B9F8F7F5FE594B434A444967
:10C69000009340F27F23F9F72DFFF6F763FE554A2A
:10C6A00000234046CDE90067FFF78BFD58B9F8F746
:10C6B000E1FE514B394A3A49009340F28123F9F7A0
:10C6C00019FFF6F74FFE4D4A00234046CDE90067BB
:10C6D000FFF777FD58B9F8F7CDFE494B2F4A30499F
:10C6E000009340F28323F9F705FFF6F73BFE454A36
:10C6F00000234046CDE90067FFF763FD58B9F8F71E
:10C70000B9FE414B254A2649009340F28523F9F7AB
:10C71000F1FEF6F727FE3D4A00234046CDE90067CB
:10C72000FFF74FFD58B9F8F7A5FE394B1B4A1C49D6
:10C73000009340F28723F9F7DDFEF6F713FE354A42
:10C7400000234046CDE90067FFF73BFD58B9F8F7F5
:10C7500091FE314B114A1249009340F28923F9F7B7
:10C76000C9FEF6F7FFFD2D4A00234046CDE90067DC
:10C77000FFF727FD002855D1F8F77CFE284B074A24
:10C780000749009340F28B23F9F7B4FEF6F7EAFD70
:10C7900048E000BF184004007F3103005831030017
:10C7A000F8FC020058410400D53103009841040010
:10C7B0002A320300D84104008232030018420400E8
:10C7C000D4320300843F030088870400273303002A
:10C7D00071330300C0000400BE33030050010400A5
:10C7E0000634030010010400583403005002040012
:10C7F000AA34030098020400F8340300E0020400A5
:10C80000463503002803040094350300900104001A
:10C81000E2350300D00104003836030010020400A2
:10C820008E360300012008B0BDE8F08D4FF0000CFB
:10C830002DE930489C4502F0010B08BF934505D017
:10C84000084B3F21084A09480BF05AF8D0E9003458
:10C8500023F0004344EA5B0243EACB73C0E90032B1
:10C86000BDE830883BDA020022370300F12F0300D5
:10C870004FF0000C2DE930489C4502F0030B08BF37
:10C88000934505D0084B3F21084A09480BF038F87A
:10C89000D0E9003423F0405344EA1B1243EA0B73FF
:10C8A000C0E90032BDE830883BDA020004380300FA
:10C8B000F12F03002DE9F04F804699B0154600296D
:10C8C00000F0CC8305AC41604FF4D03200230094DB
:10C8D000FFF754FC50B9F8F7CDFD894B894A8A49D6
:10C8E00000933823F9F706FEF6F73CFDDDF81490C7
:10C8F00040F69A03C9F30E029A420AD0F8F7BAFD3D
:10C90000824B804A804900933B23F9F7F3FDF6F709
:10C9100029FD1FFA89F94FF4D032404649F42A0321
:10C9200000930023FFF742FC50B9F8F7A3FD784BC2
:10C93000744A754900933E23F9F7DCFDF6F712FDC2
:10C9400000234FF4D0324046009405930023FFF7B4
:10C9500015FC50B9F8F78EFD694B6A4A6A49009395
:10C960004123F9F7C7FDF6F7FDFC0023BDF81620BB
:10C97000002B08BFAA2A0AD0F8F77CFD654B614A54
:10C98000614900934323F9F7B5FDF6F7EBFC06ACDC
:10C99000614A002340460094FFF7F0FB50B9F8F7D6
:10C9A00069FD5E4B574A584900934723F9F7A2FDAA
:10C9B000F6F7D8FC069B4046574A23F47C53009375
:10C9C0000023FFF7F3FB50B9F8F754FD544B4D4AE1
:10C9D0004D4900934B23F9F78DFDF6F7C3FC4E4A02
:10C9E000002340460094FFF7C9FB50B9F8F742FD19
:10C9F0004A4B444A444900934C23F9F77BFDF6F730
:10CA0000B1FC0DF11C0B474A00234046CDF800B0A5
:10CA1000FFF7B4FB50B9F8F72DFD434B394A3A49BB
:10CA200000935023F9F766FDF6F79CFC079B404600
:10CA30003C4A23F4402343F4002300930023FFF7F0
:10CA4000B5FB50B9F8F716FD384B2E4A2E49009326
:10CA50005323F9F74FFDF6F785FC324A0023404691
:10CA6000CDF800B0FFF78AFB50B9F8F703FD2E4B65
:10CA7000244A254900935423F9F73CFDF6F772FC4C
:10CA800008AC2B4A002340460094FFF777FB50B9CF
:10CA9000F8F7F0FC274B1B4A1B4900935823F9F782
:10CAA00029FDF6F75FFC089B0022C3F38150002AA2
:10CAB00008BF032840D1CDE90C321D4A002340466F
:10CAC0000094FFF75BFB50B9F8F7D4FC194B0D4A03
:10CAD0000D4900936823F9F70DFDF6F743FC089B19
:10CAE00023F4400343F400030C9300230D93032D20
:10CAF00000F2A080DFE815F0A702A5029E029000D8
:10CB0000E638030058310300F8FC02002539030021
:10CB100040390300813903000CA301009D39030053
:10CB2000E139030014A30100273A03006B3A030024
:10CB300018A30100B13A030043F440034046CDE995
:10CB40000C32009300232C4AFFF730FB50B9F8F762
:10CB500091FC2A4B2A4A2B4900935C23F9F7CAFC23
:10CB6000F6F700FCDFF8AC90DFF894A0224A00232F
:10CB700040460094FFF702FB50B9F8F77BFC5F23B7
:10CB800052462049CDF80090F9F7B4FCF6F7EAFBDD
:10CB9000089A0023C2F30126002B08BF022ECDE91C
:10CBA0000C23E3D10F23184A404600930023FFF7DC
:10CBB000FDFA50B9F8F75EFC144B114A1149009385
:10CBC0006323F9F797FCF6F7CDFB00230E4A4046A6
:10CBD00000930023FFF7EAFA00287FF46EAFF8F71E
:10CBE00049FC0B4B064A074900936423F9F782FC82
:10CBF000F6F7B8FB61E700BF18A30100F53A0300A0
:10CC000058310300F8FC02007C9001003B3B03001C
:10CC10007B3B0300B13A0300002200230CA8FFF77E
:10CC200027FE01210CA8FFF74EFA002200230CA8D2
:10CC3000FFF7FCFD0C9B4046B54A00930023FFF72D
:10CC4000B5FA50B9F8F716FCB24BB34AB3490093A2
:10CC50008523F9F74FFCF6F785FBAD4E0027B04D65
:10CC6000DFF8B49232463B4640460094FFF786FA1E
:10CC700048B9F8F7FFFB88234A46A8490095F9F719
:10CC800039FCF6F76FFB0023089ACDE90C23C2F3B9
:10CC90000122CDE90223DDE902231343E2D1A14CB5
:10CCA0000025A14E9C4F0EAB2246404600932B46DA
:10CCB000FFF771FA48B9F8F7DDFB8F233A46974939
:10CCC0000096F9F717FCF6F74DFBDDE90E2352EA63
:10CCD0000301E8D14FF410400021CDE9100110A864
:10CCE000FFF7A4FD109B4FF49422404603F000434D
:10CCF00043F0010310930093119B01930023FFF76E
:10CD000060FA50B9F8F7B6FB884B834A8349009321
:10CD10009623F9F7EFFBF6F725FB854B002214A8C5
:10CD200014930023CDE91623FFF7C8F94046DDE947
:10CD30001623CDE900237F4A0023FFF742FA50B9BA
:10CD4000F8F798FB7C4B744A744900939A23F9F7DF
:10CD5000D1FBF6F707FB774E0027784C6E4D12ABF0
:10CD60003246404600933B46FFF715FA48B9F8F7BC
:10CD700081FB9F232A4669490094F9F7BBFBF6F72C
:10CD8000F1FADDE91201DDE91623994208BF90426C
:10CD9000E5D141F6026200234046CDE90023684A0E
:10CDA0000023FFF70EFA50B9F8F764FB654B5A4AB7
:10CDB0005A490093A623F9F79DFBF6F7D3FA624A86
:10CDC00000234046CDF800B0FFF7D8F950B9F8F786
:10CDD00051FB5E4B504A51490093AA23F9F78AFB55
:10CDE000F6F7C0FA079B4046574A23F4402343F422
:10CDF000802300930023FFF7D9F950B9F8F73AFBE5
:10CE0000534B454A45490093AD23F9F773FBF6F7B9
:10CE1000A9FAF02200234046CDE900234D4A002321
:10CE2000FFF7CFF950B9F8F725FB4B4B3A4A3B498E
:10CE30000093AF23F9F75EFBF6F794FA0022002384
:10CE40004046CDE90023454A0023FFF7BAF950B91F
:10CE5000F8F710FB424B304A30490093B023F9F702
:10CE600049FBF6F77FFA202200234046CDE9002354
:10CE70003C4A0023FFF7A5F950B9F8F7FBFA3A4B03
:10CE8000254A26490093B123F9F734FBF6F76AFAED
:10CE900009AB364A404600930023FFF76FF950B9BB
:10CEA000F8F7E8FA324B1C4A1C490093B623F9F70D
:10CEB00021FBF6F757FA099A40462E4B13402B4AAE
:10CEC00043F4486300930023FFF770F950B9F8F773
:10CED000D1FA294B104A11490093BD23F9F70AFBF7
:10CEE000F6F740FA0AAB254A404600930023FFF7C5
:10CEF00045F9002846D1F8F7BDFA214B064A074903
:10CF00000093C023F9F7F6FAF6F72CFA3AE000BFDF
:10CF100018A30100F53A030058310300F8FC0200A1
:10CF2000B13A030018400400BB3B0300193C030066
:10CF3000843F030088870400603C0300AF3C03008B
:10CF400020000400FC3C030014A30100273A030066
:10CF50006B3A030048C10400463D030060C1040071
:10CF60007E3D030058C00400B63D0300D0A0010080
:10CF7000FA3D03007FE000F0393E0300D8A0010035
:10CF80007A3E03000A9B4046354A43F0070300936C
:10CF90000023FFF70BF950B9F8F76CFA314B324A1E
:10CFA00032490093C523F9F7A5FAF6F7DBF91D20FE
:10CFB000EAF796FD01466420EAF716FF0BAB2C4A10
:10CFC000404600930023FFF7D9F850B9F8F752FA1A
:10CFD000284B254A25490093CB23F9F78BFAF6F71E
:10CFE000C1F90B9B4046224A43F001030093002302
:10CFF000FFF7DCF850B9F8F73DFA1F4B1A4A1B4906
:10D000000093CE23F9F776FAF6F7ACF90121404602
:10D01000FFF74CFA58B9F8F72DFA184B124A134992
:10D020000093D023F9F766FAF6F79CF9012019B0BE
:10D03000BDE8F08F012200230CA8FFF719FC0021A6
:10D04000F0E50222F7E7032200230CA8FFF710FC0B
:10D0500000210CA8FFF737F80122E7E50846E6E7CC
:10D06000D8A00100B93E030058310300F8FC0200CB
:10D07000DCA00100E3360300FA3E03003B3F03005F
:10D0800008B509280AD8DFE800F00E0507050507EE
:10D0900009090E05022008BD0420FCE703480BF037
:10D0A000B1FD0020F7E70120F5E700BFA03F030036
:10D0B00008B5E4F76DFBC00F08BD70B504460D461A
:10D0C00016464CB131682069FFF7F2FF10B92546CA
:10D0D000A468F6E7E468F4E7284670BD034600223A
:10D0E00010B504680120944204DD53F8041F013296
:10D0F0004843F8E710BD083801288CBF0020012004
:10D1000070472DE9F041079F002427EAE77625467E
:10D11000564306998C4219DA4FF0000C9C4513DAFD
:10D12000A9184FF0000E0144BE4509DA11F8018C30
:10D130000EF1010E88F0800801F8018C1144F3E72C
:10D1400035440CF1010CE9E70134E2E7BDE8F08178
:10D1500038B505461446E4F7DBFB00B12C5E2046EB
:10D1600038BD08B5002210210068FFF7F1FFC0B2FA
:10D17000BDE80840FFF784BF08B500221021006811
:10D18000FFF7E6FFC0B2BDE80840FFF7B4BF38B50F
:10D1900005461446E4F7BCFB00B12C58204638BDC8
:10D1A00000220A2108B5FFF7F2FF08BD002208217E
:10D1B00008B5FFF7ECFF08BD00220C2108B5FFF70A
:10D1C000E6FF08BDE0B5076806463846FFF7E8FF0A
:10D1D00005463846FFF7EAFF45433846FFF7ECFFC0
:10D1E00045433046FFF7BDFF454301221621306815
:10D1F000FFF7CDFF6843E0BDF0B585B004460E46AD
:10D200001546FFF7B9FF10B32046FFF7DBFFA84232
:10D2100005DD104805B0BDE8F0400BF0F3BC20463A
:10D22000FFF79FFF276803903846FFF7B9FF02908A
:10D230003846FFF7BBFF04463846FFF7BDFF2946D7
:10D24000CDE90040DDE902323046FFF75AFF05B074
:10D25000F0BD00BFD13F030038B505461446E4F7E2
:10D2600057FB00B12C5C204638BD000008B50368B0
:10D27000994206D3054B40F20111054A05480AF0D0
:10D280003FFB00EB8101486808BD00BF14C60200E7
:10D290000640030019C7020010B50446E4F738FB46
:10D2A00010B123182058184410BD10B500221221C7
:10D2B0000446FFF7D1FF012804D114212046FFF7CF
:10D2C000EBFF10BD0020FCE710B50446E4F720FB9F
:10D2D00010B123182058184410BD70B504460868D2
:10D2E0001546FFF7E2FF0421FFF7EEFF0421064693
:10D2F000FEF788F82946FFF7B9FF0C212060304679
:10D30000FEF780F82946FFF7B1FF6060204670BD48
:10D310002DE9F843006814461F460E46FFF7C5FF87
:10D320000421FFF7D1FF06210546FEF76BF82146E1
:10D33000FFF79CFF3368082100EB03082846FEF73F
:10D3400061F84146FFF792FF0A2181462846FEF721
:10D3500059F82146FFF78AFF0E2180462846FEF73E
:10D3600051F82146FFF782FF726802FB009202EB40
:10D3700008003844BDE8F88330B585B0154604464A
:10D380000A46014602A80193FFF7A7FF019B2A4620
:10D3900002A92046FFF7BCFF05B030BD2DE9F04FD4
:10D3A00004460D46D0F804B02DED028B89B0FFF78E
:10D3B000D8FE276800903846FFF7FEFE009B00FB72
:10D3C00003F63846FFF7F2FE01280CD13846FFF786
:10D3D000E7FE0128804606D15D450DD109B0BDECC0
:10D3E000028BBDE8F08F3846FFF7DAFE01283CDCFF
:10D3F000002301211A463BE0002206213846FFF7B0
:10D40000C6FE8146424616213846FFF7C0FE09FB9C
:10D4100000F72046FFF7D6FE4246814616212068D7
:10D42000FFF7B5FE0128044601D0B9450AD104FB37
:10D4300006F25946284609B0BDEC028BBDE8F04F14
:10D440000AF058BDA7EB09074FF0000897FBF0F76B
:10D450003744A045C2DA5946284632463544BB44D3
:10D4600008F101080AF046FDF3E7002301221946FE
:10D4700020464FF0000AFFF77FFF0023804620463A
:10D480001A461946FFF778FFA8EB000338464FF01D
:10D4900001080293FFF709FF0421D146FFF714FFAB
:10D4A000062108EE100AFDF7ADFF0021FFF7DEFEB2
:10D4B000A368039004933846FFF772FE0AF1010354
:10D4C000804501934FEA8A030593049B03EB8A028C
:10D4D00017DA062118EE100AFDF794FF4146FFF710
:10D4E000C5FE039B834208D0049BA8EB0902DDF82C
:10D4F00004A0C1461946059BCA5008F101080390D3
:10D50000D9E7A0EB0900012E10602CD1002720687C
:10D51000FFF74CFE8742BFF661AF00263A46214630
:10D5200006A8B046FFF7D9FE019BB34219D00023ED
:10D53000424606A92046FFF7EBFE009B03FB00B026
:10D54000A36853F826200023934204DA10F823102E
:10D55000E9540133F8E7002AA8BFAD18904401361A
:10D56000E2E70137D3E7032E36D0029B4FF00008E5
:10D57000009A534303932068FFF718FE8045BFF6D7
:10D580002DAF00274246214606A8B946FFF7A5FE63
:10D59000019BBB4266D0002306A94A462046FFF7FE
:10D5A000B7FE009B4FF0000A03FB00B1A36853F8DD
:10D5B000273002932B46029A92454ADA32461846A1
:10D5C00005910AF1010A04930AF094FC049B039A62
:10D5D000059933441144EEE700272068FFF7E6FD84
:10D5E0008742BFF6FBAE00263A46214606A8B04663
:10D5F000FFF773FE019BB34229D00023424606A9E0
:10D600002046FFF785FEA368009953F826202B4695
:10D6100001FB00B00021914203F1030300F104007B
:10D620000DDA10F804CC013103F803CC10F803CC68
:10D6300003F802CC10F802CC03F801CCEBE722EAA5
:10D64000E2739044013603EB43031D44D2E70137F4
:10D65000C3E7029B013723EAE37306FB0355029BF2
:10D66000994495E708F1010885E710B50446E4F709
:10D670004FF910B123182058184410BD70B5054655
:10D680000C464CB1E1682846FFF7F8FFA668204633
:10D6900009F08FF93446F4E770BD2DE9F0410446F6
:10D6A0000569071D00F10808A84512D06E695EB132
:10D6B000B06808B109F081F9706808B109F07DF926
:10D6C0000C21304609F077F9284609F0DEF90546C5
:10D6D000EAE73846E168FFF7D1FF2046BDE8F08170
:10D6E00070B5061D0A460D4680683146FFF7E5FC19
:10D6F0008642044606D001692868FFF7D9FC002855
:10D7000018BF3446204670BDF8B5054616461C467F
:10D71000071D79B9BA420DD011691869FFF7C8FC25
:10D720003B463246214609F0C5F96B692046013374
:10D730006B61F8BD0120F3E72DE9F04104460F4687
:10D7400090468D680E1D01205DB12969D8F8000052
:10D75000FFF7AEFC18B1AB682E461D46F4E7EB6848
:10D76000FAE7A0B1FB68B34204D1256066602046A9
:10D77000BDE8F081304609F09BF90546D8F8001065
:10D780002869FFF795FC20B100232360EEE73546BA
:10D79000F4E7C4E90050EAE72DE9F0411F460B1D0C
:10D7A00004460E469A42154610D14B69002B46D0CE
:10D7B0000B6939681869FFF77BFC00283FD000230C
:10D7C0002360336963602046BDE8F08111693868E1
:10D7D000FFF76EFC8046B8B1F368AB4201D123601D
:10D7E000F0E7284609F064F9396880460069FFF7D8
:10D7F0005FFC20B3D8F80C301BB92360C4F8048058
:10D80000E1E725606560DEE739682869FFF750FCCD
:10D81000D8B13369AB4202D1C4F80080D2E72846C0
:10D8200009F033F9804601693868FFF741FC30B1EF
:10D83000EB680BB92360E5E7C4F80080DEE73A4601
:10D8400031462046FFF778FFBDE7C4E90050BAE74C
:10D850002DE9F04F06460027084687B0B2464AF841
:10D86000041B0AF1040B16213772C6E9037BC6E9D3
:10D8700005B7FFF7FAFE0446002871D054F8043BC0
:10D8800004EB83030193019B2546A34268D02B68D8
:10D890000C2004341D4409F0A1F800220621056083
:10D8A00080462846FFF773FC814609F0A8F8024637
:10D8B00009F1FF33002B03DB013B02F8017BF9E7A1
:10D8C000C8F80400D8F80000FFF76AFC6FF0604366
:10D8D0008146984209F1FF3934BF80004FF0FF3094
:10D8E00009F08DF80346B9F1000F04DB09F1FF39A7
:10D8F00043F8047BF7E70421C8F808002846FDF741
:10D9000045FB043003AA59460390F068FFF7D5FBA6
:10D910008345054614D1182009F060F8039B2A4678
:10D9200081465146C0E9043700F1100304A8FFF70F
:10D9300033FFDDE9045262B9484609F03AF805E0E0
:10D9400001690398FFF7B4FB0028E4D1C5F81480FF
:10D9500099E729464B465046FFF7D6FE0546F5E7C0
:10D96000304607B0BDE8F08F2DE9F04F2DED048B68
:10D9700008EE102A93B000220446884618EE100ADA
:10D980001946029318F0C4F9014681460CA818F014
:10D99000B7F90CA8FFF7A2FB09EE100AB9F1000FC6
:10D9A00000F09B80266812213046E3F7B1FF002883
:10D9B00048D0331835581D4404212846E3F7A8FF02
:10D9C000002800F0A48129182A5804F1080B8B18AC
:10D9D0008A58043303EB82029A46231D039209EE10
:10D9E000903A039B5646534500F00E81336800225F
:10D9F00004210AF1040A1E443046FFF72DFC0128D9
:10DA000022D00228EDD127680E213846E3F780FFA7
:10DA10000546002800F0798106213046FFF73CFCDE
:10DA200000220421FFF7B3FB79197A598B188A5821
:10DA30009042C0F0D380B74BB74A40F20111B748CB
:10DA400009F05EFF0546B7E706213046FFF724FCE4
:10DA500004210646E3F75CFF08B3331835581D442C
:10DA6000002204212846FFF773FBC0B2012838D0FA
:10DA7000022816D00028B4D108212846FDF786FADE
:10DA8000043009A9099019EE900AFFF729FE834591
:10DA900040F087800999A2480BF0B4F8A1E7054649
:10DAA000DEE7276810213846E3F732FFB8B13D18AA
:10DAB00038580544002206213046FFF768FB2B1D2D
:10DAC000002208211D183046FFF761FB0246294657
:10DAD0004046FEF7ABFC002883D101209AE00546C2
:10DAE000E8E708212846FDF751FA0430142109908F
:10DAF0002068FFF7BAFD054600283FD055F8043BE3
:10DB000005EB83030493049B2F469D4236D03B686C
:10DB1000042104351F443846FDF738FA09990430CA
:10DB2000E3F736FE02460028EDD110213846FFF714
:10DB30000FFBC3B21846FFF7DEFA0028E3D0D9F88E
:10DB40000020184608EE902AFFF79AFA0790384608
:10DB5000FFF726FB06903846FFF728FB059038466E
:10DB6000FFF72AFB0599019018EE900A009119EE33
:10DB7000101ADDE90632FFF7C4FAC4E700220621D5
:10DB80003046FFF704FBD9F8005000220821054475
:10DB90003046FFF7FCFA024629464046FEF74BFCAA
:10DBA00099E709AA5946E068FFF787FA83450546D1
:10DBB00002D15C4808F0E3FF01690998FFF778FAA1
:10DBC00002460028F5D108213046FFF7E0FA6B69DC
:10DBD000024640465968FEF7CFFB7CE70433042138
:10DBE00003EB800553F820301D442846E3F790FEF0
:10DBF000002800F08C802A182B584046D118D258A3
:10DC00000431FEF71DFC66E74046FEF71FFCA369E2
:10DC10002BB9002013B0BDEC048BBDE8F08F0026BB
:10DC200004F1040A04F1080B029B5B681B68B34211
:10DC3000EFDD3246029918EE100A18F055F8014649
:10DC400080460CA818F05CF80CA8FFF747FA81464C
:10DC5000B8F1000F3FF441AF16212068FFF705FD32
:10DC60000368B34202D82B4B2F4AE6E60430042166
:10DC700000EB860250F826001044FDF787F90430C7
:10DC800009A909905046FFF72BFD834504D1099956
:10DC900026480AF0B7FF20E709AA5946E068FFF7CF
:10DCA0000CFA8345054615D1182008F097FE099B0C
:10DCB0002A460746036100235146436100F11003E1
:10DCC0000AA8FFF769FDDDE90A52BAB9384608F03B
:10DCD00070FE05E001690998FFF7EAF90028E3D131
:10DCE00068690136D8F800100390FFF757FB4A46E1
:10DCF000D8F800100398FFF77FFA95E729463B46CE
:10DD00005046FFF701FD0546EAE70368FFDE0368BA
:10DD1000FCE700BF14C602000741030019C7020058
:10DD2000D4400300FF400300314203003D430300A1
:10DD3000044608B52068F1F797FDFBE708B5FFF743
:10DD4000F7FF0000F7B50422002103463B48CDE968
:10DD500000214FF461723A49F5F7D6FA01286BD0E9
:10DD6000384E3578BFF35B8F15F0010557D130463B
:10DD700008F025FE002852D0334B344C1A68A71DFA
:10DD80002560C4F806209A8853F8060F628104F1D2
:10DD90000C025968257184F8285003C29868012341
:10DDA00004F10C01106002222377304684F84030E1
:10DDB00084F84C3004F1380384F82C20636504F1B6
:10DDC000500384F85020A3654FF481732576A4F89E
:10DDD0005C301F4BC4E90C1540F20221A16304F131
:10DDE0001801E1630A21C4E91835616404F158039C
:10DDF00004F12801C4E90875A164A366C4F8885435
:10DE0000C4F89C54C4F8E055C4F8E455C4F8E85587
:10DE100008F0E1FD0F4A20460F4908F0C5FD0F4B01
:10DE20000F4A00935E230F490848F8F763FB03B0DD
:10DE3000BDE8F040F5F796BA03B0F0BD3DDD010056
:10DE400066430300A8F1002052C30200ACF1002099
:10DE50008159010000800020F15301009843030024
:10DE600072430300F8FC020037B500F108030025F7
:10DE7000044612490572C0E90353C0E90535104B49
:10DE800028461A889B78ADF804208DF80630E9F70B
:10DE90001FFF0A492846E9F719FF01AA074903208D
:10DEA000F3F7D2FA074A21460320F1F79DFF10B19C
:10DEB00005480AF0A7FE204603B030BD00366E01CB
:10DEC00064C3020047E101001E44030010B50B4C7F
:10DED0002378BFF35B8FDB070ED4204608F06FFD7D
:10DEE00050B10748FFF7C0FF204608F074FD054A0F
:10DEF0000549034808F058FD014810BD80D30020B3
:10DF000084D30020008000201F59010008B5FFF7CE
:10DF1000DDFF0068BDE80840F1F7A0BE38B500237A
:10DF200004460D4683608B682BB102229847EB684C
:10DF3000E360AB68A360204638BD70B58B681646B9
:10DF400004460D1D012253B130681D461A699042E6
:10DF500039BF98680122D86800220346F3E792B1DE
:10DF6000CA68AA4203D1C4E90035204670BD2846DC
:10DF700008F09EFD336802699A424FF00003F2D325
:10DF8000C4E90003F1E72846F4E72DE9F04300F186
:10DF9000040885B0064689468568444655B1D9F8D7
:10DFA00000302A699A423ABFEB682546AB682C4696
:10DFB0001D46F3E7A04504D0D9F8002023699A4212
:10DFC0002ED2242008F00AFDD9F800900023A045A5
:10DFD000074600F11002C0F81090C36125D17369A3
:10DFE0001BB131690B694B4509D3314602A8FFF7D4
:10DFF000A4FFDDE90241002951D0002C4DD1884514
:10E000004BD038690B6998422CBF00200120434651
:10E010000A46394608F04EFD7369013373613C4688
:10E0200004F1140005B0BDE8F083236901924B456B
:10E0300018D9F3689C4209D0204608F039FD0369DD
:10E04000019A4B4505D2C36853B9044621461C4684
:10E05000D1E7314602A8FFF770FFDDE90234F5E7AA
:10E060002346F3E71BD231698C420BD0204608F0DF
:10E070000CFD03690546019A4B4505D9E36853B980
:10E0800021461D462C46B6E7314602A8FFF755FF4C
:10E09000DDE90251F6E70146F4E70120B7E707F1B1
:10E0A0001400F7F79CF9384608F083FC2746B6E7DA
:10E0B0002DE9F0410E468EB005460B2190463046C4
:10E0C00003AA1F46F1F7E1FF0A2104AA3046F1F73F
:10E0D000DCFF039BBDF8101005F1080CEC68281D4F
:10E0E00041EA03416346059134B12269914296BFEA
:10E0F0002346E468A468F7E79C4522D01B6999424F
:10E100001FD305A9FFF741FF01460AA8FFF706FF45
:10E110002B68CDE906360C9BCDE908870BB908F0D2
:10E120004DFD09AB0D9C07AA06A900930AA808ABF0
:10E13000A04704460AA8F7F752F920460EB0BDE8FA
:10E14000F0810124F9E737B50D4604460192FFF747
:10E15000BDFE019B2A46214603B0BDE83040FFF7D3
:10E16000A7BF000070B592B288B01E46043042EAE4
:10E17000014204AD01A90192FFF707FF31460446B1
:10E180002846FFF7CBFE02AB95E8030083E80300C7
:10E1900094E8030085E8030093E80300A26884E89C
:10E1A0000300069B28460692E268A360079B07923D
:10E1B000E360F7F714F9044B202283F887238022C9
:10E1C0001A6108B070BD00BF00E100E003680133D0
:10E1D00004D04068431C58425841704701207047A2
:10E1E0000B6810B504689C4209D040684A689042A8
:10E1F00005D0944203D0181A18BF012010BD00208A
:10E20000FCE740F30903B3F1FF3F08BF0130C0F35F
:10E21000090004307047031F0439083010B553F863
:10E22000042F51F8044F834282EA04021A60F6D1A7
:10E2300010BD036833B9426822B98068B0FA80F033
:10E24000400970470020704708B503681B0D13F4A0
:10E25000E06306D00430FFF7C3FFB0FA80F0400956
:10E2600008BD1846FCE700B97047884201D0006835
:10E27000F9E701207047836E9A6A436DD31A1944F7
:10E28000B1FBF2F302FB1311836D8B4210B50BD976
:10E290004C09426E012301F01F0103FA01F152F80B
:10E2A00024300B4342F82430002010BD11F0805F71
:10E2B000154A036830B5154C83EA010518BF1446AA
:10E2C00025421FD043F3090401341BD001EA0204A4
:10E2D0000F4A1A4042F09F4242F4E002944211D0A9
:10E2E0000A0D02F4E064B4F5806F09D1C3F3892408
:10E2F000C1F389218C4203D352B203EB8223036022
:10E30000002000E0012030BD00FCFF7F00FC0F700A
:10E3100000FC0F000246084608B5FFF772FF1368BD
:10E3200018441060002008BD03680133036000201A
:10E330007047836E9B6B10B5044613B9C06809F033
:10E34000C3FDA36EDB6B13B9E06909F0BDFDA36EDD
:10E350001B6C13B9606E09F0B7FD002010BD10B53D
:10E360000C46026BFF21E06809F0ECFD4FF0FF3333
:10E37000236010BD38B5CD690446816635B9654B5B
:10E380004FF45A61644A654809F0BAFA0A6A22B938
:10E39000634B40F6A151604AF5E7086B20B9614B29
:10E3A00040F6A2515C4AEEE7B0FBF5F305FB130320
:10E3B00023B15D4B40F6A651574AE4E7B0FBF2F3B8
:10E3C00002FB130323B1594B40F6A751524ADAE737
:10E3D0004A6AB2FBF0F300FB132323B1544B40F61F
:10E3E000A8514D4ACFE7A2F108054FF0FF33B3FB28
:10E3F000F5F3013BB3FA83F3C3F12003B2EB830FD0
:10E4000004D24C4B40F6AB51434ABCE7CB6A23B92C
:10E41000494B40F6B451404AB5E78B6BABB1E36072
:10E42000A36EDA6BE2B1E2612146A06EFFF797FFBF
:10E43000A06E04F11001FFF792FFA36E586BB0B904
:10E440003E4B40F6D251344A9DE709F035FDE0607D
:10E450000028E5D12046FFF76CFF6FF00B0058E075
:10E46000186B09F029FDE0610028DDD1F2E74107D2
:10E4700002D11B6C9A0704D0314B40F6D351264A87
:10E4800081E74BB16366A36E5A6CFF2A0AD92D4B04
:10E490004FF45E61204A76E709F00EFD60660028C1
:10E4A000F1D1D7E742B1E2669A6C002A06DA264B30
:10E4B00040F6E651184A66E7FF22F4E708BF6FF01E
:10E4C000004240F2FE312267DA6C8A4204D91F4BC7
:10E4D00040F6EC51104A56E7002A08BF0A46626728
:10E4E0001A6D5B6A9A4204D9194B40F6F2510A4AF6
:10E4F00049E700204FF0FF33C4E90A00C4E90833BC
:10E50000C4E90F006064A0632065C4E90C00C4E99D
:10E51000120038BD34440300E04B03004D440300B7
:10E520008E440300A7440300C1440300F1440300E8
:10E5300021450300524503009E450300BA450300F0
:10E54000D74503002B4603004546030066460300FB
:10E5500081460300826A8A4208B505D8074BF42138
:10E56000074A084809F0CCF9C3689847002803DD3A
:10E57000054BF621024AF4E708BD00BF69470300D6
:10E58000914B03004D440300B046030008B50368F7
:10E59000C3F3090242B9002906DA0A4B40F6FF71BB
:10E5A000094A0A4809F0ACF91944C1F3090321F0FA
:10E5B0000041003B18BF012341EAC3710160002004
:10E5C00008BD00BFB9460300E94B03004D440300FA
:10E5D000F8B5456A0F460E68083DAE4213D3B6FB48
:10E5E000F5F00138E2F7D2FE841CA6EB8404B4FBFC
:10E5F000F5F42046E2F7CAFEA6EB800004FB150501
:10E6000020463D60F8BD0020FCE700002DE9F04FFA
:10E6100087B08946029202680593936A0490DDE907
:10E6200010A4DDE91286534503D9A319526A934217
:10E6300022D96FF05300A2E0B9F1000F3FD0D9F812
:10E6400000309A453BD1D9E9015205EB020BA345B5
:10E6500035D9A54214D8ABEB040B651BD9F80C10C7
:10E660004046B345294428BFB346D8445C44A6EB92
:10E670000B065A4609F03EFC002EDDD130467EE006
:10E680002D1BB54228BF3546029B1B689A451CD1FD
:10E69000029BD3E901120A44944216D28C4210D351
:10E6A000121B611ADB6840469542194428BF154683
:10E6B0002A46A8442C44761B09F01CFCDCE73546AE
:10E6C000E2E7091B8D4228BF0D46049B1868059B95
:10E6D000B3421ED8C269B4FBF2F302FB1343C3B9C1
:10E6E000964216D35146B5FBF2F302FB1353224672
:10E6F000A5EB030B0393CDF800B043681F464346D8
:10E70000B84700283BD1039BD8445C445D1B2E4492
:10E71000B2E7836A9A4505D31A4B5A211A4A1B4815
:10E7200009F0EEF8C569029B059FC3F800A0B4FB91
:10E73000F5F105FB1141621A5A606B1E3B442344FC
:10E74000B3FBF5FC05FB1C3C456AA3EB0C0C0B1B57
:10E75000016BAC4594BF63445B198B4228BF0B46E9
:10E7600002998B600093CB6851464568A847002802
:10E7700003DD074B6521044AD1E73FF47DAF07B0C5
:10E78000BDE8F08F69470300604B03004D44030070
:10E79000B04603002DE9F04F994689B006463C305B
:10E7A0000F460592D1E903830793FFF74DFD059BC3
:10E7B000C3F3892A00287DD0BAF1000F7CD0F46B16
:10E7C0003E4AC4F38923C9F38924A34294BF144663
:10E7D000002406F1680B079D2846FFF712FD031D74
:10E7E000434533D8A8EB000807AA04230021584664
:10E7F0000393CDE901823A6800923246FFF706FFA3
:10E8000030BB079B1BBA6B4023F000430793BAF160
:10E81000000F23D02A0D02F4E063B3F5806F1DD101
:10E82000A9EB0403C5F38921C3F38920884215D3DA
:10E8300023F07F4323F4700323F47F7323F0030357
:10E8400043F0804343F48013AB4204D16FF00100E6
:10E8500009B0BDE8F08F52B204EB8224A9EB0401A9
:10E86000059B69401940B6D145F309030133EDD04A
:10E87000C5F30909149B32465846994528BF994665
:10E88000139B0293129BCDF80C90043343440193E5
:10E890003B6800934B46FFF7B9FE0028D8D1149B84
:10E8A0000146A3EB0902139B03EB090009F04AFBA5
:10E8B0006019CDE704468CE754468AE700FCFFFF69
:10E8C0001FB5C3F309040294069C0194002400942C
:10E8D000FFF760FF04B010BD30B587B01446094B98
:10E8E00003AD094A0095FFF7EBFF002804DA831C0B
:10E8F00008BF002007B030BD20462946FFF78BFC3B
:10E900000020F7E70C00F07F0000F07F2DE9F04FCA
:10E9100093B01E4607468846BDF880309146BDF943
:10E9200088B00C93BDF88430DDF870A00D931E9B69
:10E93000C3F38F230B934FEA8B230A933046FFF7E1
:10E9400060FCD8F80C3000EB09049C4252D20FAAAC
:10E950000423002107F168000393CDE90142D8F8B0
:10E96000002000923A46FFF751FE00283FD10F9B4E
:10E97000A14610AD1BBA5E40D8F8003046F0004604
:10E980001093231D0F9611931F9B0F9C5C401E9BA1
:10E990001C40434B1C40D1D10B9B002B38D10F990D
:10E9A000C1F30A53002BC9D040F2011293424FD158
:10E9B000249AC1F30903C1F3892138460892239AA6
:10E9C000C91A07925A1C5944CDE90432354B4FF00D
:10E9D000005209B2CDE90232002206914FF0FF3316
:10E9E0002946CDE90022FFF791FF0028A6D013B0F9
:10E9F000BDE8F08F1D9B002B4FDDDAF800300AF1E7
:10EA0000080A5AF8045C0F931D9B013B1D93BBE75A
:10EA10000FAB4A46414638460893234BCDE906439F
:10EA20001D9BCDE90444CDE900A3CDE90244334662
:10EA3000FFF76CFF0028DADB80D10F9B0C9AC3F341
:10EA400089239A423FF67AAF0D9A9A42A7D875E782
:10EA5000B3F5817F1AD10F99C1F309039C42BFF42A
:10EA60006DAFC1F38921AB686A680C35594443EA3C
:10EA7000812115F80C3C03F5407341EA0351DDE9AF
:10EA8000233098470028B2D10134E4E70A9B2A4694
:10EA90001944DDE923309847A7E70020A7E700BF26
:10EAA0000000F07F00FC0F60ADE2010030B587B0E0
:10EAB00001680446082004AD8B6E039002955068EF
:10EAC0000190126800920A465B6A103102F16800F8
:10EAD000FFF79CFD30B9211D2846FFF781FB003868
:10EAE00018BF012007B030BD2DE9F04F95B0154695
:10EAF00007460C460B931368826E926A934280F02D
:10EB0000E28169688A4240F2DE8100214FF0040808
:10EB10000EAA00F1680B00934346CDF80C80CDE9B6
:10EB2000011202465846CDE90E11FFF76FFD43462C
:10EB3000064610B110F1540F13D103934FF00008A3
:10EB40000FAB3A46CDF804804146029358466B68B5
:10EB500000930423FFF75AFD064630B110F1540F1D
:10EB600054D0304615B0BDE8F08FDDE90E31C91A3A
:10EB70000029D4BF0021012155F8213002224FF095
:10EB8000FF36236081F001030A92099355F8233080
:10EB9000636014AB03EB810151F8183CA3600023C0
:10EBA000E3600893AB4A10ABB0464FF0000A92E81E
:10EBB0000300042283E8030004F108014FF0FF3052
:10EBC00002F0B0FB00230C90079305934FF0FF3346
:10EBD000069306984FF00409FFF713FB0DAA824431
:10EBE000BB6ECDF80C9000215846CDE901A22268F9
:10EBF00000923A465B6AFFF709FD054658B115F1E8
:10EC0000540F40F03E81089BA37526E04146B3E7D0
:10EC100001230A93C6E74A460DA90C9802F082FB2D
:10EC20000D9B069A1BBA0C905340002B04930D9336
:10EC30003DDA4FEA125A0AF4E06ABAF5A06F09D138
:10EC4000BA6EE368156AB3FBF5F005FB1030B0FA55
:10EC500080F56D0905F00100A075E368002B00F058
:10EC60001A81214607F13C00FFF7EEFA48B1FB6B31
:10EC7000C6F38922C3F389239A4240F0048146F007
:10EC800000461F9B3BB1A28AC6F38923934228BF4B
:10EC900013461F9A1380002EBFF663AFC6F3892672
:10ECA000A38AB3428CBF6FF00106002659E704988F
:10ECB000FFF7A7FABB6E50445B6A9842A3D8049A48
:10ECC000120D02F4E062B2F5A06F40D112AA2946FB
:10ECD0005846CDF80C9002920AF104020192226883
:10ECE00000923A46FFF792FC0546002887D1129A17
:10ECF0000C9B9A4287D10D9B0CA9049A1B0DF86AB4
:10ED000082EAC3734A46049302F00CFBF8620D9842
:10ED1000FFF777FA049B50442361059BE060A382D0
:10ED2000109BA361119BE361079BE3754FF0FF33D9
:10ED30000C934346049A46469846069249E709F1E1
:10ED40000109012212A90C9802F0ECFA0C900D981E
:10ED5000FFF757FA4845236816D90121BA6E58467D
:10ED6000039112A9029109EB0A01CDE900310021BA
:10ED7000536A3A46FFF74AFC05460028DFD010F1F7
:10ED8000540F7ED1089BA3750D9B1A0D12F4E06100
:10ED90001FD1C3F38923059A9A4201D80133059301
:10EDA0001E9B0D9981EA03090B9B19EA03094DD1BA
:10EDB000236812AA12930AF104031393DDE92030A9
:10EDC0009847051E3FDA15F1540F5AD184F8169072
:10EDD00043E7B1F5806F1DD1059851B240FA82F238
:10EDE00092B205921C4A08EA020242F09F4242F4A3
:10EDF000E002934202D148F00048D1E7B8F1FF3F6A
:10EE0000CED0C3F38923C8F389229342C8D808EB34
:10EE10008128C5E7B1F5C06FC2D102F00103082215
:10EE200000215846039210AA079302920AF10402A5
:10EE3000BB6E0192226800923A465B6AFFF7E6FBDE
:10EE40005430ADD1DFE60D9B08D198464346B0461D
:10EE500070E700BF68C3020000FC0F0088EA0302ED
:10EE60001A490A420AD0022DF0D1C8F38922C3F30D
:10EE700089218A42EAD343F00048E7E74FF0FF38A0
:10EE8000E4E72E466DE6711C3FF4FBAE9A4288BF64
:10EE9000A6F58066F5E614A8099900EB810151F802
:10EEA000181CA1600A99D4E900230129C4E90032A1
:10EEB0007FF4AEAE06490748CDE9002140F22E426C
:10EEC000054909F09FFE6FF053064AE600FCFF7FFC
:10EED000BB110300ED4603004D4403002DE9F0474C
:10EEE0000123002588B006460F461446DFF85C80F3
:10EEF000DFF85C90DFF85CA0C2E9065304F1180269
:10EF00001046FFF763F910B16FF0010018E0B36E1F
:10EF10009B6AB5EB530F16D23B6821460135059627
:10EF200006937B68079305ABCDE90090CDE902839A
:10EF300030465346FFF7D8FD0028DFD0831CDDD0D4
:10EF400008B0BDE8F0876FF05300F9E7ADEA0100C3
:10EF500008000020FF03F07F1FB50023CDE9023336
:10EF600001934FF0FF330093FFF7BEFD05B05DF84E
:10EF700004FB2DE9F041012300240646884615468E
:10EF800002F11807C2E906433846FFF71FF910B12E
:10EF90006FF0010011E0B36E9B6AB4EB530F0ED219
:10EFA000414638460134FFF71BF930B13A4629464D
:10EFB0003046FFF7D1FF0028E6D0BDE8F0816FF0C2
:10EFC0005300FAE72DE9F04F8DB081468846166868
:10EFD000059204931BB140F2FF33049A1380D9F8D1
:10EFE0002030444CC8F81830DFF820A1D9F824307C
:10EFF000C8F81C30514630460AF03FF835185146E3
:10F0000028460AF017F80128074605EB000625D127
:10F0100002463949284608F05FFF0028EAD0B34687
:10F0200001235146584606930AF027F88344514677
:10F03000584609F0FFFF0246C0B10228069B12D1D4
:10F040002E49CDE90603584608F046FFDDE90623C0
:10F0500048B9013B08D10BF10206CBE70228DED10B
:10F0600002462649D6E701339344DAE72B78002B92
:10F0700039D0059B1D60230D022B38D1C4F38924A0
:10F0800040F2FF3308F1180B9C420BD01C4B414659
:10F090001C4A484643EA8423CDF800B0FFF710FC31
:10F0A000041E20DB2F21284609F0AFFF09AA002803
:10F0B000049B0392414618BF0023134A4846009719
:10F0C0000B97CDE901324FF0F0435A46CDE909954F
:10F0D000FFF70AFD041E06DB8CD198F81730002BD1
:10F0E000E0D16FF0010420460DB0BDE8F08F6FF065
:10F0F0001304F8E700FC2F00CF3F03002247030072
:10F100000800002000FC0F7039F30100EB460300FB
:10F110002DE9F04F89B0914606468846129A05A916
:10F1200056F8680F9A46013ADDF850B00592FFF79D
:10F130004FFA054651465846139B9847024628BB4E
:10F1400025B305F0010706A84146CDF800A0C7F198
:10F150000204A300CDE9012003934A463046FFF79D
:10F1600055FA024690B9013C944207DC08AB023FD5
:10F1700003EB84043D4454F808ACDBE70699584699
:10F18000139B984701220028EED00246104609B092
:10F19000BDE8F08F2DE9F04F89B004468846DDF8D0
:10F1A0004C9005924BB94FF0FF32C9F80020149AE9
:10F1B0000020136009B0BDE8F08F013B07A9806E05
:10F1C0004FF0040A0793FFF703FA12A9064654F812
:10F1D000680F0DF1140BFFF7FBF90746B742059ACC
:10F1E00003D3129BC9F80020E1E7F51B96FAA6F3BA
:10F1F00000212046B5FA85F5B3FA83F3C5F11F0562
:10F200009D4228BF1D46AB00CDE902BACDE90023DF
:10F2100004234246FFF7FAF90028CBD1012303FA71
:10F2200005F5761BDAE700002DE9F04F87B00746B9
:10F2300088461546139E03F1FF3ADFF894B0DDE9E6
:10F2400011490EB930463FE02B68E868023315D10A
:10F25000D5E901120A44944210D28C420ED3121BFB
:10F26000611AB2420144484628BF3246059208F06E
:10F2700041FE059A91441444B61AE2E7D7F868C0F3
:10F280006FF00103DCF81C102B600AEB0103234430
:10F29000B4FBF1F2B3FBF1FE01FB124201FB1E31A4
:10F2A000A21A5B1ADCF830106A608B4200925A4650
:10F2B00028BF0B464146CDE90103AB603846109BA1
:10F2C000FFF768FA0028BCDA07B0BDE8F08F00BF8E
:10F2D00000FCF7FF2DE9F04F87B0884617469946A6
:10F2E000129E002400F1680A0DF1100BA64201D80D
:10F2F00000201AE0351B109B42460021082D2344B4
:10F30000504628BF0825CDE90093CDE902B53B1B47
:10F31000FFF77CF948B9119B2A465846191908F09D
:10F32000DBFD002804D005DB022007B0BDE8F08F2C
:10F330002C44DBE70120F8E730B50446C1F30905AA
:10F3400085B01046A3682168AB4228BF2B460293C4
:10F350001A46636801934368009303680846FFF701
:10F36000B9FF28B9A368AB4202D02CBF022001200C
:10F3700005B030BD2DE9F0430E460968994685B0C9
:10F38000CB1C074690463ED8806E836A994205D3CF
:10F390001F4B93211F4A204808F0B2FA026AB46852
:10F3A0001444013CB4FBF2F302FB13437268E41A09
:10F3B000F36800948568A847051E03DD174B972165
:10F3C000144AE8E706D1B9F1000F07D13146B86E0B
:10F3D000FEF7C5FF284605B0BDE8F0834FF0FF33C8
:10F3E000224641463846C8F80030F368029401933B
:10F3F000736800933368FFF76DFF002805DBE5D0E5
:10F400006FF05305E6E70025E4E70546E2E700BFB5
:10F41000254703006C4B03004D440300B046030036
:10F420002DE9F74FDDE90C859146064618F1020FEC
:10F430000C469A46826EDDE90EB708D0936A4345C2
:10F4400005D8294BC821294A294808F059FAEB194F
:10F45000526A93422FD9274BC921244AF4E72368E3
:10F4600098452ED16068A8422BD8B26E126B024428
:10F47000954226D2521BE368281A5946BA421844CC
:10F4800028BF3A46019208F035FD019A6368154499
:10F490009344BF1AA268EB1A934238BF1346B26E68
:10F4A000126BA360934206D153464A46214630462A
:10F4B000FFF760FF10B9002FD1D1384603B0BDE887
:10F4C000F08F013303D00C4BE621084ABCE7B36E42
:10F4D000C4F800801A6AB5FBF2F302FB1353EB1A6F
:10F4E00063600023A360E6E74B470300854B0300FE
:10F4F0004D44030087470300AA470300F0B585B0D9
:10F500001D460C461746CDE902234B68024601937F
:10F510000B6800F1100100930023FFF781FF0646FE
:10F5200040B92A463946E06801F0FCFE6368E060B5
:10F530002B446360304605B0F0BD2DE9F04F064620
:10F540001046904699460C462DED028B87B0FEF78B
:10F5500058FE4B684A690746034493424BD88B6870
:10F5600028F0004A05AA30468AEA03031BBA05932D
:10F570000423FFF7C3FF054660B9B8F1000FA7F1F8
:10F5800004030DDB4A4621463046FFF7B7FF80BB38
:10F59000C4F808A0284607B0BDEC028BBDE8F08F88
:10F5A00006F16803B8460DF1130B08EE103AB8F1F6
:10F5B000040FA7EB0803EBD00122002118EE100A7C
:10F5C000CDE902B2D9F80420134432460193D9F8A8
:10F5D00000300093A8F10403FFF718F848B901239D
:10F5E0005A462146304608F1FF38FFF787FF0028CA
:10F5F000DDD00546CEE76FF01B05CBE713460A4684
:10F60000D0E90001FFF799BF836E2DE9F04F1A6A28
:10F6100080464F680E4640F2FE3B17440737B7FB63
:10F62000F2F302FB13732DED028BFF1A8DB0002352
:10F63000CDE90533A7F1080307937568BD4219D3D7
:10F6400041464FF0FF334246404641F8103B00230D
:10F65000FFF790FE0446002840F0BF80D8F868000D
:10F6600003699847041E6EDD604BBD21604A614806
:10F6700008F046F905F1040AA7EB0A055D4594BFB9
:10F6800055440AEB0B05BD4203D2079B9D4228BFA0
:10F690001D464FF0FF3309AA002108F168000993C5
:10F6A0000423CDE901523268039300924246FEF7EB
:10F6B000ADFF044618B110F1540F40F08E80099B45
:10F6C000A5EB0A050AAC04221BBAF06821466FEAD2
:10F6D00003094FEAD97303F5A06345EA0355B368FC
:10F6E00045F47F2545F4406509955D402DBA0A959E
:10F6F00001F018FE0823F0600B90424608F110015B
:10F700004046CDE9024373680193336800930023B8
:10F71000FFF786FE044600285FD1059B71681BB980
:10F720000B1D0593F3680693099B09F00049C3F389
:10F73000090289EA03030432B3604FF0FF330A443D
:10F74000F360726079E748D108F168033569DDF844
:10F7500014A008EE103ABD423FD20AF104034FF064
:10F76000FF3907931DE0059BAB4202D1069B4B4539
:10F7700030D101230DF1280B42460021039318EEEE
:10F78000100A33680093079BCDE9015B5B1BFEF712
:10F790003DFF08BB484601225946013501F0C2FD34
:10F7A0008146079BAB42DED8B9F1000F1BD1A7EB16
:10F7B0000A0540F2FE339D4294BF55440AEB03050F
:10F7C000BD4204D2A7F108039D4228BF1D4605F1A2
:10F7D000040AC0E76FF05300044620460DB0BDECAC
:10F7E000028BBDE8F08F6FF05304F6E7B0460300DC
:10F7F000794B03004D4403002DE9F04F91B00446CE
:10F800000D46164600211C2208A805934FF000085B
:10F8100008F098FBDFF830910123DFF830A10F9357
:10F820000EA8FEF7D3FC20B1A76A002F58D13846A6
:10F8300044E0A36E9B6AB8EB530F80F082800E9970
:10F84000304608F10108A847002837D10F99304603
:10F85000A847002832D10EAA08A92046FFF77CFB52
:10F8600060BB0746DFF8E8B0BDF83420BBB29A426F
:10F87000D6D906AA09EA872308A92046009243EAB6
:10F880000B035246FFF71CF8002803DA831C15D13E
:10F890000137E9E740F20222030DB2EB105F10D10D
:10F8A000079B002BF4D000932246069B00212046A4
:10F8B000CDE90156FFF72CFC0028E9D011B0BDE8D6
:10F8C000F08F059A002AE3D0B3F5007FE0D10699C6
:10F8D0003046A8470028F1D107993046A847EBE702
:10F8E000BB79012B01D03F689FE73B6B03F4881382
:10F8F000B3F5803F15D03B6B03F49013B3F5003F95
:10F90000F1D17B6B002BEED00093224607F1400132
:10F910002046CDE90156BB6BFFF7FAFB0028E2D089
:10F92000CCE7FB6A002BE6D00093224607F14001AA
:10F930002046CDE90156BB6AFFF7EAFB0028DAD082
:10F94000BCE76FF05300B9E700FCFF0300FC0F7049
:10F95000080000202DE9F34104460D460127354EED
:10F96000A36DD4E917219A420ED1626D1344002988
:10F970003AD1314A314900924FF40C72304809F0C3
:10F9800041F96FF01B0026E0501C01394FEA521C70
:10F99000E06502F01F002166616E07FA00F051F881
:10F9A0002CC010EA0C0FDCD1636D1A44A36E986A68
:10F9B000B2FBF0F300FB13222A600125A66DE36D74
:10F9C000B34235D05A0903F01F0051F8222005FA3E
:10F9D00000F0104002D102B0BDE8F0810133E365D0
:10F9E000236E013B2366EAE7A06E4FF00008D0F8D3
:10F9F00028C0B3FBFCF20CFB1233426B606E6365F4
:10FA0000D300C4F85C808B4294BFA365A1654146D6
:10FA100008F098FA0123224631462046FFF7ECFE13
:10FA200000289DD0A36E9B6AC4E916882366D2E79E
:10FA30000020D0E777E20100BB1103004D44030032
:10FA4000CD4703007FB50C4604310646FFF782FF21
:10FA5000054688BB21463046FFF77CFF054658BB6C
:10FA600022460423014642F8080F019006F168007F
:10FA7000CDE90223226800923246FEF7C7FD10B19D
:10FA800010F1540F1BD1B36EDA6A002A0BDDA368A4
:10FA90000132013B42F001021344B3FBF2F102FBDD
:10FAA00011329B1AA3604FF0FF330422C4E90323F1
:10FAB0000022E361C4E90523284604B070BD054671
:10FAC000FAE700002DE9F04F044687B00D46DFF855
:10FAD00018A1DFF8189105A92046FFF73BFF06465D
:10FAE00048B90599A06EFEF735FD0646002863D09B
:10FAF00010F1540F66D0304607B0BDE8F08F2A6B86
:10FB0000DB1BD2022BD5AA88781C05F108014AEA32
:10FB1000822EA26ED2F824C060454AD80120424607
:10FB2000CDF800E003900DF11300CDE901702046FF
:10FB3000FFF77AFB88B90DF11302012304F11001DC
:10FB400020460393CDE90172059A00922246FFF701
:10FB500067FC90B110F1540F34D00646CBE7012278
:10FB60004146584603920DF11302CDE90172AA6B8A
:10FB700000922246FEF74AFDDCE70137EB6BBB4201
:10FB8000BDD8A36EE1691A6BE86C08F0B3F923697C
:10FB900004F11001A06E2B6463696B64A369AB640C
:10FBA000FEF7DDFB059BAB632B6B43F400332B634C
:10FBB000A1E76FF05300D0E7074605F1400804F1D4
:10FBC000680BDBE7059B40F6972205490548CDF811
:10FBD000009009F017F84FF0FF3323617BE700BF77
:10FBE0004D440300F447030000001020BB11030044
:10FBF0002DE9F04F8FB006460C4605930B6B07922C
:10FC00009F0706D4A84B40F67E31A84AA84807F0C3
:10FC100077FE5D031CD4276B390522D4D4F83480D9
:10FC2000059B326F08EB0301914200F26E8117F4DD
:10FC300000371CD0236BDA022BD4059B0493049A63
:10FC4000236B002A4BD123F40023059D236304E09A
:10FC500000F05EF905460028DDD028460FB0BDE86B
:10FC6000F08FE26A616B8A4288BF6263D6E7E36A1B
:10FC70009845DFD9636301230DAA214630468DF8EC
:10FC80003470FFF7B5FF051EE7DB636B9845F2D8CC
:10FC9000D0E7059B656BB16EE818E36A0A6B984282
:10FCA00038BF18460B6DC3B140F2FE37DB08BA42CD
:10FCB00028BF3A46934228BF13468342BDD28B6A7F
:10FCC0003046E56321463366FFF7FCFE236B0546AD
:10FCD00030BB23F480132363AFE74B6AE4E713F4EC
:10FCE000003104D0B26EE06B526A904250D1DB0218
:10FCF000626B00F1F58004F1400AC9B9C2B104F1A8
:10FD00003C03013A51463046029304F13803009215
:10FD10000193D4E90A23FFF73DFA054620B1236B8E
:10FD200043F40023236398E75146B06EFEF717FBB8
:10FD3000B36E9B6A3366A36B0893636B06930BA940
:10FD40003046FFF707FE05460028E8D10B99B06E54
:10FD5000FEF700FC054678B115F1540FDFD1554B85
:10FD600040F666125249009353480B9B08F04AFF35
:10FD70004FF0FF332364E2E7069BB06E002B2DD1DA
:10FD80000B9BA363069BE363236B43F40033236362
:10FD9000B36E04F140085F6AE36BFF1A049B9F4255
:10FDA00028BF1F46079B3246414630460293E36B0D
:10FDB00003970193A36B00930123FFF731FB0546E3
:10FDC000002800F0928010F1540FA8D1214630464F
:10FDD000FFF778FE05460028E4D0A0E7069B0CA9B3
:10FDE000013B0C93FEF7F4FB0C9BB26E0133526A9D
:10FDF0000C93934251D10130089BA9460DAF90FA64
:10FE0000A0F80D93B8FA88F808F1010B4FEA8903BE
:10FE100032465146304609930423CDE90273099BCB
:10FE200001930B9B00930123FFF7FAFA0546002884
:10FE300092D1C84542D109F10109CB45E6D80B9BC7
:10FE4000A3634FEA8B039EE7089AA3EB0803002104
:10FE5000584600923246CDF80480CDE90279FEF78B
:10FE6000D5FB054600287FF45AAF0B9B324651461E
:10FE7000304600930123CDF80480CDE90279FFF7E5
:10FE8000CFFA054600287FF467AF08F101080C9B04
:10FE90004345D9D80B9AA26375E7A84606F1680BCB
:10FEA0004FF001090DAFF2E717480300CE4B0300F6
:10FEB0004D440300BB110300F44703000423014633
:10FEC000324606F16800CDE90273099B01930D9B50
:10FED00000930423FEF79AFB05460028ABD01EE7EB
:10FEE0006FF00103C4E90E324EE7636B3B4463637A
:10FEF000E36B3B44E363079B3B440793049BDB1B9F
:10FF00000493B36E9B6A336699E66FF01A05A4E614
:10FF10000B6B2DE9F0430C46590399B0054608D503
:10FF2000DA0223F4802358BF4FF0FF32236358BF17
:10FF30002264216B11F4003039D011F48011666B0A
:10FF4000E76A4ED1542203A807F0FCFFA36ACDE96B
:10FF50000D37012313AFCDE90F3695E80F0087E881
:10FF60000F004FF0FF372F60626BE36A9A4221D394
:10FF7000DFF89490DFF89480224F01232A4604F1A1
:10FF800040012846FFF7F6F978B310F1540F0ED16F
:10FF90004146A36B40F6E6223846CDF8009008F0C3
:10FFA00031FE21462846FFF78DFD0028E5D019B027
:10FFB000BDE8F08301230DF10B0203A9284600F0F0
:10FFC00027F80028F3DB01230DF10B022146284618
:10FFD000FFF70EFE0028EADB2B680133C4D013972D
:10FFE000C1E7BE422CBF66636763A36B0020A362B8
:10FFF000636BE362236B23F4003343F48033C4E97F
:020000022000DC
:100000000C36D4E7F4470300BB1103004D44030052
:100010002DE9F04F1D460B6B904685B0DA07074679
:100020000C4606D43E4B40F634313E4A3E4807F07B
:1000300067FC9E0305D4666BE26A964208D30020F3
:1000400003E0FFF765FF0028F5D005B0BDE8F08FAD
:10005000961B04F1400ADFF8D4B0AE4228BF2E460A
:10006000B146B9F1000F01D13046EEE7226B5103E2
:1000700004D5BB6EE16B5B6A994215D1D202636B0A
:100080003AD404F13C0251463846029204F1380257
:10009000CDE90032D4E90A23FFF77CF80028D4D157
:1000A000236B43F480232363BB6EE26B5B6A216B9B
:1000B0009D1A4D4528BF4D4611F4801121D002EB09
:1000C000050CA08804F1080163454BEA802023D386
:1000D000CDE90002CDE9028552463846FFF7A4F883
:1000E0000028B2D1636BA844A9EB05092B446363D4
:1000F000E36B2B44E363B4E76FF00102C4E90E2322
:10010000CEE7019207F16800A26BCDE9028500926B
:100110005246FEF77BFAE3E76FF0530095E700BF26
:1001200044480300BD4B03004D4403000000102071
:10013000002307B5044901AA0193FFF75DFB00B94D
:10014000019803B05DF804FB29E301002DE9F04FAD
:100150000546A1B00C4691469A46866A4EBBA44617
:1001600010AF40F20148BCE80F000FC79CE80F0039
:1001700087E80F00374640F2FF4109F10400564579
:1001800046D1002F7AD0A38A002B77D118AA214616
:100190002846FEF7EEFE8446002864D010F1020FD8
:1001A0006CD010AD0FCD0FC495E80F0084E80F00A0
:1001B0002AE006F10800A04201D13668CEE72146C8
:1001C000FEF70EF80028F8D1B379012BF5D1336B87
:1001D000DB02F2D5AB6EF16A1A6B9142EDD9726B0C
:1001E00031469B6A2846F2632B66FFF76BFC844618
:1001F00050B9336B3146284623F480133363FFF73D
:1002000087FE84460028D8D0604621B0BDE8F08F34
:1002100059F836304FEA135CC3F30A53434504D10F
:10022000A38A0133A3820136A9E78B420CD1A38AAA
:1002300033B9954B40F23D71944A954807F060FB05
:10024000013B0127A382EEE70CF4E063B3F5C06F36
:10025000E9D150F836301A68A2615B68E3610CF0AE
:100260000103E375DFE79DF877303BB1224618A91B
:10027000284600F0F7FB8446002892D1A37D13B9ED
:10028000A38AFE2B2DD923684FF0FF31E268A86EB8
:100290001893236919921A93CDE91B12016D91B33A
:1002A00008390DF1600B2846CDF800901D910BA97F
:1002B0000B9508917749CDF830B007910021CDE931
:1002C0000511CDE90311CDE901A12146FEF71EFB81
:1002D0008446D0B11CF11C0F03D01CF1540F7FF4E5
:1002E00060AF4FF0FF334A46214628462B61A38A70
:1002F00002930023CDE90043534600F0D1F8844631
:10030000002851D04DE7416ACAE705F1300705F1F1
:100310003C060F9005F148083946CDE90D000DA8BF
:10032000FDF779FF31460DA8FDF775FF0DA8414691
:10033000FDF771FF0D9B0DA823F47F7323F00303DA
:100340000D93FDF776FF88B90DAA21462846FEF7E2
:10035000C3FA844600287FF424AF0DAB4E4A5946B9
:100360002846FFF7EAF884460028B3D159462846C4
:10037000FFF74AF984460028ACD1AB6E199A196A86
:10038000B2FBF1F301FB132323B1444B40F29C7108
:100390003E4A52E7E2601A9A226197E8070086E82F
:1003A0000700AB64C8E90133D5F828804FF0FF3B64
:1003B000464626B9B8F1000F45D1C44624E706F1F8
:1003C0000807A74201D13668F3E710A93846FDF7C0
:1003D00007FF86460028F6D1A446BCE80F000FC7E9
:1003E0009CE80F0087E80F00D645ECD059F83E3066
:1003F00040F2FF41C3F30A528A4213D1B288C3F3D9
:1004000089239A4204D1C6E902BB0EF1010EEBE743
:10041000FBD9B379013A022BB280F6D1B36A013B22
:10042000B362F2E740F201418A42EED1B288C3F3EF
:1004300089239A42E9D3B3790132022BB280E4D105
:10044000B36A0133ECE708F1080410A92046FDF770
:10045000C7FE50B908F12006B8F80430B8F81C10EF
:100460008B4202D398F81F0010B9D8F80080A1E79A
:100470005B1A324621462846A8F80430FEF76CFD88
:1004800084460028E8D0BFE671480300AE4B030065
:100490004D440300FDF501000CFCFF7F8048030084
:1004A0002DE9F04F9FB005460E464FF00009BDF80C
:1004B000A470BDF8A8B0DFF860A3CDE90B230B68EA
:1004C0000E934B680F93ABEB0708B8F1010F5BDCA1
:1004D000AB6EB268DB6A0132002BB26036DD0133ED
:1004E00043F00103B2FBF3F103FB112373BB0124BF
:1004F00016A9304616931794FDF772FE002840F0B7
:1005000099802846FFF714FE041EC0F28B80AB6E64
:100510009B6AB4EB530F19D2B84B4FF4CD62B84974
:100520000093B848B36808F06DFB289B3146284615
:100530000093CDE9017BDDE90B2300F055FA044679
:10054000002800F09F8010F11C0F6BD14FF00008C5
:1005500000234FF0FF32A86E7168CDE91732CDE964
:100560001923036D1691002B00F08E80083B1B931E
:10057000FDF7F0FF0446002800F0888014F1540FC6
:1005800050D14FF0000956E016AB002228992846BA
:1005900008939D4BCDF808A007937B42CDF8589067
:1005A0001BB2CDE905B30C9B01930B9BCDE90397DF
:1005B00000934FF0FF33FEF7A9F9044690BBB8F162
:1005C000FE0F15DCAA6E516A136DA1F124006BB306
:1005D0005908146A621E5318B3FBF4F204FB12327A
:1005E0009B1A169A834228BF03469A427FF670AF41
:1005F00007EB6808289B314628461FFA88F80093C5
:10060000CDE9018BDDE90B2300F0EEF9044678B16A
:1006100010F11C0F06D1AB6E169A5B6A243B934215
:10062000BFF456AF20461FB0BDE8F08F4908D0E7B1
:10063000C34648E7A1464FF0FF332B61B9F1000FE5
:1006400008D16E4B40F2FE626D4900936F487368AB
:1006500008F0D8FA00234FF0010816A93046CDE97A
:100660001638FDF7BDFD002840F0B580634B40F221
:10067000037263496FF01B0400936548736808F0C8
:10068000C1FACFE7BB4661E7436A6FE70DF158094E
:10069000042306F1080228464946FEF72FFF0446C8
:1006A00000287FF46BAF10AB024628990893594B92
:1006B00007937B421BB2CDE905B3574B02930C9BCA
:1006C00001930B9BCDE90307009328464FF0FF33BE
:1006D000CDE91059FEF71AF9044600287FF44EAF11
:1006E00006F1180318460D93FDF770FD0D9B68B9D0
:1006F000F27D2846494902F5C06241EA0252494664
:10070000FEF71BFF044600287FF438AF0023CDE935
:1007100012331493B8F1000F09D105F13C0112A86E
:10072000FDF779FD05F1300112A8FDF774FD05F123
:10073000480A12A85146FDF76EFD129B12AA3146D7
:1007400023F47F73284623F003031293FEF7C4F8C3
:10075000044600287FF466AF12A8FDF76AFD48B989
:1007600012AB2F4A49462846FEF7E7FE044600280A
:100770007FF404AF49462846FEF746FF04460028AA
:100780007FF4FCAEAA6E179B126AB3FBF2F102FB78
:1007900011320B9232B1234B40F2EC61224A1848DD
:1007A00007F0AEF8D6E90012F360ABEB0707189B31
:1007B000B7823361C6E90021A864CAE90100B8F133
:1007C000000F40F0CF8005F13C03303595E807007D
:1007D00083E8070026E7311D2846FFF7BBF80446EB
:1007E00000283FF4B5AE10F11C0F7FF41BAFB9F138
:1007F000000F3FF417AFC846AAE600BFBB110300C5
:100800004D440300A648030015E30100F44703002C
:10081000D6480300FDF5010000FC0F4008FC0F0066
:100820000CFCFF7F804803009E4B030007F108018A
:100830000EA8FDF7D5FC18B93368BB607368FB6080
:10084000BB79022B09D107F12C010EA8FDF7C8FCDA
:1008500018B93368FB6273683B633F689BE005F13E
:10086000300B01215846FDF791FE00283AD1494648
:100870005846FDF7E9FC10B32B6B4FF47C625349EB
:10088000C3F3892A0C9B5248CDE901A3179B00931F
:10089000169B08F0B7F92A6B4E4BAF631340C5E9BE
:1008A0000C37C8F389239A4505D2A8F580684A4FCA
:1008B00047EA8A2703E040F2FF339A45F7D1002345
:1008C00012AA4946284612971596CDE913380223F5
:1008D000FFF73CFC30B94FF0FF315846FDF756FEAC
:1008E000002867D0804644469CE6494605F1300022
:1008F000FDF7AAFCE8B12C6B40F6E772374BC4F366
:10090000892432493248CDE90143179B0093169B55
:1009100008F078F92A6B2F4BC5F838801340C5E9E9
:100920000C3840F2FF339C421EBF2B4B43EA84231A
:100930000B930B9B494628461293002313939DF873
:100940006F3003F5C062264B43EA025312AACDE989
:1009500014360223FFF7FAFB044600283FF462AE88
:100960008046C0E70F9B1D4F019240F21472009326
:100970001C480E9BCDE90217144908F043F905F114
:1009800020010EA8FDF72CFC0C9718B933682B62D8
:1009900073686B62AF6A002F7FF448AF4A460EA9B6
:1009A0002846FEF79BFAB0F10008BFF658AF18F1E1
:1009B000020F98D14A460EA92846FEF7DAFA804679
:1009C000002892D010F1020F8DD12BE64D44030088
:1009D0000C490300FF0300800000F04FBB1103002F
:1009E00008FC0F004F4903002DE9F0430C46816ECF
:1009F0008FB00646896ABDF85C70016606A9CDE92C
:100A00000432FFF71FF8054638BBE17D30468DF80C
:100A10002F10A1690C91E1690D91BDF86010CDE92D
:100A200001711699DDE90432009106A9FFF738FD3E
:100A3000054690B9DDF818900123DDF81C8006F119
:100A400020012046C4F81890C4F81C80E375FDF717
:100A5000C7FB10B90FB9C6E9089828460FB0BDE822
:100A6000F083000073B514460E4600F148020546B7
:100A70002146FDF731FF70B9E37D18343146284631
:100A800003F5C062054B019443EA02536A460093A2
:100A90000123FFF75BFB02B070BD00BF08FC0F0035
:100AA0000B6B70B51E0386B005460C4602D50020C0
:100AB00006B070BDFFF72CFA226B18B142F4002289
:100AC0002263F5E7D103F2D504F108063046FDF7BD
:100AD0007DFB0028EBD1D3025BBFD4E90A016B4652
:100AE000E26A082246BF40F20120E36CC3E900013C
:100AF000A18858BF40F2022042EA812242EA005215
:100B00002846CDE90223226D936843EA81233146CA
:100B100043F081530493536802AA05930223FFF71D
:100B200015FB236B18B143F400232363C0E723F4C0
:100B30008033FAE770B505460C46FFF7B1FF06466D
:100B400005F12802AB6A1BB19C42196808D11160FB
:100B5000236D1B6813B9E06C07F0B6F9304670BD21
:100B60001A460B46EFE70000C36B1A0D12F4E06F54
:100B70002DE9F0410446A0B007D1236BC3F309006F
:100B8000002830D120B0BDE8F081504AC3F389235A
:100B900005464F49029241F219020193436C4D48B8
:100BA000009355F8403F08F02DF818A92A46204632
:100BB000FEF7D2F90028E5D1E36B216BC3F389225C
:100BC000454BA0630B4018A9C4E90C30434B43EAE2
:100BD000822310AACDE9103001232046FFF7B6FA90
:100BE0000028CAD0CEE71C22002108A83C4F07F0FD
:100BF000A9F9364E0123DFF8F4808DF837300F93D2
:100C00000EA8FDF7E3FA38B1204650F8301F4942EC
:100C100049B2FDF7BBFCB5E70EAA10A92046FEF7C6
:100C20009BF90028AED19DF83730002B43D118AA8C
:100C30000EA92046FEF752F9002813DA831CA1D131
:100C40000F9B41F24E022249009326480E9B0196CB
:100C500007F0D8FF10AA08A92046FFF703FF0028D5
:100C600090D1CDE704AD03463A4618A92046009539
:100C7000FDF726FE002885DB04990E9B0598994216
:100C80000F9A01D1904216D0914201D1984212D0D0
:100C9000CDE90021CDE9020641F264020C49124877
:100CA00007F0B0FF012306AA08A92046CDE9068572
:100CB000FFF74CFAD3E710AD0DF1200C0FCDACE8E7
:100CC0000F0095E80F008CE80F0099E7BB110300B7
:100CD0004D4403008B490300FF0300800000F04FE8
:100CE00000FCFF7FBC490300E949030008FC0F60DA
:100CF0002DE9F04713F0020F8AB006460D469846DC
:100D0000039233D1129B05F1080703AA30462B65E5
:100D100000233946C5F830806B63EB63EB642B1D11
:100D2000FEF750F9041E06DAA31C16D1AA8840F279
:100D3000FF339A4211D00123A01CAB71B36A2B6020
:100D4000B56251D118F4807F07D00398E0F72AFDEF
:100D5000F36E834213D26FF023042B6B2946304687
:100D600043F400232B63FFF7E5FE04E0FFF7FCFEEE
:100D700004460028C6D020460AB0BDE8F087AB88FC
:100D8000624A40EA8320624C42EA8322039940F49B
:100D9000801044EA83230492002206903046059294
:100DA00007913946CDE90832032304AAFFF7CEF9AB
:100DB0000028D0D14FF000084FF00C09DFF858A1FF
:100DC0002B6D9A68424536D81B68002B63D0EB64C4
:100DD00005F14001B06EFDF7C2FA40F20123B3EB1A
:100DE000145F62D00024C6E718F4007F40F08480CE
:100DF000C4F30A50012840F08280AB8818F4806F59
:100E00004FEA832308D043F000542B6B43F4803324
:100E100044F480142B63CDE705F1280243F000531E
:100E200039463046009243F008033A4AFDF748FD40
:100E3000041EBFDA91E72A6BD10705D42B6B9A0702
:100E40001DD408F10108BBE7586809FB08F2B5F8A2
:100E500004C08118825C30468B6802F54072496894
:100E600043EA8C230091394643EA02535246FDF788
:100E700027FD0028E2DA831CE0D004466DE72A6DE6
:100E8000526809FB08229168726F91423AD843F484
:100E900080332B63D5E7B36E186B07F00DF8E86469
:100EA000002895D16FF00B0457E76FF001032A6B10
:100EB000C4F30904AB6242F480122B640023EC6299
:100EC0006B64B36E2A631B6BAB64002C8AD040F258
:100ED000FE31AA8830468B4228BF0B46394643EA8A
:100EE0008223EA6C43F0005300920A4AFDF7E8FCC3
:100EF000041EBFF677AF30E76FF010042DE76FF0F8
:100F000014042AE76FF01B0427E700BF000010401D
:100F10000000102000FC0F7000FCFF7F70B54B69D3
:100F200096B0054608460E4698470446002858D114
:100F300031462846FDF71EFA044600284ED1AB6E16
:100F40000146686E5A6B06F0FDFFAB6E6C650EA92C
:100F50009A6A28465B6BDB00C5E91742934294BF4F
:100F6000AB65AA65FEF76EFD0446002833D14FF449
:100F700000330EA90293AB6E5A6A9B6A039208AAC9
:100F80000493EB6E05932B6F06936B6F0793164BD1
:100F9000CDE90830154B28460A93154B0B93154B9A
:100FA0000C9302AB0D930323FFF7D0F8044690B9DE
:100FB000034602468DF84E000EA92846FFF7C6F8F4
:100FC000044640B9012300906A460EA928460193C1
:100FD000FDF7C2FF04462846FDF7ABF9B36930467A
:100FE0009847204616B070BD000010400800F00F72
:100FF0002D4A0300180010202DE9F0474B6996B0E8
:10100000044608460E469847054600284CD131460E
:101010002046FDF7AFF90546002842D101461C22C3
:101020000EA82F4606F08EFFDFF8A0810123DFF81F
:10103000A091DFF8A0A1159314A8FDF7C7F8002828
:1010400036D004F12000FDF7C1F8002840F0A98057
:1010500004F130073846FDF7ECF860B9524B40F622
:10106000C56252490293A36B51480193636B00938D
:10107000236B07F0C7FD236B03EBD373236304F1EA
:101080003C0397E8070083E80700A36EE16A9B6AC8
:10109000B1FBF3F203FB1212236662650022C4E97E
:1010A0001622B36930469847284616B0BDE8F08747
:1010B000A36E9B6AB7EB530F70D20823019014AA5A
:1010C0000EA9079305AB20460137CDE90293394BB2
:1010D0000093394BCDE90548FDF706FD002824DBD8
:1010E00052D040F3090301334ED00E9B0EA9324A71
:1010F000204623620F9B636208AB00935346FDF7C3
:10110000DFFB002811DB089A130C91B2022B00D1EF
:1011100081B1254992B229480191009240F68D6231
:10112000224907F06FFD6FF0150005462046FDF7D8
:1011300000F9B6E70B9B5BB1E26E934207D91A49FF
:101140001F48CDE9002140F696621849E9E7E366B9
:101150000C9B5BB1226F934207D913491948CDE923
:10116000002140F6A1621149DBE723670D9B5BB1CB
:10117000626F934207D90C491348CDE9002140F62C
:10118000AC620A49CDE7636704F130020EA920463C
:10119000FDF7A2FB00283FF44FAFC6E76FF0530006
:1011A000C3E76FF01505C1E7BB1103004D44030011
:1011B000F24A03000800F00F00FCFF7F364A0300EC
:1011C0005F4A0300904A0300C14A03002D4A03000E
:1011D00039F3010018001020F0B50546806E85B087
:1011E0001F4643691646039198470446B8B90399C8
:1011F000A86AFDF738F8039930B10A4B41F2E4319F
:10120000094A0A4806F07CFB094B324628460093FF
:101210003B46FFF76DFD0446A86E8369984720465C
:1012200005B0F0BD294B0300FC4B03004D44030007
:10123000384C030037B50546806E019143699847E5
:10124000044698B90199A86AFDF70DF8019930B9DB
:10125000084B41F20741084A084806F051FB28466E
:10126000FFF768FC0446A86E83699847204603B0E0
:1012700030BD00BF2A4B03000A4C03004D4403005D
:10128000F7B50546806E1F4616464369019198479B
:101290000446A8B90199A86AFCF7E5FF019930B99D
:1012A000094B41F22941094A094806F029FB3B460E
:1012B00032462846FEF7ACFE0446A86E836998477E
:1012C000204603B0F0BD00BF2A4B0300194C0300B9
:1012D0004D44030070B50646806E0D46436998473D
:1012E0000446B0B92946B06AFCF7BDFF30B90A4BD5
:1012F00041F28B41094A0A4806F002FBD5E90B434B
:101300009B0303D5686B844238BF0446B06E836983
:101310009847204670BD00BF2A4B0300274C0300AE
:101320004D44030030B50A440B4D914200D130BD0D
:1013300011F8013B83EA000404F00F0455F824403F
:1013400084EA101080EA131303F00F0355F82330DA
:1013500083EA1010E9E700BF444C03007047022AFB
:10136000034606D0032A02D0012A00D101600020E2
:10137000704703C983E80300F9E77FB503680446B3
:10138000DB689847002304934FF0FF3201A9D4F89B
:10139000F40EF1F777F80128F6D1236801A9204669
:1013A0001B699847F0E700001FB50446002214218E
:1013B0000420F0F797FDC4F8F40E50B9F4F75AF88A
:1013C000134B144A144900932A23F5F793F8F1F7C5
:1013D000C9FF231D4FF461721049029304F1E40325
:1013E0000F480193042300932346F2F70BF968B9E1
:1013F000F4F740F80B4B074A00932B230649F5F707
:1014000079F804B0BDE81040F1F7ACBF04B010BDEE
:10141000D5010300B2010300F8FC0200ED4C03000B
:101420007B130200E40103001FB50B88ADF80C30FC
:101430004368BDF80C2000681A8000231A4619463C
:10144000F0F7D0FD01280DD0F4F714F8074B084A47
:10145000009335230749F5F74DF805B05DF804EB27
:10146000F1F780BF05B05DF804FB00BF3412030044
:10147000B2010300F8FC02002DE9F0410546884660
:1014800000240E4E4FF080574146D5F8F80EE1F794
:10149000DBFDB0F5617F0BD040F28933984202D179
:1014A00001340A2CF0D1B0FA80F04009BDE8F08197
:1014B0003760BFF34F8FBFF36F8FE5E704ED00E0B8
:1014C000C1F3C1110023582261F07F0100B589B03A
:1014D0008DF8071002A90293ADF80C200DF1070258
:1014E0008DF80E30049301230593CDE90623FFF711
:1014F000C3FF09B05DF804FB70B586B005460C4625
:101500001646FFF7DDFF80B10023E4B269462846A6
:1015100000935823ADF8043001238DF80630CDE94F
:101520000243CDE90463FFF7A7FF06B070BD30B5F5
:1015300089B005460C468DF80720FFF7C1FF90B132
:1015400000235822E4B202A902932846ADF80C20E9
:101550000DF107028DF80E30012304940593CDE9B7
:101560000623FFF789FF09B030BD38B504460D46A4
:10157000FFF71AFFC4F8F85E38BD00007FB50C789D
:101580000E460DF10F020546022C94BF273440F69B
:10159000FF742146FFF7B0FF50B9F3F76BFF134B11
:1015A000134A144900938023F4F7A4FFF1F7DAFEFD
:1015B00073789DF80F20ABB142F001022146284616
:1015C0008DF80F20FFF7B3FF50B9F3F753FF0A4B25
:1015D000074A084900938623F4F78CFFF1F7C2FE0F
:1015E00004B070BD02F0FE02E8E700BFA24C0300A9
:1015F000844C0300F8FC0200B24C03001FB5FF232B
:101600000DF10F0240F281118DF80F30FFF774FFDA
:1016100050B9F3F72FFF074B074A084900938B2374
:10162000F4F768FFF1F79EFE9DF80F0005B05DF836
:1016300004FB00BFC24C0300844C0300F8FC020012
:1016400073B50E780C4600256EB1012E0FD0E368FD
:101650003BB1236901A9201D8DF804608DF8055068
:10166000984702B070BD0131FFF788FFEFE7FFF741
:10167000C5FF0546EBE70000F0B58BB00C4607460A
:10168000032200210120F0F72DFC03AB221D069060
:10169000079306AB04AE054693E8030086E8030013
:1016A00092E8030083E8030096E8030082E8030061
:1016B000E268184608921F4AE260226909921E4AAF
:1016C0002261F3F78CFE00234FF0FF322146D7F85A
:1016D000F40EF0F787FC01280AD0F3F7CBFE174B86
:1016E000174A184900933723F4F704FFF1F73AFE3D
:1016F0004FF0FF312846F0F785FF01280AD0F3F7B5
:10170000B9FE114B0E4A0F4900933823F4F7F2FE4D
:10171000F1F728FE2846F1F7D9F8BDF80C30002083
:10172000DAB2C3F3072362F3070063F30F200BB0B1
:10173000F0BD00BF5F130200291402009E100300D9
:10174000B2010300F8FC0200F91203007FB5002388
:101750008DF8051001A98DF8062004938DF804304A
:10176000FFF78AFF02A8F3F73AFE07B05DF804FB23
:10177000F8B50E4613460546002400F120021C2150
:1017800001FB04F01758B7420AD12844876987B98A
:101790001C2303FB04540023236284F8243002E05A
:1017A0000134062CECD131462868BDE8F840EEF74C
:1017B00054BCF2687168C069B847E9E770B5D0F801
:1017C000BC6004460D46134626B1CA68D0F8C00076
:1017D0004968B04729462068EEF73FFC012384F8AA
:1017E000C43070BD2DE9F04F044685B0054600F1C8
:1017F000A8060027E96821B12068EEF780FB85F88C
:1018000025701C35AE42F5D1D4E90101ECF756FD47
:101810000546002840F0BD80A76897F85430062B95
:1018200042D106464FF00C09F1B209FB01F357F81B
:1018300003C09CF902009CF8032000289CF80230A9
:1018400002F0030232DA022A60D1606803F00F036B
:101850004FF001084FF0000B00908DF809309CF814
:1018600006004FF4807C8DF80CB08DF8080040F233
:101870000120ADF80A00494801901C20414360183E
:101880000C31027400F1250AA0F812C06A460375F3
:10189000214480F8158080F825802068EEF726FB2B
:1018A00000286FD08AF800B0012572E0022A69D1C1
:1018B000606803F00F034FF000084FF0010B009039
:1018C0008DF809309CF806004FF4007C8DF80C80F0
:1018D0008DF808003248ADF80AC001901C20414341
:1018E00060180C31027400F1250AA0F812C06A4693
:1018F0000375214480F8158080F825B02068EEF744
:10190000F5FA00283ED08AF80080CDE7032A39D1C5
:10191000606803F00F034FF0000B8DF80930009062
:101920009CF806008DF808009CF805E09CF804007F
:1019300040F2013C8DF80CB0ADF80AC040F6B83C5E
:1019400040EA0E20ADF804C04FF01C0CC0F30A00B2
:101950000CFB01F1ADF8060004EB01080C3188F82E
:101960001430012388F810202144A8F812006A4698
:1019700088F8153088F825302068EEF7B7FA08B1F6
:1019800088F825B0013697F85420F3B29A423FF612
:101990004BAF284605B0BDE8F08F00BFB80B000183
:1019A000B80B0002002370B5C0F8B83004460D46ED
:1019B000134612B9FFF716FF0346D4F8BC6026B1F0
:1019C0000022D4F8C0001146B04729462068BDE87F
:1019D0007040EEF742BBF7B50646C8200F46E1F768
:1019E00039F90446A8B1002501AA0821466085609E
:1019F0003046EEF74AFB019B01AA092123603046DD
:101A0000EEF743FB019B2846C4F8B4303C6003B0BA
:101A1000F0BD0C20FBE700002DE9F0470C4607461F
:101A200098B371B300250E4601F1A808DFF860A055
:101A3000A946F16871B100222068EEF7E0FAF1687A
:101A40002068EEF75CFA054610B15046E9F7C4FE8F
:101A5000C6F80C901C364645EBD1D4F8B41031B121
:101A6000D4F8B8201AB12068EEF7C9FA0546A16883
:101A70003846ECF75FFC2046E1F7F9F82846BDE868
:101A8000F0872546ECF756FCF8E70325F6E700BF9C
:101A9000144D030068B1002325301C2202FB03F122
:101AA000415C09B9052B04D10133062BF6D1002086
:101AB00070470120704700002DE9F743DDF82880CA
:101AC00017461E460446002847D081604068ECF760
:101AD000F5FB0546B0B9254604F1A809E9681C35AF
:101AE00000222068EEF78BFA4D45F7D177B9002E2A
:101AF00035D02046FFF776FE3A460546034639467E
:101B00004046B047284603B0BDE8F08301A92068ED
:101B1000EEF786FA28BB019A40F60131124BC4E970
:101B20002F68C2E90434D3691980A168896C897867
:101B3000D88099805F80D4F8B410C2E90100206891
:101B4000EEF70AFA054618B9019BC4F8B830D9E790
:101B500001992068EEF781FAD4E70325D2E73546EC
:101B6000D0E70125CEE700BFA51902002DE9F3411A
:101B7000064690461F460024037D8B422BD1437DB1
:101B80004BBB1C2303FB0464237C022B27D101A93C
:101B90003068EEF745FA0546D8B9019A124B82F83B
:101BA0002000E168C2E90436089BC2E90187A3610D
:101BB0000127099B84F82470C4E907323068EEF7E6
:101BC000A7F968B184F82450256201993068EEF7CE
:101BD00044FA012004E001341C30062CCCD104204E
:101BE00002B0BDE8F08100BF711702002DE9F74394
:101BF0000646914698460024037D8B422DD1477DB1
:101C0000012F2AD11C2303FB0464237C022B28D13F
:101C100001A93068EEF704FA0546D0B90A9B019A8B
:101C2000A3610B9B2262E361104B84F8247082F85D
:101C30002070E1683068C2E90198C2E90436EEF725
:101C4000B9F980B184F82450256201993068EEF723
:101C500004FA384603B0BDE8F08301341C30062C8A
:101C6000CAD10427F5E70746F3E700BF7117020062
:101C7000F7B504460D46006801A916461F46EEF763
:101C8000CFF920BB089BE988C4F8C030019A134BF8
:101C9000C4F8BC7091605660C2E90434D3696878B6
:101CA00058702878187068885880A8880125D980CD
:101CB0009880D4F8B410206884F8C450EEF74CF93A
:101CC00038B101992068EEF7C8F984F8C4500120B2
:101CD00002E0019BC4F8B83003B0F0BDBD170200AC
:101CE0002DE9F04FB9B04FF0010B2E920B93BDF8D8
:101CF000B83043EA0243439A2F93439B9BB243EA93
:101D00000243429A3093002A4D9B459A4FEAA3031F
:101D10003193429BC3F10003C8BF0023002A4A9AB3
:101D200005930BFA03F322EAE27703F1FF330693FC
:101D300043FA0BF307935B440A93459BC3F10003FB
:101D4000C8BF0023002A02930BFA03F303F1FF3309
:101D5000039343FA0BF304935B4409934A9BC3F147
:101D60000003C8BF00230BFA03FB01930BF1FF3BF9
:101D70004FEA6B0A0AF101030893479B0F93319BCB
:101D8000CDE933010E930D91429B0C9023EAE37948
:101D9000459B23EAE3780E9B002B1FDC319B339A93
:101DA00023EAE373429D459E02EB8300349A4A9FE7
:101DB00025EAE57502EB8301479A26EAE67627EAEB
:101DC000E77702EB83034D9A02F003021A44934231
:101DD00040F0E181002039B0BDE8F08F0C99042279
:101DE00037A806F087F80C9B0D990422043337A816
:101DF000379D0C9306F07EF80D9B4FEA35262F9AFF
:101E000004332FFA86F60D93379B2FFA85F54FEAA8
:101E100033212FFA83F32FFA81F196FA02FE95FA15
:101E200002F2309891FA00FC93FA00F34FF08040F0
:101E300000213293469B0B9D079ECDE9160191B27E
:101E40000598120C9940DDE9163401FA09F1C5FB39
:101E50000134DD0F06994FF0804345EA44052940DF
:101E600005410A9858BF3046449E81424FF0000118
:101E70000298C8BF0135CDE91831469BBDF8C8109E
:101E80009940DDE9183401FA08F1C6FB0134DB0F93
:101E9000099E43EA4403039953FA00F001EA03015F
:101EA0003346049E48BF1E46B1424FF080464FF075
:101EB0000001C8BF01302844089DCDE91A61B8402F
:101EC0004999DDE91A34C1FB0034DB0F019843EA7C
:101ED000440353FA00F003EA0B0158BF5546A942E8
:101EE00048994FF08045C8BF013008444B9988425B
:101EF000B8BF08464C998842A8BF08460021CDE9E2
:101F00001C51469B46B20B999A40079DF6B202FAC5
:101F100009F2DDE91C34C1FB0234DA0F069942EA0A
:101F20004402329B4FF0804402EA010005991B0CE9
:101F300052FA01F10A9A58BF2A4690424FF0000225
:101F40004498C8BF0131CDE91E42469A9340029A97
:101F500003FA08F3DDE91E45C0FB0345E00F039BD0
:101F600040EA4500049D50FA02F203EA0003099892
:101F700058BF28464FF0804583424FF080404FF0D5
:101F80000003C8BF01320A44CDE92003BA40499B8F
:101F9000DDE92001C3FB02010B46C10F019A41EAB2
:101FA000430151FA02F201EA0B03089958BF514666
:101FB0008B42489BC8BF01321A444B9B9A42B8BF20
:101FC0001A464C9B9A42A8BF1A4653B24FF0804221
:101FD00032930023CDE92223469A1FFA8EF34FEA6B
:101FE0001E4E93400B9A03FA09F3DDE92201C2FB6E
:101FF0000301C20F069B42EA41020599079852FA73
:1020000001F102EA03030A9A58BF02464498934238
:102010004FF00003469AC8BF0131CDE924531FFA9F
:102020008CF39340029A03FA08F3DDE92445C0FBE0
:102030000345E00F039B4FF0804440EA4500049DB8
:1020400050FA02F203EA0003099858BF2846834277
:102050004FF00003C8BF01320A44CDE92643BA401D
:10206000499BDDE92601C3FB02010B46C10F019A22
:102070004FF0804041EA430151FA02F201EA0B03BA
:10208000089958BF51468B42489BC8BF01321A4439
:102090004B9B9A42B8BF1A464C9B9A42A8BF1A461D
:1020A00053B200223593469B0EFA03FECDE9280277
:1020B0000EFA09FEDDE928010B9A469BC2FB0E01D0
:1020C000C50F069A45EA4105059907982A400D4132
:1020D0000A9958BF014602988A424FF080414FF05A
:1020E0000002C8BF0135CDE92A124FEA1C424499CB
:1020F0009A40DDE92A3402FA08F2C1FB0234DA0F11
:10210000039942EA440211400241099803460498A7
:1021100048BF18464FF0804381424FF000010198BC
:10212000C8BF01322A44CDE92C31BA404999DDE9D2
:102130002C34C1FB0234DA0F359B42EA44021B0205
:1021400002EA0B01024108989BB258BF50468142F7
:1021500048990F98C8BF01320A444B998A42B8BFC8
:102160000A4632994FEA014C4C990CF47F0C8A4292
:102170004CEA0606A8BF0A4637A9334343EA02627F
:102180003792042205F0B6FE0F9B04330F930E9B8B
:10219000013B0E93FFE5439C4FF0804811F901CBC2
:1021A00010F901EBA444469C0CFA04FC2E9CA644B6
:1021B000469C0CFA06FC0EFA04FE00240EFA05FEFC
:1021C000CDE910840B9CDDE91089C4FB0E894FEA30
:1021D000D87E069C4EEA490E04EA0E08059C5EFA7B
:1021E00004FE0A9CA146079C58BFA1460024C8458E
:1021F0004FF08049CDE91294449CC8BF0EF1010E06
:10220000DDE91289C4FB0C894FEAD87C039C4CEAB7
:10221000490C04EA0C08029C5CFA04FC099CA146E7
:10222000049C58BFA1460024C8454FF08048C8BF51
:102230000CF1010CF444CDE914840CFA07FC499C20
:10224000DDE91489C4FB0C894FEAD87C019C4CEA77
:10225000490C0BEA0C0E5CFA04FC089C54BFD046F7
:10226000A046489CC645C8BF0CF1010CA4444B9C39
:10227000A445B8BFA4464C9CA445A8BFA44603F8F7
:1022800001CBA4E52DE9F04F99B00125CDE90F234D
:10229000BDF83C30029143EA0243109A0190119339
:1022A000BDF8403043EA02431293289B9B101393DE
:1022B000259B002BC3F10004229BC8BF00240E9372
:1022C000A540139B013D0393259B6E1023EAE37801
:1022D000771CCDE91401039B002B19DC139B23EA27
:1022E000E372149B03EB8200159B03EB820A229B93
:1022F00003EB8202289B03F0030C259B944423EA02
:10230000E37E624540F0E580002019B0BDE8F08F23
:102310000199042217A805F0EDFD019B179917A854
:1023200004334FEA312201932FFA81FB2FFA82F313
:1023300002990422994605F0DDFD029B179A0433A9
:1023400011992FFA82FE02934FEA32232FFA83F378
:1023500099FA01F29BFA01FB129993FA01F39EFAA2
:1023600001FE4FF0804C00212498CDE906C11BFBF3
:102370000EF11EFB3BFE01FA08F10EFA08FEDDE944
:10238000069AC0FB019A4FEAD97C4CEA4A0C5CFAE7
:1023900004F00CEA05014CBFBC46B44661452399E4
:1023A000C8BF0130084426998842B8BF084627991B
:1023B0008842A8BF084600214FFA80FC4FF08040B9
:1023C000CDE9080124995FFA8CFCDDE9089AC1FB8C
:1023D0000E9A4FEAD97E4EEA4A0E4FF0804A5EFAD4
:1023E00004F00EEA05014CBFBE46B646714523997E
:1023F000C8BF0130084426998842B8BF08462799CB
:102400008842A8BF08460021CDE90AA112FB03F1CA
:102410004FFA80FE249813FB32F301FA08F14FEAD9
:102420000E4E03FA08F30EF47F0EDDE90A9A4EEA27
:102430000C0CC0FB019A4FEAD97949EA4A0959FACA
:1024400004F009EA05014FF080494CBFBB46B34692
:1024500059452399C8BF0130084426998842B8BF1E
:10246000084627998842A8BF08460021CDE90C916B
:10247000249940B2DDE90C9A0002C1FB039A4A4656
:1024800080B2D10F4CEA000041EA4A0151FA04F24D
:1024900001EA05034CBF394631468B42239B17A9FD
:1024A000C8BF01321A44269B9A42B8BF1A46279BDE
:1024B0009A42A8BF1A4640EA0262179204220E9876
:1024C00005F018FD0E9B04330E93039B013B039311
:1024D00001E710F9018B0F9B109998441AF9013B01
:1024E0000B44002103FB08F34FF0804803FA0EF37E
:1024F000CDE904812499DDE90489C1FB03894FEA10
:10250000D873239943EA490305EA030823414CBFE2
:10251000B946B146C845C8BF01330B4426998B4222
:10252000B8BF0B4627998B42A8BF0B4602F8013B68
:10253000E7E6D86830B584078BB028D10C6934BB86
:102540004C6924BB8D68012D21D1CD68012D1ED190
:102550004D6A08950D6A07954D6806950968CDE99D
:1025600004011399C9680391D3E901101B68414321
:102570000E984B4310990293536801931368129A73
:102580000093149B00F04FF920460BB030BD4FF084
:10259000FF30FAE7002070472DE9F74F0C9E844684
:1025A0000C46964600961D46DDE90D67DDE90FBA3B
:1025B00001970F69DDE91189DFB94F69CFB9DF688C
:1025C000BF0716D18F68012F13D1CF68012F10D10B
:1025D000B768012F0DD17768012F0AD18F69012FBC
:1025E00007D1CF69012F04D103B0BDE8F04FFFF749
:1025F000A0BFD8F80430012B24D16B68012B21D166
:102600007368012B1ED1D8F808309B071AD12B68AC
:10261000012B17D1A369012B14D1E369012B11D12F
:10262000019B724621466046CDE90D63009B0C93E9
:102630002B46CDE91189CDE90FBA03B0BDE8F04FC3
:1026400001F0CABC019B724621466046CDE90D638C
:10265000009B0C932B46CDE91189CDE90FBA03B04D
:10266000BDE8F04F01F0D4BC10B404460846114652
:102670002269D2B96269C2B9C268920715D1A2684B
:10268000012A12D1E268012A0FD18A68012A0CD1ED
:102690004A68012A09D1A269012A06D1E269012A00
:1026A00003D15DF8044BFFF775BF5A68012A15D1B5
:1026B0004268012A12D14A68012A0FD19B689B0700
:1026C0000CD10368012B09D1A369012B06D1E36961
:1026D000012B03D15DF8044B01F08CBC5DF8044B79
:1026E00001F08FBC2DE9F74F0E9E07EE900A0C46C5
:1026F000944601961D468E68012EDDE90C7EDDE9CB
:102700000FBADDE911982DD11E68012E2AD1CE69AC
:10271000012E27D10E6A012E24D1DEF80860032E87
:102720000ED1DEF80460032E0AD18E69012E07DC7B
:102730004E69012E04DC03B0BDE8F04F01F01ABE73
:10274000019B6246214617EE900A0C97CDE90DE3F6
:102750002B46CDE91198CDE90FBA03B0BDE8F04F93
:1027600002F05ABC019B6246214617EE900A0C9774
:10277000CDE90DE32B46CDE91198CDE90FBA03B0B1
:10278000BDE8F04F02F0A3B810B404460846DB6879
:102790001146C2689A420CD10368012B09D1E36942
:1027A000012B06D1236A012B03D15DF8044B02F003
:1027B0002CBC00205DF8044B70472DE9F04F8BB026
:1027C0000C4616461D684FF0000BDDE91478DDE974
:1027D000199A1DB928460BB0BDE8F08F0123384681
:1027E000189A013D0993236916990893E3680793A2
:1027F000D9F80C300693D8F8003005937368049329
:1028000033680393A368CDE901B32368009353466B
:1028100000F058FCD8F800301F44D9F80C309A4426
:10282000D7E7002070472DE9F04FADB02293389BD9
:10283000DDF8E8B05B100D92BBF1000F1090239310
:102840004FEA4B03239A1193399B219103FB02F327
:10285000229A009102EB43030F930B465B442093B3
:102860002BF00F03B8BF00230C93ABEB03030C9AC0
:102870009345B8BF00235B442593399B5B002693A7
:102880000423069300230193019A229B1344099386
:10289000399B013B934240F39A83009B00985A1E58
:1028A0000023C0F10100194605E012F9014F21444F
:1028B00012F90B4023448418A345F6DC3B9A4A43A3
:1028C00002923B9A534303930D9B5BB1019A53F8D9
:1028D0002230029A1A440D9B0292069A9B58039A40
:1028E0001A4403920C9B009A013BD3180E93109B41
:1028F0000493239B0A93ABF10F0328930A9B002BAD
:1029000000F01082049B5B440793209B0893009B7C
:102910000B93049B0593DDE902394D461C4614E1F7
:102920000B9904222BA8299305F0E4FA05990422B7
:102930002BA8DDF8ACA005F0DDFA042208992BA83D
:10294000DDF8AC802FFA8AF705F0D4FA2B9A2FFA2B
:1029500088F62FFA9AFA2FFA98F826FB07442FFAEE
:1029600082F3249328FB0A4327932FFA92F4249BA3
:1029700026FB035528FB0458042207992BA805F0D1
:10298000B9FA2B9E2FFA86F22FFA96F6299B22FB94
:102990000737249B22FB039926FB0A7A04220B9B10
:1029A0002BA8991805F0A6FA2B9F26FB0499042260
:1029B000089B2BA8991805F09DFA0422059B2BA8CB
:1029C0002B9E991805F096FA2B9A2FFA87F52FFA75
:1029D00082F12FFA97F72FFA92F2279B21FB053409
:1029E0002FFA86F322FB074024902FFA96F421FB5E
:1029F0000388279322FB04880422079B2BA899189D
:102A000005F078FA2B9E2FFA86F22FFA96F622FB23
:102A100005AA279B22FB039926FB07A70B9B0422F1
:102A20002BA803F1080105F065FADDF8ACA026FB40
:102A30000496089B04222BA803F1080105F05AFA1A
:102A4000059B04222BA803F108012B9D2FFA8AF97C
:102A500005F050FA2B9A2FFA82F12FFA9AFA2FFAF0
:102A600092F2249B21FB09342FFA85F322FB0A40C2
:102A700024902FFA95F421FB0385279322FB04551C
:102A8000079B04222BA803F1080105F033FA2B99C8
:102A90002FFA81F22FFA91F822FB0977279B22FB6C
:102AA000036628FB0A7A0B9B04222BA803F10C0176
:102AB00005F020FA0B9B2B9F10330B9328FB04632C
:102AC00027930422089B2BA82FFA87F603F10C0109
:102AD00005F010FA059B04222BA803F10C01DDF888
:102AE000AC9005F007FA059B103305932B9B2FFA4A
:102AF00083F22FFA97F72FFA93F3249922FB061407
:102B00002FFA89F823FB07442FFA99F922FB08557D
:102B100023FB0955079B04222BA803F10C0105F0A8
:102B2000E9F92B9A2FFA82F12FFA92F221FB06AAE9
:102B3000279B21FB083122FB07A322FB0919089AD6
:102B400010320892079A10320792DDE90412521AE5
:102B5000289991423FF7E4AE0C99049A0E980A44E2
:102B60001646511E0C9A5A45C0F2CA80259A4FF05B
:102B7000804001994FF0010CB2184FF08048049248
:102B8000369A52F821200792379A52F821200021D4
:102B900022EAE27A002A04FA0AF4CDE9120107993E
:102BA000DDE91267C1FB0467D4BF54420024F00F73
:102BB0000CFA04FC40EA47010CF1FF3C4FEA6C0EB2
:102BC00001EA0C0021414CBF0EF101027246904215
:102BD0000698369AC8BF013112580892379A105891
:102BE00020EAE07200280B924FF00002D4BF40426E
:102BF0000020CDE914820B9ADDE914679540089A0C
:102C0000C2FB05670125F20F854042EA4702013DFC
:102C10004FEA650802EA0507024105954CBF08F135
:102C200001064646B7424FF080474FF00006C8BF46
:102C30000132CDE9167603FA0AF7079BDDE916564D
:102C4000C3FB0756EB0F43EA46034FF0804653FAA7
:102C500004F403EA0C0C4FF0000348BF0EF1010E20
:102C6000CDE918630B9BF445059D09FA03F9089B10
:102C7000C8BF0134DDE91867C3FB0967F30F43EAF6
:102C8000470353FA00F005EA03053C9B48BF08F1EF
:102C900001081A44194445451C44C8BF0130184472
:102CA0003D9B9942B8BF19469A42B8BF1A469C420A
:102CB000B8BF1C469842B8BF18463E9B9942A8BF71
:102CC0001946099B19703E9B9A42A8BF1A46099B58
:102CD0005A703E9B399A9C42A8BF1C46099B9C5443
:102CE00013463E9A01339042A8BF1046099AD05429
:102CF0001346269A134409930A9B013B0A93FDE568
:102D000010F901EF013211F9017F10F90BC017FB27
:102D10000E4417FB0C5511F90B701EFB07331CFBFF
:102D2000079920E7389BDD0740F18280009B049DD6
:102D300003EB0B061C46ABF10F030593009B059AB2
:102D4000E31A9A4200F385800C9A049B1344049A78
:102D500056429A19934500F32881369B4FF08044E0
:102D6000019A029853F82210379B53F8222000232F
:102D7000002ACDE91A4322EAE273D4BF524200226C
:102D800098400123DDE91A459340C1FB0045E00F5F
:102D9000013B40EA450050FA02F200EA03014FEA23
:102DA0006303069848BF013399420699369BC8BF12
:102DB00001325B5837990C584FF080400021002CAD
:102DC000CDE91C0124EAE4710398DDE91C5600FA00
:102DD00001F0C3FB00563146D8BF61424FEAD573BC
:102DE000D8BF0A9101210A9843EA46030A9C814010
:102DF000013903EA010023414FEA610148BF013173
:102E000088423C99C8BF01330A440B443D998A4229
:102E1000B8BF0A468B42B8BF0B463E998A42A8BF4C
:102E20000A460F990A703E9A9342A8BF13464B7008
:102E3000009B119A13440093019B023301930F9B53
:102E400002330F93209B13442093069B0833069371
:102E50001AE5214604222BA805F04CF8314604223D
:102E60002BA8DDF8AC8005F045F8294604222BA8F4
:102E70002B9F05F03FF82B9B2FFA88F22FFA83F94E
:102E80002FFA87F12FFA98F82FFA93F32FFA97F782
:102E9000029829FB020223FB0828039A29FB012937
:102EA00023FB079904222BA8A11805F023F804227C
:102EB0002BA8DDF8ACA0B11805F01CF804222BA853
:102EC0002B9FA91805F016F82B9B2FFA8AF12FFAE1
:102ED00083F22FFA87F02FFA9AFA2FFA93F32FFA48
:102EE00097F722FB018823FB0A8822FB009923FB2A
:102EF0000797042204F108012BA804F0FBFF06F158
:102F0000080104222BA8DDF8ACA004F0F3FF05F1C2
:102F1000080104222BA8DDF8AC9004F0EBFF2B9AFB
:102F20002FFA8AF12FFA82F32FFA89F02FFA9AFA00
:102F30002FFA92F22FFA99F923FB018822FB0A88D3
:102F400023FB007722FB0977042204F10C012BA854
:102F5000103404F0CFFF06F10C0104222BA8DDF899
:102F6000ACA004F0C7FF05F10C0104222BA8DDF88A
:102F7000AC90103504F0BEFF2B9A2FFA8AF12FFA8D
:102F800082F32FFA89F02FFA9AFA2FFA92F22FFA97
:102F900099F923FB018822FB0A81029123FB007728
:102FA00022FB097310360393C8E60E9813F9012B20
:102FB00010F9011F0E90029812FB01010398029173
:102FC0000E9911F90B1012FB01020392C1E6399A16
:102FD000399B002A21984FEA5303119AB4BF00216C
:102FE00019464FEA4303B8BF002302FB01020092D7
:102FF000229A1A441346399AD10713D502F1804018
:103000000D9A00262BEAEB7E01384FF0010802EB07
:103010008007369A02EB800C379A02EB8000389AD0
:10302000964203DB00202DB0BDE8F08F0D9A002AF8
:103030003BD03D6800225A4539DB109A00214FF001
:103040008049DCF800407244013610920268CDE9F4
:103050001E918A4222EAE2793C9905FA09F5D4BF29
:1030600052420022DDE91E9AC4FB059A08FA02F5D5
:103070004FEAD974013D44EA4A0454FA02F204EAE0
:1030800005094FEA650548BF0135A945C8BF0132AA
:103090000A443D998A42B8BF0A463E998A42A8BF6F
:1030A0000A461A70399A1344B9E70D9DC2E7109C7D
:1030B0003B99A4560C44009911F90290013209FB86
:1030C0000455B8E72DE9F04F9BB0144682461193A2
:1030D000289A0B91DDF82C80DDE929B303EBD37539
:1030E000BBF1000F5E464FEA6503B8BF0BF1030664
:1030F000002A0E93249B1BB2C3EA034302934FEAB8
:10310000A60315934FEA4B030D9326F00303009398
:10311000289BC3F10003C8BF002304930123049A32
:103120009340009A013B00EB020905935B100A9360
:1031300001330F932D9B5B0010930B9B13440C9357
:10314000119B019300230393289B23EAE3731493B9
:10315000039B0E9A93424DDB22EAE2750D9B0B9A7C
:1031600005FB0326109B5D432A9BDB073ED504B17C
:103170002468B046D14540F0FB80009B159A1E4460
:103180004B46C9EB82015A18934500F31281289BE4
:1031900000214FF0804023EAE3720F46279B06464A
:1031A00094400122C3FB0467289BF40F002B44EAE0
:1031B0004704CCBF0B465B429A4054FA03F302F13A
:1031C000FF3204EA02014FEA620248BF0132914233
:1031D000269AC8BF013313442B9A9342B8BF1346B3
:1031E0002C9A9342A8BF1346119A535500201BB046
:1031F000BDE8F08F002C75D02346656853F8086B46
:103200001C460D9A08EB0B03574642441692B945EB
:103210006BD10C9F4A46009B07EB0B01A3EB090CFB
:10322000084602EB0C039B4500F395804FF080406D
:103230000023CDE90603149BDDE906789E40279B19
:10324000C3FB0678F80F059B40EA48000A9E00EA97
:103250000302049B18410F9B58BF33469A424FF01C
:1032600080424FF00003C8BF0130CDE90823149B12
:103270000F9A9D40279BDDE90867C3FB0567F60FA2
:10328000059B46EA470606EA0305049B56FA03F344
:103290000A9E58BF32469542269AC8BF0133104451
:1032A00013442B9A9042B8BF10469342B8BF1346BE
:1032B0002C9A9042A8BF1046019A10702C9A2D9813
:1032C0009342A8BF1346019A13541346109A13440D
:1032D0000193039B0133039301EB0B03DDF858804B
:1032E0000C9335E7254626468BE73946042219A874
:1032F0001793043704F0FEFD199A029B23FA92F308
:103300004146129319A8029B23FA82F304221393D5
:1033100008F1040804F0EEFD199A2FFA92F1129BBD
:103320002FFA82F221FB0366139B22FB0366179B95
:10333000042219A8194604F0DDFD179B199A0433DD
:103340002FFA92F112982FFA82F221FB005513996D
:1033500022FB01555BE712F901EB249B734417F93B
:1033600001EB03FB0E6610F901EB03FB0E5558E76A
:103370005146042219A80AF1040A04F0BBFD199F62
:10338000029B23FA97F30422414619A8019308F1FE
:103390000408029B23FA87F704F0ACFD199B2FFA6F
:1033A00093F201992FFA83F322FB014423FB074494
:1033B000E0E6249813F9012B024416F9010B02FBF5
:1033C0000044E0E62DE9F04F97B0D2E901561293A0
:1033D0000296DDE920346668A4680B960C944C686C
:1033E00003940C6804945C689B680D940E930468C5
:1033F000D1E9023605930B690F934B691093D3689B
:1034000034B99A0004D04FF0FF3017B0BDE8F08F08
:10341000AA19C6F1000BB6464FF0000A09920B9AA2
:10342000924501DB0020F0E7059ABBF1000F0599FA
:10343000C2F1000CD4BF724600220A92059A08928B
:10344000029A0A44029906920A9A5A444A430D99EA
:10345000119200220192099A8A42A8BF0A46159247
:10346000019A0C998A420ADB039A0AF1010A03992C
:103470009344AEEB020E099A521A0992CFE7BCF1BF
:10348000000F089A0E99D8BF1546069AC8BF0025A6
:10349000DDF828808A42A8BF0A460CEB0501914658
:1034A000119A1491079200221599884534DA0798E9
:1034B0002E4614990144129803FB0101501B009100
:1034C00013901AE01398801911D00020984210DA56
:1034D000009954F82070095687FA81F744F8207053
:1034E0000130F3E700990F5644F8207001309842FC
:1034F000F8DB00990136194400914E45E2DBA9EB57
:103500000501029808F101084D45C8BF00210A4491
:10351000079901440791C7E7002A3FF474AF55109B
:10352000002083420FDC229A04991A442292049AC2
:103530009444019A01320192089A521A0892069A0A
:10354000521A06928CE754F820100F9E0029CCBF27
:103550004919491B91FBF2F1B142B8BF3146109EA7
:10356000B142A8BF3146229E31540130D9E78800CC
:1035700070472DE9F04FA5B09468D5682093099461
:10358000DDE92E304468806815940A9048680B90F5
:1035900008680C9058689B6818901993D1E9020349
:1035A000D1E904B10393009159425368039A019100
:1035B000A910D3180D901C9112930A9B23EAE37370
:1035C0006B431D9321EAE1739B001693309B049398
:1035D00000230593059B159A934217DB0A9B309EA7
:1035E00053435D43AC102746002F00F3E68024EAE6
:1035F000E474309B05F0030503EB84042544AC42DE
:1036000040F01681002025B0BDE8F08F0D9B0D9A8B
:103610005B42049F0293019B002B039BC8BF0023C6
:1036200014930D9B1193099B1344019A0F93149BC0
:103630001344099A53431F9300230693069B0A9A47
:10364000934211DB049B1D9A13440B9A0493019B34
:1036500013440193059B01330593039B9B1A03932A
:10366000129B9B1A1293B5E7029B189A002B119B91
:10367000C8BF00231393129B9342A8BF1346199A05
:103680001A930F9B9342A8BF13461B93169BFB18DC
:10369000179305F00303179AD3181E931F9B1093DB
:1036A000149B07930023079A1A998A4276DA029AA2
:1036B00013995418109A08911444209A05FB042475
:1036C0000BE0002B66D12A462146384604F012FC56
:1036D000089B2C44013308930123089A1B998A42C2
:1036E000EFDB079A099901320792109A0A44109267
:1036F000D9E75146042223A8219304F0FBFB0422BE
:103700000E9923A8239E04F0F5FB239A70B2B046CD
:1037100051B20E9B814246F3072003F10403C8BF58
:1037200061F3070842F307210E93884246F30740EE
:103730004FEA2666219BB8BF61F30F2842F3074189
:103740002193884250460AF1040AB8BF61F3174832
:103750001116B6EB226F4FF00402B8BF61F31F6879
:1037600023A9CDF88C8004F0C5FB219B013B002BE5
:10377000BFDC169B5A1E179B22441E998B42A7D072
:1037800093F90000013312F9011F8842B8BF03F812
:10379000011CF2E7BA461C9B0E94E8E70C9A2F44F2
:1037A000029B13440293069B01330693119B9B1AC1
:1037B00011930F9B9B1A0F9340E73146042223A8D5
:1037C000013F04F097FB239B009930465AB2043620
:1037D0005A45B8BF5A4652B28A42A8BF0A4662F357
:1037E000070943F307225A45B8BF5A4652B28A42E4
:1037F000A8BF0A4662F30F2943F307421B165A4536
:10380000B8BF5A4652B28A42A8BF0A465B45B8BF03
:103810005B4662F3174904225BB28B42A8BF0B469A
:1038200023A963F31F69CDF88C9004F063FBDBE6FA
:1038300094F90030009A5B45B8BF5B469342A8BF3D
:10384000134604F8013BDAE62DE9F04F85B08446D3
:103850000C4696460E9E1D46DDF850900196DDE919
:103860000F86DDE912BA0296119E0396D8E9016728
:103870007E43DF687E43B6F5007F0ADA8E69012E4B
:1038800007D1CE69012E04D105B0BDE8F04F02F09A
:10389000C5B9039B7246214660461193029BCDF841
:1038A00048B0CDE90F83019B0E932B46CDE913A9B8
:1038B00005B0BDE8F04F02F08DBB03460846114647
:1038C00010B4D2E901245443C2686243B2F5007FC8
:1038D00009DA9A69012A06D1DB69012B03D15DF867
:1038E000044B02F06FBB5DF8044B02F0E7BC000034
:1038F0002DE9F04F0F8BBBB0CD6921978F89A8B20E
:10390000499E1FFA85FE22970F8A289023975768B1
:103910001268086A2592B26807901692BDF81C00DA
:103920007268459C2990179218684A6A1F902692DF
:10393000A0688A6A20902497888A27921A89404230
:10394000B3F80CA004929A88049BB1F80880534302
:103950001A920AFB03F3BDF858205B002D930AFB73
:1039600008F30B93BDF85C30534302FB0AF20AFBE9
:1039700003F308FB02F208FB03F35B002B935300F5
:10398000049A30930B9B5B0031934FEA48031B93DF
:10399000BDF81C30534332930AFB0EF35B002A93AD
:1039A00000230E9383B23993A3881E93BDF87C3015
:1039B0000E9A934240F34A81219B5B429BB215933E
:1039C0004A9B109300230893BDF85C303593BDF8F3
:1039D000803006932FE0BDF954B0BDF81C70BBF1E8
:1039E000000FCBF10003C8BF00232F93399B149322
:1039F000109B0F93002309931A9BA3EB0B031D93BA
:103A0000DDE91D239342A8BF13463793A7EB0B03B1
:103A1000013B3893BDF85830099A9A421BDB109B42
:103A2000309A1344239A1093089B01330893159BF3
:103A300013449BB21593089B359A9342CBDB4A9B68
:103A40002B9A13442D9A4A93449B134444930E9B00
:103A500001330E93AAE7BDF95090B9F1000FC9F1F7
:103A60000003C8BF00232E930F9B039300230593ED
:103A70000293049BA3EB09031C931C9A069B93429D
:103A8000A8BF13463693029B534500F0D280039B98
:103A90001B9A059E13443393039B0D9373E0259B60
:103AA0006C4A53F826309342289AD6BF03F5004358
:103AB00047F6FF731B14012A74D91C99AEEB090257
:103AC00006987144013A013991FBFEF192FBFEF236
:103AD000814222EAE272A8BF014618912999012980
:103AE00064D938991E9C91FBF7F01D9920EAE0708B
:103AF0007918013991FBF7F1A142A8BF214619912C
:103B00004899002956D001EBC604D4E9004500FBD2
:103B100007BC049901FB0CF11291069941431391E2
:103B20000EFB0291CDE900452C911999884244DBA6
:103B3000019AD917009C5A4304FB0121A3FB0423DB
:103B40000B44249951F826000136C0F10E011230C1
:103B5000B1F1200403FA00F022FA01F158BF43FA50
:103B600004F4269B41EA000158BF2143013149106A
:103B70009942B8BF1946279B9942A8BF19460D9B89
:103B800023F8021B0D930D9B339A934287D1039B1D
:103B90001B9A13440393029B01330293059B4344F6
:103BA000059370E7369A18922E9A97E737992F98CF
:103BB0001991A5E700240025A9E72C99129C0C92E5
:103BC0000C4402990AFB0414449901EB44010A9144
:103BD00013998D180B9901FB056546996918119188
:103BE0000C990C4618998C4209DB32990130129CD1
:103BF0000C4406991294139C0C44139495E7119964
:103C000091F9001034910A99DDE90045B1F800C03E
:103C10003499CCFB81450C990131CDE900450C91DB
:103C20000A9C2A990C440B990A94119C0C441194F7
:103C3000D6E70F9B319A1344229A0F93099B0133C5
:103C40000993149B13449BB21493E3E600203BB00A
:103C5000BDE8F08FFFFFFE7F2DE9F04F146887B0BD
:103C60001D680E46174B17469C42D4BF04F500440E
:103C700047F6FF74DDE91089DDE915ABD8BF2414E0
:103C80001DB9284607B0BDE8F08F33694046149A45
:103C9000013D0593F36812990493DAF80C3003930D
:103CA000D9F8003002937B68CDE900435B4600F011
:103CB0000DF8D9F8003008EB4308DAF80C300BEBBC
:103CC000430BDDE7FFFFFE7F002070472DE9F04F3B
:103CD00093B0164607460B931F9B019103EBD37AD3
:103CE000DDF870B0DDF804804FEA6A0359460693A8
:103CF0001E9BB3F5007FA8BF4FF400731D46002B39
:103D0000B8BF0335AB1008931E9B5B00049325F0EE
:103D1000030307930B9B079A03F1040A019B1344C7
:103D2000019A52420592089A00EBC20200920022C8
:103D30000292CA17CDE90C12029A06998A424CDB0C
:103D4000049B21EAE17A019A0AFB03281F9BDB0707
:103D50003FD5079B002443441D46454540F00F8155
:103D6000089B27464FEAE478C5EB830168181E9B41
:103D7000834200F3288126B1D6E900107F1840EB7A
:103D8000080858460BFB08F3ABFB07451D9AC11703
:103D9000123207FB01331D441D9BC3F10E0305FACC
:103DA00002F2B3F1200124FA03F358BF45FA01F1FE
:103DB00043EA0203209A58BF0B4301335B1093423E
:103DC000B8BF1346219A9342A8BF13460B9A22F814
:103DD0002A30002013B0BDE8F08F1E9A0024B946A7
:103DE000424425460392049A42440E92009A914519
:103DF00077D119461E9B2A46DDF800E003EB010C43
:103E0000EB17E517CDF80CC0059801EB00081E98DC
:103E10008045C0F2A7806EB1B646FEE804894946E7
:103E200012EB080241EB0303D6E902107646641850
:103E300040EB05050D980AF1040A1D995043C1F1A4
:103E40000E010BFB0300A2FB0B23B1F1200E034478
:103E50001D9800F1120822FA01F058BF43FA0EFE35
:103E6000C1F1200203FA08F8209B40EA0800DDF8BF
:103E7000388058BF40EA0E00013040109842B8BF69
:103E80001846219B9842A8BF18460D9B63432AF809
:103E9000080C0BFB0533A4FB0B451D44B1F12003BB
:103EA00024FA01F105FA02F258BF45FA03F341EA98
:103EB000020158BF1943209B013149109942B8BFF4
:103EC0001946219B9942A8BF1946029B2AF8061C55
:103ED0000133DDE904120293521A1E9B05926344DA
:103EE0002AE74946042211A80F9304F003F804229C
:103EF000119B11A809EB020109F108090A9303F0CB
:103F0000F9FF119B4146042211A8099308F1040806
:103F100003F0F0FF119A2FFA92F12FFA82F20A9B26
:103F2000C1EA2240C2EA014222FB0355099B20FB61
:103F300003550422039911A803F0DCFF039B119A97
:103F4000043303932FFA92F12FFA82F20A9BC1EA0B
:103F50002240C2EA014222FB0344099B20FB0344A6
:103F60000F9B43E73EF9028B11F9019B0398C8FBB5
:103F7000892310F9019BC8FB8945039044E741461A
:103F8000042211A808F1040803F0B4FF119B2FFAD2
:103F900093F2394611A82FFA83F9C2EA2943C9EAF4
:103FA00002490422019303F0A5FF119B29FB03445E
:103FB000042211A8B918083703F09CFF119B019A3D
:103FC00022FB0344C9E6009B15F9010B33F9024BB0
:103FD000C4FB80780093C9E610B4069CA468A407CB
:103FE00003D15DF8044B00F013B84FF0FF305DF8DB
:103FF000044B7047C368886843434868584380004F
:104000007047C368886843434868584380007047D6
:104010002DE9F04FD0F800A08B461C462DED028B09
:10402000B9B04599499DBAF1000F05D11846FFF77F
:10403000E8FF002800F39B81EE68E068B7B22368D0
:1040400008EE107ADBF810702A932397DBF80870DB
:104050002497DBF800702B97DBF804701897DBF8D7
:1040600020701997DBF824701A97176852681B970D
:104070001C92AA88179222890892A288089C1692FC
:1040800082B20992169A6243099C6243D1E90113F4
:1040900028922A891D92B2B21D9C1E92179A6243E1
:1040A00018EE104A624326928AB21F929AB21F9C5F
:1040B00013FB01F3109213FB00F35443099A99B2D6
:1040C00003F003036243089827910AEB8201C2F3CD
:1040D0008F022093259103EB8203099921934900D4
:1040E000469B0A9103EB8203BBF80C102D930AEB5D
:1040F000C203229141430A9A309331910A9BBBF843
:104100001410634348422E933390109B08985343F6
:1041100041432F930023494232910C930C9B2A9ADE
:10412000934205DB002039B0BDEC028BBDE8F08F77
:10413000BBF81C305446089A159353432993339B7C
:104140001493329B11934A9B0F9300230D93BBF85A
:10415000183034930D9B179A934240F08480A24507
:1041600040F00081449B289A1344269A44934A9B2A
:1041700013444A930C9B0133CFE7BDF89030A0461F
:10418000BDF88C206B43DDF850909B1A2C93119B4B
:104190000B9300230E930E9B1F9A934235D04746F4
:1041A0000026BDF9AC3015E0169A914508D2349A34
:1041B0002C9906FB0210002802DB089A824218DCC8
:1041C0000A9A00213846359303F0BCFE0A9A01365C
:1041D000359B1744109A9642E6DB2F9B299A984408
:1041E0000E9B01330E930B9B13440B93159B994429
:1041F000D1E70B9A3946359300EB020E099A4498A1
:1042000002FB0E0001F0C6FCE0E72E9B1C44259B40
:10421000A34218D10F9B544618EE102A514606931C
:10422000489B46980593279B0493BDF968300393F8
:10423000BDF964300293189B01931B9B00931C9B58
:1042400001F007FA0F9001351D9B9D4295DB0D9BF8
:10425000319A01330D93119B1344229A1193149BAD
:104260001344149376E70025EEE7489B002B4AD0D1
:1042700053F82540D146DDF82C8047453B4644D1D4
:104280002099309A79188B4265D10B9B4FF0804171
:10429000219A13441C9A52F8250000220B931B9B71
:1042A0000028CDE9121220EAE07253F82530D4BF7D
:1042B000404200209440DDE91212C3FB0412144670
:1042C000CA0F42EA440301228240013A03EA020192
:1042D00003414FEA620248BF01329142189AC8BFB7
:1042E00001331344199A9342B8BF13461A9A934262
:1042F000A8BF13460F9A53550135219B1F441E9B9F
:104300009D42B2D12EE7489CB4E74146042237A82B
:1043100008F1040803F0EEFD379E2FFA96F34946A4
:1043200037A82FFA86F6C3EA26420D920422C6EA7F
:10433000034603F0DFFD379B26FB0344042237A826
:1043400009EB020109F1080903F0D4FD379B0D9A2E
:1043500022FB034491E713F9010B32F8026B16FBC1
:10436000004490E7469B00252D9F0B93C7E74FF035
:10437000FF30D8E62DE9F04FCF68B5B09C680C97B8
:104380000F69439E17975768126825942792B26861
:10439000DC682C9272685D682D924A684B690592C0
:1043A0004A6A0B9306928A6A3F980792F2688B6971
:1043B0009442D1F800B0269740F086820B9A012AE9
:1043C00000F382828268032A40F07E824268032AD8
:1043D00040F07A825A420D93EB18002C09921993FF
:1043E0000B9B259AC3F1000304FB02F228930C9B5C
:1043F00012924FEA440203FB04F3089204EB4402D6
:104400002F93289B189203FB04F32E9324F00303AD
:10441000B8BF00231193E31A119A9442B8BF002346
:10442000309300230A931393139B2D9A934203DB3B
:10443000002035B0BDE8F08F099B2E99002B0D9B15
:10444000C8BF00231093109A189B53432993099BCC
:104450009A183E9B0B44129901FB02330B9A0F935F
:10446000259B249213440E93289B149300231593A9
:10447000199B032BA8BF03232B93159B2C9A9342C4
:104480000DDB179A099B13440993139B0133139374
:104490000D9B9B1A0D93199B9B1A1993C4E7149BB0
:1044A0000A9A002B249BC8BF00232A93449B1344E1
:1044B0000393DDE926390293429B01930023049381
:1044C000E31E049A934224DC0A9B4FF0010C119ADC
:1044D000299913441D46449B03EB050A409B5F1832
:1044E000A242C0F28A81309B0C9AEB180A93149B6B
:1044F00013441493159B01331593249B9B1A2F9AF5
:1045000024930F9B13440C9A0F930E9B9B1A0E93AC
:10451000B3E7019B049A2999D3E90076D3E90253C2
:1045200000930F9B1344409A02EB0108049A9044B5
:10453000109A169216992B9A8A4200F3D480029B05
:1045400000214FF0804AD9F800201B684FF08048C6
:104550004FF0804C09F11009002BCDE91AA123EA94
:10456000E371D4BF5B4200238F40DDE91A01C2FB37
:1045700007010122C00F9A4040EA4100013A50FA77
:1045800003F300EA02014FEA620248BF013291429E
:10459000029959F80C2C4F684FF00001C8BF013345
:1045A000002FCDE91C8127EAE771D4BF7F420027A5
:1045B0008E40DDE91C01C2FB0601C20F42EA410246
:1045C0000121B940013902EA01003A414FEA610193
:1045D00048BF01318842029859F8081C86684FF09C
:1045E0000000C8BF0132002ECDE91EC026EAE670E9
:1045F000D4BF764200268540DDE91E78C1FB0578F0
:104600000121FD0F4FF08047B14045EA48050139CF
:1046100005EA010035414FEA610148BF0131884296
:10462000029859F8041CC6684FF00000C8BF013555
:10463000002ECDE9207026EAE670009FD4BF7642B6
:10464000002687403846DDE92078C1FB0078F80F66
:1046500040EA48010120B04051FA06F600F1FF306F
:1046600001EA00074FEA6000059948BF01300B449A
:1046700006998742C8BF01368B42B8BF0B460599E1
:104680000A4406998A42B8BF0A4605990D4406991C
:104690008D42B8BF0D4605990E4406998E42B8BFAB
:1046A0000E4607998B42A8BF0B4603990B70079BD8
:1046B0009A42A8BF1A46079B9D424A70A8BF1D4652
:1046C000079B9E428D70A8BF1E46049B0433CE708C
:1046D00004930B4604330393029B10330293019B14
:1046E00010330193ECE62A9A42BB1946042233A800
:1046F000319303F0FFFB0422414633A8DDF8CCA040
:1047000003F0F8FB339A4BFA8AF1009B50B200FB9E
:1047100001774AF3072142F30720594400FB016661
:104720004AF3074142F307400BEB2A6A1216594439
:1047300002FB0A3300FB01550093319B1919042237
:1047400033A8319303F0D6FB042208EB040133A80D
:10475000DDF8CCA003F0CEFB339A4BFA8AF1009B34
:1047600050B200FB01774AF3072142F30720594476
:1047700000FB01664AF3074142F307400BEB2A6A4C
:104780001216594402FB0A3300FB015500930E9B9D
:10479000022B319B2ADD0899042233A8591803F013
:1047A000A9FB089B042233A808EB0301DDF8CCA089
:1047B00003F0A0FB339A4BFA8AF1009B50B200FB46
:1047C00001774AF3072142F30720594400FB0166B1
:1047D0004AF3074142F307400BEB2A6A1216594489
:1047E00002FB0A3300FB01550093319B129A1344DC
:1047F000189A9044169A01329BE6429BB8180F997A
:1048000053F822301144DDF840E02B9E764539DC28
:1048100026984FF08046279950F822E0002051F862
:1048200022100132BEF1000FCDE922602EEAEE70B7
:10483000D4BFCEF1000E4FF0000E8340DDE9228997
:10484000C1FB038940460CFA0EF1C30F013943EA5C
:10485000490353FA0EFE03EA01004FEA6101059B8A
:1048600048BF01318842C8BF0EF1010E9E44069B2D
:104870009E45B8BF9E46079B9E45A8BF9E460AF828
:1048800001EB2DE62A9E36B991F9008090F900904F
:10489000D84409FB083311F904800E9ED84410F95E
:1048A0000490022E09FB083307DD089E11F90680EB
:1048B00010F90690D84409FB0833129E0EF1010E40
:1048C0003144189E3044A0E74FF0FF30B1E52DE9A8
:1048D000F04FCC69BDB0D3F80C90A0B2479E319098
:1048E000086A85B232958D6800951D681D959D6892
:1048F0001E955D68B3681F9373688E692B934B692F
:104900000C93CB6802930B690D935368DDE94AA7BA
:104910002C9313682D93BB682E937B682F934B6861
:1049200003930B6830934B6A04938B6A0593009B47
:1049300013F0030340F0F3811D9A012A40F0EF8148
:10494000012C40F0EC81012840F0E981FA681F99C0
:10495000069272420A960792069A0B934A4300996E
:104960001893289203311E9A0E9009FB02F22A92A4
:1049700005EB060212920C9AC2F100022992029AE9
:1049800009FB02F23192299A09FB02F23292009A53
:1049900002F1030222F00302B8BF00223692189BF4
:1049A0002F9A934203DB00203DB0BDE8F08F079BB8
:1049B0000C9A002B0A9BC8BF00231D931E9B134417
:1049C0001D9A1193079B13442A9A5343289A3393B1
:1049D0001D9B53432B9A3493329B16930C9B0F933E
:1049E000299B139300231793129B9342A8BF13464E
:1049F0003B93179B2E9A93420DDB0D9A079B134412
:104A00000793189B013318930A9B9B1A0A93129BD6
:104A10009B1A1293C3E7139B339A002B0F9B349975
:104A2000C8BF00231093169B1344109A1C93069B37
:104A300002FB03131F9937931346469A09FB03237E
:104A4000119A8A4235934FF00003A8BF0A463A9262
:104A5000069A9A4240F351814C9A0AEB83080B99CB
:104A600002EB010E2C992D9A01EB830102EB8302DC
:104A7000019137995918389100210891F0E0BAF165
:104A8000000F00F0FC80D8E90215D8E90040099534
:104A90001C9D089E1995389D1A951D9D1495489D3D
:104AA000354439953B9D149EAE42C0F2EE80019E86
:104AB0004FF0804C15680EF1040E37680026103256
:104AC00008F11008002FCDE920C627EAE776D4BF09
:104AD0007F420027B440DDE920BCC5FB04BC5C4636
:104AE0004FF0804BE60F0E9CBC4046EA4C064FF060
:104AF000804C013C06EA040564103E4148BF013485
:104B00001496A542019DC8BF149C6F684FF0000524
:104B1000C8BF0134CDE922B527EAE775C8BF1494B0
:104B2000002F52F80C4C00FA05F0D4BF7F4200274A
:104B3000DDE92256C4FB00560E98EC0FB84044EA5B
:104B40004604013804EA00053C414FEA600048BFD2
:104B500001308542019D52F8080CAF684FF0000506
:104B6000C8BF0134002FCDE924C527EAE775D4BFBB
:104B70007F420027A940DDE92456C0FB01560E996B
:104B8000ED0FB94045EA46054FF08046013905EA88
:104B900001003D414FEA610148BF0131884201985F
:104BA00052F8041CC7684FF00000C8BF0135002F41
:104BB000CDE92660099E27EAE770D4BF7F4200272F
:104BC0008640DDE926BCC1FB06BC4FEADB7040EA4B
:104BD0004C010E98B84051FA07F700F1FF3001EA96
:104BE000000B4FEA6000039948BF013083451498D9
:104BF00008440499C8BF013788420646B8BF0E462C
:104C000005998E42A8BF0E4603990C4404990EF8EC
:104C1000046C8C42B8BF0C4605998C42A8BF0C4668
:104C200003990D4404990EF8034C8D42B8BF0D460C
:104C300005998D42A8BF0D4603990F4404990EF8BB
:104C4000025C8F42B8BF0F4605998F42A8BF0F463E
:104C5000089904310EF8017C0891019910310191F5
:104C60000099089881423FF70AAF0B9A36990A4497
:104C70000B92009A13441C9A01321C92E8E65146AA
:104C800050465446CDF824A002E7199E359D354480
:104C90001A9E1B95399D3544109EB4463A9FBC45DB
:104CA0000BDB149D289E013514951A9D35442A9ED0
:104CB0001A95199D35441995F4E61B9E309F96F977
:104CC000006095F900B03E44099F06FB0B4495F93E
:104CD00001B006FB0B0095F902B006FB0B1195F92C
:104CE00003B006FB0B76099666460136B4461B9E5A
:104CF0004E441B96069E3544D0E7029A139B1344FC
:104D00001393179B013317930F9B9B1A0F93119BC0
:104D10009B1A319A1193169B1344169369E6B3B20A
:104D20001FFA89F9269380B2BDF808301FFA84FE75
:104D300080462893BDF834302993BDF87830079326
:104D4000ABB21993199A079B534309FB03F33393AF
:104D5000BDF80030119309FB03F30193BDF8B8309F
:104D60001B931B9A019B53431C93BDF8BC301A93B1
:104D70001A9A1C9B53433493079B43432F930EFB78
:104D800009F335930023069310930C9B5B429BB26F
:104D90003A93BDF8AC302493BDF87430069A934230
:104DA0007FF701AE269B5B429BB21693109B0F933D
:104DB00000230A93BDF87C3009932CE0BDF958B06C
:104DC000BBF1000FCBF10003C8BF00232E933A9B29
:104DD00013930F9B0E9300230B93199BA3EB0B03D1
:104DE0002293229A249B9342A8BF13463893A8EBA0
:104DF0000B03013B39930B9B1B9A93421BDB0F9BCD
:104E00001C9A1344299A0F930A9B01330A93169B09
:104E100013449BB216930A9B1A9A9342CEDB109BC3
:104E2000349A1344339A1093469B13444693069B3B
:104E300001330693B0E7BDF94C3000935B42009A12
:104E4000002AC8BF00232B930E9B0D9300230893C9
:104E50000293079B9B1A2093209A099B9342A8BF19
:104E600013463793029B4B4500F0C2800D9A4C9B32
:104E70001344089A1E9373E0319B012B7ED920992D
:104E8000009B01EB0E040998AEEB0303013C013BD0
:104E900094FBFEF493FBFEF38442214623EAE37382
:104EA000A8BF01461791329901296BD93999249CE1
:104EB00091FBF8F0229920EAE0704144013991FB1E
:104EC000F8F1A142A8BF21461891BAF1000F5DD0B8
:104ED0005AF82270079900FB08BC009C01FB0CFCEF
:104EE00009990EFB034441432A9412911899884270
:104EF0004EDB2C994FF080402D9B51F82240002131
:104F000053F822300132002CCDE9140124EAE47177
:104F1000D4BF644200248F40DDE91401C3FB0701C4
:104F2000C30F43EA41030121A14053FA04F401F104
:104F3000FF3103EA01004FEA6101039B48BF0131E1
:104F40008842C8BF01341C44049B9C42B8BF1C4625
:104F5000059B9C42A8BF1C461E9B03F8014B1E9359
:104F6000119B08990B449A4286D10D9B1199089286
:104F70000B440D93029B0133029373E7379B179306
:104F80002B9B90E738992E9818919EE75746A1E7FA
:104F90002A9C12990CEB0405029C5E180C9309FBE9
:104FA0000545469C2544019C04FB0626489C264456
:104FB00017990C9C8C4207DB2F990130129C8C4472
:104FC00009990C44129491E795F90010309C214402
:104FD0000C4696F9001036912146369C04FB017769
:104FE0000C9901310C9135990D4401990E44DFE77C
:104FF0000E9B019A1344289A0E930B9B01330B933B
:10500000139B13449BB21393F5E6C368886843432C
:1050100048685843400070472DE9F04F2DED048B50
:10502000C5B0D3F80CB01E460C46579D5399EB689B
:105030009B45019340F00A83036800932BB93046E7
:10504000FFF7E3FF002800F30183B3684FEA4B0A40
:1050500020681493736833938B6808934B6811939B
:1050600063693493A3693593E3683693236937936F
:105070005368239313682493AB6825936B68389324
:1050800063680993636A0A93A36A0B93089B03FB03
:105090000BF32693019B1199002B089CB8BF033397
:1050A000C3F38F02C3F38F032892089A12FB01F116
:1050B0008AB201F0010139923B910AF10401119A7F
:1050C0002E914FEA8B0162432191990002EBD2723B
:1050D0003091C2F34F0401993A9401F00301259CE9
:1050E00001EB830124EAE47461432F91149901FBDD
:1050F0000BF13F91569901EB03112D91239901EB8F
:1051000003113E91249901EB03133D93289B9B00CF
:105110009BB23C93C2F34F03219A5A4303FB0AF319
:105120002A922993089B23EAE3730BFB03F3319341
:1051300000230E9303B209EE103A0E9B389A934265
:1051400005DB002045B0BDEC048BBDE8F08F379A3D
:105150000E9B119913FB02F3359A9B1A1BB2002B7D
:10516000C3F10002C8BF00220792339AD21A8A42C2
:10517000A8BF0A4607992792269A27984A435100C2
:1051800008EE101A1199091A229122982699414382
:10519000490008EE901A079900290B4408BF002225
:1051A0003292149A53434093589B129300230F93C7
:1051B0000F9B259A934207DB589B2F9A13445893D1
:1051C0000E9B01330E93B8E70F9B369A13FB02F444
:1051D000349BE41A23B20293079B2BB118EE102ADA
:1051E0000021009802F0AEFE409B029ADDF81C9070
:1051F0009D18529B329F0BFB0535279B99452FDB52
:10520000229B3BB1009B18EE902A002103EB470044
:1052100002F098FE569B03F11009249B03F110083D
:10522000239B03F11007129B04330293289B0C93DA
:1052300000230D930C9B002B38D1129B309A134402
:105240001D46019B03F003040C9B3C9A9C421A44AC
:1052500092B240F0B0812B1912930F9B0133A6E755
:10526000009B2C46002603EB4708089B9E4206DB6A
:10527000319B09F101091F443F9B1D44BDE7029B7F
:10528000F31802D4149A9A4208DC52460021404690
:1052900002F058FE0136D0445C44E6E719EE103ABD
:1052A0005A464146204600F075FCF3E759F8103C99
:1052B0000D9A069359F80C3C039359F8083C049353
:1052C00059F8043C0593009B03EB42031593549B50
:1052D000159E13442093134604339BB20D93209BD9
:1052E00010933A9B1393139B002B40F0FD802A9A56
:1052F000159B29991344209A0A443B99F1B12998A6
:1053000020992A9C09561598005B069C10FB0141C8
:105310005888039C069192F9011010FB014198886E
:10532000049C039192F90210DB8810FB014192F971
:1053300003200491059913FB0213059357F8100CF1
:105340004FF080450022069958F8103C00284FF095
:10535000804C09F1100908F1100807F11007CDE998
:10536000165220EAE072D4BF404200209140DDE9AD
:105370001645C3FB0145E20F4FF0804442EA450366
:1053800001228240013A03EA020103414FEA62022C
:1053900048BF01329142099A0399C8BF01331344AF
:1053A0000A9A9342B8BF13460B9A9342A8BF13467A
:1053B000029A02F8043C002257F81C0C58F81C3CD6
:1053C0000028CDE9184220EAE072D4BF4042002014
:1053D0009140DDE91845C3FB0145E20F42EA450370
:1053E00001228240013A03EA020103414FEA6202CC
:1053F00048BF01329142099A4FF08041C8BF013342
:1054000013440A9A9342B8BF13460B9A9342A8BF1B
:105410001346029A02F8033C002257F8180C58F879
:10542000183C0028CDE91A1220EAE0720499D4BF92
:10543000404200209140DDE91A45C3FB0145E20FDF
:1054400042EA450301228240013A03EA0201034194
:105450004FEA620248BF01329142099AC8BF013344
:1054600013440A9A05999342B8BF13460B9A934284
:10547000A8BF1346029A02F8023C002257F8140C07
:1054800058F8143C0028CDE91CC220EAE072D4BFD1
:10549000404200209140DDE91C45C3FB0145E20F7D
:1054A00042EA450301228240013A03EA0201034134
:1054B0004FEA620248BF01329142099AC8BF0133E4
:1054C00013440A9A9342B8BF13460B9A9342A8BF5B
:1054D0001346029A02F8013C0C9B013B9BB20C93D1
:1054E000134604330293A5E61099042243A802F060
:1054F00001FD109B042243A803EB0B01439D02F026
:10550000F9FC3146042243A8439C02F0F3FC439B80
:1055100006EB0A01042243A8419302F0EBFC439AF4
:105520002FFA85F34FEA35252B932FFA85F52FFABD
:1055300084F34FEA34242C932FFA84F4419BC2EA7B
:105540000341C2EA2343DDE92B02C2EA0042069886
:1055500021FB020206920399C5EA044223FB0213CF
:10556000042243A80393B11802F0C4FC439B042215
:1055700043A841932E9BF11802F0BCFC439A419B37
:10558000C2EA0341C2EA2343DDE92B20C2EA2042FA
:10559000049821FB02020492C4EA2544059A23FBE5
:1055A00004230593109B53441093219B1E44139B8B
:1055B000013B9BB296E654982D998718009851F8B4
:1055C000231000EB42020020399E864234DC3E98D4
:1055D0004FF080463D9A50F82370002052F8232067
:1055E000002FCDE91E6027EAE770D4BF7F42002775
:1055F0008140DDE91E89C2FB018901214046B94095
:10560000C20F013942EA490252FA07F702EA0100E1
:105610004FEA6101099A48BF01318842C8BF01378A
:1056200017440A9A9742B8BF17460B9A9742A8BFE9
:105630001746EF54013308E697F900C00130B2F87D
:1056400000E05F4452441EFB0C11BDE74FF0FF30F9
:1056500078E52DE9F04FA7B04FEA520A8946054692
:105660001A93BDF9C8300C920493BDF9CC3019904F
:105670000593BDF8D0300193369B13441B93019BD7
:1056800001EB43030293369B02330A931B9B0233C5
:105690000B93309B03F108081A9B08330393019B7B
:1056A00003F003031F93019B1F999B089A0021920B
:1056B000019A571807EB8302189200EB83020892B5
:1056C00009EBC3020F92029A02EBC3031E93CDF8BB
:1056D00034A00D9B002B40F08D80369B03EB4A06D7
:1056E000DDE9183203FB0A270C9BDB077CD5359BD1
:1056F000002B00F003821C682546B8460F9B4B45E3
:1057000040F0FE81219B1F44019B03F00301002315
:10571000994240F03382309B4FF08042013653F87B
:105720003A1090461A9B012253F83A70002327EA58
:10573000E770002F994604FA00F4D8BF7B42C1FB02
:1057400004899A404FEAD870013A40EA490151FA77
:1057500003F301EA02004FEA620248BF01329042BD
:10576000319AC8BF01331344049A9342B8BF134619
:10577000059A9342A8BF1346369A02F81A304FF0A2
:105780008042309B174653F83A101A9B53F83A4020
:105790000023002C24EAE4709846C8BF1A4605FA94
:1057A00000F5D8BF62420123C1FB0578F80F934092
:1057B00040EA4801013B01EA030011414FEA63035B
:1057C00048BF01339842319BC8BF01311944049B43
:1057D0008B42B8BF0B461946059B8B42A8BF0B46B0
:1057E00019461B9B03F81A100C9B3344184627B02C
:1057F000BDE8F08F019B2295EB180E93359B002B93
:1058000000F00081D3E9004B08333593029B4F46EB
:105810000993CDE9064B0F9BBB4240F0F780089BF4
:10582000019A1F9ED0181E990F9A03EB060E09923B
:10583000734540F04C81039A4FF0804658F8083C7D
:105840004FF0804552F8080C002208F108080028A3
:10585000CDE9106220EAE072D4BF404200209440BB
:10586000DDE91012C3FB04121446CA0F42EA4403D6
:1058700001228240013A03EA020103414FEA620237
:1058800048BF01329142319AC8BF01331344049A90
:105890009342B8BF1346059A9342A8BF13460A9A8B
:1058A00002F8023C039A58F8103C52F8080C002207
:1058B00020EAE0760028CDE91252069AD4BF404291
:1058C0000020B2401646DDE91212C3FB0612144650
:1058D000CA0F42EA440301224FF080448240013A59
:1058E00003EA020103414FEA620248BF01329142DA
:1058F000319AC8BF01331344049A9342B8BF134688
:10590000059A9342A8BF13460B9A02F8023C039BE8
:1059100058F80C2C53F8040C0023CDE9144320EA6A
:10592000E07300280BFA03FBD4BF40420020DDE9FE
:105930001434C2FB0B34DA0F42EA440301228240E2
:10594000013A03EA020103414FEA620248BF013211
:105950009142319A4FF08041C8BF01331344049AF9
:105960009342B8BF1346059A9342A8BF13460A9ABA
:1059700002F8013C039A58F80C3C52F8040C00223F
:1059800020EAE0750028CDE91612079AD4BF4042FC
:105990000020AA401546DDE91612C3FB0512144685
:1059A000CA0F42EA440301228240013A03EA02019B
:1059B00003414FEA620248BF01329142319AC8BFA7
:1059C00001331344049A9342B8BF1346059A934295
:1059D000A8BF13460B9A02F8013C189A229B134465
:1059E0001D460D9B013B9BB20D930A9B02330A930C
:1059F0000B9B02330B93039B08330393089B1344C5
:105A0000089366E6DDF8D4B05C46FFE6394604222A
:105A100025A802F06FFA259B0999042225A81D9359
:105A200002F068FA259B2946042225A81C93043518
:105A300002F060FA259E2FFA96F20E9925A82FFA09
:105A400086F6C2EA2643C6EA02460422239302F0FF
:105A500051FA0E9B259A04330E932FFA92F12FFAE6
:105A600082F2C1EA2243C2EA014220931D9B26FB37
:105A700003441C9B069926FB03161D9B22FB03B3C4
:105A80001D9307991C9B22FB0313042225A807934F
:105A9000B918083702F02EFA099B042225A8DDF870
:105AA00094B0991802F026FA099B259A08330993B5
:105AB000239B23FB0B4423FB026306931D99209B2E
:105AC00023FB0B1B079923FB02130793A3E6099AF9
:105AD00013F901CB32F9027B31F9026B099217FB02
:105AE0000C44069A10F9015B16FB0C2217FB05BB50
:105AF0000692079A16FB0522079299E6359CFBE56C
:105B00004946042225A802F0F5F9259B02990422B2
:105B100025A8069302F0EEF9259B4146042225A80C
:105B2000039308F1040802F0E5F9259B2FFA93F29C
:105B30002FFA83F3C2EA234BC3EA0243069A23FBFC
:105B40000244039A23FB0255042225A809EB020113
:105B500009F1080902F0CEF9259B042225A8039338
:105B6000029B991802F0C6F9029B08330293039B2B
:105B70002BFB0344259B2BFB0355BFE5FA5639F855
:105B8000130010FB02441E9830F81300013310FB81
:105B90000255BDE52DE9F04FC3EA034A22F00305A3
:105BA00085B007460E46144698464FEA920B0544C8
:105BB0008946AF4209D104F0030406EBCB062C441E
:105BC000A54225D105B0BDE8F08F3946042203A8CF
:105BD000043702F08FF9039A48464FEA32212AFA35
:105BE00082F22AFA81F1C1EA2243C2EA014203A900
:105BF00003920422019302F07DF90422019B03A980
:105C000009EB020009F10809039302F073F9D0E7E8
:105C100015F9013B434426F8023BD1E72DE9F04F4B
:105C2000B3B01D4617460C463D9E8046E968DDF838
:105C30000491D6E9013253435943B1F5007F04DBA7
:105C40004FF0FF3033B0BDE8F08F0368002B7CD0FD
:105C5000B2682B680892726826930F92D9F80820D0
:105C6000AB681892D9F8042007931992D9F80C2040
:105C70006B681092B4F9202017931A92B4F924207B
:105C800017991B923A68EB681C927A684FEA430BAB
:105C9000D8F800A01D92079A4A435A435200249212
:105CA000DDE918214A4310994A43520025920F9981
:105CB000089A4A4307995A4309920AEB82022092B2
:105CC000E26815924A435A43520021926269514256
:105CD00023912169484227900798424308985242ED
:105CE000521A0F9911FB00F10BFB02F211FB03F1A9
:105CF0002C92099A01F00301C2F38F021F9101EB6C
:105D000082011E913E9901EB82010AEBC2022991A8
:105D10002B92A26816925A4352002292079A53433A
:105D20005B00289300230B930B9B269A934280F2EF
:105D300044813C9B54462C9ADDF88C9013440A9382
:105D4000429B0C9300230D9344E031462846FEF716
:105D500058F900287FF77CAF72E7089B4D46002B6F
:105D6000B8BF00230BFB03F32A93119B1493089BEA
:105D70003B442D932E9BAB425FDC209BA34213D16F
:105D80000C9B5446109A51460593409B3E980493B1
:105D9000099B03931B9B02931A9B01931C9B0093EB
:105DA0001D9B00F08DFA0C900E9B229A01330E93EE
:105DB000119B13441193169B1F440E9B189A9342F8
:105DC000CBDB0D9B219A01330D930A9B13440A935D
:105DD000159B99440D9B199A934232DA0A9B279F8F
:105DE000119300230E930F9B4B442E93E5E7002D58
:105DF00007DB179A954204DA002E02DB079A9642D7
:105E000014DB5A46002140462F9302F09BF82F9B4B
:105E1000D84401365B442D9AB242E8DC2A9B013516
:105E2000289A1C44149B13441493A3E75A4619461A
:105E300040462F9302F05EF8E9E7149B3E46A046E9
:105E4000E9E7544540F0B4803C9B249A1344259ADA
:105E50003C93429B134442930B9B013363E74146BF
:105E6000042231A808F1040802F044F8319E2FFA08
:105E700096F3494631A82FFA86F6C3EA26420D92D8
:105E80000422C6EA034602F035F8319B26FB0344A0
:105E9000042231A809EB020109F1080902F02AF8ED
:105EA000319B0D9A22FB0344B8453B46D7D11F993D
:105EB0002B9A39448B424ED10A9B1E9A13440A9363
:105EC0001C9B53F825601D9B53F825C0409B002B5D
:105ED00048D03B4B9E42409BD8BF06F5004603EBA3
:105EE000C503CCBF47F6FF763614D3E90023F1177C
:105EF000121943EBE473514306FB0311A2FB062383
:105F00000B44CCF10E010CF1120CB1F1200022FA7D
:105F100001F103FA0CFC58BF43FA00F041EA0C010E
:105F200058BF0143013149101A9B9942B8BF194625
:105F30001B9B9942A8BF19460C9B23F815100135ED
:105F40001E9B1F44109B9D42BFF67EAFD146DDF8DD
:105F500028800024A8E713F9010B32F8026B16FB26
:105F60000044A7E74FF08043BCF1000F1293409B21
:105F700013932CEAEC73D4BFCCF1000CDDF800C114
:105F80009C40DDE91223C6FB0423D10F41EA430103
:105F9000012303FA0CF3013B01EA030251FA0CF16D
:105FA0004FEA630348BF01339A42C8BF0131BBE7E0
:105FB0003E9B0025299F0A93C4E7002042E600BFCC
:105FC000FFFFFE7FC36888684343486858438000EA
:105FD000704700002DE9F04FB1B018685C683B9E37
:105FE0003F9DB76876681F901996AE68D8680E9680
:105FF0006E68ED68049705950D691A961B954D69B5
:106000000F958D681C95CD68D1E9069C10950D6A99
:10601000496A20952191116822919B6852680393E7
:10602000634323924343059A5B001D930E9B734386
:106030005343199A5B001E933B46534343432C93AF
:10604000059B5B002993039B43430CFB03F32793BE
:106050003B464343289300FB09F326930023079311
:106060000F9B1C4404EB0C032E931B9B4B442F9360
:10607000079B1F9A9342C0F21781002031B0BDE800
:10608000F08F229B4FF000088B4953F82230CDF857
:1060900024808B42D6BF03F5004347F6FF7A4FEAD0
:1060A000234A0F9B5B4208932D9B013B11932E9B30
:1060B000013B14933E9B03EBC20B5346DC17CDE927
:1060C0002A34099B1A998B4211DB2C9B01329E4486
:1060D000059B9A42D5DB3A9B1D9A13441E9A3A932C
:1060E000409B13444093079B01330793C0E71B9BDE
:1060F00040995B420A93059B03FB082301EB430392
:1061000016932F9B013B069300230B930B9B0E9939
:106110008B420FDB1099089B0B440893099B0133BA
:1061200009930E9B9844119B5B1A1193149B5B1A65
:106130001493C6E7119B199D0A9E93FBFCF1069BE5
:1061400021EAE17193FBF9F323EAE3730293149BD1
:10615000029C93FBFCF3AB42A8BF2B46069D249305
:10616000039B2B44049D93FBF9F3AB42A8BF2B4642
:10617000039D2593089B01FB0C3305FB0363049DE2
:1061800004FB093305FB01450024434300FB05E5FF
:1061900012930023CDE90034249EB1427EDB3E9B66
:1061A00043B1009CDBE90031E3180093019B41EB14
:1061B00003030193019B2B99009C0AFB03F304FB4F
:1061C0000133AAFB04451D44239B53F82210C1F15F
:1061D0000E031231B3F1200605FA01F124FA03F39C
:1061E00058BF45FA06F643EA0103209958BF3343E6
:1061F00001335B108B42B8BF0B4621998B42A8BF7D
:106200000B4616990B800A9B1C990B4429990A93FB
:106210000B9B01330B93169B0B441C991693069B07
:106220005B1A069372E7159F3A9E06EB4706139F8B
:1062300018963C9E3E44179600260D960D9E86426B
:1062400015DB0C9E269F01360C96159E3E44159636
:10625000139E064413960C9E259FBE42E3DB279EA9
:106260000131129B3344289E1293354494E7189EC3
:10627000374637F9026B3346179E1897374617F99A
:10628000016B344617971E462746DDE90034C6FBEE
:1062900087340D9ECDE900340136CEE7129B13956D
:1062A0001593029B0C93D6E70F9B4FF0000E6344AF
:1062B00072462D930CE700BFFFFFFE7F0020704762
:1062C0002DE9F04FA7B002EBD2741D93BDF9C43095
:1062D0000E920393BDF9C8300091049353001890B7
:1062E0001F93359BDDF8D0A003EB4203339A1A933A
:1062F0006310002A2093C4F34F03079301EB42037A
:106300000693359B03F104030D931A9B03F10403D9
:106310000C931D9B03F108030B93309B03F10403C3
:106320000A9302F00303199313461999339AB8BFDD
:1063300003335718C3F38F0307EB83020F92189AA6
:1063400002EB83020592009A02EBC3021C92069AAA
:10635000DDF8609002EBC3032193079B002B40F014
:10636000A380BDF88060359B189A03EB86030193E8
:106370000F9B06FB03230E9AD20740F18E80339ABF
:106380009946079CC2F38F07DDF818802546FA006E
:106390000A92009A02EBC7020892009A08998A4270
:1063A00040F0808203EB87070A9A069B13449C46C1
:1063B000339B03F003010023994240F0B382309BEA
:1063C00053F836001D9B53F83670BAF1000F00F0F9
:1063D000B582BC4BC7F10E0C12379842CCF12002AB
:1063E000D6BF00F5004047F6FF7E4FEA204EDAE9BF
:1063F00000894FEAEE7BF24618EB050049EBE571A8
:1064000000FB0BF50EFB0155A0FB0E01BCF1200EAD
:10641000294420FA0CF501FA07F758BF41FA0EFE9D
:1064200045EA070558BF45EA0E0518EB040849EB95
:10643000E47908FB0BF3691C0AFB0933A8FB0A8902
:1064400049109944BCF1200328FA0CFC09FA02F225
:1064500058BF49FA03F34CEA020C58BF4CEA030C4C
:106460000CF1010C4FEA6C07039B9942B8BF194627
:10647000049B9942A8BF1946359B23F82610039B1D
:106480009F42B8BF1F46049B9F42A8BF1F461A9B4E
:1064900023F82670019B02330193019B1F9A13443A
:1064A000184627B0BDE8F08F4FF0000B339BDDF8A6
:1064B00018804B44009F5C46CDF888900893CDE946
:1064C00001BB1C9B9F4240F0FF80059B339A199DA6
:1064D0001E46D0182199DDF8708005EB030E734538
:1064E00040F04F810A9B53F8040C0B9B53F8087C37
:1064F000BAF1000F00F05A81724BC7F10E05123746
:106500000AF1080A9842D6BF00F5004047F6FF7628
:1065100006143246F3175AE90289CDE9082318EB2D
:106520000400099B089A49EBE47100FB03F4019B0A
:1065300006FB0144A0FB0601B5F12006214420FA28
:1065400005F4C5F1200001FA07F758BF41FA06F635
:1065500044EA070458BF344318EB030849EBE379D6
:10656000099B013408FB03F3641002FB0931A8FB0B
:1065700002230B44B5F1200122FA05F503FA00F0DD
:1065800058BF43FA01F145EA000558BF0D430135F4
:106590006F10039B9C42B8BF1C46049B9C42A8BF43
:1065A0001C460D9B23F8044C039B9F42B8BF1F461B
:1065B000049B9F42A8BF1F460C9B23F8047C0B9BA7
:1065C00053F8047C0A9B1868BAF1000F00F02C8184
:1065D0003C4BC7F10E0612370AF1080A9842029B9B
:1065E000C6F12002D6BF00F5004047F6FF7C4FEA17
:1065F000204C5AE902454FEAEC79E046E01845EBB9
:10660000E37100FB09FE0CFB01EEA0FB0C017144E1
:1066100020FA06FCB6F1200E01FA07F758BF41FA3E
:106620000EFE4CEA070C58BF4CEA0E0C14EB0B04A0
:1066300045EBEB7504FB09F30CF1010C08FB05338A
:10664000A4FB08454FEA6C0C1D44B6F1200324FA64
:1066500006F605FA02F258BF45FA03F346EA0206C7
:1066600058BF1E4301367710039B0F9A9C45B8BF55
:106670009C46049B9C45A8BF9C460D9B23F802CCDE
:10668000039B9F42B8BF1F46049B9F42A8BF1F4663
:106690000C9B23F8027C229B13449946079B5C1EAB
:1066A000A3B207930D9B04330D930C9B04330C93FF
:1066B0000B9B08330B930A9B08330A93059B1344E7
:1066C00005934AE6FFFFFE7F3946042225A801F024
:1066D00011FC259B4146042225A81B9301F00AFCCE
:1066E0004946042225A8259D09F1040901F002FC70
:1066F000259E2FFA96F2089925A82FFA86F6C2EA67
:106700002643C6EA02460422239301F0F3FB089BCA
:10671000259A043308932FFA92F12FFA82F2C1EAF4
:106720002243C2EA01421E931B9B26FB0344019BAA
:1067300026FB05361B9B029922FB0313029322FBC7
:1067400005B5042225A8B918083701F0D3FB0422A7
:1067500025A8DDF894B008EB020108F1080801F063
:10676000C9FB259A239B23FB0B4423FB0263019364
:1067700002991E9B23FB0B1302931E9B23FB025BC0
:106780009FE613F901CB31F9026B019A38F9027BCC
:1067900016FB0C2210F9015B17FB0C44019216FB4F
:1067A00005BB029A17FB0522029298E627EAE776D4
:1067B000002F4FF080434FF0010104FA06F4D4BFDC
:1067C0007F4257464FF08048CDE9143ADDE9142363
:1067D000B940C0FB0423D40F013944EA43044FEA13
:1067E000610C04EA01033C414CBF0CF1010262461A
:1067F00093424FF00003CDE91683019BC8BF0134DB
:10680000B3401E46DDE91623C0FB0623D50F45EA3B
:10681000430555FA07F701EA050148BF0CF1010CE1
:106820006145C8BF0137B4E64FF0804327EAE775FA
:10683000002F4FF001014FF08046D4BF7F425746F2
:10684000CDE9103A029BB94003FA05F901390BFA78
:1068500005F54C10DDE91023C0FB09234FEAD27C7B
:106860004CEA430C0CEA01035CFA07FC4CBF621CC7
:10687000224693424FF00003CDE91263DDE9122373
:10688000C8BF0CF1010CC0FB0523D60F46EA430636
:1068900056FA07F701EA060148BF0134A142C8BF12
:1068A0000137E1E60099042225A8079301F022FBB5
:1068B000259B4146042225A8059301F01BFB494670
:1068C000042225A8DDF894B009F1040901F012FBB7
:1068D000259A2FFA92F12FFA82F2C1EA2243C2EAF4
:1068E00001420293059B22FB035522FB0B44042229
:1068F000009B25A8991801F0FDFA009B042225A809
:106900000833DDF894B008EB020108F108080093A1
:1069100001F0F0FA029B23FB0B55259A23FB02445E
:10692000079B3AE50098FA5630F8130010FB025521
:106930003CF81300013310FB02443DE527EAE77CF5
:10694000002F4FF08042534605FA0CF5D4BF7F422A
:10695000574604FA0CF4C0FB05230125D10FBD40B6
:1069600041EA4301013D4FEA650E01EA0503394161
:106970004CBF0EF10102724693424FF080424FF03D
:106980000003C8BF0131C0FB04234FEAD27C4CEAAC
:10699000430C5CFA07F70CEA050548BF0EF1010E3F
:1069A0007545C8BF01375FE50B460146184600F044
:1069B000E9BF01F089BAFFF7FCBFFFF7FABF036830
:1069C000DB0706D4437803B1FFDE0123437018468A
:1069D000704700207047012303607047012838BFCB
:1069E000012010B50446204601F066FA30B900F0E7
:1069F00055FC08B900F07CFF8047F4E710BDFFF7B5
:106A0000EDBF08B500F044FCC3689A68C26010B5D9
:106A100002B1506042685A600C68844203D10B6036
:106A20009860436010BD916881420CBF9360D36051
:106A3000F6E78368DA68826010B502B15060426898
:106A40005A600C68844203D10B60D860436010BD6B
:106A5000D16881420CBFD3609360F6E7037833B905
:106A600043685B68834202D1DB68184670478268DE
:106A700022B11346D268002AFBD1F6E743689A6830
:106A80008242F2D118465B68F9E7C36823B1184621
:106A90009B68002BFBD170474368DA68824202D1C1
:106AA00018465B68F9E7C268934218BF18467047FA
:106AB000FFF7D4BF2DE9F8431E4603F10408002375
:106AC000C1E902330C464A600B7000B396429160F4
:106AD00018D17160F46001274FF000097368A34278
:106AE0003FD060680278002A3CD14568AB68984284
:106AF00023D1EB6883B11A7872B907701F702A70BE
:106B00002C46EBE7B3689342E5D1B160E3E7D1608F
:106B1000F3689342DFD1DDE7C368A34203D1414666
:106B2000FFF772FF0446636841461F70284685F8E8
:106B30000090FFF77EFF2546E2E713B11A78002A9E
:106B4000DBD08368A34203D14146FFF772FF0446BE
:106B5000636841461F70284685F80090FFF754FF90
:106B6000E9E7234601221A70BDE8F88308B500F072
:106B7000BFFE08B500F0BCFE08B500F0B9FE08B5D0
:106B800000F0B6FE0FB480B584B000AF07F1180472
:106B900054F8042B7A601046DAF704FE00F207235B
:106BA00023F00703ADEB030D00F500717A68FC607C
:106BB0002346684600F05EF800F09AFE08B500F043
:106BC00097FE0000014900F0F3BB00BF484D0300F1
:106BD00080B59CB0064600AF0C46A41B0E49692246
:106BE000381D01F087F904F1700323F00703ADEBC2
:106BF000030D6D466822391D284601F07BF92246B7
:106C0000314605F168002C4401F074F9002384F842
:106C100068302846FFF7ADFF504D03002DE9F041E5
:106C200000AF84B06D4605F10C04DFF844802346C4
:106C30004FF00A0CB2FBFCF60CFB162E18F80EE017
:106C400003F801ED9646BEF1090F3246F2D8E41A78
:106C50008C4209D8C4F10C012246294401F04AF9BA
:106C60002046BD46BDE8F0814FF0FF34F8E700BF95
:106C7000B94D030001392DE9F0410746154600EBF7
:106C8000010804462A7862B344452ED2252A07D14A
:106C90006A78732A09D07A2A12D0252A00D10135C0
:106CA00015F8012B04F8012BECE753F8042B013AFB
:106CB00012F8011FE9B1444517D004F8011BF7E7AA
:106CC000AA78752AECD11E46A8EB040156F8042BCD
:106CD0002046FFF7A3FF002807DD044403353346B1
:106CE000D0E72270E01BBDE8F08121463846FFF76F
:106CF0006FFF0235C6E70AB101F0FCB8704700002B
:106D000008B50B68B3F1804F02D30D48FFF734FF8D
:106D100093420BD9B3EB420F4FEA420006D2B0F1D7
:106D2000804F2ABF6FF0404308600B600868013055
:106D300001D5FFF71BFFBDE80840FFF74FBE00BFBE
:106D4000C44D030050F8083B834202D01846FFF7B9
:106D500030BE704708B5034608465B689842114646
:106D600003D902460148FFF70DFF08BDDC4D0300C3
:106D7000406801F180410139091A914208B502D2F7
:106D80001846FFF7F9FE08BD03688B4206D8406835
:106D90001844814294BF00200120704701207047B1
:106DA000012A10B502D10A78027010BDFFF7A3FFC7
:106DB000FBE7012A30B403D10B78037030BC704775
:106DC000002AFBD030BC01F0A3B80B46012B10B455
:106DD0001146044603D122705DF8044B7047002B26
:106DE000FAD05DF8044B1A4601F0ACB808B5521A57
:106DF000FFF7D6FF08BD08B5521AFFF7D1FF08BD4F
:106E00002DE9F3470A9E1F46436801EB0208B21AB8
:106E10001A44A3EB08090346019253F8082B9A423F
:106E200018BF82680D4608BF0F2201A90446FFF76C
:106E300067FF82461DB121682A46FFF7B1FF37B1CF
:106E40002EB1324639460AEB0500FFF7A9FFB9F12A
:106E5000000F07D0216835444A4641440AEB05003B
:106E6000FFF79EFF2046FFF76DFF019BC4F800A0CF
:106E7000A36002B0BDE8F08770B504460E46083046
:106E8000206056F8083B9E420D460BD11022314639
:106E9000FFF731FF6B68636000232E606B602B721D
:106EA000204670BD23608B68A360F3E7F8B50D46FC
:106EB00051F8083B6A689942044600680DD10AB14E
:106EC000FFF76EFF6B68226863600021D1542A6867
:106ED00000236B6013702046F8BDC4E9003204F152
:106EE0000807B842AB6818BFA668A36008BF0020B7
:106EF00010B12860AE60EAE72960E8E72DE9F341C8
:106F000016461D4604461C4B2A460F463146FFF7DF
:106F10002FFF2346626853F8080B984218BFA368F6
:106F2000A5EB0608904408BF0F2343451BD3F31974
:106F3000D21A06D0AE4204D0384481192844FFF753
:106F400038FF35B120689DF8202029463844FFF7E6
:106F50003CFF2368C4F804800022204603F8082080
:106F600002B0BDE8F0810095002332463946204644
:106F7000FFF746FFE5E700BF134E030007B5009299
:106F80000B4600224168FFF7B9FF03B05DF804FB30
:106F900010B544688C42034603D2091BFFF7EEFF8D
:106FA00010BD81BF0368416000225A54F8E708B55C
:106FB0000022FFF7EDFF08BD2DE9F74F0C9D1446A9
:106FC00080462A4689461F462146394BFFF7D0FEA8
:106FD0004246D8F8043052F8086B964218BFD8F8E9
:106FE0000820A5EB040B03EB0B0A08BF0F22524548
:106FF00051D34E443946A1444046A3EB0909FFF75B
:10700000C3FE80B1B9F1000F06D0AC4204D04A46AD
:1070100031197019FFF7CDFE15B32A4639463046AF
:10702000FFF7BEFE1CE035B1AC423CD32A463946E0
:107030003046FFF7BEFEB9F1000F11D0AC420FD0C1
:107040004A4631197019FFF7B4FEAC4208D23444F5
:107050007B199C420FD32A4639463046FFF7A9FEDA
:10706000D8F80030C8F804A00022404603F80A20EF
:1070700003B0BDE8F08FBC4203D82A4607EB0B01F2
:10708000CDE7E41B224639463046FFF792FE2A1B25
:1070900071193019C4E700953B46224649464046DF
:1070A000FFF7AEFEDCE7B9F1000FD0D0C8E700BFB4
:1070B000464E03007FB504461546094A03930E4623
:1070C000FFF748FE6268039B921B0146AA4208989C
:1070D000009028BF2A462046FFF76EFF04B070BD1F
:1070E000304E03001FB50446104603910292DAF7B2
:1070F00059FB029B0090039900222046FFF7DAFF1C
:1071000004B010BD73B504462346406853F8086BBD
:107110009E4218BFA36800EB020508BF0F239D42E3
:107120000AD812B13044FFF73BFE236865600022A5
:1071300020465A5502B070BD00920B46002201460F
:107140002046FFF75DFEF0E708B5D1E90012FFF732
:10715000D9FF08BD08B5FFF7F7FF08BD37B50446EE
:1071600008460D46DAF71EFB064B01900246002149
:107170002046FFF7FDFD019A29462046FFF7C2FF92
:1071800003B030BD5F4E030008B5FFF7E7FF08BD51
:107190007FB500241023CDE90234036800949E6972
:1071A0008DF8044015466B461268B0479DF80430D0
:1071B00003F00603062B03BF009B2B600120204633
:1071C00004B070BD0098904214BF012006207047A3
:1071D00010B5034B0360044600F0E7F8204610BDED
:1071E000AC4E030010B50446FFF7F2FF204608211D
:1071F000FFF7E1FB204610BD2DE9F0411F46DDE918
:107200000834DDF8188098450646154607D10799D9
:1072100000F0CEF818B165710020BDE8F081394664
:10722000304600F0C5F80028F6D00123C4F80080ED
:107230002571A371F0E738B515461C4600F0B8F883
:1072400020B10823E36006232560237138BD73B5A0
:1072500005460C4601921E4600F0AAF850B9032ECE
:1072600008D82368019A5B692946204602B0BDE828
:107270007040184702B070BD08B5804700F038FB79
:10728000024B1868BFF35B8F704700BFC4AA002091
:1072900008B5FFF7F5FFFFF7EFFF0000024B186896
:1072A000BFF35B8F704700BF0882022010B5034B0D
:1072B00003600446FFF78CFF204610BD0C4F03000F
:1072C00010B50446FFF7F2FF20460C21FFF773FBD1
:1072D000204610BDF7B5089F974205460E46144656
:1072E0000AD0A86802680897156A31462246AC465B
:1072F00003B0BDE8F04060471946019300F058F82C
:10730000019B0028EDD0062003B0F0BD2DE9F14F20
:107310000D461946DDE90A4BDDE90CA68146174604
:10732000984600F045F890B1002D3460377109DBC4
:1073300061198A450CBF06210121B171002001B0FD
:10734000BDE8F08F0235F9D10123B371F6E754455A
:1073500006D15946484600F02BF808B17771EDE7A1
:10736000D9F808000368CDE90CA6CDE90A4BDC6921
:107370003A4643462946A44601B0BDE8F04F60476F
:107380002DE9F04107460C4615461E46FFF753FF10
:1073900048B9B86803689F692A4633462146BC4607
:1073A000BDE8F0416047BDE8F081704700207047BC
:1073B000814208B50ED0406803782A2B0CD049686A
:1073C0000B782A2B08BF0131DAF7E2F9B0FA80F026
:1073D000400908BD0120FCE70020FAE7000000009A
:1073E0002DE9D00F87B08DED000BDDE900896FF43A
:1073F0007273C9F30A56F3183E2B46D86E4B9DEDB7
:10740000005B93ED026B93ED007BB0EE464BA7EE75
:10741000054B14EE107A34EE464B93ED047B93ED5E
:10742000066BA7EE045BB0EE457B07F07F02921877
:1074300003EBC20CA6EE047B93ED0A5B27EE071B61
:1074400021EE012B93ED084B9CED1C6BA5EE074B39
:10745000DCE91E2437EE066BA4EE016B93ED0E5BA8
:1074600093ED0C4B002398184FEA4733A5EE074BDA
:1074700043EB0401A2EE046B16B341EC100BA6EE35
:10748000000B07B0BDE8D00F7047002B60DBB6F5EE
:10749000816F37D949490020894508BF80457BD095
:1074A00040F2FF72964253D0B8F1000F79F1000319
:1074B0004FF000006BDB07B0BDE8D00F00F0ACB8B8
:1074C00007F000423346134349D0B7EE005B3C4A15
:1074D0000023C31803EE103A41EB020303EE903A87
:1074E00026EE036B33EE060BB4EEC50BF1EE10FA8D
:1074F0000AD49FED2B7B20EE070B07B0BDE8D00F21
:1075000000F092B8002679E730EE054B33EE403BB1
:1075100033EE067B35EE446B36EE000B30EE077B28
:1075200037EE047B37EE455BB5EE405BF1EE10FACB
:107530002AD09FED1B0B25EE000B9FED196B8DEDF7
:10754000026B9DED027B27EE067B8DED047BD4E77D
:107550009DED007BB7EE000B37EE000B91E7194A6B
:10756000002310EB030A41EB020B9FED0F7B4BEC6A
:1075700010AB4BEC15ABA6EE050B20EE070B07B0DE
:10758000BDE8D00F00F05CB89FED090BD5E707B060
:10759000BDE8D00F00F038B89FED050B71E700BFD4
:1075A0000000000000001000000000000000007F4C
:1075B0000000000000000000484F03000000F0FF42
:1075C0000000E03F0000F0C010B582B08DED000B70
:1075D000044600F0E5F99DED000B046002B010BD1B
:1075E00082B058B1B1EE407B8DED007B9DED007B0C
:1075F000222020EE070B02B0FFF7E6BFB0EE407B83
:10760000F2E700BF000000009FED010BFFF7E8BFAD
:1076100000000000000000109FED010BFFF7E0BF2D
:107620000000000000000070B5EE400BF1EE10FA13
:1076300000D070472220FFF7C7BF00BF0000000046
:107640009FED076BB0EEC07BB4EE467BF1EE10FA17
:1076500000DC70472220FFF7B7BF00BFAFF3008008
:10766000FFFFFFFFFFFFEF7F10B483B08DED000B36
:1076700001990098C1F30A52A2F2FF33132B24DCC4
:10768000002B45DB3A4A1A4101EA0204044321D0A7
:107690009FED357B9DED006B36EE077BB5EEC07B35
:1076A000F1EE10FA09DD002904DA4FF4801040FAF7
:1076B00003F3194421EA020100200B46024643EC81
:1076C000102B03B05DF8044B7047332B08DDB3F586
:1076D000806F2BD09DED000B03B05DF8044B70471D
:1076E000A2F213424FF0FF3424FA02F20242F1D028
:1076F0009FED1D7B9DED006B36EE077BB5EEC07BED
:10770000F1EE10FAD9DD00291EDB20EA0200D4E7F1
:107710009FED157B30EE077BB5EEC07BF1EE10FAE6
:10772000CBDD002907DB00200146C6E79DED007B8D
:1077300037EE070BD0E721F000430E4A184300282C
:1077400018BF11460020B8E7142B08D00124C3F15C
:10775000340304FA03F3181828BF0919D5E70131D7
:10776000D3E700BFAFF300809C7500883CE4377E10
:10777000FFFF0F000000F0BF30B482B08DED000BB2
:10778000019B194C23F000410025A142056022DC39
:10779000009C51EA04021ED0144C1C4054B99FEDC9
:1077A000107B20EE077B8DED007B019B6FF0350594
:1077B00023F0004123F0FF4424F4E004DDE900233A
:1077C00044F07F53091543F40013A1F2FE31CDE9D3
:1077D0000023294401609DED000B02B030BC7047CE
:1077E0000000000000005043FFFFEF7F0000F07F2B
:1077F00053EC102B70B4C3F30A54A4F2FF311329D5
:1078000010EE100A1D460BDC002924DB1E4C0C4137
:1078100003EA040630432DD143EC102B70BC7047B3
:10782000332905DDB1F5806FF6D130EE000B1FE096
:10783000A4F213444FF0FF3626FA04F42242EBD0B0
:107840000123C1F1330103FA01F1401828BFED18FB
:1078500020EA040008E003F00045013104BF45F0D0
:107860007F5545F4401500202B46024643EC102B73
:1078700070BC70474FF4002343FA01F10D4425EA30
:1078800004050020F0E700BFFFFF0F0010EE101A04
:10789000C1F3C752002910B4A2F17F04B4BF4FF066
:1078A000FF3001201E2C0EDC002C1BDBC1F3160365
:1078B000162C43F400030DDD963A934003FB00F0D1
:1078C0005DF8044B7047FDEEC07A5DF8044B17EE8F
:1078D000900A70474FF4800222411344C4F1170408
:1078E000E340EBE7013418BF00205DF8044B70471C
:1078F00008B5062001F0F6FA012004F0F9FC0000BA
:107900001FB514461A46094B1B680546D8684CB18A
:10791000074B0091CDE9013406492B4600F004FAEB
:10792000FFF7E6FF044B1C46F3E700BFC8AA0020A0
:10793000B8570300C5570300BB1103002DE9F84FEA
:107940000A9E804689461F46144622B94FF0000A17
:107950005046BDE8F88F002BF8D04FF0000BA34540
:10796000F4D20BEB04056D0805FB079A514640461F
:10797000B047002803DBEBD005F1010B25462C4670
:10798000EDE7000010B5054C13462CB10A46014640
:107990000220AFF3008010BD2046FCE7000000008D
:1079A000014B1868704700BFC8AA002008B5074BF4
:1079B000044613B10021AFF30080054B1868836AB9
:1079C00003B19847204604F093FC00BF000000007C
:1079D000585903008A892DE9F041054610070C46E5
:1079E00058D44B68002B05DC0B6C002B02DC00200C
:1079F000BDE8F081E66A002EF9D0002312F480522F
:107A00002F682B6032D0606DA3895A0705D5636853
:107A1000C01A636B0BB1236CC01A00230246E66ADE
:107A2000216A2846B047431CA38906D129681D292D
:107A30002CD82A4ACA40D60728D500226260D90429
:107A40002269226004D5421C01D12B6803B960650C
:107A5000616B2F600029CAD004F14403994202D01F
:107A6000284600F087FA00206063C1E7216A0123FD
:107A70002846B047411CC7D12B68002BC4D01D2B12
:107A800001D0162B01D12F60B1E7A38943F0400349
:107A9000A381ADE70F69002FA9D093070E6808BF37
:107AA0004B690F6018BF0023A6EB07088B60B8F185
:107AB000000F9CDD216AA66A43463A462846B04735
:107AC000002806DCA38943F04003A3814FF0FF3078
:107AD0008EE70744A8EB0008E9E700BF010040205B
:107AE00038B50B6905460C4613B90025284638BD44
:107AF00018B183690BB900F099F8144B9C421BD163
:107B00006C68B4F90C30002BEFD0626ED00704D44F
:107B1000990502D4A06D00F0CCF928462146FFF764
:107B200059FF636EDA070546E0D4A3899B05DDD4CF
:107B3000A06D00F0BFF9D9E7054B9C4201D1AC68BC
:107B4000DFE7044B9C4208BFEC68DAE718590300F2
:107B500038590300F8580300014620B9044B054981
:107B6000186800F0F3B8044B1868FFF7B9BF00BFFE
:107B700058590300E17A0200C8AA0020002310B57A
:107B80000446C0E90033C0E9043383608181436661
:107B9000C2818361194608225C3000F0D3F9054B9D
:107BA0006362054BA362054BE362054B24622363CA
:107BB00010BD00BF858F0200A78F0200DF8F02007B
:107BC00003900200014900F0C1B800BFE17A020051
:107BD00070B54A1E682555430E4605F1740100F044
:107BE00019FA044640B10021C0E900160C30A0602B
:107BF00005F1680200F0A6F9204670BD014800F0CA
:107C000058B900BF18820220014800F053B900BFE4
:107C100018820220014800F04CB900BF17820220F0
:107C2000014800F047B900BF1782022010B5044692
:107C3000FFF7F0FFA3691BB1BDE81040FFF7F0BFED
:107C4000C4E912332365134B134A1B68A262A34293
:107C500004BF0123A361204600F020F860602046A5
:107C600000F01CF8A060204600F018F80022E06048
:107C700004216068FFF782FFA06801220921FFF755
:107C80007DFFE06802221221FFF778FF0123A36144
:107C9000D2E700BF58590300C57B0200F8B507467C
:107CA000FFF7ACFF1E4B1E68B36913B93046FFF7F0
:107CB000BDFF4836D6E90134013B03D533680BB329
:107CC0003668F7E7B4F90C50D5B9164BE36004F108
:107CD0005800656600F0ECF8FFF796FFC4E901551F
:107CE000C4E904552560A5610822294604F15C0019
:107CF00000F028F9C4E90D55C4E912552046F8BD35
:107D00006834D9E704213846FFF762FF0446306043
:107D10000028D5D1FFF778FF0C233B60EEE700BFCA
:107D2000585903000100FFFF0EB403B5014603AB31
:107D3000054853F8042B0068019300F0EFF902B0F6
:107D40005DF804EB03B07047C8AA00202DE9F843A2
:107D50000646884600F148040027D4E90195B9F1A8
:107D6000010905D52468002CF7D13846BDE8F88311
:107D7000AB89012B07D9B5F90E30013303D0294661
:107D80003046C04707436835E9E700002DE9F8436E
:107D9000089C8946174602FB03F8054618B183691B
:107DA0000BB9FFF743FF264B9C4223D16C68636EEF
:107DB000DE0705D4A389980502D4A06D00F079F8F8
:107DC000A389190720D52369F3B10026464529D098
:107DD000A06819F8061001380028A06004DAA36929
:107DE000984219DB0A2917D023685A1C226019709F
:107DF0000136EBE7134B9C4201D1AC68D7E7124B3D
:107E00009C4208BFEC68D2E72146284602F024F9DC
:107E10000028DAD0002605E02246284602F0B8F80D
:107E20000130E5D1636EDA0705D4A3899B0502D43E
:107E3000A06D00F03FF8B6FBF7F0BDE8F88300BF97
:107E40001859030038590300F858030007B5009388
:107E500013460A46014603480068FFF797FF03B040
:107E60005DF804FBC8AA002070B50D4D0D4C641BD5
:107E7000A4100026A64209D10B4D0C4C0DF01EFF9C
:107E8000641BA4100026A64205D170BD55F8043B22
:107E900098470136EEE755F8043B98470136F2E77C
:107EA000D85D0300D85D0300D85D0300EC5D0300DE
:107EB0007047704770470000024B0146186800F099
:107EC000A9B800BFC8AA0020024B0146186800F0FC
:107ED00051B800BFC8AA002030B501390024A24221
:107EE00001D1002005E0035D01340D5DAB42F6D009
:107EF000581B30BD0A44914200F1FF3300D1704756
:107F000010B511F8014B03F8014F9142F9D110BDA2
:107F1000884210B501EB020402D98442234607D8F7
:107F2000431EA14208D011F8012B03F8012FF8E7F6
:107F3000024401468A4200D110BD13F8014D02F8F7
:107F4000014DF7E702440346934200D1704703F81E
:107F5000011BF9E713B54A431146019200F05AF8A4
:107F6000044618B1019A0021FFF7ECFF204602B049
:107F700010BD000037B5002948D051F8043C0190ED
:107F8000002BA1F10404B8BFE418ECF74BFE204A23
:107F900001981368154633B96360146003B0BDE8F7
:107FA0003040ECF75DBEA3420BD9216862189342C2
:107FB00004BF1A685B68636004BF521822602C60BB
:107FC000ECE71A465B680BB1A342FAD91168551861
:107FD000A5420BD1246821445418A3421160DDD17D
:107FE0001C685B68536021441160D7E702D90C23F9
:107FF0000360D3E7256861198B4204BF19685B6889
:10800000636004BF491921605460C7E703B030BD05
:108010000C820220F8B5CD1C25F0030508350C2D87
:1080200038BF0C25002D064601DBA94203D90C23DD
:1080300033600020F8BDECF7F5FD21490A681446CD
:108040009CB9204F3B6823B921463046ECF7C6FD6A
:10805000386029463046ECF7C1FD431C23D10C2380
:1080600033603046ECF7FCFDE3E723685B1B17D475
:108070000B2B03D923601C44256004E06368A242F3
:108080000CBF0B6053603046ECF7EAFD04F10B00C7
:10809000231D20F00700C21ACCD01B1AA350C9E739
:1080A00022466468CCE7C41C24F00304A042E3D059
:1080B000211A3046ECF792FD0130DDD1CFE700BF49
:1080C0000C820220108202209368013B002B10B426
:1080D000936008DA9469A34201DB0A2903D15DF8B1
:1080E000044B01F055BF1368581C10601970084606
:1080F0005DF8044B7047F8B506460F461446D51890
:10810000AC4201D1002007E014F8011B3A4630468A
:10811000FFF7DAFF431CF3D1F8BD00002DE9F04F63
:108120000D469DB014469846064618B183690BB9B2
:10813000FFF77CFD894B9D421BD175686B6ED9079B
:1081400005D4AB899A0502D4A86DFFF7B2FEAB89BE
:108150001B0701D52B69EBB92946304601F07CFF9E
:10816000C0B16B6EDC070ED54FF0FF301DB0BDE81F
:10817000F08F7B4B9D4201D1B568DFE7794B9D4283
:1081800008BFF568DAE7AB899805EDD4A86DFFF76D
:1081900091FEE9E70023099320238DF82930CDF8DB
:1081A0000C803023DFF8C0818DF82A304FF00109B0
:1081B00023469A4613F8012B0AB1252AF9D1BAEBC6
:1081C000040B0BD05B46224629463046FFF793FF4F
:1081D000013000F0AA80099A5A4409929AF80030B6
:1081E000002B00F0A28000234FF0FF32CDE90523E1
:1081F0000AF1010A049307938DF853301A935446F9
:10820000052214F8011B5848D9F772FA049AD8B914
:10821000D10644BF20238DF85330130744BF2B23CE
:108220008DF853309AF800302A2B15D0079A54460F
:1082300000204FF00A0C214611F8013B303B092B7E
:108240004ED9B0B1079214E0A0EB080309FA03F38A
:1082500013430493A246D2E7039B191D1B680391A5
:10826000002BBBBF5B4242F0020207930793B8BFEB
:10827000049223782E2B0CD163782A2B35D1039BC3
:108280001A1D1B680392002BB8BF4FF0FF33023456
:108290000593DFF8E4A0217803225046D9F728FAA5
:1082A00040B14023A0EB0A0003FA00F0049B034313
:1082B0000134049314F8011B2C488DF82810062271
:1082C000D9F716FA00283FD0294B1BBB039B073375
:1082D00023F0070308330393099B3B44099367E7A3
:1082E0000CFB02320C460120A5E700230134059364
:1082F00019464FF00A0C204610F8012B303A092A93
:1083000003D9002BC5D00591C3E70CFB012104461E
:108310000123F0E703AB00932A46164B04A930462D
:1083200000F0BEF80746781CD6D16B6ED90705D48D
:10833000AB899A0502D4A86DFFF7BCFDAB895B063B
:108340003FF512AF099811E703AB00932A46094B9A
:1083500004A9304600F030FBE4E700BF18590300E1
:1083600038590300F85803005C59030066590300AC
:10837000A1840200F780020062590300F0B52DEDE0
:10838000028BB0EE408B85B017460D9D0C9E18EE0B
:10839000902A25F02005002AB6BF2D220022B1EE3A
:1083A000408B462D0C461A7004D0452D00D1013467
:1083B000022100E0032103AB019302AB00932246AC
:1083C0003346B0EE480B01F053FF472D09D1FB07B0
:1083D00007D4039B0E9A1B1A136005B0BDEC028BE9
:1083E000F0BD462D00EB04020CD10378302B07D1F1
:1083F000B5EE408BF1EE10FA1CBFC4F101043460FD
:1084000033681A44B5EE408BF1EE10FA08BF0392C0
:108410003021039B9342DCD25C1C03941970F8E773
:10842000F7B503460029B8BF494203F8022BB4BF91
:108430002D222B22092942702ADD0DF10704A446C2
:108440000A27A6460A4691FBF7F607FB16153035B4
:10845000632A04F1FF340EF8015C3146F1DC30315F
:10846000AEF1020504F8011C441C294661450AD3FB
:108470000DF10902A2EB0E02654588BF00221344EC
:10848000181A03B0F0BD11F8012B04F8012FEDE725
:10849000302330318370C170031DF1E7000000000C
:1084A0002DE9F04F8BB00C46DDF8508016461F4684
:1084B000054602F0CFFFD0F800B05846D9F772F960
:1084C00000230893D8F8003094F8189022680733F6
:1084D00023F0070303F10801C8F800108246D3E92E
:1084E0000001C4E912019FED987B94ED120BB0EEF0
:1084F000C06BB4EE476BF1EE10FA24DDB5EEC00BA5
:10850000F1EE10FA02D52D2384F84330904B9148B8
:10851000B9F1470F94BF984680460323236122F0A8
:1085200004020023226004930097334609AA2146DF
:10853000284600F0D3F9013040F08A804FF0FF3038
:108540000BB0BDE8F08FB4EE400BF1EE10FA09D796
:1085500010EE903A002BBCBF2D2384F843307E48A8
:108560007E4BD5E7636809F0DF010491591C3CD1CB
:10857000062363600023039308ABCDE9019342F423
:10858000806207AB6168009322600DF11B032846EF
:10859000FFF7F4FE049B0799472B804608D1C81CBF
:1085A00002DB6368994241DDA9F102095FFA89F9AA
:1085B000B9F1650F20D801394A4604F150000791FE
:1085C000FFF72EFF089A04901318012A236102DC9A
:1085D0002268D20701D5013323619DF81B30002B9F
:1085E000A2D02D2384F843309EE704994729C1D1B6
:1085F000002BBFD10123BCE7B9F1660F18D10029C8
:1086000063680BDD216113B92268D00702D50133FD
:108610000B4423610023A1650493DEE713B92268AC
:10862000D20701D50233F4E70123F2E74FF06709DF
:10863000089B994205DB23682161D807EAD54B1CCA
:10864000E7E70029D4BFC1F1020201221344E0E7A9
:1086500023685A0507D42369424631462846B8475D
:1086600001302AD16AE7B9F1650F40F2E28094ED5A
:10867000127BB5EE407BF1EE10FA33D1384A01237C
:1086800031462846B84701303FF458AFDDE90723AB
:108690009A4202DB2368D8070FD553465A46314623
:1086A0002846B84701303FF449AF4FF0000804F1C5
:1086B0001A09089B013B434509DC23689B0700F12D
:1086C0000881E068099B9842B8BF184638E7012343
:1086D0004A4631462846B84701303FF42FAF08F1EB
:1086E0000108E6E7079B002B3CDC1D4A01233146CD
:1086F0002846B84701303FF421AFDDE90723134393
:1087000002D12368D907D8D553465A463146284660
:10871000B84701303FF412AF4FF0000904F11A0AD4
:10872000079B5B424B4501DC089B95E701235246C2
:1087300031462846B84701303FF400AF09F101093E
:10874000EEE700BFAFF30080FFFFFFFFFFFFEF7F0B
:108750006D590300715903007959030075590300DD
:108760009AF20200089AA36D9A42A8BF1A46002AFC
:10877000914638DC0023059329EAE97904F11A02CD
:10878000A36D05990493A3EB09038B4233DCDDE968
:1087900007239A423CDB2368DA0739D4089A049B02
:1087A0000799D31AA2EB01099945A8BF9946B9F1D7
:1087B000000F35DC4FF0000829EAE97904F11A0AC4
:1087C000DDE907239B1AA3EB090343457FF775AF48
:1087D0000123524631462846B84701303FF4AEAE39
:1087E00008F10108ECE71346314642462846B847EF
:1087F0000130BFD1A2E60123314628460492B84792
:1088000001303FF49BAE059B049A01330593B7E713
:1088100053465A4631462846B8470130BED18DE608
:10882000049A4B46424431462846B8470130C1D1EC
:1088300084E6089A012A01DCDB0737D5012342468A
:1088400031462846B84701303FF478AE53465A4681
:1088500031462846B84701303FF470AE94ED127BA4
:10886000B5EE407BF1EE10FA1BD0089B08F1010237
:10887000013B31462846B84701300ED15EE6012360
:108880004A4631462846B84701303FF457AE08F112
:108890000108089B013B4345F1DC049B04F15002B5
:1088A000DBE64FF0000804F11A09F2E70123424623
:1088B000DFE701234A4631462846B84701303FF4F6
:1088C0003DAE08F10108E36809995B1A4345F0DC05
:1088D000F7E64FF0000804F11909F4E72DE9F04735
:1088E000164699468A680B69DDF820809342B8BF26
:1088F0001346336091F8432007460C460AB1013312
:1089000033602368990642BF3368023333602568B9
:1089100015F0060506D104F1190AE36832689B1ABE
:10892000AB4226DC94F84320131E226818BF0123B3
:1089300092062BD404F1430249463846C047013021
:108940001ED02368E568326803F00603042B08BFD5
:10895000AD1AA36822690CBF25EAE575002593428C
:10896000C4BF9B1AED1800261A34B5421AD1002054
:1089700008E00123524649463846C047013003D13A
:108980004FF0FF30BDE8F0870135C6E7E1185A1C0B
:10899000302081F84300224494F8451082F84310B7
:1089A0000233C7E70123224649463846C047013013
:1089B000E6D00136D9E700002DE9FF470C46914685
:1089C000277E0C99782F80469A4604F1430207D8F7
:1089D000622F0AD8002F00F0D880582F00F0A38013
:1089E00004F1420684F842703AE0A7F16303152BC4
:1089F000F6D801A050F823F0518A0200658A0200DF
:108A0000E1890200E1890200E1890200E1890200B6
:108A1000658A0200E1890200E1890200E189020021
:108A2000E1890200718B0200958A0200538B0200DB
:108A3000E1890200E1890200938B0200E1890200D2
:108A4000958A0200E1890200E18902005B8B020045
:108A50000B681A1D1B680A6004F1420684F8423054
:108A60000123A3E0256808682E0600F104030AD557
:108A700005680B60002D03DA2D236D4284F8433026
:108A80005E480A2319E015F0400F05680B6018BF17
:108A90002DB2EFE70B682568181D0860280601D580
:108AA0001D6802E06906FBD51D8854486F2F0CBF76
:108AB00008230A23002184F843106668A660002E6C
:108AC000A2BF216821F0040121600DB9002E4DD014
:108AD0001646B5FBF3F103FB1157C75D06F8017DA0
:108AE0002F46BB420D46F4D9082B0BD12368DF0774
:108AF00008D5236961689942DEBF302306F8013C3E
:108B000006F1FF36921B2261CDF800A04B4603AA66
:108B100021464046FFF7E2FE01304CD14FF0FF30D6
:108B200004B0BDE8F087354884F8457023680E68C6
:108B30001F0656F8045B0E6014D5D90744BF43F0F6
:108B4000200323601DB9236823F020032360102332
:108B5000B0E7236843F0200323607823284884F893
:108B60004530E3E75E0648BFADB2E6E71646BBE731
:108B70000B68266860691D1D0D6035061B6801D5F0
:108B8000186002E07106FBD51880002323611646A9
:108B9000BAE70B681A1D0A601E6862680021304639
:108BA000D8F7A6FD08B1801B6060636823610023CD
:108BB00084F84330A8E72369324649464046D04707
:108BC0000130ABD023689B0713D4E068039B984225
:108BD000B8BF1846A4E70123324649464046D0476D
:108BE00001309BD00135E36803995B1AAB42F2DC9C
:108BF000EBE7002504F11906F5E700BF7D590300F6
:108C00008E5903000FB40A4B13B51C6824B1A36935
:108C100013B92046FFF70AF805AB049AA16801933F
:108C20002046FFF77BFA02B0BDE8104004B0704761
:108C3000C8AA002038B50C460968054609B1FFF7F7
:108C4000F9FF21462846BDE83840FFF793B90000F8
:108C50002C4B1B68834270B5044651D0436A43B124
:108C6000DB68002B4AD1636A196811B12046FFF70F
:108C700081F9616911B12046FFF77CF9616A11B190
:108C80002046FFF777F9A16B11B12046FFF772F983
:108C9000E16B11B12046FFF76DF9216C11B120464F
:108CA000FFF768F9E16D11B12046FFF763F9A16D97
:108CB00011B12046FFF75EF9616B11B12046FFF755
:108CC00059F9A369E3B1A36A20469847A16CB9B1E9
:108CD0002046BDE87040FFF7ADBF495941B90435A2
:108CE000636A802DD968F8D12046FFF743F9BAE7C7
:108CF0000E682046FFF73EF93146EFE70025EFE723
:108D000070BD00BFC8AA00202DE9F7431D465D4B8A
:108D10001F6804460E46904627B1BB6913B9384612
:108D2000FEF784FF584B9C4267D17C68B8F1020F74
:108D300006D0B8F1010F00F29F80002DC0F29C8098
:108D4000636EDB0705D4A389980502D4A06DFFF7F5
:108D5000B0F821463846FEF7C3FE616B41B104F11D
:108D60004403994202D03846FFF704F900236363B5
:108D70000023A3616360A389190603D521693846DE
:108D8000FFF7F8F8A38923F44A6323F00303B8F14B
:108D9000020FA3816CD001AB6A462146384602F02F
:108DA0006FFBA3891843A081002D30D1009D284678
:108DB000FFF782F80646002855D1DDF80090A94556
:108DC0004AD14FF0FF350022A26004F14702226031
:108DD00022610122B4F90C306261626E43F0020339
:108DE000D207A38105D413F4007F02D1A06DFFF751
:108DF00061F8284603B0BDE8F083244B9C4201D1C2
:108E0000BC6893E7224B9C4208BFFC688EE7002EAB
:108E1000CDD0BB6913B93846FEF708FFB8F1010F92
:108E200008BFA389266004BF43F00103A381A28980
:108E300012F00803C4E904651CD0D30741BF002326
:108E40006D42A360A56158BFA560656E15F0010570
:108E500015D112F4007FC8E74846FFF72DF8064603
:108E60000028AED04D46A38943F08003A381D0E70C
:108E70000025A8E7A360E8E74FF0FF35B9E7002534
:108E8000B7E700BFC8AA00201859030038590300EB
:108E9000F85803001F2938B504460D4604D9162397
:108EA00003604FF0FF3038BD426C12B152F82130F0
:108EB0004BB9204600F030F82A4601462046BDE86E
:108EC000384000F017B8012B0AD0591C03D11623E3
:108ED00003600120E7E7002442F825402846984730
:108EE0000020E0E7024B01461868FFF7D3BF00BF40
:108EF000C8AA002038B5074D00230446084611468D
:108F00002B6003F0E5F9431C02D12B6803B1236009
:108F100038BD00BFA481022003F0CAB90CB430B53B
:108F2000174B0C1E1D689DB008DA8B232B604FF089
:108F3000FF301DB0BDE8304002B070474FF40273FF
:108F4000ADF8143014BF04F1FF33234604930793A4
:108F50004FF6FF7302900690ADF81630209A21ABC1
:108F600002A92846019303F03FF8431CBCBF8B23A2
:108F70002B60002CDDD0029B00221A70D9E700BFC5
:108F8000C8AA002010B50C46B1F90E1003F02CF958
:108F90000028ABBF636DA3891B1823F48053ACBFBB
:108FA0006365A38110BD2DE9F0411F468B89DB0568
:108FB00005460C46164605D5B1F90E1002230022CF
:108FC00002F04CFAA389B4F90E1023F48053A38164
:108FD00032463B462846BDE8F04101F02BB810B5BB
:108FE0000C46B1F90E1002F039FA431CA38915BFE3
:108FF000606523F4805343F48053A38118BFA38199
:1090000010BDB1F90E1001F095B8C9B2034610F8C1
:10901000012B1AB18A42F9D118467047002918BFAE
:109020000023F9E7034611F8012B03F8012B002A6E
:10903000F9D1704770B503461E4613F8014B44B191
:109040004A1E01E0A54204D012F8015F002DF9D1BB
:10905000F2E7301A70BD10B56AB10139841810F802
:10906000013B11F8012F934203D1A04201D0002B04
:10907000F5D1981A10BD1046FCE770B503461E46A0
:1090800013F8014B3CB14A1E01E0A542F7D012F89B
:10909000015F002DF9D1301A70BD70B504460D4640
:1090A000164645EC104B02F0CDFD7EB1C5F30A53D8
:1090B000C3F16B03002B09DD1B0503F17F51002079
:1090C00001F5401141EC170B20EE070B70BD0000BD
:1090D0002DE9F04F2DED0C8B9DB01F46002318930A
:1090E000A64B13921B680893044618468A46D8F785
:1090F00059FB4FF0000805464FF00009CDF85CA081
:10910000179B1A782B2A4DD03AD80D2A33D8082A23
:1091100033D8002A3DD000230B93179E3378302B91
:1091200040F0B680737803F0DF03582B6DD10B9BB2
:10913000019318AB02970093914A19AB17A92046E7
:1091400001F080FE10F00705074605D0062D2BD153
:109150000136002317960B93139B002B40F06E856E
:109160000B9BE3B149EC178BB1EE470B1DB0BDEC87
:109170000C8BBDE8F08F202ACDD101331793BFE7C8
:109180002D2AC8D101220B925A1C17925B78002B12
:10919000C3D1139BCDF85CA0002B40F04D8549EC6A
:1091A000108BE3E70022EEE7189A3AB135211AA8AE
:1091B00002F054FE1899204602F018FA013D052DE0
:1091C00007D8DFE805F00E0B181D0E034FF000095D
:1091D000C8463B07C0D549F00049BDE7DDE91A891B
:1091E000F7E7DDE91A83199A23F4801302F2334278
:1091F00043EA0259EDE7DFF88C914FF00008E8E709
:109200006FF000494FF0FF38E3E7179B5A1C1792A5
:109210005B78302BF9D0002B9ED001230693179B4F
:109220000C93002304930A931E460A22179890F881
:1092300000B0ABF13003D9B209292BD908992A46DD
:10924000FFF709FF002835D000205A4633468346F1
:109250000146652A01D0452A18D11BB9069B034354
:1092600097D00023DDF85CA00AF1010217929AF86A
:1092700001202B2A77D02D2A7DD04FF0000EA2F1AD
:109280003005092D40F28480CDF85CA000259FE0D8
:109290000023C3E7082ED5BF0A99049902FB0133C6
:1092A00002FB013300F10100D4BF0A93049301369D
:1092B0001790BBE7179B5A1917925A5DAEB38346B6
:1092C0003346A2F13001092912D90121C1E7179BC8
:1092D0005A1C17925A780130302AF8D0A2F1310383
:1092E000082B00F2B084179B0C93834600200346A2
:1092F000303A00F1010112D08B4400EB030C194607
:109300000A25614513D11918082903F10103034403
:109310001DDC0A980A2101FB00220A920021179AFB
:10932000501C179052780846CBE73046D4E70829FE
:1093300004DC0A9F6F430A970131E2E701F1010E55
:10934000BEF1100FDEBF049F6F430497F4E7102BAC
:10935000DFBF04980A2101FB00220492DEE74FF0F0
:10936000000B01217AE74FF0000E0AF1020217927A
:109370009AF8022083E74FF0010EF6E7285B03001E
:10938000A05903000000F07F179A551C17955278DA
:10939000302AF9D0A2F13105082D3FF677AFA2F1BE
:1093A000300C179A0892179A551C17955278A2F10B
:1093B0003007092F37D9089FED1B082D44F61F658C
:1093C00002DC6545A8BF6546BEF1000F00D06D42C6
:1093D000002B4FD1069B03437FF4BEAE00297FF4E0
:1093E000D8AE692A27D024DC492A24D04E2A7FF41B
:1093F000D0AE9B4917A801F07DFF00283FF4C9AE0D
:10940000179B1B78282B2DD196491AAA17A801F073
:1094100085FF052826D11B9BDDF8688043F0FF49B6
:1094200049F4E00998E60A2505FB0C25A5F1300C66
:10943000B9E76E2ADBE78C4917A801F05BFF00282B
:109440003FF4A7AE179B8949013B17A8179301F07A
:1094500051FF10B9179B01331793DFF824924FF097
:10946000000879E6824802F0D3FE8DED040BDDE9B9
:10947000048971E6DDED0A7AB8EE677BA5EB0B0295
:10948000002E08BF1E46102B8DED087B06921A4653
:10949000A8BF1022092BDDE908890EDD7549DDED35
:1094A000047A01EBC20111ED126B9DED085BB8EE81
:1094B000677BA5EE067B59EC178B0F2B37DC0699E3
:1094C00000293FF449AE23DD16290BDC694B03EB81
:1094D000C10393ED007B49EC168B27EE067B59EC1C
:1094E000178B39E60698C3F1250181421FDB614ADB
:1094F000C3F10F0302EBC30191ED007B49EC168B26
:10950000C31A02EBC30227EE067B92ED006BE4E781
:10951000069916310BDB574BABEB050503EBC50585
:1095200095ED007B49EC168B86EE077BD7E7069915
:109530009A1A0A44002A74DD12F00F000AD04D492D
:1095400001EBC00191ED007B49EC168B27EE067B09
:1095500059EC178B32F00F024FD0B2F59A7F22DD13
:1095600000252E460A952F462223DFF8149123600A
:109570004FF000080A9B002B3FF4EEAD18992046EF
:1095800002F034F83946204602F030F831462046E1
:1095900002F02CF80A99204602F028F829462046C5
:1095A00002F024F8D8E5CDE904890020324F1211E9
:1095B0000146012A24DC08B1DDE904892E4A2F483E
:1095C00002EBC10191ED007BA9F1547949EC168BB6
:1095D00027EE067B8DED047B0599294A0A408242DD
:1095E000DDE90489BCD8A0F58010824286BFDFF88F
:1095F00094904FF0FF3801F15479002204927FE0FB
:1096000012F0010F0AD007EBC10090ED007B9DED39
:10961000046B26EE077B8DED047B01200131521097
:10962000C7E7EAD0524212F00F000AD0114901EB0D
:10963000C00191ED007B49EC168B86EE077B59EC5F
:10964000178B1211D9D01F2A1EDD00252E460A9530
:109650002F4622234FF000084FF00009236089E7CE
:109660007A590300B459030072590300F3590300F7
:10967000BB110300E85B0300C05B03000000A07C9B
:109680000000F07FFFFFEF7F12F0100118BF6A218A
:10969000CDE908890491C0490020D70708D59DED80
:1096A000086B91ED007B26EE077B8DED087B01209A
:1096B000521001F10801F0D108B1DDE90889049ADE
:1096C000BAB1C9F30A52C2F16B02002A494610DD51
:1096D0001F2A40F33281342ADEBF203A4FF0FF3098
:1096E00000FA02F24FF00008CCBF4FF05C7902EABA
:1096F000010949EC178BB5EE407BF1EE10FAA4D0CE
:109700000A9A00920C993246204601F0DBFF0A903B
:1097100000283FF425AF069BABEB0505002BB4BF3B
:109720002B4600230C93069B9FED959B9FED96ABDC
:109730009FED97BB23EAE373002512932E460A9B05
:109740002046596801F012FF074600283FF40CAF8D
:109750000A9B1A69023203F10C0192000C30FEF7E9
:10976000C9FB49EC108B1AAA19A92046CDE9088932
:1097700002F0E4FA189000283FF4F6AE01212046EA
:1097800002F03AF8064600283FF4EEAE199B1A990B
:10979000002BABBF0C9A129ADDF848A0DDF830B070
:1097A000ACBF03EB020BA2EB030A049A9B1A0B4417
:1097B0007A4A013B9342C1F1360180F2D180D21A3C
:1097C0001F2AA1EB02014FF0010000F3BD8000FA57
:1097D00002F30E9300230D930BEB0103049A9B45B8
:1097E0008A4492445A46A8BF1A465245A8BF5246D8
:1097F000002AC2BF9B1AAAEB020AABEB020B0C9A1F
:10980000002A18DD31462046159302F0B1F80646CD
:1098100000283FF4A9AE0146189A204602F002F84B
:10982000149000283FF4A0AE1899204601F0DEFE07
:10983000149A159B1892002B00F39780069B002B1F
:1098400008DD3946129A204602F092F807460028B1
:109850003FF48AAEBAF1000F08DD39465246204681
:1098600002F0E0F8074600283FF47EAEBBF1000F9F
:1098700008DD31465A46204602F0D4F80646002854
:109880003FF472AE18993A46204602F053F9054665
:1098900000283FF469AE0023D0F80CA0C360314625
:1098A00002F02CF900287FDA5AEA080340F0A5807C
:1098B000C9F31303002B40F0A08029F000431B0DD7
:1098C0001B05B3F1D66F40F298806B691BB92B6909
:1098D000012B40F3928029460122204602F0A2F893
:1098E0003146054602F00AF9002840F386800499C3
:1098F0002B4A4B46002900F0A18002EA0901B1F190
:10990000D66F00F39B80B1F15C7F7FF7A2AE254A52
:109910000023CDE910329DED106B49EC178B27EE3B
:10992000067B8DED047BDDE90432134308BF22235F
:10993000DDE9048908BF236020E64FF0FF3101FA1A
:1099400002F202EA0808D4E6C3F17F4303F57F037D
:1099500003F57B43E23300FA03F3CDE90D303BE737
:1099600000200123CDE90D0336E718991A46204659
:1099700002F058F8189000287FF460AFF4E500BFBB
:109980009535A094FFFFCF3F9535A094FFFFDF3FB3
:1099900035E5AF350000E03FC859030002FCFFFF8A
:1099A0000000F07F00005039CB4665D1C9F31303A6
:1099B000BAF1000F2AD0AA4A93422BD1049B414608
:1099C000FBB1A84A09EA0202B2F1D46F4FF0FF30AE
:1099D0001AD8120DC2F16B0300FA03F3994219D1A0
:1099E000A14B9B4502D101313FF4BEAD9D4B0BEA2B
:1099F000030303F580194FF00008049B002B86D168
:109A0000BCE54FF0FF33E9E70346E7E753EA080315
:109A10003FF46DAF0D9BDBB113EA0B0FEDD0049A51
:109A200040464946BAF1000F16D0FFF736FB9DEDD0
:109A3000087B37EE007B59EC178BDEE71340A3F56C
:109A400080136FEA13596FEA09594FF0FF38D4E7D2
:109A50000E9B13EA080FE1E7FFF71FFB9DED087B64
:109A600037EE407B8DED067BB5EE407BF1EE10FAD4
:109A7000DDE90689C1D1ECE53146284602F0BAF9A4
:109A8000B0EE007BB4EEC70BF1EE10FA67D8BAF176
:109A9000000F44D0754B0022B7EE008B7149DFF800
:109AA000D8C10BEA010060450D9040F08B80DDE9E4
:109AB0000801ABF1547949EC108B43EC1C2BCDE938
:109AC000100102F0BFF849EC1D8BACEE00DB8DED10
:109AD0000EDB0F9B6349664A19409142DDE90E890E
:109AE00047D9099B02F15472934203D1089B013379
:109AF0003FF43AADDFF870914FF0FF3818992046E7
:109B000001F074FD3946204601F070FD31462046D3
:109B100001F06CFD2946204601F068FD0FE6B8F122
:109B2000000F12D1C9F31303B3B9B7EE007BB4EE43
:109B3000C70BF1EE10FAB6EE008B01D420EE088BC5
:109B4000B1EE487B53EC172BA8E7B8F1010F03D116
:109B5000B9F1000F3FF47DAD464B00229CE7B6EE15
:109B6000008B20EE088BBAF1000FE9D053EC182BD4
:109B700094E703F15479049B002BBFD129F00043F3
:109B80000D9A1B0D1B059A42B8D151EC180BD7F753
:109B900011FCD7F7B5FBC9F3130341EC170B43EAEC
:109BA000080353EA0A0338EE478B3ED0B4EECA8B63
:109BB000F1EE10FA3FF5E2ACB4EECB8BF1EE10FA19
:109BC0009CDDDBE4049901B30D99B1F1D46F1CD88D
:109BD0009FED217BB4EEC78BF1EE10FA11D8BCEEED
:109BE000C88B18EE103A012B38BF012308EE103A4B
:109BF000B8EE488BBAF1000F14D1B1EE487B53ECAC
:109C0000172B0D9803F1D6610B1A9DED080B43EC51
:109C10001C2B02F017F89DED087BACEE007B59EC95
:109C2000178BA8E753EC182BEBE7B4EEC98BF1EEDA
:109C300010FA7FF563AFA1E400230B93139A179BEF
:109C40001360FFF78DBA652A3FF489AB452A3FF4CC
:109C500086AB0121FFF7BEBB0000C0FFFFFFDF4165
:109C6000FFFF0F000000F07FFFFFEF7F0000F03FDD
:109C7000FFFF9F7C0000F0BF0000E07F0A46014626
:109C80000248034B0068FFF723BA00BFC8AA0020B0
:109C900030AB00202DE9F04F87B09146474A059040
:109CA00088461F460D462B4615F8014BA65C16F05C
:109CB0000806F8D12D2C47D12C7801269D1C002FA9
:109CC00077D0102F09D1302C07D12B7803F0DF0388
:109CD000582B69D16C78102702354FF0FF3290195C
:109CE0006FF000434FEAE77B43EBE6713A465B4691
:109CF000CDE90001D7F732FBCDE90201BA4696461D
:109D0000002300200021A4F1300CBCF1090F20D861
:109D10006446A7422EDD5A1C13D0DDE902238B4294
:109D200008BF824223D301D1A64520DB0AFB01F301
:109D300000FB0B33AAFB00011944001941EBE4714D
:109D4000012315F8014BDEE72B2C04BF2C789D1C5A
:109D5000B5E7A4F1410CBCF1190F01D8373CD8E7A5
:109D6000A4F1610CBCF1190F04D8573CD1E74FF0B6
:109D7000FF33E6E75A1C0AD1059A2223DDE90001E8
:109D80001360B9F1000F0AD107B0BDE8F08F16B12A
:109D9000404261EB4101B9F1000FF5D00BB105F183
:109DA000FF38C9F80080EFE73024002F95D108274D
:109DB00093E7302C89D00A278FE700BFF5570300BF
:109DC00013460A46014602480068FFF763BF00BF1A
:109DD000C8AA00202DE9F04F85B09146494A03906A
:109DE00088461E460D462B4615F8014BA75C17F01A
:109DF0000807F8D12D2C4AD12C7801279D1C002E64
:109E00007CD0102E09D1302C07D12B7803F0DF0342
:109E1000582B6ED16C78102602354FEAE67B32461D
:109E20005B464FF0FF304FF0FF31D7F797FACDE99F
:109E3000000132465B464FF0FF304FF0FF31D7F75D
:109E40008DFAB2469646002300200021A4F1300C82
:109E5000BCF1090F20D86446A6422EDD002B29DB79
:109E6000DDE900238B4208BF824223D301D1A645FE
:109E700020DB0AFB01F300FB0B33AAFB00011944B2
:109E8000001941EBE471012315F8014BDEE72B2C9F
:109E900004BF2C789D1CB2E7A4F1410CBCF1190F52
:109EA00001D8373CD8E7A4F1610CBCF1190F04D8F4
:109EB000573CD1E74FF0FF33E6E7002B0CDA039A6B
:109EC000222313604FF0FF304FF0FF31B9F1000F44
:109ED0000AD105B0BDE8F08F17B1404261EB4101F6
:109EE000B9F1000FF5D00BB105F1FF38C9F80080CA
:109EF000EFE73024002E90D108268EE7302C84D056
:109F00000A268AE7F557030013460A460146024827
:109F10000068FFF75FBF00BFC8AA002030B5141E5D
:109F200005469BB0184605DA8B232B604FF0FF30B7
:109F30001BB030BD4FF40273ADF80C3014BF04F108
:109F4000FF332346029305934FF6FF73009104916C
:109F5000ADF80E3002461E9B6946284602F044F8D2
:109F6000431CBCBF8B232B60002CE1D0009B002244
:109F70001A70DDE707B5009313460A460146034809
:109F80000068FFF7CBFF03B05DF804FBC8AA002010
:109F9000F8B50E461446054618B183690BB9FDF7AE
:109FA00045FE214B9C422BD16C68A369A360A38919
:109FB0001A072FD523696BB323692068C01A636918
:109FC000F6B28342374604DC21462846FDF788FD79
:109FD00030BBA368013BA36023685A1C22601E703B
:109FE00063690130834204D0A389DB0706D50A2EBA
:109FF00004D121462846FDF773FD88B93846F8BDDF
:10A000000A4B9C4201D1AC68CFE7094B9C4208BF88
:10A01000EC68CAE72146284600F01EF80028CBD09D
:10A020004FF0FF37EAE700BF185903003859030023
:10A03000F858030038B5074D04460846114600227B
:10A040002A601A46ECF7CBFA431C02D12B6803B105
:10A05000236038BDA4810220324B70B51D680646CE
:10A060000C4625B1AB6913B92846FDF7DFFD2E4B31
:10A070009C420FD16C68A389B4F90C2019072CD429
:10A08000DD0611D40923336042F04003A3814FF071
:10A09000FF303EE0254B9C4201D1AC68EBE7244BFE
:10A0A0009C4208BFEC68E6E7580712D5616B41B1E6
:10A0B00004F14403994202D03046FDF75BFF0023D0
:10A0C0006363A38923F02403A381002363602369CE
:10A0D0002360A38943F00803A38123694BB9A389B3
:10A0E00003F42073B3F5007F03D02146304601F01E
:10A0F000EBF9A089B4F90C2010F001030AD0002379
:10A10000A36063695B42A361236943B910F08000D7
:10A11000BAD170BD810758BF6369A360F4E700201E
:10A12000F7E700BFC8AA00201859030038590300F8
:10A13000F858030038B5064D0023044608462B6046
:10A1400002F0A6F8431C02D12B6803B1236038BD8E
:10A15000A48102202DE9F74F03690C69A342074649
:10A16000C0F28180013C01F1140800F1140505EBF7
:10A170008403019358F8243055F8242001339A427F
:10A180004FEA840B08EB8409B2FBF3F631D34FF0AE
:10A19000000E4046AC46F24650F8042B93B206FB44
:10A1A00003E34FEA134E9BB2AAEB0303120CDCF855
:10A1B00000A006FB02E213FA8AF34FEA124E1FFADE
:10A1C00082FADCF80020CAEB124202EB23429BB277
:10A1D00043EA024381454CF8043B4FEA224ADBD272
:10A1E00055F80B302BB9019B043B9D421A462ED3E8
:10A1F0003C61384601F082FC002824DB0136284609
:10A200004FF0000C58F8042BD0F800E093B2ACEB00
:10A210000303120C13FA8EF3C2EB1E4202EB23422D
:10A220009BB243EA0243C14540F8043B4FEA224C4B
:10A23000E8D255F8242005EB840322B9043B9D4263
:10A240001A460AD33C61304603B0BDE8F08F12686D
:10A25000043B002ACCD1013CC7E71268043B002A2A
:10A26000F0D1013CEBE70020EEE700000000000029
:10A270002DE9F04F59EC108B95B0456A1E9C079163
:10A28000CDE9028906460992109375B91020FDF7B1
:10A2900013FE0246706220B9AB4BEA21AB48FDF7D2
:10A2A0002FFBC0E901550560C560736A196851B19B
:10A2B0005A684A60012393408B60304601F096F95A
:10A2C000736A00221A60B9F10003BBBF23F0004398
:10A2D000039300230122ACBF236022609C4B039CAC
:10A2E000A3431AD1109A42F20F731360C4F31303FD
:10A2F00053EA080300F012851F9B53B9954B1FE0EA
:10A30000954B009308331F9A1360009815B0BDE871
:10A31000F08F904B00930333F5E79DED027BB5EE94
:10A32000407BF1EE10FA8DED0A7B0BD1109A0123E0
:10A3300013601F9B002B00F0EE8488481860431EBA
:10A340000093E2E713A99DED0A0B12AA304601F033
:10A35000F5FCC4F30A5105461298002947D00B9C1E
:10A36000C4F31304DDE90A2344F07F5343F440139C
:10A37000A1F2FF31002443EC162BB7EE087B9FEDD2
:10A380006C5B36EE477B9FED6C6BA7EE056BB0EE1A
:10A39000467B06EE901AB8EEE65B9FED696BA5EE84
:10A3A000067BFDEEC76BB5EEC07BF1EE10FA16EE44
:10A3B00090BA119408D5B8EEE66BB4EE476BF1EEA7
:10A3C00010FA18BF0BF1FF3BBBF1160F32D8644BEC
:10A3D00003EBCB0393ED007B9DED0A6BB4EEC76BF3
:10A3E000F1EE10FA01D50BF1FF3B002323E01399A6
:10A3F000014401F23243202BC3BFC3F1400304FAEE
:10A4000003F301F21244C3F12003C6BF28FA04F893
:10A4100043EA080308FA03F307EE903AB8EE677BC5
:10A4200001398DED007B019CDDE90023A4F1F87377
:10A430000124A0E701230F93431A5A1E45BFC3F11D
:10A440000103059300230023069254BF059306934E
:10A45000BBF1000F18DB069BCDF838B05B440693C8
:10A460000023079A092A49D8052AC4BF043A07924B
:10A47000079AA2F10202CCBF00240124032A48D883
:10A48000DFE802F00B2E2C3A059B0022A3EB0B0316
:10A4900005930E92CBF10003E3E700220892099A9C
:10A4A000002A39DC4FF0010AD1465246CDF824A0EB
:10A4B000776A00217960042000F1140C94457968D2
:10A4C0002FD930460C9301F051F80C9B00900246B6
:10A4D000002849D1234B4FF4D571DFE60122DDE797
:10A4E00000220892099A0BEB020A0AF101094A4676
:10A4F000012AB8BF0122DBE70122F2E70124002292
:10A50000CDE907244FF0FF3A0021D14612220991EC
:10A51000CEE701220892F5E7DDF824A0D1465246A5
:10A52000C6E7013179604000C6E700BFAFF30080A5
:10A5300061436F63A787D23FB3C8608B288AC63F49
:10A54000FB799F501344D33FFD590300145A030075
:10A550000000F07FF9590300F05903009BF202005C
:10A56000E85B0300905A0300726A00991160B9F128
:10A570000E0F72D8002C70D0BBF1000F40F3A680F4
:10A58000CA490BF00F0201EBC2021BF4807F92ED6F
:10A59000007B4FEA2B1100F08D80C54A9DED0A5BD0
:10A5A00092ED086B85EE066B8DED026B01F00F01ED
:10A5B0000322BF4800297FD19DED026B86EE077B09
:10A5C0008DED027B0F99002900F0B280B7EE006B91
:10A5D0009DED027BB4EEC67BF1EE10FA40F1A8804F
:10A5E000B9F1000F00F0A480BAF1000F31DDB2EE36
:10A5F000046B27EE067B8DED027B0BF1FF370132FA
:10A6000050469DED026BB1EE0C5B07EE902AB8EE62
:10A61000E77BA7EE065B8DED025B039CDDE9021292
:10A62000A4F15072002840F08680B1EE047B36EE33
:10A63000476B42EC171BB4EEC76BF1EE10FA00F358
:10A640007282B1EE477BB4EEC76BF1EE10FA00F107
:10A650006782DDE90A12CDE90212139A002AC0F2DC
:10A660002981BBF10E0F00F32581904B03EBCB0347
:10A6700093ED006B099B002B80F2C380B9F1000FB2
:10A6800000F3BF8040F04C82B1EE047B26EE076BF6
:10A690009DED027BB4EEC76BF1EE10FA4C464F46CF
:10A6A00080F22282DDF80080312308F8013B0BF1B3
:10A6B000010B1EE202227CE7CC0704D590ED006B73
:10A6C000013227EE067B4910083073E72ED0CBF11C
:10A6D0000001764A01F00F0002EBC00292ED007B10
:10A6E0009DED0A6B26EE077B8DED0C7BDDE90C788A
:10A6F000CDE902786E4809110024022239B9002CF4
:10A700003FF460AFDDE90C01CDE902015AE7CF0764
:10A7100009D59DED0C6B90ED007B26EE077B8DED52
:10A720000C7B0132012449100830E7E7022249E797
:10A730005F46484665E742EC171B5C4A02EBC002E5
:10A7400012ED024B009A1418089A52B3B6EE003B71
:10A75000B7EE002BDDF8008083EE045BB2EE043B25
:10A7600035EE477BFDEEC64B14EE902AB8EEE45B67
:10A77000303236EE456BB4EEC76BF1EE10FA08F8E6
:10A78000012B39D432EE465BB4EEC75BF1EE10FA22
:10A7900072D4A0453FF45DAF27EE037B26EE036B3A
:10A7A000E0E7DDF8008027EE047B2146B2EE043BB3
:10A7B000FDEEC64B14EE902A303208F8012BA0456E
:10A7C000B8EEE45B36EE456B18D1B6EE005B37EEC3
:10A7D000054BB4EEC46BF1EE10FA4DDC35EE477B61
:10A7E000B4EEC76BF1EE10FA7FF533AF884601394E
:10A7F00018F8013C302BF9D0BB462AE026EE036B5B
:10A80000D6E79DED027BB2EE044BDDF8008087EECB
:10A81000065BBDEEC55B15EE103A303308F8013B20
:10A82000009BA8EB03039945B8EEC53BA3EE467B1E
:10A8300033D137EE077BB4EEC67BF1EE10FA1ADCAB
:10A84000B4EE467BF1EE10FA03D115EE103AD907BB
:10A8500011D42946304600F0C9FE0023109A88F82A
:10A8600000300BF1010313601F9B002B3FF44DAD33
:10A87000C3F8008049E55F464346984613F8012D2A
:10A88000392A06D1009A9A42F7D10099302201372D
:10A890000A701A7801321A70AEE727EE047BB5EE23
:10A8A000407BF1EE10FAB2D1D3E700BFE85B0300C2
:10A8B000C05B03000899002900F0D18007990129A5
:10A8C00000F3B4801199002900F0AC8002F2334209
:10A8D000DDF814801C460A93059B13440593069BE0
:10A8E000012113443046069300F086FF0A9B074679
:10A8F000B8F1000F0DDD069A002A0ADD42450599E0
:10A90000A8BF4246891A05910699A8EB02088A1A3F
:10A91000069203B3089A002A00F0A680002C13DDEB
:10A920003946224630460C9301F022F82A46014669
:10A930000746304600F076FF29460A90304600F080
:10A9400055FE0A9A0C9B15461A1B04D02946304620
:10A9500001F00EF805460121304600F04DFF0E9B38
:10A96000002B044640F382801A460146304600F030
:10A97000FFFF079B012B04467BDD00230A9322691E
:10A9800004EB8202106900F0E7FEC0F12000069B94
:10A99000184410F01F0000F08D80C0F12002042A3E
:10A9A00040F38680C0F11C00059B03440593069B81
:10A9B000034480440693059B002B05DD29461A4677
:10A9C000304601F02FF80546069B002B05DD214699
:10A9D0001A46304601F026F804460F9B002B6BD038
:10A9E0002146284601F08AF8002865DA0023294626
:10A9F0000A22304600F01CFE089B0BF1FF3B054687
:10AA0000002B00F09281394600230A22304600F0E4
:10AA10000FFEBAF1000F074600F38E80079B022B52
:10AA200051DC89E0129AC2F1360251E709F1FF3494
:10AA3000A342BFBF0E9AE31AD2181346B7BF0E93B4
:10AA40001C1B23460024B9F1000FB5BF059ADDF8A1
:10AA50001480A2EB09084A46B8BF00223BE7DDF8A4
:10AA60001480089F1C4643E71A466FE7079B012B9B
:10AA700018DC029BB3B9039BC3F31302A2B923F002
:10AA80000042120D12058AB1059B01330593069B06
:10AA90000133069301230A930E9B002B7FF46FAFC3
:10AAA000012074E70023F6E7029BF4E70A92F3E73C
:10AAB00081D010461C3077E7B9F1000F37DC079BD7
:10AAC000022B34DDCA46BAF1000F0DD121465346A0
:10AAD0000522304600F0ACFD01460446284601F050
:10AAE0000DF800283FF7DEAD099BDDF800806FEA26
:10AAF000030B4FF000092146304600F077FD002F90
:10AB00003FF4A7AEB9F1000F05D0B94503D04946CF
:10AB1000304600F06BFD3946304600F067FD98E6A0
:10AB200000242746E0E7BB4604460746BAE5089BF3
:10AB3000CA46002B00F00081B8F1000F05DD394650
:10AB40004246304600F06EFF07460A9B002B5DD060
:10AB50007968304600F00AFD804628B9824B0246EB
:10AB600040F2EA21FFF79ABB3A690232920007F1FC
:10AB70000C010C30FDF7BEF901224146304600F0D1
:10AB800051FF009B01330593009B53440993029BA3
:10AB900003F00103B94608930746059B2146013B94
:10ABA00028460293FFF7D6FA03463033069049460B
:10ABB00028460A9300F0A2FF3A46824621463046D4
:10ABC00000F0B8FFC2680A9B80460ABB01462846CF
:10ABD00000F094FF0A9B0246414630460E920A93CB
:10ABE00000F004FD079B0E9ADDF8148043EA020191
:10ABF000089B0B430A9B0DD1392B29D0BAF1000FCA
:10AC000001DD069B3133029A137074E73846B8E7CA
:10AC10000122E1E7BAF1000F06DB079941EA0A0ACF
:10AC200008995AEA010120D1002AECDD29460122C7
:10AC30003046059300F0F6FE2146054600F05EFF23
:10AC40000028059B02DCDED1DA07DCD5392BD8D110
:10AC5000029A3923137043469846013B18F8012C99
:10AC6000392A51D001321A7045E7002A03DD392B09
:10AC7000EED00133C7E7059A099902F8013C8A42F0
:10AC80002BD0294600230A22304600F0D1FCB945DA
:10AC900005464FF000034FF00A024946304607D1FF
:10ACA00000F0C6FC81460746059B0133059374E717
:10ACB00000F0BEFC3946814600230A22304600F0EF
:10ACC000B7FC0746F0E7BAF1000F009ACCBFD046B8
:10ACD0004FF0010890444FF0000929460122304608
:10ACE000029300F09FFE2146054600F007FF002872
:10ACF000B1DC02D1029BDB07ADD44346984613F882
:10AD0000012D302AFAD0F6E6009A9A42A4D10BF12E
:10AD1000010B312378E7154BFFF712BB1F9B002B6C
:10AD20007FF4EEAA124BFFF70BBBBAF1000F03DC66
:10AD3000079B022B3FF7C7AEDDF80080214628466F
:10AD4000FFF708FA00F1300308F8013B009AA8EB7E
:10AD500002029245B7DD294600230A22304600F060
:10AD600067FC0546EAE700BF905A03009AF202002A
:10AD7000F05903000369B3EB611F2DE9F0434FEA7B
:10AD8000611200F1140445DD11F01F0104EB83068C
:10AD900004EB82050CD100F110072946B14234D3EF
:10ADA0009B1A9B00EA1E964238BF0023234415E0FD
:10ADB00054F82270C1F12008CF4005F1040EA146DD
:10ADC0007645F44615D89B1A9A00043A0135AE42EE
:10ADD00038BF0022A318A75007B104331A1BA3429F
:10ADE0004FEAA20208BF0023026108BF4361BDE829
:10ADF000F083DCF800C00CFA08FC4CEA070749F8BD
:10AE0000047B5EF8047BCF40DAE751F804CB47F8C7
:10AE100004CFC3E72346E1E7A0F13003092B02D8B2
:10AE20002038C0B27047A0F16103052B01D8473824
:10AE3000F7E7A0F14103052B01D82738F1E70020FF
:10AE4000704700002DE9F04F2DED028B89B008EE20
:10AE5000100A0493BC4B1B68019318468B4690461E
:10AE6000D6F7A0FC019BDBF800200344824613F8D0
:10AE7000013C0593931CC2F1FF2202F57F02FE32D2
:10AE8000D1181F4613F8010B00913028F8D0FFF7B6
:10AE9000C3FF044600283AD1019952463846FEF7CE
:10AEA000DAF80546002868D117F80A0007EB0A0609
:10AEB000FFF7B2FF002862D03346187830281F46CB
:10AEC00003F10103F9D0FFF7A7FF0123B0FA80F4E3
:10AED0006409354600933A46164601323078FFF74A
:10AEE0009BFF0028F8D1019952463046FEF7B3F88F
:10AEF00080B94DB906EB0A052A461646013230786C
:10AF0000FFF78AFF0028F8D1AD1BAD0004E0002454
:10AF10002546E0E7002DF7D1337803F0DF03502B0F
:10AF20003BD173782B2B2CD02D2B2ED0711C4FF0B6
:10AF300000090878FFF770FF431EDBB2182B2CD8EE
:10AF4000A0F1100211F8010FFFF766FF431EDBB2FC
:10AF5000182B1DD9B9F1000F00D052421544CBF87F
:10AF60000010E4B1009B002B14BF002706273846D1
:10AF700009B0BDEC028BBDE8F08F3E4625460124AA
:10AF8000CAE74FF00009B11CD3E74FF00109FAE717
:10AF90000A2303FB0202103AD4E73146DFE7F31B32
:10AFA000013B2146072B0BDC18EE100A00F0DEFAFD
:10AFB000044640B9654B0246DE216548FCF7A0FC1B
:10AFC00001315B10EEE700F114094FF0000BCAF1FC
:10AFD0000103CDF80890CDF800B00693B74240D3F6
:10AFE0000298009B40F8043BA0EB0900801046014A
:10AFF0002061184600F0B0FB301AD8F80060B0426B
:10B0000063DD871B3946204600F04BFF8246A8B11E
:10B010007B1E591103F01F0259F821104FF0010A4D
:10B020000AFA02F20A4209D0534505DDB91E20464C
:10B0300000F037FF002845D14FF0020A394620467C
:10B04000FFF798FE3D44D8F80830AB424CDA18EED2
:10B05000100A214600F0CAFA149A00231360A327AD
:10B0600085E7731E059A039316F8013C934219D0A5
:10B07000BBF1200F07D1029B009A43F8042B0293E7
:10B08000002300939B4616F8010CFFF7C5FE009BBA
:10B0900000F00F0000FA0BF0034300930BF1040BD8
:10B0A000039B0DE0039B069A1344BB42E0D3184672
:10B0B000019907935246FDF7CEFF079B0028D7D191
:10B0C0001E468BE74FF0030AB8E70ADA371A214623
:10B0D00018EE100A3A4600F0A5FCED1B044600F1FC
:10B0E00014094FF0000AAEE7D8F80400A84272DD58
:10B0F000451BAE4236DCD8F80C30022B2AD0032B8D
:10B100002CD0012B15D1AE4213D1012E0BD1049AB4
:10B11000D8F80430136001232361C9F80030149B70
:10B1200062271C6023E7711E204600F0BAFE00284B
:10B13000EDD118EE100A214600F058FA149A0023B7
:10B140001360502713E700BF285B0300905A0300E9
:10B15000A15A0300159B002BEBD1D8E7159B002BC0
:10B16000D5D1E6E76F1EBAF1000F31D127B13946CC
:10B17000204600F096FE82467B11012159F82330CB
:10B1800007F01F0701FA07F71F422946204618BF9C
:10B190004AF0020A761BFFF7EDFDD8F804500227AB
:10B1A000BAF1000F48D0D8F80C30022B15D0032B81
:10B1B00017D0012B09D11AF0020F06D0D9F80000E0
:10B1C0004AEA000A1AF0010F0ED147F0100733E0E7
:10B1D0004FF0010AD0E70127E2E7159BC3F1010315
:10B1E0001593159B002BF0D0D4F810B004F1140384
:10B1F0004FEA8B0A03EB8B014FF0000C184653F813
:10B20000042BB2F1FF3F1CD001320260022F04F187
:10B2100014033FD1D8F80020013AB2420AD171118B
:10B22000012253F8213006F01F0602FA06F61E42EC
:10B2300018BF174647F02007149B1C60049B1D6035
:10B2400095E6994243F804CCD8D8A3689B4519DB0E
:10B25000616818EE100A013100F088F9814618B9CA
:10B260001A4B02468421A8E62269023204F10C013D
:10B2700092000C30FCF73EFE214618EE100A00F05A
:10B28000B5F94C4623695A1C04EB83032261012261
:10B290005A61BBE722695A450BDD01212046FFF7C1
:10B2A00069FDD8F808300135AB42FFF6D0AE012772
:10B2B000C0E716F01F06FAD09A44C6F120065AF8E5
:10B2C000040C00F049FAB042E7DBF0E7905A0300C3
:10B2D000C2F10802920070B5C2F12006436804680A
:10B2E00003FA06F52C43D340046040F8043F88423B
:10B2F000F4D370BD30B50368013311F8014B14B9B4
:10B300000360012030BD13F8012BA2F14105192D76
:10B3100098BF2032A242F0D00020F3E72DE9F04F91
:10B320000B6801685E1102EB860613F01F0387B0FD
:10B3300018BF04360025371F82469046019346F811
:10B34000045CB9463C460295AB464A784B1C0393D5
:10B3500042B3104605910492FFF75EFD00284FD1DD
:10B36000049A0599202A18D8029B9B4513DD4C4569
:10B3700006D2072D04DC2A4649462046FFF7A8FFDF
:10B38000444550D90023A4F1040944F8043CCDF805
:10B3900008B04C461D460399D7E7292A56D10231F9
:10B3A000CAF80010BBF1000F50D04C4506D2072D53
:10B3B00004DC2A4649462046FFF78AFF444534D933
:10B3C000A8F10402234653F8041B42F8041F9F42CD
:10B3D000F9D23B1B23F0030304330134033EB44290
:10B3E00088BF04234344002243F8042B9F42FBD22E
:10B3F0003B681BB9474527D101233B60052026E068
:10B400000135082D0BF1010B06DD4445C3D900239E
:10B4100044F8043C0125043C226800F00F0040EA97
:10B4200002122260B7E70825B5E7019B002BDFD0A9
:10B430004FF0FF32C3F1200322FA03F356F8042C35
:10B440001A4046F8042CD3E7043FD1E7042007B0A4
:10B45000BDE8F08F0048704720AC002038B5074D9C
:10B4600004460846114600222A601A4600F038FFBA
:10B47000431C02D12B6803B1236038BDA481022094
:10B4800070B50E46B1F90E10002996B014461D464F
:10B4900007DA00232B60B3891A0610D44FF48063B7
:10B4A0000EE06A4600F0CAFE0028F2DB019A02F4C0
:10B4B0007042A2F500535A425A412A60EEE74023F7
:10B4C0000020236016B070BD8B8973B59D070646BA
:10B4D0000C4607D504F14703236023610123636110
:10B4E00002B070BD01AB6A46FFF7CAFF009905467E
:10B4F0003046FCF78FFD48B9B4F90C309A05EFD40B
:10B5000023F0030343F00203A381E3E70D4BB3628F
:10B51000A389206043F08003A381009B6361019BAA
:10B5200020615BB1B4F90E10304600F099FE28B1ED
:10B53000A38923F0030343F00103A381A0890543FA
:10B54000A581CDE7C57B020082B001B901A942B156
:10B550004BB113780B601278101E18BF012002B097
:10B5600070471046FBE76FF00100F8E770B5466AD8
:10B5700004460D4676B91020FCF79EFC0246606238
:10B5800020B9184B18486621FCF7BAF9C0E90166E2
:10B590000660C660666AF36883B1636ADB6853F865
:10B5A0002500B8B9012101FA05F6721D9200204666
:10B5B000FCF7D0FC60B1C0E901560EE02122042165
:10B5C0002046FCF7C7FC636AF060DB68002BE4D11F
:10B5D000002070BD026843F825200023C0E9033332
:10B5E000F7E700BFFD5903003C5B030070B5466AF6
:10B5F00005460C4676B91020FCF75EFC02466862F0
:10B6000020B9094B09488A21FCF77AF9C0E901669B
:10B610000660C6603CB16B6A6268DB6853F8221052
:10B62000216043F8224070BDFD5903003C5B0300DC
:10B630002DE9F0410E69074698460C4601F11400C9
:10B6400000230568A9B202FB01814FEA114C2D0CC1
:10B6500002FB05C589B2013301EB05419E4240F86A
:10B66000041B4FEA1548ECDCB8F1000F22D0A368A8
:10B67000B34219DC616838460131FFF777FF0546B0
:10B6800028B902460D4B0E48B521FCF739F922695D
:10B69000023204F10C0192000C30FCF72BFC214625
:10B6A0003846FFF7A3FF2C4604EB86030136C3F8A8
:10B6B000148026612046BDE8F08100BF905A030047
:10B6C0003C5B03002DE9F8430C4615461F46092252
:10B6D0000833064693FBF2F3002101229A4209DB6C
:10B6E0003046FFF743FF40B90246194B1948CE21B7
:10B6F000FCF706F952000131F0E7089B4361092D80
:10B700004FF00103036116DD04F10909C8462C441A
:10B7100018F8013B0146303B0A223046FFF788FF0C
:10B72000A045F5D1A5F108044C442D1B6319BB427B
:10B7300004DBBDE8F8830A340925F6E714F8013B79
:10B740000146303B0A223046FFF772FFEEE700BFAA
:10B75000905A03003C5B0300030C1B04D3B90004A4
:10B76000102310F07F4F04BF0002083310F0704F19
:10B7700004BF0001043310F0404F04BF80000233C7
:10B78000002805DB10F0804F03F1010308BF2023E0
:10B79000184670470023E4E7036813F007020146E8
:10B7A0000BD0DA0724D4980749BF5B089B08012017
:10B7B0000B605CBF0B600220704798B2B0B91B0CE5
:10B7C000102013F0FF0F04BF1B0A08301A0704BF34
:10B7D0001B0904309A0704BF9B080230DA0703D420
:10B7E0005B0800F1010005D00B6070471046E8E7E8
:10B7F000002070472020704710B50C460121FFF74C
:10B80000B5FE024628B9054B05484FF4A071FCF778
:10B8100077F801234461036110BD00BF905A030013
:10B820003C5B03002DE9F04F14460A6923699A42F4
:10B83000B8BF0B460D46BCBF25461C46D5F810A028
:10B84000D4F81090AB6869680AEB0907BB4285B071
:10B85000B8BF0131FFF78AFE30B90246424B434878
:10B8600040F25D11FCF74CF800F1140606EB870876
:10B870003346002243451ED305F1140C04F1140392
:10B880000CEB8A0C03EB89020292ACEB0502153A31
:10B8900022F00302043205F115018C4538BF042261
:10B8A0000192029A03939A4208D8002F55DC07614F
:10B8B00005B0BDE8F08F43F8042BDBE7B3F800A038
:10B8C000BAF1000F20D005F1140EB14600225EF847
:10B8D000044BD9F800B0A1B21FFA8BFB0AFB01B1EF
:10B8E0001144D9F80020240C120C0AFB042404EBA8
:10B8F000114489B241EA0441F44549F8041B4FEA76
:10B900001442E4D801997250039AB2F802900433B9
:10B91000B9F1000F1FD0346805F11401B6464FF09D
:10B92000000A0A88BEF802B009FB02B29244A4B22F
:10B9300044EA0A444EF8044B51F8044BBEF8002088
:10B94000240C09FB042404EB1A448C454FEA144AE6
:10B95000E7D8019AB4500436A3E758F8043D002B09
:10B96000A5D1013FA1E700BF905A03003C5B030053
:10B970002DE9F843154612F0030206460F4607D09C
:10B98000254C013A002354F82220FFF751FE0746C8
:10B99000AD103DD0746A7CB91020FCF78DFA0246D8
:10B9A000706228B91D4B1E484FF4D771FBF7A8FFF2
:10B9B000C0E901440460C460D6F82480D8F8084087
:10B9C0004CB940F271213046FFF716FF0023C8F84A
:10B9D0000800044603604FF00009EB070AD539461A
:10B9E00022463046FFF71EFF394680463046FFF7B5
:10B9F000FDFD47466D100BD0206838B92246214620
:10BA00003046FFF70FFF2060C0F800900446E4E7DF
:10BA10003846BDE8F88300BFB05C0300FD59030061
:10BA20003C5B03002DE9F0470C464968236903EBB2
:10BA30006218A368074691464FEA621A08F10106A8
:10BA4000B3420BDB3846FFF791FD054648B9024685
:10BA5000284B294840F2D911FBF752FF01315B0016
:10BA6000EEE7002300F1140100F1100218465345DF
:10BA700033DB20692AEAEA7A04F1140319F01F097A
:10BA800001EB8A0103EB800C2BD0C9F1200E8A4612
:10BA90000022186800FA09F002434AF8042B53F810
:10BAA000042B9C4522FA0EF2F3D8ACEB0403153BB1
:10BAB00023F00303043304F11500844538BF042345
:10BAC000CA500AB108F10206013E38462E612146ED
:10BAD000FFF78CFD2846BDE8F08742F8040F0133DC
:10BAE000C5E7043953F8042B41F8042F9C45F9D8D5
:10BAF000EAE700BF905A03003C5B030030B50269DF
:10BB00000C69121B0ED100F11403143103EB8400F5
:10BB100001EB840150F8045D51F8044DA54203D0B7
:10BB200005D30122104630BD8342F3D3FAE74FF02C
:10BB3000FF32F7E72DE9F84F0C460646114620463E
:10BB40001746FFF7DBFF051E10D129463046FFF7E9
:10BB50000DFD30B9394B024640F232213848FBF72F
:10BB6000CFFE0123C0E90435BDE8F88FA4BF3B46F2
:10BB7000274630467968A6BF1C4600250125FFF7F9
:10BB8000F5FC20B92D4B02464FF41071E6E73E69F3
:10BB9000C560256907F1140104F1140900F1140EC0
:10BBA00007F1100201EB860C09EB8505F246002730
:10BBB00059F8043B52F804BF1FFA83F817FA8BF7C1
:10BBC0001B0CA7EB0808C3EB1B4303EB28431FFA2E
:10BBD00088F81F144D4548EA03434AF8043BE7D868
:10BBE0002B1B153B23F0030304331534A54238BF48
:10BBF0000423194473449E460D4665450ED30CF14B
:10BC00000302521A22F0030203398C4538BF002286
:10BC10001A4452F8043D7BB10661A5E755F8048B40
:10BC200017FA88F4221402EB1842A4B244EA024440
:10BC30004EF8044B1714E0E7013EEAE7905A030080
:10BC40003C5B030082B08DED000B019B1249194053
:10BC5000A1F15071002905DD00220B4643EC102BA9
:10BC600002B070474942B1F1A07F4FEA21504FF036
:10BC700000024FF0000304DA4FF4002141FA00F310
:10BC8000ECE7A0F114011E29DABF4FF0004020FAC2
:10BC900001F101210A46E1E70000F07FF8B50569EE
:10BCA00000F1140707EB85052E1F55F8044C2046BC
:10BCB000FFF752FDC0F120030A28DFF87CC00B60BB
:10BCC00014DCC0F10B0E24FA0EF1B74241EA0C036A
:10BCD00034BF55F8081C0021153004FA00F021FA91
:10BCE0000EF140EA010243EC102BF8BDB7423ABF17
:10BCF00055F8081CA5F1080600210B3817D0C0F133
:10BD0000200C04FA00F5BE4221FA0CF445EA0405C1
:10BD10008CBF56F8044C002445F07F5301FA00F024
:10BD200024FA0CF443F4401340EA0402DBE744EA4B
:10BD30000C030A46D7E700BF0000F03F2DE9F743A8
:10BD40008946012157EC106B9046FFF70FFC044623
:10BD500030B90246254B264840F20A31FBF7D0FDA8
:10BD6000C7F30A55C7F3130335BB002E019328D040
:10BD700068460096FFF710FD009900B3019AC0F1E4
:10BD8000200302FA03F30B43C24063610192019B5B
:10BD9000A361002B14BF022201222261D5B1A5F2BA
:10BDA00033450544C9F80050C0F13500C8F800001B
:10BDB000204603B0BDE8F08343F48013D5E761610A
:10BDC000E5E701A8FFF7E8FC019B6361012222611E
:10BDD0002030E3E704EB8203A0F23240C9F8000010
:10BDE0001869FFF7B9FCC0EB4210DFE7905A030077
:10BDF0003C5B03002DE9F74F8A4669468346FFF70F
:10BE00004DFF01A9504659EC108B10EE106AFFF758
:10BE100045FFDBF81030DAF81020A3EB020CDDE967
:10BE200000329B1A03EB4C1355EC104B002B10EE19
:10BE3000100ACEBF4A46C3EB03332A464F46294673
:10BE4000CCBF02EB035702EB035147EC176B41ECFD
:10BE5000160B87EE060B03B0BDE8F08F013970B505
:10BE600049111469013102F1140300EB810103EB64
:10BE70008404051FA3420CD3A31A113B23F0030330
:10BE80001132A24288BF002318440023884205D300
:10BE900070BD53F8046B45F8046FEBE740F8043BC2
:10BEA000F4E700F1140200694B11984210B511DB60
:10BEB0000ADD11F01F0107D052F8234024FA01F0E7
:10BEC00000FA01F18C420BD102EB8303934203D8B9
:10BED000002010BD0346F7E753F8041D0029F5D0F4
:10BEE0000120F6E7F8B5074614460E4621B9BDE82D
:10BEF000F8401146FCF78EB822B9FCF73BF825460E
:10BF00002846F8BD00F0BCF9A0420FD221463846C1
:10BF1000FCF780F805460028F2D031462246FBF7B0
:10BF2000E9FF31463846FCF725F8E9E73546E7E70B
:10BF30002DE9F0478E689E4282460C4690461F4689
:10BF400038D88A8912F4906F32D025680969A5EB38
:10BF50000109656905EB450505EBD57501334B44D2
:10BF60006D109D4238BF1D46530531D52946FCF75B
:10BF700051F8064650B90C23CAF80030A38943F0A3
:10BF80004003A3814FF0FF30BDE8F08721694A46A6
:10BF9000FBF7B0FFA38923F4906343F08003A381F0
:10BFA000266165614E44A5EB09052660A5603E4605
:10BFB000BE4200D93E46324620684146FBF7A8FF04
:10BFC000A36822689B1B3244A36022600020DBE749
:10BFD0002A46FFF787FF06460028E1D1216950462F
:10BFE000FBF7C8FFC7E700002DE9F04F98468B89A3
:10BFF0001B069DB007460D4614460ED50B6963B966
:10C000004021FCF707F82860286120B90C233B6029
:10C010004FF0FF30D1E040236B61002309932023D0
:10C020008DF82930CDF80C803023DFF8A8818DF809
:10C030002A304FF0010923469A4613F8012B0AB122
:10C04000252AF9D1BAEB040B0BD05B4622462946D0
:10C050003846FFF76DFF013000F0AA80099A5A4474
:10C0600009929AF80030002B00F0A28000234FF0D4
:10C07000FF32CDE905230AF1010A049307938DF8F5
:10C0800053301A935446052214F8011B5148D5F732
:10C090002FFB049AD8B9D00644BF20238DF8533023
:10C0A000110744BF2B238DF853309AF800302A2B08
:10C0B00015D0079A544600204FF00A0C214611F87B
:10C0C000013B303B092B4ED9B0B1079214E0A0EBF5
:10C0D000080309FA03F313430493A246D2E7039B30
:10C0E000191D1B680391002BBBBF5B4242F002028B
:10C0F00007930793B8BF049223782E2B0CD1637853
:10C100002A2B35D1039B1A1D1B680392002BB8BF45
:10C110004FF0FF3302340593DFF8C8A021780322E3
:10C120005046D5F7E5FA40B14023A0EB0A0003FAE8
:10C1300000F0049B03430134049314F8011B2648C8
:10C140008DF828100622D5F7D3FA002838D0234BD3
:10C150001BBB039B073323F0070308330393099B9F
:10C160003344099367E70CFB02320C460120A5E734
:10C1700000230134059319464FF00A0C204610F8AD
:10C18000012B303A092A03D9002BC5D00591C3E70A
:10C190000CFB012104460123F0E703AB00932A4680
:10C1A0000F4B04A93846FCF77BF9421C0646D6D152
:10C1B000AB895B063FF52CAF09981DB0BDE8F08F49
:10C1C00003AB00932A46064B04A93846FCF7F4FB60
:10C1D000EBE700BF5C59030066590300A18402002D
:10C1E00031BF02006259030038B5074D04460846C6
:10C1F000114600222A601A46EAF748FA431C02D187
:10C200002B6803B1236038BDA48102200000000028
:10C210009FED010B704700BF000000000000F87F99
:10C2200049B1FF2A85BF8A2303600A704FF0FF30AF
:10C2300098BF0120704708467047000038B5074D89
:10C2400000230446084611462B6000F029F8431CE1
:10C2500002D12B6803B1236038BD00BFA481022046
:10C2600038B5064D0023044608462B6000F028F838
:10C27000431C02D12B6803B1236038BDA481022086
:10C2800051F8043C181F002BBCBF0B58C018704756
:10C29000024B58221A604FF0FF307047A4810220F1
:10C2A000024B58221A604FF0FF307047A4810220E1
:10C2B000024B58221A604FF0FF307047A4810220D1
:10C2C000024B58221A600020704700BFA481022050
:10C2D000024B58221A604FF0FF307047A4810220B1
:10C2E000024B58221A604FF0FF307047A4810220A1
:10C2F000FEE700BF0000000000000000000000009A
:10C300000000000000000000000201010101030024
:10C31000000000000002434000C242400000000054
:10C320000002434000C24240000000000040434081
:10C3300000804340000308000000000200020000EB
:10C340000002000200000C060609020900000100BC
:10C3500080FA000308000000000200020000000252
:10C36000000200000C060600FFFFFFFFFFFFFFFFBB
:10C370004F626A65637420646574656374696F6E87
:10C3800020696E666572656E636520616E64204823
:10C3900054545020736572766572206F76657220F2
:10C3A0005553420D0A004572726F722063726561C7
:10C3B00074696E6720696D616765206D7574657855
:10C3C0000D0A004572726F72206372656174696E46
:10C3D000672062626F78206D757465780D0A00536E
:10C3E00074617274696E6720696E666572656E63EA
:10C3F00065207461736B0D0A00496E666572656E27
:10C4000063655461736B00256600436F756C646EE1
:10C41000277420726567697374657220637573741D
:10C420006F6D206F7020272573272C207265736F26
:10C430006C7665722073697A6520697320746F6FFA
:10C4400020736D616C6C20282564290043616C6C3D
:10C45000696E6720416464437573746F6D20666F05
:10C4600072207468652073616D65206F70206D6F38
:10C470007265207468616E206F6E63652069732039
:10C480006E6F7420737570706F7274656420284FBE
:10C49000703A202573292E00496E76616C696420FC
:10C4A000706172616D65746572204275696C746942
:10C4B0006E4F70657261746F725F435553544F4D88
:10C4C00020746F20746865204164644275696C74DF
:10C4D000696E2066756E6374696F6E2E0043616CC1
:10C4E0006C696E67204164644275696C74696E2082
:10C4F00077697468207468652073616D65206F705A
:10C50000206D6F7265207468616E206F6E636520A8
:10C510006973206E6F7420737570706F72746564C8
:10C5200020284F703A20232564292E00436F756C14
:10C53000646E277420726567697374657220627512
:10C54000696C74696E206F70202325642C207265DD
:10C55000736F6C7665722073697A652069732074D5
:10C560006F6F20736D616C6C20282564292E004547
:10C5700052524F523A204661696C656420746F20B4
:10C580006C6F61642025730D0A006D6F64656C200B
:10C590006F70657261746F7220257A75206275699B
:10C5A0006C74696E5F636F64653D25640A00455273
:10C5B000524F523A204661696C656420746F20675F
:10C5C0006574204564676554707520636F6E74658B
:10C5D00078740D0A0054464C6974655F446574654F
:10C5E0006374696F6E5F506F737450726F636573BD
:10C5F00073004552524F523A20416C6C6F63617424
:10C600006554656E736F72732829206661696C6565
:10C61000640D0A0069203C2073697A652829006648
:10C620006C6174627566666572733A3A56656374D6
:10C630006F723C543E3A3A72657475726E5F7479EB
:10C64000706520666C6174627566666572733A3AED
:10C65000566563746F723C543E3A3A476574286677
:10C660006C6174627566666572733A3A756F666678
:10C670007365745F742920636F6E7374205B7769D0
:10C6800074682054203D20666C617462756666652E
:10C6900072733A3A4F66667365743C74666C69747B
:10C6A000653A3A53756247726170683E3B20666C2A
:10C6B0006174627566666572733A3A566563746F43
:10C6C000723C543E3A3A72657475726E5F7479705A
:10C6D00065203D20636F6E73742074666C697465A9
:10C6E0003A3A53756247726170682A3B20666C6102
:10C6F00074627566666572733A3A756F66667365DD
:10C70000745F74203D206C6F6E6720756E7369676F
:10C710006E656420696E745D002F636F72616C6D6D
:10C720006963726F2F74686972645F706172747983
:10C730002F666C6174627566666572732F696E63CD
:10C740006C7564652F666C6174627566666572737C
:10C750002F666C6174627566666572732E6800453B
:10C7600052524F523A204D6F64656C206D75737450
:10C770002068617665206F6E6C79206F6E65206928
:10C780006E7075742074656E736F720D0A0063614C
:10C790006E6E6F7420637265617465207374643AA1
:10C7A0003A766563746F72206C617267657220748B
:10C7B00068616E206D61785F73697A652829004928
:10C7C0004E5055542064696D733A20002564200052
:10C7D0000A696E7075745F7363616C653D256620D0
:10C7E000696E7075745F7A703D2564206C6F637339
:10C7F0005F7363616C653D2566206C6F63735F7A60
:10C80000703D25642073636F7265735F7363616C41
:10C81000653D25662073636F7265735F7A703D2591
:10C8200064207175616E745F7468726573683D250C
:10C83000640A004552524F523A20436F756C64208F
:10C840006E6F742063617074757265206672616DBD
:10C85000652066726F6D2063616D6572610D0A00FF
:10C860004552524F523A20496E666572656E636555
:10C87000206661696C65640D0A00766563746F7289
:10C880003A3A5F4D5F7265616C6C6F635F696E739E
:10C8900065727400256C75007B226474696D652275
:10C8A0003A20002C20002262626F786573223A20C1
:10C8B0005B002564007B226964223A2000227363B6
:10C8C0006F7265223A200022786D696E223A20004C
:10C8D00022796D696E223A200022786D6178223AC1
:10C8E000200022796D6178223A20005D7D0045525A
:10C8F000524F523A20426F756E64696E6720626FC4
:10C9000078204A534F4E20737472696E6720746F9B
:10C910006F206C6F6E670D0A0000000000000000C1
:10C9200000000000D7170000DD170000B517000059
:10C93000BF170000C91700001118000015180000EB
:10C94000D3170000E3170000571800002518000057
:10C95000656467657470752D637573746F6D2D6F85
:10C9600070002F6D6F64656C5F696E74385F65640D
:10C9700067657470752E74666C69746500000000DC
:10C98000000000004038000050460000D44900007C
:10C9900068010000B40000005A0000002D000000F3
:10C9A000FC35593D9A99993D3A3BD93DEDD8883DA2
:10C9B000F983C13DEDD8083E9066AC3D7DD0F33D96
:10C9C0002F692C3E3A3BD93D9A99193E9B38593EE6
:10C9D000EDD8083E9886413E9DD7883E2F692C3E73
:10C9E0001CD3733E2F69AC3E9B38593E9A99993EB1
:10C9F0009B38D93E9DD7883E9886C13E9DD7083F3B
:10CA00002F69AC3E1CD3F33E2F692C3F9B38D93E97
:10CA10009A99193F4339593F9DD7083FF085413FC7
:10CA20009DD7883F2F692C3F1CD3733FDC68AC3FF8
:10CA30003A3BD93D9A99993DFC35593DEDD8083E90
:10CA4000F983C13DEDD8883D2F692C3E7DD0F33D63
:10CA50009066AC3D9B38593E9A99193E3A3BD93D78
:10CA60009DD7883E9886413EEDD8083E2F69AC3E62
:10CA70001CD3733E2F692C3E9B38D93E9A99993E20
:10CA80009B38593E9DD7083F9886C13E9DD7883E2A
:10CA90002F692C3F1CD3F33E2F69AC3E4339593FDD
:10CAA0009A99193F9B38D93E9DD7883FF085413FE1
:10CAB0009DD7083FDC68AC3F1CD3733F2F692C3FE8
:10CAC000CDCCCC3CCDCC4C3DCDCCCC3DCDCC4C3EDE
:10CAD0004E554C4C20213D207461736B48616E644F
:10CAE0006C65002F636F72616C6D6963726F2F7478
:10CAF000686972645F70617274792F6E78702F72DA
:10CB000074313137362D73646B2F636F6D706F6EB8
:10CB1000656E74732F6F73612F66736C5F6F735FD5
:10CB20006162737472616374696F6E5F667265656A
:10CB30005F72746F732E63004E554C4C20213D2064
:10CB40006D7574657848616E646C65004E554C4C2B
:10CB500020213D206576656E7448616E646C6500C9
:10CB6000706450415353203D3D20726573756C7461
:10CB7000004E554C4C20213D206D73677148616E0D
:10CB8000646C65004F53415F4D7574657843726501
:10CB9000617465004F53415F4D757465784C6F63E8
:10CBA0006B004F53415F4D75746578556E6C6F63C4
:10CBB0006B004F53415F4D757465784465737472B3
:10CBC0006F79004F53415F4576656E7443726561BE
:10CBD0007465004F53415F4576656E74536574000C
:10CBE0004F53415F4576656E7457616974004F53CA
:10CBF000415F4576656E7444657374726F79004F5A
:10CC000053415F4D736751437265617465004F53C3
:10CC1000415F4D736751507574004F53415F4D73C1
:10CC20006751476574004F53415F4D7367514465C9
:10CC30007374726F790066726571002F636F726131
:10CC40006C6D6963726F2F74686972645F70617272
:10CC500074792F6E78702F7274313137362D73647A
:10CC60006B2F646576696365732F4D494D58525437
:10CC7000313137362F647269766572732F66736C43
:10CC80005F636C6F636B2E68004661696C6564203E
:10CC9000746F20696E697469616C697A65205344A8
:10CCA00052414D2E0D0A00434C4F434B5F47657474
:10CCB000526F6F74436C6F636B467265710002054F
:10CCC000030007160F1C02050300140F09180205C4
:10CCD00003000F18090D02050300140F09180205BF
:10CCE000030018090B11020503001018090D0205B5
:10CCF000030010180B0902050300140F0A1802059F
:10CD000003000910180A020503001018090D020596
:10CD100003001018090D020503000F181A0D020573
:10CD200003001018090D020503001018090D020573
:10CD30000300101813140205030010181A1C020532
:10CD4000030010181A1C0205030010181314020522
:10CD50000300101813140205030010181314020521
:10CD6000030011090C0F0205030011090C0F020545
:10CD700003001018090D020503001018090D020523
:10CD80000300140F0D18020503001018090D020509
:10CD900003001018090D020503001018090D020503
:10CDA00003001018090D020503001018090D0205F3
:10CDB00003001018090D020503001018090D0205E3
:10CDC00003001018090D020503001018090D0205D3
:10CDD00003001018090D02050300140F0D180205B9
:10CDE0000300140F0D18020503001018090D0205A9
:10CDF00003001018090D020503001018090D0205A3
:10CE000003001018090D02050300140F0D18020588
:10CE10000300140F0D18020503001318090D020575
:10CE200003001318090D020503001318090D02056C
:10CE300003001318090D02050300140F131802054F
:10CE40000300140F1318020503001018090D020542
:10CE500003001018090D02050300171A180B02052C
:10CE60000300171A180B02050300171A180B020506
:10CE70000300171A180B02050300171A180B0205F6
:10CE80000300171A180B02050300171A180B0205E6
:10CE900003000C0A1807020503000C0A1807020514
:10CEA000030018101A0D0205030018101A0D0205D0
:10CEB0000300140F1A18020503001A0F130D0205C0
:10CEC00003001A13180D020503001A13180D0205AA
:10CED00003001A13180D02050300140F1A18020597
:10CEE0000300090B0F1C02050300090C111C0205AD
:10CEF0000300090C111C02050300090A111C02059C
:10CF00000300090A111C020503000C0F0A1C02058C
:10CF100003000C0F0A1C020503000C0F0A1C02057B
:10CF200003000C0F121C020503000C091218020565
:10CF300003000D01121A434C4F434B5F4765745277
:10CF40006F6F74436C6F636B467265710000000015
:10CF50000000000084000000200400004D000000DC
:10CF60006400000000000000000000000205030053
:10CF700007160F1C02050300140F09180205030011
:10CF80000F18090D02050300140F0918020503000C
:10CF900018090B11020503001018090D0205030002
:10CFA00010180B0902050300140F0A1802050300EC
:10CFB0000910180A020503001018090D02050300E4
:10CFC0001018090D020503000F181A0D02050300C1
:10CFD0001018090D020503001018090D02050300C1
:10CFE000101813140205030010181A1C0205030080
:10CFF00010181A1C02050300101813140205030070
:10D00000101813140205030010181314020503006E
:10D0100011090C0F0205030011090C0F0205030092
:10D020001018090D020503001018090D0205030070
:10D03000140F0D18020503001018090D0205030056
:10D040001018090D020503001018090D0205030050
:10D050001018090D020503001018090D0205030040
:10D060001018090D020503001018090D0205030030
:10D070001018090D020503001018090D0205030020
:10D080001018090D02050300140F0D180205030006
:10D09000140F0D18020503001018090D02050300F6
:10D0A0001018090D020503001018090D02050300F0
:10D0B0001018090D02050300140F0D1802050300D6
:10D0C000140F0D18020503001318090D02050300C3
:10D0D0001318090D020503001318090D02050300BA
:10D0E0001318090D02050300140F1318020503009D
:10D0F000140F1318020503001018090D0205030090
:10D100001018090D02050300171A180B0205030079
:10D11000171A180B02050300171A180B0205030053
:10D12000171A180B02050300171A180B0205030043
:10D13000171A180B02050300171A180B0205030033
:10D140000C0A1807020503000C0A18070205030061
:10D1500018101A0D0205030018101A0D020503001D
:10D16000140F1A18020503001A0F130D020503000D
:10D170001A13180D020503001A13180D02050300F7
:10D180001A13180D02050300140F1A1802050300E4
:10D19000090B0F1C02050300090C111C02050300FA
:10D1A000090C111C02050300090A111C02050300E9
:10D1B000090A111C020503000C0F0A1C02050300DA
:10D1C0000C0F0A1C020503000C0F0A1C02050300C9
:10D1D0000C0F121C020503000C09121802050300B3
:10D1E0000D01121A01000000000000000000000004
:10D1F00001000000000000000000000045656D45D2
:10D200006E64706F696E7473496E697420666169CB
:10D210006C65640D0A005B45454D5D20556E686187
:10D220006E646C656420636C6173732072657175E4
:10D230006573742025782025782072657175657373
:10D24000743A2025780D0A00257320756E68616E8A
:10D25000646C656420256C750D0A005553425F446B
:10D26000657669636543646345656D4576656E748F
:10D270000021286E6F6E4361636865537461727438
:10D2800020252073697A6529002F636F72616C6DA8
:10D290006963726F2F74686972645F706172747908
:10D2A0002F6D6F6469666965642F6E78702F727474
:10D2B000313137362D73646B2F626F6172642E6368
:10D2C0000073697A65203D3D202875696E7433329C
:10D2D0005F74292831203C3C2069290069203E3DAB
:10D2E000203500212872706D736753686D656E5329
:10D2F0007461727420252072706D736753686D6558
:10D300006E53697A65290072706D736753686D6535
:10D310006E53697A65203D3D202875696E743332FD
:10D320005F74292831203C3C20692900434C4F433D
:10D330004B5F476574526F6F74436C6F636B4672DB
:10D34000657100424F4152445F436F6E6669674D9D
:10D350005055000205030007160F1C0205030014B8
:10D360000F0918020503000F18090D020503001428
:10D370000F09180205030018090B1102050300101C
:10D3800018090D0205030010180B0902050300140B
:10D390000F0A18020503000910180A0205030010FD
:10D3A00018090D020503001018090D020503000FEE
:10D3B000181A0D020503001018090D0205030010CC
:10D3C00018090D02050300101813140205030010BC
:10D3D000181A1C0205030010181A1C02050300107D
:10D3E000181314020503001018131402050300108B
:10D3F0001813140205030011090C0F020503001194
:10D40000090C0F020503001018090D020503001096
:10D4100018090D02050300140F0D18020503001072
:10D4200018090D020503001018090D02050300106C
:10D4300018090D020503001018090D02050300105C
:10D4400018090D020503001018090D02050300104C
:10D4500018090D020503001018090D02050300103C
:10D4600018090D020503001018090D020503001428
:10D470000F0D1802050300140F0D1802050300100C
:10D4800018090D020503001018090D02050300100C
:10D4900018090D020503001018090D0205030014F8
:10D4A0000F0D1802050300140F0D180205030013D9
:10D4B00018090D020503001318090D0205030013D6
:10D4C00018090D020503001318090D0205030014C5
:10D4D0000F131802050300140F13180205030010A0
:10D4E00018090D020503001018090D0205030017A5
:10D4F0001A180B02050300171A180B020503001770
:10D500001A180B02050300171A180B02050300175F
:10D510001A180B02050300171A180B02050300174F
:10D520001A180B020503000C0A1807020503000C69
:10D530000A18070205030018101A0D020503001847
:10D54000101A0D02050300140F1A18020503001A21
:10D550000F130D020503001A13180D020503001A1C
:10D5600013180D020503001A13180D020503001409
:10D570000F1A1802050300090B0F1C02050300090E
:10D580000C111C02050300090C111C020503000903
:10D590000A111C02050300090A111C020503000CF4
:10D5A0000F0A1C020503000C0F0A1C020503000CE5
:10D5B0000F0A1C020503000C0F121C020503000CCD
:10D5C000091218020503000D01121A00510C010086
:10D5D000810C0100970901000100000029070100EA
:10D5E00081070100B303010002000000FD3C0000C0
:10D5F0002D3D0000453D000003000000953F000068
:10D60000214000003F400000040000000000000036
:10D610000000000000000000000000002F636F7297
:10D62000616C6D6963726F2F74686972645F706199
:10D630007274792F6E78702F7274313137362D7382
:10D64000646B2F636F6D706F6E656E74732F666C95
:10D650006173682F6E616E642F666C657873706994
:10D660002F66736C5F666C65787370695F6E616E50
:10D67000645F666C6173682E63004E616E645F4622
:10D680006C6173685F496E6974004E554C4C202183
:10D690003D207561727448616E646C65002F636F24
:10D6A00072616C6D6963726F2F74686972645F7008
:10D6B000617274792F6E78702F7274313137362D14
:10D6C00073646B2F636F6D706F6E656E74732F75FF
:10D6D0006172742F66736C5F616461707465725FF0
:10D6E0006C70756172742E63004E554C4C20213D58
:10D6F0002068616E646C65004E554C4C20213D20C5
:10D70000636F6E66696700636F6E6669672D3E6959
:10D710006E7374616E6365203C202873697A656F4F
:10D720006628735F4C7075617274416461707465D2
:10D73000724261736529202F2073697A656F6628AC
:10D740004C50554152545F54797065202A29290064
:10D750004E554C4C20213D20735F4C7075617274A6
:10D7600041646170746572426173655B636F6E667C
:10D7700069672D3E696E7374616E63655D004E5519
:10D780004C4C20213D2064617461006C656E6774AF
:10D7900068203E203055007561727448616E646C7B
:10D7A000652D3E6D6F646520213D206B48414C5FC7
:10D7B00055617274426C6F636B4D6F6465004841D4
:10D7C0004C5F55617274496E7465727275707448FD
:10D7D000616E646C650048414C5F55617274496EBE
:10D7E00069740048414C5F55617274496E7374618D
:10D7F0006C6C43616C6C6261636B0048414C5F55BB
:10D80000617274526563656976654E6F6E426C6FC6
:10D81000636B696E670048414C5F55617274536574
:10D820006E644E6F6E426C6F636B696E6700484149
:10D830004C5F5561727441626F72745265636569C1
:10D8400076650048414C5F55617274497372467544
:10D850006E6374696F6E00000000000000C0074036
:10D8600000000840004008400080084000C0084018
:10D8700000000940004009400080094000C0094004
:10D8800000000A400040C2400080C24080FF1400F7
:10D89000150016001700180019001A001B001C00C4
:10D8A0001D001E001F00636F6E6669672D3E6A6F64
:10D8B0006252696E67496E746572666163655B305A
:10D8C0005D002F636F72616C6D6963726F2F746896
:10D8D0006972645F70617274792F6E78702F7274E0
:10D8E000313137362D73646B2F64657669636573E8
:10D8F0002F4D494D585254313137362F6472697665
:10D900006572732F66736C5F6361616D2E63004394
:10D9100041414D5F496E697400000000000080B015
:10D92000200020120000000004008212000000000D
:10D930000200508200007060000000000000000043
:10D9400028636F6E6669672D3E6C6F6F70446976F1
:10D9500069646572203C3D202875696E7433325FBE
:10D96000742941524D5F504C4C5F4449565F5345BA
:10D970004C5F4D4158292026262028636F6E66692A
:10D98000672D3E6C6F6F7044697669646572203EE6
:10D990003D202875696E7433325F742941524D5FA2
:10D9A000504C4C5F4449565F53454C5F4D494E299E
:10D9B000002F636F72616C6D6963726F2F74686999
:10D9C00072645F70617274792F6E78702F72743127
:10D9D0003137362D73646B2F646576696365732FF9
:10D9E0004D494D585254313137362F64726976653E
:10D9F00072732F66736C5F636C6F636B2E6300666C
:10DA0000726163203C3D202875696E74385F74290B
:10DA10005046445F465241435F4D41580066726133
:10DA200063203E3D202875696E74385F7429504626
:10DA3000445F465241435F4D494E0066616C7365D9
:10DA40000028706C6C203D3D206B434C4F434B5F76
:10DA5000506C6C5379733229207C7C2028706C6C5C
:10DA6000203D3D206B434C4F434B5F506C6C5379D2
:10DA70007333290066726163203E3D202875696E0C
:10DA80007433325F74295046445F465241435F4DC0
:10DA9000494E0066726163203C3D202875696E74B2
:10DAA00033325F74295046445F465241435F4D41D3
:10DAB00058006672657120213D2030554C00434C62
:10DAC0004F434B5F476574526F6F74436C6F636B6A
:10DAD0004672657100434C4F434B5F496E69744118
:10DAE000726D506C6C00434C4F434B5F496E6974D0
:10DAF00050666400434C4F434B5F47657450666407
:10DB00004672657100434C4F434B5F536574506CD4
:10DB10006C42797061737300434C4F434B5F4765B0
:10DB200074506C6C4672657100434C4F434B5F47B9
:10DB3000657446726571000205030007160F1C022A
:10DB4000050300140F0918020503000F18090D0240
:10DB5000050300140F09180205030018090B110230
:10DB60000503001018090D0205030010180B090227
:10DB7000050300140F0A18020503000910180A0211
:10DB80000503001018090D020503001018090D0205
:10DB90000503000F181A0D020503001018090D02E5
:10DBA0000503001018090D020503001018131402D4
:10DBB00005030010181A1C0205030010181A1C0295
:10DBC00005030010181314020503001018131402A3
:10DBD000050300101813140205030011090C0F02AD
:10DBE00005030011090C0F020503001018090D02AE
:10DBF0000503001018090D02050300140F0D18028B
:10DC00000503001018090D020503001018090D0284
:10DC10000503001018090D020503001018090D0274
:10DC20000503001018090D020503001018090D0264
:10DC30000503001018090D020503001018090D0254
:10DC40000503001018090D020503001018090D0244
:10DC5000050300140F0D1802050300140F0D180220
:10DC60000503001018090D020503001018090D0224
:10DC70000503001018090D020503001018090D0214
:10DC8000050300140F0D1802050300140F0D1802F0
:10DC90000503001318090D020503001318090D02EE
:10DCA0000503001318090D020503001318090D02DE
:10DCB000050300140F131802050300140F131802B4
:10DCC0000503001018090D020503001018090D02C4
:10DCD000050300171A180B02050300171A180B0288
:10DCE000050300171A180B02050300171A180B0278
:10DCF000050300171A180B02050300171A180B0268
:10DD0000050300171A180B020503000C0A18070276
:10DD10000503000C0A18070205030018101A0D026B
:10DD200005030018101A0D02050300140F1A18023B
:10DD30000503001A0F130D020503001A13180D0234
:10DD40000503001A13180D020503001A13180D021B
:10DD5000050300140F1A1802050300090B0F1C021B
:10DD6000050300090C111C02050300090C111C021B
:10DD7000050300090A111C02050300090A111C020F
:10DD80000503000C0F0A1C020503000C0F0A1C02FD
:10DD90000503000C0F0A1C020503000C0F121C02E5
:10DDA0000503000C091218020503000D01121A6385
:10DDB0006F756E74203C3D2055494E5433325F4D93
:10DDC0004158002F636F72616C6D6963726F2F74BD
:10DDD000686972645F70617274792F6E78702F72E7
:10DDE00074313137362D73646B2F646576696365E2
:10DDF000732F4D494D585254313137362F64726963
:10DE0000766572732F66736C5F636F6D6D6F6E5F97
:10DE100061726D2E63004457545F4354524C5F4E01
:10DE20004F435943434E545F4D736B20213D20288F
:10DE30004457542D3E4354524C2026204457545F9F
:10DE40004354524C5F4E4F435943434E545F4D73BE
:10DE50006B2900656E61626C654370754379636C14
:10DE600065436F756E7465720053444B5F44656C17
:10DE7000617941744C65617374557300696E737494
:10DE8000616E6365203C2041525241595F53495AAB
:10DE90004528735F637369426173657329002F635B
:10DEA0006F72616C6D6963726F2F74686972645F01
:10DEB00070617274792F6E78702F727431313736C9
:10DEC0002D73646B2F646576696365732F4D494DBF
:10DED000585254313137362F647269766572732F18
:10DEE00066736C5F6373692E63004353495F4765D4
:10DEF00074496E7374616E6365004353495F496E84
:10DF00006974004353495F5472616E73666572436E
:10DF1000726561746548616E646C65004353495F66
:10DF20005472616E73666572537461727400435308
:10DF3000495F5472616E7366657253746F700069E5
:10DF40006E7374616E6365203C2041525241595F8B
:10DF500053495A4528735F65646D61426173657307
:10DF600029002F636F72616C6D6963726F2F746823
:10DF70006972645F70617274792F6E78702F727439
:10DF8000313137362D73646B2F6465766963657341
:10DF90002F4D494D585254313137362F64726976BE
:10DFA0006572732F66736C5F65646D612E630063C9
:10DFB00068616E6E656C203C202875696E74333222
:10DFC0005F742946534C5F464541545552455F4561
:10DFD000444D415F4D4F44554C455F4348414E4E83
:10DFE000454C0074636420213D204E554C4C002864
:10DFF0002875696E7433325F742974636420262037
:10E00000307831465529203D3D2030550068616EFD
:10E01000646C6520213D204E554C4C007374617238
:10E0200074496E7374616E63654E756D203C3D205E
:10E03000696E7374616E63650045444D415F476569
:10E04000744368616E6E656C537461747573466C6D
:10E050006167730045444D415F48616E646C65497A
:10E06000525100696E646578203C206D6178002F04
:10E07000636F72616C6D6963726F2F74686972642B
:10E080005F70617274792F6E78702F7274313137CE
:10E09000362D73646B2F646576696365732F4D4904
:10E0A0004D585254313137362F6472697665727328
:10E0B0002F66736C5F656E65742E6300696E737492
:10E0C000616E6365203C2041525241595F53495A69
:10E0D0004528735F656E65744261736573290045F9
:10E0E0004E45545F476574496E7374616E63650095
:10E0F00073726320213D204E554C4C002F636F728C
:10E10000616C6D6963726F2F74686972645F7061AE
:10E110007274792F6E78702F7274313137362D7397
:10E12000646B2F646576696365732F4D494D585252
:10E1300054313137362F647269766572732F667386
:10E140006C5F666C65787370692E6300696E7374BA
:10E15000616E6365203C2041525241595F53495AD8
:10E160004528735F666C6578737069426173657387
:10E170002900696E646578203C2036345500464C91
:10E1800045585350495F4D656D73657400464C4565
:10E19000585350495F476574496E7374616E636587
:10E1A00000464C45585350495F436865636B416E68
:10E1B00064436C6561724572726F7200464C4558DB
:10E1C0005350495F5570646174654C5554008A1C06
:10E1D0001D70696E203C20333255002F636F7261D1
:10E1E0006C6D6963726F2F74686972645F706172BD
:10E1F00074792F6E78702F7274313137362D7364C5
:10E200006B2F646576696365732F4D494D58525481
:10E21000313137362F647269766572732F66736C8D
:10E220005F6770696F2E6300696E7374616E6365FA
:10E23000203C2041525241595F53495A4528735F4F
:10E240006770696F426173657329004750494F5F7A
:10E25000476574496E7374616E6365004750494F3A
:10E260005F50696E5772697465000000000000001D
:10E2700000C01240000013400040134000801340D3
:10E2800000C013400000144000C0C5400000C6405C
:10E290000040C6400080C64000C0C6400000C740E5
:10E2A0000000CA400080004200C000428A3333337D
:10E2B00033333333333333333333696E7374616ED3
:10E2C0006365203C2041525241595F53495A4528C9
:10E2D000735F677074426173657329002F636F7297
:10E2E000616C6D6963726F2F74686972645F7061CD
:10E2F0007274792F6E78702F7274313137362D73B6
:10E30000646B2F646576696365732F4D494D585270
:10E3100054313137362F647269766572732F6673A4
:10E320006C5F6770742E63004E554C4C20213D206D
:10E33000696E6974436F6E666967006469766964C3
:10E340006572202D203155203C3D204750545F50B0
:10E35000525F5052455343414C45525F4D41534BE0
:10E36000002F636F72616C6D6963726F2F746869DF
:10E3700072645F70617274792F6E78702F7274316D
:10E380003137362D73646B2F646576696365732F3F
:10E390004D494D585254313137362F647269766584
:10E3A00072732F66736C5F6770742E6800475054E9
:10E3B0005F536574436C6F636B446976696465721F
:10E3C000004750545F476574496E7374616E6365AE
:10E3D000004750545F496E6974004750545F476569
:10E3E0007444656661756C74436F6E66696700009E
:10E3F0000000000000C00E4000000F4000400F4031
:10E4000000800F4000C00F40000010408A40414291
:10E41000434445736F75726365436C6F636B5F480C
:10E420007A203E203055002F636F72616C6D6963F6
:10E43000726F2F74686972645F70617274792F6E85
:10E4400078702F7274313137362D73646B2F646599
:10E4500076696365732F4D494D58525431313736C3
:10E460002F647269766572732F66736C5F6C706966
:10E4700032632E6300696E7374616E6365203C20A5
:10E4800041525241595F53495A45286B4C70693289
:10E4900063426173657329004E554C4C20213D2029
:10E4A0007472616E73666572007472616E73666514
:10E4B000722D3E7375626164647265737353697A19
:10E4C00065203C3D2073697A656F66287472616EC1
:10E4D000736665722D3E73756261646472657373F1
:10E4E00029006C706932634D617374657248616EA6
:10E4F000646C6520213D204E554C4C004C504932F7
:10E50000435F476574496E7374616E6365004C5078
:10E510004932435F4765744379636C6573466F7234
:10E520005769647468004C504932435F4D6173749D
:10E5300065725472616E736665724372656174656B
:10E5400048616E646C65004C504932435F52756E91
:10E550005472616E7366657253746174654D616364
:10E5600068696E65004C504932435F4D6173746554
:10E57000725472616E736665724E6F6E426C6F6339
:10E580006B696E67004C504932435F4D617374652F
:10E59000725472616E7366657248616E646C65492F
:10E5A0005251000000000000004010400080104068
:10E5B00000C01040000011400040C3400080C34034
:10E5C0008A6263646566670080FF20002100220084
:10E5D00023002400250074784461746120213D20CB
:10E5E0004E554C4C002F636F72616C6D6963726F96
:10E5F0002F74686972645F70617274792F6E7870BD
:10E600002F7274313137362D73646B2F64657669E0
:10E610006365732F4D494D585254313137362F644D
:10E620007269766572732F66736C5F6C7073706954
:10E630002E6300735F6C7073706948616E646C6503
:10E640005B315D20213D204E554C4C00735F6C705A
:10E6500073706948616E646C655B325D20213D209A
:10E660004E554C4C00735F6C7073706948616E64FA
:10E670006C655B335D20213D204E554C4C00735F33
:10E680006C7073706948616E646C655B345D2021E9
:10E690003D204E554C4C00735F6C7073706948613F
:10E6A0006E646C655B355D20213D204E554C4C0001
:10E6B000735F6C7073706948616E646C655B365D26
:10E6C00020213D204E554C4C004C50535049315F59
:10E6D00044726976657249525148616E646C657224
:10E6E000004C50535049325F44726976657249520A
:10E6F0005148616E646C6572004C50535049335FF1
:10E7000044726976657249525148616E646C6572F3
:10E71000004C50535049345F4472697665724952D7
:10E720005148616E646C6572004C50535049355FBE
:10E7300044726976657249525148616E646C6572C3
:10E74000004C50535049365F4472697665724952A5
:10E750005148616E646C6572002F636F72616C6DFD
:10E760006963726F2F74686972645F706172747923
:10E770002F6E78702F7274313137362D73646B2F92
:10E78000646576696365732F4D494D585254313134
:10E7900037362F647269766572732F66736C5F6C9F
:10E7A00070756172742E6300696E7374616E636557
:10E7B000203C2041525241595F53495A4528735FCA
:10E7C0006C707561727442617365732900305520F5
:10E7D0003C20636F6E6669672D3E626175645261AD
:10E7E00074655F427073002875696E74385F7429B0
:10E7F00046534C5F464541545552455F4C50554138
:10E8000052545F4649464F5F53495A456E286261EC
:10E81000736529203E20636F6E6669672D3E7478AC
:10E820004669666F57617465726D61726B00287519
:10E83000696E74385F742946534C5F4645415455A0
:10E8400052455F4C50554152545F4649464F5F53C5
:10E85000495A456E286261736529203E20636F6EB8
:10E860006669672D3E72784669666F576174657296
:10E870006D61726B004C50554152545F476574494D
:10E880006E7374616E6365004C50554152545F491C
:10E890006E6974004C50554152545F47657444652D
:10E8A0006661756C74436F6E6669670000000000F6
:10E8B00000C00740000008400040084000800840B9
:10E8C00000C00840000009400040094000800940A5
:10E8D00000C0094000000A400040C2400080C24021
:10E8E0008A565758595A5B5C5D5E5F6061696E730A
:10E8F00074616E6365203C202873697A656F6628B1
:10E90000735F6D75426173657329202F2073697A77
:10E91000656F6628735F6D7542617365735B305D0B
:10E920002929002F636F72616C6D6963726F2F7498
:10E93000686972645F70617274792F6E78702F727B
:10E9400074313137362D73646B2F64657669636576
:10E95000732F4D494D585254313137362F647269F7
:10E96000766572732F66736C5F6D752E63007265CA
:10E9700067496E646578203C204D555F54525F4373
:10E980004F554E54004D555F476574496E73746121
:10E990006E6365004D555F53656E644D7367006926
:10E9A0006E7374616E6365203C2041525241595F21
:10E9B00053495A4528735F70646D426173657329CA
:10E9C000002F636F72616C6D6963726F2F74686979
:10E9D00072645F70617274792F6E78702F72743107
:10E9E0003137362D73646B2F646576696365732FD9
:10E9F0004D494D585254313137362F64726976651E
:10EA000072732F66736C5F70646D2E6300735F703A
:10EA1000646D48616E646C655B305D20213D204E05
:10EA2000554C4C0050444D5F4556454E545F447222
:10EA30006976657249525148616E646C657200690D
:10EA40006E7374616E6365203C2041525241595F80
:10EA500053495A4528735F70776D42617365732916
:10EA6000002F636F72616C6D6963726F2F746869D8
:10EA700072645F70617274792F6E78702F72743166
:10EA80003137362D73646B2F646576696365732F38
:10EA90004D494D585254313137362F64726976657D
:10EAA00072732F66736C5F70776D2E630063686E90
:10EAB0006C506172616D730070776D467265715F45
:10EAC000487A006E756D4F6643686E6C73007372A2
:10EAD00063436C6F636B5F487A0050574D5F4765C7
:10EAE00074496E7374616E63650050574D5F496E73
:10EAF00069740050574D5F47657444656661756C75
:10EB000074436F6E6669670050574D5F5365747547
:10EB10007050776D008A8A8A8A4F4F4F4F505050FD
:10EB2000505151515152525252696E7374616E6319
:10EB300065203C2041525241595F53495A45287340
:10EB40005F73656D63426173657329002F636F7234
:10EB5000616C6D6963726F2F74686972645F706154
:10EB60007274792F6E78702F7274313137362D733D
:10EB7000646B2F646576696365732F4D494D5852F8
:10EB800054313137362F647269766572732F66732C
:10EB90006C5F73656D632E6300636C6B5372635FB0
:10EBA000487A20213D20307830305500636F6E6602
:10EBB000696720213D204E554C4C00636F6E66699D
:10EBC0006775726520213D204E554C4C00636C6B7F
:10EBD0005372635F487A203E2030783030550063AE
:10EBE0006F6E6669672D3E72656672657368427501
:10EBF0007273744C656E203E20307830305500536F
:10EC0000454D435F476574496E7374616E6365007B
:10EC100053454D435F436F6E7665727454696D69F9
:10EC20006E670053454D435F476574446566617583
:10EC30006C74436F6E6669670053454D435F496E60
:10EC400069740053454D435F436F6E666967757223
:10EC500065534452414D0053454D435F53656E64C7
:10EC60004950436F6D6D616E6400646174657469D1
:10EC70006D6520213D204E554C4C002F636F726115
:10EC80006C6D6963726F2F74686972645F70617212
:10EC900074792F6E78702F7274313137362D73641A
:10ECA0006B2F646576696365732F4D494D585254D7
:10ECB000313137362F647269766572732F66736CE3
:10ECC0005F736E76735F68702E6300534E56535FAA
:10ECD00048505F5254435F496E697400534E565317
:10ECE0005F48505F5254435F476574446566617581
:10ECF0006C74436F6E666967002F636F72616C6D31
:10ED00006963726F2F74686972645F70617274797D
:10ED10002F6E78702F7274313137362D73646B2FEC
:10ED2000646576696365732F4D494D58525431318E
:10ED300037362F647269766572732F66736C5F73F2
:10ED40006E76735F6C702E6300534E56535F4C505B
:10ED50005F535254435F496E697400534E56535F7C
:10ED60004C505F535254435F476574446566617508
:10ED70006C74436F6E666967002F636F72616C6DB0
:10ED80006963726F2F74686972645F7061727479FD
:10ED90002F6E78702F7274313137362D73646B2F6C
:10EDA000646576696365732F4D494D58525431310E
:10EDB00037362F647269766572732F66736C5F7471
:10EDC000656D7073656E736F722E6300544D505392
:10EDD0004E535F496E697400544D50534E535F4714
:10EDE000657444656661756C74436F6E666967002F
:10EDF000544D50534E535F53657454656D70416C60
:10EE000061726D00696E7374616E6365203C2041B0
:10EE1000525241595F53495A4528735F7862617273
:10EE200061426173657329002F636F72616C6D6954
:10EE300063726F2F74686972645F70617274792F86
:10EE40006E78702F7274313137362D73646B2F6486
:10EE50006576696365732F4D494D5852543131378A
:10EE6000362F647269766572732F66736C5F786291
:10EE70006172612E630058424152415F4765744997
:10EE80006E7374616E63650059C2000035C3000083
:10EE900071C300007DC3000085C3000059C5000098
:10EEA0006875622061747461636865643A6C657644
:10EEB000656C3D25752000616464726573733D2542
:10EEC000750D0A0068756220646574616368656425
:10EED0003A6C6576656C3D257520000000000000E9
:10EEE0000000000003020000ADDC0000040300008D
:10EEF000ADDC000005040000000000000605000075
:10EF0000ADDC000007050000ADDC000008070000D4
:10EF1000000000007D7D7D7D7D7D32006464646441
:10EF20006464646425EA000079EC0000B5EC00003C
:10EF30005DF2000065F300009DF50000A1F5000002
:10EF40008F0F01008B0E0100000000008B0E0100EE
:10EF500000000000170E01009B0C010000000000E3
:10EF60000B110100990D0100A11001003F100100DB
:10EF7000250F01006D616C6C6F63206661696C65C3
:10EF8000642C207370696E2E2E2E0D0A0070784549
:10EF900076656E7447726F7570427566666572004D
:10EFA000636F6E6669674153534552542025730D54
:10EFB0000A007853697A65203D3D2073697A656F50
:10EFC0006628204576656E7447726F75705F742091
:10EFD0002900784576656E7447726F757000282039
:10EFE000757842697473546F57616974466F722003
:10EFF00026206576656E744556454E545F424954E9
:10F00000535F434F4E54524F4C5F42595445532027
:10F0100029203D3D203000757842697473546F5744
:10F02000616974466F7220213D203000212820281C
:10F0300020785461736B4765745363686564756CBD
:10F04000657253746174652829203D3D2074617395
:10F050006B5343484544554C45525F5355535045B7
:10F060004E444544202920262620282078546963D0
:10F070006B73546F5761697420213D203020292023
:10F0800029002820757842697473546F5365742081
:10F0900026206576656E744556454E545F42495448
:10F0A000535F434F4E54524F4C5F42595445532087
:10F0B00029203D3D20300070785461736B73576197
:10F0C0006974696E67466F72426974732D3E784C3D
:10F0D000697374456E642E70784E65787420213D96
:10F0E000202820636F6E7374204C697374497465B3
:10F0F0006D5F74202A20292026282070785461739F
:10F100006B7357616974696E67466F724269747395
:10F110002D3E784C697374456E64202900757843E0
:10F120007269746963616C4E657374696E67203DC2
:10F130003D207E30554C002820706F72744E564929
:10F14000435F494E545F4354524C5F52454720261B
:10F1500020706F7274564543544143544956455F7D
:10F160004D41534B2029203D3D203000757843729E
:10F1700069746963616C4E657374696E6700706F62
:10F180007274435055494420213D20706F7274437E
:10F190004F525445585F4D375F723070315F49446C
:10F1A00000706F7274435055494420213D20706FA8
:10F1B0007274434F525445585F4D375F7230703010
:10F1C0005F4944002820706F72744D41585F50525F
:10F1D0004947524F55505F42495453202D20756C7A
:10F1E0004D617850524947524F555056616C756584
:10F1F0002029203D3D20636F6E6669675052494F5C
:10F200005F4249545300756343757272656E745062
:10F2100072696F72697479203E3D2075634D617823
:10F2200053797343616C6C5072696F7269747900C1
:10F230002820706F727441495243525F52454720F3
:10F240002620706F72745052494F524954595F478B
:10F25000524F55505F4D41534B2029203C3D207566
:10F260006C4D617850524947524F555056616C75FC
:10F2700065007078517565756500757851756575AF
:10F28000654C656E677468203E2028205542617386
:10F2900065547970655F742029203000707853744C
:10F2A00061746963517565756520213D204E554C2B
:10F2B0004C002128202820707563517565756553B1
:10F2C000746F7261676520213D204E554C4C20299A
:10F2D00020262620282075784974656D53697A6543
:10F2E000203D3D2030202920290021282028207081
:10F2F0007563517565756553746F72616765203DFF
:10F300003D204E554C4C202920262620282075785B
:10F310004974656D53697A6520213D20302029208C
:10F3200029007853697A65203D3D2073697A656FBD
:10F3300066282051756575655F7420290028207541
:10F34000784974656D53697A65203D3D20302029E8
:10F35000207C7C202820757851756575654C656E1C
:10F36000677468203D3D2028207851756575655388
:10F37000697A65496E4279746573202F20757849E2
:10F3800074656D53697A65202920290075784D616F
:10F3900078436F756E7420213D2030007578496E7A
:10F3A000697469616C436F756E74203C3D2075789B
:10F3B0004D6178436F756E74002128202820707687
:10F3C0004974656D546F5175657565203D3D204EDE
:10F3D000554C4C2029202626202820707851756510
:10F3E00075652D3E75784974656D53697A65202180
:10F3F0003D2028205542617365547970655F742003
:10F400002920305520292029002128202820784330
:10F410006F7079506F736974696F6E203D3D207114
:10F42000756575654F5645525752495445202920F8
:10F430002626202820707851756575652D3E7578D3
:10F440004C656E67746820213D20312029202900F9
:10F4500070784D75746578006354784C6F636B20D9
:10F46000213D207175657565494E54385F4D415891
:10F4700000707851756575652D3E75784974656DB8
:10F4800053697A65203D3D203000212820282070D6
:10F490007851756575652D3E75785175657565543E
:10F4A000797065203D3D20717565756551554555EF
:10F4B000455F49535F4D5554455820292026262045
:10F4C0002820707851756575652D3E752E785365C9
:10F4D0006D6170686F72652E784D75746578486FD0
:10F4E0006C64657220213D204E554C4C202920290A
:10F4F0000028207078517565756520290021282025
:10F500002820282070764275666665722029203D85
:10F510003D204E554C4C20292026262028202820EE
:10F520007078517565756520292D3E75784974652B
:10F530006D53697A6520213D20282055426173650D
:10F54000547970655F7420292030552029202900C6
:10F5500078496E6865726974616E63654F6363753F
:10F5600072726564203D3D20706446414C534500F5
:10F570007846697273744C656E677468203C3D20F0
:10F58000784D6178436F756E74002820784E6578E9
:10F59000745461696C202B207846697273744C65D1
:10F5A0006E6774682029203C3D2070785374726522
:10F5B000616D4275666665722D3E784C656E677446
:10F5C000680078436F756E74203C3D20784D6178FB
:10F5D000436F756E74006D656D736574282070756A
:10F5E000634275666665722C202820696E74202936
:10F5F0002078577269746556616C75652C20784265
:10F60000756666657253697A6542797465732029F7
:10F61000203D3D2070756342756666657200282046
:10F62000784E65787448656164202B20784669724D
:10F6300073744C656E6774682029203C3D20707897
:10F6400053747265616D4275666665722D3E784CC5
:10F65000656E67746800282078436F756E74202D7E
:10F66000207846697273744C656E6774682029202F
:10F670003C3D20707853747265616D4275666665B5
:10F68000722D3E784C656E6774680078436F756EB6
:10F6900074203E20282073697A655F742029203009
:10F6A000007842756666657253697A654279746559
:10F6B00073203E20736242595445535F544F5F5349
:10F6C000544F52455F4D4553534147455F4C454E5E
:10F6D000475448007842756666657253697A654298
:10F6E00079746573203E20300078547269676765CD
:10F6F000724C6576656C4279746573203C3D207868
:10F7000042756666657253697A65427974657300FD
:10F7100070756353747265616D4275666665725388
:10F72000746F7261676541726561007078537461CE
:10F7300074696353747265616D42756666657200C3
:10F740007853697A65203D3D2073697A656F662834
:10F750002053747265616D4275666665725F7420D0
:10F760002900707853747265616D427566666572C2
:10F7700000707654784461746100785265717569DF
:10F780007265645370616365203E207844617461E2
:10F790004C656E6774684279746573007078537451
:10F7A0007265616D4275666665722D3E785461734F
:10F7B0006B57616974696E67546F53656E64203D61
:10F7C0003D204E554C4C0070765278446174610077
:10F7D000707853747265616D4275666665722D3E10
:10F7E000785461736B57616974696E67546F5265C1
:10F7F0006365697665203D3D204E554C4C002820C0
:10F800006C6973744C4953545F49535F454D505470
:10F81000592820707844656C617965645461736B14
:10F820004C697374202920290075785363686564D6
:10F83000756C657253757370656E64656400757878
:10F840005363686564756C657253757370656E6437
:10F850006564203D3D203000707578537461636BA2
:10F8600042756666657220213D204E554C4C0070F5
:10F87000785461736B42756666657220213D204E37
:10F88000554C4C007853697A65203D3D2073697A68
:10F89000656F6628205443425F74202900707854B5
:10F8A00043422D3E7563537461746963616C6C7976
:10F8B000416C6C6F6361746564203D3D2074736BB3
:10F8C000535441544943414C4C595F414C4C4F4374
:10F8D000415445445F535441434B5F414E445F5450
:10F8E000434200785461736B546F526573756D6554
:10F8F0000049444C45007852657475726E20213D74
:10F9000020657272434F554C445F4E4F545F414CDB
:10F910004C4F434154455F52455155495245445F10
:10F920004D454D4F5259002820785469636B436F01
:10F93000756E74202B20785469636B73546F4A750D
:10F940006D702029203C3D20784E65787454617399
:10F950006B556E626C6F636B54696D6500784E65B4
:10F9600078745461736B556E626C6F636B54696D20
:10F9700065203E3D20785469636B436F756E74005B
:10F980006C69737443555252454E545F4C495354FD
:10F990005F4C454E475448282026282070785265F1
:10F9A0006164795461736B734C697374735B207514
:10F9B00078546F705072696F72697479205D202974
:10F9C0002029203E20300070784576656E744C69A1
:10F9D00073740075785363686564756C65725375EC
:10F9E0007370656E64656420213D20300070785529
:10F9F0006E626C6F636B6564544342007578536349
:10FA0000686564756C657253757370656E64656462
:10FA100020213D20706446414C5345007078546964
:10FA20006D654F75740070785469636B73546F57CC
:10FA3000616974007078544342203D3D20707843E2
:10FA4000757272656E745443420070785443422D4F
:10FA50003E75784D75746578657348656C640070A3
:10FA60007854434220213D20707843757272656E50
:10FA700074544342007578496E646578546F5761D9
:10FA80006974203C20636F6E6669675441534B5F15
:10FA90004E4F54494649434154494F4E5F4152529B
:10FAA00041595F454E5452494553007578496E643B
:10FAB0006578546F4E6F74696679203C20636F6E71
:10FAC0006669675441534B5F4E4F54494649434121
:10FAD00054494F4E5F41525241595F454E5452492D
:10FAE000455300785461736B546F4E6F7469667937
:10FAF00000785469636B436F756E74203D3D202818
:10FB0000205469636B547970655F7420292030003C
:10FB10006C6973744C4953545F4954454D5F434F6E
:10FB20004E5441494E45522820262820707854438F
:10FB3000422D3E784576656E744C697374497465E0
:10FB40006D20292029203D3D204E554C4C007578D4
:10FB5000496E646578546F436C656172203C206324
:10FB60006F6E6669675441534B5F4E4F5449464927
:10FB7000434154494F4E5F41525241595F454E54A3
:10FB80005249455300436F727465782D4D3700001C
:10FB900001030A04010400041830344C5014050019
:10FBA000010100000000000085FB0200546D72514D
:10FBB0000028207854696D6572506572696F6449D8
:10FBC0006E5469636B73203E2030202900546D729F
:10FBD00020537663007852657475726E00785469AC
:10FBE0006D65720078526573756C740028207078AA
:10FBF00054696D65722D3E7854696D6572506572F9
:10FC0000696F64496E5469636B73203E203020290C
:10FC1000002178506F72744973496E736964654945
:10FC20006E746572727570742829004D61696E007A
:10FC30005365636F6E64617279000000020000001A
:10FC40000200000048FC0200040000002BFC02003F
:10FC50000200000030FC02005D4E0100614E010018
:10FC6000634E0100654E0100054E0100674E010024
:10FC7000694E01006B4E01006D4E01006F4E010098
:10FC8000714E01005F4E0100766563746F723A3AFF
:10FC90005F4D5F64656661756C745F617070656E01
:10FCA0006400545055204C4544207265717569724A
:10FCB00065732054505520706F77657220746F20E3
:10FCC000626520656E61626C65642E0D0A002F63AB
:10FCD0006F72616C6D6963726F2F6C6962732F62F2
:10FCE0006173652F6D61696E5F6672656572746FB1
:10FCF000735F6D372E63630025733A256420257387
:10FD000020776173206E6F7420747275652E0D0AF2
:10FD100000636F72616C6D6963726F3A3A4C66731F
:10FD2000496E69742829006170705F6D61696E00A9
:10FD3000785461736B437265617465286170705F9C
:10FD40006D61696E2C20226170705F6D61696E2239
:10FD50002C20636F6E6669674D494E494D414C5F7B
:10FD6000535441434B5F53495A45202A2033302C8A
:10FD7000206E756C6C7074722C20636F72616C6D88
:10FD80006963726F3A3A6B4170705461736B507271
:10FD9000696F726974792C206E756C6C707472293D
:10FDA000203D3D207064504153530009040200027D
:10FDB000020C070007058402000200070505020087
:10FDC00002002F646E735F736572766572007077E0
:10FDD0006D5F6D6F64756C655F636F6E74726F6C71
:10FDE0005F7420636F72616C6D6963726F3A3A7B06
:10FDF000616E6F6E796D6F75737D3A3A50776D4DA8
:10FE00006F64756C65546F436F6E74726F6C28709D
:10FE1000776D5F7375626D6F64756C655F742900D3
:10FE20002F636F72616C6D6963726F2F6C6962739F
:10FE30002F626173652F70776D2E636300212249F5
:10FE40006E76616C69642070696E220070696E5F05
:10FE5000636F6E666967732E73697A652829203C23
:10FE60003D20320070696E5F636F6E666967735B19
:10FE7000305D2E70696E5F73657474696E672E6293
:10FE8000617365203D3D2070696E5F636F6E6669CA
:10FE900067735B315D2E70696E5F73657474696E34
:10FEA000672E626173650070696E5F636F6E66696D
:10FEB00067735B305D2E70696E5F73657474696E15
:10FEC000672E7375625F6D6F64756C65203D3D20B4
:10FED00070696E5F636F6E666967735B315D2E700C
:10FEE000696E5F73657474696E672E7375625F6D9A
:10FEF0006F64756C650050574D5F496E697420667C
:10FF000061696C65640D0A0075696E7433325F74E3
:10FF100020434C4F434B5F476574526F6F74436C83
:10FF20006F636B4672657128636C6F636B5F726F92
:10FF30006F745F74290001020408020503000716AC
:10FF40000F1C02050300140F0918020503000F1807
:10FF5000090D02050300140F091802050300180912
:10FF60000B11020503001018090D020503001018FB
:10FF70000B0902050300140F0A18020503000910FB
:10FF8000180A020503001018090D020503001018D5
:10FF9000090D020503000F181A0D020503001018C1
:10FFA000090D020503001018090D020503001018C1
:10FFB00013140205030010181A1C02050300101880
:10FFC0001A1C020503001018131402050300101870
:10FFD000131402050300101813140205030011097D
:10FFE0000C0F0205030011090C0F02050300101885
:10FFF000090D020503001018090D02050300140F76
:020000023000CC
:100000000D18020503001018090D02050300101851
:10001000090D020503001018090D02050300101850
:10002000090D020503001018090D02050300101840
:10003000090D020503001018090D02050300101830
:10004000090D020503001018090D02050300101820
:10005000090D02050300140F0D1802050300140F0B
:100060000D18020503001018090D020503001018F1
:10007000090D020503001018090D020503001018F0
:10008000090D02050300140F0D1802050300140FDB
:100090000D18020503001318090D020503001318BB
:1000A000090D020503001318090D020503001318BA
:1000B000090D02050300140F131802050300140FA5
:1000C0001318020503001018090D0205030010188B
:1000D000090D02050300171A180B02050300171A71
:1000E000180B02050300171A180B02050300171A54
:1000F000180B02050300171A180B02050300171A44
:10010000180B02050300171A180B020503000C0A4E
:100110001807020503000C0A18070205030018104F
:100120001A0D0205030018101A0D02050300140F22
:100130001A18020503001A0F130D020503001A1303
:10014000180D020503001A13180D020503001A13F7
:10015000180D02050300140F1A1802050300090BFD
:100160000F1C02050300090C111C02050300090CF9
:10017000111C02050300090A111C02050300090AEB
:10018000111C020503000C0F0A1C020503000C0FD2
:100190000A1C020503000C0F0A1C020503000C0FC9
:1001A000121C020503000C091218020503000D01C0
:1001B000121A2F636F72616C6D6963726F2F6C69B5
:1001C00062732F626173652F71756575655F746108
:1001D000736B2E6800726571756573745F717565F8
:1001E00075655F00785461736B4372656174655324
:1001F0007461746963285374617469635461736BC7
:100200004D61696E2C204E616D652C2053746163C5
:100210006B44657074682C20746869732C2050726C
:10022000696F726974792C207461736B5F73746188
:10023000636B5F2C20267461736B5F290072616EA3
:10024000646F6D5F7461736B00000000000000005C
:1002500000000000EB5F010039600100B1600100A7
:10026000E95F0100ED5F0100766F6964204750543B
:100270005F536574436C6F636B4469766964657240
:10028000284750545F547970652A2C2075696E7424
:1002900033325F7429000205030007160F1C0205A4
:1002A0000300140F0918020503000F18090D0205B9
:1002B0000300140F09180205030018090B110205A9
:1002C00003001018090D0205030010180B090205A0
:1002D0000300140F0A18020503000910180A02058A
:1002E00003001018090D020503001018090D02057E
:1002F00003000F181A0D020503001018090D02055E
:1003000003001018090D020503001018131402054C
:10031000030010181A1C0205030010181A1C02050D
:10032000030010181314020503001018131402051B
:100330000300101813140205030011090C0F020525
:10034000030011090C0F020503001018090D020526
:1003500003001018090D02050300140F0D18020503
:1003600003001018090D020503001018090D0205FD
:1003700003001018090D020503001018090D0205ED
:1003800003001018090D020503001018090D0205DD
:1003900003001018090D020503001018090D0205CD
:1003A00003001018090D020503001018090D0205BD
:1003B0000300140F0D1802050300140F0D18020599
:1003C00003001018090D020503001018090D02059D
:1003D00003001018090D020503001018090D02058D
:1003E0000300140F0D1802050300140F0D18020569
:1003F00003001318090D020503001318090D020567
:1004000003001318090D020503001318090D020556
:100410000300140F131802050300140F131802052C
:1004200003001018090D020503001018090D02053C
:100430000300171A180B02050300171A180B020500
:100440000300171A180B02050300171A180B0205F0
:100450000300171A180B02050300171A180B0205E0
:100460000300171A180B020503000C0A18070205EF
:1004700003000C0A18070205030018101A0D0205E4
:10048000030018101A0D02050300140F1A180205B4
:1004900003001A0F130D020503001A13180D0205AD
:1004A00003001A13180D020503001A13180D020594
:1004B0000300140F1A1802050300090B0F1C020594
:1004C0000300090C111C02050300090C111C020594
:1004D0000300090A111C02050300090A111C020588
:1004E00003000C0F0A1C020503000C0F0A1C020576
:1004F00003000C0F0A1C020503000C0F121C02055E
:1005000003000C091218020503000D01121A253010
:10051000386C782530386C78002F7573625F69709D
:100520005F61646472657373002F636F72616C6DD9
:100530006963726F2F6C6962732F626173652F6DCF
:10054000757465782E68007853656D6170686F7298
:100550006554616B652873656D615F2C20706F72E7
:10056000744D41585F44454C415929203D3D207010
:100570006454525545007853656D6170686F7265BB
:10058000476976652873656D615F29203D3D207060
:1005900064545255450072785F6275666665725F95
:1005A00077726974655F203C206B5278427566668D
:1005B000657253697A6500766F696420636F726152
:1005C0006C6D6963726F3A3A436F6E736F6C654D11
:1005D000373A3A4D37436F6E736F6C655461736B86
:1005E0005278466E28766F69642A29002F636F72ED
:1005F000616C6D6963726F2F6C6962732F626173D6
:10060000652F636F6E736F6C655F6D372E6363006C
:1006100072785F6275666665725F617661696C614A
:10062000626C655F203C3D206B5278427566666562
:100630007253697A6500636F6E736F6C655F717575
:100640006575655F0072785F6D757465785F0075BC
:1006500073625F6465766963655F7461736B00786C
:100660005461736B437265617465287573625F646E
:1006700065766963655F7461736B2C2022757362A4
:100680005F6465766963655F7461736B222C2063B8
:100690006F6E6669674D494E494D414C5F535441F9
:1006A000434B5F53495A45202A2031302C206E7528
:1006B0006C6C7074722C206B557362446576696340
:1006C000655461736B5072696F726974792C206E16
:1006D000756C6C70747229203D3D207064504153DC
:1006E00053006D375F636F6E736F6C655F7461731A
:1006F0006B5F747800785461736B437265617465E5
:10070000285374617469634D37436F6E736F6C6502
:100710005461736B5478466E2C20226D375F636F83
:100720006E736F6C655F7461736B5F7478222C20DD
:10073000636F6E6669674D494E494D414C5F535436
:1007400041434B5F53495A45202A2031302C206EBB
:10075000756C6C7074722C206B436F6E736F6C656C
:100760005461736B5072696F726974792C202674AE
:10077000785F7461736B5F29203D3D207064504148
:100780005353006D375F636F6E736F6C655F746199
:10079000736B5F727800785461736B437265617438
:1007A00065285374617469634D37436F6E736F6C62
:1007B000655461736B5278466E2C20226D375F63EF
:1007C0006F6E736F6C655F7461736B5F7278222CF0
:1007D00020636F6E6669674D494E494D414C5F53CA
:1007E0005441434B5F53495A45202A2031302C2035
:1007F0006E756C6C7074722C206B436F6E736F6CC3
:10080000655461736B5072696F726974792C20261C
:1008100072785F7461736B5F29203D3D2070645076
:10082000415353006D345F636F6E736F6C655F741B
:1008300061736B00785461736B43726561746528F2
:100840005374617469634D34436F6E736F6C655498
:1008500061736B466E2C20226D345F636F6E736F15
:100860006C655F7461736B222C20636F6E666967C1
:100870004D494E494D414C5F535441434B5F5349A1
:100880005A45202A2031302C206E756C6C707472A1
:100890002C206B436F6E736F6C655461736B507279
:1008A000696F726974792C206E756C6C7074722922
:1008B000203D3D2070645041535300080B0002025C
:1008C00002010009040000010202010005240010D9
:1008D0000105240100010424020205240600010789
:1008E0000581030A000909040100020A000000074B
:1008F0000582020002000705030200020075696E0E
:100900007433325F74204750494F5F50696E5265AF
:100910006164284750494F5F547970652A2C2075CF
:10092000696E7433325F7429002F636F72616C6D6E
:100930006963726F2F74686972645F706172747931
:100940002F6E78702F7274313137362D73646B2FA0
:10095000646576696365732F4D494D585254313142
:1009600037362F647269766572732F66736C5F67B2
:1009700070696F2E680000000000CA400000CA4085
:100980000000C6400000C6400000C6400080C640CF
:100990000000CA400000C6400000CA4000C0C64077
:1009A00000C0C64000C0C6400000C6400000C640AF
:1009B0000000C7400040C640000014400000144042
:1009C0000000144000001440000014400040134098
:1009D00000801340004013400040134000001340CB
:1009E000000013400040134000001340000014407A
:1009F000F3FFF3FFF3FFF3FFF3FFF3FF5D00F3FFFC
:100A00005D00F3FFF3FFF3FFF3FFF3FFF3FFF3FFEB
:100A10003D003D003D003D003D0069006A0068006A
:100A2000680066006600680067003D000500000081
:100A3000060000001A000000180000001900000065
:100A400002000000030000001B000000080000007E
:100A500007000000100000000F0000000D00000063
:100A6000160000000800000004000000090000005B
:100A70000A0000000B0000000C000000060000004F
:100A80001F0000000000000005000000060000003C
:100A90000A0000000B000000000000001F00000022
:100AA00007000000000102030405556E68616E64D2
:100AB0006C656420495043206D65737361676520E0
:100AC000747970652025640D0A002F636F72616C64
:100AD0006D6963726F2F6C6962732F626173652F2A
:100AE0006970632E6363007853656D6170686F721F
:100AF00065476976652874785F73656D6170686FA6
:100B000072655F29203D3D20706454525545007444
:100B1000785F73656D6170686F72655F006970639F
:100B20005F74785F7461736B00785461736B4372A8
:100B300065617465284970633A3A537461746963F6
:100B400054785461736B466E2C20226970635F7415
:100B5000785F7461736B222C20636F6E6669674DDA
:100B6000494E494D414C5F535441434B5F53495AA1
:100B700045202A2031302C20746869732C206B4961
:100B800070635461736B5072696F726974792C2051
:100B90002674785F7461736B5F29203D3D2070641B
:100BA00050415353006970635F72785F7461736B77
:100BB00000785461736B4372656174652849706392
:100BC0003A3A53746174696352785461736B466E38
:100BD0002C20226970635F72785F7461736B222CC2
:100BE00020636F6E6669674D494E494D414C5F53B6
:100BF0005441434B5F53495A45202A2031302C2021
:100C0000746869732C206B4970635461736B507204
:100C1000696F726974792C202672785F7461736BC6
:100C20005F29203D3D207064504153530078536547
:100C30006D6170686F726554616B652874785F735D
:100C4000656D6170686F72655F2C20706F72744D96
:100C500041585F44454C415929203D3D2070645422
:100C600052554500000000000000000041710100E5
:100C7000036A0200E570010091700100556E686121
:100C80006E646C65642073797374656D206D657333
:100C90007361676520747970653A2025640D0A00D8
:100CA0004661696C656420746F2073656E6420739F
:100CB0003270206275666665722061646472657365
:100CC000730D0A000000000000000000F97201002E
:100CD000C1720100CD720100917001002F636F722B
:100CE000616C6D6963726F2F6C6962732F636463EB
:100CF0005F61636D2F6364635F61636D2E63630087
:100D0000536574436F6E74726F6C4C696E65537487
:100D1000617465005553425F446576696365436459
:100D20006341636D53656E64206661696C65642020
:100D3000696E2025730D0A00766F696420636F72F7
:100D4000616C6D6963726F3A3A43646341636D3AF3
:100D50003A536574436F6E66696775726174696F43
:100D60006E2829005553425F446576696365436484
:100D70006341636D52656376206661696C656420CA
:100D8000696E2025733A2025640D0A00626F6F6C2E
:100D900020636F72616C6D6963726F3A3A4364638A
:100DA00041636D3A3A5472616E736D697428636F72
:100DB0006E73742075696E74385F742A2C207369A1
:100DC0007A655F74290025732064617461206C6109
:100DD00072676572207468616E2074785F627566F0
:100DE0006665725F0D0A00626F6F6C20636F7261DF
:100DF0006C6D6963726F3A3A43646341636D3A3A6A
:100E000048616E646C654576656E742875696E74AC
:100E100033325F742C20766F69642A290025733A77
:100E200020756E68616E646C6564206576656E74AD
:100E300020256C750D0A007573625F73746174759B
:100E4000735F7420636F72616C6D6963726F3A3A9D
:100E500043646341636D3A3A48616E646C6572281D
:100E600075696E7433325F742C20766F69642A2939
:100E7000002F636F72616C6D6963726F2F6C6962B2
:100E8000732F6364635F65656D2F6364635F65657E
:100E90006D2E63630074785F71756575655F0063BF
:100EA00064635F65656D5F7461736B007854617333
:100EB0006B4372656174652843646345656D3A3AB6
:100EC0005374617469635461736B46756E637469BE
:100ED0006F6E2C20226364635F65656D5F74617360
:100EE0006B222C20636F6E6669674D494E494D41F8
:100EF0004C5F535441434B5F53495A45202A20319C
:100F0000302C20746869732C206B557362446576AD
:100F10006963655461736B5072696F726974792C7F
:100F2000206E756C6C70747229203D3D2070645089
:100F3000415353005B45454D5D205553425F446529
:100F40007669636543646345656D53656E642066C9
:100F500061696C65642C204552525F49460D0A0058
:100F60004661696C656420746F20616C6C6F6361AD
:100F7000746520706275660D0A0074637069705F35
:100F8000696E7075742829206661696C6564202516
:100F9000640D0A005553425F446576696365436496
:100FA0006345656D53656E64206661696C65642098
:100FB000696E2025730D0A005B45454D5D20556E19
:100FC00061626C6520746F2064657465637420656C
:100FD0006E6469616E6E6573730D0A00556E6861AB
:100FE0006E646C65642045454D206F70636F646569
:100FF0003A2025750D0A00626F6F6C20636F726175
:101000006C6D6963726F3A3A43646345656D3A3A51
:1010100048616E646C654576656E742875696E749A
:1010200033325F742C20766F69642A29002573207F
:10103000756E68616E646C6564206576656E74209B
:1010400025640D0A00556E68616E646C6564204508
:10105000454D206576656E743A2025640D0A00784A
:10106000517565756553656E6446726F6D4953526F
:1010700028726571756573745F71756575655F2C30
:1010800020267265712C202672657363686564750D
:101090006C6529203D3D20706454525545007851BF
:1010A0007565756553656E642872657175657374D1
:1010B0005F71756575655F2C20267265712C2070D7
:1010C0006F72744D41585F44454C415929203D3D54
:1010D00020706454525545005553425F444655486C
:1010E0006F73744576656E74002573206661696C54
:1010F00065643A2025750D0A004572726F72206989
:101100006E20444655536574496E7465726661631A
:10111000650D0A004572726F7220696E2044465553
:101120004765745374617475730D0A004572726F6C
:101130007220696E204446555472616E7366657202
:101140000D0A004572726F7220696E204446555A2E
:1011500065726F4C656E6774685472616E73666514
:10116000720D0A004572726F7220696E20444655F6
:10117000526561644261636B0D0A004572726F7261
:1011800020696E20444655476574537461747573C5
:10119000526561640D0A0052656164206261636B8F
:1011A000206669726D7761726520646F6573206E69
:1011B0006F74206D61746368210D0A004572726F4F
:1011C0007220696E204446554465746163680D0A57
:1011D000004572726F7220696E20444655436865FF
:1011E000636B5374617475730D0A00556E68616E9C
:1011F000646C6564204446552073746174652025D1
:10120000640D0A00656467657470755F6466755F78
:101210007461736B0000000000000000000000001B
:1012200027530100815C0100B97D0100357D01007B
:10123000AD8201007853656D6170686F72654769B2
:1012400076652873656D29203D3D207064545255A4
:1012500045005553425F486F737445646765547029
:10126000754465696E6974206572726F723A2025E3
:10127000750D0A005553425F486F737452656D6F68
:101280007665446576696365206572726F723A208F
:1012900025750D0A00555342486F73744576656E87
:1012A0007400257320656E756D65726174696F6E6B
:1012B000206661696C65643A2025750D0A004572E7
:1012C000726F7220696E204564676554707553654E
:1012D00074496E746572666163650D0A00457272C9
:1012E0006F7220696E204564676554707547657438
:1012F0005374617475730D0A007853656D6170687D
:101300006F726554616B652873656D2C20706F7208
:10131000744D41585F44454C415929203D3D207052
:10132000645452554500656467657470755F7461F7
:10133000736B000000000000000000002953010052
:10134000915C010005840100818301008D8701000B
:101350005553425F446576696365436C61737349B5
:101360006E6974206661696C65642025640D0A00ED
:101370005553425F44657669636552756E206661B8
:10138000696C65640D0A00476F6F676C6500436F99
:1013900072616C2044657620426F617264204D69F1
:1013A00063726F00556E68616E646C65642073745F
:1013B00072696E6720726571756573743A20256471
:1013C0000D0A0048616E646C6572002573206576B5
:1013D000656E7420756E68616E646C65642030782B
:1013E000256C780D0A000403090412010002EF02C3
:1013F0000140D11808930100010203012F636F72AD
:10140000616C6D6963726F2F6C6962732F63616DBC
:101410006572612F63616D6572612E6363002A6F6F
:1014200075745F78203E3D2030002A6F75745F78B8
:10143000203C207374617469635F636173743C69F9
:101440006E743E2843616D6572615461736B3A3A04
:101450006B576964746829002A6F75745F79203E40
:101460003D2030002A6F75745F79203C20737461D1
:101470007469635F636173743C696E743E28436191
:101480006D6572615461736B3A3A6B486569676860
:1014900074290043616D657261206D6F64656C2015
:1014A0006964206E6F742061732065787065637461
:1014B00065643A20307825303278253032780D0A4C
:1014C0000043616D657261206973206E6F742065E1
:1014D0006E61626C65642C2063616E6E6F74206354
:1014E000617074757265206672616D652E0D0A00FB
:1014F00043616D65726120697320696E2074726941
:1015000067676572206D6F6465206275742077610E
:1015100073206E657665722074726967676572659F
:10152000640D0A0063616D6572615F7461736B00C5
:10153000000000000000000013180000452C00000F
:1015400071960100919B0100599E010076697274A9
:1015500075616C20636F6E737420706C6174666F5C
:10156000726D733A3A64617277696E6E3A3A647278
:10157000697665723A3A636F6E6669673A3A416FA7
:101580006E52657365744373724F666673657473E8
:101590002620706C6174666F726D733A3A64617282
:1015A00077696E6E3A3A6472697665723A3A636F39
:1015B0006E6669673A3A43686970436F6E66696739
:1015C0003A3A476574416F6E52657365744373723E
:1015D0004F666673657473282920636F6E73740099
:1015E0002F636F72616C6D6963726F2F6C696273C8
:1015F0002F7470752F64617277696E6E2F647269D3
:101600007665722F636F6E6669672F636869705FB6
:10161000636F6E6669672E68007669727475616CB7
:1016200020636F6E737420706C6174666F726D737B
:101630003A3A64617277696E6E3A3A6472697665B5
:10164000723A3A636F6E6669673A3A5769726543F0
:1016500073724F6666736574732620706C6174666E
:101660006F726D733A3A64617277696E6E3A3A647A
:1016700072697665723A3A636F6E6669673A3A42A2
:101680006561676C6543686970436F6E6669673A48
:101690003A476574576972654373724F666673653E
:1016A0007473282920636F6E7374002F636F7261E7
:1016B0006C6D6963726F2F6C6962732F7470752F14
:1016C00064617277696E6E2F6472697665722F63DA
:1016D0006F6E6669672F626561676C652F62656111
:1016E000676C655F636869705F636F6E6669672EBC
:1016F00068002F636F72616C6D6963726F2F6C6924
:1017000062732F7470752F656467657470755F6D93
:10171000616E616765722E6363004F70656E44652C
:10172000766963650025733A204572726F72206591
:101730006E636F756E7465726564207768696C6539
:10174000206272696E67696E6720757020746865C3
:10175000207470750D0A0073697A655F203C20461D
:101760004C4154425546464552535F4D41585F42A5
:1017700055464645525F53495A4500666C6174624E
:101780007566666572733A3A56657269666965721E
:101790003A3A566572696669657228636F6E73744A
:1017A0002075696E74385F742A2C2073697A655FBE
:1017B000742C20666C6174627566666572733A3A61
:1017C000756F66667365745F742C20666C617462F5
:1017D0007566666572733A3A756F66667365745FAF
:1017E000742C20626F6F6C29005061636B616765B8
:1017F00020766572696669636174696F6E206661DF
:10180000696C65642E0D0A004E6F206578656375FE
:101810007461626C657320746F207265676973749C
:1018200065722E0D0A004D756C7469457865637597
:101830007461626C6520766572696669636174695A
:101840006F6E206661696C65642E0D0A00506163DD
:101850006B61676520646F6573206E6F74206861CB
:10186000766520696E666572656E6365206578656C
:1018700063757461626C652E0D0A00000000000043
:10188000000000001DA8010025A801000DA6010010
:1018900015A601001DA6010025A601002DA6010028
:1018A00035A601003DA6010045A601004DA6010098
:1018B00055A601005DA801005DA6010065A6010016
:1018C0006DA6010075A601007DA6010085A6010098
:1018D0008DA6010095A601009DA60100A5A6010008
:1018E000ADA60100B5A60100BDA60100C5A6010078
:1018F000CDA60100D5A60100DDA60100E5A60100E8
:10190000EDA60100F5A60100FDA6010005A7010056
:101910000DA7010015A701001DA7010025A70100C3
:101920002DA7010035A701003DA7010045A7010033
:101930004DA7010055A701005DA7010065A70100A3
:101940006DA7010075A701007DA7010085A7010013
:101950008DA7010095A701009DA70100A5A7010083
:10196000ADA70100B5A70100BDA70100C5A70100F3
:10197000CDA70100D5A70100DDA70100E5A7010063
:10198000EDA70100F5A70100FDA7010005A80100D2
:101990000DA8010015A8010041A8010000000000E9
:1019A000000000001FA8010033A8010023AA0100C5
:1019B00021A8010079A8010000000100466C6174B3
:1019C0004275666665727320312E31322E3000000A
:1019D000000000000000000099A80100A1A801007B
:1019E00000000000A9A801000000000000000000A5
:1019F00000000000B1A80100340000000000000059
:101A00000CA301000000000010A301000000000072
:101A100014A301000000000018A301000000000052
:101A20001CA301000000000020A301000000000032
:101A30002CA30100000000003CA3010000000000F6
:101A400058C004000000000048C10400000000006D
:101A500050C104000000000060C10400000000004C
:101A600000A0010000000000D0A001000000000064
:101A7000D4A0010000000000D8A001000000000078
:101A8000DCA001000000000000A601000000000032
:101A900000A501000000000058A5010000000000A2
:101AA00058A601000000000040A601000000000050
:101AB00044A601000000000040A501000000000055
:101AC00044A501000000000004A701000000000080
:101AD00000A201000000000008000000000000005B
:101AE00000100000000000000000000000000000E6
:101AF00000000000000000000020000000000000C6
:101B00004000000000000000000000000000000095
:101B100000A00400000000001860040000000000A5
:101B200020600400000000002860040000000000A5
:101B3000306004000000000040600400000000006D
:101B4000386004000000000048600400000000004D
:101B5000686004000000000000680400000000004D
:101B6000C000040000000000FFFFFFFFFFFFFFFFB9
:101B700050010400000000001001040000000000FB
:101B8000FFFFFFFFFFFFFFFFFFFFFFFFFFFFFFFF65
:101B9000FFFFFFFFFFFFFFFFFFFFFFFFFFFFFFFF55
:101BA000FFFFFFFFFFFFFFFFFFFFFFFFFFFFFFFF45
:101BB000FFFFFFFFFFFFFFFFFFFFFFFFFFFFFFFF35
:101BC000FFFFFFFFFFFFFFFFFFFFFFFFFFFFFFFF25
:101BD000FFFFFFFFFFFFFFFFFFFFFFFFFFFFFFFF15
:101BE000FFFFFFFFFFFFFFFFFFFFFFFFFFFFFFFF05
:101BF000FFFFFFFFFFFFFFFFFFFFFFFFFFFFFFFFF5
:101C0000FFFFFFFFFFFFFFFFFFFFFFFFFFFFFFFFE4
:101C1000FFFFFFFFFFFFFFFFFFFFFFFFFFFFFFFFD4
:101C2000FFFFFFFFFFFFFFFFFFFFFFFFFFFFFFFFC4
:101C3000FFFFFFFFFFFFFFFFFFFFFFFFFFFFFFFFB4
:101C40009001040000000000D0010400000000002A
:101C50001002040000000000500204000000000018
:101C60009802040000000000E002040000000000F0
:101C70002803040000000000200004000000000011
:101C8000B086040000000000B886040000000000D8
:101C9000D086040000000000D88604000000000088
:101CA000E086040000000000E88604000000000058
:101CB000F086040000000000F88604000000000028
:101CC00000870400000000000887040000000000F6
:101CD0001087040000000000A88704000000000036
:101CE000E820040000000000F020040000000000D4
:101CF0000024040000000000189001000000000013
:101D00001C90010000000000209001000000000075
:101D100024900100000000007C9001000000000001
:101D20000020040000000000082004000000000063
:101D30001020040000000000182004000000000033
:101D40002020040000000000282004000000000003
:101D500030200400000000003820040000000000D3
:101D600040200400000000004820040000000000A3
:101D70005020040000000000582004000000000073
:101D80006020040000000000682004000000000043
:101D90007020040000000000782004000000000013
:101DA00080200400000000008820040000000000E3
:101DB00090200400000000009820040000000000B3
:101DC000A020040000000000A82004000000000083
:101DD000B020040000000000B82004000000000053
:101DE000C020040000000000C82004000000000023
:101DF000D020040000000000D820040000000000F3
:101E0000E020040000000000E820040000000000C2
:101E1000F020040000000000F82004000000000092
:101E20000021040000000000082104000000000060
:101E30001021040000000000182104000000000030
:101E40002021040000000000282104000000000000
:101E500030210400000000003821040000000000D0
:101E600040210400000000004821040000000000A0
:101E70005021040000000000582104000000000070
:101E80006021040000000000682104000000000040
:101E90007021040000000000782104000000000010
:101EA00080210400000000008821040000000000E0
:101EB00090210400000000009821040000000000B0
:101EC000A021040000000000A82104000000000080
:101ED000B021040000000000B82104000000000050
:101EE000C021040000000000C82104000000000020
:101EF000D021040000000000D821040000000000F0
:101F0000E021040000000000E821040000000000BF
:101F1000F021040000000000F8210400000000008F
:101F2000002204000000000008220400000000005D
:101F3000102204000000000018220400000000002D
:101F400020220400000000002822040000000000FD
:101F500030220400000000003822040000000000CD
:101F6000402204000000000048220400000000009D
:101F7000502204000000000058220400000000006D
:101F80006022040000000000702204000000000035
:101F900078220400000000008022040000000000FD
:101FA00088220400000000009022040000000000CD
:101FB0009822040000000000A0220400000000009D
:101FC000A822040000000000B82204000000000065
:101FD000C022040000000000C8220400000000002D
:101FE000D022040000000000D822040000000000FD
:101FF000E022040000000000E822040000000000CD
:10200000F022040000000000002304000000000093
:10201000082304000000000010230400000000005A
:10202000182304000000000020230400000000002A
:1020300028230400000000003023040000000000FA
:1020400038230400000000004823040000000000C2
:10205000502304000000000058230400000000008A
:10206000602304000000000068230400000000005A
:10207000702304000000000078230400000000002A
:1020800080230400000000008823040000000000FA
:1020900090230400000000009823040000000000CA
:1020A000C023040000000000002404000000000021
:1020B000802404000000000000250400000000004F
:1020C000802504000000000000260400000000003D
:1020D000202604000000000040260400000000004C
:1020E00060260400000000008026040000000000BC
:1020F000A026040000000000C0260400000000002C
:102100000027040000000000402704000000000039
:102110008027040000000000C02704000000000029
:102120000028040000000000402804000000000017
:102130008028040000000000C02804000000000007
:1021400000600400000000000860040000000000BF
:1021500050600400000000007860040000000000EF
:102160008060040000000000000005000000000086
:102170001840040000000000584104000000000066
:102180009841040000000000D84104000000000055
:1021900018420400000000008887040000000000CE
:1021A0009087040000000000F041040000000000DF
:1021B000F84104000000000040430400000000005B
:1021C00010800400000000001880040000000000DF
:1021D00020800400000000002880040000000000AF
:1021E000308004000000000038800400000000007F
:1021F000408004000000000048800400000000004F
:10220000508004000000000058800400000000001E
:1022100060800400000000006880040000000000EE
:1022200070800400000000007880040000000000BE
:10223000808004000000000088800400000000008E
:10224000908004000000000098800400000000005E
:10225000A080040000000000A8800400000000002E
:10226000B080040000000000B880040000000000FE
:10227000C080040000000000C880040000000000CE
:10228000D080040000000000D8800400000000009E
:10229000E080040000000000E8800400000000006E
:1022A000F080040000000000F8800400000000003E
:1022B000008104000000000008810400000000000C
:1022C00010810400000000001881040000000000DC
:1022D00020810400000000002881040000000000AC
:1022E000308104000000000038810400000000007C
:1022F000408104000000000048810400000000004C
:10230000508104000000000058810400000000001B
:1023100060810400000000006881040000000000EB
:1023200070810400000000007881040000000000BB
:10233000808104000000000088810400000000008B
:10234000908104000000000098810400000000005B
:10235000A081040000000000A8810400000000002B
:10236000B081040000000000B881040000000000FB
:10237000C081040000000000C881040000000000CB
:10238000D081040000000000D8810400000000009B
:10239000E081040000000000E8810400000000006B
:1023A000F081040000000000F8810400000000003B
:1023B0000082040000000000088204000000000009
:1023C00010820400000000001882040000000000D9
:1023D00020820400000000002882040000000000A9
:1023E0003082040000000000388204000000000079
:1023F0004082040000000000488204000000000049
:102400005082040000000000588204000000000018
:1024100060820400000000006882040000000000E8
:1024200070820400000000007882040000000000B8
:102430008082040000000000888204000000000088
:102440009082040000000000988204000000000058
:10245000A082040000000000A88204000000000028
:10246000B082040000000000B882040000000000F8
:10247000C082040000000000C882040000000000C8
:10248000D082040000000000D88204000000000098
:10249000E082040000000000E88204000000000068
:1024A000F082040000000000F88204000000000038
:1024B0000083040000000000088304000000000006
:1024C00010830400000000001883040000000000D6
:1024D00020830400000000002883040000000000A6
:1024E0003083040000000000388304000000000076
:1024F0004083040000000000488304000000000046
:102500005083040000000000588304000000000015
:1025100060830400000000006883040000000000E5
:1025200070830400000000007883040000000000B5
:102530008083040000000000888304000000000085
:102540009083040000000000988304000000000055
:10255000A083040000000000A88304000000000025
:10256000B083040000000000B883040000000000F5
:10257000C083040000000000C883040000000000C5
:10258000D083040000000000D88304000000000095
:10259000E083040000000000E88304000000000065
:1025A000F083040000000000F88304000000000035
:1025B0000084040000000000088404000000000003
:1025C00010840400000000001884040000000000D3
:1025D00020840400000000002884040000000000A3
:1025E0003084040000000000388404000000000073
:1025F0004084040000000000488404000000000043
:102600005084040000000000588404000000000012
:1026100060840400000000006884040000000000E2
:1026200070840400000000007884040000000000B2
:102630008084040000000000888404000000000082
:102640009084040000000000988404000000000052
:10265000A084040000000000A88404000000000022
:10266000B084040000000000C884040000000000E2
:10267000D084040000000000D884040000000000A2
:10268000E084040000000000E88404000000000072
:10269000F084040000000000F88404000000000042
:1026A0000085040000000000088504000000000010
:1026B00010850400000000001885040000000000E0
:1026C00020850400000000002885040000000000B0
:1026D0003085040000000000388504000000000080
:1026E0004085040000000000488504000000000050
:1026F0005085040000000000588504000000000020
:1027000060850400000000006885040000000000EF
:1027100070850400000000007885040000000000BF
:10272000808504000000000088850400000000008F
:10273000908504000000000098850400000000005F
:10274000A085040000000000A8850400000000002F
:10275000B085040000000000B885040000000000FF
:10276000C085040000000000C885040000000000CF
:10277000D085040000000000D8850400000000009F
:10278000E085040000000000E8850400000000006F
:10279000F085040000000000F8850400000000003F
:1027A000008604000000000008860400000000000D
:1027B00010860400000000001886040000000000DD
:1027C00020860400000000002886040000000000AD
:1027D000308604000000000038860400000000007D
:1027E000408604000000000048860400000000004D
:1027F000508604000000000058860400000000001D
:1028000060860400000000006886040000000000EC
:1028100070860400000000007886040000000000BC
:10282000808604000000000088860400000000008C
:10283000908604000000000098860400000000005C
:10284000A086040000000000A8860400000000002C
:10285000B086040000000000B886040000000000FC
:10286000C086040000000000C886040000000000CC
:10287000D086040000000000D8860400000000009C
:10288000E086040000000000E8860400000000006C
:10289000F086040000000000F8860400000000003C
:1028A000008704000000000008870400000000000A
:1028B00010870400000000001887040000000000DA
:1028C00020870400000000002887040000000000AA
:1028D000308704000000000038870400000000007A
:1028E000408704000000000048870400000000004A
:1028F000508704000000000058870400000000001A
:1029000060870400000000006887040000000000E9
:1029100070870400000000007887040000000000B9
:102920008887040000000000908704000000000079
:102930001020040000000000182004000000000027
:10294000C020040000000000E0200400000000009F
:10295000D02004000000000030420400000000000D
:102960003842040000000000804304000000000022
:1029700070410400000000007841040000000000E5
:10298000C0420400000000004040040000000000BD
:102990004840040000000000004004000000000067
:1029A0000840040000000000104004000000000087
:1029B0001840040000000000204004000000000057
:1029C000284004000000000038400400000000001F
:1029D00040400400000000004840040000000000E7
:1029E00050400400000000005840040000000000B7
:1029F0006040040000000000684004000000000087
:102A00007040040000000000784004000000000056
:102A10008040040000000000884004000000000026
:102A20005841040000000000604104000000000064
:102A30006841040000000000704104000000000034
:102A40007841040000000000804104000000000004
:102A500088410400000000009041040000000000D4
:102A60009841040000000000A041040000000000A4
:102A7000A841040000000000B04104000000000074
:102A8000B841040000000000C04104000000000044
:102A9000C841040000000000D04104000000000014
:102AA000D841040000000000E041040000000000E4
:102AB000E841040000000000F041040000000000B4
:102AC000F841040000000000004204000000000083
:102AD0000842040000000000104204000000000052
:102AE0001842040000000000204204000000000022
:102AF00028420400000000003042040000000000F2
:102B000038420400000000004042040000000000C1
:102B10004842040000000000504204000000000091
:102B20005842040000000000604204000000000061
:102B30006842040000000000704204000000000031
:102B40007842040000000000804204000000000001
:102B50008842040000000000A042040000000000C1
:102B6000C042040000000000E04204000000000039
:102B700000430400000000002043040000000000A7
:102B80006043040000000000702204000000000008
:102B9000782204000000000040270400000000002C
:102BA000B822040000000000C02204000000000061
:102BB000C027040000000000002304000000000003
:102BC000082304000000000040280400000000006A
:102BD000482304000000000050230400000000000F
:102BE000C028040000000000D841040000000000DC
:102BF000E041040000000000E84104000000000083
:102C000068850400000000007085040000000000DA
:102C1000788504000000000090850400000000009A
:102C20009885040000000000A0850400000000005A
:102C3000A885040000000000B0850400000000002A
:102C4000B885040000000000C085040000000000FA
:102C5000C88504000000000080850400000000001A
:102C600088850400000000001860040000000000D7
:102C70005040040000000000184204000000000062
:102C80002042040000000000284204000000000070
:102C9000B041040000000000B84104000000000042
:102CA0000043040000000000784004000000000021
:102CB00080400400000000005022040000000000DA
:102CC0005822040000000000602204000000000000
:102CD0009822040000000000A02204000000000070
:102CE000A822040000000000E02204000000000010
:102CF000E822040000000000F022040000000000B0
:102D0000282304000000000030230400000000001D
:102D10003823040000000000A0860400000000002A
:102D2000A886040000000000004404000000000029
:102D30005841040000000000684104000000000049
:102D40006041040000000000884004000000000012
:102D50006040040000000000682104000000000042
:102D600070210400000000000026040000000000A4
:102D700028210400000000003021040000000000B1
:102D80000025040000000000C086040000000000D0
:102D9000C886040000000000584004000000000045
:102DA0007040040000000000184004000000000013
:102DB0005842040000000000204004000000000011
:102DC000B086040000000000B88604000000000087
:102DD0000045040000000000502104000000000035
:102DE00058210400000000006021040000000000E1
:102DF0009841040000000000A84104000000000009
:102E0000A041040000000000904004000000000009
:102E10001021040000000000182104000000000040
:102E2000202104000000000028220400000000000F
:102E30003022040000000000C02604000000000052
:102E4000684004000000000060C0040000000000B2
:102E500068C0040000000000A82104000000000079
:102E6000B021040000000000402604000000000023
:102E7000E821040000000000F02104000000000030
:102E8000802604000000000070C004000000000064
:102E900078C004000000000080C0040000000000B2
:102EA00088C004000000000090C004000000000082
:102EB00098C0040000000000A0C004000000000052
:102EC000A8C0040000000000102204000000000060
:102ED000182204000000000020220400000000006E
:102EE0009021040000000000982104000000000070
:102EF000A021040000000000D02104000000000018
:102F0000D821040000000000E021040000000000BF
:102F1000706C6174666F726D733A3A64617277694E
:102F20006E6E3A3A6472697665723A3A42697466CC
:102F300069656C643C4C53425F504F534954494F50
:102F40004E2C204E554D5F424954533E2620706C06
:102F50006174666F726D733A3A64617277696E6E0E
:102F60003A3A6472697665723A3A4269746669659A
:102F70006C643C4C53425F504F534954494F4E2C64
:102F8000204E554D5F424954533E3A3A6F70657238
:102F900061746F723D2875696E7436345F742920D0
:102FA0005B7769746820696E74204C53425F504FA0
:102FB000534954494F4E203D20303B20696E7420C8
:102FC0004E554D5F42495453203D20373B20756993
:102FD0006E7436345F74203D206C6F6E67206C6FAA
:102FE0006E6720756E7369676E656420696E745DC7
:102FF000002F636F72616C6D6963726F2F6C696211
:10300000732F7470752F64617277696E6E2F64729E
:10301000697665722F6269746669656C642E6800F2
:103020005553425F486F73744564676554707543C8
:103030006F6E74726F6C206661696C65640D0A0056
:103040004353525472616E73666572002573206437
:1030500069646E2774206765742073656D6170689C
:103060006F72650D0A005553425F486F7374456473
:10307000676554707542756C6B4F757453656E64FB
:10308000206661696C65640D0A0042756C6B4F7552
:10309000745472616E73666572496E7465726E61A6
:1030A0006C004261642042756C6B4F7574547261A0
:1030B0006E73666572496E7465726E616C0D0A009E
:1030C0005553425F486F7374456467655470754229
:1030D000756C6B496E52656376206661696C6564D8
:1030E0000D0A0042756C6B496E5472616E736665B1
:1030F00072496E7465726E616C0042616420427543
:103100006C6B496E5472616E73666572496E74655C
:10311000726E616C0D0A005772697465486561646E
:103120006572206661696C65640D0A0042756C6B9E
:103130004F75745472616E73666572206661696C56
:1031400065640D0A00526561644576656E7420669B
:1031500061696C65640D0A002F636F72616C6D6943
:1031600063726F2F6C6962732F7470752F6564675B
:10317000657470755F6472697665722E636300575B
:1031800072697465363428636869705F636F6E6650
:1031900069675F2E4765745363616C6172436F7238
:1031A000654373724F66667365747328292E736363
:1031B000616C6172436F726552756E436F6E7472AB
:1031C0006F6C2C2072756E5F73746174655F7661CD
:1031D0006C756529005772697465363428636869AF
:1031E000705F636F6E6669675F2E476574536361D6
:1031F0006C6172436F72654373724F666673657478
:103200007328292E617644617461506F7052756E17
:10321000436F6E74726F6C2C2072756E5F73746185
:1032200074655F76616C75652900577269746536DF
:103230003428636869705F636F6E6669675F2E47E5
:1032400065745363616C6172436F72654373724F4F
:1032500066667365747328292E706172616D65747A
:103260006572506F7052756E436F6E74726F6C2C16
:103270002072756E5F73746174655F76616C7565DD
:1032800029005772697465363428636869705F6312
:103290006F6E6669675F2E4765745363616C617218
:1032A000436F72654373724F666673657473282942
:1032B0002E696E6665656452756E436F6E74726FCB
:1032C0006C2C2072756E5F73746174655F76616CCF
:1032D00075652900577269746536342863686970AA
:1032E0005F636F6E6669675F2E4765745363616CD9
:1032F0006172436F72654373724F66667365747370
:1033000028292E6F75746665656452756E436F6EFD
:1033100074726F6C2C2072756E5F73746174655F6C
:1033200076616C7565290057726974653634286357
:103330006869705F636F6E6669675F2E4765745476
:10334000696C65436F6E6669674373724F66667337
:1033500065747328292E74696C65636F6E6669677E
:10336000302C2068656C7065722E7261772829296F
:103370000052656164363428636869705F636F6EFC
:103380006669675F2E47657454696C65436F6E6646
:1033900069674373724F66667365747328292E7468
:1033A000696C65636F6E666967302C202674696C82
:1033B00065636F6E666967305F7265672900577273
:1033C000697465363428636869705F636F6E666917
:1033D000675F2E47657454696C654373724F666608
:1033E0007365747328292E6F7052756E436F6E74F7
:1033F000726F6C2C2072756E5F73746174655F768A
:10340000616C756529005772697465363428636884
:1034100069705F636F6E6669675F2E476574546994
:103420006C654373724F66667365747328292E6EDC
:103430006172726F77546F5769646552756E436F2E
:103440006E74726F6C2C2072756E5F73746174652C
:103450005F76616C7565290057726974653634282A
:10346000636869705F636F6E6669675F2E47657436
:1034700054696C654373724F66667365747328296B
:103480002E77696465546F4E6172726F7752756EF4
:10349000436F6E74726F6C2C2072756E5F73746103
:1034A00074655F76616C756529005772697465365D
:1034B0003428636869705F636F6E6669675F2E4763
:1034C000657454696C654373724F66667365747393
:1034D00028292E6D6573684275733052756E436F7F
:1034E0006E74726F6C2C2072756E5F73746174658C
:1034F0005F76616C7565290057726974653634288A
:10350000636869705F636F6E6669675F2E47657495
:1035100054696C654373724F6666736574732829CA
:103520002E6D6573684275733152756E436F6E749C
:10353000726F6C2C2072756E5F73746174655F7648
:10354000616C756529005772697465363428636843
:1035500069705F636F6E6669675F2E476574546953
:103560006C654373724F66667365747328292E6D9C
:103570006573684275733252756E436F6E74726F05
:103580006C2C2072756E5F73746174655F76616C0C
:1035900075652900577269746536342863686970E7
:1035A0005F636F6E6669675F2E47657454696C650B
:1035B0004373724F66667365747328292E6D657345
:1035C000684275733352756E436F6E74726F6C2CF4
:1035D0002072756E5F73746174655F76616C75657A
:1035E00029005772697465363428636869705F63AF
:1035F0006F6E6669675F2E47657454696C654373C7
:10360000724F66667365747328292E72696E6742FD
:103610007573436F6E73756D65723052756E436F5F
:103620006E74726F6C2C2072756E5F73746174654A
:103630005F76616C75652900577269746536342848
:10364000636869705F636F6E6669675F2E47657454
:1036500054696C654373724F666673657473282989
:103660002E72696E67427573436F6E73756D657206
:103670003152756E436F6E74726F6C2C2072756E62
:103680005F73746174655F76616C7565290057724C
:10369000697465363428636869705F636F6E666944
:1036A000675F2E47657454696C654373724F666635
:1036B0007365747328292E72696E67427573507230
:1036C0006F647563657252756E436F6E74726F6C62
:1036D0002C2072756E5F73746174655F76616C75B2
:1036E00065290052656164333228636869705F63DD
:1036F0006F6E6669675F2E476574417065784373C6
:10370000724F66667365747328292E6F6D63305F20
:1037100064632C20266F6D63305F64635F7265673E
:103720002900706C6174666F726D733A3A646172ED
:1037300077696E6E3A3A6472697665723A3A4269AE
:10374000746669656C643C4C53425F504F534954F6
:10375000494F4E2C204E554D5F424954533E262032
:10376000706C6174666F726D733A3A6461727769F6
:103770006E6E3A3A6472697665723A3A4269746674
:1037800069656C643C4C53425F504F534954494FF8
:103790004E2C204E554D5F424954533E3A3A6F707D
:1037A000657261746F723D2875696E7436345F742A
:1037B00029205B7769746820696E74204C53425FDE
:1037C000504F534954494F4E203D2033313B2069DF
:1037D0006E74204E554D5F42495453203D20313B7D
:1037E0002075696E7436345F74203D206C6F6E678F
:1037F000206C6F6E6720756E7369676E65642069F3
:103800006E745D00706C6174666F726D733A3A64C9
:10381000617277696E6E3A3A6472697665723A3AA5
:103820004269746669656C643C4C53425F504F5307
:103830004954494F4E2C204E554D5F424954533EFA
:103840002620706C6174666F726D733A3A646172AF
:1038500077696E6E3A3A6472697665723A3A42698D
:10386000746669656C643C4C53425F504F534954D5
:10387000494F4E2C204E554D5F424954533E3A3AE3
:103880006F70657261746F723D2875696E7436343D
:103890005F7429205B7769746820696E74204C53CB
:1038A000425F504F534954494F4E203D2032383BE0
:1038B00020696E74204E554D5F42495453203D207F
:1038C000323B2075696E7436345F74203D206C6F16
:1038D0006E67206C6F6E6720756E7369676E6564C6
:1038E00020696E745D0052656164333228636869D3
:1038F000705F636F6E6669675F2E476574417065C0
:10390000784373724F66667365747328292E6F6DE2
:1039100063305F30302C20266F6D63305F30305F56
:1039200072656729003078383941203D3D206F6D40
:1039300063305F30302E636869705F6964282900E6
:103940005772697465333228636869705F636F6E9C
:103950006669675F2E476574417065784373724F7F
:1039600066667365747328292E6F6D63305F30301F
:103970002C206F6D63305F30302E726177282929DB
:103980000030784141203D3D206F6D63305F303025
:103990002E746573745F7265673028290052656103
:1039A00064333228636869705F636F6E6669675F4E
:1039B0002E4765745363754373724F6666736574FF
:1039C0007328292E7363755F6374726C5F302C20CB
:1039D000267363755F6374726C5F305F726567290D
:1039E000005772697465333228636869705F636F6A
:1039F0006E6669675F2E4765745363754373724FD4
:103A000066667365747328292E7363755F637472B9
:103A10006C5F302C207363755F6374726C5F302E43
:103A200072617728292900526561643332286368FE
:103A300069705F636F6E6669675F2E476574536375
:103A4000754373724F66667365747328292E7363AA
:103A5000755F6374726C5F322C20267363755F63CD
:103A600074726C5F325F72656729005772697465A2
:103A7000333228636869705F636F6E6669675F2EB3
:103A80004765745363754373724F666673657473E9
:103A900028292E7363755F6374726C5F322C2073F8
:103AA00063755F6374726C5F322E726177282929A7
:103AB0000052656164333228636869705F636F6EBA
:103AC0006669675F2E4765745363754373724F660B
:103AD000667365747328292E7363755F6374726CE3
:103AE0005F332C20267363755F6374726C5F335F82
:103AF0007265672900577269746533322863686993
:103B0000705F636F6E6669675F2E47657453637598
:103B10004373724F66667365747328292E736375D9
:103B20005F6374726C5F332C207363755F637472B0
:103B30006C5F332E7261772829290057726974658A
:103B4000333228636869705F636F6E6669675F2EE2
:103B500047657443624272696467654373724F6676
:103B6000667365747328292E676362625F6372658A
:103B7000646974302C203078462900577269746566
:103B8000333228636869705F636F6E6669675F2EA2
:103B900047657443624272696467654373724F6636
:103BA000667365747328292E676362625F6372654A
:103BB000646974302C203078302900526561643695
:103BC0003428636869705F636F6E6669675F2E474C
:103BD00065745363616C6172436F72654373724FB6
:103BE00066667365747328292E7363616C61724312
:103BF0006F726552756E436F6E74726F6C2C2026F7
:103C00007363616C61725F636F72655F72756E5F23
:103C1000636F6E74726F6C29005772697465363405
:103C200028636869705F636F6E6669675F2E4765BA
:103C3000744D6973634373724F666673657473285A
:103C4000292E69646C6552656769737465722C20EE
:103C500069646C655F7265672E7261772829290037
:103C60005772697465363428636869705F636F6E74
:103C70006669675F2E47657454696C65436F6E664D
:103C800069674373724F66667365747328292E746F
:103C9000696C65636F6E666967302C2074696C654A
:103CA0005F636F6E6669672E7261772829290052FB
:103CB000656164363428636869705F636F6E666936
:103CC000675F2E47657454696C65436F6E666967FC
:103CD0004373724F66667365747328292E74696C1A
:103CE00065636F6E666967302C202674696C655F4A
:103CF000636F6E6669675F726567290057726974E2
:103D000065363428636869705F636F6E6669675FE4
:103D10002E47657454696C654373724F66667365AC
:103D2000747328292E64656570536C6565702C204A
:103D3000646565705F736C6565705F7265672E7230
:103D400061772829290057726974653634286368B9
:103D500069705F636F6E6669675F2E476574557340
:103D6000624373724F66667365747328292E6465A7
:103D70007363725F65702C2030784630290057726B
:103D8000697465363428636869705F636F6E66694D
:103D9000675F2E4765745573624373724F6666732F
:103DA00065747328292E6D756C74695F626F5F6529
:103DB000702C203029005772697465363428636886
:103DC00069705F636F6E6669675F2E4765745573D0
:103DD000624373724F66667365747328292E6F751C
:103DE00074666565645F6368756E6B5F6C656E674E
:103DF00074682C2030783230290052656164333287
:103E000028636869705F636F6E6669675F2E4765D8
:103E100074417065784373724F6666736574732876
:103E2000292E6F6D63305F64302C20266F6D6330F8
:103E30005F64305F72656729005772697465333259
:103E400028636869705F636F6E6669675F2E476598
:103E500074417065784373724F6666736574732836
:103E6000292E6F6D63305F64302C206F6D63305F7F
:103E700064302E72617728292900526561643332DB
:103E800028636869705F636F6E6669675F2E476558
:103E900074417065784373724F66667365747328F6
:103EA000292E6F6D63305F64382C20266F6D633070
:103EB0005F64385F726567290057726974653332D1
:103EC00028636869705F636F6E6669675F2E476518
:103ED00074417065784373724F66667365747328B6
:103EE000292E6F6D63305F64382C206F6D63305FF7
:103EF00064382E72617728292900577269746533F6
:103F00003228636869705F636F6E6669675F2E470A
:103F10006574417065784373724F66667365747338
:103F200028292E6F6D63305F64632C206F6D6330C2
:103F30005F64632E72617728292900446F52756E81
:103F4000436F6E74726F6C28706C6174666F726D03
:103F5000733A3A64617277696E6E3A3A647269765E
:103F600065723A3A52756E436F6E74726F6C3A3A7C
:103F70006B4D6F7665546F52756E2900000000001E
:103F80000000000003C0010055C0010005C0010091
:103F9000FDBF0100BDC0010015C001000BC0010044
:103FA000496E76616C69642044617461547970650E
:103FB0002070617373656420746F2054656E736F35
:103FC00072446174615479706553697A6528292E49
:103FD0000050726F7669646564206275666665720A
:103FE0002073697A65206973206C65737320746827
:103FF000616E2061637475616C2073697A655F62BC
:10400000797465732E00666C61746275666665729C
:10401000733A3A566563746F723C543E3A3A72652D
:104020007475726E5F7479706520666C6174627508
:1040300066666572733A3A566563746F723C543EB5
:104040003A3A47657428666C617462756666657293
:10405000733A3A756F66667365745F742920636F8F
:104060006E7374205B776974682054203D206C6FF8
:104070006E6720696E743B20666C6174627566665B
:104080006572733A3A566563746F723C543E3A3ABD
:1040900072657475726E5F74797065203D206C6F07
:1040A0006E6720696E743B20666C6174627566662B
:1040B0006572733A3A756F66667365745F74203D16
:1040C000206C6F6E6720756E7369676E656420691A
:1040D0006E745D0045786563757461626C6520641B
:1040E0006F6573206E6F742068617665206F7574DC
:1040F000707574206C617965722025730D0A006DEE
:1041000061703A3A617400666C61746275666665E6
:1041100072733A3A566563746F723C543E3A3A721F
:10412000657475726E5F7479706520666C61746217
:104130007566666572733A3A566563746F723C547D
:104140003E3A3A47657428666C61746275666665C6
:1041500072733A3A756F66667365745F742920638B
:104160006F6E7374205B776974682054203D2066FD
:104170006C6174627566666572733A3A4F6666730F
:1041800065743C706C6174666F726D733A3A646109
:104190007277696E6E3A3A496E73747275637469B8
:1041A0006F6E42697473747265616D3E3B20666C1C
:1041B0006174627566666572733A3A566563746FC8
:1041C000723C543E3A3A72657475726E5F747970DF
:1041D00065203D20636F6E737420706C6174666F30
:1041E000726D733A3A64617277696E6E3A3A496EEB
:1041F000737472756374696F6E42697473747265F7
:10420000616D2A3B20666C617462756666657273C7
:104210003A3A756F66667365745F74203D206C6F03
:104220006E6720756E7369676E656420696E745D74
:1042300000666C6174627566666572733A3A5665BB
:1042400063746F723C543E3A3A72657475726E5F75
:104250007479706520666C617462756666657273E8
:104260003A3A566563746F723C543E3A3A47657405
:1042700028666C6174627566666572733A3A756F2A
:1042800066667365745F742920636F6E7374205B58
:10429000776974682054203D20666C61746275668D
:1042A000666572733A3A4F66667365743C706C610A
:1042B00074666F726D733A3A64617277696E6E3AC2
:1042C0003A4C617965723E3B20666C61746275663A
:1042D000666572733A3A566563746F723C543E3A3F
:1042E0003A72657475726E5F74797065203D2063F3
:1042F0006F6E737420706C6174666F726D733A3A8E
:1043000064617277696E6E3A3A4C617965722A3BE4
:1043100020666C6174627566666572733A3A756F91
:1043200066667365745F74203D206C6F6E672075E0
:104330006E7369676E656420696E745D00457865AB
:1043400063757461626C6520646F6573206E6F7451
:1043500020686176652062756666657220666F7298
:104360002025730D0A00557362486F73745461738E
:104370006B002F636F72616C6D6963726F2F6C6974
:1043800062732F7573622F7573625F686F73745FEA
:104390007461736B2E636300785461736B43726551
:1043A00061746528557362486F73745461736B3A16
:1043B0003A5374617469635461736B4D61696E2C17
:1043C0002022557362486F73745461736B222C20E2
:1043D000636F6E6669674D494E494D414C5F53545A
:1043E00041434B5F53495A45202A2031302C2074D9
:1043F0006869732C206B557362486F7374546173D2
:104400006B5072696F726974792C206E756C6C7068
:10441000747229203D3D2070645041535300555320
:10442000425F486F7374496E6974206661696C6598
:10443000640D0A006C66732D3E6366672D3E7265DF
:1044400061645F73697A6520213D2030002F636FBE
:1044500072616C6D6963726F2F74686972645F70EA
:10446000617274792F6E78702F7274313137362DF6
:1044700073646B2F6D6964646C65776172652F6C12
:104480006974746C6566732F6C66732E63006C665A
:10449000732D3E6366672D3E70726F675F73697A36
:1044A0006520213D2030006C66732D3E6366672DCC
:1044B0003E63616368655F73697A6520213D2030E2
:1044C000006C66732D3E6366672D3E6361636865AD
:1044D0005F73697A652025206C66732D3E6366677D
:1044E0002D3E726561645F73697A65203D3D2030C1
:1044F000006C66732D3E6366672D3E63616368657D
:104500005F73697A652025206C66732D3E6366674C
:104510002D3E70726F675F73697A65203D3D203074
:10452000006C66732D3E6366672D3E626C6F636B35
:104530005F73697A652025206C66732D3E6366671C
:104540002D3E63616368655F73697A65203D3D2038
:104550003000342A6C66735F6E707732283078666C
:1045600066666666666666202F20286C66732D3E3A
:104570006366672D3E626C6F636B5F73697A652D4E
:10458000322A342929203C3D206C66732D3E636617
:10459000672D3E626C6F636B5F73697A65006C6652
:1045A000732D3E6366672D3E626C6F636B5F63794C
:1045B000636C657320213D2030006C66732D3E6373
:1045C00066672D3E6C6F6F6B61686561645F7369D0
:1045D0007A65203E2030006C66732D3E6366672D41
:1045E0003E6C6F6F6B61686561645F73697A6520AB
:1045F000252038203D3D2030202626202875696E54
:10460000747074725F74296C66732D3E6366672DD7
:104610003E6C6F6F6B61686561645F62756666654D
:104620007220252034203D3D2030006C66732D3EE5
:104630006366672D3E6E616D655F6D6178203C3D00
:1046400020323535006C66732D3E6366672D3E66FD
:10465000696C655F6D6178203C3D203231343734C0
:104660003833363437006C66732D3E6366672D3EF3
:10467000617474725F6D6178203C3D20313032325C
:10468000006C66732D3E6366672D3E6D65746164D4
:104690006174615F6D6178203C3D206C66732D3ED6
:1046A0006366672D3E626C6F636B5F73697A65004A
:1046B000657272203C3D2030006C66735F746167E8
:1046C0005F73697A65286C66732D3E6773746174D5
:1046D000652E74616729203E2030207C7C206F721B
:1046E0007068616E73203E3D2030002F0025733AC4
:1046F00025643A6572726F723A20436F72727570F8
:10470000746564206469722070616972206174202C
:104710007B3078256C782C203078256C787D25735B
:104720000A002E2E007063616368652D3E626C6F17
:10473000636B203C206C66732D3E6366672D3E6282
:104740006C6F636B5F636F756E7400626C6F636B2D
:10475000203D3D2028286C66735F626C6F636B5F41
:1047600074292D3229207C7C20626C6F636B203C85
:10477000206C66732D3E6366672D3E626C6F636BC3
:104780005F636F756E74006F6666202B2073697AA5
:1047900065203C3D206C66732D3E6366672D3E624E
:1047A0006C6F636B5F73697A6500706361636865E2
:1047B0002D3E626C6F636B203D3D2028286C667334
:1047C0005F626C6F636B5F74292D31290025733A2A
:1047D00025643A6572726F723A204E6F206D6F7267
:1047E00065206672656520737061636520256C7550
:1047F00025730A0025733A25643A64656275673A41
:104800002042616420626C6F636B20617420307899
:10481000256C7825730A002866696C652D3E666CE8
:104820006167732026204C46535F4F5F57524F4EAF
:104830004C5929203D3D204C46535F4F5F57524F06
:104840004E4C59002866696C652D3E666C61677335
:104850002026204C46535F4F5F52444F4E4C5929FF
:10486000203D3D204C46535F4F5F52444F4E4C59C4
:10487000006469722D3E636F756E74203E203000B7
:10488000636F6D6D69742E6F66662025206C66738C
:104890002D3E6366672D3E70726F675F73697A6540
:1048A000203D3D20300025733A25643A64656275E9
:1048B000673A20457870616E64696E672073757021
:1048C0006572626C6F636B2061742072657620255F
:1048D0006C7525730A0025733A25643A7761726E08
:1048E0003A205375706572626C6F636B2030782567
:1048F0006C7820686173206265636F6D6520756EEA
:104900007772697461626C6525730A0025733A25B4
:10491000643A64656275673A20466978696E672013
:104920006D6F7665207768696C652072656C6F6362
:104930006174696E67207B3078256C782C20307824
:10494000256C787D2030782568780A25730A002543
:10495000733A25643A64656275673A2052656C6FF4
:10496000636174696E67207B3078256C782C203009
:1049700078256C787D202D3E207B3078256C782C36
:10498000203078256C787D25730A0025733A2564DC
:104990003A64656275673A20466978696E67206D8A
:1049A0006F7665207B3078256C782C203078256CEC
:1049B000787D20307825687825730A0025733A259C
:1049C000643A64656275673A20466978696E672063
:1049D0006F727068616E207B3078256C782C203087
:1049E00078256C787D25730A0025733A25643A642E
:1049F000656275673A20466978696E672068616C00
:104A0000662D6F727068616E207B3078256C782C13
:104A1000203078256C787D202D3E207B3078256CE9
:104A2000782C203078256C787D25730A006C6974A9
:104A3000746C6566730025733A25643A6572726F0B
:104A4000723A20496E76616C69642076657273698A
:104A50006F6E20762568752E25687525730A0025EA
:104A6000733A25643A6572726F723A20556E7375A7
:104A700070706F72746564206E616D655F6D6178D2
:104A80002028256C75203E20256C752925730A0089
:104A900025733A25643A6572726F723A20556E73C7
:104AA0007570706F727465642066696C655F6D61A6
:104AB000782028256C75203E20256C752925730AE1
:104AC0000025733A25643A6572726F723A20556E0A
:104AD000737570706F7274656420617474725F6D49
:104AE00061782028256C75203E20256C752925735A
:104AF0000A0025733A25643A64656275673A204670
:104B00006F756E642070656E64696E67206773747C
:104B10006174652030782530386C782530386C78B1
:104B20002530386C7825730A00216C66735F6D6CD4
:104B30006973745F69736F70656E286C66732D3E60
:104B40006D6C6973742C2028737472756374206C97
:104B500066735F6D6C6973742A2966696C652900D8
:104B60006C66735F62645F72656164006C66735F3C
:104B700062645F666C757368006C66735F62645F25
:104B800073796E63006C66735F62645F70726F67E7
:104B9000006C66735F62645F6572617365006C666A
:104BA000735F6469725F636F6D70616374006C66DC
:104BB000735F6469725F636F6D6D6974006C6673B7
:104BC0005F66696C655F72617772656164006C66CF
:104BD000735F66696C655F7261777772697465008F
:104BE0006C66735F696E6974006C66735F66735F91
:104BF000707265706F727068616E73006C66735F5F
:104C000066696C655F6F70656E006C66735F666980
:104C10006C655F636C6F7365006C66735F66696C6F
:104C2000655F72656164006C66735F66696C655F81
:104C300073697A65000000000000000000000000B9
:104C400000000000000000006410B71DC8206E3B8B
:104C5000AC30D9269041DC76F4516B6B5861B24D83
:104C60003C7105502083B8ED44930FF0E8A3D6D6ED
:104C70008CB361CBB0C2649BD4D2D38678E20AA055
:104C80001CF2BDBD2F636F72616C6D6963726F2F13
:104C90006C6962732F706D69632F706D69632E6329
:104CA000630052656164287265672C202676616C0A
:104CB00029005772697465287265672C2076616CCB
:104CC00029005265616428506D6963526567697394
:104CD000746572733A3A6B44657669636549642C0E
:104CE00020266465766963655F69642900706D6973
:104CF000635F7461736B000000000000000000003F
:104D000025530100715C0100A91302005D1302002C
:104D1000411602004572726F72207768656E2063DB
:104D20006C6F73696E6720706970650D0A0053744B
:104D300031395F53705F6D616B655F736861726578
:104D4000645F746167000000AC4E03002E4D0300E9
:104D50006E6F7420656E6F75676820737061636530
:104D600020666F7220666F726D6174206578706165
:104D70006E73696F6E2028506C6561736520737562
:104D8000626D69742066756C6C206275672072654F
:104D9000706F72742061742068747470733A2F2F6E
:104DA0006763632E676E752E6F72672F6275677308
:104DB0002F293A0A20202020003031323334353672
:104DC0003738390062617369635F737472696E6743
:104DD0003A3A5F4D5F6372656174650025733A20EE
:104DE0005F5F706F7320287768696368206973203C
:104DF000257A7529203E20746869732D3E73697A7F
:104E00006528292028776869636820697320257AD6
:104E100075290062617369635F737472696E673AC2
:104E20003A5F4D5F7265706C6163655F61757800B4
:104E300062617369635F737472696E673A3A72652F
:104E4000706C6163650062617369635F737472693A
:104E50006E673A3A5F4D5F7265706C6163650062C0
:104E6000617369635F737472696E673A3A617070F7
:104E7000656E64000C4F0300804E0300304F03004A
:104E80004E31305F5F637878616269763131375FC8
:104E90005F636C6173735F747970655F696E666F71
:104EA0004500000000000000744E0300D1710200B4
:104EB000E5710200AD730200AD7302004F72020093
:104EC0009171020037720200F9710200C57102008F
:104ED0000C4F0300DC4E0300744E03004E31305F74
:104EE0005F637878616269763132305F5F73695FE2
:104EF000636C6173735F747970655F696E666F452B
:104F00000000000000000000D04E0300AD7202005F
:104F1000C1720200AD730200AD7302004F72020055
:104F200091710200817302000D730200D5720200BC
:104F3000AC4E0300384F0300537439747970655FC9
:104F4000696E666F00000000FE822B6547156740A2
:104F500000000000000038430000FAFE422E76BF39
:104F60003A3B9EBC9AF70CBDBDFDFFFFFFFFDF3F44
:104F70003C5455555555C53F912B17CF5555A53F19
:104F800017D0A4671111813F000000000000C84243
:104F9000EF39FAFE422EE63F24C482FFBDBFCE3F6A
:104FA000B5F40CD7086BAC3FCC5046D2ABB2833FC4
:104FB000843A4E9BE0D7553F0000000000000000FF
:104FC000000000000000F03F6EBF881A4F3B9B3C82
:104FD0003533FBA93DF6EF3F5DDCD89C136071BC17
:104FE0006180773E9AECEF3FD16687107A5E90BC85
:104FF000857F6EE815E3EF3F13F6673552D28C3CA0
:10500000748515D3B0D9EF3FFA8EF92380CE8BBCCF
:10501000DEF6DD296BD0EF3F61C8E6614EF7603CFC
:10502000C89B751845C7EF3F99D3335BE4A3903C09
:1050300083F3C6CA3EBEEF3F6D7B835DA69A973C65
:105040000F89F96C58B5EF3FFCEFFD921AB58E3C15
:10505000F747722B92ACEF3FD19C2F703DBE3E3C88
:10506000A2D1D332ECA3EF3F0B6E908934036ABC1C
:105070001BD3FEAF669BEF3F0EBD2F2A525695BC49
:10508000515B12D00193EF3F55EA4E8CEF8050BC3C
:10509000CC316CC0BD8AEF3F16F4D5B923C991BCA1
:1050A000E02DA9AE9A82EF3FAF555CE9E3D3803C97
:1050B000518EA5C8987AEF3F4893A5EA151B80BC8E
:1050C0007B517D3CB872EF3F3D32DE55F01F8FBC07
:1050D000EA8D8C38F96AEF3FBF53133F8C898B3CC4
:1050E00075CB6FEB5B63EF3F26EB11769CD996BCDB
:1050F000D45C0484E05BEF3F602F3A3EF7EC9A3CCF
:10510000AAB968318754EF3F9D3886CB82E78FBCC0
:105110001DD9FC22504DEF3F8DC3A644416F8A3C00
:10512000D68C62883B46EF3F7D04E4B0057A803C34
:1051300096DC7D91493FEF3F94A8A8E3FD8E963C15
:105140003862756E7A38EF3F7D4874F2185E873C9E
:105150003FA6B24FCE31EF3FF2E71F982B47803C7E
:10516000DD7CE265452BEF3F5E08713F7BB896BC66
:105170008163F5E1DF24EF3F31AB096DE1F7823C5C
:10518000E1DE1FF59D1EEF3FFABF6F1A9B213DBC6C
:1051900090D9DAD07F18EF3FB40A0C7282378B3C7B
:1051A0000B03E4A68512EF3F8FCBCE8992146E3CA1
:1051B000562F3EA9AF0CEF3FB6ABB04D754D833CBB
:1051C00015B7310AFE06EF3F4C74ACE20142863C53
:1051D00031D84CFC7001EF3F4AF8D35D39DD8F3C8C
:1051E000FF1664B208FCEE3F045B8E3B80A386BCD6
:1051F000F19F925FC5F6EE3F68504BCCED4A92BCF2
:10520000CBA93A37A7F1EE3F8E2D511BF80799BC79
:1052100066D8056DAEECEE3FD236943EE8D171BC57
:10522000F79FE534DBE7EE3F151BCEB3191999BCA8
:10523000E5A813C32DE3EE3F6D4C2AA7489F853C9C
:105240002234124CA6DEEE3F8A69287A601293BCA3
:105250001C80AC0445DAEE3F5B8917488FA758BC29
:105260002A2EF7210AD6EE3F1B9A49679B2C7CBC5D
:1052700097A850D9F5D1EE3F11ACC260ED63433C25
:105280002D89616008CEEE3FEF64063B0966963CCF
:1052900057001DED41CAEE3F7903A1DAE1CC6E3C27
:1052A000D03CC1B5A2C6EE3F30120F3F8EFF933CFB
:1052B000DED3D7F02AC3EE3FB0AF7ABBCE90763CB8
:1052C000272A36D5DABFEE3F77E054EBBD1D933C7D
:1052D0000DDDFD99B2BCEE3F8EA3710034948FBCFE
:1052E000A72C9D76B2B9EE3F49A393DCCCDE87BCF8
:1052F0004266CFA2DAB6EE3F5F380FBDC6DE78BC9D
:10530000824F9D562BB4EE3FF65C7BEC461286BC7A
:105310000F925DCAA4B1EE3F8ED7FD180535933CC0
:10532000DA27B53647AFEE3F059B8A2FB7987B3C0F
:10533000FDC797D412ADEE3F09541CE2E163903CE7
:10534000295448DD07ABEE3FEAC6195085C7343C07
:10535000B746598A26A9EE3F35C0642BE632943C05
:105360004821AD156FA7EE3F9F7699614AE48CBC4A
:1053700009DC76B9E1A5EE3FA84DEF3BC5338CBC07
:1053800085553AB07EA4EE3FAEE92B89785384BCB4
:1053900020C3CC3446A3EE3F58585678DDCE93BC9C
:1053A0002522558238A2EE3F64197E80AA10573C10
:1053B00073A94CD455A1EE3F28225EBFEFB393BC36
:1053C000CD3B7F669EA0EE3F82B93487AD126ABCAA
:1053D000BFDA0B7512A0EE3FEEA96DB8EF6763BCA4
:1053E0002F1A653CB29FEE3F5188E0543DDC80BCF3
:1053F000849451F97D9FEE3FCF3E5A7E641F78BC66
:10540000745FECE8759FEE3FB07D8BC04AEE86BCC2
:105410007481A5489A9FEE3F8AE6551E321986BCD4
:10542000C9674256EB9FEE3FD3D4095ECB9C903CBC
:105430003F5DDE4F69A0EE3F1DA54DB9DC327BBC60
:105440008701EB7314A1EE3F6BC06754FDEC943CF5
:1054500032C13001EDA1EE3F556CD6ABE1EB653CBE
:10546000624ECF36F3A2EE3F42CFB32FC5A188BC28
:10547000121A3E5427A4EE3F34373BF1B66993BC71
:1054800013CE4C9989A5EE3F1EFF193A845E80BC6D
:10549000ADC723461AA7EE3F6E5772D850D494BCBE
:1054A000ED92449BD9A8EE3F008A0E5B67AD903C1D
:1054B00099668AD9C7AAEE3FB4EAF0C12FB78D3CEE
:1054C000DBA02A42E5ACEE3FFFE7C59C60B665BCB9
:1054D0008C44B51632AFEE3F445FF35983F67B3C04
:1054E00036771599AEB1EE3F833D1EA71F0993BCD9
:1054F000C6FF910B5BB4EE3F291E6C8BB8A95DBC57
:10550000E5C5CDB037B7EE3F59B9907CF9236CBCF7
:105510000F52C8CB44BAEE3FAAF9F422434392BCDF
:10552000504EDE9F82BDEE3F4B8E66D76CCA85BC67
:10553000BA07CA70F1C0EE3F27CE912BFCAF713C89
:1055400090F0A38291C4EE3FBB730AE135D26D3C6B
:105550002323E31963C8EE3F6322622204C587BC9C
:1055600065E55D7B66CCEE3FD531E2E3861C8B3C86
:10557000332D4AEC9BD0EE3F15BBBCD3D1BB91BCC5
:105580005D253EB203D5EE3FD231EE9C31CC903C4E
:1055900058B330139ED9EE3FB35A736E8469843C7E
:1055A000BFFD79556BDEEE3FB49D8E97CDDF82BC9B
:1055B0007AF3D3BF6BE3EE3F8733CB92771A8C3C01
:1055C000ADD35A999FE8EE3FFAD9D14A8F7B90BC70
:1055D00066B68D2907EEEE3FBAAEDC56D9C355BC90
:1055E000FB154FB8A2F3EE3F40F6A63D0EA490BCCB
:1055F0003A59E58D72F9EE3F3493AD38F4D668BC74
:10560000475EFBF276FFEE3F358A586BE2EE91BCC7
:105610004A06A130B005EF3FCDDD5F0AD7FF743CED
:10562000D2C14B901E0CEF3FAC9892FAFBBD91BCDF
:10563000091ED75BC212EF3FB30CAF30AE6E733CA6
:105640009C5285DD9B19EF3F94FD9F5C32E38E3CBD
:105650007AD0FF5FAB20EF3FAC5909D18FE0843C9B
:105660004BD1572EF127EF3F671A4E38AFCD633C31
:10567000B5E706946D2FEF3F6819926C2C6B673C71
:105680006990EFDC2037EF3FD2B5CC83188A80BC1D
:10569000FAC35D550B3FEF3F6FFAFF3F5DAD8FBC27
:1056A0007C89074A2D47EF3F49A97538AE0D90BC5C
:1056B000F2890D08874FEF3FA7073DA685A3743CED
:1056C00087A4FBDC1858EF3F0F2240209E9182BC3C
:1056D0009883C916E360EF3FAC92C1D5505A8E3C17
:1056E0008532DB03E669EF3F4B6B01AC593A843CF2
:1056F00060B401F32173EF3F1F3EB40721D582BC94
:105700005F9B7B33977CEF3FC90D473BB92A89BC30
:1057100029A1F5144686EF3FD3883A6004B6743C5D
:10572000F63F8BE72E90EF3F71729D51ECC5833CA5
:10573000834CC7FB519AEF3FF091D38F12F78FBC88
:10574000DA90A4A2AFA4EF3F7D7423E298AE8DBCA3
:10575000F1678E2D48AFEF3F0820AA41BCC38E3CB5
:10576000275A61EE1BBAEF3F32EBA9C3942B843C5E
:1057700097BA6B372BC5EF3FEE85D131A9648A3CD0
:1057800040456E5B76D0EF3FEDE33BE4BA378EBC2D
:1057900014BE9CADFDDBEF3F9DCD914D3B89773C29
:1057A000D8909E81C1E7EF3F89CC6041C105533C51
:1057B000F1718F2BC2F3EF3F2C2066756E63746915
:1057C0006F6E3A2000617373657274696F6E202288
:1057D000257322206661696C65643A2066696C6590
:1057E00020222573222C206C696E65202564257388
:1057F00025730A0000202020202020202020282897
:105800002828282020202020202020202020202080
:1058100020202020208810101010101010101010C0
:1058200010101010100404040404040404040410F0
:10583000101010101010414141414141010101017E
:105840000101010101010101010101010101010148
:105850001010101010104242424242420202020254
:105860000202020202020202020202020202020218
:1058700010101010200000000000000000000000C8
:105880000000000000000000000000000000000018
:105890000000000000000000000000000000000008
:1058A00000000000000000000000000000000000F8
:1058B00000000000000000000000000000000000E8
:1058C00000000000000000000000000000000000D8
:1058D00000000000000000000000000000000000C8
:1058E00000000000000000000000000000000000B8
:1058F00000000000000000000000000000000000A8
:105900000000000000000000000000000000000097
:105910000000000000000000000000000000000087
:105920000000000000000000000000000000000077
:105930000000000000000000000000000000000067
:105940000000000000000000000000000000000057
:105950000000000000000000CCAA0020232D302B06
:105960002000686C4C0065666745464700494E4616
:1059700000696E66004E414E006E616E003031323D
:1059800033343536373839414243444546003031A7
:105990003233343536373839616263646566000006
:1059A00035000000CEFBFFFFCB030000010000002C
:1059B0000000000034000000CEFBFFFFCB0300001E
:1059C0000100000000000000BC89D897B2D29C3CC6
:1059D00033A7A8D523F649393DA7F444FD0FA532D6
:1059E0009D978CCF08BA5B25436FAC64280668117D
:1059F000496E66696E697479004E614E0052454584
:105A00004E54206D616C6C6F6320737563636565C4
:105A1000646564002F6D6E742F776F726B737061A5
:105A200063652F776F726B73706163652F474343B4
:105A30002D392D706970656C696E652F6A656E6BA6
:105A4000696E732D4743432D392D706970656C69FC
:105A50006E652D3230305F32303230303532315F6A
:105A6000313539303035333337342F7372632F6E1D
:105A700065776C69622F6E65776C69622F6C6962FD
:105A8000632F7374646C69622F64746F612E63009A
:105A900042616C6C6F6320737563636565646564F4
:105AA000002F6D6E742F776F726B73706163652F4B
:105AB000776F726B73706163652F4743432D392D88
:105AC000706970656C696E652F6A656E6B696E735F
:105AD0002D4743432D392D706970656C696E652DB6
:105AE0003230305F32303230303532315F3135393B
:105AF000303035333337342F7372632F6E65776CE4
:105B000069622F6E65776C69622F6C6962632F73AF
:105B100074646C69622F6764746F612D6765746863
:105B200065782E6300000000CF3F0300BB11030027
:105B30002CAB00204300504F534958002F6D6E741A
:105B40002F776F726B73706163652F776F726B73F2
:105B5000706163652F4743432D392D706970656C03
:105B6000696E652F6A656E6B696E732D4743432DB1
:105B7000392D706970656C696E652D3230305F3219
:105B8000303230303532315F3135393030353333C2
:105B900037342F7372632F6E65776C69622F6E6571
:105BA000776C69622F6C6962632F7374646C6962CD
:105BB0002F6D707265632E6300000000000000000E
:105BC0000080E03779C34143176E05B5B5B89346F9
:105BD000F5F93FE9034F384D321D30F94877825AC5
:105BE0003CBF737FDD4F1575000000000000F03FE3
:105BF00000000000000024400000000000005940A8
:105C00000000000000408F40000000000088C340FA
:105C100000000000006AF8400000000080842E416F
:105C200000000000D01263410000000084D79741BB
:105C30000000000065CDCD41000000205FA00242C1
:105C4000000000E876483742000000A2941A6D4236
:105C5000000040E59C30A2420000901EC4BCD64229
:105C600000003426F56B0C430080E03779C34143D4
:105C700000A0D8855734764300C84E676DC1AB434A
:105C8000003D9160E458E143408CB5781DAF154468
:105C900050EFE2D6E41A4B4492D54D06CFF0804443
:105CA000F64AE1C7022DB544B49DD9794378EA4458
:105CB00005000000190000007D000000F8B500BFDD
:105CC000F8BC08BC9E467047F8B500BFF8BC08BCDD
:105CD0009E467047000000005FF800F011DF2420AE
:105CE0005FF800F0151324205FF800F089052520E7
:105CF0005FF800F0710224205FF800F0CD3224201C
:105D00005FF800F0A50525205FF800F07915242044
:105D10005FF800F0850525205FF800F0652A252052
:105D20005FF800F075CE24205FF800F021362420C3
:105D30005FF800F029ED24205FF800F075E62420DC
:105D40005FF800F0551324205FF800F0F1112520D2
:105D50005FF800F0051524205FF800F059B4242006
:105D60005FF800F011BF24205FF800F0952B25208C
:105D70005FF800F0B92125205FF800F04D2B2520B9
:105D80005FF800F005DA24205FF800F081D72420C6
:105D90005FF800F00D2E25205FF800F06D1524202F
:105DA0005FF800F0551824205FF800F03D2424200F
:105DB0005FF800F075F224205FF800F0A53624208B
:105DC0005FF800F095E624205FF800F0E52F25202D
:085DD00070AEFC7F0100000031
:105DD800250C0000A15C0100617001005D770100E5
:045DE8007D7C0100BD
:045DEC00010C0000A6
:105DF0000000000000A4781FAAAAAAAA0000008040
:105E0000000000010100000100000000000100008E
:105E10000100000100000000040100000000030177
:105E2000000001000001010001000001010001016A
:105E30000001010000000000000000000000000060
:105E40000000000000000000000000000000000052
:105E50000000000000000000000000000000000042
:105E6000EFBEADDEEFBEADDE021E570214FAC22F4A
:105E7000C231C2232212246822FFFF020016C0E0B2
:105E8000C0F0C083C082C0D075D000C000C001C0C7
:105E900002C003C004C005C006C0077F187E801280
:105EA00027BD8F358E348D338C32E4FFFEFDE53215
:105EB0005404FC70030200F8303005C2300200F8D0
:105EC0002033030200EBC233302269C2AF122676C0
:105ED000A2AF9224C2AF908000E4F0A37480F0A33C
:105EE000E4F0A3F0A22492AF9001B8121A8000004F
:105EF00000007FA07EBB7D0D7C009001B8E0F8A380
:105F0000E0F9A3E0FAA3E0FBC3121A2550219001A7
:105F1000B8E0FCA3E0FDA3E0FEA3E02401FFE43E23
:105F2000FEE43DFDE43CFC9001B8121A5B80C31214
:105F300028E0802CC2AF85354585344485334385C0
:105F400032427F187E8012273FE4FF12122D122961
:105F50006A800D7F0112122D122676120006D22AB7
:105F6000E535540CFFE4FEE5335404FDE4FCED4F4D
:105F70006002D22AAF35AE34AD33AC32EC4D4E4F69
:105F8000600F8F458E448D438C427F187E80122790
:105F90003F90801CE0F536908040E0F537908042DD
:105FA000E0F538E53720E103020212A2AF9224C2E5
:105FB000AF90801C7401F0A3E4F0A3F0A3F0A2243E
:105FC00092AF90802DE0FF1313543F1392349080D2
:105FD0002CE0F539A2AF9224C2AFF0A3E4F0A3F015
:105FE000A3F0A22492AFE539541C700302021230D0
:105FF0002945E53930E3273029137B017A01795CA3
:106000007F007E807D007C801222BD80117B017A22
:1060100001795C7F007E807D007C101222BDA2AFE2
:106020009224C2AF9080387402F0A3E4F0A3F0A3EE
:10603000F0A22492AF8043E53930E3273029137B67
:10604000017A01795C7F007E807D007C801222BD18
:1060500080117B017A01795C7F007E807D007C105D
:106060001222BDA2AF9224C2AF9080387402F0A376
:10607000E4F0A3F0A3F0A22492AFE53730E23EA211
:10608000AF9224C2AF90801C7402F0A3E4F0A3F09E
:10609000A3F0A22492AF90802CE0F539A3E0FF1387
:1060A00013543F139234A2AF9224C2AF90802CE5D8
:1060B00039F0A3E4F0A3F0A3F0A22492AFE53730C7
:1060C000E32FA2AF9224C2AF90801C7403F0A3E42C
:1060D000F0A3F0A3F0A22492AF90802CE0F539A2B7
:1060E000AF9224C2AFF0A3E4F0A3F0A3F0A22492F5
:1060F000AFE53820E103020350A2AF9224C2AF9073
:10610000801C7481F0A3E4F0A3F0A3F0A22492AF6A
:1061100090802CE0F539A2AF9224C2AFF0A3E4F056
:10612000A3F0A3F0A22492AFE539540C700302034C
:106130005090902CE0F53930E061909005E0753A90
:1061400000F53B753B00F53A909004E0253BF53BAC
:10615000E4353AF53A533A03E53BAE3A7803C333B4
:10616000CE33CED8F9F53B8E3A7E017F18C007FFBB
:10617000E48F41853A40F53FF53E754281D00712E4
:106180001C78A2AF9224C2AF9090307401F0A3E4C7
:10619000F0A3F0A3F0A22492AF801D909034E0F51C
:1061A000395339FEA2AF9224C2AFE539F0A3E4F02F
:1061B000A3F0A3F0A22492AFE53820E20302041773
:1061C000A2AF9224C2AF90801C7482F0A3E4F0A32B
:1061D000F0A3F0A22492AF90802CE0F539A2AF9208
:1061E00024C2AFF0A3E4F0A3F0A3F0A22492AFE5A1
:1061F00039540C700302041790902CE0F53930E10B
:106200006190900DE0753A00F53B753B00F53A90D2
:10621000900CE0253BF53BE4353AF53A533A03E57B
:106220003BAE3A7803C333CE33CED8F9F53B8E3A42
:106230007E017F30C007FFE48F41853A40F53FF58E
:106240003E754282D007121C78A2AF9224C2AF9052
:1062500090307402F0A3E4F0A3F0A3F0A22492AF74
:10626000801D909034E0F5395339FDA2AF9224C2DD
:10627000AFE539F0A3E4F0A3F0A3F0A22492AFE5D8
:106280003730E07BA2AF9224C2AF90801CE4F0A331
:10629000F0A3F0A3F0A22492AF7F2C7E801227BD42
:1062A00078AB121A4F78AB121A36EF5410FFE4FE97
:1062B000FDFCEF6034A2AF9224C2AF90802C74102A
:1062C000F0A3E4F0A3F0A3F0A22492AF302A30C2EE
:1062D0002AA2AF9224C2AF90803804F0A3E4F0A3C6
:1062E000F0A3F0A22492AF8016D22E78AB121A3609
:1062F0008F458E448D438C427F2C7E8012273FE554
:106300003820E003020523A2AF9224C2AF90801C84
:106310007480F0A3E4F0A3F0A3F0A22492AF302D98
:106320001F7F2C7E801227BD78A7121A42EF4BFFE9
:10633000EE4AFEED49FDEC48FC78A7121A4F800C9E
:106340007F2C7E801227BD78A7121A4F78A7121AC9
:1063500036EF5410FFE4FEFDFCEF6019A2AF92246B
:10636000C2AF90802C7410F0A3E4F0A3F0A3F0A2CD
:106370002492AF8016D22D78A7121A368F458E44FC
:106380008D438C427F2C7E8012273FE53830E352CC
:10639000A2AF9224C2AF90801C7483F0A3E4F0A358
:1063A000F0A3F0A22492AF90802CE0F539A2AF9236
:1063B00024C2AFF0A3E4F0A3F0A3F0A22492AFE5CF
:1063C00039540C601D909034E0F53953397FA2AFF9
:1063D0009224C2AFE539F0A3E4F0A3F0A3F0A22425
:1063E00092AFA2AF9224C2AF90801CE536F0A3E436
:1063F000F0A3F0A3F0A22492AFD007D006D005D02E
:1064000004D003D002D001D000D0D0D082D083D02D
:10641000F0D0E0328F46E546600F9001A6E0B4046C
:1064200004A3E060131228B0229001A6E0B408048F
:10643000A3E060041228B0227B007A0079478B4BDE
:106440008A4C894D9001A2E0900003121A0390013A
:10645000A3E0900002121A039001A4E09000011240
:106460001A039001A5E01219F1E4FFFE7D04FCABD4
:106470004AAA49A948A847C3121A2540557FF87E61
:10648000FF7D7F7C00A847D3121A255045E5466062
:10649000041228B022A2AF9232C2AF90801CE4F066
:1064A000A3F0A3F0A3F0A23292AFA2AF9232C2AF98
:1064B0009080287408F0A3E4F0A3F0A3F0A2329235
:1064C000AFAF4AAE49AD48AC47F55A755B081221EB
:1064D000DB22E4FFFE7D03FCAB4AAA49A948A8479A
:1064E000C3121A2540557FF87EFF7D037C00A84724
:1064F000D3121A255045E54660041228B022A2AFF7
:106500009232C2AF90801CE4F0A3F0A3F0A3F0A2FB
:106510003292AFA2AF9232C2AF9080287408F0A33B
:10652000E4F0A3F0A3F0A23292AFAF4AAE49AD4877
:10653000AC47F55A755B081221DB22C3E54A94008B
:10654000F54AE5499400F549E5489401F548E547E1
:106550009400F547E4FF7E90FDFCAB4AAA49A948A8
:10656000A847C3121A25403CE47FF87E93FDFCA89F
:1065700047D3121A25502DAE49AF4A12277F8F51AB
:106580008E508D4F8C4EE54660030207D8E54A24B5
:1065900004FFE43549FE12277F8F558E548D538CAE
:1065A000520207D8E4FF7E80FDFCAB4AAA49A94805
:1065B000A847C3121A254038E47FF87E83FDFCA863
:1065C00047D3121A255029AE49AF4A12277F8F515F
:1065D0008E508D4F8C4EE5467066E54A2404FFE4EC
:1065E0003549FE12277F8F558E548D538C52805023
:1065F000E4FF7EA0FDFCAB4AAA49A948A847C31204
:106600001A254038E47FF87EA7FDFCA847D3121A6C
:10661000255029AE49AF4A12277F8F518E508D4F9A
:106620008C4EE546701AE54A2404FFE43549FE1213
:10663000277F8F558E548D538C5280041228B022A0
:106640007B007A00794E8B4B8A4C894D9000031267
:1066500019C4900018F09000021219C4900019F0AB
:106660009000011219C490001AF01219AB90001B8F
:10667000F0A2AF9232C2AF90801CE4F0A3F0A3F07E
:10668000A3F0A23292AFA2AF9232C2AF9080287430
:1066900008F0A3E4F0A3F0A3F0A23292AFE54670B5
:1066A0003B7A007952F54B8A4C894D9000031219C0
:1066B000C490001CF09000021219C490001DF090CC
:1066C00000011219C490001EF01219AB90001FF0C7
:1066D0007E007F187D087C00121F69227E007F18D3
:1066E0007D047C00121F6922908004E0FFC45407DF
:1066F000FF24FE600A146007147006D2298002C2CB
:10670000299001A7E0754600F547E547FE9001A6F0
:10671000E07C002400F547EC3EF5469001A3E0F94B
:1067200024FE6056147003020A3124FD7003020A2D
:106730006414604624F87003020AB3240E60030256
:106740000B1DD3E5479412E54694004006754600BC
:106750007547123029127E197F107C007D18AB47D7
:10676000AA461226BB020AE57E187FAB7C007D1884
:10677000AB47AA461226BB020AE520290302099765
:10678000D3E5479409E54694005028E9B402127E07
:10679000197F2C7C007D18AB47AA461226BB020A43
:1067A000127E197F357C007D18AB47AA461226BBA6
:1067B000020A12D3E5479460E54694004006754608
:1067C00000754760E9B402117E197F2C7C007D18AA
:1067D0007B097A001226BB800F7E197F357C007DF5
:1067E000187B097A001226BB7E197F3E7C007D2132
:1067F000E54724F7FBE54634FFFA1226BB807BD33E
:10680000E5479409E54694005026E9B402117E1844
:106810007FC77C007D18AB47AA461226BB805B7EF3
:10682000187FD07C007D18AB47AA461226BB804A51
:10683000D3E547943CE5469400400675460075470D
:106840003CE9B402117E187FC77C007D187B097A71
:10685000001226BB800F7E187FD07C007D187B093C
:106860007A001226BB7E187FD97C007D21E5472463
:10687000F7FBE54634FFFA1226BB302103020AE596
:1068800090001F7480F0302907A37470F0020AE5AD
:1068900090002074F9F0020AE59001A2E060030282
:1068A0000B1D90190CE493FF7E00D3E5479FE5464E
:1068B0009E40048E468F477E197F0C7C007D18AB6E
:1068C00047AA461226BB020AE5020AE530292690AD
:1068D0001922E493FF7E00D3E5479FE5469E4004DE
:1068E0008E468F477E197F227C007D18AB47AA46D3
:1068F0001226BB80589018BDE493FF7E00D3E54775
:106900009FE5469E40048E468F477E187FBD7C00E3
:106910007D18AB47AA461226BB8032901998E493A3
:10692000FF7E00FE901997E4937C002400FFEC3E6C
:10693000FED3E5479FE5469E40048E468F477E196D
:106940007F957C007D18AB47AA461226BBA2AF926A
:1069500032C2AF90801CE4F0A3F0A3F0A3F0A23207
:1069600092AFA2AF9232C2AF9080287408F0A3E435
:10697000F0A3F0A3F0A23292AF7E007F18AD47AC37
:1069800046121F69221228B022202C03020BC8C213
:106990002C7F287E9012277F8F498E488D478C460A
:1069A0007B007A0079469000031219C4900010F021
:1069B0009000021219C4900011F09000011219C445
:1069C000900012F01219AB900013F0A2AF9232C2F5
:1069D000AF90801C7483F0A3E4F0A3F0A3F0A23284
:1069E00092AF0B7A017948E9EAE429F561E43AF5D6
:1069F00060E43401F55FE433F55E7F207E8012268B
:106A0000FFA2AF9232C2AF908038E4F0A3F0A3743B
:106A100008F0A3E4F0A23292AFA2AF9232C2AF90DC
:106A200090307480F0A3E4F0A3F0A3F0A23292AF10
:106A3000202503020C4FC225A2AF9232C2AF908034
:106A40001C7401F0A3E4F0A3F0A3F0A23292AF30E3
:106A5000294E909019E0541F9029DD93F54AE4786F
:106A600062F608F608F608F608F608F6E54AF8E4CD
:106A70007969F7E825E025E019F7A2AF9232C2AFB5
:106A8000908028E4F0E54A25E004A3F0A3E4F0A315
:106A9000F0A23292AF7B017A01795CAD4A1229B93A
:106AA000A2AF9232C2AF9080387402F0A3E4F0A398
:106AB000F0A3F0A23292AF202703020CD6C227A285
:106AC000AF9232C2AF90801C7402F0A3E4F0A3F046
:106AD000A3F0A23292AF30294E90901DE0541F9047
:106AE00029DD93F54AE4786AF608F608F608F60810
:106AF000F608F6E54AF8E47971F7E825E025E019AB
:106B0000F7A2AF9232C2AF908028E4F0E54A25E0C8
:106B100004A3F0A3E4F0A3F0A23292AF7B017A01C8
:106B20007974AD4A1229B9A2AF9232C2AF908038BF
:106B30007404F0A3E4F0A3F0A3F0A23292AF2028F3
:106B400003020D5DC228A2AF9232C2AF90801C74C6
:106B500003F0A3E4F0A3F0A3F0A23292AF30294EE9
:106B6000909021E0541F9029DD93F54AE47872F665
:106B700008F608F608F608F608F6E54AF8E4797922
:106B8000F7E825E025E019F7A2AF9232C2AF908076
:106B900028E4F0E54A25E004A3F0A3E4F0A3F0A282
:106BA0003292AF7B017A01798CAD4A1229B9A2AF3A
:106BB0009232C2AF9080387408F0A3E4F0A3F0A33F
:106BC000F0A23292AF228E468F47C220301630A2FA
:106BD000AF9232C2AF90801CE4F0A3F0A3F0A3F018
:106BE000A23292AFA2AF9232C2AF90802CF0A374C7
:106BF00040F0A3E4F0A3F0A23292AF1228B0227BBF
:106C0000007A00794890001BE01219F190001AE018
:106C1000900001121A03900019E0900002121A036A
:106C2000900018E0900003121A03E54745467029CA
:106C30007A00794C90001FE01219F190001EE0904C
:106C40000001121A0390001DE0900002121A039036
:106C5000001CE0900003121A03788B121A36C3EF5F
:106C60009400FFEE9400FEED9401FDEC9400FC789E
:106C70008B121A4FE4FF7E90FDFC788B121A42C3F0
:106C8000121A25404BE47FF87E93FDFC788B121A94
:106C900042D3121A255039788B121A36854B6185EA
:106CA0004A6085495F85485E1226FFE54745466094
:106CB00003020F19788B121A36EF2404FFE43EFE0C
:106CC000854F61854E60854D5F854C5E1226FF22A3
:106CD000E4FF7E80FDFC788B121A42C3121A254015
:106CE00048E47FF87E83FDFC788B121A42D3121A97
:106CF000255036788B121A36854B61854A60854956
:106D00005F85485E1226FFE54745467074788B1212
:106D10001A36EF2404FFE43EFE854F61854E608500
:106D20004D5F854C5E1226FF22E4FF7EA0FDFC78BD
:106D30008B121A42C3121A254047E47FF87EA7FD42
:106D4000FC788B121A42D3121A255035788B121AFE
:106D500036854B61854A6085495F85485E1226FF0E
:106D6000E5474546701B788B121A36EF2404FFE482
:106D70003EFE854F61854E60854D5F854C5E1226D7
:106D8000FF22A2AF9232C2AF90801CEFF0A3E4F0DA
:106D9000A3F0A3F0A23292AF302960EF6401703407
:106DA000A2AF9232C2AF9080247405F0A3740FF0AA
:106DB000A3E4F0A3747CF0A23292AFA2AF9232C2ED
:106DC000AF9080387402F0A3E4F0A3F0A3F0A232F5
:106DD00092AF805BEF64026056EF64036051A2AF34
:106DE0009232C2AF9080247405F0A3740FF0A3E434
:106DF000F0A3741CF0A23292AF8034A2AF9232C2E0
:106E0000AF9080247405F0A3E4F0A3F0A37442F0E3
:106E1000A23292AFEF147017A2AF9232C2AF90803D
:106E2000387402F0A3E4F0A3F0A3F0A23292AFEF23
:106E300030E719A2AF9232C2AF9080347480F0A3D1
:106E4000E4F0A3F0A3F0A23292AF8033302919A26C
:106E5000AF9232C2AF9080347410F0A3E4F0A3F08C
:106E6000A3F0A23292AF8017A2AF9232C2AF90804D
:106E7000347410F0A3E4F0A3F0A3F0A23292AFEFC9
:106E800024FE60211460312482604014605024810B
:106E9000705D7B017A017958E9F549EAF548E4F536
:106EA00047F546804A7B017A017970E9F549EAF5B0
:106EB00048E4F547F54680377B017A017988E9F5A2
:106EC00049EAF548E4F547F54680247B017A0179E3
:106ED00018E9F549EAF548E4F547F54680117B01E4
:106EE0007A017930E9F549EAF548E4F547F546E4F1
:106EF0002549F561E43548F560E5473401F55FE47F
:106F00003546F55E7F207E801226FF22E4FF900149
:106F1000A0E01470030211391470030211712402ED
:106F2000600302122930294C9001A3E06003021291
:106F300029A3E06003021229A3E06003021229A33F
:106F4000E06003021229A3E0600302122920330348
:106F50000212299001A2E024CF600B046003021208
:106F600029D22F0211AAD2310211AA02122902112A
:106F7000AA0211AA9001A2E064026003021229A3EE
:106F8000E06003021229A3E060030212299001A627
:106F9000E06003021229A3E060030212297F01804E
:106FA000712029030212299001A2E0600302122934
:106FB000A3E06003021229A3E060030212299001FA
:106FC000A6E06003021229A3E060030212299001E7
:106FD000A5E030E03D803B80399001A2E0600302F3
:106FE0001229A2AF9232C2AF9001A4E090801CF0AF
:106FF000A3E4F0A3F0A3F0A23292AFA2AF9232C208
:10700000AF9080287402F0A3E4F0A3F0A3F0A232C2
:1070100092AFEF60789001A5E024FE602414603BFD
:1070200014605224037066A2AF9232C2AF908008FF
:10703000E4F0A37402F0A3E4F0A3F0A23292AF80D4
:107040004CA2AF9232C2AF908008E4F0A37406F075
:10705000A3E4F0A3F0A23292AF8032A2AF9232C288
:10706000AF908008E4F0A3740AF0A3E4F0A3F0A2C8
:107070003292AF8018A2AF9232C2AF908008E4F093
:10708000A3740EF0A3E4F0A3F0A23292AF1224682E
:10709000221228B0228F3C908004E0FFC45407FFE6
:1070A00024FE600A146007147006D2298002C229E7
:1070B000A2AF9224C2AF90801CE4F0A3F0A3F0A38F
:1070C000F0A22492AFA2AF9224C2AF90802C74FFA2
:1070D000F0A3F0A3F0A3F0A22492AFA2AF9224C237
:1070E000AF9080287401F0A3E4F0A3F0A3F0A224F1
:1070F00092AF908028E020E0F9E53C607130291BD8
:10710000A2AF9224C2AF9080247401F0A3E4F0A354
:10711000F0A37402F0A22492AF801AA2AF9224C20C
:10712000AF9080247401F0A3E4F0A37440F0A3E4D2
:10713000F0A22492AFA2AF9224C2AF908034749197
:10714000F0A37450F0A3E4F0A3F0A22492AF7B016B
:107150007A0179A8E9EAE429F545E43AF544E4340A
:1071600001F543E433F5427F207E8012273FA2AF32
:107170009224C2AF90801C7480F0A3E4F0A3F0A32B
:10718000F0A22492AFA2AF9224C2AF90802804F064
:10719000A3E4F0A3F0A3F0A22492AF908028E02013
:1071A000E0F9E53C606930291BA2AF9224C2AF90A0
:1071B00080247401F0A3E4F0A3F0A37402F0A224ED
:1071C00092AF801AA2AF9224C2AF9080247401F0D3
:1071D000A3E4F0A37440F0A3E4F0A22492AFA2AF22
:1071E0009224C2AF9080347480F0A37450F0A3E472
:1071F000F0A3F0A22492AFA2AF9232C2AF90803C33
:1072000004F0A3E4F0A304F0A3E4F0A23292AF22CE
:10721000E4F561F560F55FF55E7F1C7E801226FF68
:1072200078AB121A368F238E228D218C20201803E2
:1072300002149D9001A0E05460706BA3E024D06024
:10724000601460592431B40C0040030214F9901307
:10725000EDF82828730214110214150214F902140F
:10726000190214F902141D0214210214F902142542
:1072700002142902142D021431121AB122122073A1
:10728000221210A42212293E221208802212216802
:107290002212239722122401221229932212000D76
:1072A000221227FB22229001A0E0FF54606440706C
:1072B00032A3E07010EF30E706E4FF1205AC22E4E1
:1072C000FF12177D229001A1E0640160030214F90E
:1072D0009001A0E030E7067F011205AC227F011289
:1072E000177D229001A0E0546064207074A3E070C8
:1072F000109001A6E0700AA3E07006D22212246862
:10730000221228B022301A5330204C788AE624FE0C
:10731000600F14601524027014E4FFFE120D5E80ED
:107320000C7F017E00120D5E8003122A1C7E017FFD
:10733000A87B017A0179A0E9EAE429F54BE43AF562
:107340004AE43401F549E433F548E4754F08F54E55
:10735000F54DF54C1220F412246822301B03122440
:107360006822C0E0C083C082C0D075D000C000C019
:1073700001C002C003C006C007D226909030E0F5DD
:1073800028909034E0F527E52830E062909005E001
:10739000752900F52A752A00F529909004E0252A20
:1073A000F52AE43529F529532903E52AAE2978037E
:1073B000C333CE33CED8F9F52A8E297E017F18C08B
:1073C00007FFE48F3085292FF52EF52D753181D0FB
:1073D00007121BA0A2AF922BC2AF9090307401F0A5
:1073E000A3E4F0A3F0A3F0A22B92AF432701E5287A
:1073F00030E16290900DE0752900F52A752A00F5BC
:107400002990900CE0252AF52AE43529F5295329FD
:1074100003E52AAE297803C333CE33CED8F9F52A53
:107420008E297E017F30C007FFE48F3085292FF53C
:107430002EF52D753182D007121BA0A2AF922BC260
:10744000AF9090307402F0A3E4F0A3F0A3F0A22B6D
:1074500092AF432702E52830E705D22C432780E589
:107460002830E305D225432708E52830E405D22754
:10747000432710E52830E505D228432720A2AF9204
:107480002BC2AF909034E527F0A3E4F0A3F0A3F073
:10749000A22B92AFD007D006D003D002D001D000EB
:1074A000D0D0D082D083D0E032788F121A67000219
:1074B000800030290B7893121A67800080008009C1
:1074C0007893121A67100080007897121A670000EC
:1074D00004257B017A017958E9EAE429FFE43AFEC0
:1074E000E43401FDE433FC789B121A4F789F121AA2
:1074F000670000000078A3121A67000018117F8F40
:107500007C017D5812232C7F9B7C017D6412232CEF
:10751000788F121A67000300007B017A017970E905
:10752000EAE429FFE43AFEE43401FDE433FC789B0D
:10753000121A4F7F8F7C017D7012232C7F9B7C0160
:107540007D7C12232C788F121A67000380007B0148
:107550007A017988E9EAE429FFE43AFEE43401FD9E
:10756000E433FC789B121A4F7F8F7C017D881223B5
:107570002C7F9B7C017D9412232C787A121A670051
:107580000200007B017A017918E9EAE429FFE43A74
:10759000FEE43401FDE433FC789B121A4F7F7A7CC1
:1075A000017D1812232C7F9B7C017D2412232C78D3
:1075B0007A121A67000268007B017A017930E9EAE1
:1075C000E429FFE43AFEE43401FDE433FC789B1245
:1075D0001A4F7F7A7C017D3012232C7F9B7C017DAA
:1075E0003C12232C228F46E546600F9001A6E0B4A2
:1075F0000404A3E060131228B0229001A6E0B408AE
:1076000004A3E060041228B0227B007A00798B90FA
:1076100001A2E0900003121A039001A3E09000027F
:10762000121A039001A4E0900001121A039001A520
:10763000E01219F1D220A2AF9232C2AF90801CE4C6
:10764000F0A3F0A3F0A3F0A23292AFA2AF9232C2A5
:10765000AF9080287408F0A3E4F0A3F0A3F0A23266
:1076600092AFFFFE7D04FC788B121A42C3121A25DA
:10767000402E7FF87EFF7D7F7C00788B121A42D3EC
:10768000121A25501BE54660041228B022E4788ABD
:10769000F6788B121A36754B00754C0812224D2263
:1076A000E4FFFE7D03FC788B121A42C3121A2540B8
:1076B0002E7FF87EFF7D037C00788B121A42D31256
:1076C0001A25501BE54660041228B022E4788AF699
:1076D000788B121A36754B00754C0812224D22E534
:1076E000466010788A76027E007F187D047C001246
:1076F0001FEF22788A76017E007F187D087C0012B9
:107700001FEF224755432D5665723A180910053A66
:10771000454E441201100200000040D118029300AF
:1077200001000000010A06100200000040010009EB
:10773000023C00010100C03109073C00010100C00A
:10774000310904000006FFFFFF00070501020002E7
:1077500000070502020002000705030200020007FD
:10776000058102000200070582020002000705836E
:107770000340000104030904120110030000000982
:10778000D11802930001000000010A061003000056
:107790000009010009026000010100C00C09076036
:1077A00000010100C00C0904000006FFFFFF0007F4
:1077B00005010200040006300F0000000705020268
:1077C00000040006300F000000070503020004005B
:1077D00006300F0000000705810200040006300F8C
:1077E0000000000705820200040006300F000000C0
:1077F00007058303400001063000000400050F1652
:107800000002071002020000000A1003000C000230
:10781000000000BB010689828A83E0225002E72231
:10782000BBFE02E32289828A83E49322BB010CE53A
:107830008229F582E5833AF583E0225006E9258224
:10784000F8E622BBFE06E92582F8E222E58229F568
:1078500082E5833AF583E49322BB010689828A8319
:10786000F0225002F722BBFE01F322F8BB010DE526
:107870008229F582E5833AF583E8F0225006E9256E
:1078800082C8F622BBFE05E92582C8F222EB9FF5ED
:10789000F0EA9E42F0E99D42F0E89C45F022E6FCC9
:1078A00008E6FD08E6FE08E6FF22E6FB08E6F90822
:1078B000E6FA08E6CBF822ECF608EDF608EEF60854
:1078C000EFF622ECF0A3EDF0A3EEF0A3EFF022D060
:1078D00083D082E493F608740193F608740293F659
:1078E00008740393F6740473A8828583F0D083D060
:1078F00082121A97121A97121A97121A97E473E4BF
:1079000093A3C583C5F0C583C8C582C8F0A3C5834A
:10791000C5F0C583C8C582C8229001A3E0FF9001CD
:10792000A2E04FFF9001A5E04FFF9001A7E04F605C
:1079300003021B9C9001A6E064026003021B9C9062
:1079400001A0E0247F604B14605124026003021BFD
:107950009C9001A4E06003021B9C30210890001859
:107960007401F08005E4900018F030291E302F07D4
:10797000900018E04404F0303107900018E044080B
:10798000F0302307900018E04410F0E4900019F064
:10799000803BE4900018F0A3F08032A2AF9232C294
:1079A000AF9001A4E090801CF0A3E4F0A3F0A3F05A
:1079B000A23292AF90802CE030E108900018740160
:1079C000F08005E4900018F0E4900019F0A2AF9266
:1079D00032C2AF90801CE4F0A3F0A3F0A3F0A23277
:1079E00092AFA2AF9232C2AF9080287408F0A3E4A5
:1079F000F0A3F0A3F0A23292AF7E007F187D02FCCC
:107A0000121F69221228B0228F828E83302914E53A
:107A100030F530E52FF52FE52EF52EE52D4480F5D8
:107A20002D8012E530F530E52FF52FE52EF52EE50A
:107A30002D4410F52D7B007A00792DAE83AF82EFB7
:107A40002404FFE43EFE9000031219C48F828E834B
:107A5000F09000021219C48F828E83A3F09000016F
:107A60001219C48F828E83A3A3F01219AB8F828E5A
:107A700083A3A3A3F090801CE0FFA2AF922BC2AF20
:107A8000E531F0A3E4F0A3F0A3F0A22B92AFE5312F
:107A9000247E601D047032A2AF922BC2AF9080385A
:107AA000E4F0A3F0A37402F0A3E4F0A22B92AF8061
:107AB00018A2AF922BC2AF908038E4F0A3F0A37469
:107AC00004F0A3E4F0A22B92AFA2AF922BC2AF902E
:107AD000801CEFF0A3E4F0A3F0A3F0A22B92AF225E
:107AE0008F828E83302914E541F541E540F540E56C
:107AF0003FF53FE53E4480F53E8012E541F541E526
:107B000040F540E53FF53FE53E4410F53E7B007A09
:107B100000793EAE83AF82EF2404FFE43EFE900086
:107B2000031219C48F828E83F09000021219C48F41
:107B3000828E83A3F09000011219C48F828E83A3DA
:107B4000A3F01219AB8F828E83A3A3A3F0E5422486
:107B50007E601C047031A2AF9224C2AF908038E4E2
:107B6000F0A3F0A37402F0A3E4F0A22492AF22A247
:107B7000AF9224C2AF908038E4F0A3F0A37404F075
:107B8000A3E4F0A22492AF22A2AF9232C2AF9080BF
:107B90001CEFF0A3E4F0A3F0A3F0A23292AFA2AFE7
:107BA0009232C2AF9080247407F0A3E4F0A3744033
:107BB000F0A3E4F0A23292AFA2AF9232C2AF9080B3
:107BC000347480F0A3E4F0A37408F0A3E4F0A232CC
:107BD00092AF7B017A007910E9EAE429FFE43AFEEA
:107BE000E43401FDE433FC787A121A4F787E121ADD
:107BF00067000000047882121A67000004257F7A6B
:107C00007C017D4812232C7B017A017948E9EAE462
:107C100029F561E43AF560E43401F55FE433F55E9B
:107C20007F207E801226FF22A2AF9232C2AF9080C8
:107C30001C7480F0A3E4F0A3F0A3F0A23292AFA2F0
:107C4000AF9232C2AF78A7121A368F238E228D21BF
:107C50008C20A23292AF201A03301B62A2AF923264
:107C6000C2AF9080287420F0A3E4F0A3F0A3F0A2A8
:107C70003292AFA2AF9232C2AF90801CF0A3F0A3B9
:107C8000F0A3F0A23292AF7B017A0179A8E9EAE48D
:107C900029F561E43AF560E43401F55FE433F55E1B
:107CA0007F207E801226FFA2AF9232C2AF90803832
:107CB0007401F0A3E4F0A3F0A3F0A23292AF227813
:107CC0007FE4F6D8FD7581AE021E9E0225DBE493AB
:107CD000A3F8E493A34003F68001F208DFF48029BF
:107CE000E493A3F85407240CC8C333C4540F4420AE
:107CF000C8834004F456800146F6DFE4800B01029D
:107D0000040810204080902910E47E019360BCA3F9
:107D1000FF543F30E509541FFEE493A360010ECFEA
:107D200054C025E060A840B8E493A3FAE493A3F814
:107D3000E493A3C8C582C8CAC583CAF0A3C8C582D4
:107D4000C8CAC583CADFE9DEE780BE908004E0FFD1
:107D5000C454076016E50945087075F508750901F2
:107D60009001C0121A800000000022E4F508F50915
:107D70009001C0E0FCA3E0FDA3E0FEA3E02401FF2E
:107D8000E43EFEE43DFDE43CFC9001C0121A5B7F42
:107D9000A07EBB7D0D7C009001C0E0F8A3E0F9A3BC
:107DA000E0FAA3E0FBD3121A2540259001C0121A75
:107DB0008000000000A2AF9232C2AF908000E4F0D9
:107DC000A37480F0A3E4F0A3F0A23292AF1224CC0B
:107DD00022AB05AA04E4EFEEE42FFFE43EFEE43418
:107DE00001FDE433FC787A121A4FAE02AF03E4FCD3
:107DF000FD787E121A4F7882121A67000004257FE0
:107E00007A7C007D0012232CA2AF9232C2AF908008
:107E10001C7480F0A3E4F0A3F0A3F0A23292AF7B35
:107E2000017A007900E9EAE429F561E43AF560E4D1
:107E30003401F55FE433F55E7F207E801226FFA2D9
:107E4000AF9232C2AF908038E4F0A3F0A304F0A365
:107E5000E4F0A23292AF22AB05AA04E4EFEEE42FE5
:107E6000FFE43EFEE43401FDE433FC787A121A4F5D
:107E7000AE02AF03E4FCFD787E121A4F7882121A2C
:107E800067000004257F7A7C017DA812232CA2AF15
:107E90009232C2AF90801CE4F0A3F0A3F0A3F0A252
:107EA0003292AF7B017A0179A8E9EAE429F561E42D
:107EB0003AF560E43401F55FE433F55E7F207E80BF
:107EC0001226FFA2AF9232C2AF9080387401F0A3A5
:107ED000E4F0A3F0A3F0A23292AF229001A0E0243C
:107EE000FE603B2402707130296E9001A3E070683F
:107EF000A3E07064A3E07060A3E0705CA3E070583E
:107F00003033559001A2E024CF600704704AC22F9D
:107F10008042C231803E8040803A80388036900175
:107F2000A2E07034A2AF9232C2AF9001A4E0908080
:107F30001CF0A3E4F0A3F0A3F0A23292AFA2AF92A0
:107F400032C2AF9080287404F0A3E4F0A3F0A3F051
:107F5000A23292AF122468221228B0228E468F4796
:107F60007B007A0079489000031219C48F828E83B7
:107F7000F09000021219C48F828E83A3F09000014A
:107F80001219C48F828E83A3A3F01219AB8F828E35
:107F900083A3A3A3F07A00794CEF2404FFE43EFE10
:107FA0009000031219C48F828E83F0900002121980
:107FB000C48F828E83A3F09000011219C48F828E29
:107FC00083A3A3F01219AB8F828E83A3A3A3F02205
:107FD0009001A3E0FF9001A2E04FFF9001A4E04FC9
:107FE000FFA3E04FFF9001A7E04F60041228B022EA
:107FF0009001A6E0640160041228B022303308909A
:1080000000187401F08005E4900018F0A2AF9232DD
:10801000C2AF90801CE4F0A3F0A3F0A3F0A23292D0
:10802000AFA2AF9232C2AF9080287408F0A3E4F000
:10803000A3F0A3F0A23292AF7E007F187D01FC1264
:108040001F6922787A121A4FAE5AAF5BE4FCFD78B2
:108050007E121A4F7882121A67000004257F7A7CFC
:10806000007D0012232CA2AF9232C2AF90801C740C
:1080700080F0A3E4F0A3F0A3F0A23292AF7B017AE8
:10808000007900E9EAE429F561E43AF560E43401B5
:10809000F55FE433F55E7F207E801226FFA2AF926B
:1080A00032C2AF908038E4F0A3F0A304F0A3E4F070
:1080B000A23292AF22787A121A4FAE4BAF4CE4FC48
:1080C000FD787E121A4F7882121A67000004257F0D
:1080D0007A7C017DA812232CA2AF9232C2AF90808D
:1080E0001CE4F0A3F0A3F0A3F0A23292AF7B017ADC
:1080F0000179A8E9EAE429F561E43AF560E434019C
:10810000F55FE433F55E7F207E801226FFA2AF92FA
:1081100032C2AF9080387401F0A3E4F0A3F0A3F072
:10812000A23292AF228B3C8A3D893E8F428E418D96
:10813000408C3F7B007A00793F8B438A448945908D
:1081400000031219C4AB3CAA3DA93E1219F1AB437E
:10815000AA44A9459000021219C4AB3CAA3DA93E0D
:10816000900001121A03AB43AA44A94590000112E2
:1081700019C4AB3CAA3DA93E900002121A03AB43BE
:10818000AA44A9451219ABAB3CAA3DA93E900003F5
:10819000121A03228F5CE4F9E9C3940C5060E924BD
:1081A00003255CF8E6FFED29F582E43CF583EFF06A
:1081B000E92402255CF8E6FFE92401FBE433FAED4B
:1081C0002BF582EC3AF583EFF0E904255CF8E6FF45
:1081D000E92402FBE433FAED2BF582EC3AF583EF68
:1081E000F0E55C29F8E6FFE92403FBE433FAED2B24
:1081F000F582EC3AF583EFF0740429F9809A229025
:1082000001A2E0603A12252CD230A2AF9232C2AF66
:108210009080007401F0A3E4F0A3F0A3F0A23292E6
:10822000AF122838A2AF9232C2AF9080007402F031
:10823000A3E4F0A3F0A3F0A23292AFD233801E12D7
:1082400029FDD230A2AF9232C2AF9080007401F00B
:10825000A3E4F0A3F0A3F0A23292AFC233122468D9
:10826000303303D2A822C2A8229001A3E0FF9001DC
:10827000A2E04FFF9001A4E04FFFA3E04FFF900169
:10828000A7E04F60041228B0229001A6E0640160CC
:10829000041228B022E4900018F0A2AF9232C2AFCC
:1082A00090801CF0A3F0A3F0A3F0A23292AFA2AF93
:1082B0009232C2AF9080287408F0A3E4F0A3F0A338
:1082C000F0A23292AF7E007F187D01FC121F69225E
:1082D000A2AF9232C2AF90801CE4F0A3F0A3F0A34F
:1082E000F0A23292AFA2AF9232C2AF90802874282F
:1082F000F0A3E4F0A3F0A3F0A23292AF7B017A01E5
:1083000079A8E9EAE429F561E43AF560E43401F595
:108310005FE433F55E7F207E801226FFA2AF9232AB
:10832000C2AF9080387401F0A3E4F0A3F0A3F0A2F0
:108330003292AF229001BC121A80000000007FE050
:108340007E937D047C009001BCE0F8A3E0F9A3E0FB
:10835000FAA3E0FBC3121A2550219001BCE0FCA354
:10836000E0FDA3E0FEA3E02401FFE43EFEE43DFDCA
:10837000E43CFC9001BC121A5B80C3A2AF9232C2F3
:10838000AF908000E4F0A37440F0A3E4F0A3F0A267
:108390003292AF22A2AF9232C2AF909050E4F0A3DB
:1083A0007404F0A3E4F0A3F0A23292AFA2AF923231
:1083B000C2AFA3F0A37404F0A3E4F0A3F0A232923E
:1083C000AFA2AF9232C2AFA3F0A37404F0A3E4F063
:1083D000A3F0A23292AFA2AF9232C2AF90903474A7
:1083E0007CF0A3E4F0A3F0A3F0A23292AF2290803D
:1083F00005E030E2F9A2AF9232C2AF908000E4F023
:10840000A37480F0A3E4F0A3F0A23292AFA2AF92E3
:1084100032C2AF908000F0A304F0A3744AF0A374BA
:108420000AF0A23292AFA2AF9232C2AF908014741F
:10843000FFF0A3740BF0A37437F0A37407F0A2321B
:1084400092AF22758E01756105756010755F0975B3
:108450005E187F407EA31226FF90A30EE030E30457
:10846000C2218002D221122676C23312258612261C
:108470002FD22A1224CC75A884302605C226120BCE
:1084800021302E05C22E1213A8302D05121DC0C298
:108490002D121EE380E322E4FFFE7E017F009000A8
:1084A00018E4F0A3DFFCDEFA7B017A0179A0E9EAA7
:1084B000E429FFE43AFEE43401FDE433FC787A1267
:1084C0001A4F787E121A67000000087882121A6725
:1084D000000004257F7A7C017DA812232C22A2AF04
:1084E0009224C2AF90A3147404F0A37480F0A3E4A8
:1084F000F0A3F0A22492AFA2AF9224C2AF90A31433
:108500007404F0A3E4F0A3F0A3F0A22492AFA2AF0E
:108510009224C2AF90A314F0A3F0A3F0A3F0A2247E
:1085200092AF228E488F498C4A8D4B8A4C8B4DE4FA
:10853000F54EF54FC3E54F954DE54E954C5027E56B
:1085400049254FF582E548354EF583E493FFE54B29
:10855000254FF582E54A354EF583EFF0054FE54F9F
:108560007002054E80CE227B007A00795EA2AF9227
:1085700032C2AF9000031219C48F828E83F0900034
:10858000021219C48F828E83A3F09000011219C4C5
:108590008F828E83A3A3F01219AB8F828E83A3A345
:1085A000A3F0A23292AF227B007A007942A2AF926E
:1085B00032C2AF9000031219C48F828E83F09000F4
:1085C000021219C48F828E83A3F09000011219C485
:1085D0008F828E83A3A3F01219AB8F828E83A3A305
:1085E000A3F0A23292AF227B007A0079568F828E5E
:1085F00083E0900003121A038F828E83A3E0900021
:1086000002121A038F828E83A3A3E0900001121A34
:10861000038F828E83A3A3A3E01219F1AF59AE5842
:10862000AD57AC56227B007A0079408F828E83E072
:10863000900003121A038F828E83A3E0900002122F
:108640001A038F828E83A3A3E0900001121A038F76
:10865000828E83A3A3A3E01219F1AF43AE42AD41D2
:10866000AC4022A2AF9232C2AF90801CE4F0A3F0E3
:10867000A3F0A3F0A23292AFA2AF9232C2AF908029
:10868000287408F0A3E4F0A3F0A3F0A23292AFD2D2
:1086900020788A76037E007F187D06FC121FEF2269
:1086A0001216417F01120F1A7F02120F1A7F031256
:1086B0000F1A7F81120F1A7F82120F1A7F83121DE9
:1086C00020A2AF9232C2AF90803C740FF0A3E4F0CE
:1086D000A3740FF0A3E4F0A23292AF22A2AF9232C1
:1086E000C2AF90801CEFF0A3E4F0A3F0A3F0A2329D
:1086F00092AF7F247E8012277FEF54FEF549EEF57E
:1087000048EDF547ECF5468549618E608D5FF55E75
:108710007F247E801226FF22A2AF9232C2AF9080C9
:108720001CE4F0A3F0A3F0A3F0A23292AFA2AF92A8
:1087300032C2AF9080287402F0A3E4F0A3F0A3F05B
:10874000A23292AF122468227F1C7EA31227BD8F13
:108750003F8E3E8D3D8C3CE53F54FCFFE53EE53DC4
:10876000E53CEF4402F545EEF544EDF543ECF5420A
:108770007F1C7EA312273F22020800004401C00094
:10878000000000C12EC12DC126C120C129C125C1B3
:1087900027C128C12CC12AC133C122C130C1A1C106
:1087A0002FC131C123009001A2E025E0FFE433FE98
:1087B000EF4401FFE48F498E48F547F5468F618EFF
:1087C0006085475F85465E7F087E801226FF122403
:1087D00068227F1C7EA31227BD8F3F8E3E8D3D8C6D
:1087E0003CE53F4403F545E53EF544E53DF543E50D
:1087F0003CF5427F1C7EA312273F229001A3E0FF9D
:108800009001A2E04FFF9001A4E04FFFA3E04FFFD3
:10881000A3E04FFFA3E04F60041228B022122468A7
:1088200022E41219F1ED25E025E0900001121A036F
:10883000EDC413135403900002121A039000037442
:1088400080121A03220002040408080808101010FD
:108850001010101010202020202020202020202068
:1088600020202020207F011228747F021228747F8C
:10887000031228747F811228747F821228747F83E8
:1088800012287422C22022001F2A0000BB110300FC
:10889000DBBF0100B1BF0100B3BF0100BDBF0100DC
:1088A00000000000000000000000000000000000C8
:1088B00000000000F1780200CCAA002000000000B7
:1088C0001859030038590300F8580300000000004D
:1088D0000000000000000000000000000000000098
:1088E0000000000000000000000000000000000088
:1088F0000000000000000000000000000000000078
:108900000000000000000000000000000000000067
:10891000000000000000000000000000FF00000058
:108920004300000000000000000000000000000004
:108930000000000000000000000000000000000037
:1089400043000000000000000000000000000000E4
:108950000000000000000000000000000000000017
:1089600043000000000000000000000000000000C4
:1089700000000000000000000000000000000000F7
:1089800043000000000000000000000000000000A4
:1089900000000000000000000000000000000000D7
:1089A0004300000000000000000000000000000084
:1089B00000000000000000000000000000000000B7
:1089C0004300000000000000000000000000000064
:1089D0000000000000000000000000000000000097
:1089E0004300000000000000000000000000000044
:1089F0000000000000000000000000000000000077
:108A000021C2020049B5020000000000F457030033
:108A1000CF3F0300BB110300BB110300BB110300D8
:108A2000BB110300BB110300BB110300BB1103000A
:108A3000BB110300BB110300FFFFFFFFFFFFFFFFA0
:108A4000FFFFFFFFFFFF00000100415343494900C2
:108A50000000000000000000000000000000000016
:108A6000000000000000000000004153434949009D
:108A700000000000000000000000000000000000F6
:0C8A8000000000000000000000000000EA
:020000020000FC
:020000042024B6
:10000000F7B500224FF0FF3320201146019300F096
:1000100097F9064698B143227D4900F0EFF94FF475
:10002000FA737C4FF36100237B4C3B703B7843B108
:10003000304600F0D5F9794B186808F045FE03B05A
:10004000F0BD6946304600F009FB05460028EDD1B9
:10005000034600984FF401726F49006803F0E0FA1C
:10006000009801F0F9F894F8F230012B0FD0032B2F
:10007000DCD16B49022301F58A7223700B78FF2BC8
:1000800003D0322B56D0914250D3002153E00223AB
:1000900040F2131229466248237008F0E9FD614BD3
:1000A000042261491B886148CB7008F0F1FD0422ED
:1000B0005F49604808F0ECFD03225F49584808F0AA
:1000C000E7FD06225D495E4808F0E2FD06225D4933
:1000D0005D4808F0DDFD06225C495D4808F0D8FD6A
:1000E00006225C495C4808F0D3FD062304225B49E4
:1000F0005B4884F8053108F0CBFDFF2384F80F310D
:1001000001F09EF84FF48871009001F0B7F84FF4B9
:100110008872214608F0BCFD442301AA00993046AC
:1001200000F0ACF9009801F097F87FE74B780233C4
:100130001944A3E7023104223C4808F0A9FD40F22B
:1001400013120021364808F093FD0422384939483B
:1001500008F09EFD344B334D1B682A889BB243EA5E
:100160000263120202F47F02134322699A424FF0A3
:1001700003021AD03B492A4808F08AFD06222F497B
:100180002F4808F085FD04220021284808F070FD62
:100190002D4AFF2302F8013B151B01F051F8009096
:1001A000A9B201F06BF82A46B3E72F491C4808F0C2
:1001B0006FFD06222149224808F06AFD06222149E6
:1001C000214808F065FD06222049214808F060FD1D
:1001D00006222049204808F05BFD062304221F491F
:1001E0001F4884F8053108F053FD2B885A1C91B242
:1001F000D2B2FF2A0ABF663329802B802B881A0AC5
:10020000FF2A1A4A04BF03F500732B80C1E700BF21
:100210009C94242048920120449001204C9201207B
:1002200034910120549201205092012054900120D9
:100230000B8D242030910120128D24205692012014
:10024000379101201B8D24203D9101202B8D2420EE
:1002500043910120158D242049910120218D2420D6
:100260004F9101200F8D2420088D242053910120CF
:100270002DE9F341154BC0F30746C0F307275FFA9A
:1002800080F800229E7083F8008004465F70DA7068
:1002900033020F4D64330F4A0F492846138006225C
:1002A00008F0F6FCC822230E0C490D486B710D4B6B
:1002B00085F8028001930323EF70009323462E718B
:1002C00008F012FD02B0BDE8F08100BF509201209D
:1002D0005692012054920120258D24203C8D24200B
:1002E000010024204C920120FA230A6810B50C3238
:1002F0000B710C4601F0ECF808B994F9040010BD3C
:1003000000B589B050B90B4808F0FAFC0A4808F06B
:10031000F7FC6FF00F0009B05DF804FB2923009093
:100320008DF80810694605488DF80930FFF7DCFFA5
:10033000F1E700BF488D24209AB02420AD1124207D
:1003400030B50D4689B0114600F0C2FD044648B3F1
:100350000090694615488DF80850FFF7C5FF08B3AF
:10036000636813B1124807F067F8236913B911489D
:1003700007F062F8636913B10F4807F05DF8E368AE
:1003800004F10C0513B90D4807F056F8284607F09C
:10039000A3F904F1100007F08BF821460024072090
:1003A00002F014FD204609B030BD00BF710E2420BC
:1003B000648D2420858D24209A8D2420BB8D2420BB
:1003C00000B589B038B129230090694603488DF8FB
:1003D0000930FFF789FF09B05DF804FB2D102420D8
:1003E00038B5054640B1FFF7EBFF044610B9284683
:1003F00000F0AEFD204638BD0446FBE700B589B0ED
:1004000050B90C4808F07CFC0B4808F079FC6FF000
:100410000F0009B05DF804FB084B0090002908BFED
:1004200019460748ADF80C2002916946FFF75CFFBA
:10043000EFE700BFD48D24209AB024209C94242080
:100440000511242000B589B050B9094808F058FCBE
:10045000084808F055FC6FF00F0009B05DF804FB88
:100460000090029169460448FFF73EFFF5E700BFA0
:10047000138E24209AB024203911242029B102B1EE
:1004800012688A608B81FFF7DDBF6FF0050070474F
:1004900038B5044648B107F04DF9002394F90850E7
:1004A000237207F05AF9284638BD0546FBE70000DD
:1004B000002373B504460D46019349B9344808F04A
:1004C0001FFC344808F01CFC6FF00F0002B070BD38
:1004D0000B6008B93048F2E7036933B9FFF7D8FF7A
:1004E0000028F3D16FF00A00F0E794F8283002F00A
:1004F0000402103003F00303134302D194F90830CF
:1005000013B301A907F058F8013011D023780198EE
:1005100003F0F003102B33D10DF1030100F086FC42
:10052000D8B19DF9030010F10F0F08BF0020CDE7EF
:100530002046FFF7ADFF0028C8D194F82830DB072C
:10054000D0D46FF00600C1E7E26901A907F00AF80C
:100550000130DBD16FF00200B8E7019B1E8907F084
:10056000E9F8636A9B1B636207F0F7F8236B1BB122
:100570003246012120469847019B00202B60A5E7C9
:1005800010B9064806F058FF019B1B68E6E700BF5C
:100590002E8E24209AB024204C8E2420678E242076
:1005A0000369F0B5044689B00F461646002B4BD0C0
:1005B00090F9285090F82830002D13DA03F07F03CB
:1005C00080F82830236B1BB1002201212046984778
:1005D000636893BB2046FFF75BFF051E08BF6FF003
:1005E0000D051EE0FFF764FF0546D0B932073F68EE
:1005F0000CD4CFB13A89237803F0F003102B15D037
:10060000134808F07DFB134808F07AFB4FB9F30656
:10061000D8D594F828306FF0060563F07F0384F88E
:100620002830284609B0F0BD0122E4E769460A48AF
:1006300000940292FFF758FEE8E7012120466FF090
:100640000E05FFF75DFEECE76FF00A05E9E700BF76
:10065000EF8D24209AB0242075112420F7B504468C
:100660000E4651B91D486FF00F0408F049FB1C48B5
:1006700008F046FB204603B0F0BD00270F6008B924
:100680001848F0E7037803F0F003102B21D106207F
:10069000019702F083FB0546C0B120463A4601A906
:1006A000FFF77EFF044620B12946062002F08EFBAC
:1006B000E0E7019B13B90C4806F0BEFE019BC5E9BB
:1006C00000330023AB81AB603560D3E74FF0FF34DC
:1006D000D0E73A46FFF7ECFE0446CBE72E8E242007
:1006E0009AB024204C8E2420739A242007B501460A
:1006F0004068019003F0E8F90198094903F0ECF92A
:100700000198084903F0FAF901980222064903F01A
:1007100023FA0649019803B05DF804EB03F0FEB933
:10072000650B2420C90D2420F50A24200D0C24205B
:100730002DE9F74F8846044610B97B4806F07CFE49
:100740006378012B02D0794806F076FEE36A13B98C
:10075000774806F071FE636813B9764806F06CFEC0
:10076000E36AD3E905329A4202D3734806F064FE85
:10077000E36A9B8913B9714806F05EFEE36A94F858
:10078000287093F81CA007F00207DFF8B4B10AF054
:1007900004021743D4F82C90D9F80820D9F8100097
:1007A000536811681D1A62680144B5F5803FB2F8BC
:1007B00064602ABF4FF6FF7C1FFA85FC4AF0020AEC
:1007C000B44575D9002F38D0002E38D1D9F818305B
:1007D000002B0CBF6FF006050025E36AD3E9053254
:1007E0009A4272D2236B1BB1002203212046984704
:1007F00094F8283043F0100384F82830002D79D184
:10080000E36AD3E905329A4272D0003F18BF01274C
:10081000606805F007FF04307ED16FF00305E36ADE
:100820001D7100251868E5626570B8F1000F79D078
:100830000C3006F04FFF284666E04AF0020A3044CA
:10084000834204D25846019106F0F6FD01994FF615
:10085000FF739E4202D1B5F5803F06D2ADB2B542DC
:1008600028D1E26A9289012A24D94AF0020A4FF07B
:10087000010953463246606805F0B4F90546E0B90F
:10088000E16A8A69886832448A610A691644426862
:1008900096420E6107D18A89013A92B28A8112B1D9
:1008A00008300D618860B9F1000F7FF473AF0AE082
:1008B0006646C4E74FF00009DBE7431CDBB2012BBF
:1008C000ADD84FF0FF35002F87D1636841F21C127D
:1008D000B3F86410914203D9B3F86630082B8DD970
:1008E000236B002B8AD0002203212046984785E7FE
:1008F00001278DE76B1C92D1606805F093FE0430F0
:100900008BD027B94FF0FF3003B0BDE8F08FE36A1A
:100910009B6923B1002582E7002FFBD1F2E76FF03E
:1009200006057CE74046EFE7738E2420808E242066
:100930009D8E2420B78E2420CD8E24200C8F242041
:10094000348F24202DE9F84F8946044610B96048B9
:1009500006F072FD237803F0F003102B02D05D48FF
:1009600006F06AFD6378042B02D05B4806F064FD54
:10097000636813B9594806F05FFDE36A13B9584834
:1009800006F05AFDE36A65681B7A032B03F0010A3F
:1009900003F002080FD0BAF1000F05D02B7D5A1FCB
:1009A000012A08D9082B06D0B8F1000F16D06F8B9A
:1009B00017F0100704D001270021284603F084F81F
:1009C0002B7D012B0CD10021284603F0B9F827BB61
:1009D00042465146284603F0A7FC21E04746EFE790
:1009E000BAF1000F07D00021284603F075F8002166
:1009F000284603F0A5F8B8F1000F03D000212846DF
:100A000003F07CF8002FE3D000222846114603F0C3
:100A1000A3F80021284603F081F8284603F0AEFB36
:100A2000064660B1431C0AD1E36A93F809B0BBF1F2
:100A3000000F30D11FB15E46284603F029FDE36A5E
:100A40001D681E710023E3626370CEB937B1236B5A
:100A500066601BB13246042120469847BAF1000F68
:100A600005D0236B1BB10022204611469847B8F1F0
:100A7000000F05D0236B1BB10022022120469847AE
:100A8000B9F1000F22D0002605F10C0006F022FE7D
:100A90003046BDE8F88F2B7D012B02D1114806F0BE
:100AA000CBFCB8F1000F03D00F49284603F026F81D
:100AB000012228460D4903F04FF828460C4903F05F
:100AC0002DF82146284602F0FFFFE1E74E46DFE71A
:100AD000218E24205F8F24207D8F2420A18F24202D
:100AE0009D8E2420B48F2420C90D2420F50A2420B3
:100AF0000D0C242010B5044610B9194806F09CFCD2
:100B0000617801291ED12046FFF712FE94F82830A3
:100B1000DA0615D562689AB1B2F8640041F21C1188
:100B200088420DD9B2F86620082A09D823F01003AC
:100B300084F82830236B1BB10022022120469847FD
:100B4000002010BD0429E1D1E26A1AB1537A0BB139
:100B5000013B537201212046FFF7F4FED6E700BFA8
:100B6000738E2420F8B5054616461C460F4611B96B
:100B7000214806F061FC65BB204806F05DFC4CBBDB
:100B80006FF005042046F8BD3846318902F04EFF6B
:100B9000304602F047FBF5E7AEB13789314605F143
:100BA000100006F0ADFC044680B906F0C3FD6B6A88
:100BB0003B446B6206F0D1FD2B6BDBB13A4621461C
:100BC00028469847DEE70E4E0027E7E74FF0FF3450
:100BD000D8E724B10B4806F02FFC002DD0D06B686D
:100BE000BB4202D0084806F027FC2C69002CD3D168
:100BF000002EC9D10024C5E7D78F2420F98F2420E7
:100C0000099224201890242030902420F8B50D4615
:100C1000044610B9384806F00FFC06F08BFD94F836
:100C200028300026677843F001032572666084F857
:100C30002830667006F091FD236B1BB1324604210B
:100C400020469847236B1BB1002220461146984747
:100C5000236B1BB1002202212046984705F10F03A8
:100C6000DBB2022B37D8254A52F82360236923B11F
:100C7000314604F1100006F043FC636923B13146AC
:100C800004F1140006F03CFC012F02D0FB1E012BE6
:100C900029D894F8283023F004025B0784F8282030
:100CA00028D4E36A13B9164806F0C6FB042FE36A9A
:100CB0000ABF00221D711A711B6803F10C05DB6865
:100CC00013B9104806F0B8FB00232846E362BDE8DC
:100CD000F84006F0FFBC25B10B48002606F0ACFB3F
:100CE000C4E72E46C2E7E36A23B10848BDE8F840EE
:100CF00006F0A2BBF8BD00BF738E2420FC91242017
:100D00009D8E24205E9024204E90242077902420D5
:100D10002DE9F041044616461F46BDF818800D46E1
:100D200011B9264806F088FBBCB9254806F084FBBB
:100D30003046BDE8F04102F075BA06F0FBFC636A8C
:100D40003B44636206F009FD236B002B33D03A4627
:100D500031462046BDE8F04118476368AB4202D0F7
:100D6000184806F069FB06F0E5FC656A06F0F5FC3C
:100D70002369002BDCD03389226A2B449342D7DCD1
:100D8000062002F00BF805460028D1D0C0E9006625
:100D900007B13F68AF60294604F11000A5F80C8048
:100DA000378906F0ADFB06460028C6D02846BDE8C8
:100DB000F04100F051BABDE8F08100BF91902420CD
:100DC000B3902420D290242038B51546044650B95B
:100DD000154806F031FB002038BD042908D1012157
:100DE000FFF7B0FD04E041780129F6D1FFF7A0FC40
:100DF0006368002BEFD0B3F8641041F21C129142EB
:100E0000E9D9B3F86630082BE5D894F8283023F0F8
:100E1000100384F82830236B002BDCD02A460221F3
:100E200020469847D7E700BF738E242038B5054683
:100E30000C4611B90A4806F0FFFA0A4B9D4203D14D
:100E4000F3230120237038BD074B9D4201D1F223CB
:100E5000F7E7064B9D4201D1F123F2E70020F2E7CC
:100E6000F0902420089224200A9224200992242021
:100E700038B50023056804460371686828BB2B78E1
:100E800003F0F003102B14D0202B1CD106F01EFA17
:100E900022686860506850B113780C49222B04BF57
:100EA0000123037406F0C2F923685B686BB9FF2362
:100EB0000AE003F0DBFB686020684368002BF6D093
:100EC000FFF714FCF0E7FA23237138BD110D24203D
:100ED00070B5054607200E4601F060FF044690B34A
:100EE000057005F0F0050023102D037243600AD051
:100EF000202D08D0154806F09FFA2146072000242F
:100F000001F064FF1FE004F110050C21284606F0F3
:100F1000B1FA01460028F0D104F10C0006F05AFBAA
:100F200018B1284606F0C4FAE7E74FF0FF336061D6
:100F30006070A3616FF00043E06184F82800C4E9A9
:100F40000B06C4E90830204670BD00BFFC90242089
:100F5000436810B5044613B10C4806F06DFA2369D6
:100F600013B10B4806F068FA636913B1094806F03B
:100F700063FA04F10C0006F0AFFB002321460720C2
:100F8000E360BDE8104001F021BF00BF22912420A2
:100F9000509124208A9124200369F7B5044663B157
:100FA00000F1100501A9284606F006FB013015D115
:100FB000284606F07DFA00232361636963B104F1DA
:100FC000140701A9384606F0F7FA013019D138465E
:100FD00006F06EFA0023636103B0F0BD2378019838
:100FE00003F0F003102B09D10DF10301FFF71EFFF1
:100FF0000028D7D1019802F015F9D3E700F02CF9B9
:10100000D0E70DF103010198FFF710FF0646002815
:10101000D7D1019D2846FFF7BFFF686810B103F0E4
:1010200037FA6E602846FFF793FFCAE7036870B58A
:101030005D7804464DB11B7803F0F003102B02D00D
:101040002D4806F0F9F9022D22D1002520682571DE
:10105000FFF7A2FF2268506860B1137803F0F00335
:10106000102B1FD0202B02D1C56106F0F5F82368A4
:1010700000225A602068036B13B100221146984782
:101080002068036B6BB100220221BDE87040184755
:10109000032D04D1236893F828305B07D5D4FB23B4
:1010A000237170BDD36A13B1144806F0C5F92068E6
:1010B00004230021437003232372C462FFF742FC20
:1010C0000028EED023685B78042B02D00C4806F091
:1010D000B3F906F061FB206800210C3006F0A8FA95
:1010E00006F044FB23685B78002BDAD00448BDE8A7
:1010F000704006F0A1B900BFC6912420DA912420E7
:10110000F5912420036810B50446586888B11B780F
:1011100003F0F003102B07D0202B0AD1A289A1687D
:1011200005F0B8FE207110BDA289A16802F000FC94
:10113000F8E76FF00500F5E710B504460068FFF723
:10114000A7F968B92368586888B11B7803F0F003E1
:10115000202B0CD1A268936811681BB906F012F815
:10116000207110BD9389083205F0D2FFF8E76FF0C7
:101170000A00F5E7F8B500230446037103685A68CE
:1011800092B11B7803F0F003102B0DD185684FF658
:10119000FF77BD422E46236828BF3E465868B1B24D
:1011A00002F044FCAD1BF4D1F8BD000010B50446BC
:1011B0000068436863B1037803F0F003102B07D194
:1011C000227A4378032A01D0022B01D0032B02D1CB
:1011D000F523237110BD012B01D1FB23F9E7D307C0
:1011E00001D5FFF7D9FE2368DB6A13B1124806F078
:1011F00023F92068042300214370C462FFF7A2FB97
:101200000028E7D023685B78042B02D00B4806F057
:1012100013F906F0C1FA206800210C3006F008FA34
:1012200006F0A4FA23685B78002BD3D00348BDE80E
:10123000104006F001B900BFDA912420F591242076
:1012400010B5062001F0AAFD044618B110220021B5
:1012500007F00EFD204610BD10B5044660B10068D1
:1012600020B101F0DFFF0023C4E90033214606204E
:10127000BDE8104001F0AABD10BD000038B50D4614
:10128000044638B90F4807F03BFD0F4807F038FD1A
:10129000204638BD006808B101F0C4FF4FF4207249
:1012A0002946542002F012F820600028F1D043892A
:1012B000AB4202D2054806F0BFF823685868636065
:1012C000E7E700BF0B9224209AB024202592242027
:1012D0001FB5C36902938369019343690093D0E901
:1012E0000323D0E9010101F001FE00280CBF6FF0DB
:1012F0000B00002005B05DF804FB10B5C468034680
:1013000040681CB12346BDE8104018479B689847C9
:10131000204610BD10B50D4C88B0002A08BF2246EB
:10132000002B08BF2346002908BF2146CDE903232F
:101330000A9B05930B9BCDE90101069369460C9B23
:101340000348079300F0D0F808B010BD9C94242007
:10135000D112242000B589B0CDE9010169460348C6
:10136000039200F0C1F809B05DF804FBFB122420E1
:1013700001F058BF07B506F021FA06F0F7F9264B41
:101380001B6813B1254A10689847254D06F01EFAD0
:1013900005F05CFC431C04460ED106F0FDF900226A
:1013A00001A9284606F0DEF806F0E0F9019CA4B990
:1013B0001C4806F041F8E9E710B905F023FCE5E721
:1013C00006F0EAF9224601A9284606F0CBF80446C1
:1013D00006F0CCF90134F0D0E8E72378012B10D0E7
:1013E000022B14D0002BE3D16068D4E90213984794
:1013F00010B1606801F016FF2146092001F0E6FCFB
:10140000C4E7D4E90130984721460820F6E7D4E93B
:1014100001309847BAE700BF609201206492012032
:101420006892012049922420F8B50F4B07460E46DA
:1014300015461B6813B90D4805F0FEFF092001F0A1
:10144000ADFC044668B100230146C5600370C0E9E5
:101450000176054806F054F828B12146092001F02C
:10146000B5FC4FF0FF30F8BD689201206792242050
:1014700091F82D3013F0180F14BF024A024AFFF7FB
:10148000D3BF00BF09732420912024200E4B1B687A
:1014900070B506460D4613B90C4805F0CDFF08207F
:1014A00001F07CFC044660B1012301460370C0E9F1
:1014B0000165054806F024F828B12146082001F00E
:1014C00085FC4FF0FF3070BD6892012067922420A8
:1014D00013B50446019106F049F90198A04706F0BA
:1014E0005BF9002002B010BD13B50446019106F06F
:1014F0003DF90198A047019006F04EF9019802B01D
:1015000010BD000037B505460C4600F0C2F90F4B80
:1015100020210F481D600F4B1C6005F0ABFF10B180
:101520000D4805F089FF0D4806F0A4F810B10C48ED
:1015300005F082FF082300220A4900934FF48063DC
:10154000094806F0D9F803B030BD00BF6092012011
:101550006892012064920120749224205C92012000
:101560009792242075132420B89224200146014824
:10157000FFF78CBF7113242040BA80B2704700BAC5
:10158000704700002DE9F047234E4FF48877234D34
:10159000044607FB00678A4605F130084FF0000952
:1015A00010372B6843B12A7AA24205D16A685146A6
:1015B00038469847C5F800900C354545F1D14FF4B1
:1015C0008871154A002301FB0461D8B284421CD003
:1015D000907A022819D1D77BCD7BAF4215D1042355
:1015E000CB734FF4887000FB0464E37B032B0AD8B1
:1015F0000B4D55F8230005F02FFEE37B002245F844
:1016000023200423E373BDE8F087013302F58872D9
:10161000042BDAD1E5E700BFB49201207C920120CF
:101620006C9201202DE9F04F4FF4887306464E4826
:1016300087B003FB06038046DB7A012B02D94B48B7
:1016400005F0FAFE4FF48873494A7343914608EB5C
:101650000307F97A52F8214044B921463046FFF792
:1016600091FFBC72204607B0BDE8F08F03F1100473
:101670004444204607F0F4FA12304FF4207281B24D
:10168000542001F023FE0546002869D00C220021D9
:10169000013C0DEB020007F0EBFA3889FFF76CFF15
:1016A00001230C22ADF80C008DF80E304FF480733E
:1016B0000DEB02012846ADF8103001F0F3FF0C21CC
:1016C00004F1010A002253461C4613F8010B2E2890
:1016D0000ED18F184FF6FE73A4EB0A0B9F421FFA30
:1016E0008BFB0ADD28466FF0050401F09BFDB9E78E
:1016F0000028EED00132D2B2E6E72846019102F08E
:1017000065F80199BFB25A464B1C284651469BB218
:1017100002F014F8791C227889B2002AD0D1284628
:10172000023702F053F84FF0012302A9042202937A
:101730002846BBB202F002F84FF4887035232946E0
:1017400000FB06860B48F47BF27A50F8240009EB84
:10175000820205F0DDFC0446284601F063FD81E7C6
:101760004FF0FF347EE700BFB4920120C5922420E1
:10177000AC9201206C920120032838B5044602D9AE
:101780002F4805F059FE2F4D4FF4887303FB045288
:10179000927A032A4FD8DFE802F04202224505F090
:1017A00059FE284B80B20022997A022902D1198968
:1017B0008142F4D0013203F58873042AF4D14FF446
:1017C00088736343EA1808331D44022310816B8039
:1017D0000123AB802046BDE83840FFF723BF03FB61
:1017E00004531A7B013AD2B21A73C2B95A7B01323E
:1017F000D2B2042A5A7313D1DA7A32B9124A526831
:101800001AB10122DA729A81E4E700212046FFF73B
:10181000B9FE4FF48870002300FB0454A37238BD56
:101820001A73D7E76343EA58002AF2D0013AEA5024
:10183000002AEED0F3E70548BDE8384005F0FCBDCE
:10184000DD922420B4920120AC920120F792242052
:1018500070470000012804D8044B19B10A6843F806
:1018600020207047024A1268F9E700BFAC920120BD
:101870009C94242008B50020FFF77EFF0120FFF78D
:101880007BFF0220FFF778FF0320BDE80840FFF749
:1018900073BF08B501F0AAFF05F02AFF01F0E8F9CF
:1018A00001F068FA01F0F0FA05F0E4F901F0D2FF76
:1018B000FFF7CEFFBDE8084005F092B92DE9F347E8
:1018C000894692461E46074610B9304805F0B4FDD9
:1018D0004FF420721C212C20DFF8BC8001F0F6FCB4
:1018E000054648B9B8F824304FF0FF300133A8F866
:1018F000243002B0BDE8F08743891B2B02D824486E
:1019000005F09AFD6C68BDF83400FFF735FEE08005
:1019100097F82C30062B02D01E4805F08DFD31467D
:10192000062204F10800002607F0B2F906220B99FE
:1019300004F1120007F0ACF904220A9904F10E0038
:1019400007F0A6F904220C9904F1180007F0A0F999
:1019500001234A4629466370082326703846A3703F
:101960000623E67023710423637140F60603009397
:10197000534605F029FDB8F8183028460133A8F879
:10198000183001F04FFC3046B3E700BF21B22420ED
:1019900016932420479324203C80022070B51826FB
:1019A0000B4D04464643A85918B101F03BFC0023F7
:1019B000AB511823002203FB04531A755A82C3E962
:1019C0000122044A10689288D8601A8270BD00BF54
:1019D000F496012085B0242000234FF00A0C2DE955
:1019E000F74F8046019116463B4999469B46E6468D
:1019F0006546644600930A2C18B291F814A01CD1D5
:101A0000BAF1000F59D0B8F1000F09D0D8F8007022
:101A10004A68974204D1002E42D08F68B7423FD027
:101A2000BAF1010F4F8A43D10A68002A3BD0009ACD
:101A3000BA4205D88446009702E0BAF1000FE2D11D
:101A4000013318310A2BD6D1019B012B3DD10A2C31
:101A50000DD10A2D33D018231F4A6B43D35813B12D
:101A60001E4805F0E9FC2C462846FFF797FF1A4D63
:101A7000182303FB04531B7D13B1194805F0DCFC4C
:101A8000B8F1000F05D01823D8F8002003FB045349
:101A90005A601823204603FB04550023AE606B8276
:101AA00003B0BDE8F08FBB45CAD8BB468646C7E742
:101AB000B945C5D8B9460546C2E70446C0E7BEF1F8
:101AC0000A0F05D1BCF10A0F04D14FF0FF30E7E750
:101AD0007546C8E76546C6E7F4960120889324203A
:101AE0009F9324202DE9F04F0C468BB0074605F05C
:101AF0006DFE44B9574807F003F9574807F000F95D
:101B00000BB0BDE8F08F7E68544D3388B3F5807F0D
:101B100008D13379062B05D17279042A02D1738852
:101B2000082B09D02B8D01332B85EB8B0133EB83F5
:101B3000384601F077FBE3E76B8B06F10E0108A84E
:101B40000592013306F108096B8307F0A1F8059AA5
:101B500006F1180109A807F09BF86368002B5DD017
:101B6000099AD11A4A424A410592089AD01A059B0D
:101B7000D0F10008C3F1020A48EB00085FFA8AFAC4
:101B800094F82C30062B02D0354805F055FC089807
:101B9000002838D0214600F036FC069098BB089B00
:101BA00003F0F003E02B2ED02246514608A8FFF7A1
:101BB00013FF002827DB1822DFF8A8A0022102FB70
:101BC00000FB06220AEB0B03184619759C60494678
:101BD0000C30079307F05CF8069B5AF80B101A4676
:101BE000079B5A8279B14FF400634AF80B202046D4
:101BF00004F1260200934B46069105F0E5FB069999
:101C0000084601F00FFBF388B3F5807F0BD0B3F5E6
:101C1000007F8DD0AB8D0133AB8589E798464FF0BF
:101C2000020A0593ACE7059B002B81D0B8F1000FA9
:101C30007FF47EAF022204F126032046039208AA15
:101C40001946CDE90192221D00924A46FFF736FE61
:101C50006EE700BF21B224209AB024203C800220ED
:101C6000E7932420F49601201FB50246012400F1D9
:101C700026030432CDE90214044900920191194669
:101C8000034AFFF71BFE04B010BD00BF85B024203F
:101C90007FB02420F8B5134C002502260427227DAE
:101CA0006AB1638A01339BB2B3F5967F638203D234
:101CB000012A09D1042B0FD92846FFF76FFE013501
:101CC00018340A2DEBD1F8BD032A01D12775F6E7A8
:101CD000042AF4D12675F2E7211DA068FFF7C4FF9E
:101CE000EDE700BFF49601202DE9FF47224D1823B0
:101CF0000746884603FB025314461B7D012B02D87E
:101D00001E4805F099FB182204EB440607F126094A
:101D100002FB0454F600237D06F10C0A022BAA44B0
:101D20000BD1638AB3F58E7F13D904363846A919CF
:101D3000FFF79AFF08B9032323754FF400634A465F
:101D4000414638460093534605F03EFB04B0BDE8DB
:101D5000F087B3F5877FF0D3012304365246494616
:101D600003932E44064B3846029601933B1D009385
:101D70004B46FFF7A3FDDDE7F49601200B942420EA
:101D800085B024202DE9F7438846064601461546CE
:101D9000D8F8000000F037FB002873D1D8F80030E5
:101DA00003F0F002E02A6DD0002B6BD03246012107
:101DB0004046FFF711FE041E08DA1DB13D4A938C20
:101DC0000133938460B203B0BDE8F0837E2C02DD62
:101DD000394805F031FBE4B2384F182202FB047297
:101DE000137D002B61D14FF00109966082F81490A9
:101DF00041463046FFF738FF48B9182303FB047308
:101E00001A7D012A03D1B9F1000F00D15882002DAB
:101E1000D9D0182303FB0472127D012A10D9284A55
:101E200003FB04732946304614704FF400620C33F0
:101E3000009206F1260205F0C7FAC4E7A946D7E7E3
:101E4000C1D12E46DFF87C80728933899A4204D151
:101E5000336813B1404605F0EFFA337B5B0614D4C8
:101E60003668002EF0D1284601F0EAFA182303FB69
:101E700004F21E46B85808B101F0D4F974430020AA
:101E80003D51A0E76FF00F009DE72A464FF4207107
:101E90002C2001F087FC05460028E7D1054A4FF0C9
:101EA000FF30938C013393848DE7002DC6D04FF023
:101EB000FF30AEE73C8002203B942420F4960120C2
:101EC000E497012049942420F0B5044685B00E46DD
:101ED000154605F07BFC14B93D4805F0ADFA16B97E
:101EE0003C4805F0A9FA15B93B4805F0A5FA21468A
:101EF000286800F088FA002864D12B6803F0F0020B
:101F0000E02A1BD10123ADF808305E238DF80A309A
:101F10006B7803F07F038DF80B30AB788DF80C30C5
:101F2000EB788DF80D3002AB4FF40062314620465D
:101F3000009204F1260205F047FA27E06268A168E2
:101F40005A400A4209D09BB24FF6A962934204D08C
:101F5000E368002B38D004F10C05204918232048F1
:101F60000A788C4603FB0203187D012810D9996872
:101F7000A1420DD129685B68994209D11949CB8DDD
:101F80000133CB8531462046FFF7AEFE05B0F0BDEC
:101F9000134B0021187DCAB2012809D99868A042C4
:101FA00006D12F685868874202D18CF80020E9E7F3
:101FB000013118330A29EDD1324629462046FFF770
:101FC000E1FEE3E7084BAFE76FF00300DEE700BF99
:101FD00021B224208B9A2420C8932420E497012046
:101FE000F49601203C8002207FB0242008B590F8B0
:101FF0002D30014613F001030BD043684BB1074A63
:102000005069834207D000F0FEF9003818BF012064
:1020100008BD1846FCE70120FAE700BFB4810220A2
:1020200038B5044605F0D2FB164B1868A0B9164B1C
:102030001B6853B193F82D2002F00502052A04D144
:102040005A6812B122787F2A1AD1104AB2F8563053
:102050000133A2F8563038BD90F82D20D5070DD5A4
:1020600051070BD543684BB1216885684B402B4223
:10207000F1D0930702D4C3689942ECD00068D5E749
:102080001846E8E734800220308002203C8002209D
:102090002DE9F047DFF8188204460F4605F096FB5D
:1020A000B8F84A304646D4F804900133A8F84A30CC
:1020B00099F800502B09042B0FD0204601F0B2F8FC
:1020C000B8F85C300133A8F85C30B8F84E30013312
:1020D000A8F84E300020BDE8F087B9F8020005F0FE
:1020E0000F05FFF749FA23894FEA850A80468342A4
:1020F000554603D90146204601F056F96389AB42A3
:1021000004D32389434501D3132D0DD8204601F074
:1021100089F8B6F852300133A6F85230B6F84E308E
:102120000133A6F84E30D5E72946484605F0E1FBD5
:1021300040B1204601F076F8B6F850300133A6F8E9
:102140005030EBE7D9F81030574D6B6103F0F003D6
:10215000D9F80C20E02B2A611DD197F82D30DB0730
:1021600006D499F80930112B30D04FF0000803E065
:102170007B68002BF5D0B846286970B3394600F06B
:1021800042F920B92B6903F0F003E02B25D120465A
:1021900001F048F8C2E73846FFF728FF98B92B7DD1
:1021A0007F2BDED0414BD3F80080B8F1000FD8D0A0
:1021B000474502D1D8F80080F7E74046FFF716FF01
:1021C0000028F7D0D8E7002FD5D1CAE709EB0A03DA
:1021D0005B88B3F5884FC8D1B846B8F1000F08D175
:1021E000B6F84E3020460133A6F84E3001F01AF80A
:1021F00070E7B9F8063023F0C00343B1204600F081
:1022000091FA044600283FF465AFD0F80490C5F871
:10221000089051462046C5E9008799F8003003F040
:102220000F039B00AB8100F0CDFF99F80930062B1E
:1022300014D0112B06D0012B15D13946204606F0BB
:1022400013FC03E03946204604F020FD0023C5E9D5
:102250000033AB60AB81C5E904333BE73946204628
:1022600002F068FDF2E74146686900F0CCF860B919
:102270006B6903F0F003E02B07D05146204600F0D5
:10228000C9FF0221204606F0D7FCB6F85830204698
:102290000133A6F85830B6F84E300133A6F84E3068
:1022A00000F0C0FFD2E700BFB481022034800220DA
:1022B0003C8002202DE9F04F044685B09B4617462E
:1022C0009DF838609DF83C80DDF84090019105F064
:1022D0007DFAA37B012B02D03D4805F0ADF8DFF875
:1022E000FCA0002F65D01421204600F067FF48B104
:1022F000BAF85C306FF001000133AAF85C3005B029
:10230000BDE8F08F63896568132B02D8314805F06A
:1023100093F885F80980452385F808B048EA0B282A
:1023200039686E7036022B704FEA28201E430B0C62
:10233000296140EA082013FA81F1DFF8A4800E44F5
:1023400016FA80F62089FFF717F900230644688003
:10235000AB71EB71B8F80000FFF70EF9B8F8001098
:10236000019A83190131A880A8F80010F2B91A491E
:10237000096813FA81F3E96003EB114399B201EBA9
:10238000134303EB1343DB436B81BAF8483001334B
:10239000AAF84830B9F824309BB122899A4210D962
:1023A0003A464946204600F07BFBA8E7019A1168AF
:1023B000DFE76389132B9BD9636803AF1B69039322
:1023C000E3E7D9F814303A4621464846984796E75D
:1023D000639424206F9424209C9424203C80022029
:1023E000E6970120F0B4069C9DF810509DF814600B
:1023F0001AB109B10F6807B9211D0495CDE905642B
:10240000F0BCFFF757BF431E0246033312D891F8C2
:102410002D3013F0020010D04B6893420CD0886826
:102420005340034208D1C34322EA0000C31A584272
:102430005841704701207047002070472DE9F04354
:1024400085B04A4F0D4602786E460423BE46B44618
:10245000D15D11F0040100F08480302A21D142784E
:1024600002F0DF0158290DBF827801304FF00809D2
:10247000023008BF4FF01009804600241EF80210F9
:10248000480711D5B9F1080F03D1A2F13000072890
:102490001BD804FB0924303C98F8012008F10108FE
:1024A000ECE74FF00A09E7E7B9F1100F0DD111F091
:1024B000440F0AD001F003010A3202290CBF612146
:1024C0004121521A42EA0414E6E72E2A08D1013BC0
:1024D00047D008F1010098F8012046F8044BB7E70F
:1024E00012B111F008003DD0A6EB0C0080100130B5
:1024F000042832D8DFE800F0360B03122000B4F1D4
:10250000807F2ED2009BFF2B2BD844EA03641DB1A1
:102510002046FFF734F82860012023E0B4F5803F1F
:102520001FD2009AFF2A1CD8019BFF2B19D81B042D
:1025300043EA02631C43EAE7FF2C12D80099FF2903
:102540000FD8019BFF2B0CD8029AFF2A09D81B0435
:1025500043EA016343EA0223ECE7054804F06CFF19
:10256000D5E7002005B0BDE8F08300BFF5570300B4
:102570002690242038B50A4B04460D461A6882423C
:1025800007D102681A6021460420BDE8384000F0F7
:102590001DBC11B9034804F04FFF23682B60F2E71C
:1025A000EC970120A494242081422DE9F8430446AD
:1025B0000E4602D1244804F03FFF2EB13368A342F7
:1025C00002D0224804F038FF67687868838833BBFC
:1025D0000368142204F10801636006F059FB01212D
:1025E000384606F02DFB384600F022FF05463846F7
:1025F00000F018FE6768DFF8608097B92046144C39
:102600003146FFF7B7FF2388AB4202D2114804F0EE
:1026100013FF238828465B1B2380BDE8F883002531
:10262000E8E77B683846D3F8009000F001FF0544E6
:10263000B5F5803F02DB404604F0FEFE3846ADB201
:102640004F4600F0EFFDD8E7BD942420C994242024
:10265000E8970120F8942420DB9424202DE9F04110
:1026600005460F460026DFF868800024D8F80030C1
:102670002146A446204653B910B1FFF795FF064402
:10268000BE4201DA012CF0DC3046BDE8F081D5F81D
:102690000CE05A69724509D1D5F810E09A69724583
:1026A00004D1B3F80CE0AA88964508D0013460B193
:1026B000C27F93F81FE096459CBF614618461A6892
:1026C000002A18BF9C461346D5E761461846F6E730
:1026D000EC97012010B5044610B9064804F0ACFE92
:1026E000606908B100F09EFD21460520BDE810405C
:1026F00000F06CBB1A95242038B5094B00241868EB
:1027000000B938BDC37F056823B1013BC3770446D8
:102710002846F5E72146FFF747FF2046F7E700BFC9
:10272000EC9701202DE9F74FBA4E81464568738E2C
:10273000013373862B7803F00F03052B0CD0B6F80A
:1027400044300133A6F84430F38E48460133F38613
:1027500000F068FD002625E1E888FEF70DFF07463A
:102760006888FEF709FF2B7803F00F03B0EB830FA7
:102770004FEA8308E8D3A0EB0800A74C83B2484691
:10278000019300F055FE2388824603440A2B0CDD9A
:1027900001462846FFF762FF18B1238853440A2BED
:1027A00003DDB38F0133B387CEE79C4B1C6898469B
:1027B0001CBB042000F0F2FA044658B951462846E2
:1027C000FFF74CFF8245ECDC042000F0E7FA0446FA
:1027D0000028E6D020220021204606F049FA0F23E7
:1027E000E377D8F80030C8F8004023601422294667
:1027F00004F1080006F04CFA1DE0EB6862699A42A9
:1028000063D12B69A2699A425FD1A289AB889A42AF
:102810005BD1B6F846300133A6F84630E888FEF7BB
:10282000ABFEC0F30C0030B9E089FEF7A5FEC0F3A3
:102830000C000028DAD1B5F806B0C7F30C081BF07D
:1028400020034FEAC80800930AD1019B43449BB27E
:10285000984500F209814FF6EB72934200F2048131
:10286000D9F804506888FEF787FE2A7802F00F0234
:10287000B0EB820F4FEA8203C0F0F680C01A1FFA55
:1028800080FBE888FEF778FEC0F30C00D9F80470EE
:102890000025C0003D700BEB00037D70BD701FFA7A
:1028A00083FEFD70B8807045FB8000F2DD806368B8
:1028B0004FF0010B1A4652B9002D40F08980002BD1
:1028C00076D0574804F0B8FD72E0246870E751688C
:1028D000B1F804C060456ED23A60002D66D0EA8837
:1028E0009042C0F0C180E64500F2BE809042C5F83B
:1028F000009040F0C980009B23B1A27F12F001023A
:1029000000F0A180BBF1000F6ED14FF0000B424FE1
:10291000009B38888244A7F800A03BB9A27F019BA6
:1029200042F001029844A277A4F81C80BBF1010F89
:102930007FF410AFB4F81C801422636804F108011E
:1029400008F114085E681FFA88F83046356806F00A
:102950009FF94046FEF710FE002370801421304698
:10296000B371F371B372F37204F0C3FF70816668E0
:10297000002D6AD1294B1B689C4202D01D46002BBA
:1029800070D120462946FFF7F5FD304600F050FD96
:102990003B880446834202D2224804F04DFD388829
:1029A000041B3C80304603B0BDE8F08FE6455BD8A1
:1029B000C4F804909FE757D0CA88824254D825B102
:1029C000EA88624518BF4FF0000B0A680D4672E7AF
:1029D000EA88824202D9144804F02EFDE988C5F83D
:1029E0000090BA88914284E76268002A8DD05068CE
:1029F0008288002A89D13A68E2B9B84202D10B48EC
:102A000004F01AFD3A68002A81D0094804F014FD48
:102A10007DE700BF3C800220E8970120EC97012071
:102A200044952420AA952420269524207B952420B3
:102A3000889524205168FD888A8895427FF465AF87
:102A40000A680F46D8E7934661E7D5F80480142159
:102A5000284600F0B7FB2946304600F005FDD8F8BF
:102A6000005085E72B6887E76368002B7FF46CAE26
:102A7000094B1B689C4202D0084804F0DDFC002191
:102A80002046FFF777FD5FE6009B002B3FF43DAF4C
:102A90004FF0000B31E700BFEC970120C5952420D3
:102AA0008B8C2DE9F04F2DED028B08EE102AB3F13F
:102AB00014028BB0054648BFA3F10D028A46C2F34B
:102AC000CF030593436803931B7803F00F03052B93
:102AD0004FEA830708D14389132B08D85E4806F0D4
:102AE0000FF95E4806F00CF96FF0050013E0039B48
:102AF0000026D888FEF740FDC0F30C032C89029312
:102B000000F40053143C0793059BA4B2DB009BB276
:102B100006932CB920460BB0BDEC028BBDE8F08FBC
:102B2000069B4FF4207214212C20A34228BF234679
:102B3000049300F0CBFB804648B34389132B02D8A3
:102B4000474804F079FC14220399D8F8040006F0F1
:102B50009FF8D8F804B0DDF81090B9F1000F3ED01E
:102B60006B89DE1BBB42B6B202D23E4804F064FC65
:102B70004E4528BF4E4616B92D680027EDE70520C3
:102B800000F00CF9034628B9404600F04BFB4FF02B
:102B9000FF30C0E7019631466A68089000203A4449
:102BA0000092412200F0F0FA089B20B91946052056
:102BB00000F00CF9E8E7CDE90803A9EB060928467F
:102BC00000F03EFC099B284A1FFA89F90899404603
:102BD0005D611A6100F048FCB9F1000FCCD1029B95
:102BE0003744C3F30C00BAF82430BFB2133BA342FE
:102BF00001DD079B0BB140F40050FEF7BDFC049BC8
:102C0000ABF8060003F1140080B2FEF7B5FC002318
:102C10001421ABF802008BF80A3058468BF80B30C1
:102C200004F067FEDAF8143018EE102A4146ABF8CB
:102C30000A00504698470D4A4046138E01331386CA
:102C400000F0F0FA049B059AE41A029B1344A4B224
:102C50009BB202935DE700BFE59524209AB0242043
:102C60000096242020962420D52624203C80022073
:102C70007047704710B505F0EFFF044628B904F01F
:102C800059FD04F06AFD204610BDC31C23F0030368
:102C90009842F8D0014804F0CFFBF4E72F962420A7
:102CA00010B5044638B9074804F0C6FB2046BDE815
:102CB000104005F0E5BFC31C23F003039842F5D094
:102CC0000148F1E7539624206096242070B504460D
:102CD00004F030FD064623691D689DB12A681A601C
:102CE000AB0702D00A4804F0A7FB62683046D368FD
:102CF000116901338B42D36088BF136104F02DFD4D
:102D0000284670BD6268938801339380F6E700BF60
:102D10007896242038B58B0705460C4602D0084823
:102D200004F08AFB04F006FD6A68D368013BD360B7
:102D30002B691A6822601C60BDE8384004F00DBDA4
:102D40009B962420C36800220169033330B523F029
:102D5000030344890A60944204DC436802689C606F
:102D60001A6030BD0D6801321D6005890B602B446F
:102D7000F1E7000070B5074E0E24074D56F8040B1E
:102D8000013CFFF7DFFFA4B2436845F8043B002C89
:102D9000F4D170BD9C982420E48002200D2808B551
:102DA00006D8074B53F82000BDE80840FFF78EBF58
:102DB000044805F0A5FF044805F0A2FF002008BD67
:102DC0009C982420BB9624209AB024200D2808B576
:102DD00007D9084805F094FF0748BDE8084005F00A
:102DE0008FBF31B1054B53F82000BDE80840FFF715
:102DF00091BF08BDD89624209AB024209C98242006
:102E00006FF00B007047000038B50D46044610B94E
:102E10000A4804F011FB94F82D3003F00502052A4E
:102E20000BD1EA0709D562683AB11B0705D5211D08
:102E30002046BDE83840FEF717BF38BDD49824209F
:102E400073B5054616460C4611B90E4804F0F4FA5F
:102E50006B6822689A4201D1002010E0336001A91A
:102E60003046019201F02EFC01A9304604F036FAFA
:102E70002368284601216B60FFF7C6FF012002B0DE
:102E800070BD00BF3C8E242070470000F7B51F4680
:102E90000D461646044604F099FC134B002D08BF5E
:102EA0001D46002E08BF1E46002F08BF1F462B6878
:102EB000BBB901AA29462046FFF7C2FF01233268A9
:102EC000A1688A42E16818BFA2603A688A4218BFC6
:102ED000E26023B901AA29462046FFF7B1FF03B0FB
:102EE000F0BD0023EBE700BF9C9424202DE9F84FB0
:102EF00004460E4617469846DDF82C9004F066FC12
:102F000044B93D4805F0FCFE3C4805F0F9FE20467A
:102F1000BDE8F88FB9F1000F07D139484C4605F0EC
:102F2000EFFE364805F0ECFEF1E7364B00250422B3
:102F300004F12000002E08BF1E46002F08BF1F46C8
:102F4000B8F1000F08BF98462F4B2946E560636132
:102F5000A58484F82D50DFF8B4A0C4E9015505F02C
:102F600087FE0A9B31463A46E36120469AF80030D4
:102F7000564684F830300C9B23614346FFF786FFAA
:102F80002046C847B0BBDFF88880DFF88890474606
:102F900094F830304FF0000BD8F80050FF2BDFF8DA
:102FA00078A004BF002384F8303055B994F830304D
:102FB000FE2B01D05D1CEDB23B68357023603C6098
:102FC000A5E7AC4202D1484604F036FA0BF1010BFA
:102FD000BBF1FF0F02DD504604F02EFA94F83020CA
:102FE00095F83030934203D1013384F83030CFE785
:102FF0002D68DAE72C468AE7179924209AB0242016
:10300000309924209C942420012E242038800220F2
:1030100034800220529924206699242010B5044659
:1030200004F0D4FB014B1C6010BD00BF30800220B7
:1030300010B5044604F0CAFB3CB90B4805F060FE2D
:103040000A48BDE8104005F05BBE94F82D30DA0761
:1030500009D443F001032046032184F82D30BDE854
:103060001040FFF7D1BE10BD949924209AB02420BF
:1030700010B5044604F0AAFB3CB90D4805F040FE2B
:103080000C48BDE8104005F03BBE94F82D305A07BF
:103090000CD443F00403204684F82D3005F020FAC8
:1030A00020460321BDE81040FFF7AEBE10BD00BFB3
:1030B000B09924209AB0242010B5044604F086FB71
:1030C0005CB1074B186800B910BD90F8303001337F
:1030D000DBB2A342F8D00068F5E72046F4E700BF72
:1030E0003480022010B143898B4202D902B1118091
:1030F0007047C91A006889B2F4E7000038B548B9CA
:10310000124804F099F901201FE0002AFBD0426820
:10311000511A14E0B1F5803FF5D2A9B103898CB200
:1031200013FA81F39BB29C42EDD890F90C50002D1C
:10313000EBDA4268511A00F110029142E3D342895E
:103140004160144403814481002038BD739A2420D7
:1031500022F04003012B70B506460D46144602D0FE
:10316000084804F069F90C20FFF718FE40B100236D
:103170000581458143730473C0E900360123C3818F
:1031800070BD00BFD1992420033020F0030070B53A
:103190000E18BDF81450049CAE420DD804B104447E
:1031A00018460023C0E900340223018141814373A2
:1031B00001230273C38170BD0020FCE70022FFF7EA
:1031C0009DBF000010B570B90F4804F035F901201B
:1031D00008E09B1A446843812144038941609B1A9B
:1031E0000381002010BDB1F5803FF0D20029F8D056
:1031F0008AB243899342ECD2044805F081FD044829
:1032000005F07EFDE3E700BF739A2420E3992420B4
:103210009AB024200B1E02DA5942FFF7D3BF0122D5
:10322000FFF76CBF2DE9F047044630B92546234827
:1032300004F002F92846BDE8F0870025204FDFF8AA
:103240008480DFF8849004F075FAA37B824613B97A
:10325000384604F0F1F8A67B5046013EF6B2A6735C
:1032600004F07BFA002EE5D1637B26689B070DD521
:10327000236913B9484604F0DFF8236920469847CC
:103280000135EDB2002ED5D03446DCE7237B03F0C8
:103290000F03022B04D121460D20FFF797FDEFE726
:1032A000012B02D121460C20F7E71BB92046FFF77E
:1032B000F7FCE5E7404604F0BFF8E1E7739A242005
:1032C000019A2420389A2420179A2420B2F5C17F2D
:1032D0002DE9F04704460F4610D008D822F04003ED
:1032E000012B07D10020BDE8F047FFF731BFB2F551
:1032F000207F37D0294804F09FF80CE0002684B2E4
:10330000DFF8A0903546B0460D20B246FFF746FDE7
:10331000064630B90DB900251FE02846FFF782FFA9
:10332000F9E7E21C0444C0F8008022F003021334E1
:103330000781C2F5C16224F00304C0F80C9093B277
:103340004460BB4228BF3B4643814DB1CAF80000F0
:10335000FB1A00249FB2002FD6D12846BDE8F08783
:103360000546F5E7CB1C033023F0030320F00300F0
:10337000184410308342CED8FFF77CFC0546002865
:10338000EBD004440023078113340360044B24F082
:1033900003044781C3604460DFE700BF4A9A2420EA
:1033A0008000010082000100F8B50D46044610B906
:1033B0001B4804F041F82389AB4230D9EE1A194F6B
:1033C0006189A94215D3237B1A0720D1A9421ED0B7
:1033D000637B9B071BD461682046091B2944FFF7C8
:1033E00048FC90B9104804F027F8104804F024F87D
:1033F0000DE023896D1A3344ADB223812468002C7B
:10340000DED1384604F018F8DAE78442EDD12068BE
:103410006581258108B1FFF705FF00232360F8BD12
:10342000659A24207D9A2420959A2420B19A2420FC
:103430000346002290B2013203B970471B68F9E7D6
:1034400010B5044668B104F075F9A37B0133A3738A
:1034500004F083F9A37B23B90248BDE8104003F0D0
:10346000EBBF10BDCA9A242038B50D46044600B102
:1034700059B9104805F044FC0F48BDE8384005F044
:103480003FBC29890B442381144622682389002AE2
:10349000F7D162899A4207D0084803F0CDFF23682C
:1034A00013B1074803F0C8FF2A8923892560134414
:1034B000238138BDDC9A24209AB02420119B24203B
:1034C0003E9B242010B50C46FFF7CEFF2046BDE8FA
:1034D0001040FFF7B5BF00002DE9F84F054616462E
:1034E0001F460C4611B10B89934209D2394805F0A9
:1034F00007FC394805F004FC6FF00F00BDE8F88FB9
:1035000018B10289BB199A4201DA3448EFE74FF04B
:103510000008DFF8D890DFF8D8A0B5F80AB06289C3
:10352000ABEB070B6168A2EB080268684144934566
:10353000384428BF9346B34528BFB3465A465F4434
:1035400005F0A6FB6B89A6EB0B00D844BB4286B204
:1035500002D2484603F070FF6389434502D25046C9
:1035600003F06AFF6389434506D8246814B95EB145
:103570001B48BCE74FF000086B89BB4227D12D6880
:1035800025BBFEB11748B2E7B046F5E7374662897A
:1035900023899A420AD1236843B1134805F0B0FB4E
:1035A0000D4805F0ADFB6FF00500A7E735B16A895E
:1035B0002B899A4202D12B68002BEED1002EACD180
:1035C00030469BE7002CE1D1204697E70027002CEE
:1035D000DDD1ECE74E9B24209AB02420829B24204E
:1035E000E29B2420F19B2420FE9B2420B09B2420DE
:1035F000C79B242010B529B100230A89BDE81040DB
:10360000FFF76ABF044805F07BFB044805F078FB30
:103610006FF00F0010BD00BF359C24209AB024200D
:103620002DE9F84388469146064648B91A48374678
:1036300005F066FB194805F063FB3846BDE8F883E2
:1036400041BB1748474605F05BFB144805F058FBA3
:10365000F3E7758953B1AB4208D35B1B9BB2366865
:10366000B9F1000FE9D0002EF3D1E6E7EC1A71684A
:1036700008EB0700A4B219444C4528BF4C4622462B
:10368000274405F005FBA9EB0402BFB200231FFA93
:1036900082F9E4E70027E3E74F9C24209AB0242036
:1036A0006E9C24202DE9F04789461646054648B908
:1036B0001C4805F025FB1C4805F022FB6FF00F00AD
:1036C000BDE8F08709B91948F3E70389934222D28C
:1036D000174805F015FB144805F012FB4FF0FF30BA
:1036E000EEE715B9504603F0A7FE6F8909EB080114
:1036F0006868A74228BF27463A46E41B05F0C8FA87
:10370000B8442D68002CECD1B04502D0094803F034
:1037100093FE2046D4E714464FF00008DFF818A0C7
:10372000F0E700BF919C24209AB02420A89C24207C
:10373000C39C2420FB9C2420E39C2420F7B50F4647
:10374000144619460DF10602FFF7CCFC064610B3ED
:10375000BDF8063001891A1991421CDB42899A4250
:1037600002D80F4803F068FEBDF806303946758967
:103770007068ED1A1844AC42CCBFADB225462A465B
:1037800005F086FA621B92B242B179193068FFF7F0
:1037900089FF03B0F0BD4FF0FF30FAE71046F8E7BD
:1037A000119D242038B515460A462989FFF78EFD5C
:1037B000044630B12946FFF71DFF10B1024803F05F
:1037C0003BFE204638BD00BF289D242013B514467B
:1037D0000DF10602FFF786FC30B14289BDF80630D4
:1037E0009A4284BF4268D45402B010BD70470000B2
:1037F000164A4FF48040F0B54FF6FF7615464FF469
:103800004047138801339BB2138013889BB2B342A5
:1038100000D11780DFF838C004235CF8041B096866
:1038200031B9013B13F0FF03F7D1288880B209E0DA
:103830002C88B1F816E0A4B2A64504D1013880B2B4
:103840000028DED1F0BDC968EAE700BF388D24202A
:103850009CA2242008B503F0FDFD6FEA8040034BD5
:103860006FEA904080B2188008BD00BF388D2420D8
:1038700010B5037D0446012B02D1044803F0DCFDA2
:1038800021460120BDE81040FFF7A0BA399D242051
:1038900010B5044610B90C4803F0CEFD03F096FFB6
:1038A000638B9B050ED5A36F63B15B7F13B907488C
:1038B00003F0C2FDA26F537F013B5377638B23F468
:1038C0000073638310BD00BF4A9D2420569D2420B1
:1038D00010B5044610B9154803F0AEFD237D042B46
:1038E00011D0072B1BD0032B0BD1204602F068FD13
:1038F00070B92046FFF7CCFF05232046237502F060
:1039000091FE002010BD204602F05AFD0028F3D0A1
:10391000431CF7D1638B43F008036383F1E7204630
:1039200002F04EFD0028F3D10923E6E74A9D24204A
:10393000F8B50E460546144603F048FF214B002E0D
:1039400008BF1E4645B9204805F0DAF91F4805F0C2
:10395000D7F96FF00F00F8BD2B7D43B11C4805F07F
:10396000CFF91A4805F0CCF96FF00500F3E734B948
:10397000FFF73EFF044650B96FF00100EBE7154931
:1039800051F8042B126872B90133042BF8D1336853
:1039900003B12B60104BEC821A681D60EA6003F0E3
:1039A000E5F80020D7E7D08AA04205D117682FB1EB
:1039B000306818B1874201D0D268E4E76FF00700A1
:1039C000C9E700BF9C9424206B9D24209AB024203A
:1039D000819D24209CA224203881022070B50446B9
:1039E00010B9104803F028FD218D46F2CE36E36A67
:1039F000628E656AC81AB242284494BF821A821B3A
:103A0000002A01DB618570BD5D1B02D50020608549
:103A1000F9E7B5F5803F02D3034803F00DFD002020
:103A20006585F0E7A99D2420CD9D242038B5054665
:103A30000C4603F0CBFE3DB9154805F061F9154879
:103A4000BDE8384005F05CB92B7D012B02D112484E
:103A500003F0F2FC2A8D4CF29C73111989B2994241
:103A600013D88A4288BF194628462985FFF7B6FF32
:103A700041F2CF6398420AD96B8B284643F0020388
:103A80006B83BDE8384002F0CDBD1946ECE738BD88
:103A9000E79D24209AB02420FF9D242010B50446E1
:103AA00048B1406808B1FFF7BDFB21460320BDE8DF
:103AB0001040FFF78BB910BD10B500B910BD0468F8
:103AC000FFF7ECFF2046F8E738B504460D4603F053
:103AD0007DFE04B1256138BD38B504460D4603F0BE
:103AE00075FE3CB1237D012B02D1034803F0A4FCF9
:103AF000C4F8805038BD00BF259E242038B5044648
:103B00000D4603F063FE34B1237D012B02D1024840
:103B100003F092FCE56738BD4C9E242038B504467E
:103B20000D4603F053FE3CB1237D012B02D1034827
:103B300003F082FCC4F88C5038BD00BF739E242073
:103B400038B504460D4603F041FE1CB1237D012B20
:103B500008BFA56138BD000070B504460E46154685
:103B600003F034FE3CB9094805F0CAF80848BDE83E
:103B7000704005F0C5B8237D012B02D1054803F044
:103B80005BFCC4F88860657770BD00BF999E2420F7
:103B90009AB02420AF9E242010B5044638B91248AC
:103BA00005F0AEF81148BDE8104005F0A9B8037D56
:103BB000012B17D90A2B15D0FFF76AFE606F18B1D9
:103BC000FFF730FB002363674FF6FF73E06E238639
:103BD000FFF772FF206FFFF76FFF0023C4E91B336D
:103BE000A4F8683010BD00BFCD9E24209AB02420D8
:103BF0002DE9F04FB34E87B0DFF8F8923368C8462E
:103C000001333360B04B1A78049301321A70D9F83B
:103C100000400027DFF8E0B26CB9AC4FDFF8DC827F
:103C20003D68DFF8DC92DFF8DCA2002D40F08D81EA
:103C300007B0BDE8F08F237D13B9A54803F0FCFB66
:103C4000237D012B02D1A34803F0F6FB237D0A2B31
:103C500002D1584603F0F0FB049BA27F1B789A42E6
:103C600004D1D4F80CA027465446D5E7227DA3778B
:103C7000022A94F842306FD1052B6FD90125217D9E
:103C8000062909D1638BDB0606D53368226A9B1AA5
:103C9000282B84BF0135EDB294F809A01AF0080A68
:103CA00018D0042902D0072940F0F880236A4FF485
:103CB000FA713268D4F89000D21A00F5242303F682
:103CC000B843B3FBF1F39A4240F2D58001354FF08F
:103CD000010AEDB2237D032B40F0E3803368226AB2
:103CE0009B1A282B02D8002D00F010812046D4F812
:103CF0008C50FFF751FFD8F80030002F00F0D9802A
:103D00009C4202D1744803F097FBE368FB60BAF170
:103D1000000F0BD0238B20460293E38A0193231DCF
:103D200000932346626A216D02F016FC2369204647
:103D3000D4F80CA00593FFF79BFD684C002222707D
:103D400045B1059B6FF00C011846A8472378002B5E
:103D50007FF45DAF3C4686E70B2B8EE794F89550D9
:103D6000002D3CD0236F13B15D4803F065FBE36E7B
:103D700013B95C4803F060FB94F896300B2B3FF6C8
:103D80007DAF94F89520584B134413F8012C94F808
:103D9000943093420BD3B4F8601081B1204602F006
:103DA000CDF988B9204602F03DFC30B10CE001337A
:103DB000DBB2934284F89430EDD200255FE72046D1
:103DC00002F01AFE0028F8D194F895300025062B51
:103DD00084F89450F1D8013384F895304FE7238E5E
:103DE00047F6FE7293429CBF01332386B4F94030FC
:103DF000B4F930209A42E0DB204602F009FB28B1FA
:103E0000236F002BD9D1E36E002BD6D0237D022B5C
:103E100014D0B4F93C20B4F93E30344903EBE2034A
:103E200094F842200C2A28BF0C228A5C934047F663
:103E3000FF729342A8BF1346A4F84030B4F8602044
:103E40000020B4F84830B4F832C09A422086A4F872
:103E50006A00204628BF1A464FEA4C03A4F848C01F
:103E60009BB25108B3EB520F98BF0B46A4F84A30EF
:103E700002F07CFD03E794F89730DFF88CC00CFB70
:103E80000303B3FBF1F18A4208D9204602F094FD06
:103E900020B994F89730013384F897304FF0000A36
:103EA00018E7092B7FF41FAF3368226A9B1AF02BA7
:103EB00018E79C4202D00E4803F0BEFAE368C8F847
:103EC000003024E740810220458102204881022001
:103ED000E89E2420119F2420CD9F2420348102209D
:103EE000669F2420989F2420ACA224208EA2242008
:103EF000F89F2420308102203A9F242022A02420F1
:103F000078A0242051A02420F8240100237F627F80
:103F10000133D4F80CA0DBB29A4223773FF6A3AE6C
:103F20001F4FD4F8883025773D701BB9204602F02A
:103F300079FB98E62146206998473B78002B7FF46F
:103F400066AE00287FF48FAEF0E72B7D0A2B02D0FF
:103F5000404603F071FA33682A6A9B1AF02B0CD999
:103F60002846FFF719FE5CB93B689D4202D04846DF
:103F700003F062FAEB683B600AE02C46ED6854E619
:103F80003B689D4202D1504603F056FAEB68E3606D
:103F9000D5F80CB02846FFF76BFC5D4645E600BF40
:103FA0003481022038B505460C4611B91D4803F08E
:103FB00043FA15B91C4803F03FFA2B68A34212D10B
:103FC000E3682B6000232046E360FFF7E5FD237DD7
:103FD0000A2B10D1E36E03BB236FD3B1134803F058
:103FE0002BFA16E01346002BECD0DA68A242F9D186
:103FF000E268DA60E6E7012B0BD0638BDA07E9D5DC
:1040000043F002032046638302F00CFB237D012B67
:10401000E0D100232375E38238BD054803F00CFA94
:10402000DAE700BF9EA02420BAA02420F2A024201A
:10403000DAA0242030B50D4685B0044610B94648B4
:1040400003F0FAF9237D002D3CD0042B01D0072B7F
:1040500038D1626F22B9218D4CF29C72914231D0DD
:10406000638BDB0602D43D4803F0E6F9238B204640
:104070000293E38A0193231D00932346626A216D14
:1040800002F06AFA2046FFF787FD354A1368A3421B
:1040900010D1E368136000230122E360314B1A70F2
:1040A000314B1B68A3421DD101F0ECFB002005B091
:1040B00030BD1346002BEED0DA68A242F9D1E26897
:1040C000DA60E8E7012B1AD0022B36D0002B3CD166
:1040D000E38A3BB1254A1368A34208D1E368136021
:1040E0000023E3602046FFF7C3FBDFE71346002B06
:1040F000F6D0DA68A242F9D1E268DA60F0E71C494A
:10410000002051F8232012688AB90133042BF8D11A
:1041100021461848FFF746FF237D012B02D11648A0
:1041200003F08AF921460220FEF750FEBEE7956FA4
:10413000AC4208BF9067D268E6E721460848FFF71F
:1041400031FF084B01221A70CCE7204605B0BDE8CC
:104150003040FFF7BDBB00BF0BA124202BA12420C2
:1041600030810220348102207881022038810220AF
:104170009CA224203C81022044A1242010B50446A6
:1041800003F024FB64B1237D20460121012B1EBFD7
:10419000638B43F010036383BDE81040FFF74ABF11
:1041A000044804F0ADFD044804F0AAFD6FF00F00D0
:1041B00010BD00BF5DA124209AB0242010B5084690
:1041C000144641B90C4804F09BFD0C4804F098FDDE
:1041D0006FF00F0010BD3AB11189FFF727FC2046A0
:1041E000FFF720F80020F5E71BB9BDE81040FFF706
:1041F000C5BF1046EEE700BF74A124209AB024206A
:10420000F8B5044648B91D486FF00F0504F078FD75
:104210001B4804F075FD2846F8BD466F0023D0F812
:104220008050777B4367E5B1014632460069A84775
:104230000546E8B9BB06EED5238D4CF29C72D4F846
:10424000806093421CBF01332385002EE3D00023FE
:10425000214620691A46B0470D30DCD16FF00C05BD
:10426000D9E701462B4632462846FFF7A7FFDFE78E
:104270000D35F3D06FF004056667CCE78FA12420DD
:104280009AB024202DE9F8431B4D1C4F2B781C4E6F
:1042900001332B703C684FF000080CB9BDE8F8837F
:1042A0002B78A27F9A4224D0A377638BD90709D5B4
:1042B00043F002032046638302F0B4F9638B23F0DA
:1042C00003036383638B1A0705D523F00803204695
:1042D0006383FFF7FDFA636FD4F80C903BB120467F
:1042E00086F80080FFF78CFF3378002BD2D14C4644
:1042F000D3E7D4F80C90FAE7458102203081022000
:104300003481022008B5FFF7BDFF064A1378013358
:10431000DBB21370DB0703D5BDE80840FFF768BCCC
:1043200008BD00BF4481022070B505460E46144604
:1043300003F04CFA45B9164804F0E2FC154804F0C5
:10434000DFFC6FF00F0070BD2B7D012B19D096B1F3
:104350006B8B43F010036B832CB101212846BDE821
:104360007040FFF767BE686F08B90020EBE7FEF703
:1043700059FF6C67F9E7002CF7D0042B04D8022B07
:1043800004D86FF00A00DEE7072BFAD10021E5E739
:10439000B5A124209AB024202DE9FF4704460E46FB
:1043A00003F014FA44B9334804F0AAFC324804B0CC
:1043B000BDE8F04704F0A4BC237D012B02D12F48B7
:1043C00003F03AF8237D0A2B09D121462C48FFF748
:1043D000E9FD204604B0BDE8F047FFF749BAD4F83C
:1043E0005090D4F824A0D4F88C70D4F81080E58ACA
:1043F0009BB93DB1234A1368A34206D1E368136019
:104400000025E5602E460FE01346002BF8D0DA6851
:10441000A242F9D1E268DA60F2E721461A48FFF7D2
:10442000C1FD1A4B01221A70206F08B1FFF744FB3F
:10443000E06E08B1FFF740FB2046FFF729FA56B1BE
:10444000238B524649462046CDE90153231D009354
:10445000234602F081F82046FFF70AFA3FB16FF0D9
:104460000C0140463B4604B0BDE8F047184704B095
:10447000BDE8F087CFA124209AB02420E8A1242011
:1044800048810220388102203081022034810220BC
:104490000121FFF781BF000070B50C46054610B939
:1044A000074802F0C9FF04B970BD22682B68E668AE
:1044B0009A4202D12046FFF7EBFF3446F3E700BFF4
:1044C00019A224200C4B002219680C4B30B404466E
:1044D0001D68104619B968B130BCFFF75DBF0B7D90
:1044E000A34205D10B6AEB1A934224BF1A46084631
:1044F000C968EFE730BC704730810220408102205C
:10450000F8B5054603F062F90120FEF747FC0446C2
:10451000002850D14B4F3868002870D14A4B0146D3
:104520004A4E1B683468002B74D108B1FFF7B0FF06
:104530000120FEF733FC0446002836D10920FFF79E
:10454000C1FF0120FEF72AFC044640BB0820FFF70C
:10455000B9FF0120FEF722FC0446D0B92B0661D436
:104560005DB12A46013A3B6836680021D2B2002B81
:104570005AD114B12046FFF78BFF0120FEF70EFC45
:104580000446002839D0324BD3F8AC209388013B45
:1045900093802F4BD3F8AC209388013B93802C4B16
:1045A000D3F8AC209388013B9380294BD3F8AC20FF
:1045B0009388013B938098220021204604F058FB09
:1045C00042F238236575A4F86430224BA362FF23BE
:1045D000E3720623A4F84030E3871F4B23631B4B91
:1045E0001B6823621D4B1B78A3771D4BA3641D4BD7
:1045F000C4F880301C4BC4F890302046F8BD438B83
:10460000C4681A0704D523F008034383FFF760F951
:10461000204681E71A6AA21A8A4224BF1846114628
:10462000DB6880E77F229DE75F7D974204D307D157
:10463000186A301A884203D3196A3A461C46711A1E
:10464000DB6894E73081022048810220408102200B
:104650003C8002209CC79CC7FFFF180245810220B6
:1046600001003822BD41242000DD6D004020FFF70D
:1046700047BF000008B510B9044802F0DDFE044B46
:10468000044A186812681044186008BD4DA224201E
:10469000348D24204081022038B504460D4612B9DD
:1046A000074802F0C9FE4DB1AB8C3BB1282B8ABF45
:1046B000283B00239BB29C4228BF1C46204638BDA5
:1046C00067A2242038B50D46044680B1036873B153
:1046D0000B4B1968FFF7E0FE0A4B20461968FFF7FD
:1046E000DBFE25B12B6813B1074B1B6803B938BD3E
:1046F00019682268914204BF2A681A60DB68F5E7EE
:1047000030810220388102203C810220094A13882E
:10471000591C1180084A12681AB1084909888B424D
:1047200004D2074A12681344187D70475B1ADBB243
:10473000D05C70477C810220888102208481022025
:10474000808102202DE9F843064610B91C4802F08A
:1047500073FE1C4B1F8887B11B4D002340F2B358DA
:1047600040F2B4592B802B88BB4206D2FFF7CEFF14
:104770000128F8D0022802D0C8B9BDE8F883FFF7B5
:10478000C5FF0428F9D12B880133BB42F5DAFFF7C6
:10479000BDFF000284B2FFF7B9FF44EA00039BB2F9
:1047A0005A1E92B2424588BF4B467386DBE7FFF73D
:1047B000ADFF0128E1D92B88023B18442880D2E7BD
:1047C000B3A224208C8102207C81022010B50446F3
:1047D00010B90D4802F030FE0C4B187810F01000A4
:1047E00011D0638BDB0606D4D4F88C301BB16FF08C
:1047F0000E012069984721460548FFF7D3FB204664
:10480000FFF736F8012010BDCDA2242070810220D0
:10481000308102202DE9F84F064617460C46DFF896
:1048200090A0DFF89080A4B31F4B1D6823695868DF
:10483000FCF7A5FE2269B4F8089083469089FCF73E
:104840009BFEA5EB090310F00300A3EB0B0518BFBB
:1048500001202D1A002D1DDBD4E900B0FEF7E8FD84
:1048600033880546834202D2504602F0E5FD308887
:10487000B8F80020451B2046358023891344A8F84A
:104880000030FFF70BF933885BB1BBF1000F08D1A3
:104890001FB100242046BDE8F88F044802F0CCFD8B
:1048A000F7E75C46BFE700BF4C8102201AA3242033
:1048B000F2A22420688102202DE9F843044610B9B1
:1048C000B14802F0B9FD237D032B02D8AF4802F0B6
:1048D000B3FDAF4BAF4E1B78AF4D13F0100F00F090
:1048E00081803268AD4FB4F860103B68D4E9150E92
:1048F000A0EB020CBCF1000F0CDB904203D1AEEB3D
:104900000300002806DB9E4513D1A5480068C08936
:1049100088420ED9A248B4F862800068C0891FFAA4
:1049200080FCA4F86000E045C4E9152338BFA4F872
:104930006200626CD01A0028C0F24681288840BB11
:10494000B4F860C07144A06D6044884221D1B4F9CC
:10495000301000291DDB9A421BD194F84330FF2B05
:104960001CBF013384F8433094F84330032B0FD934
:10497000B4F848204FF6FF71638E13449BB29A42FD
:1049800088BF0B46A4F84830204601F0B9FD00E08E
:10499000FAD0606B30B3A36B3A689B1A002B21DA14
:1049A000804B80B2B4F93CC01A88CCF3CF07111AFF
:1049B000C91B0BB21CFA81F1002B09B2B8BF801AD7
:1049C000B4F93E20A187B8BFC019A2EBA202B8BFBC
:1049D00003B213449BB2E38703EBE103A4F8403036
:1049E0000023636329883368626A002900F0958197
:1049F000207D062800F29181D71A012F00F17B81DA
:104A0000581E0844801A0028C0F27581664BD3F8FE
:104A100004909846B9F1000F02D1644802F00CFDF1
:104A20004FF6FE739F4202D9614802F005FDD8F8A7
:104A30000430BFB21B89BB4202D25E4802F0FCFCCC
:104A4000B8F808300022DB1BA8F80830D8F804308A
:104A50001B89DB1B9BB2B9F80A10B942C0F0428136
:104A600039464846FEF7AEFB636AD8F8102033603B
:104A700053603268636AD11A0029C0F24981D14378
:104A8000208D1944C14200F143819A4240F0408197
:104A9000454F3B69B7F808809889FCF76DFD10F029
:104AA0000300238D18BF0120404480B28342288038
:104AB0003DD23B699889FCF75FFDC30710D53B6980
:104AC000B3F80C80404628F47C58FCF755FD00F004
:104AD0003E00FCF751FD3B6948EA0008A3F80C8052
:104AE000238D3B813B699889FCF746FD80077868F8
:104AF00042BF3B8903F1FF333B813989FEF754FC08
:104B00003B69B7F808809889FCF736FD10F0030080
:104B1000336818BF0120626A404480B2288018447C
:104B2000238D1344984202D0234802F085FC2A8842
:104B3000336813446362238D934202D21F4802F00C
:104B40007BFC238D20462A889B1A2385FEF746FF8F
:104B50007B681A891AB11A4A136000237B603B698B
:104B60009889FCF709FDC10741BF164A137843F045
:104B700020031370638BDA0740F1C58023F0010333
:104B800043F00203C1E000BF3AA3242053A3242032
:104B900050810220748102208E8102204C810220EB
:104BA0008081022040810220548102206CA32420B5
:104BB0007CA324208BA324209BA32420D1A32420E6
:104BC0006C81022070810220D143D94200F186809D
:104BD000216DC91A0029C0F28180618B480709D56F
:104BE00021F004016183B4F84A10A4F848100021B0
:104BF000A4F86A10B4F93C00E18F636401EBE001B2
:104C0000A4F840100021A4F84210217D032927D9DF
:104C10009B1AB4F84810B4F84A209BB28A4215D9BE
:104C2000628B12F4006F628E14BF0120022012FB0F
:104C300000F292B29A4294BF8B18CB189BB2994261
:104C400001D94FF6FF73A4F8483009E0B4F86A20A0
:104C500013449BB29A422ED899422ED9A4F86A30B6
:104C600004F16608D4E91B214046FFF7D3FDE16E4D
:104C7000024620674046FFF7CDFD226FE066B2FA9C
:104C800082F35B095B4223860023237708B9A4F8EB
:104C900068002749B4F8643009880B44A4F86430EC
:104CA000638B19057FF575AEB2B960B9638B23F4D8
:104CB000006363836DE64FF6FF735B1AA4F86A30F6
:104CC000638E0B44BAE703695868FCF758FCE36C41
:104CD000C01A0028EADA5CE61369F5E7204601F01D
:104CE00077FC56E67F1AA9F80830A9F80A20BFB267
:104CF000D9F80090AFE69B1A002BBEBF638B43F040
:104D000002036383B5E643F001036383BDE8F883E0
:104D10002046BDE8F84301F05BBC991A002904DB8A
:104D2000DB431344228DD342F0D5638B28E700BFC9
:104D3000688102202DE9F04F064689B002F046FD59
:104D400016B9704802F078FB6F4D704FB5F892308D
:104D50000133A5F8923073683B607389132B05D833
:104D6000B5F89A300133A5F89A3010E0684C216804
:104D7000A0466069FDF747FB20B9636903F0F003C3
:104D8000E02B0AD1B5F8A0300133A5F8A030B5F872
:104D900096300133A5F89630AAE104F114030621F8
:104DA0003046009304F11003328902F0A0FD04F1B3
:104DB00010038246059328B1B5F898300133A5F861
:104DC0009830E4E73B689889FCF7D6FB810A01F04C
:104DD000FC011329C4D9338988B28B42C0D3A0F116
:104DE0001403B6F80AC04B4A9BB24B4C844591461B
:104DF000C4F800A01380DFF844A14AD33046AAF8D3
:104E00000030FEF7DFF93C682088FCF7B5FB208016
:104E10003C686088FCF7B0FB60803C686068FCF729
:104E2000AEFBD7F8009060603C4C2060A346D9F8F8
:104E30000800FCF7A4FBD7F800A0C9F80800DFF8C9
:104E40000091C9F80000BAF80E00FCF795FB3B682A
:104E5000AAF80E00CA469889FCF78EFB304B00F08A
:104E60003F0210F0030F04931A70328946D0531C8E
:104E70002C499BB29A420B803FF672AF2A4B4FF0FF
:104E800000091C68002C5FD1284BDFF8B8901C6823
:104E900044E1336813B9264802F0CEFA14213046B3
:104EA000FEF790F9B6F80AB0B9F8009030465946C6
:104EB000AAF800B0FEF786F9A9EB0B0A30681FFAD2
:104EC0008AFA43895345FFF44BAF43685146236048
:104ED000FEF778F933899B447389ABEB090BA6F88D
:104EE00008B013B1134802F0A7FA336832891B895E
:104EF0009A4288D0104802F09FFA84E7094B1A8042
:104F0000BCE700BFEFA324203C8002208081022068
:104F1000B48102208C8102208881022074810220C9
:104F2000508102208E81022030810220488102209F
:104F300007A4242017A4242023A424208481022051
:104F40004C8102200FA52420237D13B9A94802F02B
:104F500073FA237D0A2B02D1A74802F06DFA237D54
:104F6000012B02D1A54802F067FA227A3AB1D8F8AB
:104F7000043093F830300133DBB29A4275D13B688C
:104F8000218B1A88914270D1E28A5B889A426CD157
:104F90006268D8F810309A4267D12268D8F8143085
:104FA0009A4262D1E3689C4202D1954802F044FAE9
:104FB000B9F1000F53D0E368C9F80C30914B1A686F
:104FC0001C60E260E3689C4202D18F4802F034FA30
:104FD0008E4B002231898E4819813968DFF8508262
:104FE00019618C491A600A60894688F8002002809D
:104FF000049A5E601278069012F0080F079303D0AF
:10500000737B43F001037373636F002B00F0A08187
:105010002046FFF7F5F80D3008D0636F002B00F045
:1050200097817D4B1B88002B00F09281638D13B913
:10503000204601F0CDFAB5F896300133A5F8963048
:105040000024764B1C60079BC9F80040586818B1D3
:10505000FEF7E8F8079B5C6009B0BDE8F08FB5F893
:10506000A6300133A5F8A630ACE7A146E46809E70D
:10507000237D0A2B02D0484602F0DEF9227A3AB1AB
:10508000D8F8043093F830300133DBB29A4244D17F
:105090003B68208B1A8890423FD15A88E38A93421A
:1050A0003BD16168D8F81020914236D12168D8F8F8
:1050B0001420914231D1049A11784D0718D4564AE0
:1050C00015888A071AD5DBF80020616A571A002F65
:1050D00019DB278D891ACF4215D42A44CDE9013036
:1050E000059B204600934E4BDAF8001001F034FA8D
:1050F000304609B0BDE8F04FFEF794B8CF0742BF85
:10510000484B1B682362002DF2D0638B204643F08E
:105110000203638301F086FAEAE7E468002CA7D172
:10512000414BD8F804001A683968D8F814E0914661
:10513000B9F1000F20D18889FCF71EFA4307D7D4B4
:10514000B5F8A030344A01331188A5F8A030B5F87D
:105150009630DBF8002001330A44A5F896303B680E
:10516000188802905B880193059B00932C4BDAF81A
:105170000010D8F804003AE099F808C0BCF1000F1C
:1051800005D090F830300133DBB29C450ED14B880E
:10519000B9F816C004939C4508D1D9F800C0F4456D
:1051A00000F05783BCF1000F00F053834C46D9F850
:1051B0000C90BDE7D9F80C30E360C9F80C201A4A0E
:1051C000C2F80090194A1278540791D412F01004D2
:1051D00030D0114BDBF800201C88049B0988224446
:1051E0000193059B029100930D4BDAF8001001F03A
:1051F000CFF97DE742A4242069A4242093A424208D
:10520000BAA4242030810220E5A424205481022065
:10521000688102206C8102208E8102207881022028
:10522000C8810220408102203C810220508102205E
:105230007081022093077FF55BAF99F81D2099F8E4
:105240001C309A42BFF454AF99F81500FFF758F993
:10525000824680B9B5F89C300133A5F89C30D9F866
:105260001830002B3FF444AF01464FF0FF32D9F81D
:10527000100098473CE799F81D303A68013389F8E7
:105280001D30438B43F400734383D8F8143003601C
:10529000D8F810304360B9F81630C38213785278CA
:1052A00043EA0223038303230375DBF80030013351
:1052B0004362C362FFF7DEF9DBF80030CAF858003A
:1052C000013BCAF85000CAF84400CAF85430D9F873
:1052D0001030CAF85C00CAF81030CAF8789099F813
:1052E000093003F00C038AF8093099F808308AF87D
:1052F0000830AD4B1A68C3F800A0CAF80C2001F0C2
:1053000035FCAA4B012250461A70FFF71BFA3B6886
:105310000AF10402BAF83250DB8910460492AAF866
:105320006030AAF86230FCF77BFE049A01462846FA
:10533000FFF7B2F91221AAF83200504600F0C0FF80
:1053400020B121465046FFF727F8D1E65046E1E666
:10535000974B1C60049B1A78560739D5217D02298A
:1053600022D1226DDAF800309A4209D198F8003043
:1053700043F0080388F80030638B23F00103638354
:1053800098F80030190740F1FF81D4F88C301BB138
:105390006FF00D012069984721468348FEF702FE11
:1053A0002046FEF765FA4BE6636ADBF8002093427D
:1053B00008D0D11A0029E3DB218D9B1AD942DFD412
:1053C000638B0CE00029D1D17A4802F035F8CDE7A3
:1053D0009507638B06D5227D023A012A02D943F054
:1053E0000203CCE7D80620465EBF734B1B682362DE
:1053F0000023A4F89630FFF7A5F9049B1B7813F05F
:10540000020103D0227D023A012AB9D8227D023A54
:10541000072AB5D8DFE812F00800910016011A013A
:10542000650116017F019F0103F01202122A64D167
:10543000626CDAF8001001328A425ED1DBF800308B
:105440006264591C3A68013B658E6162E162D289EF
:1054500063650423A4F86020A4F86220E218237591
:1054600010460492FCF7DCFD049A01462846FFF73B
:1054700013F941F21C134200608681009A421546DE
:1054800038BF1D46B5EB800F2BD98BB2A4F848303E
:10549000B4F8663013B9494801F0CEFFB4F866306D
:1054A000256F013BA4F86630FDB9E56E15B9444897
:1054B00001F0C2FF2B68E3662846FEF7EFFA236F80
:1054C000B3B94FF6FF732386D4F88430002B3FF432
:1054D00077AF00222146206998470D307FF470AFE6
:1054E000AEE59A4288BF93B2D0E72B682367E3E723
:1054F0000023238684F84230E6E7D9067FF540AFE3
:105500003B68304A18881188DBF80020029020465A
:105510005B880A440193059B00932B4BDAF800103B
:1055200001F01AF894F84230052B3FF629AF00231A
:105530002046238601F02EFA22E751B1636ADBF898
:105540000020013B93427FF41BAF204600F0A0FFF8
:1055500016E7DA067FF514AF636CDAF80010DB4368
:10556000CB425DD4236D5B1A002B59DB04232375DA
:10557000A36F1BB92046FEF78BFF61E59B6913B94A
:10558000124801F059FF2046FEF782F9A36F9B698C
:10559000002BEFD00022214620699847C0B10D3082
:1055A0003FF44EADE6E700BF308102203481022097
:1055B000788102203CA52420408102205CA5242083
:1055C00072A524208E810220C881022085A5242076
:1055D0002046FFF771F9069B1B8813B1013B069A21
:1055E0001380618E41F21C134A0088009A421546CE
:1055F00038BF1D46B5EB810F0ED983B2A4F84830F1
:1056000098F800309B067FF5BBAE638B43F0020336
:10561000638307232375B3E69A4288BF93B2EDE70D
:10562000904B914A1B6810881D88DBF8002002957A
:105630005B88024420460193059B00938B4B00F04E
:105640008BFF9DE62046FFF737F9D9E72046FFF7A5
:1056500033F998F8003013F0200F049B1B7831D0F9
:1056600013F0100F638B28D0216DDAF800209142DF
:1056700023D1E26E0ABB43F0020320466383FEF7A8
:105680008BFA7B4A13689C4209D1E368136008E0F7
:10569000DA68944202D1E268DA6002E01346002B35
:1056A000F6D1744B01221A700A232375724B1A68C3
:1056B0001C60E26001F05AFA62E643F00203638381
:1056C0000823A7E7DF067FF55BAE226DDAF800302E
:1056D0009A427FF455AEE36E002B7FF451AE062361
:1056E00098E72046FFF7E8F898F800309E067FF527
:1056F00047AE638B204643F002036383FEF74CFA08
:105700005B4A13689C42C0D0002BCAD0DA6894422E
:10571000C1D01346F8E72046FFF7CEF8049B1B786C
:10572000DD067FF52DAE226DDAF800309A427FF467
:1057300027AEE36E002B7FF423AE2046FEF72CFA53
:105740004B4A13689C42A0D0002BAAD0DA6894423E
:10575000A1D01346F8E72046FFF7AEF8049B1B786C
:10576000D8067FF50DAE226DDAF800309A427FF44C
:1057700007AEE36E002B7FF403AE98F8003043F0E1
:10578000100388F80030FBE5069B1A8822B1E36F0E
:10579000D3B90023069A13802046FFF717F8002894
:1057A0007FF44EACD9F8003013B3636F13B13348B4
:1057B00001F042FE638BD9F8002013F0100309D0EA
:1057C0001046FDF72FFDD5E62146206998470D309C
:1057D000DFD135E4D4F880500DB321462069A847C5
:1057E00010F10D0F3FF42CAC10B1D9F80030636705
:1057F00098F800309A0605D5636FB3B15A7B42F032
:1058000020025A731E4B002220461A60FEF7DEFF6C
:1058100000287FF415AC204600F004FF10E42B466E
:1058200021462846FEF7CAFCDAE7238D4CF29C722B
:10583000D4F8805093421CBF01332385002DE1D062
:105840000023214620691A46A8470D30DAD1FFF718
:10585000F7BB002C7FF4AEACB5F8A6200132A5F85A
:10586000A620AFE4808102208E810220C881022020
:10587000308102203481022048810220A3A5242007
:1058800078810220024A137843F0100313707047A6
:105890007081022010B5044610B9044801F0CCFD17
:1058A0006368987B013818BF012010BDBDA5242076
:1058B0002DE9F843089D80460C4617461E469DF884
:1058C000289015B9184801F0B7FDBC422AD29DF8BE
:1058D00024309A0709D46B8B5B0623D4B9F1000FEF
:1058E00003D0EB6E0BB92B6FE3B104F2B75525F083
:1058F0000301B9420A4628BF3A4691B24FF42072DA
:105900004046FDF7E3FC054648B1036813B107487C
:1059100001F092FD6B891B1B33802C816C81284622
:10592000BDE8F8832146E9E7E2A5242001A624206A
:105930002DE9F0470E46904699469DF820A007466F
:1059400010B92F4801F078FD16B92E4801F074FD0A
:105950004FEA8A050320FDF721FA044605F0040505
:1059600028B93046FDF75EFC2046BDE8F0870023ED
:1059700080F80CA01FFA85FAC0E900363389AB42E3
:1059800002D2214801F058FD338930461421A3EB9F
:105990000A034FF0000A2381A4F80AA0FDF70EFCC9
:1059A000064650B1194A20465446B2F8A430013395
:1059B000A2F8A430FEF772F8D6E76368AD08F88A5B
:1059C000D3F804A00535C4F810A0FBF7D5FDAAF85C
:1059D0000000D4F810A0388BFBF7CEFD2769AAF899
:1059E00002004846FBF7CBFD786048EA053027699E
:1059F000FBF7C2FD2369B8819E74DE74B4E700BF73
:105A000015A6242035A6242056A624203C8002205A
:105A10002DE9F04385B004460D461646DDF830808A
:105A20001F46B8F1000F02D1154801F005FDD5F869
:105A3000049033462A8906212846009701F057FF33
:105A4000A9F81000CCB1E37AA47A0E492846B1F83F
:105A500090200132A1F8902006223146CDF808802E
:105A6000CDE900423A46FCF7BDFC04462846FDF766
:105A7000D9FB204605B0BDE8F083FF23E5E700BF72
:105A80006BA624203C80022014312DE9F04189B21C
:105A90000646174640204FF420729846FDF716FC44
:105AA000054628B34389132B02D8134801F0C4FCE0
:105AB0006C684046FBF760FD2080BDF81800FBF7DE
:105AC0005BFD676060803046FBF759FDA0609DF884
:105AD0001C0040F4A040FBF74FFDA081BDF8200062
:105AE000FBF74AFD0023E08123746374A374E3741D
:105AF0002846BDE8F08100BF9CA6242010B50446CE
:105B000086B030B90B48CDE9041201F095FCDDE90F
:105B10000412638D029310230193238B0093E38A75
:105B2000606AFFF7B1FF18B1628D636A1344E362E4
:105B300006B010BDCAA6242010B9024801F07CBCF2
:105B4000704700BFEFA624207FB505460C461E46D1
:105B500012B9104801F070FC16B90F4801F06CFC46
:105B60002846FBF70CFD142349F6C74102462046A0
:105B7000CDE90131BDF8243000210093BDF820307B
:105B8000FFF782FF044608B1FFF7D6FF204604B0B6
:105B900070BD00BF15A724202FA72420F7B5044609
:105BA00017461E460D4611B90D4801F045FC5CB183
:105BB000207A48B1FDF780FA50B92846FDF732FB4C
:105BC0006FF0030003B0F0BD3046FCF729FAF3E7AD
:105BD000009033463A4629462046FFF719FFF1E781
:105BE0004AA724202DE9F04F2DED028B91B00446F9
:105BF0000A93002309910692ADF83E3060B9AA4895
:105C000003F07EF8A94803F07BF86FF00F0011B0A5
:105C1000BDEC028BBDE8F08FB0F86230428E5B08BD
:105C2000934228BF1346002B08BF1346089301F088
:105C3000CDFD099B0BB99E48E2E7237D072B03D0DE
:105C4000023B022B00F26482069BF3B1B4F864308D
:105C5000069A934206D2638B43F0800363834FF02E
:105C6000FF30D4E7B4F86620112A06D9914AB2F879
:105C70009C300133A2F89C30EDE7236FD2B123B9F9
:105C8000E36E13B98C4801F0D7FBB4F86630E66ECA
:105C90000793B6B9B4F86890B9F1000F00F0CC8161
:105CA0008648B04601F0C8FB3546B3463746B14694
:105CB000059683E013B9E36E002BE6D08048E2E757
:105CC000059E3368B0460593002BF9D1377B3389A5
:105CD000BF00089A07F004073B449A4202DA794869
:105CE00001F0AAFB089B3589B4F868205D1B738915
:105CF000ED1B9A42ADB202D0734801F09DFBB4F89F
:105D00006870ADF83E70002F61D0AF4202D96F4885
:105D100001F092FBBDF83E30069A9A4228BF1A461F
:105D2000AA42174628BF2F46DB1BED1B9BB2ADB224
:105D3000ADF83E3033B1069BBB4200F0EC816448C5
:105D400001F07AFB069B9F4280F0E581002D00F078
:105D50006E81B8F808B0BBF1000F00F06B81DE1B5C
:105D60000A9BAE42A8BF2E46DB071FFA86F930D544
:105D700001232A464946002002930A9BCDE90043AD
:105D80000DF13E03FFF794FD8246002800F0BD812F
:105D9000099B4A4640680025D919BDF83EB002F07B
:105DA00077FF5046FDF744FB079B03449BB20793E4
:105DB000B9444646CDF814A01FFA89F90A9B4FF062
:105DC000000A03F00103CDF82CA00C93EBE03E4653
:105DD000B8E7D8F804A05246DAF800A0BAF1000FEC
:105DE000F9D1137B13F0C00F0CD151895368099A74
:105DF0000B449A4206D1D7B136484D46D34601F0FE
:105E00001BFBD5E7012249460020FDF75FFA8246D9
:105E1000002800F07A81099B00253B44AB46436093
:105E2000FDF706FB079B03449BB20793C0E74D4673
:105E3000BB46BDE7069B089AA3EB09039BB29342BE
:105E400028BF13469BB208EE103A0C9B002B45D09E
:105E5000BAFA8AF318EE101A54205B0902930A9BCF
:105E6000CDE900430DF13E03FFF722FD0646002871
:105E700051D0438918EE102A934202D2164801F0FD
:105E8000DBFA099B18EE102A706803EB090102F097
:105E9000FFFE3046FDF7CCFA079B03449BB2122B62
:105EA000079362D9304634E073A724209AB02420A7
:105EB0008AA724203C800220BBA72420D4A8242029
:105EC000F5A7242027A824203EA824206DA824205C
:105ED0008DA82420ABA8242003A92420BDF83E309F
:105EE00013B18F4801F0A8FA012218EE101A5420BD
:105EF000FDF7ECF978B1099A00210D904A4442600F
:105F00004FF420725420FDF7E1F90D9B064640BB8B
:105F10001846FDF787F9638B824A43F08003638359
:105F2000B2F89C300133A2F89C30059B13B118469F
:105F3000FDF778F9BAF1000F02D05046FDF7BCFD2D
:105F4000B4F86630002B3FF48AAE236F002B7FF449
:105F500086AEE36E002B7FF482AE734801F06CFADC
:105F60007DE61946FDF780FA93E7E36D002231469E
:105F700020464B440092FFF7DBFC06460028CAD0BF
:105F8000BDF83E304381BAF1000F4ED00B9B13B9E0
:105F9000664801F051FA0B9B1E6018EE103A0B9602
:105FA00099441FFA89F9069B9945FFF443AFB8F16C
:105FB000000F07D0BBF1000F04D0B8F80A305B44E3
:105FC000A8F80A30AFB1D8F80490B9F1000F3AD16F
:105FD000B8F808303B44A8F80830B8F80A30BB429B
:105FE00002D2534801F028FAB8F80A30DF1BA8F8AB
:105FF0000A70BDF83E30A4F86830059B002B3BD0FA
:10600000B8F1000F02D14B4801F016FA0599D8F803
:106010000400FDF729FA059AB8F8083012891344EC
:10602000A8F80830C8F800A048E08246B5E7AB46BB
:10603000B946C3E65D46FBE74D46CB464F46C846EC
:10604000CDF81490BAE6B9F808303B44A9F8083006
:10605000D9F800306BB9D9F804303A46B9F80A00DB
:106060000999184402F014FEB9F80A303B44A9F823
:106070000A30D9F80090A8E7DDB1B8F1000F02D0DE
:10608000D8F8043013B92C4801F0D6F9D8F8043008
:106090001A8919682A4492B21A8141B95A892A4444
:1060A0005A81B8F808301D44A8F80850BAE70B46E2
:1060B000EEE7B8F1000FB5D1C4F86CA0E36D069A15
:1060C0001344B4F86420E365069BD21A079BA4F836
:1060D0006420A4F8663033B1236F23B9E36E13B99B
:1060E000114801F0A9F976B1306900283FF48FAD6D
:1060F0000A9B13F0020506D184890820FBF73CFABD
:10610000336920439881002081E54FF0000A02E7BF
:106110006FF00A007BE54FF0000A554652E700BFDA
:1061200041A924203C800220F9A924204FA9242041
:1061300060A924208CA92420C4A924202DE9F74F8C
:106140000D46064610B9594801F076F9F46E14B9B7
:106150004FF0FF3005E03DB9554801F06DF96FF0A3
:10616000050003B0BDE8F08F2389AB4201D80020C1
:10617000F7E7738EAB4202D24E4801F05DF92389F6
:1061800013B94D4801F058F994F80CB04FF420724F
:10619000B4F808A054204FEA8B08AAEB050108F0D8
:1061A00004081FFA81F918FA81F189B2FDF78EF817
:1061B000074600286CD060682289038979689B1A99
:1061C0004A4641442B449BB2FDF72AFA484560D128
:1061D00023699889FBF7D0F910F008095FFA80F875
:1061E00023691ABF4FF0080908F0370808F03F0884
:1061F000586818F0010F1CBF49F0010908F0FE08AB
:10620000FBF7BDF939462B184A463046CDF800B0A9
:10621000FFF78EFB074600283AD06068A5EB0A0519
:10622000FDF706F9B6F866301FFA85F9181AA6F8D0
:1062300066006068018911FA85F189B2FDF7B4F84A
:106240002389404699442369A4F808909D89FBF767
:1062500093F9236928439881002360686381FDF7DF
:10626000E7F8B6F866301844A6F866007868FDF7D7
:10627000DFF8B6F8663018442368A6F866003B607D
:106280002760386800287FF472AFA6F8680068E7D6
:1062900000270A4AB2F89C300133A2F89C30002F44
:1062A0003FF456AF3846FCF7BDFF51E717AA24204C
:1062B00039AA24205BAA242068AA24203C8002203A
:1062C0002DE9F74311F0030804460E4602D1354884
:1062D00001F0B2F814B9344801F0AEF8C6F3400743
:1062E0004FF4207254204FEA87094946FCF7EEFF2D
:1062F000054670B9638B4FF0FF302C4A43F08003A2
:106300006383B2F89C300133A2F89C3003B0BDE83F
:10631000F08343894B4502D2254801F08DF8294688
:1063200000973246E36D2046FFF702FB0546002842
:10633000E0D003699A0702D01E4801F07DF82B894E
:1063400013B11D4801F078F8E36E23BBE566002326
:10635000A4F86830B8F1000F02D0E36D0133E365B3
:10636000F307686842BF638B43F020036383FDF744
:106370005FF8B4F86630184480B2A4F866000028CC
:10638000C4D0206F28B9E46E002CBFD10B4801F0B7
:1063900053F80020BAE71A461B68002BFBD11560A2
:1063A000D5E700BF76AA2420CBAA24203C80022077
:1063B000EAAA242023AB24203BAB242065AB242075
:1063C000F8B5044610B9114801F036F8E56E4DB144
:1063D0002F462D68002DFBD13B699889FBF7CCF83F
:1063E000430705D020460121BDE8F840FFF768BF0C
:1063F0003B6901209E89FBF7BFF83B6930439881D8
:106400002846638B43F020036383F8BD8DAB2420C3
:106410002DE9F041044610B91C4801F00DF8256F34
:1064200045B96FF00500BDE8F081FFF733FA0028A9
:10643000F7D12D682B682846002BF6D1FFF72AFAF2
:106440000028EED1E36E2B6013B96B89A4F8683095
:10645000236F0026E366638B266743F40063638340
:106460002B695868FBF78BF82B690746B5F808804D
:106470009889FBF781F810F003034744304618BFB2
:10648000012366633B44E364CDE700BFA7AB242050
:10649000F8B5044610B9194800F0CEFF256F15B9BC
:1064A0006FF00500F8BD2846FFF7F4F90028F7D192
:1064B0002B6804F16C062367336883B933682B605B
:1064C00035602B680BB9A4F8683094F8423000208E
:1064D000FF2B60631CBF013384F84230E2E71B6985
:1064E0005868FBF74CF82B6907465868FBF747F8E4
:1064F000381A0028E2DA3668DEE700BFCBAB24208A
:1065000038B5044610B9134800F096FF236FFBB16D
:10651000638B5B071CD42046FFF7BAFFC0B9B4F801
:106520006010B4F848302086994228BF1946638E1F
:106530005D004A10B5EB510F2B4488BF2A46134427
:10654000A4F84A20A4F84830638B43F00403638323
:1065500038BD00BFE3AB24207FB5BDF8245004460E
:10656000BDF82860084611461A46089BCDE900563A
:10657000CDE90223FFF7E8FA014638B12046DDE90C
:10658000022304B0BDE87040FFF708BB04B070BD43
:10659000F0B585B00D4604461146BDF82C601A468C
:1065A000BDF830700A9B88B12846CDE90067CDE977
:1065B0000223FFF7C9FA014640B100200A94DDE941
:1065C000022305B0BDE8F040FFF722BA05B0F0BDE8
:1065D00038B5044610B9124800F02EFF206DFAF7C6
:1065E000CEFF002102462046FFF788FA054630B963
:1065F000638B6FF0010043F00303638338BDFFF743
:106600009BFA231D224629462046FFF7C7FA638BD3
:1066100018B143F003036383F0E723F00303FAE7C1
:1066200000AC24202DE9F04F044687B001F0CEF8ED
:1066300014B98D4800F000FF237D012B02D18B4857
:1066400000F0FAFE8A4B1B68A34200F07281E56EEF
:106650004DB9638B990740F16881204607B0BDE8CA
:10666000F04FFFF7B5BF207A04F10409B4F8488071
:10667000B4F8606040B3FCF71FFD0746002800F047
:10668000708123680BB9436823602B69B045586853
:1066900028BFB046FAF773FF2B89626C9B1A184427
:1066A000404515D9B4F860304345D2D1236F002B53
:1066B000CFD194F89530002BCBD14FF4807284F871
:1066C0009630A4F89420C4E74846FBF7A9FCD4E729
:1066D0000023266F84F8953026B133463668002EA5
:1066E000FBD11E46DFF894A1E5E0237D022B09D003
:1066F0002B691020B3F80CB0FAF73EFF2B694BEA78
:10670000000098812846FFF7C5F8002875D1D5F814
:1067100010B0606AFAF733FFCBF80800608DD5F847
:1067200010B0FAF729FF628D636AABF80E001344CC
:10673000D5F810B0E3622B7BDB074FD40BF1140BC1
:10674000B4F93030002BBCBF00232386636B3BB908
:10675000484A2B69126862635868FAF710FFA06311
:106760006A682B6951685089591A536089B2401A76
:1067700050811089411A118100221A745A742A7B9F
:10678000920002F00402143213449B4502D03A48AE
:1067900000F052FE68682346D5F810B00621028941
:1067A000CDF8009001F0A3F8BAF89030ABF81000E3
:1067B0004A46013302972146AAF8903006230193F6
:1067C000A37A0093E37A6868FBF70CFEA8B1638BA9
:1067D00043F08003638307B0BDE8F08F4A46394633
:1067E00040F2B4500BF1180BFDF756FF40F001706A
:1067F000FAF7C5FE4BF8040CA2E700236B812B6867
:10680000E366237D022B1EBF638B23F003036383A8
:106810002B695868FAF7B3FE2A892B6983460592DB
:106820009889FAF7A9FE059A10F003039344226DA4
:1068300018BF01235B44B5F808B0D21A002AB8BFCC
:1068400023652B699889FAF797FE10F0030018BFAB
:10685000012010EB0B0F00F0808000232B60236FD2
:1068600073B925672E4623E020AC242038AC2420C1
:10687000788102204081022075AC24203C800220D7
:106880002B695868FAF77BFE336983465868FAF734
:1068900076FEABEB000000285DDA04F1700BDBF84C
:1068A0000030002B47D1DBF800302B60CBF80050D4
:1068B000E56E002D36D02B695868FAF760FE636CE0
:1068C000C01A2B89184440452AD82B699889FAF7B1
:1068D00053FE420702D5244800F0AEFD236F002B83
:1068E0003FF403AF628B12F0440F7FF4FEAEE36E11
:1068F00043B1196800297FF4F8AE1989638E994273
:10690000BFF4F3AEB4F86430002B3FF4EEAEB4F84D
:106910006630112B3FF6E9AE12F0A00F7FF4E5AE22
:10692000E36E13B90023A4F86830638B23F080036F
:10693000638300204FE71B695868FAF720FE2A6935
:1069400005905068FAF71BFE059B181A0028AADA72
:10695000DBF800B0A3E7356084E72846FDF79EF832
:10696000A6E76FF0030036E75EAC242010B50446BE
:1069700010B9074800F060FD94F842302046FF2B24
:106980001CBF013384F84230BDE81040FFF74ABE17
:1069900088AC242010B5044610B9064800F04CFD20
:1069A0002046FFF735FD20B92046BDE81040FFF72F
:1069B000DDBF10BDABAC242070B5044610B90D4846
:1069C00000F03AFD206D0138FAF7D9FD00210246AA
:1069D0002046FFF793F8054648B1FFF7ADF8231DB1
:1069E000224629462046BDE87040FFF7D7B84FF051
:1069F000FF3070BDC7AC24202DE9F041064610B928
:106A00002A4800F019FDF56E002D48D096F8963012
:106A1000FF2B1CBF013386F896302B699889FAF753
:106A2000ABFD10F001042B69304618BF2C895A6861
:106A30001CBFB4FA84F4640984F00101FFF75EF826
:106A4000074678B3D0F80480F4B1B8F90C401120AF
:106A5000FAF792FD24F47C542043A8F80C002B692B
:106A60005868FAF78CFD336D01301B1A002BB8BF44
:106A700030653846FFF760F8331D324639463046F8
:106A8000BDE8F041FFF78AB8686808F114012A8967
:106A900003899B1A01229BB2FCF7C2FDDFE728465F
:106AA000BDE8F0814FF0FF30FAE700BFE2AC2420F0
:106AB00070B504460A200E461546FCF76FF920B95A
:106AC0000F48BDE8704000F0B7BC00230D4A446099
:106AD00003601368C0E902650BB9106070BD5968A6
:106AE000611A002901DA0360F7E719461B681BB138
:106AF0005A68A21A002AF8DA03600860EEE700BFBD
:106B000005AD24209481022038B543680446984797
:106B100000F0EFFD074B25681B6807492B441A1A44
:106B2000002A2246B4BF40191846BDE83840FFF796
:106B3000BFBF00BF90810220096B242070B50446BE
:106B40000D46164600F042FEB4F1804F02D30648CF
:106B500000F072FC00F0CDFD324629462044BDE82D
:106B60007040FFF7A5BF00BF42AD242008B500F07C
:106B70002DFE094B1A6872B9084A126812B9084A00
:106B8000126842B101220749FA201A600022BDE8CA
:106B90000840FFF7D3BF08BD988102203081022052
:106BA00048810220A96B242008B5FDF7ABFB084BF8
:106BB0001B6813B9074B1B6833B100220649FA2042
:106BC000BDE80840FFF7BABF044A136008BD00BF24
:106BD0003081022048810220A96B24209881022064
:106BE00070B5064D0124064E55F8080F01343146A4
:106BF0002A46FFF7A3FF062CF6D170BD78AD2420FE
:106C0000096B24202DE9F04100F0E0FD0D4E00F06D
:106C100070FDDFF834800446316889B14B68E21AB0
:106C2000002A0DDB0A680A20C8F800303260D1E97A
:106C30000257FCF7CBF8002DEED03846A847EBE71B
:106C4000BDE8F081948102209081022010B5084CAB
:106C500000F0BCFD23683BB100F04BFD23685B688E
:106C6000181A48BF002010BD4FF0FF30FBE700BFEF
:106C70009481022008B500F0EDFB6FEA8040024BE2
:106C80006FEA9040188008BD3A8D24202DE9F04F1E
:106C9000054687B0894600F099FD15B9744800F0A3
:106CA000CBFBB9F1000F02D1724800F0C5FB724B6B
:106CB000B3F87A201F460132A3F87A206A89072A9E
:106CC0000FD8B3F882200132A3F88220B3F87E20D7
:106CD0000132A3F87E20284607B0BDE8F04FFCF74C
:106CE000A1BADFF8AC810026D5F804A0D8F80010CE
:106CF000D8F81400FBF787FB0290BAF80000FAF707
:106D00003BFC0390BAF80200FAF736FC5B4A3346C4
:106D100004901468934644B9002E50D1D9F8042049
:106D2000D8F814309A424AD0D5E7628A04998A4248
:106D300062D1B9F1000F04D15148059300F07CFBFA
:106D4000059B217A39B1D8F8042092F8302001321D
:106D5000D2B2914250D1029A2168002A46D041B164
:106D6000D8F81400421C04D04840D9F8082010423A
:106D700042D1227C52070FD4002E40D0029A5AB141
:106D8000D8F81420013207D1D9F8040032688242C1
:106D900002D0884208BF2646A28A03998A422BD194
:106DA000616819B1D8F81020914225D14BB3E2683F
:106DB000DA60DBF80030CBF80040E3602646BAF832
:106DC000063023B32F4B11212A8928460093043B18
:106DD00000F08DFDD8B1B7F880300133A7F88030CE
:106DE000B7F87E300133A7F87E3074E70029C0D0B1
:106DF000D8F814208A42BCD02346E4688BE72646A4
:106E0000CAE7B7F88E300133A7F88E30D6E70821ED
:106E10002846FCF7D7F918B11B4800F00DFBDFE757
:106E20006EB1B469002C3FF456AF039B2A4631463D
:106E30000093164BF069A04707B0BDE8F08F029BA6
:106E400083B9D8F8143003F0F003E02B0AD0B8F877
:106E50000C102846083109B2FCF7DCF9032128465A
:106E600001F0EAFEB7F888300133A7F88830B7E7B9
:106E7000A8AD2420C0AD24203C8002209C810220AB
:106E8000D9AD2420C8810220FEAD2420C481022077
:106E9000B48102202DE9F04188460746164600F0ED
:106EA00095FC2B4BB8F1000F08BF98464FB9294805
:106EB00001F026FF284801F023FF6FF00F00BDE826
:106EC000F081264801680D46CDB9002E3DD1244BF6
:106ED0004FF480444FF6FF7C1E8866450A4616BF75
:106EE00001364FF44046B6B27AB91E80D8F8003069
:106EF0007E823B600DB9F96007600020DFE7BD428C
:106F000001D0ED68E0E70125DFE7B2F812E0B64511
:106F100007D1013CA4B2002CDFD11E806FF0070026
:106F2000CDE7D268E0E7BB420BD05A8AB24208D123
:106F3000D8F800401A68A242F0D0002CEED0002A07
:106F4000ECD0DB68002BEED1D0E70B46FAE700BFB0
:106F50009C94242018AE24209AB024209C810220E6
:106F60003A8D24202DE9F04F064685B00F46904615
:106F70009A46DDE90EB900F029FC5EB942486FF08F
:106F80000F0401F0BDFE414801F0BAFE204605B0F5
:106F9000BDE8F08F0FB93E48F1E7B8F1000F01D11D
:106FA0003C48ECE7B9F1000F01D13B48E7E7BBF102
:106FB000000F01D13948E2E7728A3AB13A894FF6B7
:106FC000F7739A420AD94FF0FF34DFE73146304673
:106FD000FFF760FF04460028F0D0D7E708213846C5
:106FE000FCF7ECF800284DD04FF420720821402027
:106FF000FCF76CF905460028E5D03B8913B139460A
:10700000FCF760FA6B89072B02D8254800F014FAC8
:107010006C68708AFAF7B0FA20805046FAF7ACFA3A
:1070200000236080A371E3712889FAF7A5FAA08094
:10703000337CDB070DD42A894B4611212846CDF835
:10704000008000F054FC4FF6FF73002808BF18467C
:10705000E08011234246494628460193B37ACDF891
:1070600008B00093F37AFBF725F9BD42044602D03D
:107070002846FCF7D7F80B4AB2F878300133A2F86B
:10708000783083E73D46BDE72EAE24209AB0242019
:107090004DAE24206DAE24208FAE2420B1AE24202E
:1070A000D2AE24203C80022073B5069C48B9134818
:1070B00001F026FE124801F023FE6FF00F0002B02F
:1070C00070BD09B90F48F3E70AB90F48F0E70CB9EA
:1070D0000E48EDE705681DB105F0F006E02E05D17C
:1070E000251DCDE90045FFF73DFFE8E76668B5429D
:1070F00001D10546F5E76FF00300E0E700AF24207B
:107100009AB024201BAF242037AF242055AF242071
:10711000F7B50E4615461F46044648B9144801F017
:10712000EFFD144801F0ECFD6FF00F0003B0F0BD6F
:1071300009B91148F3E70AB91048F0E7007A58B1E5
:10714000FBF7BAFF60B90E4A6FF00300B2F8863061
:107150000133A2F88630E9E71046FAF761FFF1E75C
:1071600000903B462A4631462046FFF79DFFDDE76B
:1071700072AF24209AB024208AAF2420A3AF242009
:107180003C800220024610B540B9094801F0B8FD24
:10719000084801F0B5FD6FF00F0010BD09B90648B1
:1071A000F4E7838A0432BDE81040FFF7B1BF00BFA7
:1071B000BEAF24209AB02420D4AF242070B504465A
:1071C0000D46164600F002FB44B9144801F098FD44
:1071D000134801F095FD6FF00F0070BD0DB9114817
:1071E000F4E7628A6AB12B680F4A63601168237CF6
:1071F0000846A68243F00403237448B9E160146092
:10720000EBE721462046FFF745FE0028EBD0E4E7F8
:10721000844201D0C068F0E70020DEE7EBAF242015
:107220009AB0242004B024209C81022070B504462A
:107230000E46154600F0CAFA3CB9054801F060FD5B
:107240000448BDE8704001F05BBDC4E9066570BD4F
:1072500020B024209AB0242010B5044600F0B6FADD
:107260003CB90F4801F04CFD0E48BDE8104001F05C
:1072700047BD0D4A1368A34208D1E3681360214655
:107280000020BDE81040FBF7A1BD1346002BF6D04F
:10729000DA68002AF3D0A242F7D1E268DA60EEE7BA
:1072A00036B024209AB024209C81022010B500F032
:1072B0008DFA0020FBF772FD044628B12022002140
:1072C00001F0D6FCFF23E372204610BD08B500F0A4
:1072D0007DFABDE80840FFF7E9BF000010B538B1FE
:1072E00003682BB121B10B6813B1064B1B6803B9BE
:1072F00010BD1C680268944204BF0A681A60DB680B
:10730000F5E700BF9C81022070B504460D4600F0F1
:107310005DFA63890E2B04D8294B1A8D01321A8528
:1073200027E0E37B1BB995F830300133E3736068E5
:1073300003788689D9070AD5012B21D1437833B93F
:1073400083785E2B03D1637B43F010036373082EB5
:1073500020D0B6F5C16FDFD195F82D301B070BD5C6
:107360000E212046FBF72EFF20B3154B5A8C01321D
:107370005A84DA8B0132DA832046FBF753FF17E099
:107380000622104901F0A4FC0028E0D1637B43F001
:107390000803DBE795F82D301A07EDD50E212046BE
:1073A000FBF710FF0028E7D129462046FAF770FEC8
:1073B000002070BD29462046FAF794FBF8E700BF8D
:1073C0003C8002207FB024202DE9F0470D46044682
:1073D000BDF8200017469846FAF7CEF80E218146F0
:1073E0002846FBF7EBFED8B900F0F0F96E680622EC
:1073F00041463046A6F80C9001F04AFC0622394678
:10740000B01801F045FC94F82C30062B02D0084847
:1074100000F012F8A36929462046BDE8F047184756
:10742000044A6FF00100538901335381BDE8F087AE
:107430004EB024203C8002200146054808B501F0EA
:107440005FFC4FF47A7001F04BFC01F00DFCFEE79D
:107450008BB02420054B43F239020549186801FB23
:1074600000201860C0F30E40704700BFA0810220CA
:107470006D4EC64110B5044600220846042101F0B5
:10748000E3FB206070B1094AB2F8EC30B2F8EE10BC
:1074900001339BB29942A2F8EC3001D2A2F8EE304F
:1074A000002001E04FF0FF3010BD00BF3C80022003
:1074B00010B50446006801F003FC80B14FF02003D2
:1074C00083F31188BFF36F8FBFF34F8F09490A48C9
:1074D00001F0D2FB4FF4FA7001F002FCFAE7074A20
:1074E0002068B2F8EC30013BBDE81040A2F8EC3067
:1074F00001F0CABB9DB02420B8B024203C800220FB
:107500001FB5002401910394EFF305830068ABB12C
:10751000234603AA01A901F0CFFB012814D1039B44
:10752000012B02D0002004B010BD0C4B4FF0805254
:107530001A60BFF34F8FBFF36F8FF3E71A4601A9AD
:1075400001F0B2FB0128EDD0054A4FF0FF30B2F850
:10755000F0300133A2F8F030E5E700BF04ED00E0C1
:107560003C800220F7B50D460646174601F0C0FBE9
:10757000044605B901AD87B13A462946306801F0A5
:10758000ABFB012804D101F0B3FB001B03B0F0BD3D
:1075900000234FF0FF302B60F8E74FF0FF32294611
:1075A000306801F099FB0128F7D101F0A1FB001B25
:1075B000012838BF0120E9E707B501B901A9002278
:1075C000006801F089FB013818BF4FF0FF3003B0AD
:1075D0005DF804FB012938B504460D4618D9084664
:1075E00001F05AFB20602068104CB8B115B9012198
:1075F00001F082FBB4F8E030B4F8E22001339BB232
:107600009A42A4F8E03001D2A4F8E23000200CE065
:1076100003220021012001F017FBE3E7B4F8E43076
:107620004FF0FF300133A4F8E43038BD3C80022035
:1076300070B50E46054601F05BFB04464EB131467F
:10764000286801F059FB012811D101F051FB001B02
:1076500070BD4FF0FF31286801F04EFB0128F8D1D2
:1076600001F046FB001B012838BF0120F0E74FF076
:10767000FF30EDE710B50446012001F011FB0C4A84
:10768000206068B1B2F8E630B2F8E81001339BB27E
:107690009942A2F8E63001D2A2F8E830002006E0D4
:1076A000B2F8EA304FF0FF300133A2F8EA3010BDF3
:1076B0003C80022010B504464FF0FF31206801F0F5
:1076C0001BFB0128F8D110BD002300681A4619469B
:1076D00001F0EABAFFF7F8BF044A0068B2F8E030F8
:1076E000013BA2F8E03001F0CFBA00BF3C8002209D
:1076F000704701F0FDBA000030B51C1E054685B08C
:10770000084602DC0948FFF797FE03AB29460193C0
:10771000089B00931346A2B201F0E6FA012801D0BB
:107720000348F0E7039805B030BD00BFCAB024207D
:10773000DCB0242010B5EFF305845CB1EFF31184C5
:107740004FF0200383F31188BFF36F8FBFF34F8F88
:10775000204610BD01F088FAFAE7EFF3058313B174
:1077600080F31188704701F0A3BA000010B5074CF0
:107770000748FFF79FFF23781BB901F069FA054B13
:10778000186023780133237010BD00BFA881022048
:107790005C920120AC810220054A1378013BDBB2E8
:1077A00013700BB9034A13600348FFF78DBF00BF86
:1077B000A8810220AC8102205C92012008B501F072
:1077C00047FA014B186008BDB081022008B5EFF3FD
:1077D000058313B10848FFF72FFE084B1B6853B110
:1077E00001F036FA064B1B68834202D1054B1B7829
:1077F0000BB90548EFE708BDF1B02420B0810220A5
:10780000AC810220A881022018B1242013B50023E6
:1078100010F00104ADF8063007D09942C2BF10F84D
:10782000013B01F1FF318DF807300022012915DC01
:1078300004BF03788DF80630BDF80630134498B2C3
:1078400000EB134398B200EB134024B10302C0F3E2
:1078500007209BB2184380B202B010BD30F8023B43
:1078600002391A44E2E72DE9F0411C680746069BFD
:10787000884616461D682B0C13FA85F3002513FA6B
:1078800084F303EB14439CB204EB13439CB204EB6C
:107890001344C7B925B12302C4F307249BB21C4388
:1078A0004046F9F769FE05463046F9F765FE28447B
:1078B0000444A0B200EB1444A0B200EB1440C04357
:1078C00080B2BDE8F08179897868FFF79FFF7B89F6
:1078D0002044DB0784B204EB104406D52302C4F332
:1078E000072485F001059BB21C433F68D1E7FFF7F1
:1078F000BABF08B5FFF78AFFC04380B208BD70B5B4
:1079000000260546344645B926B12302C4F30724B0
:107910009BB21C43E04380B270BD69896868FFF781
:1079200075FF6B890444DB07A0B200EB144406D555
:107930002302C4F3072486F001069BB21C432D6882
:10794000E1E743798B421FBF0023417183710381BB
:1079500070470000F8B5871C04460D461646442FB4
:1079600002D90548FFF768FD330AB8B22B55013438
:10797000A4B22E55F8BD00BF3AB12420F8B51E467A
:10798000023304460D4603441746442B02D90548EA
:10799000FFF752FD631CA01C2F559BB280B2EE5422
:1079A000F8BD00BF75B12420F8B5071D04460D468B
:1079B0001646442F02D90948FFF73EFD330E320C1C
:1079C0002B55631CB8B29BB2EA54A31C0334320A91
:1079D0009BB2A4B2EA542E55F8BD00BFB7B1242023
:1079E0000346104630B45C1CFF25A2B2CD5411FAF8
:1079F00084F100251446432C0BD9442AC3F14301DA
:107A000003F1F10388BF0021194430BC89B2FBF7B0
:107A1000CBBC013401F8015BA4B2ECE738B5134DDF
:107A20002B78DBB9124C236813B11248FFF704FD21
:107A3000FFF73CFC2060B0B1427A0F4942F02002CF
:107A400042724422FFF726FA43220B492068FFF7CF
:107A5000B5FB002209492068FFF7E8FB2B780020DE
:107A600001332B7038BD4FF0FF30FBE7D08102208F
:107A7000CC810220F1B124209C9424201181242067
:107A800023B5054638B9384801F03AF9374801F0CE
:107A900037F902B020BD006A08B93548F4E7002381
:107AA0004382836A5A1C0CD01E33B3F5701F36BF55
:107AB0003C224FF6FF73B3FBF2F39AB2002B3CD09B
:107AC0008282C36A591C0ED01E33B3F5701F36BFB5
:107AD0003C224FF6FF73B3FBF2F39AB2002B2FD088
:107AE00042814389C381036B5A1C0DD01E33B3F509
:107AF000701F36BF3C224FF6FF73B3FBF2F39AB20E
:107B00000BB3828183890382838942899A4202D39B
:107B10000BB100234381C379DB0717D5036A0093B8
:107B20000A21436A0193FFF70CFF01AB00F11C012E
:107B30006A462846FBF7AAF9ABE701238382C0E730
:107B400001234381CDE701238381DBE790F91C20EA
:107B5000037F002A01DBFF23E1E7BF2B8CBF6FF01F
:107B60007F434FF6FF73DAE716B224209AB0242041
:107B70002FB2242038B5084D2B7813B90748FFF7EA
:107B80005BFC2C78013CE4B22C7024B9044D2868CD
:107B9000FFF762FB2C6038BDD081022047B2242061
:107BA000CC81022037B50023264D0446C0E90833B6
:107BB000EB7813B1244BDB6883622B79002B34D034
:107BC000214B1B69E3626B79002B31D01E4B5B6943
:107BD00023630B69E361AB79002B2ED01A4B9869B4
:107BE000F9F7CDFCE379206243F00103E371EB790F
:107BF00023B1154BD869F9F7C2FC60622B7A93B1B7
:107C0000114C206AF9F7BBFC01A901900020F9F79B
:107C100021FE6B7A3BB1606AF9F7B1FC01A90190D2
:107C20000120F9F717FE03B030BDA36A5B08C9E76E
:107C3000A36AC3EBC303DB08CAE7E37923F00103BC
:107C4000D4E700BFD1810220DC8102202DE9F84376
:107C50000E4690469946054648B93B482F4601F0E6
:107C60004FF83A4801F04CF83846BDE8F88339B986
:107C70003748374601F044F8344801F041F8F3E75B
:107C80004FF420724FF49A715420FBF71FFB074604
:107C90000028E9D04389B3F59A7F02D22D48FFF737
:107CA000CBFBB8F1030F02D17379032B07D1B37962
:107CB000294C13B9FFF7CEFB2060236833607C6842
:107CC0004FF49A720021204600F0D2FF0123237066
:107CD000637095F82C30A3703068F9F750FCB8F158
:107CE000040F60600AD0A8F10703012B06D9B8F190
:107CF000030F05D17379043B012B01D86B68E36056
:107D000005F1260304F11C022C3513F8011B9D42DA
:107D100002F8011BF9D163236FF07D0284F8F28031
:107D200084F8EC3084F8EF30352384F8ED205322CA
:107D300084F8F030012384F8EE2084F8F130032336
:107D4000A9F8003090E700BF6BB224209AB024203D
:107D50008AB22420A8B22420048202202DE9F04F08
:107D6000074685B058B957486FF00F0500F0C8FFB7
:107D7000554800F0C5FF284605B0BDE8F08F046AFD
:107D800044B952486FF0050500F0BAFF4E4800F0C4
:107D9000B7FFF0E701212046FFF7D3FD0DF10E03F9
:107DA000032221463846FFF751FF0646002800F01F
:107DB0008680456802233922BDF80E00F035DFF8D1
:107DC00020A12946FFF7DAFDBA8C2946ADF80E004E
:107DD000FFF7C0FD042332222946ADF80E00FFF75D
:107DE000CDFD8046ADF80E00E069F9F7C8FB2946E5
:107DF00002464046FFF7D8FD042336222946ADF857
:107E00000E00FFF7BBFD8046ADF80E00A069F9F744
:107E1000B6FB294602464046FFF7C6FD042337223B
:107E20002946ADF80E004FF00408FFF7A7FDADF8A6
:107E30000E002748BDF80E901AF801BBB9F1430FA8
:107E400002D9FFF7F9FA224809F1010308F1FF38D6
:107E500005F809B09BB218F0FF08ADF80E30E9D173
:107E6000294618463246FFF7BBFD1A4B1A483146E1
:107E70001A4ACDE9007343230068FFF773F80546FB
:107E80003046FBF7CFF9A379FF2B1CBF0133A37159
:107E9000A279052A97BF01234EF660239340C3EBD6
:107EA000431298BF03EB82034FF4FA729CBFDB00CE
:107EB0009BB203F2F313B3FBF2F323815BE74FF0C2
:107EC000FF35E0E7E8B224209AB0242003B3242051
:107ED0001DB324209C942420CC810220A094242033
:107EE000BCB324202DE9F04F056A85B00746032175
:107EF0002846FFF726FD0DF10E03032229463846DA
:107F0000FFF7A4FE0646002872D0446802233922F7
:107F1000BDF80E00F034DFF8ECA02146FFF72EFD8F
:107F20004FF410722146ADF80E00FFF713FD042345
:107F300032222146ADF80E00FFF720FD8046ADF855
:107F40000E00E869F9F71BFB214602464046FFF7A1
:107F50002BFD042337222146ADF80E004FF0040814
:107F6000FFF70CFDADF80E002348BDF80E901AF88F
:107F700001BBB9F1430F02D9FFF75EFA1E4809F1C0
:107F8000010308F1FF3804F809B09BB218F0FF08AC
:107F9000ADF80E30E9D1214618463246FFF720FDF4
:107FA000164800974323164A31460068FFF77CF8CD
:107FB00004463046FBF736F9AB792046FF2B1CBF51
:107FC0000133AB71AB79092B96BFC3EB431242F27D
:107FD000107303EB82034FF4FA729CBFDB009BB279
:107FE00003F2F313B3FBF2F32B8105B0BDE8F08F7E
:107FF0004FF0FF34E0E700BF1DB32420CC81022006
:10800000A0942420BCB324202DE9F04F0023046A5F
:1080100085B0074606212046E361FFF792FC0DF18B
:108020000E03012221463846FFF710FE05460028C0
:1080300044D0466802233922BDF80E00F036DFF83E
:10804000CCA04FF004083146FFF798FCBA8C3146BB
:10805000ADF80E00FFF77EFC042337223146ADF861
:108060000E00FFF78BFCADF80E002448BDF80E9013
:108070001AF801BBB9F1430F02D9FFF7DDF91F4828
:1080800009F1010308F1FF3806F809B09BB218F0B6
:10809000FF08ADF80E30E9D118462A463146FFF701
:1080A0009FFC174B17482946174ACDE90073432315
:1080B0000068FEF757FF2846FBF7B4F8A3790020C5
:1080C000FF2B1CBF0133A371A279052A97BF01239F
:1080D0004EF660239340C3EB431298BF03EB820339
:1080E0004FF4FA729CBFDB009BB203F2F313B3FBB5
:1080F000F2F3238105B0BDE8F08F00BF1DB324204B
:108100009C942420CC810220A0942420BCB3242061
:10811000AA4B2DE9F04FD3F8048089B09246D8F8E5
:1081200020B0BBF1000F62D09BF80430002B5ED072
:1081300053892B2B5BD952681378022B57D198F8AF
:108140002C4008F1260002F11C010023DDB2AC42F4
:1081500001D9062B44D15068F9F711FADBF8003049
:10816000984244D10A220021954800F081FDBAF8D6
:108170000A302B2B3BD90023BAF808900193F02347
:1081800000935746009C7B89A34236D97B680293B3
:108190004C4503D2029B195DFF2938D1884A1378D8
:1081A0001046002B40F01281019B002B40F01681FD
:1081B0004378E3B1834ADAF804101379052B40F0D1
:1081C00021819BF8053003F0FD02012A40F0158162
:1081D000D8F82000FFF7E6FC4046FFF751FC06E028
:1081E00010F8016B013311F8015BAE42AED050467E
:1081F000FBF718F809B0BDE8F08FE41AA9EB030902
:108200003F68A4B21FFA89F9002FBCD1EFE7A31C85
:108210009BB2A342EBD3651C7A8995420DDA029A90
:1082200022445278062919D8062900F29C80DFE8FA
:1082300001F09D1E9A629A9A69003A68002A00F03D
:10824000168152681278EDE7082800F28C80DFE88A
:1082500000F0656B757B8A8A8A818300A1F1330007
:10826000C6B2082EF0D94FF0FF36002503E0042AED
:10827000BDD11546062614444FF6FD718C42B6DC7E
:108280009C18A4B2002D72D0002207924C4A3244AE
:108290000392092E04D94C480493FFF7CDF8049BB0
:1082A000039A1278002A62D1042D2A4607A938467B
:1082B00028BF0422CDE90423FBF7B2F9049A8242D5
:1082C00095D1042D65D9AB0791D1039B0122079865
:1082D000043D03F8012B0393F9F751F9394BEDB243
:1082E00043F82600059B1A1D92B293423FF67FAFDA
:1082F00001361346CDE7032A7FF679AF072604251A
:10830000B9E7002291077FF472AF082A154628BF0B
:10831000082595423FF66BAF0826ACE7042A7FF4A8
:1083200066AF15460326A6E7012A7FF460AF0099E1
:10833000F0297FF45CAF154600269CE7012A7FF404
:1083400056AF1546164696E7042A7FF450AF1546F9
:10835000022690E7042AF2E7042A7FF448AF154684
:10836000052688E7002200297FF47DAFACB27B8927
:10837000A3423FF60DAFE41AA9EB0309A4B21FFA1A
:1083800089F94C45BFF433AF3F68002F7FF4FEAE50
:108390002DE70BD10798F9F7F2F807900123084A67
:1083A0009355079B074A42F82630E0E7012D7FF4FA
:1083B0001EAF9DF81C300793F0E700BFB481022088
:1083C000D1810220DC81022052B32420424B0021C3
:1083D0001B681170012B0CD0022B05D100234FF02C
:1083E0006C0901932C23CBE6032B7FF4DDAE012334
:1083F00001934FF0EC096C23C2E6043B012B3FF6DE
:10840000F6AEE5E6062B16D19BF80530DA1E022AF9
:1084100002D9012B7FF4EBAED8F820000C21FFF736
:1084200090FA2E4B40461A461946FAF72FFD404661
:10843000FFF7EAFDDBE6022B7FF4D9AE9BF80530AF
:10844000062B7FF4D4AE8378002B3FF4D0AED8F85F
:108450002040019B906823810091F9F790F80099E2
:10846000A06140460B69E361FFF778FCBFE606298F
:1084700014D806293FF676AF01A252F821F000BFCA
:108480006D832420EF81242065832420EF81242024
:10849000658324206583242003832420A1F13300F5
:1084A000C6B2082E3FF6DFAE08283FF65BAF01A24A
:1084B00052F820F0EF812420EF812420EF81242046
:1084C000EF81242065832420658324206583242074
:1084D000EF812420EF812420DC8102209C94242041
:1084E00038B5056A0446DDB16B79052B09D8022B36
:1084F00009D8ABB100232046AB71BDE83840FFF787
:1085000083BD0A2B06D100232046AB71BDE838405D
:10851000FFF7E8BC0C2BEDD90248FEF78DFFE9E729
:1085200038BD00BF87B324202DE9F04F046A85B021
:108530000746FFF74BF905212046FFF702FA0DF138
:108540000E03032221463846FFF780FB054600282C
:1085500060D0466802233922BDF80E00F036DFF8FD
:10856000C4A04FF004083146FFF708FABA8C314630
:10857000ADF80E00FFF7EEF9042337223146ADF8CF
:108580000E00FFF7FBF9ADF80E002448BDF80E9081
:108590001AF801BBB9F1430F02D9FEF74DFF1F488E
:1085A00009F1010308F1FF3806F809B09BB218F091
:1085B000FF08ADF80E30E9D1314618462A46FFF7DC
:1085C0000FFA17480097432304F118022946006860
:1085D000FEF76AFD06462846FAF724FEA3793046E0
:1085E000FF2B1CBF0133A371A379092B96BFC3EBEB
:1085F000431244F6206303EB82034FF4FA729CBFEC
:108600001B019BB203F2F313B3FBF2F3238105B01A
:10861000BDE8F08F4FF0FF36E0E700BF1DB3242028
:10862000CC810220BCB3242050B1006A40B1407913
:108630000A2806D0043801288CBF00200120C0B2CF
:1086400070470120FBE70000F0B5046A87B00546DB
:10865000FFF7BCF8002C53D06379002B50D0A369EE
:10866000284605930023C4E90633C4E90833C4E966
:108670000B33A362E3812361A382FFF7D5FF014699
:1086800000283FD019462046FFF75BF90DF1120391
:10869000072221462846FFF7D9FA064620B341684B
:1086A00004233622BDF81200F0310391FFF766F97A
:1086B0000746ADF812000598F8F761FF03990246E6
:1086C0003846FFF771F932460399ADF81200FFF70B
:1086D00087F90E484323009505AA31460068FEF746
:1086E000E3FC3046FAF79EFD094B28461A46194628
:1086F000FAF7CCFB23791BB1FFF73CFA0023237177
:1087000007B0F0BD2046FFF71CF9F3E7CC8102204B
:108710009C94242038B50446FFF758F84CB92248F9
:1087200000F0EEFA214800F0EBFA6FF00F0210466D
:1087300038BD94F82D30DA0701D41D48F0E7A38C3A
:10874000256AB3F5107F02D24FF0FF32EFE7DDB9B3
:108750003420FAF78FFA05460028F5D0206234223B
:108760000021284600F084FAFFF758F90246002855
:10877000EAD101232B7194F82D305B070AD4022132
:108780002846FFF7DEF8D2E72B79002BE7D0FFF77A
:10879000F1F9E4E72046FFF737FC02460028C6D08F
:1087A0002046FFF751FFCFE721B224209AB02420C2
:1087B0009BB32420604B2DE9F04F1D6889B05F4EBC
:1087C0005F4FDFF8848115B909B0BDE8F08F2C6ADE
:1087D0007CB163796BB1A18A69B1628A013292B2CC
:1087E0009142628207D12846FFF72EFF2846FFF705
:1087F00091FF2D68E7E7228A002A00F08180511E50
:10880000012A21827CD1013BDBB2092BF1D840F255
:10881000192222FA03F3DB07EBD504212046FFF7E8
:1088200090F80DF11E03032221462846FFF70EFAA9
:108830008146002843D0416802233922BDF81E003A
:1088400001F1F00A4FF0040B5146FFF797F8AA8C9C
:108850005146ADF81E00FFF77DF83722042351463C
:10886000ADF81E00FFF78AF8364AADF81E00BDF8D5
:108870001E3012F8011B432B08D930460393CDE973
:108880000412FEF7D9FD039BDDE90412581C0BF11D
:10889000FF3B0AF8031080B21BF0FF0BADF81E007F
:1088A000E5D14A465146FFF79BF8432342464946E5
:1088B00038680095FEF7F8FB4846FAF7B3FCA37951
:1088C000FF2B1CBF0133A371A379092B96BFC3EB08
:1088D000431242F2107303EB82034FF4FA729CBF0F
:1088E000DB009BB203F2F313B3FBF2F3628A238142
:1088F000A38A9B1A012B7FF77CAF5B10238278E75A
:10890000E289002A3FF475AF511E012AE1817FF40C
:1089100070AF03F0FB02012A02D00A2B7FF469AF8B
:108920002846FFF701FEA389628A9B1A012BC4BF68
:108930005B10E3815DE700BF348002201DB324207B
:10894000CC810220BCB32420A094242038B5184B3D
:1089500000251C6804B938BD236A23B11A89012A8D
:1089600003D9013A1A812468F4E7FCD15A791D81B0
:108970000C2A01D0062A03D12046FFF745FBF2E777
:10898000012A0CD19B792046052B02D8FFF7E6F986
:10899000E9E7FFF759FE2046FFF7BCFEE3E7032AAD
:1089A000E1D19B792046012BE7D8FFF79BFADAE764
:1089B000348002202DE9F047B0F8088086B00746E1
:1089C0008946B8F11C0F16464FF040004FF4207254
:1089D00028BF4FF01C0808F10804A1B2FAF776FC92
:1089E0000546002838D04389A34202D21C48FEF72E
:1089F00023FD6C683946D7F804A00823667000266A
:108A00004246284684F8009026716671A671E67188
:108A1000FAF762FDDAF80C3005A80593F9F700FBC8
:108A20000746B0B169892046A670E670FEF761FF7F
:108A30000C4A60803146B2F8603028460133A2F813
:108A40006030012305AA0297CDE90063FF23F9F7FF
:108A5000C9FC2846FAF7E6FB06B0BDE8F08700BF80
:108A6000C0B324203C8002202DE9F04FDFF8C48100
:108A700087B004460F46B8F8623046460133A8F87E
:108A80006230684BD3F808B09A469BF8005005F066
:108A90000F05AD00132D40F2BC804289032A40F23D
:108AA000B88042681278002A00F09980082A40F0C5
:108AB000A580586900F0F002E02A35D01968F9F76E
:108AC000A2FC88BB2389072B40F2A3802046FEF737
:108AD00016FF50B12046FAF7A5FBB8F8683001330D
:108AE000A8F8683007B0BDE8F08F05F12C012046EA
:108AF0001FFA85F80591FAF761FB0599002874D0F3
:108B0000238903EB080189B28B420DD84FF4207200
:108B10002C20FAF7DBFB814630B1428905F10803CE
:108B20009A420AD2FAF77EFB2046FAF77BFBB6F8A8
:108B300074300133A6F87430D4E759462A464068A9
:108B400000F0A6F829464846FAF73CFB20B1364823
:108B5000FEF772FC4846E5E721464846FAF74AFD2B
:108B60000028F7D120464C46FAF75CFB2946204600
:108B7000D4F80490FAF722FB88BB65684FF6F772C9
:108B8000DAF814304146EB60DAF810304FF0FF0AA3
:108B90002B61B9F8023089F80000284693428CBF57
:108BA000093308339BB2A9F802304FF0000985F869
:108BB00008A085F80A9085F80B90FEF79AFEB6F8A3
:108BC000602001236881013218492046A6F8602000
:108BD0004A460297CDE900935346F9F703FC204635
:108BE00007B0BDE8F04FFAF71DBB2046FAF7EAFAE6
:108BF0000028BBD00E48FEF71FFC95E7B8F8703090
:108C00000133A8F87030B8F866300133A8F8663040
:108C1000E5E72046FAF706FBB6F86A300133A6F816
:108C20006A305FE7B4810220ECB32420C8810220BF
:108C300020B424203C8002200A460321FFF7BABE5C
:108C40000A460B21FFF7B6BE5FF800F0E51E0100F3
:108C50005FF800F0354001005FF800F0B97E0200D7
:108C60005FF800F0A51700005FF800F0251901007B
:108C70005FF800F0457F02005FF800F0058C02000D
:108C80005FF800F0C97E02005FF800F0CD28010017
:108C90005FF800F0F57E02005FF800F07D1F010034
:108CA0005FF800F01D2201005FF800F0E51F0100F1
:108CB0005FF800F0811901005FF800F04122010027
:108CC0005FF800F03D2801005FF800F0093701006F
:108CD0005FF800F0D97E02005FF800F08524010003
:108CE0005FF800F0A53501005FF800F009330100DE
:108CF0005FF800F0753301005FF800F00526010011
:108D00005FF800F0D9B70000350105638253633581
:108D10000106350102360408080808330400015131
:108D2000801A0205DC3604000000000104FFFFFF8A
:108D3000000000006E19000000C000C0444843500D
:108D400020746872656164006E6574636F6E6E5F37
:108D5000636C6F73653A20696E76616C6964206339
:108D60006F6E6E0066726565696E6720636F6E6E0A
:108D700020776974686F75742066726565696E67BF
:108D80002070636200636F6E6E20686173206E6F87
:108D900020726563766D626F7800636F6E6E2D3E34
:108DA0006163636570746D626F782073686F756C52
:108DB000646E277420657869737400636F6E6E202B
:108DC000686173206E6F206F705F636F6D706C658C
:108DD000746564006E6574636F6E6E5F62696E6465
:108DE0003A20696E76616C696420636F6E6E006E06
:108DF0006574636F6E6E5F726563765F7463705FD8
:108E0000706275663A20696E76616C696420636F82
:108E10006E6E006E6574636F6E6E5F73656E643A3E
:108E200020696E76616C696420636F6E6E006E659A
:108E300074636F6E6E5F726563763A20696E7661F9
:108E40006C696420706F696E746572006E6574631E
:108E50006F6E6E5F726563763A20696E76616C69DB
:108E60006420636F6E6E0062756620213D204E5552
:108E70004C4C00636F6E6E20213D204E554C4C00D3
:108E8000636F6E6E2D3E7374617465203D3D204EA0
:108E90004554434F4E4E5F575249544500636F6EE1
:108EA0006E2D3E63757272656E745F6D73672021FF
:108EB0003D204E554C4C00636F6E6E2D3E706362CC
:108EC0002E74637020213D204E554C4C00636F6E14
:108ED0006E2D3E63757272656E745F6D73672D3EA5
:108EE0006D73672E772E6F6666736574203C206302
:108EF0006F6E6E2D3E63757272656E745F6D736713
:108F00002D3E6D73672E772E6C656E00636F6E6EEF
:108F10002D3E63757272656E745F6D73672D3E6D65
:108F200073672E772E766563746F725F636E74203D
:108F30003E2030006C7769705F6E6574636F6E6E93
:108F40005F646F5F77726974656D6F72653A2069EF
:108F50006E76616C6964206C656E6774682100745C
:108F600068697320697320666F7220746370206E65
:108F70006574636F6E6E73206F6E6C7900636F6ED5
:108F80006E206D75737420626520696E2073746144
:108F90007465204E4554434F4E4E5F434C4F5345EE
:108FA0000070636220616C726561647920636C6F2C
:108FB00073656400436C6F73696E672061206C6930
:108FC0007374656E20706362206D6179206E6F74BA
:108FD000206661696C2100726563765F746370203E
:108FE0006D757374206861766520612070636220FE
:108FF000617267756D656E7400726563765F746328
:1090000070206D757374206861766520616E2061D3
:109010007267756D656E740065727220213D204522
:1090200052525F4F4B20756E68616E646C656400D0
:10903000726563765F7463703A207265637620664A
:109040006F722077726F6E67207063622100756E99
:1090500068616E646C6564206572726F7200696E1F
:1090600076616C6964206F705F636F6D706C65749E
:1090700065645F73656D00636F6E6E2D3E63757220
:1090800072656E745F6D7367203D3D204E554C4C8C
:1090900000726563765F756470206D757374206807
:1090A00061766520612070636220617267756D650D
:1090B0006E7400726563765F756470206D7573748D
:1090C000206861766520616E20617267756D656EDE
:1090D0007400726563765F7564703A2072656376BA
:1090E00020666F722077726F6E6720706362210056
:1090F00065727220213D204E554C4C006E657463A4
:109100006F6E6E5F616C6C6F633A20756E6465663E
:10911000696E6564206E6574636F6E6E5F747970DE
:109120006500504342206D7573742062652064654C
:10913000616C6C6F6361746564206F7574736964CE
:109140006520746869732066756E6374696F6E005C
:10915000726563766D626F78206D757374206265D9
:10916000206465616C6C6F63617465642062656620
:109170006F72652063616C6C696E672074686973D7
:109180002066756E6374696F6E00616363657074E9
:109190006D626F78206D75737420626520646561FF
:1091A0006C6C6F6361746564206265666F726520C4
:1091B00063616C6C696E6720746869732066756E94
:1091C0006374696F6E006E6574636F6E6E20737486
:1091D000617465206572726F7200616C72656164A2
:1091E000792077726974696E67206F7220636C6F83
:1091F00073696E670073746174652100099224209D
:109200000A922420089224200000006E6574627582
:10921000665F616C6C6F633A20696E76616C69643D
:109220002062756600636865636B207468617420F2
:10923000666972737420706275662063616E20685F
:109240006F6C642073697A650074637069705F7411
:1092500068726561643A20696E76616C6964206D3C
:1092600065737361676500496E76616C6964206D32
:10927000626F78006661696C656420746F20637248
:10928000656174652074637069705F74687265618C
:1092900064206D626F78006661696C656420746F2C
:1092A00020637265617465206C6F636B5F746370BB
:1092B00069705F636F72650074637069705F746872
:1092C0007265616400646E732073657276657220E6
:1092D0006F7574206F6620617272617900617272BD
:1092E000617920696E646578206F7574206F6620DF
:1092F000626F756E647300756E6B6E6F776E20644F
:109300006E735F7461626C6520656E747279207330
:10931000746174653A00636865636B207468617496
:1093200020666972737420706275662063616E20B6
:10933000686F6C64207374727563742065746861FF
:1093400072705F686472006E657469662D3E68773E
:10935000616464725F6C656E206D75737420626504
:10936000207468652073616D6520617320455448E1
:109370005F4857414444525F4C454E20666F72200F
:1093800065746861727021006172705F7461626CF3
:10939000655B695D2E71203D3D204E554C4C006152
:1093A00072705F7461626C655B695D2E7374617469
:1093B00065203D3D204554484152505F535441542F
:1093C000455F454D505459006970616464722021B5
:1093D0003D204E554C4C006574685F7265742021C9
:1093E0003D204E554C4C006E657469662D3E687785
:1093F000616464725F6C656E203D3D204554485F3A
:109400004857414444525F4C454E006172705F744E
:1094100061626C655B6172705F6964785D2E737404
:10942000617465203E3D204554484152505F53547D
:109430004154455F535441424C4500747970652056
:109440006F766572666C6F77006E6F207061636B0C
:1094500065742071756575657320616C6C6F7765D7
:10946000642100702D3E726566203D3D2031006311
:109470006865636B20746861742066697273742018
:10948000706275662063616E20686F6C642073740F
:10949000727563742069705F686472000000000078
:1094A000FFFFFFFF73616E69747920636865636B0A
:1094B000206C696E6B6564206C69737400707265F2
:1094C0007620213D2069707200707265762D3E6EA7
:1094D000657874203D3D2069707200706275667316
:1094E0005F6672656564202B20636C656E203C3D71
:1094F000203078666666660069705F7265617373B6
:109500005F70627566636F756E74203E3D20706299
:109510007566735F66726565640070637220213DD5
:10952000204E554C4C00636865636B206672616722
:109530006D656E747320646F6E2774206F7665722C
:109540006C6170006E6F2070726576696F75732044
:10955000667261676D656E742C2074686973206D26
:10956000757374206265207468652066697273740F
:1095700020667261676D656E74210073616E697437
:109580007920636865636B0076616C6964617465FA
:109590005F646174616772616D3A6E6578745F7063
:1095A000627566213D4E554C4C0069705F72656175
:1095B00073735F70627566636F756E74203E3D20D5
:1095C000636C656E006E6F74206669727374616C93
:1095D00074686F756768206A75737420656E71753D
:1095E00065756564006970345F6672616728293A41
:1095F000207062756620746F6F2073686F727400DC
:1096000074686973206E656564732061207062758B
:109610006620696E206F6E65207069656365210044
:10962000702D3E6C656E203E3D20706F6666006D4D
:10963000616C6C6F632829206D757374207265747A
:1096400075726E20616C69676E6564206D656D6F03
:10965000727900726D656D20213D204E554C4C0095
:10966000726D656D203D3D204D454D5F414C494734
:109670004E28726D656D29006D656D705F6D616C52
:109680006C6F633A206D656D702070726F706572DB
:109690006C7920616C69676E6564006D656D705FE3
:1096A000667265653A206D656D2070726F706572C7
:1096B0006C7920616C69676E6564006D656D705FC3
:1096C0006D616C6C6F633A2074797065203C204D3D
:1096D000454D505F4D4158006D656D705F66726518
:1096E000653A2074797065203C204D454D505F4DA2
:1096F000415800504255465F504F4F4C0050425524
:10970000465F5245462F524F4D004E45544442004D
:109710005359535F54494D454F5554005443504994
:10972000505F4D53475F494E504B5400544350498E
:10973000505F4D53475F415049004E4554434F4E93
:109740004E004E455442554600465241475F5042F6
:1097500055460052454153534441544100544350EF
:109760005F534547005443505F5043425F4C495359
:1097700054454E005443505F504342005544505F9F
:109780005043420049972420A87E022018000F0071
:10979000F0970120F87F022042972420C07E02200B
:1097A000100002005B990120FC7F02203A972420E0
:1097B000D87E0220340004007E990120008002201F
:1097C0000A972420F07E022034010100519A0120E2
:1097D00004800220FD962420087F022010000F0044
:1097E000D370022008800220F3962420207F0220DC
:1097F00018062300889B01200C8002205397242008
:10980000387F022020000500C6710220108002204F
:1098100010972420507F022010000A006972022055
:10982000148002202C972420687F022010001E0044
:109830000C730220188002201C972420807F0220B5
:1098400010000800EF7402201C800220749724206E
:10985000987F022098000A0035760220208002209E
:1098600065972420B07F0220200006007275022038
:10987000248002205D972420C87F02201400160057
:10988000287C0220288002207C972420E07F022070
:1098900020000600E37D02202C80022088982420EE
:1098A0004C9824206098242074982420FC9724202D
:1098B0008497242098972420AC972420249824204F
:1098C0003898242010982420C0972420D49724204E
:1098D000E89724206E657469665F69737375655FC8
:1098E0007265706F7274733A20696E76616C696428
:1098F000206E65746966006E657469665F73657471
:109900005F6970616464723A20696E76616C696443
:10991000206E65746966006E657469665F61646473
:109920003A20696E76616C6964206E6574696600C0
:109930006E657469665F6164643A204E6F20696E7B
:1099400069742066756E6374696F6E2067697665E9
:109950006E006E6574696620616C72656164792061
:10996000616464656400746F6F206D616E79206E50
:1099700065746966732C206D61782E207375707024
:109980006F72746564206E756D62657220697320F4
:10999000323535006E657469665F7365745F757026
:1099A0003A20696E76616C6964206E657469660040
:1099B0006E657469665F7365745F6C696E6B5F7505
:1099C000703A20696E76616C6964206E65746966B0
:1099D00000696E76616C696420706275665F747987
:1099E000706500696E6372656D656E745F6D616749
:1099F0006E6974756465203C3D20702D3E6C656E0B
:109A000000706275665F667265653A20702D3E7201
:109A10006566203E20300070632D3E637573746F61
:109A20006D5F667265655F66756E6374696F6E20E3
:109A3000213D204E554C4C00696E76616C69642066
:109A400070627566207479706500706275665F611A
:109A50006C6C6F633A206572726F6E656F75732000
:109A60007479706500706275665F7265616C6C6FA9
:109A7000633A207020213D204E554C4C0070627599
:109A8000665F7265616C6C6F633A207120213D20C6
:109A90004E554C4C006D656D5F7472696D2072653A
:109AA0007475726E65642072203D3D204E554C4C9D
:109AB000006D656D5F7472696D2072657475726E8C
:109AC0006564207220213D207100706275662072ED
:109AD0006566206F766572666C6F77002868202156
:109AE0003D204E554C4C2920262620287420213D0F
:109AF000204E554C4C29202870726F6772616D6D35
:109B000065722076696F6C617465732041504929D4
:109B100000702D3E746F745F6C656E203D3D20704B
:109B20002D3E6C656E20286F66206C61737420700A
:109B300062756620696E20636861696E2900702D08
:109B40003E6E657874203D3D204E554C4C00706251
:109B500075665F636F70795F7061727469616C5F65
:109B6000706275663A20636F70795F6C656E206213
:109B70006967676572207468616E20736F757263C0
:109B80006500706275665F636F70795F7061727493
:109B900069616C5F706275663A20746172676574A2
:109BA000206E6F742062696720656E6F756768004C
:109BB0006F66667365745F746F203C3D20705F74E0
:109BC0006F2D3E6C656E006F66667365745F6672BE
:109BD0006F6D203C3D20705F66726F6D2D3E6C6531
:109BE0006E00705F66726F6D20213D204E554C4CAB
:109BF00000705F746F20213D204E554C4C00706208
:109C000075665F636F70795F7061727469616C5FB4
:109C100070627566282920646F6573206E6F7420EA
:109C2000616C6C6F77207061636B65742071756512
:109C30007565732100706275665F636F70793A2095
:109C4000696E76616C696420736F7572636500700C
:109C50006275665F636F70795F7061727469616C61
:109C60003A20696E76616C69642062756600706284
:109C700075665F636F70795F7061727469616C3A69
:109C800020696E76616C69642064617461707472BD
:109C900000706275665F74616B653A20696E76610B
:109CA0006C69642062756600706275665F74616BD2
:109CB000653A20696E76616C6964206461746170D4
:109CC000747200706275665F74616B653A206275CC
:109CD00066206E6F74206C6172676520656E6F75AB
:109CE000676800706275665F74616B653A20696EC3
:109CF00076616C6964207062756600646964206EC8
:109D00006F7420636F707920616C6C206461746182
:109D100000636865636B20706275665F736B697062
:109D200020726573756C7400706275665F636F7026
:109D300079206661696C6564007463705F66726542
:109D4000653A204C495354454E0070636220213DD2
:109D5000204E554C4C00616363657074735F706591
:109D60006E64696E6720213D2030007463705F620D
:109D7000696E643A20696E76616C69642070636212
:109D8000007463705F62696E643A2063616E206F75
:109D90006E6C792062696E6420696E2073746174E0
:109DA0006520434C4F534544007463705F75706485
:109DB0006174655F7263765F616E6E5F776E643A41
:109DC00020696E76616C696420706362006E6577ED
:109DD0005F7263765F616E6E5F776E64203C3D20DC
:109DE000307866666666007463705F726563766578
:109DF000643A20696E76616C696420706362006405
:109E00006F6E27742063616C6C207463705F726581
:109E10006376656420666F72206C697374656E2D5D
:109E20007063627300696E76616C696420736F633E
:109E30006B657420737461746520666F722072653F
:109E400063762063616C6C6261636B00696E76613E
:109E50006C696420736F636B6574207374617465DF
:109E600020666F722073656E742063616C6C626132
:109E7000636B00696E76616C696420736F636B65F8
:109E80007420737461746520666F7220657272202D
:109E900063616C6C6261636B007463705F706F6CA4
:109EA0006C3A20696E76616C696420706362006947
:109EB0006E76616C696420736F636B657420737474
:109EC00061746520666F7220706F6C6C00746370D3
:109ED0005F7063625F70757267653A20696E766164
:109EE0006C696420706362007463705F736C6F7779
:109EF000746D723A20616374697665207063622DB7
:109F00003E737461746520213D20434C4F5345449A
:109F1000007463705F736C6F77746D723A20616365
:109F200074697665207063622D3E73746174652078
:109F3000213D204C495354454E007463705F736C4F
:109F40006F77746D723A206163746976652070630F
:109F5000622D3E737461746520213D2054494D4546
:109F60002D57414954007463705F736C6F77746947
:109F70006D723A2070657273697374207469636BD3
:109F8000696E67207769746820696E2D666C6967F1
:109F900068742064617461007463705F736C6F77C0
:109FA00074696D723A207065727369737420746994
:109FB000636B696E67207769746820656D7074796A
:109FC0002073656E642062756666657200746370E6
:109FD0005F736C6F77746D723A206D6964646C6541
:109FE0002074637020213D207463705F6163746925
:109FF00076655F70636273007463705F736C6F7714
:10A00000746D723A20666972737420706362203DC9
:10A010003D207463705F6163746976655F7063622D
:10A0200073007463705F736C6F77746D723A205451
:10A03000494D452D57414954207063622D3E73743C
:10A04000617465203D3D2054494D452D574149548B
:10A05000007463705F736C6F77746D723A206D6912
:10A0600064646C652074637020213D207463705FAC
:10A0700074775F70636273007463705F736C6F7783
:10A08000746D723A20666972737420706362203D49
:10A090003D207463705F74775F70636273007463F4
:10A0A000705F7063625F72656D6F76653A20696E8E
:10A0B00076616C696420706362007463705F7063C2
:10A0C000625F72656D6F76653A20696E76616C6964
:10A0D00064207063626C69737400756E73656E746E
:10A0E000207365676D656E7473206C65616B696E56
:10A0F0006700756E61636B6564207365676D656E7F
:10A100007473206C65616B696E67007463705F6364
:10A110006C6F73655F73687574646F776E3A2069EE
:10A120006E76616C696420706362007063622D3EBC
:10A13000666C61677320262054465F5258434C4F2B
:10A14000534544007463705F667265655F6C697344
:10A1500074656E3A20214C495354454E0074637027
:10A160005F636C6F73653A20696E76616C69642019
:10A17000706362007463705F726563765F6E756CA6
:10A180006C3A20696E76616C696420706362007459
:10A1900063705F70726F636573735F72656675730A
:10A1A00065645F646174613A20696E76616C6964AC
:10A1B00020706362007463705F73687574646F7796
:10A1C0006E3A20696E76616C696420706362007417
:10A1D00063705F6162616E646F6E3A20696E766172
:10A1E0006C69642070636200646F6E277420636121
:10A1F0006C6C207463705F61626F72742F74637033
:10A200005F6162616E646F6E20666F72206C69734D
:10A2100074656E2D70636273007463705F6E657435
:10A2200069665F69705F616464725F6368616E67CD
:10A2300065645F7063626C6973743A20696E7661FD
:10A240006C6964206F6C645F616464720074637035
:10A250005F6E6578745F6973733A20696E76616CBE
:10A26000696420706362007463705F6566665F7323
:10A27000656E645F6D73735F6E657469663A2069BD
:10A280006E76616C6964206473745F6970000102AA
:10A290000304050607070707070707003C8102209C
:10A2A00038810220308102204881022003060C18E8
:10A2B0003060787463705F70617273656F70743A48
:10A2C00020696E76616C69642070636200746370EB
:10A2D0005F696E7075745F64656C617965645F63F6
:10A2E0006C6F73653A20696E76616C696420706387
:10A2F00062007063622D3E736E645F717565756593
:10A300006C656E203E3D20706275665F636C656EA5
:10A31000286E6578742D3E7029007463705F7265D5
:10A3200063656976653A2076616C6964207175654C
:10A330007565206C656E677468007463705F726524
:10A3400063656976653A20696E76616C6964207030
:10A350006362007463705F726563656976653A2055
:10A3600077726F6E6720737461746500696E7365D0
:10A37000672E7020213D204E554C4C00696E736154
:10A380006E65206F66667365742100706275662065
:10A39000746F6F2073686F727421007463705F72E2
:10A3A0006563656976653A207365676D656E7420CF
:10A3B0006E6F74207472696D6D656420636F727264
:10A3C0006563746C7920746F207263765F776E6456
:10A3D000007463705F726563656976653A207463C3
:10A3E000706C656E203E207263765F776E640074D9
:10A3F00063705F696E7075743A20696E76616C691E
:10A4000064207062756600702D3E6E657874202140
:10A410003D204E554C4C00702D3E6C656E203D3DF0
:10A42000203000702D3E746F745F6C656E203D3D72
:10A4300020702D3E6E6578742D3E746F745F6C6570
:10A440006E007463705F696E7075743A2061637436
:10A45000697665207063622D3E7374617465202196
:10A460003D20434C4F534544007463705F696E70E8
:10A4700075743A20616374697665207063622D3E5D
:10A48000737461746520213D2054494D452D574119
:10A490004954007463705F696E7075743A2061632B
:10A4A00074697665207063622D3E737461746520F3
:10A4B000213D204C495354454E007463705F696ED2
:10A4C0007075743A207063622D3E6E657874202139
:10A4D0003D2070636220286265666F72652063614B
:10A4E00063686529007463705F696E7075743A20E3
:10A4F0007063622D3E6E65787420213D207063622A
:10A500002028616674657220636163686529007440
:10A5100063705F696E7075743A2054494D452D57CC
:10A52000414954207063622D3E7374617465203D0F
:10A530003D2054494D452D57414954007463705F87
:10A54000696E7075743A207063622D3E7374617425
:10A550006520213D20434C4F534544007063622DDC
:10A560003E736E645F71756575656C656E203E2027
:10A5700030006E6F207365676D656E7420746F2098
:10A5800066726565007063622D3E6C697374656EFA
:10A5900065722D3E61636365707420213D204E55C8
:10A5A0004C4C007063622D3E726566757365645F26
:10A5B00064617461203D3D204E554C4C00746370C5
:10A5C0005F6F75747075745F7365676D656E745FCA
:10A5D000627573793A20696E76616C69642073657F
:10A5E00067007463705F706275665F707265616C3E
:10A5F0006C6F633A20696E76616C69642070636287
:10A60000006E65656420756E636861696E656420BF
:10A6100070627566007463705F6372656174655F14
:10A620007365676D656E743A20696E76616C6964F6
:10A6300020706362007463705F6372656174655F4C
:10A640007365676D656E743A20696E76616C6964D6
:10A65000207062756600702D3E746F745F6C656E5D
:10A66000203E3D206F70746C656E007463705F6F88
:10A6700075747075745F636F6E74726F6C5F736501
:10A68000676D656E745F6E657469663A206E6F20E3
:10A690006E6574696620676976656E0063686563D8
:10A6A0006B207468617420666972737420706275BF
:10A6B000662063616E20686F6C64207374727563CA
:10A6C00074207463705F686472007463705F6F7588
:10A6D000747075745F616C6C6F635F6865616465ED
:10A6E000723A20696E76616C6964207063620074EE
:10A6F00063705F6F75747075745F66696C6C5F6FA3
:10A700007074696F6E733A20696E76616C6964204B
:10A7100070627566007463705F7273743A20696E5C
:10A7200076616C6964206C6F63616C5F6970007442
:10A7300063705F7273743A20696E76616C6964202D
:10A7400072656D6F74655F6970007463705F6F75BB
:10A75000747075745F636F6E74726F6C5F7365672E
:10A760006D656E743A20696E76616C696420706202
:10A770007566007463705F77726974653A20696EFC
:10A7800076616C696420706362007463705F7772D5
:10A790006974653A20617267203D3D204E554C4CEE
:10A7A000202870726F6772616D6D65722076696FB7
:10A7B0006C617465732041504929007463705F7740
:10A7C000726974653A207062756673206F6E2071CD
:10A7D00075657565203D3E206174206C65617374FC
:10A7E000206F6E65207175657565206E6F6E2D65C5
:10A7F0006D707479007463705F77726974653A2064
:10A800006E6F207062756673206F6E20717565754E
:10A8100065203D3E20626F746820717565756573B3
:10A8200020656D707479006D73735F6C6F63616C1C
:10A8300020697320746F6F20736D616C6C00756E8E
:10A8400073656E745F6F76657273697A65206D6982
:10A85000736D6174636820287063622076732E20A4
:10A860006C6173745F756E73656E742900696E63D5
:10A870006F6E73697374656E74206F766572736939
:10A880007A652076732E20737061636500696E634C
:10A890006F6E73697374656E74206F766572736919
:10A8A0007A652076732E206C656E007463705F7716
:10A8B000726974653A20524F4D207062756673203C
:10A8C00063616E6E6F74206265206F766572736966
:10A8D0007A656400756E73656E745F6F766572730A
:10A8E000697A65206D69736D61746368202870638F
:10A8F000622D3E756E73656E74206973204E554CE3
:10A900004C29007463705F77726974653A206368DC
:10A9100065636B207468617420666972737420705B
:10A920006275662063616E20686F6C642074686570
:10A9300020636F6D706C657465207365676C656E00
:10A94000006F76657273697A65203D3D2030007036
:10A950007265765F73656720213D204E554C4C0033
:10A960006C6173745F756E73656E742D3E6F766582
:10A970007273697A655F6C656674203E3D206F7600
:10A98000657273697A655F75736564007463705F7F
:10A9900077726974653A2063616E6E6F7420636FBD
:10A9A0006E636174656E617465207768656E207092
:10A9B00063622D3E756E73656E7420697320656DDC
:10A9C000707479007463705F77726974653A20659A
:10A9D0007874656E73696F6E206F66207265666548
:10A9E00072656E6365207265717569726573207238
:10A9F00065666572656E6365007463705F77726922
:10AA000074653A2076616C6964207175657565209E
:10AA10006C656E677468007463705F73706C6974E2
:10AA20005F756E73656E745F7365673A20696E76E5
:10AA3000616C6964207063620043616E27742073E7
:10AA4000706C6974207365676D656E7420696E74CF
:10AA50006F206C656E67746820300073706C697469
:10AA6000203C3D206D737300757365672D3E6C65EA
:10AA70006E203E2030007463705F656E7175657581
:10AA8000655F666C6167733A206E65656420656911
:10AA900074686572205443505F53594E206F722082
:10AAA0005443505F46494E20696E20666C6167735F
:10AAB000202870726F6772616D6D65722076696FA4
:10AAC0006C617465732041504929007463705F653F
:10AAD0006E71756575655F666C6167733A20696E46
:10AAE00076616C696420706362007463705F656E88
:10AAF00071756575655F666C6167733A206368653B
:10AB0000636B20746861742066697273742070626C
:10AB100075662063616E20686F6C64206F70746C62
:10AB2000656E007365672D3E746370686472206E95
:10AB30006F7420616C69676E6564007463705F6533
:10AB40006E71756575655F666C6167733A20696ED5
:10AB500076616C6964207365676D656E74206C65E1
:10AB60006E677468007463705F656E717565756596
:10AB70005F666C6167733A20696E76616C69642008
:10AB80007175657565206C656E67746800746370B7
:10AB90005F73656E645F66696E3A20696E76616C9C
:10ABA000696420706362007463705F7265786D69B8
:10ABB000745F72746F5F707265706172653A20695C
:10ABC0006E76616C696420706362007463705F729A
:10ABD00065786D69743A20696E76616C696420707D
:10ABE0006362007463705F7265786D69745F66613B
:10ABF00073743A20696E76616C69642070636200D8
:10AC00007463705F73656E645F656D7074795F61A6
:10AC1000636B3A20696E76616C69642070636200D0
:10AC20007463705F6F75747075743A20696E7661C5
:10AC30006C69642070636200646F6E2774206361C6
:10AC40006C6C207463705F6F757470757420666FC0
:10AC500072206C697374656E2D7063627300525359
:10AC600054206E6F74206578706563746564206825
:10AC700065726521006F7074696F6E73206E6F74FA
:10AC80002066696C6C6564007463705F7265786DD2
:10AC900069745F72746F5F636F6D6D69743A206978
:10ACA0006E76616C696420706362007463705F72B9
:10ACB00065786D69745F72746F3A20696E76616C45
:10ACC000696420706362007463705F6B65657061B6
:10ACD0006C6976653A20696E76616C696420706390
:10ACE00062007463705F7A65726F5F77696E646F1C
:10ACF000775F70726F62653A20696E76616C696425
:10AD000020706362007379735F74696D656F757429
:10AD10003A2074696D656F757420213D204E554C45
:10AD20004C2C20706F6F6C204D454D505F53595324
:10AD30005F54494D454F555420697320656D7074BB
:10AD4000790054696D656F75742074696D65207440
:10AD50006F6F206C6F6E672C206D61782069732097
:10AD60004C5749505F55494E5433325F4D41582F2F
:10AD700034206D7365637300FA00000005432420DE
:10AD8000E8030000F9262420E8030000951C242095
:10AD900060EA0000B5872420F40100004D892420DA
:10ADA000E8030000751824207564705F696E707583
:10ADB000743A20696E76616C696420706275660011
:10ADC0007564705F696E7075743A20696E76616C37
:10ADD0006964206E65746966007564705F696E7081
:10ADE00075745F6C6F63616C5F6D617463683A204A
:10ADF000696E76616C6964206E6574696600706264
:10AE000075665F72656D6F76655F686561646572B2
:10AE1000206661696C6564007564705F62696E6468
:10AE20003A20696E76616C696420706362007564B3
:10AE3000705F73656E64746F5F69665F7372633AA7
:10AE400020696E76616C696420706362007564705D
:10AE50005F73656E64746F5F69665F7372633A20D7
:10AE6000696E76616C6964207062756600756470E5
:10AE70005F73656E64746F5F69665F7372633A20B7
:10AE8000696E76616C6964206473745F69700075C3
:10AE900064705F73656E64746F5F69665F7372631D
:10AEA0003A20696E76616C6964207372635F6970C1
:10AEB000007564705F73656E64746F5F69665F735D
:10AEC00072633A20696E76616C6964206E6574699C
:10AED0006600636865636B207468617420666972DC
:10AEE000737420706275662063616E20686F6C6495
:10AEF00020737472756374207564705F6864720087
:10AF00007564705F73656E64746F5F69663A20691B
:10AF10006E76616C696420706362007564705F7343
:10AF2000656E64746F5F69663A20696E76616C69FC
:10AF3000642070627566007564705F73656E64741A
:10AF40006F5F69663A20696E76616C69642064732C
:10AF5000745F6970007564705F73656E64746F5FB1
:10AF600069663A20696E76616C6964206E65746901
:10AF700066007564705F73656E64746F3A20696E05
:10AF800076616C696420706362007564705F7365DC
:10AF90006E64746F3A20696E76616C6964207062C9
:10AFA0007566007564705F73656E64746F3A2069CE
:10AFB0006E76616C6964206473745F697000756497
:10AFC000705F73656E643A20696E76616C696420A7
:10AFD000706362007564705F73656E643A20696EB9
:10AFE00076616C69642070627566007564705F6379
:10AFF0006F6E6E6563743A20696E76616C69642069
:10B00000706362007564705F636F6E6E6563743A3F
:10B0100020696E76616C6964206970616464720095
:10B020007564705F726563763A20696E76616C69EB
:10B030006420706362007564705F72656D6F766521
:10B040003A20696E76616C696420706362006E6597
:10B050007469662D3E6877616464725F6C656E200A
:10B060006D757374206265203620666F722065747A
:10B070006865726E65745F6F75747075742100FF1A
:10B08000FFFFFFFFFF0000000000004C5749505F2A
:10B090004153534552543A2025730D0A0028207518
:10B0A0006C4D6573736167657357616974696E6729
:10B0B000203D3D2030202900636F6E666967415353
:10B0C000534552542025730D0A00696E76616C69F0
:10B0D0006420737461636B73697A65007461736B68
:10B0E000206372656174696F6E206661696C656466
:10B0F0000046756E6374696F6E2063616C6C656485
:10B100002066726F6D20696E74657272757074203E
:10B11000636F6E746578740046756E6374696F6EE4
:10B120002063616C6C656420776974686F75742046
:10B13000636F7265206C6F636B00646863705F6F30
:10B140007074696F6E5F73686F72743A206F707499
:10B15000696F6E735F6F75745F6C656E202B203244
:10B16000203C3D20444843505F4F5054494F4E537C
:10B170005F4C454E00646863705F6F7074696F6EFA
:10B180003A206F7074696F6E735F6F75745F6C6572
:10B190006E202B2032202B206F7074696F6E5F6CD5
:10B1A000656E203C3D20444843505F4F5054494F0A
:10B1B0004E535F4C454E00646863705F6F707469F6
:10B1C0006F6E5F6C6F6E673A206F7074696F6E732D
:10B1D0005F6F75745F6C656E202B2034203C3D20C2
:10B1E000444843505F4F5054494F4E535F4C454E77
:10B1F00000646863705F696E635F7063625F72654D
:10B2000066636F756E7428293A206D656D6F72796B
:10B21000206C65616B00646863705F62696E643A9C
:10B22000206E6574696620213D204E554C4C0064AB
:10B230006863705F62696E643A206468637020219D
:10B240003D204E554C4C00646863705F7063625FD4
:10B25000726566636F756E7428293A20726566633D
:10B260006F756E74206572726F7200646863705FD0
:10B270006372656174655F6D73673A206E657469AA
:10B280006620213D204E554C4C00646863705F631E
:10B2900072656174655F6D73673A206468637020DE
:10B2A000213D204E554C4C00646863705F637265AD
:10B2B0006174655F6D73673A20636865636B2074C2
:10B2C00068617420666972737420706275662063A9
:10B2D000616E20686F6C642073747275637420648F
:10B2E0006863705F6D736700646863705F73656C3B
:10B2F0006563743A206E6574696620213D204E5561
:10B300004C4C00646863705F73656C6563743A20CD
:10B310006468637020213D204E554C4C0064686386
:10B32000705F6F7074696F6E5F627974653A206FD9
:10B330007074696F6E735F6F75745F6C656E203CBF
:10B3400020444843505F4F5054494F4E535F4C4543
:10B350004E00636865636B206465636F64655F6955
:10B360006478006E6574696620616C7265616479E9
:10B37000206861732061207374727563742064683F
:10B3800063702073657400696E76616C6964206413
:10B390006863702D3E7374617465006E65746966D0
:10B3A000206973206E6F742075702C206F6C642080
:10B3B0007374796C6520706F72743F0001031C0612
:10B3C000636865636B207468617420666972737466
:10B3D00020706275662063616E20686F6C642069FE
:10B3E000636D70206D6573736167650069636D706F
:10B3F0005F696E7075743A206D6F76696E67207242
:10B400002D3E7061796C6F616420746F2069636D8B
:10B410007020686561646572206661696C656400AE
:10B4200069636D705F696E7075743A2072657374CC
:10B430006F72696E67206F726967696E616C2070E8
:10B440002D3E7061796C6F6164206661696C656422
:04B4500000000000F8
:10B458000EB403B503AA036852F8041B9B68019253
:10B46800984702B05DF804EB03B070470CB407B519
:10B4780004AA036852F8041B9B680192984703B01A
:10B488005DF804EB02B0704720B1012814BF00201A
:10B49800022070470120704708B508B90AF004FA7D
:10B4A8000029FBD0002AF9D0002BF7D008BD03688B
:10B4B8005B68184710B50C2104460AF0B1F910B1C1
:10B4C80023182058184410BD08B503461046102B01
:10B4D80030D8DFE803F00D09171B1F232513271D9C
:10B4E8001129212B2D1915000A230B70002301E0C7
:10B4F80001220A70184608BD0B23F6E70723F4E774
:10B508001123F2E70223F0E71023EEE70323ECE729
:10B518000923EAE70423E8E70D23E6E70523E4E740
:10B528000623E2E70823E0E70C23DEE70E23DCE747
:10B538000F23DAE700220A701A460249FFF788FF4C
:10B548000123D7E7C0592520002070470020704705
:10B5580000220A2108B50AF067F908BDF8B51446B3
:10B5680005461F46FFF798FF23680026012202219F
:10B578001B68204698470670467004462846FFF721
:10B58800E7FF0F2816D12846FFF794FF054688B134
:10B59800324608210AF048F9801B32464FF00A016A
:10B5A80018BF0120207028460AF03EF9801B18BFFA
:10B5B8000120607000203C60F8BD38B5054614468F
:10B5C8000AF02EF900B12C56204638BDF8B51446BD
:10B5D80005461E46FFF760FF236800270122022167
:10B5E8001B68204698470770477004462846FFF7AF
:10B5F800AFFF0B2817D12846FFF75CFF054690B12F
:10B608003A460421FFF7D9FF0621C2B22846531E45
:10B61800042B88BF3A46227001220AF005F9C01BA4
:10B6280018BF0120607000203460F8BDF8B51446DA
:10B6380005461F46FFF730FF2368042218212046DD
:10B648001B6898471822002104460AF025F9284665
:10B65800FFF77EFF012806462FD12846FFF72AFF6D
:10B66800054650B300220421FFF7A7FFC0B2FFF739
:10B678000BFF00220621207028460AF06DF90022EF
:10B688000821606028460AF067F900220A21A060B4
:10B698002846FFF792FF0C21C2B22846531E042BFE
:10B6A80088BF0022227332460AF056F932462061DA
:10B6B8000E2128460AF050F9606100203C60F8BD70
:10B6C80070B5144605461E46FFF7E6FE23680422B9
:10B6D8001C2120461B6898471C22002104460AF0BA
:10B6E800DBF82846FFF734FF022835D12846FFF754
:10B6F800E1FE054680B300220421FFF75EFFC0B2D9
:10B70800FFF7C2FE00220621207028460AF024F91D
:10B7180000220821606028460AF01EF900220A214A
:10B72800A06028460AF018F900220C21E06028469B
:10B73800FFF743FF0122C0B20E21431E042B88BF2E
:10B748000020207428460AF007F9012260611021C0
:10B7580028460AF001F9A0610020346070BD00009D
:10B768002DE9F84F1746054689469846FFF794FE97
:10B778003B684FF0000B01221B68042138469847AC
:10B78800C0F800B004462846FFF7E2FE08288246C3
:10B7980038D12846FFF78EFE054698B35A4604214D
:10B7A800FFF70BFF5A46C6B251462846731E042BB4
:10B7B80088BF5E4626700AF037F8B0EB0B005A4691
:10B7C8004FF00A0118BF0120A07028460AF02CF893
:10B7D800B0EB0B005A464FF0060118BF0120E0708D
:10B7E8002846FFF7EAFE60B101280AD00749484613
:10B7F800FFF72EFE38462146FFF759FE0120BDE827
:10B80800F88F60700020C8F80040F8E7E459252058
:10B81800F8B5144605461E46FFF73EFE236801228A
:10B82800002720461B68114698470770044628469B
:10B83800FFF78EFE15280DD12846FFF73BFE48B1CD
:10B848003A460421FFF7B9FEC2B2531E042B88BF43
:10B858003A46227000203460F8BD70B5144605469B
:10B868001E46FFF719FE23680422282120461B687C
:10B8780098472822002104460AF00EF82846FFF7C8
:10B8880067FE05282FD12846FFF714FE054650B35A
:10B8980000220421FFF791FEC0B2FFF7F5FD002258
:10B8A8000621207028460AF057F800220821606017
:10B8B80028460AF051F800220A21A06028460AF01A
:10B8C8004BF800220C21E06028460AF045F80022D7
:10B8D80020610E212846FFF770FEC0B2431E042BDC
:10B8E80088BF002020750020346070BD836B10B5C0
:10B8F8000BB909F0D9FF3C21BDE81040184708B53D
:10B90800D0E90B239A4201DD09F0CEFF4268802A74
:10B91800FADC83687F33FF2BF6D87F32F4DB08BD6F
:10B928000B692DE9F04706468A462DED048B82B057
:10B938000BB909F0B9FF4B69002BFAD0C568002292
:10B948002B6828469B699847814668B95F4B74699C
:10B958000093DF2330465E4A5E49A047012002B0CB
:10B96800BDEC048BBDE8F0872B68012251462846C0
:10B978009B699847804620B9574B74690093E22326
:10B98800E8E72B68002251462846DB6998470746B6
:10B9980020B9524B74690093E523DBE741464846DA
:10B9A800DAE9044A07F0E0FF3B7880F00100092B50
:10B9B800207001D0072B6ED1D9F81020072B99EDF4
:10B9C800030A4FF00103C2F1000298ED036A97EDF4
:10B9D800035A04F10401A262B4EEC60AD8F8102092
:10B9E800B7EEC55A04F11400C2F10002E2623A69E6
:10B9F80022630CBF0F221422F1EE10FA03FA02F3AD
:10BA0800626254BFB0EE407AB0EE467AB7EEC66ACC
:10BA1800B7EEC00AB7EEC77A37EE077B86EE079B0C
:10BA280006EE103AB8EEC66B80EE070B26EE056BF5
:10BA380087EE068B07F05CFD04F1080104F118009D
:10BA4800B0EE490B07F054FD04F1200104F11C008D
:10BA5800B0EE480B07F04CFD04F110039AF8001003
:10BA68003A460093304604F10C0307F0F7FD00282E
:10BA78007FF475AF2B68494628465B6A98472B6860
:10BA8800414628465B6A98472B68284639465B6AD0
:10BA98009847002063E7012BECD19AF80030012B7E
:10BAA80003D1002363630E4B04E0032B04D100236E
:10BAB80063630C4BA363DDE7022B04D10A4B63637A
:10BAC8004FF07E53F6E76FF40003EBE7785A252032
:10BAD8000E5A2520615A25208A5A25209C5A25204D
:10BAE800FFFF7F7F0000C040000080BF002908B52D
:10BAF80001DA09F0D9FE03688B42FADD00EB810018
:10BB0800406808BDF8B515461268044601609142C0
:10BB180001DA09F0C9FE061DA1EB020C0020374628
:10BB2800604505D08842F4DA013046F8043BF7E76F
:10BB38009200291D07EB800009F01EFF2046F8BD82
:10BB480070B50468049D042C01D009F0ADFE44686A
:10BB5800A4B90029F9D18468ACB9002AF5D1C6681E
:10BB6800B6B9002BF1D10069B8B9002DEDD101FBB0
:10BB7800042206FB023300FB035070BD0029E4DBFE
:10BB88008C42E8DCE1E7002ADFDB9442E7DCDCE713
:10BB9800002BDADB9E42E6DCD7E7002DD5DBA84296
:10BBA800E5DCD2E770B50D46164609F089FE044675
:10BBB800284609F085FE0546304609F081FEAC426C
:10BBC80001D009F071FE8442FBD170BD884238B5BE
:10BBD80003462BD100F100404442444183FB01015C
:10BBE800002871F100031E4BA8BF4FF08043FCB939
:10BBF800C01841EBE3710028044671F100030D46BB
:10BC080006DA6FF00043C4184FF0000343EB050554
:10BC1800E00F40EA4501002AC2F100040BDD114B98
:10BC280040F27111104A114809F042FE0024D5E78C
:10BC38006FF00041EFE71F3204DA0D4B4FF4B97192
:10BC4800094AF0E70123A340013B03EA01005B1026
:10BC580003EBD17321419842D4BF0846481C38BD34
:10BC6800010000C0AE5A2520BC5A2520335B252090
:10BC78006C5B2520936970B5144695685268294411
:10BC8800104401FA03F59840D4E90712FFF79EFF24
:10BC980006462846D4E90912FFF798FF3044D4E94C
:10BCA8000412FFF793FFE3681844E36A9842B8BFA9
:10BCB8001846236B9842A8BF184640B270BD0029A9
:10BCC80070B5049C02DB05688D4201DC09F0ECFDCF
:10BCD800002AFBDB45689542F8DD002BF6DB85681A
:10BCE8009D42F3DD002CF1DBC568A542EEDDD0E90D
:10BCF80004656A4306FB01218269C06902FB0311DE
:10BD080000FB041070BD00002DE9F74F04460092B7
:10BD180008461946D4E90BBAD34501DD09F0C4FD3C
:10BD28000D9AFFF73FFFD4F804801E4B81469845D3
:10BD3800F4DB47F6FE72A3689045EFDC1A444FF631
:10BD4800FC718A42EAD80025A94528DD0C9A01939E
:10BD580032F91560A7691E44009B33F91500BE40EF
:10BD68004044D4E90712B840FFF730FF0746304691
:10BD7800D4E90912FFF72AFF3844D4E90412FFF77F
:10BD880025FFE2680E9B10445845B8BF58465045F9
:10BD9800A8BF504623F815000135019BD4E703B02E
:10BDA800BDE8F08F0280FFFF2DE9F0410B688CB0F1
:10BDB80004680E4615469C42B8BF1C46042321461B
:10BDC8001370024601236846FFF79CFE01233246A2
:10BDD800214606A8FFF796FE009A069B9A420AD1CA
:10BDE800920007A901A809F027FD20B901232B70AB
:10BDF8000CB0BDE8F081013C2646002E10DB314630
:10BE08006846FFF773FE0746314606A8FFF76EFE41
:10BE1800874201D1013EF0E7012F07D102232B70A1
:10BE28002B789A1E012A09D909F03EFD012801D173
:10BE38000323F4E704232B700120D9E7032B4FF0E9
:10BE4800010307BF0DF118086E46E84606AE2B66DB
:10BE5800C5E91433C5E91633002CEDDB214640460D
:10BE6800FFF744FE074621463046FFF73FFE87426C
:10BE780004D1286E013C47432F66EDE72146404632
:10BE8800FFF734FE01280AD121463046FFF72EFE7F
:10BE9800EB6D013C00FB03F0E865EFD2CCE72146EF
:10BEA8004046FFF723FE074621463046FFF71EFEB1
:10BEB800874206D1A86D013C07FB00F7AF65EED2BB
:10BEC800BAE721463046FFF711FE01280AD121467C
:10BED8004046FFF70BFE6B6D013C00FB03F0686505
:10BEE800EFD2A9E721464046FFF700FE0746214664
:10BEF8003046FFF7FBFD87429CD1286D013C07FBCC
:10BF080000F72F65EED297E710B50446034B044AB5
:10BF1800044904F00CFB204610BD00BFB9C424201E
:10BF280029B92420F5B82420F8B5064601F10C05F6
:10BF38000324012721463046FFF7D8FD214645F85E
:10BF4800040930466F61FFF7D1FD013C00FB07F79C
:10BF5800F0D2F8BD2DE9F0430C468DB01E461546CB
:10BF68000AB909F0A1FC002BFBD0024601230421E9
:10BF78006846FFF7C7FD224600240123042106A8CE
:10BF8800FFF7C0FD4FF0100829466846A146FFF7A5
:10BF9800CBFF314606A8FFF7C7FF21466846FFF7E3
:10BFA800A5FD0746214606A8FFF7A0FD874205D054
:10BFB800012F0BD145F8089045F82400013408F109
:10BFC8000408042CE9D10DB0BDE8F0830128C8D1DC
:10BFD80046F8089046F82470F0E72DE9F04F99B03C
:10BFE8008146924608460DF120081946002410ABF8
:10BFF8004246FFF7AFFF0123239A042102A8FFF767
:10C0080081FD029B002B01DC09F04EFC039B9C4246
:10C018003DDA0025029B012BF6DD049B9D4234DAB4
:10C028000027029A022AEFDD059A97422BDA0026AA
:10C03800029A032AE8DD069A964222DA3B462A4605
:10C04800214600964046FFF73AFE3B4683462A467D
:10C058002146009610A8FFF732FE229B4A46195641
:10C068001AF90B00269B98473B46834600962A46BA
:10C07800214602A80136FFF763FD249B03F800B0B0
:10C08800D6E70137CDE70135C4E70134B9E719B080
:10C09800BDE8F08F2DE9F04F2DED048B9DB00446DF
:10C0A800924608460DF13009194614AB00264A4657
:10C0B800FFF750FF01232B9A042106A8FFF722FD62
:10C0C80094ED0D9AD4ED0E8ADDE906830493089B5E
:10C0D8000393099B02930A9B0593B8F1000F01DCB7
:10C0E80009F0E2FB049B9E4252DA4FF0000BB8F1D4
:10C0F800010FF5D0039B9B4548DA0027B8F1020FE2
:10C10800EED0029B9F423EDA0024B8F1030FE7D03D
:10C11800059B9C4235DA3B465A46314600944846D0
:10C12800FFF7CDFD3B4605465A463146009414A814
:10C138000AEB8505FFF7C3FD2A9B95ED008A5A4651
:10C1480003EB800031463B46D0ED007A06A8009408
:10C15800013438EE278AB4EE498AF1EE10FA48BF66
:10C16800B0EE498AF4EE488AF1EE10FA48BFB0EE14
:10C17800688AFFF7E5FC2C9B03EB800080ED008AC2
:10C18800C3E70137BAE70BF1010BB0E70136A4E7C3
:10C198001DB0BDEC048BBDE8F08F2DE9F04F9FB0CA
:10C1A8000446084619460DF1380B16AB06920026D0
:10C1B8005A46FFF7CFFE0123299A042108A8FFF762
:10C1C800A1FCDDE908A305930A9B04930B9B039349
:10C1D8000C9B0293BAF1000F01DC09F065FB059B8B
:10C1E8009E4267DA0027BAF1010FF6D0049B9F42FE
:10C1F8005EDA4FF00008BAF1020FEED0039B9845C3
:10C2080054DA4FF00009BAF1030FE6D0029B9945C2
:10C2180049DA43463A463146CDF800905846FFF78A
:10C228004EFD069B3A46314633F9105016A863680E
:10C23800CDF800901D444346FFF741FD289BA268B6
:10C2480033F91030D4F818C0134405FA0CF003FA87
:10C258000CF3D4E907120793FFF7B8FC079B0546D0
:10C26800D4E909121846FFF7B1FC2844D4E90412AE
:10C27800FFF7ACFC43460546CDF800903A463146F8
:10C2880008A809F10109FFF75BFCE3681D44E36AAC
:10C298009D42B8BF1D46236B9D42A8BF1D462A9BE1
:10C2A80023F81050AFE708F10108A4E701379AE72F
:10C2B80001368FE71FB0BDE8F08F00002DE9F04F81
:10C2C8001C46D7B04B6A1546804636A842938B6AFF
:10C2D800609F3D934B6943934B684493CB6A3E936D
:10C2E8008B6945938B6846930B6B3F93CB6940935F
:10C2F8000B6A4193D1E903232946CDE9472304F08A
:10C308004DF9214630A804F049F93CAA30A936A8CD
:10C31800FFF74AFD0646387A072879D0092840F001
:10C32800B5802EB3294636A804F038F90DB909F0BE
:10C33800BBFA214630A82D6804F030F9002CF6D05D
:10C3480026682AAC3946204604F028F9554B2A4677
:10C3580036A904933CA8544B03933B680096CDE957
:10C36800014330ABFFF739FE002057B0BDE8F08F2E
:10C37800002DDCD0D5F80080002CD8D0439B29466E
:10C3880036A8D4F800901793449BDDF8F4A00D93D9
:10C398003E9BDDF820B10E93459B0F93469B10936F
:10C3A800429B11933B6816933F9B1293409B1393B8
:10C3B800419B1493479B159304F0F0F8214630A84D
:10C3C80004F0ECF839462AA804F0E8F82AAA30A9BB
:10C3D80036A8FFF7E7FB159B524649460993149B7D
:10C3E8000893139B0793129B0693169B0593119B27
:10C3F8000493109B03930F9B02930E9B01930D9B39
:10C40800CDE90AB000934046179B09F03DFAABE727
:10C418002946E6B12AA804F0C1F8002D87D02146A4
:10C4280024A82D6804F0BAF8002C80D0394636A824
:10C43800246804F0B3F83B682A462AA93CA802936A
:10C4480036ABCDE9004324ABFFF7A7FE8CE71EA867
:10C4580004F0A4F8002D3FF46AAF214618A82D680F
:10C4680004F09CF8002C3FF462AF394636A82468E3
:10C4780004F094F83B682A461EA93CA8029336AB00
:10C48800CDE9004318ABFFF73FFC6DE7D8F814403F
:10C4980006F08EFF3B7A024604494046A047012039
:10C4A80063E700BF7DBC242007B924207B5B2520DF
:10C4B8002DE9F0438846074600222DED028BBDB0DA
:10C4C80004F05CF8012241460546384604F056F867
:10C4D800414606460022384604F052F8D8F81010B3
:10C4E800044609B909F0E0F9007A012861D14A6BDC
:10C4F8000DF170098B6B0F7829462F92309307B393
:10C5080004A804F04BF8002DECD031460AA82D6899
:10C5180004F044F8002EE5D021464846366804F079
:10C528003DF823682A4604A922A80096CDE901937C
:10C538000AABFFF7AFFD00203DB0BDEC028BBDE8B4
:10C54800F08310A804F02AF8002DCBD0314616A8A5
:10C55800D5F8008004F022F8002EC3D021463568B3
:10C56800484604F01BF84A4616A910A8FFF71AFB1C
:10C57800DDED2F8A9DED308A414624682A463B46E8
:10C588009842D8DDF1EC017A0133B2EC017A77EE0A
:10C59800877AF4EE678AF1EE10FA78FEA77AB4EE9D
:10C5A800678AF1EE10FA48BFF0EE487AE4EC017AB7
:10C5B800E6E7092801D0072806D133462A46384637
:10C5C8000094FFF77BFEB7E77D6906F0F1FE237A5A
:10C5D800024602493846A8470120ADE77B5B252083
:10C5E800836B10B50BB909F05FF93821BDE810402D
:10C5F8001847002910B501DA09F056F90468A14274
:10C60800FADA00EB8100002B4168F5DB1068834201
:10C61800F2DA02EB830250688842EDD110BD0000C7
:10C628002DE9F04F0F69ADB0044688460FB909F0FF
:10C638003BF9D1F814B0BBF1000FF8D0C568724AC5
:10C648002B68284612689B699847064668B96F4B5D
:10C65800656900933B234FF001086D4A6D492046F8
:10C66800A84740462DB0BDE8F08F2B6841466A4A7E
:10C6780028469B6912689847824620B9674B6569C6
:10C6880000933E23E7E72B684146654A2846DB6965
:10C6980012689847814620B9624B65690093412327
:10C6A800D9E7B16817A851F8042B1692920009F03F
:10C6B80063F9D9F808101DA851F8042B1C929200B0
:10C6C80009F05AF900231CAA16A81946FFF791FF8A
:10C6D800B3680A909A68DB680B920C93169B032B3D
:10C6E800A5DD1C9B1A99032B0D91A0DDDAF8083003
:10C6F800DDF880C09A6812900F92DA68CDF838C0D9
:10C70800CDE91021D9F8081032788868092AC96853
:10C718001390CDE9141C01D0072A0FD1424A2046B4
:10C72800126803EB82035968A36B89000991984743
:10C73800A36B7862204609999847B86206974146E4
:10C7480033785A4620460593139B0493149B03930E
:10C758000F9B0293109B01930B9B00930C9B01F082
:10C76800EDFF804600287FF47CAF3378092B01D099
:10C77800072B39D13269092BC2F100022292D9F86C
:10C7880010202392DBF808202592DBF8042024925D
:10C79800DBF814202992DBF8102028927A68279277
:10C7A8003A682692FA6A2A923A6B2B9210D112AB07
:10C7B8000EAA0AA922A809F0E3F8002811DD01460B
:10C7C800236C07F134022046984768B1804648E751
:10C7D800072B06D112AB0EAA0AA922A809F0A8F8BD
:10C7E800EBE74FF0FF337B632B68494628465B6ACB
:10C7F80098472B68314628465B6A98472B6851460C
:10C8080028465B6A98472CE7F0622520EB5B2520D9
:10C81800975B2520615A2520F8622520FC5B25209E
:10C82800F46225209C5A2520FC6225202DE9F04F32
:10C838001D46C1B04B690746DDF830A11EA83D93DF
:10C8480014460B693C9313695B423693936937939B
:10C858008B6839934B68389353683B9313683A93C2
:10C86800D36A3E93136B3F93536ADDE94AB60A9342
:10C87800936A59460B9303F091FE294624A803F0C6
:10C888008DFE51462AA803F089FE314630A803F0F0
:10C8980085FEDDE93E239A4201DD09F005F8249B77
:10C8A800042BFAD11E9B042BF7D12A9B042BF4D11D
:10C8B80000232AAA24A81946FFF79BFE03231EAAD1
:10C8C8008046194624A8FFF794FE032381462AAA26
:10C8D80000211EA8FFF78DFE0346002EDDD032682A
:10C8E80032B1099030A808F0EBFF099B8342D4D1FC
:10C8F800269A616B0F92279A1293CDF83880CDF85B
:10C908006880CDE91029209A1392219ACDE914293B
:10C918000122CDE91823CDE916222C9A1B922D9AD3
:10C92800CDE91C2300239942CDE90C3303DB7B6C52
:10C93800384698470C90002DAFD02B68BBF1000FFC
:10C94800ABD0DBF800203168BAF1000FA5D0DAF8D7
:10C95800000006901AA8CDE9041016A90CA8CDE984
:10C96800022112AA36A9CDE900320EAB0AAA08F0B4
:10C97800D7FF002891D141B0BDE8F08F2DE9F04FE5
:10C988001D46C1B04B690746DDF830A11EA83D938E
:10C9980014460B693C9313695B423693936937934A
:10C9A8008B6839934B68389353683B9313683A9371
:10C9B800D36A3E93136B3F93536ADDE94AB60A93F1
:10C9C800936A59460B9303F0E9FD294624A803F01E
:10C9D800E5FD51462AA803F0E1FD314630A803F0F1
:10C9E800DDFDDDE93E239A4201DD08F05DFF249B71
:10C9F800042BFAD11E9B042BF7D12A9B042BF4D1CC
:10CA080000232AAA24A81946FFF7F3FD03231EAA28
:10CA18008046194624A8FFF7ECFD032381462AAA7D
:10CA280000211EA8FFF7E5FD0346002EDDD0326881
:10CA380032B1099030A808F043FF099B8342D4D152
:10CA4800269A616B0F92279A1293CDF83880CDF809
:10CA58006880CDE91029209A1392219ACDE91429EA
:10CA68000122CDE91823CDE916222C9A1B922D9A82
:10CA7800CDE91C2300239942CDE90C3303DB7B6C01
:10CA8800384698470C90002DAFD02B68BBF1000FAB
:10CA9800ABD0DBF800203168BAF1000FA5D0DAF886
:10CAA800000006901AA8CDE9041016A90CA8CDE933
:10CAB800022112AA36A9CDE900320EAB0AAA08F063
:10CAC80047FF002891D141B0BDE8F08F2DE9F04F24
:10CAD8001C46B0F90A3088462DED048B9DB0D0ED88
:10CAE8000C8A90ED0D9A0B93B0F90C30DDF8B4A0D8
:10CAF8000C93B0F90E301B920D93B0F910300E93D1
:10CB0800B0F902301093B0F9043011930B68042B7C
:10CB180001D008F0C9FE2368042BFAD1DAF80030F6
:10CB2800042BF6D10023524640461946FFF761FD13
:10CB380003231490524600212046FFF75AFD2C9BF0
:10CB4800D8F8105008902BB12B9808F0B9FE089B24
:10CB58009842DED1D8F808301393D8F80C301593E2
:10CB6800A3681693E368179323690793079A95FBBD
:10CB7800F3F302FB1355002DCBD1089AA946DFED3C
:10CB88005C9A92FBF3F31893DAF808301993DAF801
:10CB98000C301293149B994580F2A480119B5B4240
:10CBA8000A9300230493049B199A934280F2978076
:10CBB800109B5B42099300230593059B129A9342AD
:10CBC80080F285800025089B9D4278DA189B079A99
:10CBD8000A9E9FED478A95FBF3F353431A9300236C
:10CBE8000693069B169A934242DA099F4FF0000B70
:10CBF800179B9B4536DA002F2FDB159BBB422CDD9C
:10CC0800002E2ADB139BB34227DD00230393039BEB
:10CC1800079A934221DA1A9A494640461344324603
:10CC280000933B46FEF78CFF039B069A29460F901C
:10CC3800204600935B46FEF783FF0F9A1B9B03EB8E
:10CC480082032A9A02EB800093ED007A039BD0EDD1
:10CC5800007A0133A7EE278AD8E70D9B0BF1010B69
:10CC68001F44C5E7069B013306930E9B1E44B8E795
:10CC78002C9B0BB303EB8503D3ED007A38EE278AA0
:10CC88000095494650460135B4EE688ADDE904232B
:10CC9800F1EE10FA48BFB0EE688AB4EE489AF1EEA9
:10CCA80010FA48BFB0EE498AFEF74AFF2E9B03EB05
:10CCB800800080ED008A86E7F0EE697ADEE7059B62
:10CCC8000B9A01330593099B1344099375E7049B59
:10CCD8000C9A013304930A9B13440A9363E709F1FE
:10CCE800010957E71DB0BDEC048BBDE8F08F00BF0C
:10CCF80000000000534B2DE9F04F1A68B5B00F46FD
:10CD0800044603F03BFC504B064639461A68204659
:10CD180003F034FC3D6880464DB12B68032B11D1DC
:10CD28004A4B394620461A6803F028FC0546484B0A
:10CD3800394620461A6803F023FC7969814619B9F7
:10CD480008F0B2FD0025F2E73A69002AF8D0337AF4
:10CD5800007A83420ED03F4A3F49CDE902303F4B2B
:10CD6800204601933E4B009340F291136569A84712
:10CD7800012050E098F80800834208D0072B01D121
:10CD880009280BD06369204636499847F0E7092BF4
:10CD980044D04CD8012B0AD0072B48D13346204623
:10CDA800CDF80080CDE90159FFF7E8FD33E026A86A
:10CDB80001F090FC314608A803F0F0FBD6F800A07B
:10CDC80014AE41460EA803F0E9FB29463046D8F8D0
:10CDD800008003F0E3FB002DB2D0D5F800B01AAD07
:10CDE800494620AF2846002403F0D8FBD9F8009024
:10CDF8000021384603F0D2FB26A80EAB524608A9FC
:10CE0800CDF80080CDE90574CDE90359CDE9016B72
:10CE1800FFF75CFE204635B0BDE8F08F334620466C
:10CE2800CDF80080CDE90159FFF700FDF3E718467A
:10CE3800656906F0BDFA337A02460B492046A847D1
:10CE480096E700BFF0622520F8622520EC622520D5
:10CE5800F4622520975B25200E5C2520285C252080
:10CE6800355C2520415C25207B5B252010B50446D8
:10CE7800034B044A044903F05AFB204610BD00BF87
:10CE8800FDCC242029C62420E9C52420836B10B5B5
:10CE98000BB908F009FD3821BDE8104018472DE905
:10CEA800F04F1E46C1B08B698046DDF830911DA851
:10CEB8003D9314464B693C9313695B4235939369E0
:10CEC80036938B6839934B68389353683B93136850
:10CED8003A93D36A3E93136B3F93CB683793536A65
:10CEE800DDE94AA70993936A51460A9303F056FB72
:10CEF800314623A803F052FB494629A803F04EFB0C
:10CF080039462FA803F04AFBDDE93E239A4201DDAA
:10CF180008F0CAFC002329AA23A81946FFF769FBD1
:10CF28000323834629AA19461DA8FFF762FB054675
:10CF3800002FEDD03B6823B12FA808F0C1FC854233
:10CF4800E6D1239BCDF834B0012BE1DD259A022BE5
:10CF58000E92DDD0269A032B0F92D9D0279B1093DF
:10CF68001D9B002BD4DD1E9A012B1192D0D01F9A45
:10CF7800022B1292CCD0209BCDF864B0CDE91335AA
:10CF88000123CDE91533CDE91735299B012BBFDDE9
:10CF98002B9A022B1A92BBD02C9B616BCDE91B35C7
:10CFA80000239942CDE90B3304DBD8F844304046DE
:10CFB80098470B90002EABD03368BAF1000FA7D07A
:10CFC800DAF800203968B9F1000FA1D0D9F80000CB
:10CFD800069019A8CDE9041015A90BA8CDE90221DE
:10CFE80011AA35A9CDE900320DAB09AA08F09CFCBD
:10CFF80000288DD141B0BDE8F08F2DE9F0431D46E2
:10D00800C1B0836916463D9343693C930B695B4203
:10D0180035938B69369383683993436838934B68A3
:10D028003B930B683A93CB6A3E930B6B3F93C36871
:10D038001DA837934B6A09938B6A2946DDE94898FE
:10D048000A9303F0ABFA314623A803F0A7FA414646
:10D0580029A803F0A3FA49462FA803F09FFADDE9AF
:10D068003E239A4201DD08F01FFC002329AA23A8C9
:10D078001946FFF7BEFA0323074629AA19461DA831
:10D08800FFF7B7FA0446B9F1000FECD0D9F80090D1
:10D09800B9F1000F04D02FA808F012FC8442E2D1A5
:10D0A800239B0D97012BDEDD259A022B0E92DAD0F9
:10D0B800269A032B0F92D6D0279B10931D9B002BEB
:10D0C800D1DD1E9A012B1192CDD01F9A022B1292FC
:10D0D800C9D0209B1997CDE913340123CDE9153325
:10D0E800CDE91734299B012BBDDD2B9A022B1A920F
:10D0F800B9D02C9BCDE91B340023CDE90B33002E8E
:10D10800B1D03368002DAED02A68B8F1000FAAD08C
:10D11800D8F800100BA8069119A9CDE9049115A912
:10D12800CDE9022111AA35A9CDE900320DAB09AA32
:10D1380008F01AFC002896D141B0BDE8F083000041
:10D148002DE9F04F9A46B0F90A3089462DED048B47
:10D158009BB0D0ED0C8A90ED0D9A0B93B0F90C3082
:10D168002B9E0C93B0F90E3019920D93B0F9103034
:10D178000E93B0F902300F93B0F904301093B0F960
:10D18800123007930B68042B01D008F08DFBDAF8F6
:10D198000030042BF9D13368042BF6D10023324632
:10D1A80048461946FFF725FA0323324614901946D4
:10D1B8005046FFF71EFAD9F80830079A1893D9F89D
:10D1C8000C301793D9F810300A93DAF80830169310
:10D1D800DAF80C301593B3681293F36813930A9B2B
:10D1E80003FB02F48442D0D1299808F069FBA042DD
:10D1F800CBD10025DFED589A149B9D4280F2A68082
:10D20800109B5B42089300230293029B129A93425D
:10D2180080F29A800F9B5B42099300230393039B40
:10D22800139A934280F288804FF0000BCDF810B02B
:10D23800049B0A9A934277DA5C46A4EB0B03079A9D
:10D248009A426BDD0023089F9FED438A0593059B57
:10D25800169A93423BDA0023DDF824800693069B56
:10D26800159A93422DDAB8F1000F24DB179B9845E5
:10D2780021DA002F1FDB189B9F421CDA049B3A46D9
:10D288002946484600934346FEF75AFC0021119070
:10D2980050460094DDE90523FEF752FC119A199BCC
:10D2A80003EB8203289A02EB800093ED007AD0ED1D
:10D2B800007AA7EE278A069B013306930D9B9844B4
:10D2C800CDE7059B013305930E9B1F44BFE72A9BBF
:10D2D8000BB303EB8403D3ED007A38EE278A00946E
:10D2E800294630460134B4EE688ADDE90223F1EEBE
:10D2F80010FA48BFB0EE688AB4EE489AF1EE10FA18
:10D3080048BFB0EE498AFEF71BFC2C9B03EB80005C
:10D3180080ED008A91E7F0EE697ADEE7049B01333D
:10D328000493079B9B4483E7039B0B9A0133039366
:10D33800099B1344099372E7029B0C9A01330293E9
:10D34800089B1344089360E7013555E71BB0BDEC13
:10D35800048BBDE8F08F00BF000000002DE9F04FFE
:10D36800D1F810B0AFB005460F46BBF1000F01D1A0
:10D3780008F09AFAD1F814A0BAF1000FF8D03D4B92
:10D388001A6803F0FDF83C4B394681461A6828466E
:10D3980003F0F4F8394B064639461A68284603F074
:10D3A800EDF83C6880464CB12368032B42D1344BDE
:10D3B800394628461A6803F0E1F80446307A072807
:10D3C80045D0092838D001284AD15A4651461EA8C6
:10D3D80001F0A6FA314606A803F0E0F841460CA889
:10D3E800366803F0DBF8B8F1000FC1D012AD214662
:10D3F800D8F80070284603F0D1F8002CB8D0D4F83B
:10D40800008018AC4946204603F0C8F8B9F1000F6F
:10D41800AED0D9F80030324606A91EA80097CDE94B
:10D428000343CDE901580CABFFF78AFE00202FB06B
:10D43800BDE8F08F0024C1E733465A4651462846D6
:10D44800CDF80080CDE90149FFF729FDEEE7434615
:10D45800324659465046CDE90049FFF7CEFDE5E78B
:10D468006C6905F0A5FF337A024606492846A047AD
:10D478000120DCE76463252060632520686325209C
:10D488005C6325207B5B252010B5044611B901603B
:10D49800204610BD896851F8042B40F8042B9200EF
:10D4A80008F06AFAF4E700002DE9F04FD1F810907F
:10D4B800BDB004468A46B9F1000F01D108F0F4F96D
:10D4C800D1F814B0BBF1000FF8D0C668984A336899
:10D4D800304612689B699847804660B9954B6569E4
:10D4E80000934623944A20469449A8470125284694
:10D4F8003DB0BDE8F08F33685146914A30469B698C
:10D5080012689847074620B98E4B656900934923EE
:10D51800E8E7336851468C4A3046DB691268984719
:10D52800099020B9894B656900934C23DAE7D8F84C
:10D53800083098F80020D9689B68092A0F910E9343
:10D54800BB68D9680A9199680B9109998968C86874
:10D5580089680C900D9101D0072A61D197F8305055
:10D56800012D0DD07A4B0126734A20460193794B41
:10D57800794900935723CDE902566569A847B5E76D
:10D58800796B41B9754B666900935E236A4A2046F8
:10D598006A49B047ABE7086820B9714B66690093E0
:10D5A8005F23F3E7D1F804C0BCF1000F04D16D4B41
:10D5B800666900936023E9E7016801290BD06A488E
:10D5C800006803EB80004068814204D0674B6669BD
:10D5D80000936123DAE7DCF8000081420CD0644B49
:10D5E80066690193634B544A00936523CDE90210A1
:10D5F80059492046B0477AE75B49204611920968A5
:10D6080003EB81035968A36B890010919847A36BBA
:10D61800C9F82400204610999847119AC9F828009B
:10D628000D9B5146204604930C9B03930B9B02933E
:10D638000A9B01930E9BCDE9052900935A460F9B3F
:10D6480001F0A4F9054600287FF451AF98F800309E
:10D65800092B5DD141461FA8FFF716FF099925A898
:10D66800FFF712FF39462BA8FFF70EFF1F9B042B6D
:10D678007FF424AF2B9B042B7FF420AF259B042B36
:10D688007FF41CAF2B4625AA29461FA8FEF7B1FF39
:10D69800032382462BAA194625A8FEF7AAFFBAF14A
:10D6A800010F7FF40BAF0E9B13A917AACDF84CA05E
:10D6B80014930F9BCDF86CA01593239BCDE9163AD4
:10D6C8000B9B18930A9BCDE919300D9B1C930C9B5F
:10D6D800CDE91D30D9F8043031A83793D9F8003096
:10D6E8003693DBF818303993DBF8143038931BABDA
:10D6F80008F0D6F8011E07DD236C09F13402204634
:10D70800984728B10546F2E64FF0FF33C9F83430A0
:10D718003368304609995B6A984733684146304612
:10D728005B6A98473368394630465B6A9847DEE655
:10D7380060632520EB5B2520C65C2520615A2520E7
:10D7480068632520FC5B2520646325209C5A2520DE
:10D75800245D25203E5D25200E5C2520585D252072
:10D768006C5D2520875D25206C632520A75D25201D
:10D77800295E25204F5E252010B50446034B044A38
:10D78800044902F0D4FE204610BD00BF65D3242012
:10D79800B1D4242095CE2420836B10B50BB908F0A2
:10D7A80083F83821BDE810401847002938B50568C6
:10D7B80001DBA94201DB08F077F800220124031DF0
:10D7C800914218BF53F8220002F1010208BF01205C
:10D7D800AA4200FB04F4F3DB204638BD2DE9F04FE4
:10D7E8000E69A3B0044689460EB908F05DF84B6986
:10D7F8000693002BF9D0C568744A2B68284612682E
:10D808009B699847804660B9714B656900934023CE
:10D81800704A20467049A8470127384623B0BDE81A
:10D82800F08F2B6849466D4A28469B6912689847CD
:10D83800824620B96A4B656900934323E8E72B6861
:10D848004946684A28469B69126898472B68664A81
:10D8580049468346DB69126828469847814620B9BD
:10D86800624B656900934823D2E798F8000099F85D
:10D878000030834213D0666905F09AFD054699F891
:10D88800000005F095FD5A4B524A0193594B5A49ED
:10D8980000934A23CDE902502046B047BCE75146E1
:10D8A80010A8FFF7F1FD494616A8FFF7EDFD169BF6
:10D8B80010A80593109B013B19460793FEF716F92C
:10D8C800059B012208905F1E16A83946CDE909225A
:10D8D800FEF70CF9079B0B9010A81946FEF706F9FE
:10D8E8003946306316A8FFF760FF3946F06216A87C
:10D8F800FEF7FCF84FF0FF3370632046B362069BD7
:10D9080098F8002019784346CDE90296CDE900AB96
:10D9180002F0D2FD074600287FF47FAF98F8003068
:10D92800072B0DD108A808F01BF800280ADD0146CE
:10D93800236C06F128022046984718B107466CE781
:10D94800092B18D02B68494628465B6A98472B68EC
:10D95800414628465B6A98472B68514628465B6AC9
:10D968009847BBF1000F3FF458AF2B68594628463B
:10D978005B6A984751E741461CA8FFF785FD059B60
:10D98800023B022B3FF631AF059B022B19D0336BBC
:10D998009B0716D1716B2046A36B89009847716B62
:10D9A800A36B3062890020469847F36A70620CA81E
:10D9B8000C930123CDE90D33336B0F9307F0D8FF98
:10D9C800B3E708A807F0F0FFAFE700BF68692520B4
:10D9D800EB5B2520705E2520615A25207069252083
:10D9E800FC5B2520646925206C6925209C5A25202C
:10D9F800285C2520355C2520CF5E252010B50446FF
:10DA0800034B044A044902F092FD204610BD00BFB2
:10DA18003DDD2420E5D72420A1D7242008B508B966
:10DA280007F042FF006808BD2DE9F04FB7B0044683
:10DA38000D469A4626A89346DDE94089494602F0F4
:10DA4800ADFD269EB31E022B01D907F02DFF2B68D2
:10DA58002A6B0B936B68E96A0C9301231191CDE94A
:10DA680014226A6BCDE91233CDE91633CDE91823B8
:10DA7800CDE91A33CDE91C21CDE91E33A96A00236B
:10DA880020929942CDE90D3303DB636C2046984719
:10DA98000D90B8F1000F01D0D8F800806A69022E05
:10DAA800D5F81CC0C2F10002D5E9027065D02B6B15
:10DAB80013F0030361D10121CDE92C2CCDE93211FA
:10DAC8006A6ACDE92E11296A10920F91CDE9303397
:10DAD800CDE93470686B984207DD0B9841F8230054
:10DAE8000C9842F823000133F4E75846FFF796FFF5
:10DAF80009905046FFF792FFB9F1000FA5D0D9F869
:10DB080000201DAF099B19AE15AD069200930FAA10
:10DB180011AB2CA90195CDE90206CDE904870DA822
:10DB280007F096FE30B3636958460993FFF776FF0E
:10DB380083465046FFF772FFD9F800300FAA2CA988
:10DB4800CDF800B0CDE90573CDE9015011AB0DA8B2
:10DB5800CDE9036807F07CFE00232D4A2D49CDE965
:10DB680002032D4B2046099C01932C4B0093E02384
:10DB7800A047012037B0BDE8F08F00232192CDF8EF
:10DB88008CC02293CDE924705846FFF747FF07461B
:10DB98005046FFF743FFB9F1000F3FF456AFD9F8ED
:10DBA80000301DAD19AE0BAA069315AB21A9CDE91E
:10DBB8000206CDE900730DA811ABCDE9048507F085
:10DBC8004FFE0028D6D058466769FFF727FF8346DF
:10DBD8005046FFF723FFD9F800300BAA21A902907D
:10DBE8000DA8CDE9055315ABCDE90368CDE900B320
:10DBF80011AB07F035FE0023054A0649CDE90203BB
:10DC0800054B20460193064B0093F023B847B0E735
:10DC1800705E25200E5C2520E95E2520FE5E25200D
:10DC2800106025202DE9F04F0E46A3B099460B68E9
:10DC38001546326B099304464B68C96A0A93012357
:10DC48000D91CDE91022726BCDE90E33CDE9123377
:10DC5800CDE91423CDE91633CDE91821CDE91A33DE
:10DC6800B16A00231C929942DDE92C8ACDE90B3375
:10DC780002DB436C98470B90B8F1000F01D0D8F83D
:10DC8800008073695B421D93F3691F9300231E9301
:10DC9800B3682093F36821930DB907F005FE484651
:10DCA800D5F800B0FFF7BAFEBAF1000FF5D0DAF8F0
:10DCB800003019AF15AE09AA069311AB1DA9CDE91D
:10DCC8000206CDE900B30BA80DABCDE9048707F038
:10DCD800B7FD18B34846D4F814B0FFF79FFEDAF83A
:10DCE800003009AA1DA902900BA8CDE9057311AB54
:10DCF80001932B68CDE9036800930DAB07F0A0FDF5
:10DD08000023084A0849CDE90203084B204601933D
:10DD1800074B00934FF48B73D847012023B0BDE81D
:10DD2800F08F00BF705E25200E5C2520E95E25205F
:10DD3800126125202DE9F04F4F6904460E462DED5E
:10DD4800028BA9B00FB907F0AFFD694B1A6802F052
:10DD580015FC684B314605461A68204602F00EFC51
:10DD6800654A314602901268204602F007FC634A71
:10DD7800314680461268204602F002FC316981462D
:10DD88000029E0D0287A029B072800F09F80092804
:10DD980000F09580012840F0A080B8F1000F65D010
:10DDA800D8F8006039781EA8029302F067FB29466C
:10DDB80006A802F0F3FB2B680CA80593029B1946F2
:10DDC80002F0ECFB029B002BBDD01B68414612A859
:10DDD800049302F0E3FB494618A802F0DFFBB9F10F
:10DDE800000FB0D0189C18A8D9F80030013C0C9D41
:10DDF800039321469DED258AFFF7D7FCA91E0290C3
:10DE08000CA8FDF773FE8046214618A8FDF76EFEA4
:10DE18008045DDED268A044695D1691E0CA8FDF7DC
:10DE280065FE0023DFED366A1D469C46029A624570
:10DE38003FDD039A02EB8508059A02EB830B00226B
:10DE48001146A14230DA049FDA464FF0000EDFEDAA
:10DE58002C7A07EB820970450ADDBAEC016A0EF1EB
:10DE6800010EB9EC017AE6EE077AF4E7464699E73F
:10DE7800BEB106EB810E9EED007A77EE877A01310E
:10DE88000244B4EE678AF1EE10FA78FE277AF4EECF
:10DE9800678AF1EE10FA48BFF0EE687AE8EC017A8A
:10DEA800CFE7B0EE667AE8E70CF1010C25440344AD
:10DEB800BCE7002029B0BDEC028BBDE8F08F2A46F4
:10DEC8002046CDE90089FFF7AFFDF3E72A46204653
:10DED800CDE90089FFF7A6FEECE7666905F068FA68
:10DEE8002B7A024607492046B0470120E2E700BFE7
:10DEF8006869252070692520646925206C692520BA
:10DF0800000000007B5B252010B50446034B044A43
:10DF1800044902F00CFB204610BD00BF85E2242016
:10DF28003D092520110725202DE9F04FB1B01C46E9
:10DF3800064601230D9214A80A460421FDF7E2FDC6
:10DF48000DF1800822460024012304211AA80DF1AE
:10DF5800A009FDF7D7FD1027414614A8A246FDF7F2
:10DF6800E3FF49461AA8FDF7DFFF214614A8FDF78D
:10DF7800BDFD054621461AA8FDF7B8FD854206D025
:10DF8800012D40F0998048F807A048F82400013492
:10DF98000437042CE9D101233B9A21460EA8FDF74A
:10DFA800B1FDDDE90EB30A93109B0893119B089A03
:10DFB8000593129B0393059B5343039A53430B9377
:10DFC800059B53430C9300231F460493BBF1000F9A
:10DFD80074DD0A9B9F4280F2B380049B4FF00008D7
:10DFE8000793BBF1010F69D0089B984580F2A28086
:10DFF800079B4FF0000A0693BBF1020F5ED0059B0A
:10E008009A4580F290803C9BBBF1030F069A4FF033
:10E0180000091344099351D0039B99457CDA534670
:10E028004246394620A8CDF80090FDF748FE0D9BE2
:10E03800424639461D5628A87368CDF800901D44FD
:10E048005346FDF73CFE3A9BD6F80CC01C56B36805
:10E058001C44D6E904236C4323EAE375002B04FA35
:10E0680005F4D4BF5B420023A2422ED102F1004046
:10E078004142414184FB0245002C75F10002324ABD
:10E08800A8BF4FF0804211BBA41845EBE275002CE5
:10E0980075F1000204DA6FF00042A41845F100059A
:10E0A800E20F42EA45021F2B14DD284B4FF4B971E9
:10E0B800274A284807F0FCFB012801D007F0F4FBA9
:10E0C80049F807A049F8245061E70021D2E76FF02A
:10E0D8000042E8E70121F46A994042FA03F3013962
:10E0E80001EA0200491001EBD2718842C8BF01332E
:10E0F8009C44A445B8BFA446346BA445A8BFA44615
:10E10800BBF1040F4FFA8CFCD8D1099B09F1010926
:10E1180003F801CB09937FE7069B0AF1010A039AEA
:10E128001344069368E7079B08F101080C9A134407
:10E13800079356E7049B01370B9A1344049345E76A
:10E1480031B0BDE8F08F00BF010000C06C5B252036
:10E15800BC5A2520335B25202DE9F04FCDB007466A
:10E168000D4614460021682232A81E4607F094FB8B
:10E17800BB6829462CA83D93FB683E933B6A4093B5
:10E188003B685B4233937B685B4234933B693593CE
:10E198007B693693BB69379302F000FA214626A8BB
:10E1A80002F0FCF932AA26A92CA8FDF7FDFD10B350
:10E1B80029462CA802F0F2F90DB907F075FB2146A3
:10E1C80026A82D6802F0EAF9002CF6D0276820ACC2
:10E1D8003146204602F0E2F9002EEED033682A4696
:10E1E8002CA932A80097CDE9014326ABFFF79CFE86
:10E1F8004DB0BDE8F08F002DDFD02F68002CDCD0AB
:10E20800339A349BD4F800800D920C93002ED4D00E
:10E21800336829461AA8DDF8DC900B93359B0993DF
:10E22800369BDDE93DAB0A9302F0B8F9214614A804
:10E2380002F0B4F931460EA802F0B0F91AA807F0B6
:10E248003FFB044614A807F03BFB05460EA807F061
:10E2580037FBAC42B1D18442AFD10A9B4146384624
:10E268000293099B01930B9BCDE905B40093CDE97B
:10E27800039ADDE90C3207F0DBFAB9E72DE9F04340
:10E28800D1F8149085B004460D46B9F1000F01D1BC
:10E2980007F00AFBD1F81080B8F1000FF8D0204B36
:10E2A8001A6802F06BF91F4B064629461A68204681
:10E2B80002F064F91C4B074629461A68204602F00A
:10E2C8005FF90346307A022816D009280BD00128B6
:10E2D8001BD14A46294620460096CDE9017343469C
:10E2E80002F03BFC04E03A4631464046FFF734FF73
:10E2F800002005B0BDE8F083CDE9007342463346FF
:10E308002946204602F0A6FCF2E7656905F050F8B8
:10E31800337A024605492046A8470120E9E700BFAD
:10E32800E0692520E4692520E86925207B5B252014
:10E33800836B10B50BB907F0B7FA2421BDE810407C
:10E34800184710B50C4603F051FD18B923694FF072
:10E35800FF321A6210BD00002DE9F0438DB08046EF
:10E36800894603F043FD0646002844D1D8F80C40FE
:10E3780049462A4A2368204612689B6998472368B9
:10E38800274A0746DB6949461268204698473B7882
:10E398000546092B36D1B96801A851F8042B00921B
:10E3A800920007F0E9FA009B042B01D007F07CFAF1
:10E3B8000DB90695FAE7A96807A851F8042B069243
:10E3C800920007F0D9FA069B042BEFD1032306AA83
:10E3D80068461946FEF70DF90146099807F090FAC4
:10E3E800011ED9F810200ADDD8F840302032404606
:10E3F800984738B1064630460DB0BDE8F0834FF077
:10E40800FF3313622368294620465B6A98472368CE
:10E41800394620465B6A9847EDE700BFF46C252033
:10E42800F86C25202DE9F043D1F81480A5B00446F6
:10E438008946B8F1000F01D107F036FA0D69002DB1
:10E44800FAD03E4B1A6802F099F83D4B0746494608
:10E458001A68204602F094F80646387A01280AD04D
:10E46800092814D0656904F0A3FF364902462046FE
:10E47800A847012008E020462B4642464946CDE9F8
:10E48800007603F031FD002025B0BDE8F083394661
:10E4980012A802F083F8129B042BCDD1314618A89C
:10E4A80002F07CF8189B042BC6D1032318AA12A8E3
:10E4B8001946FEF79EF80123129A06939A42BBDD8D
:10E4C8001499022A0791B7D0159A296A0A93CDE9B7
:10E4D80008201A9A0B921B9ACDE90C20D8F808202C
:10E4E8001F92D8F804201E926A6821922A680E9317
:10E4F80020922A6922926A692392D8F810200F92F2
:10E50800D8F80C20CDE9102300239942CDE9043333
:10E5180003DB636C2046984704903B68002E8BD041
:10E5280032681EA904A802920AAA01920EAA0092B1
:10E5380006AA07F0D1F90028A6D07DE7F46C2520BB
:10E54800F86C2520176225202DE9F043D1F81480B6
:10E55800A5B004468946B8F1000F01D107F0A4F927
:10E568000D69002DFAD03E4B1A6802F007F83D4BB2
:10E57800074649461A68204602F002F80646387AE5
:10E5880001280AD0092814D0656904F011FF36491A
:10E5980002462046A847012008E020462B4642466E
:10E5A8004946CDE9007603F0CEFC002025B0BDE851
:10E5B800F083394612A801F0F1FF314618A801F09E
:10E5C800EDFF032318AA12A81946FEF712F8012333
:10E5D800129A06939A42C1DD1499022A0791BDD076
:10E5E800159A0A93CDE90820189A9A42B6DD1A9925
:10E5F800022A0B91B2D01B9A296ACDE90C20D8F8CF
:10E6080008201F92D8F804201E926A6821922A686E
:10E618000E9320922A6922926A692392D8F81020D0
:10E628000F92D8F80C20CDE9102300239942CDE9A8
:10E63800043303DB636C2046984704903B68002E44
:10E648008CD032681EA904A802920AAA01920EAAC6
:10E65800009206AA07F060F90028A7D07EE700BF5D
:10E66800F46C2520F86C25204062252010B504465E
:10E67800034B044A044901F05AFF204610BD00BF6D
:10E688002DE4242061E3242039E3242010B5044636
:10E69800034B044A044901F04AFF204610BD00BF5D
:10E6A80051E524204BE3242039E3242023B1012819
:10E6B80004D0022807D000231846704719440139AE
:10E6C80091FBF3F3F8E7013A0098194450430130FD
:10E6D800091AF5E70B7B012B70B504460D46164663
:10E6E80003D100232363124B04E0032B15D100232D
:10E6F8000363104B6363287801F061FF336820706F
:10E70800204663807368A3806B686381AB68A381CC
:10E718002B69E3816B69238270BD022B04D1064B00
:10E7280003634FF07E53E5E76FF40003DAE700BFB9
:10E73800FFFF7F7F0000C040000080BF2DE9F04F41
:10E748009B460B688FB007461B6888461E9E023B97
:10E758000A92012B0AD9694B694A009356234469E6
:10E768006849A04701200FB0BDE8F08F4B681C68CE
:10E77800012C0CD0644B0125614A0193634B644919
:10E7880000935723CDE902454469A047EAE70A9B6D
:10E798005946199A93F800A0D3E901595B69504684
:10E7A8000B930A9B1B690C9300932B46FFF77EFF84
:10E7B8000B9B1A9A18990D90504600934B46FFF7F9
:10E7C80075FF1A9B0B9A0138013B414653430C9A3B
:10E7D800013309FB0039189BA9EB0309199B013B7D
:10E7E80029EAE97953430D9A0133501E002205FBAB
:10E7F8000035A5EB0B0B2BEAEB7B4FEA6B030BF019
:10E80800010533604FEA6903B560736009F00103DD
:10E81800F360FD682B6828469B699847824640B993
:10E828003C4B7D6900936423354A38463549A847EF
:10E8380098E72B682246414628469B6998478146B7
:10E8480020B9354B7D6900936723EDE72B68414676
:10E85800022228469B6998472B6841468346DB6914
:10E86800002228469847804620B92C4B7D690093A2
:10E878006C23D9E79DF87430012B1ED1DAF81030DB
:10E88800514628463361D9F810307361D8F81030F2
:10E89800B3612B685B6A98472B68494628465B6AD0
:10E8A80098472B68414628465B6A98472B68284654
:10E8B80059465B6A9847002055E7D9F80830514611
:10E8C8000A9A5B680C320893B36A0793736A0693D3
:10E8D80006F13003059306F12C03049306F1200397
:10E8E800039306F11C03CDE9000202934A465B46F6
:10E8F800384604F03BFF0028C0D034E7B362252037
:10E9080061622520615A2520795B2520D762252060
:10E918000E5C2520EB5B2520FC5B25209C5A2520DE
:10E928000B7C012B70B504460D46164603D1002317
:10E938002363134B04E0032B17D100230363114B0C
:10E948006363287801F03BFE3368207020466380BB
:10E958007368A3806B686381AB68A3816B69E3818B
:10E96800AB692382EB68638270BD022B04D1064B2E
:10E9780003634FF07E53E3E76FF40003D8E700BF6B
:10E98800FFFF7F7F0000C040000080BF2DE9F04FEF
:10E998009B460B688FB006461B68884617461E9D27
:10E9A800023B012B0AD96A4B6A4A009357234469F0
:10E9B8006949A04701200FB0BDE8F08F4B681B687C
:10E9C800012B0A930CD00124624A6449CDE9023430
:10E9D800634B0193634B009358234569A847E9E7C4
:10E9E8009369594692F800A00B9353695046D2E9AF
:10E9F80001490C93199A00932346FFF757FE0B9B86
:10EA08001A9A18990D90504600934B46FFF74EFE00
:10EA18001A9B0B9A0138013B414653430C9A013328
:10EA280009FB0039189BA9EB0309199B013B29EA4B
:10EA3800E97953430D9A0133501E4B4A04FB0034C5
:10EA48001268A4EB0B0B2BEAEB7B4FEA6B030BF082
:10EA580001042B604FEA6903AC606B6009F00103A5
:10EA6800EB60F468236820469B699847824638B96A
:10EA78003E4B746900936523364A3046364998E719
:10EA8800236841463A4A20469B691268984781465E
:10EA980020B9384B746900936823EDE72368414631
:10EAA800354A20469B69126898472368334A41468D
:10EAB8008346DB69126820469847804620B9304B68
:10EAC800746900936D23D7E79DF87430012B1ED12C
:10EAD800DAF81030514620462B61D9F810306B61B6
:10EAE800D8F81030AB6123685B6A984723684946B9
:10EAF80020465B6A98472368594620465B6A9847D0
:10EB08002368204641465B6A9847002053E7D9F8B6
:10EB1800083010374A4651461B690893AB6A079379
:10EB28006B6A069305F13003059305F12C030493F2
:10EB380005F12003039305F11C03CDE900070293B7
:10EB480030465B4604F012FE0028C1D033E700BF10
:10EB5800B362252000632520615A25200E5C2520FC
:10EB6800795B2520D7622520F0622520EB5B2520E4
:10EB7800F8622520FC5B2520EC622520F462252024
:10EB88009C5A2520836B10B50BB906F08DFE202109
:10EB9800BDE81040184738B504680B689C4201D09E
:10EBA80006F082FE012304395A1E944207DD50F80C
:10EBB8002320013351F823509542F5D0F0E703465E
:10EBC80000220120944204DD53F8041F0132484317
:10EBD800F8E738BDF0B50E6907460C462DED028BF7
:10EBE8008FB00EB906F060FE002201F0C7FC214686
:10EBF80005460022384601F0C3FC077A0446287A05
:10EC0800012F7ED1072847D0092823D003286CD1AB
:10EC1800294602A801F0C2FC214608A82F6801F085
:10EC2800BDFC08A902A8B568FFF7B5FF2168002256
:10EC380096ED008B904252DDBB5C01325B1B07EE08
:10EC4800103AB8EEC77B27EE087BB7EEC77BA1EC7E
:10EC5800017AEFE7294602A801F0A0FC214608A89E
:10EC68002F6801F09BFC08A902A8B568FFF793FF7D
:10EC78002168002296ED008B904230DDBB560132B0
:10EC88005B1B07EE103AB8EEC77B27EE087BB7EEA2
:10EC9800C77BA1EC017AEFE7294602A801F07EFCC8
:10ECA800214608A82F6801F079FC08A902A8B568D0
:10ECB800FFF771FF2168002296ED008B90420EDD70
:10ECC80037F9123001325B1B07EE103AB8EEC77BFA
:10ECD80027EE087BB7EEC77BA1EC017AEEE70027A9
:10ECE80038460FB0BDEC028BF0BD04F061FB01901B
:10ECF800207A04F05DFB01990246084803F078FE8B
:10ED0800EEE704F055FB0190207A012704F050FB50
:10ED180001990246014803F06BFEE1E77063252084
:10ED280010B50446034B044A044901F000FC204690
:10ED380010BD00BFDDEB242049ED24208DEB2420FD
:10ED48002DE9F043D1F8109085B005468846B9F111
:10ED5800000F01D106F0A8FD0B6813B11A68012A4B
:10ED680012D06E6903B11B680124CDE90234374B18
:10ED78000193374B00932123364A28463649B0473A
:10ED8800204605B0BDE8F0834B6813B11C68012C20
:10ED98000BD06E6903B11B680124CDE902342B4BFB
:10EDA80001932E4B00932223E6E7C66800223368BE
:10EDB80030469B699847074640B9294B6E690093CE
:10EDC8002823244A28462749B047D9E733684146CB
:10EDD80000223046DB699847804620B9224B6E698D
:10EDE80000932A23EDE73B78092B08D003F0FB03B7
:10EDF800032B04D01D4B6E6900932C23E1E798F890
:10EE08000030012B09D01A4B28466C6900932F2338
:10EE1800104A1449A0470124B2E73B69394697EDE7
:10EE2800037A3046C9F808300024D8F81030B7EE15
:10EE3800C77AC9F81830336889ED007B5B6A984750
:10EE48003368414630465B6A984799E7795B2520E5
:10EE5800EB632520936325200E5C2520FB6325208A
:10EE6800EB5B2520615A25209C5A25200C6425201F
:10EE7800656425200B682DE9F04F044689B08A4661
:10EE880013B11F68032F12D0656903B11B680322F1
:10EE9800CDE902327D4B01937D4B00939E232046A2
:10EEA8007C4A7D49A847012009B0BDE8F08FC668B3
:10EEB80000220D69336830469B6998473368012200
:10EEC80051469B6904903046984733680222804631
:10EED8009B69514630469847049B81469A68136857
:10EEE800032B08D06569CDE90237684B01936B4B5A
:10EEF8000093A623D3E7D8F808100968032908D097
:10EF08006569CDE90213614B0193654B0093A72313
:10EF1800C5E783681B68022B09D002226569CDE921
:10EF28000232604B0193604B0093A823B7E7DAF8ED
:10EF3800043013B1196804290BD0656903B11B6843
:10EF48000422CDE90232594B0193594B0093AA236D
:10EF5800A5E76B69D2F808B005F12C020593049B6C
:10EF680059464FEA8B07DB68AB65049B1B69EB6569
:10EF7800D8F80C302B66D8F810306B66C368AB66CF
:10EF880003692046EB66236C9847236C05F1300231
:10EF98004FEA0B1120469847D8F808302046D3E9A5
:10EFA8000221236C514305F1340289009847236CF0
:10EFB80005F13802394620469847236C05F13C0292
:10EFC8003946204698472B4605F14002204653F81B
:10EFD800441B01FB0BF106938900236C98472B46D1
:10EFE800069A204653F8481B01FB0BF1079389004A
:10EFF800236C9847079B394620461A46236C984746
:10F008002A46236C204652F84C1B01FB0BF1890061
:10F0180098472A46059B204652F8501B9942B8BF8C
:10F028001946236C0BFB01F1890098472A46236C8B
:10F03800204652F8541B5945A8BF59460BFB01F10D
:10F0480089009847DAF8043013B11A68042A0BD0FB
:10F05800656903B11B680422CDE90232134B0193A1
:10F06800134B0093DD231AE73368304604995B6A33
:10F0780098473368414630465B6A9847336830465C
:10F0880049465B6A984700200EE700BF616A252061
:10F09800EB632520846425200E5C2520E064252070
:10F0A80003652520036B25202A652520087D25205A
:10F0B800FB632520036803EB820003EB810390EDDB
:10F0C800007AD3ED007AB4EEE77AF1EE10FA05D4BF
:10F0D80006DC9142ACBF0020012070470120704738
:10F0E800002070472DE9F84F02F1FF3A1F46054608
:10F0F80088460AEBDA7A1646DDF828900C464FEA7D
:10F108006A0A6FF04043A24516DD621C48464FEA82
:10F11800420B03EB420255F82B1055F82220FFF75B
:10F12800C9FF6FF0404308B10BF1FF3B55F82B20A6
:10F1380045F824205C46E6E7F3070ED4023E06EBCA
:10F14800D676B4EB660F08D1631C5A0005EBC303EF
:10F1580053F8043C45F82430541E661E06EBD67658
:10F168007610A0454FEA840B05EB840A0EDA55F8B1
:10F1780026103A464846FFF79DFF38B1731E3446BD
:10F1880045F80B1003EBD3735E10EAE7CAF800707A
:10F19800BDE8F88F2DE9F04303EB810185B01C46EB
:10F1A800984600230390414503D048F8043B0133B7
:10F1B800F9E7930042F31D0604EB8207042B14DCE5
:10F1C8003D460DF10C09A84522D803AD3B1B042B85
:10F1D8002FDD57F8043D0021226820463A603A1B8B
:10F1E80000959210FFF77EFFF0E7B51E0DF10C09B0
:10F1F80005EBD5756D1054F8253032462946204662
:10F20800CDF80090FFF76EFF002DD9D0013DF2E751
:10F21800296848462268FFF74DFF40B12A600B462F
:10F22800324600212046CDF80090FFF75BFF0435F9
:10F23800C9E705B0BDE8F08308B501F0DF03413B3D
:10F24800192B05D9064B3721064A074806F030FB2B
:10F25800484010F0DF0F0CBF0120002008BD00BFA0
:10F2680047652520576525208365252010B50A4C5C
:10F278002378BFF35B8FDB070CD4204606F000FB36
:10F2880040B10648064B074A074901F050F92046A5
:10F2980006F0FEFA014810BD1490012018900120D4
:10F2A8009DFD24207DEE2420FDF62420F7B506469A
:10F2B80017461D460C4631B9224B4FF48F71224A2E
:10F2C800224806F0F5FA002A1ADC0A46104612F817
:10F2D800013B53B1A3F130010929F7D8302B04D1F0
:10F2E80058214078FFF7A8FF38B92B460A22214653
:10F2F8003046FFF7DBFF03B0F0BD2B461022F6E7E0
:10F308001BB106F005FB002303603A4601A920461D
:10F31800019406F041FB019BC6E900011A780AB97D
:10F32800A34205D1002200230020C6E90023E2E71A
:10F3380035B106F0EDFA0068B0FA80F04009DAE776
:10F348000120D8E7C2652520C665252083652520CC
:10F35800F7B5064617461D460C4631B9224B4FF401
:10F368008F71224A224806F0A3FA002A1ADC0A46BC
:10F37800104612F8013B53B1A3F130010929F7D81F
:10F38800302B04D158214078FFF756FF38B92B4667
:10F398000A2221463046FFF7DBFF03B0F0BD2B46BB
:10F3A8001022F6E71BB106F0B3FA002303603A46D1
:10F3B80001A92046019406F05FFA019BC6E9000105
:10F3C8001A780AB9A34205D1002200230020C6E911
:10F3D8000023E2E735B106F09BFA0068B0FA80F046
:10F3E8004009DAE70120D8E7C265252021662520F3
:10F3F80083652520032907D8012994BF90F90000C7
:10F40800B0F90000C1177047072901D80068F9E76B
:10F41800D0E90001704710B504680179204606F06C
:10F4280073FA201A10BD000038B58B7904460D46D2
:10F43800093B012B0BD80846FFF7EDFF6B792060DD
:10F448002046237106F044FAA060204638BD024BDE
:10F45800036001230371F5E7646925208B79052B87
:10F4680070B504460D460BD10846FFF7D4FF6B79FB
:10F4780020602046237106F02BFAA060204670BD5C
:10F48800042B09D10846FFF7C6FF6D79064606F03A
:10F4980033FA25712660F0E7034B1B6803600123EC
:10F4A800037100238360E9E79CAA002003290AD896
:10F4B800012994BF90F90030B0F9003000EE103AFD
:10F4C800B8EEC00B7047072904D890ED000AB7EED4
:10F4D800C00A704790ED000B704710B5044680795C
:10F4E80086B0022802D12179206815E00A280AD8B6
:10F4F80060B1431E092B08D8DFE803F011071C0789
:10F508002A170A2507391A28EDD0002001460AE0F3
:10F518002046FFF780FF617906F0F6F903E02179CC
:10F528002068FFF767FF06B010BD2046FFF773FF9E
:10F538006179F6E721792068FFF7B8FF51EC100BE5
:10F5480006F026FAEFE72046FFF765FF6179F3E753
:10F55800214603A8FFF782FF01230A220399684680
:10F56800FFF7F6FE0028D1D0DDE90001DBE72146F0
:10F5780003A8FFF759FF05980021D4E78379012BE9
:10F5880010B5044686B002D12179206815E00A2B0F
:10F598000BD8012B0BD9023B082B08D8DFE803F066
:10F5A800101A07270A16230736001A2BECD000205A
:10F5B800014609E0FFF72FFF6179FFF71BFF03E022
:10F5C8000179006806F0A0F906B010BDFFF723FF27
:10F5D8006179F7E701790068FFF768FF51EC100BD4
:10F5E80006F086F9F0E7FFF716FF6179F4E70146C0
:10F5F80003A8FFF733FF01230A2203996846FFF7A0
:10F6080055FE0028D4D0DDE90001DDE7014603A856
:10F61800FFF70AFF05980021D6E700000000000068
:10F628001FB583790446032B05D101790068FFF7DC
:10F638003DFF04B010BD0A2B0AD85BB1013B092B72
:10F6480008D8DFE803F00E48070723171B0A073F0F
:10F658001A2B40D09FED220BEBE7FFF7DCFE617918
:10F66800E5E701790068FFF7C5FE06F025F941ECEA
:10F67800100BDEE7FFF7CFFE6179F4E7FFF7CBFE6B
:10F68800617906F041F906F0DFF8F0E7014601A8D4
:10F69800FFF7E4FE019C34B9134B40F23711134ACB
:10F6A800134806F005F969462046009406F078F9F3
:10F6B800009B9C42CED01B789FED097B002B00FE5F
:10F6C800070BB6E7014601A8FFF7AEFEDDED037AAA
:10F6D800B8EE670BADE721792068D2E7AFF3008079
:10F6E80000000000000000008566252090662520A7
:10F6F8008365252070B5866B86B005460EB906F081
:10F70800D3F80A4412F8023C911E12F8010C0122A7
:10F7180003F003049B10091A8DF8080002FA04F498
:10F72800092B0191E4B28DF80A308DF8094040F0B8
:10F73800898001A8FFF76FFE8DF81040039003A899
:10F7480006F0C6F8702105902846B047514A04468D
:10F7580003A901A806F088F801A8FFF70FFF4E4A91
:10F7680003A9206001A806F07FF801A8FFF706FFAB
:10F778004A4A606003A901A806F076F89DF80A30A5
:10F78800002B64D16423A360454A03A901A806F0AD
:10F798006BF89DF80A30002B63D1237603A9414A00
:10F7A80001A806F061F801A8FFF73AFFB7EEC00B11
:10F7B80003A93D4A01A884ED030A06F055F801A8FB
:10F7C800FFF72EFFB7EEC00B384A03A901A884ED56
:10F7D800040A06F049F801A8FFF7D0FE03A9344A45
:10F7E800606101A806F040F801A8FFF719FFB7EE1D
:10F7F800C00B03A92F4A01A884ED070A06F034F8C4
:10F8080001A8FFF70DFFB7EEC00B03A92A4A01A80C
:10F8180084ED080A06F028F801A8FFF701FFB7EE03
:10F82800C00B264A03A901A884ED090A06F01CF8B2
:10F8380001A8FFF7F5FEB7EEC00B204684ED0A0AD3
:10F8480006B070BD1E4B8DF81020039377E7134A5E
:10F8580003A901A806F008F801A8FFF78FFEA06029
:10F8680092E70F4A03A901A805F0FEFF9DF80A30A8
:10F878001A2B0AD19DF80810019806F045F850EAAD
:10F88800010314BF0123002387E701A8FFF725FE22
:10F89800F5E700BFD7662520E66625200067252006
:10F8A8001567252025672520396725204B672520E2
:10F8B800576725205F672520676725206F67252004
:10F8C800BC19030008B508B905F0EEFF006808BDCB
:10F8D80088422DE9F0410446174613D0914278D06A
:10F8E8000B1A121A9B109510C3EBA20293420CD16B
:10F8F8000B461868226844F8040BA14243F8042B0D
:10F90800F7D10F463846BDE8F0817A1A6FF0030C3C
:10F918008718EE1A9E422DDD012B0ED12146AA0032
:10F9280004EB850551F8046BA94203D0043A20463C
:10F9380005F09EFF45F8046CE4E704EB8300002221
:10F94800964209DD54F822E050F8221044F82210BB
:10F9580040F822E00132F3E795FBF3F226EAE67677
:10F9680003FB125504EB8604002DCBD01E465B1B0F
:10F978003546CEE7012E0FD105F18045013D04EB58
:10F988008503AA0054F82550A34203D02146201D20
:10F9980005F06EFF2560B5E704EB85040022A4EBB3
:10F9A800860001469A4209DA51F804ED013254F80A
:10F9B800048DC1F80080C4F800E0F3E723EAE3749B
:10F9C80095FBF6F306FB13530CFB0404002BCFD175
:10F9D80098E7074696E7132A2DE9F84304460E46AA
:10F9E80015461F464FEA82092BDC814401468945AA
:10F9F80061D00D1B2046AD10002D1ADD6B103E683E
:10FA08000A6800EB830E06EB820C50F8232006EB05
:10FA180082069CED007AD6ED007AB4EEE77AF1EE34
:10FA280010FA04DCED1A0EF10400013DE4E71D466E
:10FA3800E2E70D1D4FF000032A46FFF749FF29466C
:10FA4800D5E74FEA62084246FFF7C5FF3B46A5EBFC
:10FA58000802314604EB8800FFF7BDFF002241464B
:10FA68001346904514DD8D4254F822E01FDDD7F887
:10FA780000C054F821000CEB80000CEB8E0C90EDCC
:10FA8800007ADCED007AB4EEE77AF1EE10FA0EDDDA
:10FA980054F82100013146F8230001339D42E0D19A
:10FAA8004A4631462046BDE8F84305F065BF0132B5
:10FAB80046F823E0F1E7BDE8F88300002DE9F04FB0
:10FAC8002DED028B87B0164600229946044600F0B9
:10FAD80055FD149B002B0ADAA84B00934FF4DC73F6
:10FAE80065692046A64AA749A847012019E196ED6D
:10FAF800048AB5EEC08AF1EE10FA06DDF7EE007A58
:10FB0800B4EEE78AF1EE10FA05D99F4B009340F264
:10FB1800BB136569E5E743682046316BD3F808A055
:10FB2800636CD6ED038A98470022034602909245FB
:10FB380040F3FC8093ED007A1946D3ED027AB4EED7
:10FB4800E77AF1EE10FA80F2138191ED017A103321
:10FB580053ED017AB4EEE77AF1EE10FA80F20881FB
:10FB68000132E4E7636C2046F16C03929847039AEC
:10FB780080468344002305920246934503D042F809
:10FB8800043B0133F9E705AB2A4639464046FFF7FF
:10FB980022FF00231A4653450BDAF9EC017AF4EEFA
:10FBA800E87AF1EE10FAA4BF47F8223001320133A7
:10FBB800F1E7149B2046139AAB42A8BF2B469946FF
:10FBC80000231360636CF16A9847012203464119C8
:10FBD8008B4202D003F8012BFAE700222B46DFED17
:10FBE8006B4A9446AA4200F09B80002B00F0988054
:10FBF8001399D1F800E0CE4580F29280815C02F141
:10FC0800010B01295C4640F0898058F822100EF15A
:10FC1800010A139E013B57F82110C6F800A0129E56
:10FC280046F82E1000F802C0AC4277D0015D0129D9
:10FC38006FD158F82210029E57F8211006EB011ECA
:10FC480058F82410DEED023ADEED002A9EED034A54
:10FC58009EED013A73EEE26A57F8211074EE437A8A
:10FC680006EB011166EEA76A91ED005AD1ED027A12
:10FC780091ED037AF5EEC06AD1ED015AF1EE10FA72
:10FC880049D937EEC56A37EE652A26EE026AB5EE1F
:10FC9800C06AF1EE10FA3ED9F4EEC52A76EE866A0D
:10FCA800F1EE10FAB4EEE53A58BFB0EE625AF1EE52
:10FCB80010FAF4EEE73A58BFF0EE435AF1EE10FAB4
:10FCC800B4EEC74A77FEA37A77EEC57AF1EE10FA5A
:10FCD800F5EE407A37FE047A37EE657AF1EE10FADF
:10FCE800B5EE407A48BFF0EE647AF1EE10FA48BFFC
:10FCF800B0EE647A67EE877A76EEE76A87EEA67AE0
:10FD0800B4EEC78AF1EE10FA44BF03F1FF3300F8EE
:10FD180004C0013488E7B0EE647AF1E75A4661E737
:10FD2800002007B0BDEC028BBDE8F08F636C204665
:10FD3800B16C9847636CF16B0746204698470023DF
:10FD4800024649461D469A454FEA850B7FF70AAF9A
:10FD5800F1EC017AF4EEE78AF1EE10FA9FBF02EBBC
:10FD68000B000135C0ED007A47F80B300133EAE7A4
:10FD7800074B009340F2C1136569B2E67767252007
:10FD880084642520615A25208D6725200000000005
:10FD9800E76725202DE9F04F002204460E460D693D
:10FDA8002DED0E8B95B000F0E9FB436881465F6846
:10FDB800012F0ED0AA4B012566690193A94B009328
:10FDC8004FF48273CDE90275A74A2046A749B04788
:10FDD8000BE0DA68032A10DCA54B2046656900931E
:10FDE8004FF48373A04AA349A8474FF0010840463F
:10FDF80015B0BDEC0E8BBDE8F08F022231462046CF
:10FE0800B6EE009BD3F80880002700F0B7FBD5EDCD
:10FE180007EA824695ED08EAD5ED09CAD5ED0A8AC2
:10FE2800B84540F3FB8299F80830012BDDD1D9F8A9
:10FE38000430DA68D9F800307A4303EB820393ED93
:10FE4800005A93ED017AD3ED026A93ED038ABAF171
:10FE5800000F01D105F028FDB7EEEE3ADAF80030D0
:10FE6800B7EEC55A4FEA071B03EB0713B7EEC77A7D
:10FE7800013785EE034B93ED020A93ED00AAB7EE26
:10FE8800C0DA93ED030AB7EECAAAB7EEC0BAB7EE66
:10FE9800EC0AA4EE0DABB7EECE4A87EE045B93ED09
:10FEA800017AB7EEC77AB7EECACBA5EE0B7BF7EEB1
:10FEB800C7ABB7EEE67A87EE000B05F079FD20EECA
:10FEC800090BB7EEC87A20EE0D0BB7EEC0ABB7EE54
:10FED800E80A87EE000B05F06BFD626C296B204683
:10FEE80020EE090B20EE0B0BB7EEC08B90477CEE93
:10FEF8004A7A00EB0B033CEE0A0AC3ED007A7AEE6D
:10FF0800C87A83ED020A3AEE880AC3ED017A83EDD6
:10FF1800030A85E7524B012566690193564BCDE9E3
:10FF28000285009340F2EB234EE76A69DB68991A71
:10FF3800012909DD514B6569009340F2F1234A4AD2
:10FF480020464C49A84752E79A4205DD4C4B656963
:10FF5800009340F2F223F2E790F80880B8F1010F1D
:10FF68007FF443AF03682F7E0793002F00F0618171
:10FF780000223146204600F001FB424631468146C8
:10FF8800204600F0FBFA002231460746204600F0E2
:10FF9800F7FA424631460AEE100A204600F0F0FA17
:10FFA800022231460AEE900A204600F0E9FA0322BE
:10FFB8000BEE100A3146204600F0E2FAAB680BEE71
:10FFC800900A002B0B9305DC2E4B6569009340F2D9
:10FFD8001E23B4E7D9F804302046A96B9B680F9319
:10FFE8006B690A932B680A9A0C937B680027DB6875
:08FFF80004939B1A0593636C4E
:020000042025B5
:100000009847636C296D089020469847636C296C6B
:10001000824620469847636CE96C834620469847A1
:10002000636C8146696C20469847049B0D909B0049
:100030001093059B0693DDE905239B1A0A9A9342C8
:10004000099380F289800899DDE9062303EB820396
:1000500000220F9890421DDD1868013241F8040B10
:1000600010980344F5E700BF0F6825201A68252083
:10007000846425200E5C25203D682520615A2520BA
:1000800070682520C8682520F96825202669252064
:1000900000000000002320461393636C696D9847AD
:1000A0000B9B0E902A46029313AB009031460193AE
:1000B0002046089BFFF706FD804600287FF49BAE94
:1000C0000AEB87000BEB870C139B08EB07014345FA
:1000D00014DD04990E9B0A46099953F8283008F15B
:1000E000010803FB0211059A1144089A02EB8303ED
:1000F00040F8041B1B684CF8043BE5E70C9B584692
:100100008B42A8BF0B461F464B463A46FFF746F8C0
:100110000D9900238C46BB420DDB5A460023BB429F
:1001200016DA59F823004AF82300013351F8040B7A
:1001300042F8040BF3E759F823205AF822000BEB9E
:100140008202126849F8230001334CF8042BE2E7DD
:10015000069B013306936EE700261FED338A0C9B46
:10016000B3425DDDB7424FEA06194FEA86083FDD2C
:10017000049A5AF8263093FBF2F300EE103AB8EEE8
:10018000C00B05F005FCFDEEC09B049A20465AF812
:10019000263019EE901A01FB1233059A296B9B1A2F
:1001A00009EE103A0BEB0803D3ED008A636C984715
:1001B00019EE903A00EB03131AEE100A0693FFF7BC
:1001C00085FB069B81440FCB89E80F001AEE900A4D
:1001D000FFF77CFBF8EEC97A4044C0ED007A1BEED5
:1001E000100AFFF773FB4044C0ED008A0136B6E702
:1001F0001AEE100AFFF76AFB10220021484405F0AE
:100200004FFB1AEE900AFFF761FB404480ED008A35
:100210001BEE100AFFF75AFB404480ED008AE5E729
:100220001BEE900A4FF00008FFF750FB07EE907AA4
:10023000F8EEE77AC0ED007ADDE53A463146204631
:1002400000F0A0F9424631468246204600F09AF975
:100250003A4631468146204600F096F942463146FC
:1002600008EE900A204600F08FF90222314609EE8E
:10027000100A204600F088F9032209EE900A314660
:10028000204600F081F96B680AEE100A002B05DCAD
:10029000774B656900934FF4297354E6DAF804202C
:1002A0002046D5F814A092685345A96B0492D9F85A
:1002B0000420A8BF5346D2689B46636C0592A2EB0C
:1002C0000A0208929847636C8046296D2046984739
:1002D000059B0990C1469B000693DDE9073203EBBD
:1002E00082004FEA8A030A93099B049ABA4213DDFB
:1002F0005A4651460C9301370B90FEF74FFF0C9B6B
:100300000B981A6800EB8202126849F8042B069ACF
:1003100010440A9A1344E8E7002320461393636CC1
:10032000696D98472B680A902A46029313AB009098
:100330003146019320464346FFF7C4FB8046002820
:100340007FF459AD0BF10103074604901A019B009D
:100350000E920F932BEAEB731093139BBB4256DD67
:100360000A9B059A53F82730089903FB02120C9256
:100370001A0103FB0AF30D92049A02FB0BF6099A89
:1003800002EB83034FEA06190B93B6000023069392
:10039000069B9B4535DD296B2046636C98470D9B7A
:1003A000C31818EE900A1193FFF790FA119B00EB17
:1003B000090C0FCB8CE80F000B9B19EE100AB3EC65
:1003C000018A0B93FFF782FA18EE103A0C9AF8EEB6
:1003D000C87A30441344079A02EB8303C0ED007AD5
:1003E00019EE900A93ED008AFFF770FA069B3044ED
:1003F000013380ED008A06930E9B99440F9B1E44A7
:10040000C6E7049B0137109A13440493A5E71AEE3C
:10041000100AFFF75BFADDED047AF8EEE77AC0ED3B
:10042000007AE8E400223146204600F0ABF80122D1
:1004300007463146204600F0A5F84368D3F804800B
:10044000B8F1010F7FF46AAD7A6891689A689142B9
:100450003FF46FAD074B204665690193064BCDE92C
:100460000221009340F2ED23044A0549A847C2E463
:100470004369252097682520A168252084642520CC
:100480000E5C2520012903D10023C361094B04E040
:10049000032904D10023C361074B0362704702297B
:1004A00004D1064BC3614FF07E53F6E76FF40003AF
:1004B000EBE700BFFFFF7F7F0000C040000080BF70
:1004C000012A2DE9FF47DDF830A0074688461E4681
:1004D000DDE90E952DD0002200233146CDE902231F
:1004E00002AB5246CDE900930D9B03F079F8044628
:1004F000D8B9291D28469DED020B02F0C1FF3369D2
:100500006B61DAF810300BB105F0D2F9D9F8103080
:100510004A46AC614146EB6105F10C033846009355
:1005200005F1080303F09EF80446204604B0BDE838
:10053000F0870024F9E70160002110B5C0E901123D
:10054000C0E90331C0E90511C0E9071110BD70B55C
:1005500008B905F0ADF90029FBD00B68002A19464F
:1005600051F8045B0CDB95420ADD51F8221000299A
:1005700006DB03EB8202436D5168BDE8704018470B
:10058000002070BDFFF7E3BF10B508B905F090F982
:100590000029FBD04968436D01EB8202BDE81040A1
:1005A0005168184710B5044609B1496819B90023C4
:1005B0002360204610BD51F8042B40F8042B920014
:1005C00005F0DEF9F5E7012802D0022818BF002067
:1005D00070472DE9F047D0F800900446D1F800802C
:1005E0000E464D460127C145A8BF45467B1E9D428C
:1005F00010DDA9EB07012046FBF77CFA8246A8EB49
:1006000007013046FBF776FA824507F10107EDD086
:1006100005F04EF92F4609F1FF3A4F450BDB08F183
:10062000FF37454510DA791B3046FBF763FA01289E
:10063000EED10135F5E7AAEB07012046FBF75AFAA0
:100640000128E5D10137E8E7204605F03DF9BDE88E
:10065000F08770B516460546FFF7BBFF04463146E6
:100660002846FFF7B6FFA04201D005F021F970BD82
:1006700070B522EAE274002A00FA04F0D4BF5242B4
:100680000022884227D101F100435E425E4180FB97
:100690000145002C75F10003194BA8BF4FF08043B2
:1006A000DEB9E41845EBE375002C75F1000306DABA
:1006B0006FF00043E4184FF0000343EB0505E10F32
:1006C00041EA45011F2A0BDD0E4B4FF4B9710E4A6A
:1006D0000E4805F0F1F80026D9E76FF00041F1E788
:1006E0000123934041FA02F2013B03EA01005B104F
:1006F00003EBD1739842D4BF1046501C70BD00BFAD
:10070000010000C06C5B2520BC5A2520335B2520EE
:10071000836B10B50BB905F0CBF82421BDE8104070
:10072000184700002DE9F04FC7681C4685B0064603
:100730003B689346384600229B690D4698478146A0
:1007400058B96E4B746900932C236D4A30466D493D
:10075000A047012005B0BDE8F08F3B680122294683
:1007600038469B699847804620B9674B7469009367
:100770002F23EAE73B68002229463846DB69984781
:10078000824620B9614B746900933223DDE72B6800
:1007900013B11A68022A0FD0746903B11B680222D0
:1007A0005B493046CDE902325A4B554A01935A4BC8
:1007B00000933423A047CCE76B6813B11D68012D6B
:1007C0000FD0756903B11B6801244D4A504930466A
:1007D000CDE90234514B0193514B00933523A84787
:1007E000B7E799F8000098F80030834213D0776992
:1007F00002F0E2FD044698F8000002F0DDFD494BEE
:100800003F4A0193484B494900933723CDE90240C1
:100810003046B8479DE79AF800309BF80010092B46
:100820003AD104F10C0352463046009304F1080318
:1008300002F018FF00288DD199ED037A04F1180118
:1008400098ED030A04F11400B7EEC77AB7EEC00AB8
:1008500027EE007B9AED030AB7EEC00A87EE000B85
:1008600002F00EFED9F810302360D8F81030636023
:10087000DAF8103023613B68494638465B6A98478E
:100880003B68414638465B6A98473B683846514664
:100890005B6A984700205DE7022B17D101294FF0D2
:1008A000000303D1A3606FF0004303E0032903D1E9
:1008B000A3600623E360DEE7022904D14FF0FF3393
:1008C000A3600123F6E74FF00043EBE7012903D1D2
:1008D0000023E361164B04E0032904D10023E36104
:1008E000144B2362C7E7022904D1134BE3614FF095
:1008F0007E53F6E76FF40003EBE700BF785A25203C
:1009000074692520615A25208A5A25209C5A252061
:100910000E5C2520036B2520EB632520795B2520C9
:10092000FB632520C5692520D2692520CF5E2520BF
:10093000FFFF7F7F0000C040000080BF4A6910B504
:100940000AB904F0B5FF0B69002BFAD0BDE81040DE
:10095000FFF7E8BE2DE9F04F1D469FB0C36A9046F1
:100960000C46299A0693036B05930B68042B01DD53
:1009700004F09EFF2B68042BFADC1368042BF7DCD1
:100980000EAF0123042108A8FBF7C0F816AB3A46C6
:10099000294620464FF00009FBF7E0FADDE908633D
:1009A00004930A9B03930B9B02930C9B0793002ECB
:1009B000DEDD049B994545DA4FF0000A012ED7D0C1
:1009C000039B9A453BDA4FF0000B022ED0D0029BDE
:1009D0009B4531DA0025032ECAD0079B9D4228DAB9
:1009E0005B465246494600953846FBF76CF95B4634
:1009F000044652464946009516A8FBF764F9289A22
:100A000058F82430494652F820405246009508A82C
:100A10005C43069B01359C42B8BF1C46059B9C422B
:100A2000A8BF1C465B46FBF78FF82A9B43F8204083
:100A3000D1E70BF1010BC8E70AF1010ABEE709F1A2
:100A40000109B4E71FB0BDE8F08F2DE9F04F1D4656
:100A50000B6890460C46042B2DED048B9DB090ED59
:100A60000D9AD0ED0E8A2B9A01DD04F021FF2B6840
:100A7000042BFADC1368042BF7DC0CAF01230421F0
:100A800006A8FBF743F814AB3A46294620464FF038
:100A90000009FBF763FADDE906630493089B0393FF
:100AA000099B02930A9B0593002EDEDD049B99456A
:100AB00052DA4FF0000A012ED7D0039B9A4548DA4C
:100AC0004FF0000B022ED0D0029B9B453EDA002453
:100AD000032ECAD0059B9C4235DA5B4652464946F6
:100AE00000943846FBF7EFF85B4605465246494608
:100AF000009414A808EB8505FBF7E5F82A9B95ED13
:100B0000008A524603EB800049465B46D0ED007AEE
:100B100006A80094013428EE278AB4EE498AF1EE43
:100B200010FA48BFB0EE498AF4EE488AF1EE10FAA6
:100B300048BFB0EE688AFBF707F82C9B03EB8000F8
:100B400080ED008AC4E70BF1010BBBE70AF1010A53
:100B5000B1E709F10109A7E71DB0BDEC048BBDE8C1
:100B6000F08FF0B52DED028BC3B01E466822002138
:100B700028A84C9FDDE94A5404F092FEF369294607
:100B80001CA83593336A3693FFF70CFD214622A843
:100B9000FFF708FD22A928AA1CA8FBF709F9294696
:100BA000064610B304A8FFF7FDFC0DB904F080FE63
:100BB00021460AA82D68FFF7F5FC002CF6D0266820
:100BC00010AC39462046FFF7EDFC002FEED03B6815
:100BD0002A4604A928A80096CDE901430AABFFF7ED
:100BE00034FF43B0BDEC028BF0BD16A8FFF7DAFC72
:100BF000002DDBD021461CA82D68FFF7D3FC002C6C
:100C0000D4D0394622A82468FFF7CCFC002FCDD0E1
:100C100022AA1CA916A8DDED358AFFF71AFD9DED65
:100C2000368A3F682946224633469842D9DDF1ECA0
:100C3000017A0133B2EC017A67EE877AF4EE678AC3
:100C4000F1EE10FA78FEA77AB4EE678AF1EE10FAA8
:100C500048BFF0EE487AE7EC017AE6E72DE9F04389
:100C6000E7B01746002168224CA81E46DDE96E4514
:100C700004F016FEBB68314640A85793FB685893B2
:100C80003B6A5A933B685B424D937B685B424E9351
:100C90003B694F937B695093BB695193FFF782FC8B
:100CA000214646A8FFF77EFC4CAA46A940A8FBF7C0
:100CB0007FF8337A8146092B64D13146F8B104A814
:100CC000FFF770FC21460AA83668FFF76BFC0CB9E9
:100CD00004F0EEFD276810AC29462046FFF762FCC1
:100CE000002DF5D02B68324604A94CA80097CDE919
:100CF00001430AABFDF71CF967B0BDE8F08316A805
:100D0000FFF750FC21461CA83668FFF74BFC002C6F
:100D1000DED0294622A82768FFF744FC002DD7D053
:100D20002D68DDE957239A42D2DC16A804F0CCFDE9
:100D300080461CA804F0C8FD044622A804F0C4FDA7
:100D4000A045C5D18045C3D1C145D5DA16F90930D2
:100D50004D984E9A034417F909001044DDE95012EA
:100D60005843FFF785FC4F9A024457988242B8BF18
:100D7000024658988242A8BF024605F8092009F1A8
:100D80000109E1E7022BB7D13146E0B128A8FFF70E
:100D900009FC21462EA83668FFF704FC002C97D0EA
:100DA000276834AC29462046FFF7FCFB002D8FD086
:100DB0002B68324628A94CA80097CDE901432EABF9
:100DC000FFF7C8FD98E73AA8FFF7ECFB214640A8DB
:100DD0003668FFF7E7FB002C3FF47AAF294646A8B8
:100DE0002768FFF7DFFB002D3FF472AF46AA40A94A
:100DF0003AA82C68FFF72DFC4B46DDE95785984251
:100E00007FF77AAF56F8231057F823204A4342451C
:100E1000B8BF4246AA42D4BF44F8232044F8235026
:100E20000133ECE7836B10B50BB904F041FD3821B9
:100E3000BDE81040184700002DE9F04F0B698FB056
:100E40000446894606930BB904F032FD0B68ABB13A
:100E50001B68023B012B11D84B68EBB9666903B1E3
:100E60001B680125A64AA7492046CDE90235A64BB5
:100E70000193A64B00933423B04707E0A44B656968
:100E8000009333239E4A2046A249A8474FF0010809
:100E900040460FB0BDE8F08F1E68012EDED1C56858
:100EA00000222B6828469B699847824620B99A4BB6
:100EB000656900933823E5E72B68324649462846A2
:100EC0009B699847074620B9944B656900933B237B
:100ED000D8E7D9F800604EB13368032B13D12B68E3
:100EE0000222494628469B69984706462B680022FD
:100EF00049462846DB699847834630B9884B65697F
:100F000000934223BEE70026F0E79AF8003002780B
:100F100093420CD06569CDE90232824B0193824B3A
:100F200000934423764A20467649A847AEE7DAF88C
:100F300008201268052A04DD7C4B6569009347236D
:100F4000A0E7002E37D03278934208D06569CDE90A
:100F50000232774B0193744B00934B23E2E7B16865
:100F600000204FF001084FF0000951F804EB8645CE
:100F70000CDD51F804CB01306246D31708FB03F3B4
:100F80000CFB0933A8FB0C899944F0E7B9F1000F79
:100F900008BFB8F1010F0ED05B4B012566692046F2
:100FA0000193644B564A00934D2356490495CDE96D
:100FB0000289B0476AE7394608A8FCF769FA08A829
:100FC00004F082FCDBF808301A68B0EB420F07929D
:100FD00013D0394608A86569FCF75AFA08A804F046
:100FE00073FCDBF808301B685B00CDE90203524B51
:100FF0000193524B0093512394E797F81480B8F172
:10100000010F04D04E4B6569009357233AE7D7F898
:10101000049003F1040E002309F10400079A9A4298
:101020001EDDDAF808205EF8041B02EB8302D2F81A
:1010300004C059F83320944450F83320624491425C
:101040000CD0404B656901933F4B00935D23CDE984
:1010500002122B4A20462B49A84719E70133DDE746
:101060000223069A394608A882F83030FCF710FAB5
:1010700008A804F029FC08280FD1D9F8003063B97A
:10108000D9F804304BB9D9F8183033B9D9F81C3035
:101090001BB90123069A82F83030DAF8083009F1DA
:1010A000040006991B685AB20A700A76591E069AFD
:1010B00002EB8303002908DB59F8312043F80429A7
:1010C00050F831200139DA61F4E79AF80030092B41
:1010D0006AD1DBF81030002E3CD113F1800F08DA12
:1010E0001A4B656900937523054A20460949A847AC
:1010F000CEE67F2B56DD164B656900937723F3E729
:10110000EC6925200E5C2520795B2520FB632520DA
:10111000366A2520615A2520EB5B2520636A25204D
:101120009C5A2520285C2520355C2520776A2520BF
:10113000BB6A2520D16A2520EE6A2520056B252073
:10114000296B2520446B2520516B25205C6B2520C5
:101150009C6B252032699A4208D06569CDE902323C
:101160001D4B01931D4B00937C2372E79BED037A8B
:1011700096ED036AB4EE467AF1EE10FA12D0184BEF
:10118000B7EEC66AB7EEC77A656901932046154B7C
:10119000154A00937E2315498DED046B8DED027B7E
:1011A000A84775E6069A53632B68514628465B6A42
:1011B00098472B68394628465B6A984726B12B68C2
:1011C000314628465B6A98472B68594628464FF0B7
:1011D00000085B6A98475BE6DC6B2520FF6B2520E7
:1011E000196C25204C6C2520EC6925200E5C2520EF
:1011F00010B50446034B044A0449FFF79CF9204606
:1012000010BD00BF7D182520390E2520250E252074
:101210002DE9F04FA7B006461D46012301921AA8FA
:101220000A460521FAF772FC0123309A052120A80D
:10123000FAF76CFC96F90070052F01DD04F038FB1D
:1012400096F918100529F9DC6FF0030226A800238F
:1012500006F1040C02FB07021493443ACDE9103363
:10126000CDE912339F4214DC6FF0030226A800235D
:101270001C3602FB01021993303ACDE91533CDE952
:10128000173399420BDD56F8230042F8230001334F
:10129000F7E75CF8230042F823000133E2E7209BE4
:1012A000002BCBDD012BDDF884A0C7D0022BDDF8AD
:1012B0008890C3D0032BDDF88C80BFD0042BDDF8E1
:1012C00090E0BBD0109B259A0293119B29680025C2
:1012D0000393129B0493139B0593149B0693169BF5
:1012E0000793179B0893189B0993199B0A9322EA6B
:1012F000E2739B000B93159BAAEB03030F935545D9
:1013000050DA079B0026A9EB03030E934E4547DAFC
:101310000027474542DA089B4FF0000CA8EB030377
:101320000C93099BAEEB03030D93F44534DA0A9B4F
:101330000020A2EB030B904227DA029B9D4222DBA6
:101340000F9BAB421FDD039B9E421CDB0E9BB342F7
:1013500019DD049B9F4216DB0C9BBB4213DD059BF2
:101360009C4510DB0D9B63450DDD069B98420ADB17
:10137000834508DD019C54F8043B0194319C44F8FA
:1013800020300130D7E70B46F8E7319B0CF1010C18
:101390000B9803443193C8E70137BAE70136B5E744
:1013A0000135ACE727B0BDE8F08F2DE9F04FA5B0CF
:1013B000064614461D460A460123052118A8FAF7D9
:1013C000A5FB01232E9A05211EA8FAF79FFB96F98B
:1013D0000070052F01DD04F06BFA96F9181005294D
:1013E000F9DC6FF0030224A8002306F1040C02FBD1
:1013F00007021293443ACDE90E33CDE910339F42F0
:1014000014DC6FF0030224A800231C3602FB010247
:101410001793303ACDE91333CDE9153399420BDDFB
:1014200056F8230042F823000133F7E75CF8230065
:1014300042F823000133E2E71E9B002BCBDD012B9A
:10144000DDF87C80C7D0022BDDF880E0C3D0032B11
:10145000DDF884C0BFD0229A042B0092BBD00E9B33
:10146000239F01930F9B13990293109BA8EB0101FB
:1014700095ED007A0393119B0D910493129B0593B4
:10148000149B0693159B0793169B0893179B099330
:1014900027EAE7739B000A93002343454EDA069838
:1014A0000021AEEB00000C90714545DA002060454C
:1014B00040DA079E0025009AACEB06060B96089EC4
:1014C000A2EB060A009A954232DA099A0026DDF864
:1014D000BC90A7EB020BBE4224DA019A93421EDBBA
:1014E0000D9A9A421BDD029A914218DB0C9A8A42AD
:1014F00015DD039A904212DB0B9A82420FDD049AAB
:1015000095420CDBAA450ADD059A964207DBB345F6
:1015100005DDF4EC017A0136E9EC017ADBE7F0EE67
:10152000477AF8E72F9A01350A9E32442F92C9E78D
:101530000130BCE70131B7E70133AEE725B0BDE8C4
:10154000F08F2DE9F04FA7B006461D46012300920B
:101550001AA80A460521FAF7D9FA0123309A05217B
:1015600020A8FAF7D3FA96F90070052F01DD04F0F0
:101570009FF996F918100529F9DC6FF0030226A8E7
:10158000002306F1040C02FB07021493443ACDE950
:101590001033CDE912339F4214DC6FF0030226A80A
:1015A00000231C3602FB01021993303ACDE91533B2
:1015B000CDE9173399420BDD56F8230042F823009A
:1015C0000133F7E75CF8230042F823000133E2E738
:1015D000209B002BCBDD012BDDF88490C7D0022BA4
:1015E000DDF88880C3D0032BDDF88CE0BFD0042B5E
:1015F000DDF890A0BBD0109B259A0193119B95F923
:10160000001000250293129B0393139B0493149BD9
:101610000593159B0693169B0793179B0893189B9E
:101620000993199B0A9322EAE2730F934D4553DA0B
:10163000069B0026A9EB03030E9346454ADA079B57
:101640000027A8EB03030D93774541DA089B4FF081
:10165000000CAEEB03030C93D44537DA099B002052
:10166000AAEB03030B930A9BA2EB030B904226DA2F
:10167000019B9D4221DB0E9BAB421EDD029B9E42E5
:101680001BDB0D9BB34218DD039B9F4215DB0C9BBC
:10169000BB4212DD049B9C450FDB0B9B63450CDDBD
:1016A000059B984209DB834507DD009C14F9013B4B
:1016B0000094319C23540130D8E70B46F9E7319B65
:1016C0000CF1010C0F9803443193C5E70137BBE7D8
:1016D0000136B2E70135A9E727B0BDE8F08F2DE963
:1016E000F04FA7B006461D46012301921AA80A46EC
:1016F0000521FAF70BFA0123309A052120A8FAF701
:1017000005FA96F90070052F01DD04F0D1F896F97D
:1017100018100529F9DC6FF0030226A8002306F152
:10172000040C02FB07021493443ACDE91033CDE9CF
:1017300012339F4214DC6FF0030226A800231C36EC
:1017400002FB01021993303ACDE91533CDE9173385
:1017500099420BDD56F8230042F823000133F7E7E6
:101760005CF8230042F823000133E2E7209B002BC2
:10177000CBDD012BDDF884A0C7D0022BDDF88890EB
:10178000C3D0032BDDF88C80BFD0042BDDF890E0B4
:10179000BBD0109B259A0293119BB5F90010002530
:1017A0000393129B0493139B0593149B0693169B20
:1017B0000793179B0893189B0993199B0A9322EA96
:1017C000E2735B000B93159BAAEB03030F93554544
:1017D00050DA079B0026A9EB03030E934E4547DA28
:1017E0000027474542DA089B4FF0000CA8EB0303A3
:1017F0000C93099BAEEB03030D93F44534DA0A9B7B
:101800000020A2EB030B904227DA029B9D4222DBD1
:101810000F9BAB421FDD039B9E421CDB0E9BB34222
:1018200019DD049B9F4216DB0C9BBB4213DD059B1D
:101830009C4510DB0D9B63450DDD069B98420ADB42
:10184000834508DD019C34F9023B0194319C24F866
:1018500010300130D7E70B46F8E7319B0CF1010C53
:101860000B9803443193C8E70137BAE70136B5E76F
:101870000135ACE727B0BDE8F08F00002DE9F0415D
:101880000F69D0B080460D460FB904F011F8002260
:10189000FEF778FE2C68064644B12368032B17D167
:1018A000022229464046FEF76DFE044629460022E4
:1018B0004046FEF769FE0546307A431E082B00F2CB
:1018C000B580DFE803F00797B3B3B3B378B33E0056
:1018D0000024EBE704B323681B680693314697F8AE
:1018E0003030012B1AD108A80EACFEF75BFE32682F
:1018F000294620460392FEF755FE002DC5D02B68E1
:1019000008A9039ACDE9004306AB3846FFF74DFD21
:10191000002050B0BDE8F0810023DEE714A81AAC27
:10192000FEF740FE3268294620460392FEF73AFE53
:10193000002DAAD02B6814A9039ACDE9004306AB69
:10194000E3E7FCB997F934308DF81530314697F854
:101950003030012B1AD120A826ACFEF723FE3268C6
:10196000294620460392FEF71DFE002D8DD02B68E0
:1019700020A9039ACDE900430DF115033846FFF77E
:10198000E0FDC5E7236893F90030DDE72CA832AC11
:10199000FEF708FE3268294620460392FEF702FE53
:1019A000002D3FF472AF2B682CA9039ACDE90043B8
:1019B0000DF11503E2E714B12368B3F90040314695
:1019C00038A8ADF816403EACFEF7ECFD326829466B
:1019D00020460392FEF7E6FD002D3FF456AF2B683C
:1019E00038A9039A3846CDE900430DF11603FFF7F5
:1019F00076FE8DE70CB123681C68314644A8079435
:101A00004AACFEF7CFFD3268294620460392FEF726
:101A1000C9FD002D3FF439AF2B6844A9039A38461D
:101A2000CDE9004307ABFFF7F3FB71E7D8F81440AB
:101A300001F0C2FC024902464046A047012068E787
:101A4000766C25202DE9F04F1E460B6804460D46A6
:101A5000042B2DED048B95B0129201D003F028FFDA
:101A60003368042BFAD1002332462846B7EE009A99
:101A700019464FF0000BFAF7C0FD032309903246D8
:101A800019462846FAF7B9FDAB680A900B93EB6844
:101A90000C93B3680F93F3681093E3680D93236975
:101AA0000E93099B9B4580F295804FF0000AD1462A
:101AB0000F9B994580F28B804FF00008CDF8108085
:101AC000049B109A93427DDA00230393039B0A9AA6
:101AD000934271DAB4F90270B4F90420A8EB070359
:101AE0009FED408A0793AAEB02030799A2EB0A0233
:101AF0000593A7EB0803F0EE488A23EAE373069305
:101B00000C9B581AA36905999842A8BF18460B9BCD
:101B10001190581A63699842A8BF18460B46002ACC
:101B2000A8BF9B1808901A46059B0899D31A99429A
:101B30001ADD069F119B9F4214DA039B59462846E3
:101B400013920093079B3B440137F9F7FDFF129B6B
:101B500038EE098A139A03EB8000D0ED007A78EE14
:101B6000A78AE7E70132DFE7B5EE408AF1EE10FA27
:101B700036D088EE887A94ED098AD4ED0A7A4A46FE
:101B8000039B594630460093049BB4EEC78AF1EE9E
:101B900010FA38FE078AF4EE487AF1EE10FA48BFE0
:101BA000B0EE678AF9F7D0FF229B03EB8000039B1E
:101BB00080ED008A013388E7049B013304930E9B78
:101BC00098447DE70D9B09F101099A4470E70BF1F8
:101BD000010B66E7012015B0BDEC048BBDE8F08F6A
:101BE0000020F8E7000000002DE9F04F1E460B68CA
:101BF00004460D46042B2DED028B97B0119201D0B7
:101C000003F056FE3368042BFAD1002332462846EF
:101C10001946FAF7F2FC0323079032461946284684
:101C2000FAF7EBFCAB68002108900993EB680C9382
:101C3000B3680D93F3680E93E3680A9323690B93DB
:101C4000079B994280F297804FF0000BDA460D9B7C
:101C50009A4580F28E804FF00008C1460E9B994550
:101C600080F2828000230393039B089A934276DAE2
:101C7000B4F90270B4F90420A8EB07030693ABEBA8
:101C800002030698A2EB0B020593A7EB080323EAD5
:101C9000E37304930C9B181AA3699842A8BF1846D3
:101CA000099B0F900598181A63699842A8BF1846B7
:101CB0006FF400031593059B1090002AA8BF9B1892
:101CC0001A46059B1098D31A984222DD049F0F9B59
:101CD0009DED158A9F421ADA039B28460093069BC6
:101CE0003B440137CDE91212F9F72EFF119B03EBAC
:101CF000800015ABD0ED007AF4EEC87ADDE912125F
:101D0000F1EE10FAD8BF184603681593DFE70132E9
:101D1000D7E79DED157A524694ED098A3046D4ED09
:101D20000A7AB4EEC87A039B049100934B46F1EE15
:101D300010FA58BFB0EE478AF4EE487AF1EE10FA86
:101D400048BFB0EE678AF9F7FFFE229B049903EBC8
:101D50008000039B013380ED008A039384E70B9B93
:101D600009F10109984479E70A9B0AF1010A9B44A9
:101D70006DE7013164E717B0BDEC028BBDE8F08F71
:101D800093682DE9F04FD3E90285D1E9017AD1E9D1
:101D9000036985B091F800B001243B4632462946DC
:101DA00000945846FCF786FC53464A464146039049
:101DB00058460094FCF77EFC039B01380E9A5C1E8B
:101DC0000AFB0099002007FB0466A9EB0808751BB5
:101DD00028EAE87825EAE5756B1005F0010513603F
:101DE0004FEA68039560536008F00103D36005B0C3
:101DF000BDE8F08F2DE9F347D1F814A005460F4652
:101E0000BAF1000F01D103F053FD0C69002CFAD098
:101E1000C6680022336830469B699847814660B99E
:101E20002C4B6C6900933D2301272B4A2B492846F4
:101E3000A047384602B0BDE8F08733680022394633
:101E40003046DB699847804620B9254B6C69009382
:101E50004023E9E703464A46514628460094FFF7E7
:101E60008FFF07460028E4D199F80030012B22D1DA
:101E70009AF81430012B03D10023A361194B04E01D
:101E8000032B0ED10023A361174BE361336849464E
:101E900030465B6A98473368414630465B6A9847EC
:101EA000C7E7022B04D1114BA3614FF07E53ECE73F
:101EB0006FF40003E1E7092BE8D104F114039AF869
:101EC000141042462846009304F1100301F0CAFBA7
:101ED000DCE700BFEB5B25209E6C2520615A2520A6
:101EE0009C5A2520FFFF7F7F0000C040000080BF7C
:101EF00030B591689DB0149105A85168159111698C
:101F0000D268169117925A68ADF848201A68DDE930
:101F10002054ADF846209A692946DB691A921B9332
:101F2000FEF740FB0DB903F0C3FC2A6821460BA85D
:101F30000392FEF737FB002CF5D0236805A9039A1E
:101F400011A800930BABFFF77DFD1DB030BD30B580
:101F500091689DB0149105A8516815911169D268D6
:101F6000169117925A68ADF848201A68DDE9205496
:101F7000ADF846209A692946DB691A921B93FEF751
:101F800011FB0DB903F094FC2A6821460BA80392BB
:101F9000FEF708FB002CF5D0236805A9039A11A8C9
:101FA00000930BABFFF720FE1DB030BD0B682DE991
:101FB000F04F054687B00F4623B1D3F800A0BAF121
:101FC000020F13D06C6903B11B680222CDE9023203
:101FD000464B0193464B00932323464A28464649E5
:101FE000A0470124204607B0BDE8F08F4B6813B12D
:101FF0001C68012C0FD06E6903B11B680124CDE968
:1020000002343E4B01933E4B00932423394A284629
:102010003949B047E6E7C6680022336830469B6915
:1020200098473368834622469B693946304698472D
:10203000336800228046DB69394630469847DBF832
:10204000082003461268042A09D004236E69CDE9EA
:1020500002232C4B01932C4B00932D23D6E7D8F869
:102060000820D2F80090B9F1010F08D0234B6E6917
:102070000193264BCDE9029400932E23C6E798F8EE
:102080000020022A08D0224B6C690193214BCDE934
:10209000022A00933023A0E798F814409BF8002010
:1020A000012C027004D06B6928461B49984798E7B9
:1020B0007A69517831B1127822B16B692846174993
:1020C00098478FE73268594605933046526A002494
:1020D0009047326841463046526A90473268059BC5
:1020E0003046526A194690477CE700BF036B2520B3
:1020F000EB632520FC6C25200E5C2520795B2520D8
:10210000FB632520087D2520526D2520676D252045
:102110007B6D2520886D2520936D2520106E252050
:1021200008B3F6EE007A70EE277ABEEE000AA7EE4C
:10213000A00AF0EE400AFBFE607AFDEEE77AC2EDFF
:10214000000AFAFE600AFDEEE00A013917EE902A55
:1021500022EAE2721A6010EE902A009B8A42D4BFF3
:102160001A601960704760EE200AE4E710B5029C1F
:1021700048432AB101EBD17100EB6100A0F500707A
:1021800010F5806F206015DD0028B8BF00F2FF3029
:102190008012039A013B1060216801F2FF32002A8D
:1021A000B8BF01F2FE72049992129A42D4BF0A603B
:1021B0000B6010BD0020ECE710B50446034B044A49
:1021C0000021FEF7B8F9204610BD00BFA527252045
:1021D000AD1F25202DE9F04F1D46437806461746D2
:1021E0002DED0E8BA1B0DDE938481BB103780BB1A2
:1021F00003F05EFB0B68042BFADC2B68042BF7DC86
:10220000D8F80030042BF3DC0A46012304210EA881
:10221000F9F77CFC01232A46042114A8F9F776FC7F
:102220000123424604211AA8F9F770FC00231AAAD8
:102230000EA81946FAF7E1F90E9B0690012BD7DD9F
:10224000109A022B0492D3D0119B1AAA0EA80593C0
:1022500003231946FAF7D1F9149B0790032BC7DD26
:10226000159B012BC4D1169B012BC1D1179B012BB0
:10227000BED1189B022BBBD1002314A81A461946C5
:102280000093F9F761FC54F82030012214A802935E
:102290000023009219461A46F9F756FCDDED027A42
:1022A00054F82030B8EEE77ADDED047A0393F8EEC7
:1022B000E77AC7EE879A07EE903A3378B8EEE77A76
:1022C000DDED057AF8EEE77A87EE879A0BB3029B8D
:1022D000012B0DDD049B013B07EE103A029B013BF5
:1022E000B8EEC77A07EE903AF8EEE77AC7EE279A8B
:1022F000039B012B0DDD059B013B07EE103A039B71
:10230000013BB8EEC77A07EE903AF8EEE77A87EE2F
:10231000279A0024DFED55AA069B9C4280F2A080FC
:102320004FF00008029B984580F298800AAB07EEB8
:10233000908A4FF00009F0EE690A0093B8EEE70AC0
:1023400009AB08AA04997078FFF7EAFE039B994548
:1023500080F281800DAB07EE909AF0EE490A0BAA4D
:102360000093B8EEE70A0CAB05997078B7EE00AAB7
:10237000FFF7D6FE099BDDED08BA00250EEE103AF8
:102380000C9B9DED0BBA0EEE903ADDF828A0DDF81F
:1023900034B0079B9D425BDA1EEE903A1EEE102A87
:1023A000214600950EA8F9F7CFFBF8EECE8A07EB91
:1023B0008000B8EEEECA1EEE903A524690ED00DA7A
:1023C000214600950EA8F9F7BFFB7BEEE88A07EBE4
:1023D00080003BEE4CCA5B461EEE102A90ED008A50
:1023E0007AEE68CA7AEE4CDA214628EE888A0095A1
:1023F0002CEE8DDA0EA8F9F7A7FB5B4628EE2D8AA6
:1024000007EB800052462146D0ED007A0EA8ADEED3
:102410002D8A00956CEEA7CAF9F796FB07EB8000B2
:102420004B4642462146D0ED007A1AA80095013568
:10243000ACEE2C8A68EEA78AF9F786FB3A9B03EB91
:102440008000ACEE288A78EE2A7AC0ED007AA0E708
:1024500009F101097AE708F1010863E701345BE754
:1024600021B0BDEC0E8BBDE8F08F00BF0000000076
:102470002DE9F04F1D4643782DED028BB5B0DDE917
:1024800040460A9013921BB103780BB103F010FA87
:102490000B68042BFADC2B68042BF7DC3368042B65
:1024A000F4DC0A460123042122A8F9F72FFB0123BB
:1024B0002A46042128A8F9F729FB012332460421E2
:1024C0002EA8F9F723FB00232EAA22A81946FAF713
:1024D00094F8229B1A90012BD8DD249A022B149297
:1024E000D4D0259B2EAA22A8159303231946FAF7C8
:1024F00084F8289B1B90032BC8DD299B012BC5D199
:102500002A9B012BC2D12B9B012BBFD12C9B022BD1
:10251000BCD1002328A81A4619460093F9F714FBEA
:102520000023012254F82080194628A800921A4658
:10253000F9F70AFB149B54F820909A02149908EBBF
:10254000D87315985B1003EB812309EBD9714910FF
:1025500001EB802191FBF9F193FBF8F318910A99B3
:1025600019930978159B9B02B9B1B8F1010F08DDE9
:1025700008F1FF31A2F5806202EB610292FBF1F2F9
:102580001992B9F1010F08DD09F1FF32A3F580635B
:1025900003EB620393FBF2F3189300241A9B9C4213
:1025A00080F2F7800026464580F2F1801EAB0A9A41
:1025B0000027199902931DAB304601931CAB009381
:1025C000149B5278FFF7D2FD4F4580F2DE8021AB9D
:1025D0000A9A18993846029320AB002501931FAB45
:1025E0000093159B5278FFF7C1FD1D9B0B93209B19
:1025F0000B9A12931C9BA3EB822216920B9AC3EBAD
:102600008223129A03F5806317931F9BC3EB8222E8
:1026100002F58062D11710461E9A08EE102A219A00
:1026200008EE902A129AA3EB8223CDE90601DA176D
:102630001946CDE908121B9B9D4280F2A480129B93
:1026400021460B9A22A80095F9F77EFA139B1A5699
:1026500022A8179B009582FB03AB079B069A0AFBF7
:1026600003F1069B03FB0B13AAFB0212CDE90C122C
:102670000D9A2146134418EE102A0D93129BF9F778
:1026800063FA139B1A5622A8169B009582FB03AB94
:10269000079B069A0AFB03F1069B03FB0B13AAFB9D
:1026A0000212CDE90E120F9A214613440B9A0F9392
:1026B00018EE903AF9F748FA139B089A214613F955
:1026C00000A022A8179B00958AFB03AB099B0AFB7D
:1026D00003F302FB0B33AAFB02AB18EE102A9B4458
:1026E00018EE903AF9F730FA139B1A56169B09998F
:1026F00082FB032308980095514300FB0311A2FBC2
:1027000000230E980B440C9909180D9884460F98D5
:102710004CEB000011EB0A0140EB0B005118434158
:1027200010912EA821461193DDE91023012A32468B
:1027300073F100033B46B5BF4FF0FF3B4FF0000B7A
:10274000DFF85CA04FF4002AF9F7FEF9109B1AEBB2
:1027500003030493119B4BEB03030593DDE904236F
:10276000002A73F1000308DA049B1A460B4BD318B6
:102770000493059B43F100030593049B0135429AA2
:102780001B0D135457E701371EE701360BE70134E1
:1027900004E735B0BDEC028BBDE8F08FFFFF0F0002
:1027A0000000F8FF2DE9F0410E460746A4B00022D4
:1027B000D1F81480FDF7E6FE314601220546384681
:1027C000FDF7E0FE0022314604463846FDF7DCFE08
:1027D000027A0646012A29D198F80030294606A82F
:1027E0008DF8103098F801308DF81130FDF7DAFED1
:1027F0000DB903F05DF821460CA82D68FDF7D2FE57
:10280000002CF6D027681EAC31462046FDF7CAFEE4
:1028100033682A4606A904A80097CDE901430CAB0A
:10282000FFF7D8FC002024B0BDE8F081092A25D1AB
:1028300098F80030294612A88DF8143098F8013025
:102840008DF81530FDF7AEFE002DD2D0214618A828
:102850002D68FDF7A7FE002CCBD027681EAC3146B3
:102860002046FDF79FFE33682A4612A905A8009767
:10287000CDE9014318ABFFF7FBFDD3E738467B6991
:10288000014998470120CEE74C6E25204B1E03449A
:10289000B3FBF1F301FB03F07047B0FBF1F04843E9
:1028A0007047431E0B44B3FBF1F301FB03F0704789
:1028B00001380F2815D8DFE800F00C0C100E1410AA
:1028C000080E10080E120E0C140C022300200B60D0
:1028D00070470423FAE70823F8E70123F6E71023FB
:1028E000F4E7012070472DE9F3410E4601681746D1
:1028F0001A46411AB1F800C0BCF1040F29D98B88DF
:10290000C4186BB1C358012554F803801C4400233C
:10291000434506D054F804EF01330EFB05F5F7E705
:102920000125BCF1060F15D9CC8804B104570DF16F
:102930000701E0B2F8F7CCFD40B939469DF8070031
:10294000FFF7B6FF10B93B685D43356002B0BDE8E4
:10295000F08101250024EAE773B50C4609B902F0BD
:10296000A7FF436853B153F8046B002101228E4244
:1029700005DD53F8045B01316A43F8E7012201A940
:10298000007AFFF795FF10B9019B5A43226002B00D
:1029900070BD704700B5C1B002460B464FF4807160
:1029A000684600F073FB684600F0DBFC024800F06C
:1029B000D8FC41B05DF804FB776E252010B50446C5
:1029C000042102F04DFF204610BD000000B5C1B04B
:1029D00013460A464FF48071684600F057FB68467C
:1029E00000F0BFFC034800F0BCFC002041B05DF8E3
:1029F00004FB00BF776E25200FB407B504A951F87A
:102A0000040B0191FFF7C6FF03B05DF804EB04B0BF
:102A100070470000044B1A681AB9044A04491A6046
:102A200011601868704700BF3C9001204090012061
:102A3000846E2520C06803689B681847C0680368D7
:102A4000DB681847C06803681B691847C0680368DB
:102A50005B691847C06803689B6A1847C368586970
:102A6000704700002DE9F341099F00F10C081E4654
:102A700004460D468760C0E900125C2200214046F2
:102A800002F00EFF3A460899304601F0ABF804F127
:102A90006C070A9A03464146A066009238462A46C9
:102AA000264601F099FF4FF480730025A16EA4F82B
:102AB0008C303B4656F89C2BC4F898503046C4E9FD
:102AC000245501F03FFD074B2046A6612362064BCB
:102AD00084F88D50E365054B23660B9B236402B09D
:102AE000BDE8F081E74525204D2A2520552A2520DF
:102AF00008B50368994206D3064B40F20111064A15
:102B0000064802F0D9FE043000EB810250F82100A3
:102B1000104408BD906E2520AF6F2520696F2520D9
:102B200010B5044602F080FE10B123182058184456
:102B300010BD08B50821FFF7F3FF0021FFF7D8FF0C
:102B4000062102F0C5FE006808BD000038B50C463D
:102B500005460068FFF7EDFFA042034606D822466F
:102B60000549A868F8F778FC002038BDD5F89430FE
:102B700053F82400F9E700BFA970252008B5082103
:102B8000FFF7CEFF0021FFF7B3FF082102F0A0FE00
:102B9000006808BD38B50C4605460068FFF7EEFF33
:102BA000A042034606D822460549A868F8F754FC17
:102BB000002038BDD5F8983053F82400F9E700BF5D
:102BC000D47025202DE9F04F04464FF0000A2DED7A
:102BD000028B8BB004F16C0001F0DBFE504540F33A
:102BE000FC80256808212846FFF79AFF5146FFF729
:102BF0007FFF804608B902F05BFE0621284602F0FE
:102C000013FE50B32B18285803440193A06E0027DD
:102C100001F096F908EE100A404600F0B2FE04906A
:102C20004FEACA030293049B9F4200F0D3800A211B
:102C3000404602F0F9FD002800F0D18008EB0001C9
:102C400058F800208B188A58974208D3654B40F2F9
:102C50000111654A654802F02FFE0190D6E7043362
:102C6000042103EB870553F827301D44284602F062
:102C7000DBFD50B12E58019B1B68B34207D831468B
:102C80005B48FFF7B9FE012327E00646F3E7019B07
:102C90004FF02C09029A043309FB07F903EB860B6A
:102CA00053F826309B44E36F9B5858464B44D4E975
:102CB0000112283300F08CFBA8B10190584600F0B7
:102CC00033FB9928019B96BF4A4A4B4952F8201082
:102CD0004A480193FFF790FE019B18460BB0BDECEC
:102CE000028BBDE8F08FE26F029952584A44926A13
:102CF00012B931464248C4E792F814B00E21099047
:102D00002846BBF1200F3FD102F08EFD002833D1C1
:102D10004FF0000BCDF80CB00621284602F0D8FD8C
:102D200000F064FE08210590284602F0D1FD00F075
:102D30005DFE029AE36F002106909B58282203EB68
:102D400009060793304602F0ABFD079B059A142154
:102D5000284643F80920069B7360099B7361039B17
:102D6000C6E9063B02F0B4FD20B1036813B100F0E0
:102D70003DFEB060013756E72A182B58D11852F89B
:102D800003B004310391C7E702F04EFD40B1BBF13F
:102D9000990F1C4896BF174B174953F82B1070E733
:102DA0006068594603689B6A9847064640B9BBF17C
:102DB000990F154896BF0F4B0F4953F82B1060E73A
:102DC00009AB18EE102AA1682846B0470346002830
:102DD0009ED082E70AF1010AFCE600237DE7036842
:102DE000FFDE00BF906E252000712520696F252031
:102DF000FA7125203C7A2520796E25202472252021
:102E00005172252072722520B87225202DE9F74FC6
:102E100001680446806E00F013FF014658B9684906
:102E2000A068F8F719FB012084F88D0001252846D9
:102E300003B0BDE8F08F04F16C06304601F00AFDE6
:102E40002046FFF7BFFE05460028F0D15D4B6063CA
:102E50006364C4E91300304601F0F2FB0546002824
:102E6000E5D1594B3046E364584B636301F046FCAF
:102E700005460028DBD1564B6064E064236504F10D
:102E80009003E26F2168A06E01F068F90546002802
:102E9000CDD1D4F8901004F19C0001F0A2FBA76EF4
:102EA0002068FFF746FE3B68810038465B6998471B
:102EB000C4F8940040B92068FFF73BFE4549820002
:102EC000A068F8F7C9FAB1E7AA4627683846FFF7BD
:102ED00030FED4F86880A842D8F8009023D90821A1
:102EE0003846FFF71DFE0021FFF702FE062102F023
:102EF000EFFC294602F024FDCDF800A00346D9F8E6
:102F00000090E26F39464046D4F894B0C847D4F8F0
:102F100094304BF8250053F8253013B92A462E4932
:102F2000CEE70135D1E73846FFF728FED9F814304F
:102F3000810040469847C4F8980028B92068FFF7F8
:102F40001DFE26498200BBE70025A94627683846B2
:102F5000FFF714FEA84227D908213846FFF7E0FD05
:102F60000021FFF7C5FDD4F86880082102F0B0FC0D
:102F7000294602F0E5FCD8F800200346CDF8009081
:102F80003946D2F800B04046E26FD4F898A0D8474E
:102F9000D4F898304AF8250053F8253013B92A465A
:102FA0000F498DE70135D1E7304601F055FC054664
:102FB00000287FF43CAF012384F88C3037E700BF52
:102FC000D5722520352A25203D2A25205D2A252059
:102FD000452A2520F8722520417325206673252077
:102FE000B073252090F88D3010B504462BB10A49F6
:102FF0008068F8F731FA012010BD90F88C3033B1B9
:1030000004F16C000021BDE8104001F0C1BBFFF7E6
:10301000FDFE0028F4D0EFE7D673252030B5034637
:103020000446204614F8015B002DFAD10139013A1B
:103030000B4412F8011F21B1984202D200F8011B83
:10304000F7E70023037030BD70B50C46B0FBF2F615
:1030500002FB1605EBB2092D254694BF30335733DA
:103060008242DBB205F8013B0AD900232B708C4267
:1030700009D90B78227801F8012B04F80139F6E719
:103080002C463046E2E7284670BD00002DE9F04F9F
:10309000904697B01D4601F1FF3900240290029A34
:1030A000214698F80030161963B34C452ADA252BCF
:1030B00008F1010240F0218198F80130662B59D0C7
:1030C00009D8632B00F01C81642B17D0252B00F04E
:1030D00012819046E3E7752B27D0782B2ED0732BE7
:1030E000F7D155F8042B013A12F8013FD3B1023160
:1030F000013406F8013B4945F6DB13E0A9EB040374
:103100000A2B01DC013400E155F8040B31460A2298
:103110000028BEBF2D23404201F8013BFFF794FF7A
:10312000801B044408F10202D3E7A9EB04030A2B35
:10313000E8DD0A22314655F8040BEFE7A9EB04015C
:10314000621C092906DC002314463370204617B0A0
:10315000BDE8F08F4FF030013170A61C02998C1938
:103160008B54102255F8040B2146FFF76DFF001B0E
:103170008419D7E7A9EB0403B2EE0C7A07EE903A74
:10318000F8EEE77AF4EEC77AF1EE10FABAD4073522
:1031900006F12F03042204A925F0070505A80193D1
:1031A000B5EC027BB7EEC77B8DED047A02F0E8FB4D
:1031B000059BC3F3C752002BC3F3160E3346A2F18F
:1031C0007F0A0392BCBF2D2203F8012B0022BAF123
:1031D000800F1A700ED1019AD11ABEF1000F07D1DB
:1031E0004D4A1846FFF71AFF0746BE1B344499E7BD
:1031F0004A4AF6E74A4A06AF02F1080B106808325D
:1032000052F8041CBC465A45ACE803006746F5D1A9
:10321000106806AF1279CCF8000070468CF80420D4
:10322000002217F9011B01322EFA01F10D2A084480
:10323000F7D131229F1C1A702E225A7000229A70E8
:10324000019AA2EB070BBBF1070FCEDD3A4608331C
:103250004FF0300102F8011F9342F9D10A220AA966
:10326000FFF7F2FE0AAA59463846FFF7D7FEC31BFE
:103270004FF03002D3F10701027012D00246A0EBEA
:10328000020C634508DD12F801CD02F801C04FF0D1
:10329000300C82F800C0F2E723EAE373C3F10703BE
:1032A00018440346184613F8012D302A01D19F42D5
:1032B000F8D300231B4A0370019B191AFFF7AEFED7
:1032C000BAF1000F019B0746B4BF0DF129010AA90D
:1032D000A3EB000BB8BF2D234FF00A02BEBF8DF841
:1032E0002830039BC3F17F0A5046FFF7ADFE0AAAC0
:1032F0005946384676E708F1020201343370E8E6B1
:10330000A9EB04030134002B02DC002333701DE71A
:1033100055F8043B337005E7A87C2520AC7C2520BC
:10332000B47C2520B07C252008B508B902F0C0FA8D
:103330000268821A11880A290DD9538903B1C3582A
:103340000429DBB209D992884AB18056C0B29842AA
:1033500038BF184608BD0023F2E70020F6E7104604
:10336000F4E702F0F5BA01308000704730B518B9C3
:10337000B1FA81F0400930BD03688B420DD10430B1
:1033800000238B4207DA50F8045B52F82340A54231
:1033900003D10133F5E70120EDE70020EBE7884298
:1033A00005D030B131B10A1D0968FFF7DFBF012038
:1033B000704770470846704711289ABF024B53F870
:1033C00020000248704700BF3C7D2520C27C25209C
:1033D0002DE9F3419846002304460E46C8F8003014
:1033E0001746FFF7A1FF23680546E31A1988082945
:1033F0000DD91A895AB1A258992D0AD92A461C49C1
:103400003846F8F729F8012002B0BDE8F081012222
:10341000F2E7202D12D033682946019230461B680E
:103420009847019AC8F80000F8B91346114A1249A2
:10343000384652F82520F8F70FF8E4E706290FD9A7
:10344000DB88E11863B1E35830461944336804312E
:103450005B689847C8F80000B0FA80F04009D3E7ED
:1034600006493846F7F7F8FFCDE70020CCE700BF64
:10347000847D25203C7A2520D87D25207A7E252034
:10348000B5EE400B38B5F1EE10FA05460C4603D107
:10349000002303600B6038BD084602F029FA9FED57
:1034A000147B20EE070B02F0BBF951EC100B02F07D
:1034B00023FA02464FF000400B460021904271EB88
:1034C000030C01DA02F0F4F98B4201BF8242236857
:1034D0004FF08042013308BF236021681F31BEBF17
:1034E0000023002223602A60D5E700BFAFF30080ED
:1034F000000000000000E041B7EE006B13B5B4EE31
:10350000C60B0C46F1EE10FA01D402F0D1F9B5EE7B
:10351000C00BF1EE10FAF8DD01A9FFF7B1FF019B36
:10352000002BF2DC236002B010BD0000C0EE807AF8
:103530009FED117A13B5F8FE677AF4EEC77AF1EED3
:1035400010FA0FDB9FED0D7AF4EEC77AF1EE10FA68
:1035500008D8FDEEE77A002017EE903A0B4413608E
:1035600002B010BD064B074A00934FF4AD73446997
:103570000549A0470120F3E7000000CF0000004FFD
:10358000FD7E2520B17E2520615A252091ED037A0C
:10359000D2ED037A27EE277A13B5B5EEC07AF1EEB5
:1035A00010FA0ADA0B4B0C4A00934FF4A6734469E5
:1035B0000A49A047012002B010BD93ED036AB7EE9F
:1035C000C77A049B0020B7EEC66A87EE065B83EDE0
:1035D000005BF0E7237F2520B17E2520615A25205E
:1035E00091ED037A92ED036AB7EEC77AB7EEC66A39
:1035F00073B527EE067B0446DDE90656A3B193EDCD
:10360000036AB7EEC66A37EE467B95ED036AB7EEFE
:10361000C66AB0EEC77B87EE065B9FED0D7BB4EE0E
:10362000C75BF1EE10FA07D82B462046069602B08B
:10363000BDE87040FFF7AABF074B084A009340F26D
:103640003F1344690649A047012002B070BD00BF86
:103650007B14AE47E17A943F3C7F2520B17E252044
:10366000615A25202DE9F0411F46137886B00646A1
:10367000032B8C460C9D0FD0092B26D0072B28D06E
:10368000374B384A00934FF4C97344693649A04711
:10369000012006B0BDE8F081FF244FF00008BCF126
:1036A000010F92ED030A116918D105AADFED2F0A67
:1036B0003046FFF73BFF0028EBD1059B4345ACBFED
:1036C0003B60C7F800802C60E3E77F246FF07F0841
:1036D000E5E747F6FF74DFF89880E0E7BCF1030FF9
:1036E00021D105AADFED210A304603918DED020AB2
:1036F000FFF71CFF0028CCD1F1EE080A059B05AAB4
:103700004345ACBF3B60C7F80080039930469DED50
:10371000020AFFF70BFF0028BBD1059BA342D4BFD1
:103720002B602C60B5E7BCF1020F14D1FFEE000A4C
:1037300005AA304603918DED020AFFF7F7FE002837
:10374000A7D1059BF7EE000A05AA4345ACBF3B6035
:10375000C7F80080D9E7C7F8008000202C6098E700
:103760005E7F2520B17E2520615A252000000000C3
:103770000080FFFF2DE9F04F91F8309005460E468E
:103780001746B9F1010F2DED028B8BB0DDF858A073
:10379000DDF8788011D0684B0124684A0193684BAA
:1037A00068490093DB23CDE902944569A847204688
:1037B0000BB0BDEC028BBDE8F08F92F83040012CCD
:1037C0000CD05D4B5D4A01935F4B5E490093DD2356
:1037D000CDE902494469A0474C46E8E7516B39B945
:1037E0005A4B0093E8234569544A5949A847DEE7F4
:1037F000D1F80090B9F1000F04D1564B0093E923A2
:103800004569F1E7D9F800B0BBF1010F35DD327839
:10381000092A06D0072A04D04F4B0093ED234569AF
:10382000E2E73A78092A0DD00923CDE902234B4B70
:1038300001934B4B0093EF236E69404A2846414960
:10384000B047B4E7D84508D0464B0193464BCDE985
:1038500002B80093F0236E69EFE7BA68896802EB5B
:1038600081025268904508D0404B01933D4BCDE911
:1038700002820093F1236E69DFE7D6ED038A09F136
:1038800004029AED038A0024A04523DDBBF1010F59
:10389000B7EEE80A08A907A8CCBF92ED007A99ED27
:1038A000017AB7EEC77ACDE9042327EE007BB7EEA5
:1038B000C80A87EE000BFFF7E3FD07991C9B049AEB
:1038C00043F824101D9B0432089943F82410013456
:1038D000059BD9E73278032A19D10020002108AAD4
:1038E000CDE90801CDE900A231463A462846FFF766
:1038F00077FE044600287FF45AAF07A918989DED7B
:10390000080BFFF7BDFD079B199A5B4213603378E4
:10391000092B03D003F0FB03032B0AD11B9B524658
:103920001799284600931A9B0978FFF79BFE0446D7
:103930003DE700243BE700BF245D2520B17E252024
:10394000647F25200E5C25203E5D2520585D2520C6
:10395000615A25206C5D25207D7F2520B77F25209D
:10396000C37F2520D07F25204F5E2520DD7F2520A9
:103970008968806808B5FFF712FD003818BF01207C
:1039800008BD0368C31A1A880A2A05D95B89C218B8
:1039900013B1C358D0587047002070470368C31A4A
:1039A0001A88082A10B518D91B89C418ABB1C25897
:1039B000A318A258914206D3094B40F20111094ABB
:1039C000094801F079FF043303EB810053F82130FB
:1039D000BDE810401844FFF7D4BF00231B68FFDE8A
:1039E000906E2520AF6F2520696F252070477047A6
:1039F000406803689B6818477047704780681022CA
:103A000003689B681847406803685B69184740680B
:103A100003681B69184780680422402103689B687B
:103A20001847704770B505460C4609B901F040FFCC
:103A300091F83030012B0CD14E6B002EF6D040683F
:103A400071680368DB689847686831460368DB681B
:103A50009847002368682146636384F83030C4E9DE
:103A600001330368BDE87040DB68184710B50446B1
:103A7000282101F0F5FE204610BD10B504460821AE
:103A800001F0EEFE204610BD38B513460C4609B9CC
:103A900001F00EFFC26932B1806899000268956832
:103AA0000422A8472060002038BD10B50821044634
:103AB00001F0BAFE10B123182058184410BD10B5FB
:103AC0000A21044601F0B0FE10B123182058184412
:103AD00010BD10B50621044601F0A6FE00B1205627
:103AE000C0B210BD10B50821044601F09DFE10B112
:103AF00023182058184410BD38B50C460821054637
:103B000001F092FE00B128582368834206D80C4B7E
:103B100040F201110B4A0C4801F0CEFE043404219E
:103B200004EB800354F820401C44204601F07CFE46
:103B300028B122182358D058D11800B1081D38BD1B
:103B4000906E25201A802520696F2520F7B51C4628
:103B500000230F46019226460546C4E9003346F885
:103B6000083FFFF7B6FF3146019AF7F7B1FC06466A
:103B700078B939462846FFF7BFFF04212060284660
:103B800001F052FE40B12A1828581044FFF72EFFCA
:103B90006060304603B0F0BD014B6360F9E700BFE1
:103BA0000086252070B50E461546044608B901F07A
:103BB0007FFE002AFBD00029F9D0036804222821C7
:103BC0005B6B9847064AC0E9002400220434C0E930
:103BD0000465846002764262C0E9072270BD00BFBE
:103BE0002486252073B50E4604461546102134441C
:103BF000FEF74CFE0146221A284601F03BF8036806
:103C0000044604225B6B2C219847019001F0D2F806
:103C10002A460199204602B0BDE87040FFF7C2BFB6
:103C200000230422902110B50446C3614068036854
:103C30009B6998472062B0FA80F0400910BD0000EF
:103C400070B504460E4609B901F032FE037E2BB171
:103C50001D494069F7F700FC002521E001230422FB
:103C600008210376806803689B689847A368174A11
:103C7000C0E90023E0602046FFF7D2FF0028EBD127
:103C8000A5683046FFF72EFF01682B6828460422FE
:103C9000C9009B689847054620B90D48FEF7ACFE61
:103CA000284670BD23680246314620465B6A984725
:103CB0000028D1D123682A46314620461B6A9847FE
:103CC0000028EDD0C8E700BF108125200C862520F4
:103CD000658125200421006AFEF7D8BD2DE9F8434F
:103CE0000446894690461F460C26FFF7F3FFE1691C
:103CF000054600224E4300EB060C654505D06B6877
:103D00000C35013308BF0132F7E70B2A07D90C2223
:103D100009496069F7F7A0FB0120BDE8F8834FF07F
:103D2000FF3340F806900020C5E901383960E369A7
:103D30000133E361F1E700BF93812520036870B58B
:103D4000DB6804460D469847C8B92046FFF7C2FF16
:103D5000E3690C225A438318984206D041680C301C
:103D6000013108BF40F8085CF6E760689032216ACC
:103D70000368DD690423AC46BDE87040604770BD50
:103D80002DE9F04F1F4693B0436916464268054639
:103D90000A930023CDE90812C16908A8119301F024
:103DA000F3FC0446002838D1069006A908A801F0C3
:103DB00007FA0446002830D13246069908A801F0D7
:103DC00059FC044648BB2846FFF784FF21460246BB
:103DD0003B4608A8009601F0CDFA0446E8B90C9BD2
:103DE0001021686804930B9B039303681B6B98472F
:103DF000064668681022314603689B689847074664
:103E000078B94C4B01246969019340F26A334A4AFC
:103E100008460093494BF7F72DFB204613B0BDE849
:103E2000F08F286932463946A2460368DB69984715
:103E3000DDF80C80D5E9049B4646049B53454AD0E7
:103E4000337D1BB90AF1010A1836F6E710213068F4
:103E5000FEF727FD316902464B1CD9F800300AD124
:103E6000F1684846009159469C68B368A0470446EB
:103E70000028E7D0D1E701914846F1680091594602
:103E8000DC68B368A047F2E708A801F08BF968681E
:103E900039460368DB689847686803685B69984738
:103EA00004460028B9D16868296A03681B6A9847E4
:103EB00004460028B1D1286903681B6998476B6ADA
:103EC0001022834238BF68626868696A03689B6A27
:103ED00098470446A1E768684FF0180A4FF0FF3B87
:103EE00003685B6AD5E9049698470590DDE90323EA
:103EF0000AFB032A0022C245C6D098F81430ABB1A1
:103F0000D9F8003031464846CDF81CB09C6907AB63
:103F10000392A047044600287FF47FAF079B059AD1
:103F2000D8F804001344039A0132036008F118081A
:103F3000E1E700BF17822520615A2520C98125208D
:103F4000C068704708B50368994206D3054B40F234
:103F50000111054A054801F0AFFC00EBC101D1E9B0
:103F6000010108BD906E252030822520696F252033
:103F70002DE9F74FDDE90D950746884692461E4626
:103F80000DB901F095FC40220021284601F088FC83
:103F90003046FFF79EFD4A462946F7F799FA044650
:103FA00000285FD10E21304601F03EFC00B1345CA8
:103FB000003C0C99304618BF012485F82D40FFF7CE
:103FC0009BFD0028686001AA0CBF0223012305F1B4
:103FD000180130462B754B46FEF785FC0446002839
:103FE00040D10421304601F01FFC00283ED0321899
:103FF00030581044FFF7FAFCA8600C21304601F05D
:1040000013FC78B33218365816443046FFF74DFD8E
:10401000834638B303682BB33046FFF750FD08B32F
:104020000368FBB1DBF804303046EB60FFF747FD77
:104030000021FFF787FF28613046FFF736FDD0F8F3
:1040400000B0BAF1000F14D0D8F8003004220C21CF
:1040500040469B6898478246F8B931490124484652
:10406000F7F7FAF9204603B0BDE8F08F2D4BAB60AF
:10407000C3E73B6804220C2138469B689847824678
:104080000028EAD03B685846D3F80880FFF76BF960
:10409000042201463846C04709E0D8F800305846A7
:1040A0009F68FFF760F9042201464046B847CAF806
:1040B000040008B91C49D1E730464FF00008FFF76B
:1040C000F4FCFFF794FCDAF80470CAF80000C7F8B3
:1040D00000B0C34515DD3046FFF7F1FC81463046A0
:1040E000FFF7E3FCD9F80020036848469A420CBF6A
:1040F00041460021FFF726FF08F1010847F8040FA9
:10410000E7E71021304601F08FFB00B13058012362
:10411000CAF80800C5F834A085F83030A2E700BF1F
:1041200008832520008625203683252008B50368CE
:10413000994206D3064B40F20111064A064801F0A7
:10414000BBFB043000EB810250F82100104408BD95
:10415000906E252064832520696F25202DE9F04786
:104160009846037E04460E46174633B91A494069FD
:10417000F7F772F90120BDE8F087002502F1040984
:104180003046FFF7AFFC03689D4219D22946FEF77F
:10419000AFFC824608B901F08BFB23684146E26917
:1041A00020469B6B98470028E5D12368514659F873
:1041B000352020469B6A98470028DCD10135DFE78F
:1041C00023683A46314620465D6BD8F80030A84750
:1041D0000028D0D12076CEE75A8425202DE9F84357
:1041E00006460F4615460AB901F062FB00244FF05F
:1041F0002C083846FFF776FC0368A3421BD92146FA
:10420000FEF776FC0028EFD0FFF7BBFBB36808FB96
:1042100000F11A681846D2F808900422C84730B94D
:1042200006497069F7F718F90120BDE8F88345F8E9
:1042300034000134DDE70020F7E700BFA584252026
:104240002DE9F74FDDF830900546084688461646BA
:104250001F46FFF747FC4946FEF74AFC08B901F044
:1042600027FB2B6828464FF0000ADB6A98472B682B
:104270000446024641462846CDE9009AD3F830B0BC
:104280003B46D84740B154460A496869F7F7E4F815
:10429000204603B0BDE8F08F002EF9D006EBC9062A
:1042A0000C20726800FB07F3D118D35863604B6889
:1042B000A360EDE7DB8425202DE9F347DDF82890A6
:1042C00006460846884615461F46FFF70BFC49463A
:1042D000FEF70EFC08B901F0EBFA706804224021E9
:1042E00003689B6898473368012204464146CDE93C
:1042F00000920246D3F830A030463B46D04740B14A
:1043000000240B497069F7F7A7F8204602B0BDE812
:10431000F087002DF9D005EBC9050C206A6800FB79
:1043200007F3D118D35863604B68A360EDE700BF73
:104330002585252010B5044601F076FA10B1231822
:104340002058184410BD00002DE9F74305460F46DC
:10435000164600244FF00C0904213846FFF7EAFF07
:1043600003689C4226D22146FFF7E0FE0E218046DC
:1043700001F05AFAE0B118F80030CBB109FB04F8AB
:1043800001A906EB0800FEF7E7FA70B9A868102249
:10439000019903689B68984746F8080040B9019A5C
:1043A00005496869F7F758F8012003B0BDE8F083C4
:1043B0000134D1E70020F8E7698525202DE9F74F82
:1043C00004460D4600920AB901F072FA0027284609
:1043D000FFF788FB0368BB4249D93946FEF788FBE3
:1043E00081460028F0D004214FF00C0AFFF7A2FF0D
:1043F000D0F800B0A06804220AFB0BF6036831462F
:104400009B689847804640B932461A496069F7F779
:1044100023F8012003B0BDE8F08F0026CDF804A0FA
:10442000B3451ED004214846FFF784FF3146FFF70D
:104430007DFE0C218246284601F0F6F968B1291864
:1044400028580144019B5046626903FB0683FFF72D
:104450007DFB20B132460849D8E70146F2E7013634
:10446000DEE7009B043343F837800137AFE70020D5
:10447000D0E700BF97852520DE8525202DE9F04374
:1044800087B006461C4691460D46D0E9018708468E
:10449000FFF728FB0E99FEF72BFB0421FFF74AFFDD
:1044A0002146FFF743FE0C210590284601F0BCF998
:1044B000059B044610B128182C59044472694146E2
:1044C0003846CDF80890CDE900429DF83C20FFF732
:1044D0004FFD07B0BDE8F0837047406803685B6933
:1044E0001847036953F82100704737B5D0E90142F6
:1044F0000B465569216800954D681269C1682046D0
:10450000A84703B030BD406803689B6818478268BD
:10451000D2E9043003EBC0030C205B6800FB0130E0
:10452000704710B50446182101F09AF9204610BDD5
:1045300010B484681346406862695DF8044BFFF765
:10454000CDBB000030B5C0E90232034D0023C0E905
:104550000051C0E9043330BD68862520002904DB02
:10456000914202DA53F8210070474FF0FF30704754
:104570000B4611461A6810B5131D12680446FFF762
:10458000EDFF011E05DB236820465B69BDE8104096
:104590001847002010BD0B4611465A6810B5131D70
:1045A00012680446FFF7DAFF011E05DB2368204688
:1045B0005B69BDE810401847002010BD0B4611464E
:1045C0009A6810B5131D12680446FFF7C7FF011E55
:1045D00005DB236820465B69BDE8104018470020D2
:1045E00010BD016170470EB40FB505AB53F8041B45
:1045F00001910393FEF70EFA0368039A9B680199F1
:10460000984704B05DF804EB03B070474369202B72
:1046100001D180697047DBB2992B9ABF024A52F8E8
:1046200023000248704700BF3C7A2520796E252080
:10463000704710B50446202101F012F9204610BD44
:104640002DE9F84F0446D0F8149000264FF02C0ABC
:10465000E3691B689E4220D23146A06866614FEA3A
:10466000C60BFFF79BF900278046474513D0236907
:1046700053F80B500AFB0755AB6A69695A691B6806
:10468000202A0CBFD5E90612002213B160689847B2
:1046900028610137E9E70136DAE70020C4F8149011
:1046A000BDE8F88F2DE9F0470446D0F814800025C6
:1046B0004FF02C09E3691B689D421AD22946A06875
:1046C00065614FEAC50AFFF769F900260746BE4251
:1046D0000DD0236953F80A3009FB06339A6A22B1D8
:1046E000526812B11969606890470136EFE70135E9
:1046F000E0E70020C4F81480BDE8F0872DE9F74F0B
:104700000446D0F8149000254FF02C0AE3691B688A
:104710009D422DD22946A06865614FEAC50BFFF77F
:104720003DF900268046464520D0236953F80B10FA
:104730000AFB06118B6A9A6801938AB160689047F8
:10474000019B074660B11846FFF760FF3B460146F4
:1047500032460948FEF750F9012003B0BDE8F08F5A
:104760003146E0680136FFF7E9FADCE70135CDE7CD
:104770000020C4F81490F0E79486252010B5044674
:10478000406818B103682168DB689847204610BD6F
:10479000C269436912682DE9F04F914285B08146A4
:1047A0000C460193416107D301262848FEF724F9FE
:1047B000304605B0BDE8F08F00258068FFF7EEF8C1
:1047C0004FF02C0A0746E400AB46BD4239D0D9F879
:1047D000102016590AFB0566D6F828804046FFF7D8
:1047E00015FFD9F804200146506BCDE902B018B18D
:1047F0000268926890470290D8F80C200AB901F03C
:1048000057F83146D9F8040090470646D9F80C000D
:104810000268D2689047012E0CD14046FFF7F6FEA1
:10482000334601462A460A48FEF7E6F802A8FFF793
:10483000A5FFBDE7002EF9D102A80135FFF79EFFC5
:10484000C3E7019B0026C9F81430B1E7CA862520CA
:10485000FC862520016170472DE9F74F05460027AA
:10486000E86903689F4269D239464FEAC709FEF7F3
:104870003FF9002680460421404600F0D5FF00287D
:1048800065D008EB000158F80030CA18CB589E429A
:1048900052D2043202EB860152F8263001EB030BB0
:1048A0000E21584600F0C0FF00283FD01BF8002022
:1048B000002A3BD02A690C2301A94A4403FB06FACB
:1048C00050685044FEF748F8044600283BD10621C2
:1048D000584600F0A9FF58B31BF90020092A29D136
:1048E0000C21584600F0A0FFA8B10BEB00025BF8CA
:1048F000004014440A21204600F096FF38B32218E5
:104900002358D118D35843B9124B40F20111124A1F
:10491000124800F0D1FF0446ECE749682B69019A80
:104920004B445B6853F80A0000F0BAFF0136A2E777
:104930000146F3E72146F1E7013791E7A86908B19D
:1049400000F079F80024204603B0BDE8F08F03683A
:10495000FFDE00BF906E252030822520696F252064
:1049600070B50C460546082180681646FEF7D8F853
:104970002146FEF7BDF8062100F0AAFF314600F0FF
:10498000DFFF29690C2201EBC404636802FB0030DD
:1049900070BD0821806808B5FEF7C2F8006808BD40
:1049A00010B50C4680680821FEF7BAF82146FEF7DC
:1049B0009FF8082100F08CFF006810BD10B50C4670
:1049C00080680821FEF7ACF82146FEF791F8062131
:1049D00000F07EFF006810BD10B504460848C4E929
:1049E00002230023C4E90433029BC4E90001A3614C
:1049F00022B108211046FEF793F8E061204610BD71
:104A00003887252070B50C46054608218068164673
:104A1000FEF786F82146FEF76BF8082100F058FFF4
:104A2000314600F08DFF29690C2201EBC404636854
:104A300002FB003070BD38B505460024AB68A342C8
:104A400009DD2B68002103EB04130134DA68986850
:104A500000F026FFF2E7002038BD7047036800220F
:104A600010B4DC690123A4465DF8044B6047036A77
:104A70005940436A013B016243627047C068704716
:104A80004269C368C069824234BFC01AD01A7047F5
:104A900002698069101A7047A0F10400FFF7F8BF9F
:104AA00010B50446282100F0DBFE204610BDA0F121
:104AB0000400FFF7F5BFF7B504460E46C06811467F
:104AC0000192FDF7E3FE226805460146019BD76986
:104AD00020463246B84700280CBF2846002003B0C5
:104AE000F0BD73B504460D46C06811460192FDF74E
:104AF000CDFE22680146019B2046D6692A46B4466F
:104B000002B0BDE87040604737B504460D46C06945
:104B10001146FDF7BBFEA3691B1AAB4209D2EA1A84
:104B20000849A06800922A46F6F796FC002003B0D8
:104B300030BD236A05444340E5612362636A013363
:104B40006362F4E76887252037B504460D4680691F
:104B50001146401BFDF7A1FE636983420AD91B1A67
:104B60002A4605490093EB1AA068F6F775FC002069
:104B700003B030BDA061FBE7B1872520A0F10400A0
:104B8000FFF7E2BF70B504460E46C069FDF77EFE32
:104B900005463146A069FDF780FE401B70BD000050
:104BA000D0E9082108B551EA020307D0B2FA82F22F
:104BB00003485209FDF720FF002008BD0120FCE753
:104BC000FA872520036810B51B690446984720B969
:104BD0000448FDF711FF012010BD63690020E36167
:104BE000FAE700BF3C8825207FB504460E46C06822
:104BF000194615460393FDF749FE6269E3699A4237
:104C000002D1B042039906D00D49A068F6F724FC02
:104C1000012004B070BDE068FDF738FEA3691B1ADF
:104C20009D4207D9EA1A0749A06800922A46F6F77A
:104C300013FCEDE728446061E0610020E9E700BF74
:104C400081882520EF882520043870471344C261ED
:104C500070B5074DC0E9032305F108064C35C0E9DE
:104C6000052300230660C0E90151C0E9083370BD87
:104C70003489252000B513468BB008B900F018FE22
:104C80000029FBD00A4601466846FFF7DFFF0422F1
:104C900028216846FFF758FF0B4A02604432426001
:104CA000029A8260039AC260049A0261059A426184
:104CB000069A8261079AC261089A0262099A426260
:104CC0000BB05DF804FB00BF3C89252010B5012422
:104CD000C160002380F8284028248360B2FBF4F2EE
:104CE00001EB02110C244260016101EB8201416180
:104CF00001EB820104FB021281614262184610BD81
:104D00007047F7B5089F0468D0E902650097A4686A
:104D1000A04728B905EB0615099B6B6003B0F0BDF1
:104D20000120FBE78068704710B504462C2100F095
:104D300097FD204610BD000070B504460846D4E932
:104D400001158D4205DB0A460B49F6F785FB01206C
:104D500070BDE0682E0100EB051182510135002085
:104D60008B60049BCB604FF0FF334B600123A56049
:104D700084F82830ECE700BF90892520F0B5044680
:104D80000B4601250026954210DA0135D4E9007C56
:104D90006745BCBFC4E900C7D3E9006704F1040458
:104DA000BCBFC3E9007601260433ECE7002EE6D150
:104DB000F0BD0000014B0360704700BF288A25202A
:104DC00010B54C68C16801EB04118868984205DC95
:104DD000C8689042B4BF0020012010BD0020FCE74D
:104DE00070B5054689B9046AA9690C200C2600FB38
:104DF000041421462846FFF7E3FF50B9A468611C5C
:104E000009D0A96906FB0414F3E78C68601CEBD198
:104E10000024204670BD0446FBE790F828302DE9B9
:104E2000F04F044685B0002B00F0AE808568002D61
:104E300000F0AA800023D0E904761A4680F82830D2
:104E4000D4F808C04FEA820E07EB82009C4506EBBF
:104E500082011EDDD4F80CC019010CEB03105CF8C4
:104E600001C0616AD0F80480B8F1FF3F08D1013D6C
:104E700047F825C046F8253041F823800133DFE7A5
:104E800047F80EC0013246F80E30406841F8230062
:104E9000F4E7ACEB02020127FFF770FF01230022C9
:104EA000A669D4F80C80D4F824B0B246C4E907321D
:104EB0004FF0FF33B360636901931B6808EB031184
:104EC00073604968013108BF4BF823205BF8233039
:104ED0003360A368BB4257DD019B53F8279008EB72
:104EE00009134FEA09125D68691C20D158F80220A5
:104EF0000020D3ED037A029205469A68014603909A
:104F000017EE903A2046FFF76BFF039949B14B68C3
:104F100009684FEA031C58F80CC08C446545B8BFBB
:104F2000654620B10168029B491B8B42E6DC4BF8C9
:104F300029500C22E36902FB03F175507218591CC9
:104F4000C2F80490E161DAF80010A94205DD216A97
:104F50009246916023620137BBE751468868B0F101
:104F6000FF3F04D18B609060F5E77146F6E74FF0A4
:104F70000C0C0CFB00FC06EB0C0E56F80CC0AC4500
:104F8000F3DD90608B60E6E705B0BDE8F08F70B5AB
:104F90000446FFF742FFA068A8B1A5690C22236A66
:104FA000002002FB035373B15968E6680901715888
:104FB0001E689B683144884238BF0846591C02D09D
:104FC00002FB0353EFE770BD2DE9F04F00255E4F64
:104FD0009FB00446FFF721FFA668AE4223DD092DEE
:104FE00015DC05F13001C9B2E368280103EB0512B5
:104FF000D668029692680192626A52F82520009261
:105000002A461B5838460135FDF7F6FCE4E7232D08
:1050100002DC05F15701E6E73D2D02DC05F11D013B
:10502000E1E72A21E0E70023502798469E4211DD60
:105030001D01E168626A01EB0310495952F823200F
:1050400001330A449742B8BF1746C2689045B8BFBB
:105050009046EBE7002509A900222E200B460132DD
:1050600001F8010B502AFAD1A1680592069100219E
:105070008C46069888424DDDE6684FEA011E06EB35
:105080000119D9F80800A84242DCD9F80C00A8425E
:105090003EDB606A50F82190B9F1FF3F38D056F8F6
:1050A0000E6001F1300A059A01F11D0EB4445FFA59
:1050B0008AFA02FB09F0B1445FFA8EFE02FB09F99D
:1050C00090FBF7F099FBF7F601F1570907961E18C8
:1050D0005FFA89F9079A90421ADA96F800B0BBF1A4
:1050E0002E0F11D1092905DCD34686F800B0013016
:1050F0000136EFE7232901DCCB46F6E73D29D4BF93
:10510000F3464FF02A0BF0E74FF021023270EEE742
:105110000131AEE700220D490D488DF874200D4A8B
:10512000092DD8BF11460CF2FF32002AB8BF0CF28D
:10513000FE72921200922A460135FDF75DFCA845E9
:1051400089DA1FB0BDE8F08FAD892520796E252062
:10515000E88925204F722520F8B5144605460F46EC
:105160001E46FFF75AFE002C02DBAB68A34207DCA9
:10517000AB68224605493846F6F76EF90120F8BDBE
:105180006B6A002053F824303360F8E7F789252054
:1051900008B58B68934201DD00F08AFB013308BF3C
:1051A0008A6008BD10B5044640680368E168DB68A2
:1051B0009847606861690368DB689847002010BD04
:1051C0002DE9F84305460F460068102100F02CFB3E
:1051D000002864D00026DFF8E4802C6810212046E7
:1051E00000F022FB00285CD0211822588B188A5826
:1051F000964254D20433042103EB860953F8263037
:105200009944484600F010FB40B309EB000459F8FC
:1052100000000444404600F073FB41460246201D56
:1052200000F092FB002838D12C680C21204600F0B9
:10523000FBFAA8B1231824581C440621484600F064
:10524000F3FA08B159F80000236883420AD8174BD3
:1052500040F20111164A174800F02EFB0446D9E728
:105260000446EAE70434042104EB800354F82040A8
:105270001C44204600F0D8FAA8B122582318134441
:10528000DA6810333B60EB69934206D00A49A8689C
:10529000F6F7E2F80120BDE8F88301369DE700202B
:1052A000F9E70368FFDEC368FCE700BF906E2520C6
:1052B0001A802520696F25204C8A2520168C2520F0
:1052C00008B50368994206D3064B40F20111064A1D
:1052D000064800F0F1FA043000EB810250F821009A
:1052E000104408BD906E252000712520696F25208F
:1052F0002DE9F34708460C4617460025FEF741FB0B
:105300004FF0FF380646B54230D00A21204600F063
:105310008BFA10B122182058104429464FF0000A89
:10532000FFF7CEFF81461421484600F0D1FA88B13C
:1053300003689A450ED2514600F002FB0C2301A9E6
:10534000CDF8048003FB0070FDF706FB20B102B02E
:10535000BDE8F0870135D6E7019921B10448FDF792
:105360004BFB0120F3E70AF1010ADCE70020EEE73E
:10537000978A25202DE9F04F8946044608210068C8
:105380004FF018084FF0000B2DED028B89B0CDE9DE
:105390000323FDF7C5FB4946FDF7AAFBE368064674
:1053A0000293636953F82970029B08FB0737FEF7E5
:1053B000E8FA05900621304600F08AFA054678B1F1
:1053C00003689B450BD259460BF1010B00F0B8FA6C
:1053D000626A08FB00712046FFF7DAFEEAE7002563
:1053E0004FF0180B059B9D4200F09380636A0A21E1
:1053F00030460133636200F017FA10B133183058A9
:10540000184429464FF0000AFFF75AFF804608214A
:10541000404600F05DFA10BB636A4FF0000A414657
:10542000204608EE103A149B0093DDE9032300F0B8
:105430008DF80621404600F04BFA034618B3036886
:105440009A451FD2514600F07BFA002817DB0BFB70
:105450000070636AC1688B4210DA00F029FA0268B2
:105460009245D9D251460AF1010A00F069FA626AFE
:105470000BFB00712046FFF78BFEC8E7C3600AF103
:10548000010AD6E7002308214046069300F020FADF
:1054900018B10268069B93422BD3029BA169DDF8E9
:1054A0000C800BFB01310023226A9A422FD9D8F8D5
:1054B0000420AA4218D1D8F80820914514D10498A4
:1054C000D8F8002000EB830006910793C1E9002083
:1054D00018EE102A2046FFF75BFE0699626AC8683C
:1054E0008242BADB079BCA600133183108F10C080D
:1054F000DAE71946069300F023FA0BFB0070626AA4
:10550000C1688A42A9DB069BC2600133BBE7013553
:1055100068E700254FF018080821304600F0D8F958
:1055200070B103689D420BD2294600F009FA08FBCE
:105530000070636AC26893428FDB0135C360EBE79A
:10554000002009B0BDEC028BBDE8F08F2DE9F743D8
:10555000046806460D460621204617469846DDF8A3
:10556000289000F061F990B1231824581C440421BC
:10557000284600F059F900B128582368834208D81A
:10558000394B40F20111394A394800F095F9044687
:10559000EDE7043400220A2104EB800C54F82000CB
:1055A000604400F0DDF9C0B2772851D0812837D0AF
:1055B000762847D100220A21284600F039F95C28D4
:1055C0004DD128460C2100F08FF905460022042118
:1055D000284600F0C5F9044600222846062100F0BE
:1055E000BFF9621C05460BD0736A3A462146304625
:1055F0000133CDF8009073624346FFF7BBFE10BB4A
:105600006B1C1FD0736A3A46294630460133CDF8E9
:1056100028907362434603B0BDE8F043FFF7AABE8B
:1056200000220A21284600F003F967280ED10C2138
:10563000284600F059F90421002200F091F9411C9C
:1056400004460ED1002003B0BDE8F0830020F2E74D
:1056500000220A21284600F0EBF85D28B0E700257B
:10566000B4E74FF0FF35BFE7906E2520D38A2520A1
:10567000696F25202DE9F74F0546D0F80CA00027CB
:10568000CDE9001208212868FDF74AFA03689F4215
:105690005BD23946FDF72CFA019B80460146043364
:1056A000284653F837606B69324653F82740FFF7B6
:1056B0001FFE00285FD11823834603FB04A40421A6
:1056C0004046FEF737FE026893453CD221463046FD
:1056D0006660FDF741F900284DD14FF0FF33D6F851
:1056E0000090C4E90233B9F1000F1CD104214046F7
:1056F000FEF720FE01688B4506D3204B40F20111D6
:105700001F4A204800F0D8F804304A460E2100EB2A
:105710008B0C50F82B00604400F08AF870B92068B8
:10572000003818BF0120009B20754BB153F82B2087
:1057300022610BF1010B18340C36C0E74846F2E742
:105740004FF0FF32F4E701379CE7AB691822286A73
:10575000012102FB03AA00234FF0FF3298420AF115
:10576000180A07D001330AF8041C4AF8082C4AE941
:105770000422F3E7002003B0BDE8F08F906E2520EF
:1057800064832520696F25202DE9F8430446884667
:1057900000680821FDF7C4F9056860680422AD00BF
:1057A000036829469B6898470746606150B3002606
:1057B000D4F80090354608214846FDF7B1F9036852
:1057C0009E420FD247F8265008214846FDF7A8F917
:1057D0003146FDF78DF90421FEF7ACFD0368013673
:1057E0001D44E8E7182160680422C4F8208003689B
:1057F000C4E9065545449B6825614D4329469847B1
:10580000E06038B92A460449A068F5F725FE012072
:10581000BDE8F8830020FBE7D58B252000000000C1
:105820005FF800F0F17702005FF800F01119000056
:105830005FF800F059D201005FF800F08522020005
:105840005FF800F0D97E02005FF800F0593C0200DA
:105850005FF800F0F11200005FF800F0332502005D
:105860005FF800F0B76902005FF800F0BB270200A4
:105870005FF800F025AE01005FF800F0117F020034
:105880005FF800F0099F02005FF800F0BF690200B6
:105890005FF800F0E11C02005FF800F0D769020039
:1058A0005FF800F0457F02005FF800F089270200F2
:1058B0005FF800F0F17802005FF800F00179020073
:1058C0005FF800F0011300005FF800F0DDD0010088
:1058D0005FF800F005B401005FF800F015AE0100BC
:1058E0005FF800F0C53302005FF800F099D20100C4
:1058F0005FF800F0797702005FF800F0B513000060
:105900005FF800F0A51700005FF800F06F350200A7
:105910005FF800F0EBAD01005FF800F0A179020044
:105920005FF800F0733502005FF800F0992502007F
:105930005FF800F0E52602005FF800F0BB380200D7
:105940005FF800F06DD201005FF800F057900200A0
:105950005FF800F0058C02005FF800F049380200A3
:105960005FF800F08FD101005FF800F0C93C020041
:105970005FF800F0F13802005FF800F095250200B2
:105980005FF800F0F57E02005FF800F06926020083
:105990005FF800F0697602005FF800F0E91300009C
:1059A0005FF800F0C19D02005FF800F07D9C0200EE
:1059B0005FF800F0232802005FF800F0E1730200B6
:1059C000556E737570706F72746564206461746174
:1059D000207479706520256420696E2074656E736B
:1059E0006F720A00556E68616E646C65642066753E
:1059F0006C6C792D636F6E6E65637465642077657A
:105A0000696768747320666F726D61742E002F630E
:105A10006F72616C6D6963726F2F74686972645F15
:105A200070617274792F74666C6974652D6D696329
:105A3000726F2F74656E736F72666C6F772F6C69FF
:105A400074652F6D6963726F2F6B65726E656C7311
:105A50002F636D7369735F6E6E2F6164642E636371
:105A60000025733A256420257320776173206E6FBB
:105A70007420747275652E00696E70757431202102
:105A80003D206E756C6C70747200696E7075743246
:105A900020213D206E756C6C707472006F7574708F
:105AA000757420213D206E756C6C70747200657881
:105AB000706F6E656E74203E3D203000496E7465D7
:105AC000676572547970652067656D6D6C6F77706E
:105AD0003A3A526F756E64696E67446976696465B7
:105AE0004279504F5428496E7465676572547970D5
:105AF000652C204578706F6E656E745479706529D9
:105B0000205B7769746820496E74656765725479A3
:105B10007065203D206C6F6E6720696E743B204578
:105B200078706F6E656E7454797065203D20696E73
:105B3000745D002F636F72616C6D6963726F2F7497
:105B4000686972645F70617274792F67656D6D6CDE
:105B50006F77702F6669786564706F696E742F66F1
:105B600069786564706F696E742E68006578706F0F
:105B70006E656E74203C3D20333100547970652091
:105B800025732028256429206E6F7420737570702A
:105B90006F727465642E002F636F72616C6D696340
:105BA000726F2F74686972645F70617274792F7498
:105BB000666C6974652D6D6963726F2F74656E73A1
:105BC0006F72666C6F772F6C6974652F6D69637285
:105BD0006F2F6B65726E656C732F636D7369735F86
:105BE0006E6E2F636F6E762E636300696E707574D0
:105BF00020213D206E756C6C7074720066696C7447
:105C0000657220213D206E756C6C70747200257376
:105C10003A256420257320213D2025732028256402
:105C200020213D20256429006F75747075742D3E08
:105C30007479706500696E7075742D3E7479706545
:105C4000002F636F72616C6D6963726F2F74686986
:105C500072645F70617274792F74666C6974652DFB
:105C60006D6963726F2F74656E736F72666C6F7798
:105C70002F6C6974652F6D6963726F2F6B65726E1F
:105C8000656C732F636D7369735F6E6E2F636F6ED8
:105C9000762E636320487962726964206D6F646553
:105CA0006C7320617265206E6F7420737570706FF5
:105CB00072746564206F6E2054464C697465204D83
:105CC0006963726F2E002F636F72616C6D6963720E
:105CD0006F2F74686972645F70617274792F746673
:105CE0006C6974652D6D6963726F2F74656E736F67
:105CF00072666C6F772F6C6974652F6D6963726F54
:105D00002F6B65726E656C732F636D7369735F6E55
:105D10006E2F6465707468776973655F636F6E7604
:105D20002E6363006B54664C697465416666696EE8
:105D3000655175616E74697A6174696F6E00666928
:105D40006C7465722D3E7175616E74697A617469E7
:105D50006F6E2E7479706500616666696E655F713D
:105D600075616E74697A6174696F6E0061666669E7
:105D70006E655F7175616E74697A6174696F6E2D9D
:105D80003E7363616C6500616666696E655F71751F
:105D9000616E74697A6174696F6E2D3E7A65726F97
:105DA0005F706F696E7400616666696E655F7175BC
:105DB000616E74697A6174696F6E2D3E7363616C94
:105DC000652D3E73697A65203D3D2031207C7C2025
:105DD000616666696E655F7175616E74697A61741A
:105DE000696F6E2D3E7363616C652D3E73697A65D4
:105DF000203D3D2066696C7465722D3E64696D734B
:105E00002D3E646174615B6B44657074687769737F
:105E100065436F6E765175616E74697A6564446925
:105E20006D656E73696F6E5D00616666696E655F54
:105E30007175616E74697A6174696F6E2D3E7A65F1
:105E4000726F5F706F696E742D3E73697A65006161
:105E50006666696E655F7175616E74697A61746991
:105E60006F6E2D3E7363616C652D3E73697A6500BC
:105E70002F636F72616C6D6963726F2F74686972E2
:105E8000645F70617274792F74666C6974652D6DCE
:105E90006963726F2F74656E736F72666C6F772FA4
:105EA0006C6974652F6D6963726F2F6B65726E65B7
:105EB0006C732F636D7369735F6E6E2F66756C6C98
:105EC000795F636F6E6E65637465642E636300252E
:105ED000733A256420257320213D20257320282531
:105EE0007320213D202573290041524D5F434D53BE
:105EF00049535F4E4E5F53554343455353006172C0
:105F00006D5F636F6E766F6C76655F3178315F734E
:105F1000385F666173742820266374782C202663AA
:105F20006F6E765F706172616D732C202670657282
:105F30005F6368616E6E656C5F7175616E745F70D2
:105F40006172616D732C2026696E7075745F64696F
:105F50006D732C2074666C6974653A3A6D6963726E
:105F60006F3A3A47657454656E736F724461746139
:105F70003C696E74385F743E28696E707574292CA4
:105F8000202666696C7465725F64696D732C207479
:105F9000666C6974653A3A6D6963726F3A3A47653F
:105FA0007454656E736F72446174613C696E7438C9
:105FB0005F743E2866696C746572292C20266269BC
:105FC00061735F64696D732C20626961735F6461E2
:105FD00074612C20266F75747075745F64696D73BD
:105FE0002C2074666C6974653A3A6D6963726F3A15
:105FF0003A47657454656E736F72446174613C69AD
:106000006E74385F743E286F75747075742929003A
:1060100061726D5F66756C6C795F636F6E6E6563E0
:106020007465645F73382820266374782C20266694
:10603000635F706172616D732C20267175616E747F
:106040005F706172616D732C2026696E7075745F6C
:1060500064696D732C2074666C6974653A3A6D6975
:1060600063726F3A3A47657454656E736F72446138
:1060700074613C696E74385F743E28696E70757423
:10608000292C202666696C7465725F64696D732CB7
:106090002074666C6974653A3A6D6963726F3A3A56
:1060A00047657454656E736F72446174613C696EC8
:1060B00074385F743E2866696C746572292C2026DA
:1060C000626961735F64696D732C20626961735FDB
:1060D000646174612C20266F75747075745F6469D7
:1060E0006D732C2074666C6974653A3A6D696372DD
:1060F0006F3A3A47657454656E736F7244617461A8
:106100003C696E74385F743E286F757470757429BD
:10611000290061726D5F66756C6C795F636F6E6E7E
:1061200065637465645F7331362820266374782C48
:10613000202666635F706172616D732C2026717515
:10614000616E745F706172616D732C2026696E7070
:1061500075745F64696D732C2074666C6974653A3C
:106160003A6D6963726F3A3A47657454656E736F3E
:1061700072446174613C696E7431365F743E2869A3
:106180006E707574292C202666696C7465725F6464
:10619000696D732C2074666C6974653A3A6D696335
:1061A000726F3A3A47657454656E736F72446174E6
:1061B000613C696E74385F743E2866696C74657200
:1061C000292C2026626961735F64696D732C2062DB
:1061D0006961735F646174612C20266F75747075DA
:1061E000745F64696D732C2074666C6974653A3AE7
:1061F0006D6963726F3A3A47657454656E736F7276
:10620000446174613C696E7431365F743E286F7509
:1062100074707574292900496E70757420747970D2
:1062200065202573206973206E6F74206375727208
:10623000656E746C7920737570706F72746564002C
:1062400054797065202573206E6F742063757272A7
:10625000656E746C7920737570706F727465642EDE
:10626000002F636F72616C6D6963726F2F74686960
:1062700072645F70617274792F74666C6974652DD5
:106280006D6963726F2F74656E736F72666C6F7772
:106290002F6C6974652F6D6963726F2F6B65726EF9
:1062A000656C732F636F6E765F636F6D6D6F6E2EAF
:1062B0006363006861735F62696173207C7C206E38
:1062C0006F64652D3E696E707574732D3E73697AC7
:1062D00065203D3D2032006E6F64652D3E6F757404
:1062E000707574732D3E73697A65000002000000BA
:1062F000000000000000000001000000000000009D
:106300002F636F72616C6D6963726F2F746869724D
:10631000645F70617274792F74666C6974652D6D39
:106320006963726F2F74656E736F72666C6F772F0F
:106330006C6974652F6D6963726F2F6B65726E6522
:106340006C732F6465707468776973655F636F6ED3
:10635000765F636F6D6D6F6E2E63630002000000E9
:106360000000000000000000010000000300000029
:10637000496E7075742025732C206F757470757458
:10638000202573206E6F7420737570706F72746542
:10639000642E002F636F72616C6D6963726F2F746E
:1063A000686972645F70617274792F74666C697465
:1063B000652D6D6963726F2F74656E736F72666C95
:1063C0006F772F6C6974652F6D6963726F2F6B65C2
:1063D000726E656C732F64657175616E74697A6530
:1063E0005F636F6D6D6F6E2E6363004E756D496EEA
:1063F00070757473286E6F646529004E756D4F75E6
:106400007470757473286E6F64652900696E707599
:10641000742D3E74797065203D3D206B54664C6947
:106420007465496E7438207C7C20696E7075742D9B
:106430003E74797065203D3D206B54664C697465EF
:10644000496E743136207C7C20696E7075742D3EE7
:1064500074797065203D3D206B54664C69746555B8
:10646000496E7438006F75747075742D3E74797050
:1064700065203D3D206B54664C697465466C6F61C8
:10648000743332002F636F72616C6D6963726F2FAA
:1064900074686972645F70617274792F74666C6974
:1064A00074652D6D6963726F2F74656E736F72669C
:1064B0006C6F772F6C6974652F6D6963726F2F6BCA
:1064C00065726E656C732F646574656374696F6E55
:1064D0005F706F737470726F636573732E636300A4
:1064E0004E756D44696D656E73696F6E7328696E64
:1064F0007075745F626F785F656E636F64696E67F5
:106500007329004E756D44696D656E73696F6E73A6
:1065100028696E7075745F636C6173735F70726508
:1065200064696374696F6E7329004E756D44696D9B
:10653000656E73696F6E7328696E7075745F616ED6
:1065400063686F7273290069735F616C706861289A
:10655000616C7068612900626F6F6C20666C617499
:10656000627566666572733A3A69735F616C7068EA
:10657000615F6368617228636861722C206368617F
:106580007229002F636F72616C6D6963726F2F7473
:10659000686972645F70617274792F666C6174628D
:1065A0007566666572732F696E636C7564652F66B8
:1065B0006C6174627566666572732F7574696C2E92
:1065C000680073747200626F6F6C20666C61746235
:1065D0007566666572733A3A537472696E67546F82
:1065E000496E7465676572496D706C28542A2C2059
:1065F000636F6E737420636861722A2C20696E74F5
:106600002C20626F6F6C29205B776974682054209E
:106610003D206C6F6E67206C6F6E6720696E745DD5
:1066200000626F6F6C20666C61746275666665727D
:10663000733A3A537472696E67546F496E74656742
:106640006572496D706C28542A2C20636F6E7374C8
:1066500020636861722A2C20696E742C20626F6F2F
:106660006C29205B776974682054203D206C6F6E24
:1066700067206C6F6E6720756E7369676E65642046
:10668000696E745D007374722026262076616C003A
:10669000626F6F6C20666C6174627566666572739A
:1066A0003A3A537472696E67546F466C6F617449FD
:1066B0006D706C28542A2C20636F6E73742063688D
:1066C00061722A29205B776974682054203D206418
:1066D0006F75626C655D006D61785F64657465639C
:1066E00074696F6E73006D61785F636C617373655D
:1066F000735F7065725F646574656374696F6E0063
:10670000646574656374696F6E735F7065725F63EF
:106710006C617373007573655F726567756C617228
:106720005F6E6D73006E6D735F73636F72655F7420
:1067300068726573686F6C64006E6D735F696F7506
:106740005F7468726573686F6C64006E756D5F630B
:106750006C617373657300795F7363616C65007856
:106760005F7363616C6500685F7363616C6500777C
:106770005F7363616C6500286D61785F6465746543
:106780006374696F6E73203E3D2030290028696E66
:1067900074657273656374696F6E5F6F7665725F3F
:1067A000756E696F6E5F7468726573686F6C642074
:1067B0003E20302E3066292026262028696E7465FA
:1067C0007273656374696F6E5F6F7665725F756E05
:1067D000696F6E5F7468726573686F6C64203C3DAE
:1067E00020312E3066290056616C696461746542FF
:1067F0006F786573286465636F6465645F626F7842
:1068000065732C206E756D5F626F78657329006B00
:10681000426174636853697A6500696E7075745F6C
:10682000626F785F656E636F64696E67732D3E6437
:10683000696D732D3E646174615B305D00696E70DB
:1068400075745F626F785F656E636F64696E67739E
:106850002D3E64696D732D3E646174615B325D2011
:106860003E3D206B4E756D436F6F7264426F7800D2
:10687000696E7075745F636C6173735F7072656469
:10688000696374696F6E732D3E64696D732D3E6428
:106890006174615B305D006E756D5F626F7865730A
:1068A00000696E7075745F636C6173735F7072659D
:1068B00064696374696F6E732D3E64696D732D3EF8
:1068C000646174615B315D00286E756D5F636C613E
:1068D000737365735F776974685F6261636B677216
:1068E0006F756E64202D206E756D5F636C617373C0
:1068F0006573203C3D20312900286E756D5F636C07
:1069000061737365735F776974685F6261636B67F6
:10691000726F756E64203E3D206E756D5F636C61B5
:106920007373657329006E756D5F64657465637458
:10693000696F6E735F7065725F636C617373203E25
:10694000203000286D61785F63617465676F7269DC
:1069500065735F7065725F616E63686F72203E2061
:1069600030290000020000000000000000000000CC
:10697000010000002F636F72616C6D6963726F2F8D
:1069800074686972645F70617274792F74666C697F
:1069900074652D6D6963726F2F74656E736F7266A7
:1069A0006C6F772F6C6974652F6D6963726F2F6BD5
:1069B00065726E656C732F6D756C5F636F6D6D6F57
:1069C0006E2E636300696E707574322D3E7479703B
:1069D0006500696E707574312D3E747970650000C4
:1069E0000000000001000000000000002F636F7233
:1069F000616C6D6963726F2F74686972645F706136
:106A00007274792F74666C6974652D6D6963726F29
:106A10002F74656E736F72666C6F772F6C69746517
:106A20002F6D6963726F2F6B65726E656C732F705B
:106A300061642E6363004E756D496E7075747328C2
:106A40006E6F646529203D3D2032207C7C204E7590
:106A50006D496E70757473286E6F646529203D3DB5
:106A600020330070616464696E677320213D206E7D
:106A7000756C6C707472004E756D44696D656E73E3
:106A8000696F6E7328696E70757429203C3D2072A1
:106A900065666572656E63655F6F70733A3A5061E3
:106AA000644B65726E656C4D617844696D656E739B
:106AB000696F6E436F756E74282900636F6E73740F
:106AC000616E745F76616C7565732D3E7479706567
:106AD000004E756D456C656D656E747328636F6EE1
:106AE0007374616E745F76616C75657329006F7580
:106AF000747075742D3E64696D732D3E73697A658B
:106B0000202A20320047657454656E736F72536893
:106B10006170652870616464696E6773292E466CC4
:106B2000617453697A652829004973436F6E7374E1
:106B3000616E7454656E736F722870616464696EFF
:106B40006773290065787065637465645F64696D57
:106B5000006F75747075745F64696D006F75747023
:106B600075742D3E706172616D732E7A65726F5F00
:106B7000706F696E74203E3D207374643A3A6E758E
:106B80006D657269635F6C696D6974733C696E747D
:106B9000385F743E3A3A6D696E2829006F757470DB
:106BA00075742D3E706172616D732E7A65726F5FC0
:106BB000706F696E74203C3D207374643A3A6E7550
:106BC0006D657269635F6C696D6974733C696E743D
:106BD000385F743E3A3A6D6178282900636F6E73AE
:106BE00074616E745F76616C7565732D3E70617251
:106BF000616D732E7A65726F5F706F696E74006F6E
:106C000075747075742D3E706172616D732E7A6546
:106C1000726F5F706F696E74007374617469635F23
:106C2000636173743C646F75626C653E28636F6E5C
:106C30007374616E745F76616C7565732D3E7061FF
:106C400072616D732E7363616C6529007374617476
:106C500069635F636173743C646F75626C653E2841
:106C60006F75747075742D3E706172616D732E73E3
:106C700063616C65290054797065202573206E6FFF
:106C8000742063757272656E746C792073757070A0
:106C90006F72746564206279205061642E002F63E6
:106CA0006F72616C6D6963726F2F74686972645F73
:106CB00070617274792F74666C6974652D6D696387
:106CC000726F2F74656E736F72666C6F772F6C695D
:106CD00074652F6D6963726F2F6B65726E656C736F
:106CE0002F706F6F6C696E675F636F6D6D6F6E2E67
:106CF0006363000000000000000000002F636F725B
:106D0000616C6D6963726F2F74686972645F706122
:106D10007274792F74666C6974652D6D6963726F16
:106D20002F74656E736F72666C6F772F6C69746504
:106D30002F6D6963726F2F6B65726E656C732F7246
:106D40006573697A655F62696C696E6561722E63ED
:106D500063004E756D44696D656E73696F6E73285F
:106D6000696E70757429004E756D44696D656E733A
:106D7000696F6E732873697A6529006B54664C6974
:106D80007465496E7433320073697A652D3E747987
:106D90007065002F636F72616C6D6963726F2F7421
:106DA000686972645F70617274792F74666C69745B
:106DB000652D6D6963726F2F74656E736F72666C8B
:106DC0006F772F6C6974652F6D6963726F2F6B65B8
:106DD000726E656C732F726573697A655F62696C38
:106DE000696E6561722E6363204E6F6E20636F6EF5
:106DF0007374616E742073697A652074656E736F45
:106E000072206E6F7420737570706F727465640099
:106E100049662068616C665F706978656C5F636560
:106E20006E7465727320697320547275652C2061CD
:106E30006C69676E5F636F726E657273206D7573D8
:106E4000742062652046616C73652E004F75747006
:106E5000757420747970652069732025642C207204
:106E60006571756972657320666C6F6174206F72ED
:106E700020696E74382E000D0A000000000000002A
:106E80000000000093292520BD292520CD2925209B
:106E900069203C2073697A65282900666C617462F8
:106EA0007566666572733A3A566563746F723C54E0
:106EB0003E3A3A72657475726E5F747970652066D9
:106EC0006C6174627566666572733A3A566563748E
:106ED0006F723C543E3A3A47657428666C6174623E
:106EE0007566666572733A3A756F66667365745F48
:106EF000742920636F6E7374205B77697468205403
:106F0000203D206C6F6E6720696E743B20666C615B
:106F100074627566666572733A3A566563746F7229
:106F20003C543E3A3A72657475726E5F747970655E
:106F3000203D206C6F6E6720696E743B20666C612B
:106F400074627566666572733A3A756F66667365E4
:106F5000745F74203D206C6F6E6720756E73696777
:106F60006E656420696E745D002F636F72616C6D75
:106F70006963726F2F74686972645F70617274798B
:106F80002F666C6174627566666572732F696E63D5
:106F90006C7564652F666C61746275666665727384
:106FA0002F666C6174627566666572732E68006622
:106FB0006C6174627566666572733A3A566563749D
:106FC0006F723C543E3A3A72657475726E5F7479B2
:106FD000706520666C6174627566666572733A3AB4
:106FE000566563746F723C543E3A3A47657428663E
:106FF0006C6174627566666572733A3A756F66663F
:107000007365745F742920636F6E7374205B776996
:1070100074682054203D20666C61746275666665F4
:1070200072733A3A4F66667365743C74666C697441
:10703000653A3A53756247726170683E3B20666CF0
:107040006174627566666572733A3A566563746F09
:10705000723C543E3A3A72657475726E5F74797020
:1070600065203D20636F6E73742074666C6974656F
:107070003A3A53756247726170682A3B20666C61C8
:1070800074627566666572733A3A756F66667365A3
:10709000745F74203D206C6F6E6720756E73696736
:1070A0006E656420696E745D00496E707574206948
:1070B0006E646578202564206F7574206F66207279
:1070C000616E676520286C656E677468206973203F
:1070D000256429004F757470757420696E64657835
:1070E000202564206F7574206F662072616E67655D
:1070F00020286C656E6774682069732025642900F8
:10710000666C6174627566666572733A3A56656359
:10711000746F723C543E3A3A72657475726E5F7465
:1071200079706520666C6174627566666572733A23
:107130003A566563746F723C543E3A3A4765742818
:10714000666C6174627566666572733A3A756F66ED
:10715000667365745F742920636F6E7374205B7748
:107160006974682054203D20666C6174627566669F
:107170006572733A3A4F66667365743C74666C69FF
:1071800074653A3A4F70657261746F723E3B206667
:107190006C6174627566666572733A3A56656374BB
:1071A0006F723C543E3A3A72657475726E5F7479D0
:1071B0007065203D20636F6E73742074666C697413
:1071C000653A3A4F70657261746F722A3B20666C43
:1071D0006174627566666572733A3A756F66667356
:1071E00065745F74203D206C6F6E6720756E7369E7
:1071F000676E656420696E745D004D697373696EB6
:107200006720726567697374726174696F6E206656
:107210006F72206F70636F64655F696E646578205C
:1072200025640A004661696C656420746F20676597
:107230007420726567697374726174696F6E206619
:10724000726F6D206F7020636F64652025730A2054
:1072500000536B697070696E67206F7020666F7283
:10726000206F70636F64655F696E64657820256464
:107270000A00556E737570706F7274656420626574
:10728000686176696F723A20666F756E6420627508
:10729000696C74696E206F70657261746F722025FD
:1072A00073207769746820637573746F6D206F70D5
:1072B00074696F6E732E0A00446964206E6F7420C7
:1072C00066696E6420612070617273657220666FFA
:1072D00072202573004661696C6564207374617265
:1072E00074696E67206D6F64656C20616C6C6F6390
:1072F0006174696F6E2E0A004661696C6564207462
:107300006F20616C6C6F63617465206D656D6F7269
:107310007920666F7220636F6E746578742D3E6994
:107320006E7075745F74656E736F72735F2C202559
:107330006420627974657320726571756972656421
:10734000004661696C656420746F20696E697469B8
:10735000616C697A6520696E7075742074656E73EE
:107360006F72202564004661696C656420746F202B
:10737000616C6C6F63617465206D656D6F727920EF
:10738000666F7220636F6E746578742D3E6F7574CE
:107390007075745F74656E736F72735F2C202564F3
:1073A0002062797465732072657175697265640015
:1073B0004661696C656420746F20696E69746961E7
:1073C0006C697A65206F75747075742074656E735E
:1073D0006F7220256400496E766F6B6528292063E3
:1073E000616C6C656420616674657220696E697495
:1073F00069616C697A6174696F6E206661696C6538
:10740000640A0041444400415645524147455F509B
:107410004F4F4C5F324400434F4E434154454E4121
:1074200054494F4E004445505448574953455F43D3
:107430004F4E565F32440044455054485F544F5FAE
:1074400053504143450044455155414E54495A45D6
:1074500000454D42454444494E475F4C4F4F4B55C4
:107460005000464C4F4F520046554C4C595F434FCD
:107470004E4E454354454400484153485441424CC4
:10748000455F4C4F4F4B5550004C325F4E4F524D65
:10749000414C495A4154494F4E004C325F504F4F76
:1074A0004C5F3244004C4F43414C5F524553504F68
:1074B0004E53455F4E4F524D414C495A4154494FEE
:1074C0004E004C4F474953544943004C53485F507A
:1074D000524F4A454354494F4E004D41585F504F1B
:1074E0004F4C5F32440052454C555F4E315F544F14
:1074F0005F310052454C5536005245534841504586
:1075000000524553495A455F42494C494E45415204
:107510000053504143455F544F5F44455054480029
:10752000535644460054414E4800434F4E43415445
:107530005F454D42454444494E475300534B4950E3
:107540005F4752414D0043414C4C00435553544F0B
:107550004D00454D42454444494E475F4C4F4F4BCB
:1075600055505F53504152534500554E494449527E
:10757000454354494F4E414C5F53455155454E4349
:10758000455F524E4E0047415448455200424154D7
:1075900043485F544F5F53504143455F4E4400534F
:1075A000504143455F544F5F42415443485F4E440E
:1075B000004D45414E005355420053515545455AE3
:1075C0004500554E49444952454354494F4E414C5C
:1075D0005F53455155454E43455F4C53544D005301
:1075E0005452494445445F534C4943450042494441
:1075F0004952454354494F4E414C5F5345515545BF
:107600004E43455F524E4E0045585000544F504B2C
:107610005F56320053504C4954004C4F475F534F14
:1076200046544D41580044454C454741544500425D
:1076300049444952454354494F4E414C5F5345518B
:1076400055454E43455F4C53544D00434153540000
:107650005052454C55004D4158494D554D004152F1
:10766000475F4D4158004D494E494D554D004C45E1
:107670005353004E4547005041445632004752454F
:107680004154455200475245415445525F4551557A
:10769000414C004C4553535F455155414C005345B7
:1076A0004C4543540053494E005452414E53504FA1
:1076B00053455F434F4E56005350415253455F541C
:1076C0004F5F44454E53450054494C450045585082
:1076D000414E445F44494D53004E4F545F45515510
:1076E000414C004C4F4700525351525400504F5799
:1076F000004152475F4D494E0046414B455F515551
:10770000414E54005245445543455F50524F44004A
:107710005245445543455F4D4158004C4F474943FE
:10772000414C5F4F52004F4E455F484F54004C4F05
:10773000474943414C5F414E44004C4F4749434108
:107740004C5F4E4F5400554E5041434B0052454400
:107750005543455F4D494E00464C4F4F525F44499B
:1077600056005245445543455F414E5900535155CB
:10777000415245005A45524F535F4C494B450046D4
:10778000494C4C00464C4F4F525F4D4F44005241C4
:107790004E474500524553495A455F4E4541524573
:1077A00053545F4E45494748424F52004C45414B68
:1077B000595F52454C5500535155415245445F4421
:1077C0004946464552454E4345004D4952524F5257
:1077D0005F5041440053504C49545F5600554E4948
:1077E000515545004345494C005245564552534575
:1077F0005F5632004144445F4E0047415448455271
:107800005F4E4400434F5300574845524500524194
:107810004E4B00524556455253455F5345515545D1
:107820004E4345004D41545249585F444941470039
:107830004D41545249585F5345545F4449414700B4
:10784000524F554E4400484152445F5357495348A4
:10785000004946005748494C45004E4F4E5F4D4148
:10786000585F5355505052455353494F4E5F56340D
:10787000004E4F4E5F4D41585F5355505052455347
:1078800053494F4E5F563500534341545445525F60
:107890004E440053454C4543545F56320044454ED8
:1078A00053494659005345474D454E545F53554D36
:1078B0000042415443485F4D41544D554C00504C9B
:1078C000414345484F4C4445525F464F525F4752F3
:1078D00045415445525F4F505F434F444553004329
:1078E000554D53554D0043414C4C5F4F4E43450061
:1078F00042524F4144434153545F544F0052464615
:1079000054324400434F4E565F334400494D414783
:10791000005245414C00434F4D504C45585F414249
:107920005300484153485441424C45004841534854
:107930005441424C455F46494E44004841534854E7
:1079400041424C455F494D504F52540048415348C5
:107950005441424C455F53495A45005245445543B2
:10796000455F414C4C00434F4E565F33445F545289
:10797000414E53504F5345005641525F48414E448B
:107980004C4500524541445F5641524941424C45A5
:107990000041535349474E5F5641524941424C457D
:1079A0000042524F4144434153545F4152475300B8
:1079B00052414E444F4D5F5354414E444152445FF7
:1079C0004E4F524D414C004255434B4554495A4548
:1079D0000052414E444F4D5F554E49464F524D0067
:1079E0004D554C54494E4F4D49414C0047454C551F
:1079F0000044594E414D49435F5550444154455F01
:107A0000534C4943450052454C555F305F544F5FDE
:107A10003100554E534F525445445F5345474D45F1
:107A20004E545F50524F4400466C61744275666616
:107A300065727320312E31322E3000000374252000
:107A400007742520177425202F74252025742520E0
:107A50003774252046742520517425206274252012
:107A60006874252078742520897425209A7425202F
:107A7000A5742520C2742520CB74252046762520A8
:107A8000DA742520BA78252051762520E674252041
:107A9000F3742520F974252001752520047625200E
:107AA0001E76252011752520207525202575252079
:107AB0002A7525203C752520467525204B752520E7
:107AC00052752520D17725206A75252086752520B9
:107AD0008D7525209F7525206E792520B17525206F
:107AE000B67525205E772520BA752520C27525201C
:107AF000DF752520ED752520087625200C762520BC
:107B0000147625201A762520267625202F76252006
:107B10004B76252050762520567625205E7625202A
:107B2000667625206E7625207376252077762520AB
:107B30007D76252085762520937625209E76252026
:107B4000E7752520A5762520A9762520B87625205D
:107B5000C8762520CD7625208D762520D97625203E
:107B6000E3762520E2782520E8762520E776252093
:107B7000FB742520ED762520F1762520F976252049
:107B80000477252010772520487725201B7725208E
:107B9000267725202E7725203A7725204677252021
:107BA0004D77252058772520627725206D77252071
:107BB000747725207F772520847725208E772520D0
:107BC00094772520AC772520B7772520CA77252004
:107BD0001E792520D5772520DD772520E4772520FF
:107BE000E9772520F4772520FA77252004782520C9
:107BF000087825200E782520ED792520137825207A
:107C000024782520487425203078252040782520A8
:107C10004678252051782520547825205A7825202B
:107C20007178252088782520937825209D78252037
:107C3000A5782520B1782520BE782520DF7825205D
:107C4000E6782520F0782520FD7825200479252068
:107C50000C792520117925201679252022792520D7
:107C60002C7925203B7925204C7925205B7925200E
:107C7000667925207879252083792520917925201A
:107C8000A1792520B0792520C7792520D179252013
:107C9000E0792520EC792520F1792520067A252028
:107CA000127A252000000000496E66004E614E00E9
:107CB0002A325E000304080B0D0E11121314151660
:107CC0001700556E6B6E6F776E2074797065004E7D
:107CD0004F5459504500464C4F415433320055499A
:107CE0004E543800535452494E4700424F4F4C00B7
:107CF000434F4D504C4558363400464C4F4154315B
:107D00003600464C4F4154363400434F4D504C459D
:107D1000583132380055494E543634005245534F8D
:107D2000555243450056415249414E540055494E23
:107D30005433320055494E5431360000CF7C252053
:107D4000D67C25202E7D2520DE7C2520167D252035
:107D5000E47C2520EB7C2520357D2520F07C25202A
:107D6000DF7C2520FA7C2520027D25200A7D252028
:107D7000157D25201C7D2520257D25202D7D252078
:107D8000347D25204F70206275696C74696E5F6365
:107D90006F6465206F7574206F662072616E676511
:107DA0003A2025642E2041726520796F7520757305
:107DB000696E67206F6C642054464C69746520625C
:107DC000696E6172792077697468206E6577657273
:107DD000206D6F64656C3F004469646E2774206693
:107DE000696E64206F7020666F72206275696C74B2
:107DF000696E206F70636F64652027257327207676
:107E0000657273696F6E20272564272E20416E20CE
:107E10006F6C6465722076657273696F6E206F6631
:107E20002074686973206275696C74696E206D696D
:107E300067687420626520737570706F7274656412
:107E40002E2041726520796F75207573696E6720E9
:107E5000616E206F6C642054464C697465206269C1
:107E60006E61727920776974682061206E6577652C
:107E700072206D6F64656C3F0A004F7065726174AB
:107E80006F72207769746820435553544F4D2062B8
:107E900075696C74696E5F636F64652068617320D7
:107EA0006E6F20637573746F6D5F636F64652E0A08
:107EB000002F636F72616C6D6963726F2F746869F4
:107EC00072645F70617274792F74666C6974652D69
:107ED0006D6963726F2F74656E736F72666C6F7706
:107EE0002F6C6974652F6B65726E656C732F6B6593
:107EF000726E656C5F7574696C2E6363006E6F5F84
:107F0000696E74656765725F6F766572666C6F77B0
:107F10005F66726F6D5F7175616E74697A617469A5
:107F20006F6E00696E7075745F70726F64756374E4
:107F30005F7363616C65203E3D2030007363616C4C
:107F4000655F64696666202F206F75747075745F55
:107F50007363616C65203C3D20302E3032006661D9
:107F60006C736500696E7075742D3E7175616E7409
:107F7000697A6174696F6E2E7479706500696E70CC
:107F800075742D3E74797065203D3D206B54664CB0
:107F9000697465496E7438207C7C20696E707574D4
:107FA0002D3E74797065203D3D206B54664C69749C
:107FB00065496E743136006B54664C697465496E60
:107FC00074380066696C7465722D3E747970650052
:107FD0006E756D5F6368616E6E656C730066696C6B
:107FE0007465722D3E64696D732D3E646174615BCE
:107FF000616666696E655F7175616E74697A6174D8
:10800000696F6E2D3E7175616E74697A65645F6427
:10801000696D656E73696F6E5D00666C6174627523
:1080200066666572733A3A566563746F723C543E85
:108030003A3A72657475726E5F7479706520666C19
:108040006174627566666572733A3A566563746FF9
:10805000723C543E3A3A47657428666C61746275A6
:1080600066666572733A3A756F66667365745F74B7
:108070002920636F6E7374205B77697468205420C5
:108080003D20666C6174627566666572733A3A4F3C
:1080900066667365743C74666C6974653A3A4275D9
:1080A000666665723E3B20666C61746275666665E5
:1080B00072733A3A566563746F723C543E3A3A7240
:1080C000657475726E5F74797065203D20636F6EA4
:1080D00073742074666C6974653A3A4275666665B5
:1080E000722A3B20666C6174627566666572733ACB
:1080F0003A756F66667365745F74203D206C6F6EB1
:108100006720756E7369676E656420696E745D00C3
:108110004D6963726F416C6C6F6361746F723A206A
:108120004D6F64656C20616C6C6F636174696F6E18
:108130002073746172746564206265666F72652075
:1081400066696E697368696E672070726576696FBB
:1081500075736C7920616C6C6F6361746564206DFC
:108160006F64656C004661696C656420746F2061A2
:108170006C6C6F63617465206D656D6F72792066DC
:108180006F72206D6F64656C206D657461646174DD
:10819000612E005363726174636820627566666560
:1081A0007220726571756573742065786565647396
:1081B000206C696D697420706572206F70657261E2
:1081C000746F722028256429002F636F72616C6DB3
:1081D0006963726F2F74686972645F706172747919
:1081E0002F74666C6974652D6D6963726F2F746589
:1081F0006E736F72666C6F772F6C6974652F6D6923
:1082000063726F2F6D6963726F5F616C6C6F636116
:10821000746F722E636300706C616E6E65725F6165
:1082200072656E6120213D206E756C6C70747200F9
:10823000666C6174627566666572733A3A56656318
:10824000746F723C543E3A3A72657475726E5F7424
:1082500079706520666C6174627566666572733AE2
:108260003A566563746F723C543E3A3A47657428D7
:10827000666C6174627566666572733A3A756F66AC
:10828000667365745F742920636F6E7374205B7707
:108290006974682054203D206C6F6E67206C6F6E8F
:1082A0006720696E743B20666C61746275666665F2
:1082B00072733A3A566563746F723C543E3A3A723E
:1082C000657475726E5F74797065203D206C6F6E99
:1082D00067206C6F6E6720696E743B20666C6174FA
:1082E000627566666572733A3A756F666673657431
:1082F0005F74203D206C6F6E6720756E7369676ECA
:10830000656420696E745D00556E61626C652074F1
:108310006F20616C6C6F636174652054664C697486
:1083200065416666696E655175616E74697A6174DE
:10833000696F6E2E0A00556E61626C6520746F2045
:10834000616C6C6F63617465207175616E74697ABC
:108350006174696F6E2D3E7A65726F5F706F696EC2
:10836000742E0A00666C6174627566666572733A93
:108370003A566563746F723C543E3A3A726574754E
:10838000726E5F7479706520666C61746275666682
:108390006572733A3A566563746F723C543E3A3A6A
:1083A00047657428666C6174627566666572733AB7
:1083B0003A756F66667365745F742920636F6E73B8
:1083C00074205B776974682054203D20666C61746A
:1083D000627566666572733A3A4F66667365743C99
:1083E00074666C6974653A3A54656E736F723E3B9D
:1083F00020666C6174627566666572733A3A56659A
:1084000063746F723C543E3A3A72657475726E5F73
:1084100074797065203D20636F6E73742074666C90
:108420006974653A3A54656E736F722A3B20666CC4
:108430006174627566666572733A3A756F666673E3
:1084400065745F74203D206C6F6E6720756E736974
:10845000676E656420696E745D004D6963726F417B
:108460006C6C6F6361746F723A204D6F64656C2041
:10847000616C6C6F636174696F6E2066696E69739D
:10848000686564206265666F7265207374617274DA
:10849000696E6720616C6C6F636174696E67206DD3
:1084A0006F64656C004661696C656420746F20615F
:1084B0006C6C6F63617465206D656D6F7279206699
:1084C0006F72206E6F64655F616E645F726567696D
:1084D0007374726174696F6E732E004661696C65A6
:1084E0006420746F20706F70756C617465206120FA
:1084F00070657273697374656E742054664C697428
:108500006554656E736F7220737472756374206640
:10851000726F6D20666C6174627566666572206448
:1085200061746121004661696C656420746F20701C
:108530006F70756C61746520612074656D70205476
:10854000664C69746554656E736F722073747275CE
:1085500063742066726F6D20666C61746275666606
:108560006572206461746121004661696C656420F4
:10857000746F20616C6C6F636174652076617269E1
:1085800061626C652074656E736F72206F66207314
:10859000697A65202564004661696C656420746FA2
:1085A00020616C6C6F63617465206D656D6F7279AD
:1085B00020666F7220636F6E746578742D3E6576E9
:1085C000616C5F74656E736F72732C20256420621A
:1085D00079746573207265717569726564004661AE
:1085E000696C656420746F20696E697469616C6977
:1085F0007A652074656E736F722025640000000038
:10860000000000000000000000000000F1392520FB
:10861000F9392520233A25207B3A25200000000047
:108620000000000041422520B9422520253A25209E
:10863000073A25200F3A2520FD392520FB39252032
:108640006D3A2520DD412520BD43252049432520C5
:10865000173A25207D442520813D2520893A252073
:108660000000000000000000D944252023452520FB
:10867000DB44252031452520E3442520EB442520FB
:108680007145252097452520BD45252007452520F6
:108690000F4525204E6F646520257320286E756D6B
:1086A0006265722025646629206661696C656420B4
:1086B000746F2070726570617265207769746820CC
:1086C000737461747573202564004163636573730B
:1086D000696E672073756267726170682025642017
:1086E000627574206F6E6C792025642073756267E3
:1086F000726170687320666F756E64004E6F64659A
:1087000020257320286E756D6265722025642920EE
:108710006661696C656420746F20696E766F6B6545
:108720002077697468207374617475732025640000
:1087300000000000000000003146252033462520BF
:1087400041462520FD462520A54625209147252088
:1087500059482520BD49252061492520A1492520CA
:10876000054A2520934925204661696C656420747B
:108770006F20616C6C6F636174652074656D70202F
:108780006D656D6F72792E205265717565737465B4
:10879000643A2025752C20617661696C61626C6594
:1087A0002025752C206D697373696E673A202575D5
:1087B000004661696C656420746F20616C6C6F6346
:1087C000617465207461696C206D656D6F72792EBE
:1087D000205265717565737465643A2025752C2087
:1087E000617661696C61626C652025752C206D690C
:1087F0007373696E673A202575004E756D626572F8
:10880000206F6620616C6C6F6361746564207465B1
:108810006D7020627566666572733A2025642E203D
:10882000436865636B73756D2070617373696E6700
:10883000207374617475733A20256400416C6C2058
:1088400074656D702062756666657273206D7573F0
:1088500074206265206672656564206265666F7269
:10886000652063616C6C696E672052657365745432
:10887000656D70416C6C6F636174696F6E732829EC
:1088800000496E7465726E616C206572726F723A27
:108890002065697468657220627566666572206914
:1088A00073206E6F7420726573697A61626C6520E3
:1088B0006F7220526573657454656D70416C6C6F96
:1088C000636174696F6E732829206973206E6F74F9
:1088D0002063616C6C6564206265666F726520520E
:1088E0006573697A6542756666657228292E004649
:1088F00061696C656420746F20726573697A6520A4
:108900006275666665722E20526571756573746551
:10891000643A2025752C20617661696C61626C6512
:108920002025752C206D697373696E673A20257553
:108930000000000000000000000000005B4A25204D
:10894000A14A2520094B25206F4A2520A14B25202F
:10895000C54B2520B74A2520E94B25205D4A252017
:108960007D4A2520E34A2520814A2520854B252064
:10897000494B2520914A2520FCFFFFFF0000000005
:10898000494C2520AF4A25207D4B2520994A25209A
:10899000546F6F206D616E792062756666657273C3
:1089A00020286D61782069732025642900256320C3
:1089B0002869643D2564293A2073697A653D2564F8
:1089C0002C206F66667365743D25642C2066697281
:1089D00073745F757365643D2564206C6173745FA7
:1089E000757365643D256400257325643A202573FD
:1089F000202825646B290062756666657220696EA1
:108A0000646578202564206973206F7574736964C8
:108A1000652072616E6765203020746F20256400C8
:108A20000000000000000000014D2520294D2520F8
:108A3000394D2520034D25208F4F2520254D2520FC
:108A400059512520CD4C2520C94F25204E6272203A
:108A50006F66206F66666C696E6520627566666516
:108A600072206F66667365747320282564292069F7
:108A70006E206D65746164617461206E6F74206531
:108A80007175616C206E62722074656E736F7273A3
:108A900020282564290A00446F6573206E6F7420B6
:108AA000737570706F727420696E7465726D656431
:108AB000696174652074656E736F7220776974687C
:108AC000206E6F6E2D7A65726F2073697A653A2019
:108AD000256400666C6174627566666572733A3A05
:108AE000566563746F723C543E3A3A72657475729F
:108AF0006E5F7479706520666C6174627566666518
:108B000072733A3A566563746F723C543E3A3A4710
:108B1000657428666C6174627566666572733A3A4C
:108B2000756F66667365745F742920636F6E737406
:108B3000205B776974682054203D20666C61746204
:108B40007566666572733A3A4F66667365743C740F
:108B5000666C6974653A3A4F70657261746F7243FE
:108B60006F64653E3B20666C617462756666657213
:108B7000733A3A566563746F723C543E3A3A726582
:108B80007475726E5F74797065203D20636F6E73CB
:108B9000742074666C6974653A3A4F7065726174DA
:108BA0006F72436F64652A3B20666C617462756600
:108BB000666572733A3A756F66667365745F7420A2
:108BC0003D206C6F6E6720756E7369676E656420FB
:108BD000696E745D004661696C656420746F206124
:108BE0006C6C6F63617465206D656D6F7279206662
:108BF0006F72206D656D6F727920706C616E6E6939
:108C00006E672C202564206279746573207265710B
:108C10007569726564004F66666C696E654D656D59
:108C20006F7279416C6C6F636174696F6E000000E4
:0400000300000CBD30
:00000001FF
