S00D0000696D6167652E7372656314
S3150000080000000420BD0C0000574E0100514E0100AF
S31500000810490D0000490D0000490D000000000000D0
S3150000082000000000000000000000000001190100A7
S31500000830490D000000000000D1190100351A010021
S31500000840610D0000650D0000690D00006D0D0000D2
S31500000850710D0000750D0000790D00007D0D000082
S31500000860810D0000850D0000890D00008D0D000032
S31500000870910D0000950D0000990D00009D0D0000E2
S31500000880A10D0000490D0000490D0000490D0000B2
S31500000890B5670000C3670000D1670000DF6700008E
S315000008A0ED670000FB67000009680000176800009C
S315000008B0C50D0000C90D0000CD0D0000D10D0000D2
S315000008C0D50D0000D90D0000DD0D0000E10D000082
S315000008D0E50D0000E90D0000ED0D0000F10D000032
S315000008E0F50D0000F90D0000FD0D0000010E0000E1
S315000008F0050E0000090E00000D0E0000110E00008E
S31500000900150E0000190E0000490D0000490D0000EB
S31500000910490D0000490D0000490D0000490D000079
S3150000092085970100490D0000490D0000490D0000A2
S31500000930490D0000796E0100490D0000490D0000C7
S31500000940490D0000490D0000490D0000490D000049
S31500000950490D0000490D0000490D0000490D000039
S31500000960490D0000490D0000490D00001D0E000054
S31500000970210E0000250E0000290E00002D0E00009D
S31500000980310E0000350E0000390E0000490D000042
S31500000990490D0000490D0000490D0000490D0000F9
S315000009A0490D0000490D0000490D0000490D0000E9
S315000009B0490D00008D6E0100490D0000490D000033
S315000009C0490D00003D0E0000490D0000490D0000D4
S315000009D0490D0000490D0000396E01004D6E010001
S315000009E0490D0000516E0100656E0100490D0000C1
S315000009F0490D0000490D0000410E0000450E0000A3
S31500000A00490D0000490D0000490D0000490D000088
S31500000A10490D0000490D0000754E01003D630100BF
S31500000A2099300000490D0000490D0000490D0000F5
S31500000A30490D0000490D0000490D0000490D000058
S31500000A40490D0000490D0000490E00004D0E000042
S31500000A50490D0000510E0000550E00000DDF01008B
S31500000A60398A0100590E00005D0E0000610E00007B
S31500000A70650E0000690E00006D0E0000490D0000B5
S31500000A80490D0000490D0000490D0000490D000008
S31500000A90490D0000490D0000490D0000490D0000F8
S31500000AA0490D0000490D0000490D0000490D0000E8
S31500000AB0490D0000490D0000490D0000490D0000D8
S31500000AC0490D0000490D0000490D0000490D0000C8
S31500000AD0490D0000490D0000490D0000490D0000B8
S31500000AE0490D0000490D0000490D0000490D0000A8
S31500000AF0490D0000490D0000490D0000490D000098
S31500000B00490D0000490D0000490D0000490D000087
S31500000B10490D0000490D0000490D0000490D000077
S31500000B20490D0000490D0000490D0000490D000067
S31500000B30490D0000490D0000490D0000490D000057
S31500000B40490D0000490D0000490D0000490D000047
S31500000B50490D0000490D0000490D0000490D000037
S31500000B60710E0000750E0000790E00007D0E00006B
S31500000B70490D0000490D0000490D0000490D000017
S31500000B80490D0000490D0000810E0000850E000091
S31500000B90890E00008D0E0000490D0000490D000071
S31500000BA0910E0000950E0000414E0100414E0100DD
S31500000BB0414E0100414E0100414E0100414E0100EF
S31500000BC0414E0100414E0100414E0100414E0100DF
S31500000BD0414E0100414E0100414E0100414E0100CF
S31500000BE0414E0100414E0100414E0100414E0100BF
S31500000BF0414E0100414E0100414E0100FFFFFFFF43
S31500000C0010B5054C237833B9044B13B10448AFF340
S31500000C1000800123237010BDA0AE0020000000005C
S31500000C20BC5C030008B5034B1BB103490348AFF393
S31500000C30008008BD00000000A4AE0020BC5C0300DC
S31500000C40A3F5803A704700BF174B002B08BF134B24
S31500000C509D46FFF7F5FF00218B460F461348144AC1
S31500000C60121A27F06FF90E4B002B00D098470D4B48
S31500000C70002B00D098470020002104000D000D48ED
S31500000C80002802D00C48AFF3008027F0EDF82000D2
S31500000C90290014F02DFE26F089FE00BF0000080092
S31500000CA0000000000000000000000420A0AC0020AE
S31500000CB020820220000000000000000072B61648E4
S31500000CC0164901600A6882F3088815488047154965
S31500000CD0154A164B9A42BEBF51F8040B42F8040B54
S31500000CE0F8E7134A134B9A42BEBF51F8040B42F879
S31500000CF0040BF8E7104B00209A42BCBF42F8040BE5
S31500000D00FAE70E490E4A00209142BCBF41F8040B97
S31500000D10FAE762B60B48804708ED00E000080000DD
S31500000D2035320000F05D0300008000209CAC0020FE
S31500000D30000000200000002078400020A0AC002029
S31500000D4020820220490C000014F07AB8524800476D
S31500000D505248004752480047524800475248004709
S31500000D6052480047524800475248004752480047F9
S31500000D7052480047524800475248004752480047E9
S31500000D8052480047524800475248004752480047D9
S31500000D9052480047524800475248004752480047C9
S31500000DA052480047524800475248004752480047B9
S31500000DB052480047524800475248004752480047A9
S31500000DC05248004752480047524800475248004799
S31500000DD05248004752480047524800475248004789
S31500000DE05248004752480047524800475248004779
S31500000DF05248004752480047524800475248004769
S31500000E005248004752480047524800475248004758
S31500000E105248004752480047524800475248004748
S31500000E205248004752480047524800475248004738
S31500000E305248004752480047524800475248004728
S31500000E405248004752480047524800475248004718
S31500000E505248004752480047524800475248004708
S31500000E6052480047524800475248004752480047F8
S31500000E7052480047524800475248004752480047E8
S31500000E8052480047524800475248004752480047D8
S31500000E905248004752480047574E0100514E010044
S31500000EA001190100D1190100351A0100A9840000B9
S31500000EB0E184000019850000518500008985000045
S31500000EC0C1850000F98500003186000069860000B2
S31500000ED0A1860000D986000011870000498700001E
S31500000EE081870000B9870000F1870000490D0000E6
S31500000EF0B1A00000D1A00000F1A0000011A10000E7
S31500000F0031A1000051A1000071A1000091A10000D3
S31500000F10B1A10000D1A10000F1A1000011A20000C2
S31500000F209D9B0000A99B0000B59B0000C19B000093
S31500000F30CD9B0000D99B0000059C0000399C000059
S31500000F406D9C0000A19C0000D59C0000099D00003E
S31500000F50490D0000490D0000490D0000490D000033
S31500000F60490D0000490D0000490D0000490D000023
S31500000F70490D0000490D0000490D0000490D000013
S31500000F80490D0000490D0000490D0000490D000003
S31500000F90490D0000B1900000490D0000490D000008
S31500000FA0490D00008589000099890000C18900006B
S31500000FB0D5890000AD890000E9890000490D0000CF
S31500000FC0490D0000C5A20000490D0000490D0000B2
S31500000FD0490D0000490D0000490D0000490D0000B3
S31500000FE0490D000081F0004102E000BF83F000439C
S31500000FF030B54FEA41044FEA430594EA050F08BFAE
S3150000100090EA020F1FBF54EA000C55EA020C7FEA71
S31500001010645C7FEA655C00F0E2804FEA5454D4EBEE
S315000010205555B8BF6D420CDD2C4480EA020281EAB8
S31500001030030382EA000083EA010180EA020281EAF0
S315000010400303362D88BF30BD11F0004F4FEA013142
S315000010504FF4801C4CEA113102D0404261EB410151
S3150000106013F0004F4FEA03334CEA133302D05242D7
S3150000107063EB430394EA050F00F0A780A4F1010493
S31500001080D5F1200E0DDB02FA0EFC22FA05F28018CD
S3150000109041F1000103FA0EF2801843FA05F35941B3
S315000010A00EE0A5F120050EF1200E012A03FA0EFC32
S315000010B028BF4CF0020C43FA05F3C01851EBE3715C
S315000010C001F0004507D54FF0000EDCF1000C7EEB79
S315000010D000006EEB0101B1F5801F1BD3B1F5001FB7
S315000010E00CD349085FEA30004FEA3C0C04F10104D6
S315000010F04FEA445212F5800F80F09A80BCF1004FFF
S3150000110008BF5FEA500C50F1000041EB045141EA80
S31500001110050130BD5FEA4C0C404141EB0101013C49
S3150000112028BFB1F5801FE9D291F0000F04BF014638
S315000011300020B1FA81F308BF2033A3F10B03B3F10A
S3150000114020020CDA0C3208DD02F1140CC2F10C029A
S3150000115001FA0CF021FA02F10CE002F11402D8BFF8
S31500001160C2F1200C01FA02F120FA0CFCDCBF41EAC4
S315000011700C019040E41AA2BF01EB0451294330BD93
S315000011806FEA04041F3C1CDA0C340EDC04F1140470
S31500001190C4F1200220FA04F001FA02F340EA030047
S315000011A021FA04F345EA030130BDC4F10C04C4F18D
S315000011B0200220FA02F001FA04F340EA030029466D
S315000011C030BD21FA04F0294630BD94F0000F83F4B7
S315000011D0801306BF81F480110134013D4EE77FEA9A
S315000011E0645C18BF7FEA655C29D094EA050F08BFE6
S315000011F090EA020F05D054EA000C04BF19461046C7
S3150000120030BD91EA030F1EBF0021002030BD5FEA0A
S31500001210545C05D14000494128BF41F0004130BD32
S3150000122014F580043CBF01F5801130BD01F0004586
S3150000123045F0FE4141F470014FF0000030BD7FEAF9
S31500001240645C1ABF194610467FEA655C1CBF0B46F4
S31500001250024650EA013406BF52EA033591EA030F0B
S3150000126041F4002130BD00BF90F0000F04BF002103
S31500001270704730B54FF4806404F132044FF0000536
S315000012804FF0000150E700BF90F0000F04BF0021AF
S31500001290704730B54FF4806404F1320410F0004515
S315000012A048BF40424FF000013EE700BF42004FEA10
S315000012B0E2014FEA31014FEA02701FBF12F07F438D
S315000012C093F07F4F81F06051704732F07F4208BF44
S315000012D0704793F07F4F04BF41F40021704730B54B
S315000012E04FF4607401F0004521F000411CE700BF97
S315000012F050EA010208BF704730B54FF000050AE01A
S3150000130050EA010208BF704730B511F0004502D51A
S31500001310404261EB41014FF4806404F132045FEA1C
S31500001320915C3FF4D8AE4FF003025FEADC0C18BFC5
S3150000133003325FEADC0C18BF033202EBDC02C2F1B7
S31500001340200300FA03FC20FA02F001FA03FE40EA49
S315000013500E0021FA02F11444BDE600BF53B94AB9A2
S31500001360002908BF00281CBF4FF0FF314FF0FF30A7
S3150000137000F0BCB9ADF1080C6DE904CE00F054F8EC
S31500001380DDF804E0DDE9022304B07047430803F00A
S315000013905533C01A830803F0333300F03330184452
S315000013A000EB101000F00F3000EB002000EB0040C7
S315000013B0000E704708B502460B4643EC172BB5EEF8
S315000013C0C07BF1EE10FA03D4BDE8084000F00CB87B
S315000013D0B1EE477B51EC170B00F006F8404261EB8B
S315000013E0410108BD000000009FED0B6B41EC170B9F
S315000013F09FED0B5B27EE066BBCEEC66BB8EE464B5D
S31500001400A4EE457BFCEEC77B16EE101A17EE900A8B
S31500001410704700BFAFF30080000000000000F03D01
S31500001420000000000000F0412DE9F047089D044649
S315000014308C46002B40F083808A42174647D9B2FA81
S3150000144082F242B1C2F1200024FA00F091409740A6
S3150000145040EA010C94404FEA1748230CBCFBF8F60F
S315000014601FFA87FE08FB16C143EA014306FB0EF18D
S31500001470994209D9FB1806F1FF3080F0198199428B
S3150000148040F21681023E3B445B1AA4B2B3FBF8F06D
S3150000149008FB103344EA034400FB0EFEA64509D9B7
S315000014A03C1900F1FF3380F00581A64540F2028128
S315000014B002383C4440EA0640A4EB0E0400261DB167
S315000014C0D4400023C5E900433146BDE8F08702B9A0
S315000014D0FFDEB2FA82F2002A50D1CB1B4FEA174E3A
S315000014E01FFA87F80126B3FBFEFC210C0EFB1C330A
S315000014F041EA034108FB0CF38B4207D979180CF13A
S31500001500FF3002D28B4200F2E9808446C91AA3B2A8
S31500001510B1FBFEF00EFB101143EA014408FB00F894
S31500001520A04507D93C1900F1FF3302D2A04500F2CD
S31500001530D9801846A4EB080440EA0C40BFE78B426A
S3150000154009D9002D00F0B1800026C5E9000130461A
S315000015503146BDE8F087B3FA83F6002E4AD18B42B6
S3150000156002D3824200F2B880841A61EB03010120A3
S315000015708C46002DA8D0C5E9004CA5E7C2F1200392
S3150000158020FA03F6974001FA02F04FEA174ED940C7
S315000015903043030CB1FBFEF61FFA87F80EFB16115B
S315000015A043EA014306FB08F1994204FA02F409D919
S315000015B0FB1806F1FF3C80F08D80994240F28A804C
S315000015C0023E3B445B1A81B2B3FBFEF00EFB1033C6
S315000015D041EA034100FB08F38B4207D9791800F171
S315000015E0FF3C73D28B4271D902383944CB1A40EA98
S315000015F0064678E7C6F1200C03FA06F422FA0CF345
S315000016001C4320FA0CF701FA06F34FEA144E21FAAE
S315000016100CF11F433B0CB1FBFEF91FFA84F80EFBDD
S31500001620191143EA014109FB08FA8A4502FA06F252
S3150000163000FA06F308D9611809F1FF3048D28A4545
S3150000164046D9A9F102092144A1EB0A01BFB2B1FBB7
S31500001650FEF00EFB101147EA014700FB08F8B845FB
S3150000166007D9E71900F1FF312ED2B8452CD9023837
S31500001670274440EA0940A7EB0807A0FB02894F452B
S31500001680C64649461AD317D05DB1B3EB0E0267EBD7
S31500001690010707FA0CFCF2404CEA0202F740C5E9E2
S315000016A0002700263146BDE8F0872E4628460BE780
S315000016B00646E9E61846FDE64345E5D2B8EB020ED6
S315000016C069EB04010138DFE70846D2E760468DE79B
S315000016D08146B9E7664675E730464AE7ACF1020C43
S315000016E0394413E702383C4424E700BF704700BF83
S315000016F001F0FF01102A2BDB10F0070F08D010F8BD
S31500001700013B013A8B422DD010F0070F42B3F6D1C0
S31500001710F0B441EA012141EA014122F007047FF0D9
S3150000172000070023F0E80256083C85EA010586EA30
S31500001730010685FA47F5A3FA87F586FA47F6A5FA6C
S3150000174087F68EB9EED1F0BC01F0FF0102F0070278
S3150000175032B110F8013B013A83EA010313B1F8D123
S315000017600020704701387047002D06BF3546033804
S31500001770073815F0010F07D1013015F4807F02BF3D
S31500001780013015F4C03F0130F0BC0138704700BF8E
S3150000179010F8012B11F8013B012A28BF9A42F7D015
S315000017A0D01A7047034613F8012B002AFBD1181AEA
S315000017B0013870470022C0E900228260704700228B
S315000017C0C0E90022826070470022C0E900228260E0
S315000017D070470120704703681B6A184703685B6AF5
S315000017E018472029F0B511D0D0F8B441002324259C
S315000017F000F118069C4209D005FB03F2B7588F4248
S3150000180002D104321044F0BD0133F3E70020FAE7B9
S315000018107047704710B504464FF4FE7125F0CBF8BB
S31500001820204610BDD0F8F4210C2A38B50DD800F5A5
S31500001830DC7400239A420CD014F8015B8D4206D169
S3150000184000EB8300D0F8C40138BD26F051F801330F
S31500001850F0E70020F8E7F8B505460F4606460024EF
S31500001860D5F8B431A34210D9B369202B02D0013484
S315000018702436F5E73946F069FFF78AFF0028F6D1E6
S31500001880242000FB04500430F8BD0020FCE70000D3
S31500001890F8B54FF47A7446000025094F6143B1FB51
S315000018A0F4F439780020013581F00101397013F024
S315000018B033FD204611F076FEAE42F2D1F8BD00BFF0
S315000018C0C8C2002070B50D4E3378BFF35B8F13F09E
S315000018D0010410D1304625F072F860B1084D30464B
S315000018E0084B85F8544F2B6025F075F8064A2846B4
S315000018F0064925F059F8024870BD00BF08AF002020
S315000019000CAF0020381503000080002013180000DB
S315000019100368C01A03888B428CBF405A0020704768
S3150000192010B506210446FFF7F3FF10B1231820581F
S31500001930184410BD254B022213B518680023806891
S31500001940194627F0E1F94FF4FA710320FFF7A0FFDB
S315000019501F4827F057F9012010F060FC1D4B186056
S3150000196038B91D4827F04EF964210220FFF790FF91
S31500001970FAE7012010F052FC184B186038B91848E5
S3150000198027F040F964210220FFF782FFFAE7FFF70C
S3150000199099FF012118F024FE0024FFF793FF01218F
S315000019A018F006FE0F4827F02DF9022340F68C2288
S315000019B00D490E48CDE90034234611F0A5FC20461A
S315000019C002B0BDE8104012F0B7B800BFC8AA0020A8
S315000019D070C30200C0C20020A6C3020064BE00207D
S315000019E0C3C30200DFC30200F9C30200711F000077
S315000019F008B4F0B50E461146044682B0C81D00AFC5
S31500001A0020F0070007F11C03ADEB000D53F8042B83
S31500001A106D463B602846B04704F108030F2805EBE6
S31500001A2000062360786007D90022391D204625F07C
S31500001A3067F97B682060A36032462946206825F056
S31500001A40D5F97B6822680021204608376360D154A7
S31500001A50BD46BDE8F04001B070470000B7EEC00AD1
S31500001A60054B3A2213B5044604498DED000BFFF7EA
S31500001A70BFFF204602B010BD07C40200759F0200DA
S31500001A8010B50446006808B124F093FF204610BD47
S31500001A90D0F8B4310B2B2DE9F041054688461446A3
S31500001AA00BD9D0F8F80110B90120BDE8F0810A463B
S31500001AB00C23134934F050F9F6E703685B6A98473C
S31500001AC0064640B1D5F8F8010028EDD042460D494A
S31500001AD034F042F9E8E7D5F8B47124207B1C00FB0A
S31500001AE00757C5F8B4313D1D0FCC0FC50FCC0FC538
S31500001AF0236830462B602023C7E90638D5E700BFA8
S31500001B000AC402004CC4020070B505460C464CB12E
S31500001B10E1682846FFF7F8FFA668204624F049FF4B
S31500001B203446F4E770BD10B50446806B30B1836867
S31500001B30013B836013B90368DB68984704F108002A
S31500001B402169FFF7E1FF204610BD000020292DE99D
S31500001B50F843054688461446994609D1D0F8F80157
S31500001B6010B90120BDE8F883204934F0F5F8F8E70C
S31500001B7003681B6A9847074640B1D5F8F801002864
S31500001B80EFD042461A4934F0E7F8EAE7D5F8B4C18F
S31500001B90BCF10B0F09D9D5F8F8010028E1D00C23C8
S31500001BA04246144934F0D8F8DBE74FF0240E0EFB1A
S31500001BB00C5E0FCC0EF104060FC60FCC0FC62368C1
S31500001BC03846D5F8F42133600CF10103CEF81880BD
S31500001BD0C5F8B431AB1883F8B88105EB820301323E
S31500001BE0C3F8C491C5F8F421BCE700BF98C402004D
S31500001BF0DDC402002CC502000A68002302604A68A0
S31500001C000B6042608A68C1E901338260704730B573
S31500001C100D688368D0E9004205604D6845608D68AF
S31500001C2085608B60C1E9004230BD1FB500230C46BC
S31500001C30CDE901330393FFF7EAFF214601A8FFF739
S31500001C40E6FF01A8FFF71CFF04B010BD2DE9F04F19
S31500001C509946531E4FF00C0B85B003EBD373054624
S31500001C60884616464FEA630A0C465B46A2451BDDCC
S31500001C70671C7F007A1E0BFB07F168580BFB02F10D
S31500001C80695890ED017A03FB0450D1ED017AB4EE68
S31500001C90677AF1EE10FAC8BF174603FB07513C46B8
S31500001CA0FFF7C3FF0C23E1E7F30710D4023E06EB70
S31500001CB0D676B4EB660F0AD161000C204E1C01FBF0
S31500001CC0000100FB045034462944FFF7AEFF661EB0
S31500001CD00C27494601A806EBD676FFF78DFF76104E
S31500001CE0A04507FB045015DA07FB06F3E918EB5885
S31500001CF093ED017A019BD3ED017AB4EEE77AF1EE2A
S31500001D0010FA07DDFFF791FF731E344603EBD3731A
S31500001D105E10E5E701A9FFF788FF01A8FFF7B0FE0F
S31500001D2005B0BDE8F08F000070B5054688B00C46DA
S31500001D301646114602A8641BFFF75EFF2946304689
S31500001D40FFF773FF0A4AA41002A905A8624301928D
S31500001D50FFF752FF05AB019A00212846FFF776FFF1
S31500001D6005A8FFF78DFE02A8FFF78AFE08B070BD32
S31500001D70ABAAAAAA1FB50446014601A8FFF73CFF75
S31500001D802046019A0C3C50F80C3C92ED017AD3EDBA
S31500001D90017AB4EEE77AF1EE10FA03DD2146FFF799
S31500001DA044FFEDE701A9FFF740FF01A8FFF768FE32
S31500001DB004B010BD88422DE9F043054685B00F46B4
S31500001DC033D000F10C04DFF86880A7422DD02646F8
S31500001DD02B6856F80C2BD3ED017A92ED017AB4EE0E
S31500001DE0E77AF1EE10FA1CDD2146641BB14601A824
S31500001DF0A410FFF701FF08FB04F4002C08DDA9F18D
S31500001E001801A9F10C09013C4846FFF70EFFF4E75B
S31500001E10284601A9FFF709FF01A8FFF731FE34465E
S31500001E20D3E72046FFF7A6FFF9E705B0BDE8F08344
S31500001E30ABAAAAAA2DE9F04F4FF00C0B89B00446C5
S31500001E40174698460D46DFF824A100EB0B092E1B1A
S31500001E50C02E40F38880B6100AFB06F647BBB71EB5
S31500001E604FF00C087F1008FB074102A8FFF7C4FEDD
S31500001E7002A905A8FFF7C0FE204605AB3246394643
S31500001E80FFF7E4FE05A8FFF7FBFD67B902A8FFF719
S31500001E90F7FD2B1B0C3D0C2B65DD2A4629462046FB
S31500001EA0FFF742FFF5E702A8013FFFF7E9FDDAE792
S31500001EB07610E368013F0BFB06F6D3ED016AA359E2
S31500001EC0A11993ED017A55F80C3CF4EEC76AD3EDEF
S31500001ED0017AF1EE10FA32DDB4EEE77AF1EE10FA9D
S31500001EE025DD20464E46FFF792FE29462368D3EDB0
S31500001EF0017A336893ED017AB4EEE77AF1EE10FADF
S31500001F002FDCA1F10C0319460C3B0A6892ED017A0D
S31500001F10F4EEC77AF1EE10FAF5DC8E421CD32946B0
S31500001F2043463A4630463546FFF784FF8FE7F4EEE0
S31500001F30E76AF1EE10FA07DDA5F10C01D1E7F4EE40
S31500001F40E76AF1EE10FA01DD4946CAE7B4EEE77A30
S31500001F50F1EE10FAC5DDEFE730460191FFF757FEC7
S31500001F6001990C36C2E709B0BDE8F08FABAAAAAA60
S31500001F702DE98048ADF56B7D11F0FCF9002310903A
S31500001F801FA98F482193CDE91F3313F0F9F80446B2
S31500001F9030B98B498B4826F035FE204611F0CCFD32
S31500001FA01F9C23681C442046FFF7BAFCD0B10026CC
S31500001FB0854D2046FFF7B4FC03689E4212D20430DA
S31500001FC00A2100EB860750F826301F443846FFF7F3
S31500001FD09FFC00B13858C2B231462846013626F079
S31500001FE011FEE6E7794C2378BFF35B8FDB070ED44F
S31500001FF0204624F0E4FC50B1754818F015FD204643
S3150000200024F0E9FC734A7449714824F0CDFC02229D
S315000020106F491DA819F034FD1D9C2CB96F4826F098
S31500002020F1FD204611F088FD19AD6D4B00243EA848
S315000020302B606C4BD8946B93CDE9E84433F078FE73
S31500002040694B3EAA06216BA8FFF780FD33F0B0FE70
S31500002050664902466BA8FFF71BFD3EA833F074FEE7
S31500002060634B3EAA22216BA8FFF770FD3EA833F012
S3150000207057FE604B3EAA03216BA8FFF767FD3EA8FB
S3150000208033F082FE5C4B3EAA04216BA8FFF75EFD8F
S315000020903EA833F06DFE594B3EAA17216BA8FFF7F9
S315000020A055FD3EA833F08CFE554B3EAA11216BA878
S315000020B0FFF74CFD3EA833F03FFE514B3EAA0121EF
S315000020C06BA8FFF743FD3EA833F05AFE4D4B3EAAE0
S315000020D009216BA8FFF73AFD3EA833F0FDFD4A4BF8
S315000020E03EAA12216BA8FFF731FD3EA833F038FE59
S315000020F0464B3EAA21466BA8FFF728FD19F07AFF4A
S31500002100434902466BA8FFF7C3FC1F994FF400032F
S315000021106BAA0868009301443E4B3EA80195CDE9A1
S31500002120024433F0F9FD3EA833F032FE28B13A48B6
S3150000213026F068FD204611F0FFFC3E9C0821204653
S31500002140FFF7E6FB002800F05485211822588B186B
S315000021508A5832B9314B40F20111314A314825F0E3
S31500002160CFFB1C1D5B6806211C442046FFF7D0FBF5
S31500002170002800F03E8522182358D358012B05D09D
S31500002180294826F03FFD002011F0D6FC00213EA88C
S3150000219033F0F2FD836825499A68DD68244B0A907E
S315000021A000201D6055430A6017F0F2FA45430C20E3
S315000021B024F014FC0446002D3EDA1E4824F0DCFC14
S315000021C062C902006FC502008AC50200BCAE0020CB
S315000021D0C0AE002000800020271B0000AEC5020014
S315000021E0846E252024C9020051B52420D5C50200DD
S315000021F055B5242035B62420C9B6242065B524203B
S3150000220063B8242069B7242019B82420D5B5242022
S3150000221050C9020000000081F2C5020014C6020087
S315000022201FC6020019C702005FC7020068BE002071
S31500002230C4C200208EC702004FF00003C0E900337D
S315000022408360284601D024F0C9FB46192060A660A9
S315000022501DB12A46002125F075FE604B00216660FF
S315000022603EA81C6033F080FD01210C903EA8B6EE1E
S31500002270009A33F079FD0C9B90ED03AA00269B682B
S3150000228089EE0A0A0D90DB68554F13938368DB6865
S3150000229011930A9B93ED038A1D690C9BD3ED039A58
S315000022A0D3ED04AA03690E9325F0F0FA0E9B1844A9
S315000022B080F308044B48E3B2149326F0A3FC0A9B70
S315000022C09A681368B34207DD02EB86023846013688
S315000022D0516826F097FCF2E7B7EECA7A0E9B4248A1
S315000022E008930994CDED04AA00958DED067BB7EE13
S315000022F0E97A8DED027BB7EEC87A53EC172B26F000
S3150000230081FC11F037F801211290084613F004F809
S31500002310364B4FF0FF31186810F074F90128044667
S3150000232040F04882202200212EA82C4F25F00AFEDC
S315000023302F4BD3F800902F4BD3F800803B681D68D5
S31500002340FFF7C0FA8DF8D44003232EAC3495CDF8B0
S31500002350C880064636ADCDE930390FCC0FC594E8B6
S315000023600F0085E80F0000232020CDE928332A93AB
S3150000237024F034FB0DF1D80C00F1200E0446289011
S31500002380CDF8A8E0CDF8A4E0BCE80F000FC495E8AE
S315000023900F0084E80F0028A9304617F0A5FE044672
S315000023A0289808B124F005FB2CB9134826F02AFC1E
S315000023B0129B1093A5E70021012012F0ADFF3B68A8
S315000023C0D3E900120A9B521A586825F093FD3EA8DD
S315000023D033F0FAFCA0B10948E8E700BF6CBE002064
S315000023E0CCC70200BFC70200D0C70200C0C200208F
S315000023F068BE0020C4C2002033C8020060C80200C4
S315000024000D9B0646804605465B68044607461593BF
S315000024100C9BD3F804900923B7FBF3F303EBC30338
S31500002420FB1A1693159B33440F9300230B930B9BB8
S31500002430119A934200F08D810F9A12F8013B0F9288
S31500002440149A934240F2318144F24F639F4200F264
S315000024502F81B7F5615F34BF00210121D74BF8EE1C
S31500002460EA6A0DF1D80B53F82100D54BB7FBF0F211
S3150000247003EB810300FB1272D3ED007A0923B2FB52
S31500002480F3F308EE903ACF4BF8EEE88A03EB8103BC
S3150000249068EEA78AE7EE898AD3ED007ACA4B53F82D
S315000024A0213001EBC101FB1AB3FBF0F308EE103A41
S315000024B0169B1944C54BB8EE488A03EB8103D3ED4E
S315000024C000BA28EE278AC24B03EB810199F8013046
S315000024D0A7EE898A07EE103A99F8003091ED00BA16
S315000024E007EE903A99F80330B8EE477A00EE103AC4
S315000024F0F8EE677A99F80230B8EE400A37EE667A57
S315000025000CEE103A77EEE67A30EE660A27EE297A76
S3150000251067EEA97A20EE290AB8EE4CCAE7EE2B8AB6
S31500002520B7EEC00AA7EE8B8A3CEE66CA24F058FFC7
S31500002530B7EEEB7A2CEE29CA27EE000BF7EEC0BBFE
S31500002540B7EECC0A24F04CFFF0EE686AB7EECB7A11
S3150000255028AB1AAA36A8EBEEC96A1BA927EE000B10
S315000025604FF0000CCDF8D8C0F7EE007AB0EE487AFE
S31500002570CDED1A6AEBEE898AF4EEE76ACDED287A9C
S31500002580B7EEC00BF1EE10FAA0EE497AA0EE098A7A
S31500002590CDED1C8AC8BF1A46D2ED006AF5EE406A38
S315000025A08DED1B7A8DED228AF1EE10FAB4EEE77A04
S315000025B048BF0246F1EE10FA106836AAD8BF0B469D
S315000025C0002193ED007AB5EE407AF1EE10FAF4EEC2
S315000025D0E78A48BF134636AAF1EE10FAD3F800C0D0
S315000025E036914FF00001CCBF28AB1CAB93ED007ABF
S315000025F0B5EE407A9DED0B7AB8EE477AF1EE10FA19
S31500002600B4EEE78A48BF13460E9AF1EE10FAD3F8F5
S3150000261000E0CDED287ACCBF28AB22AB3691D3EDC6
S31500002620007AF5EE407AF1EE10FA48BF5B4619687B
S315000026300F9B13F8013C399018209B1ACDF8ECE05B
S315000026408DED367A07EE903A0023CDF8E0C0F8EE2D
S31500002650E77A2A933A9167EE8A7ACDE92833CDED67
S31500002660377A24F0BBF95B4600F1180E02460DF1ED
S31500002670F00B2890CDF8A8E09C460832BCE8030091
S31500002680DC4542F8080C42F8041C6346F4D1A84520
S31500002690CDF8A4E013D02846A2460C3528A9FFF7AA
S315000026A0ABFA544628A8FFF7EBF90B9B0133BDE6BE
S315000026B044F6D3118F4294BF02210321CEE6A8EB44
S315000026C00408444B4FEAA80B03FB0BFB424B9B450C
S315000026D001D1424872E55A46012A38BF01221BEB56
S315000026E0020B80F08482BBF1000F09D09B4528BF06
S315000026F09B460C2000FB0BF024F070F9824600E0AC
S31500002700DA4628A90AEB0800FFF776FAD0462146F2
S31500002710A9420CD040461791FFF76EFA179908F1B7
S315000027200C080846FFF7ACF917990C31F0E70D1BBA
S315000027302B4BAD085D4325F0404514B1204624F0EF
S3150000274038F94FF00C0805FB088508FB0BA8554423
S31500002750A7E7119B01371E44139B994444F6B52302
S315000027609F427FF458AE00231E481A461946006859
S315000027700FF038FCA5423BD02E1B164A29462046B0
S31500002780B3105A434FF00003B2FA82F2C2F11F02AD
S315000027905200FFF74FFBC02E26DD04F1C00620468F
S315000027A03146FFF707FBAE4222D030460C36FFF724
S315000027B0E1FAF8E700252C46DCE700BF90C90200E5
S315000027C0C0CA0200C0CA020080C90200A0C9020035
S315000027D030CA0200ABAAAAAAAAAAAA0A7AC8020002
S315000027E0ABAAAA2AC0C2002029462046FFF7E2FA71
S315000027F00023DFF83091DFED498A2E1BB61009FB66
S3150000280006F69E4240F2908003F101080C279FEDE8
S31500002810448A5F43C2462B1B9B1009FB03F39A4570
S3150000282071D2E359D3ED023A93ED033A93ED046A7C
S31500002830D3ED055A0C2303FB0AF3E018E35893ED96
S31500002840034AD3ED024AB4EEC43AD3ED057A93EDCA
S31500002850045AF1EE10FAF4EEE43A54BFB0EE432A0D
S31500002860B0EE442AF1EE10FAF4EEE75A54BFF0EE59
S31500002870632AF0EE642AF1EE10FAB4EEC56A37FE6A
S31500002880A57A37EE427AF1EE10FA77EEC47AB5EE13
S31500002890C07A75FE066A35EE645A76EEE26AF1EEA5
S315000028A010FA75EEC35AF5EEC06A36EE636A37FE65
S315000028B0087A67EE857AF1EE10FAE5EE867A76FE0C
S315000028C0886A27EE267A77EEC77AF5EEC07AF1EEB9
S315000028D010FA20DDC7EE276AF4EEE86AF1EE10FA88
S315000028E019DD00F10C06AE420FD0AE1BB61009FB87
S315000028F006F6002E00F10C0B07DD5946013EFFF7E8
S3150000290094F95846F5E7434677E70C3D0AF1FF3A56
S315000029102846FFF7B5F80AF1010A7CE79A99993E2D
S3150000292000000000ABAAAAAA129B052E109A274601
S31500002930B14928BF0526981AB04B10224FF000085F
S3150000294000902EA8FFF754F8AD4A00212EA824F0D7
S31500002950C9FB014636A8DFF8E4B224F08DFAA9498E
S3150000296036A8DFF8949224F0F9FB014622A8DFF896
S31500002970D0A224F081FA36A824F0E4F92EA824F097
S31500002980E1F9A14922A824F0FFFBB04500F0EA8056
S315000029903B681022494628A8D3ED007A5B46FDEE37
S315000029A0E77ACDED007AFFF723F85246002128A8F2
S315000029B024F098FB01462EA824F05EFA91492EA831
S315000029C024F0CCFB014636A824F056FA36A922A8F4
S315000029D024F0C0FB36A824F0B5F92EA824F0B2F9ED
S315000029E028A824F0AFF93B6828A893ED010AFFF761
S315000029F035F8864A002128A824F074FB01462EA843
S31500002A0024F03AFA7F492EA824F0A8FB014636A8FE
S31500002A1024F032FA36A922A824F09CFB36A824F02A
S31500002A2091F92EA824F08EF928A824F08BF93B689A
S31500002A3028A893ED030AFFF711F8754A002128A884
S31500002A4024F050FB01462EA824F016FA6D492EA854
S31500002A5024F084FB014636A824F00EFA36A922A8F3
S31500002A6024F078FB36A824F06DF92EA824F06AF934
S31500002A7028A824F067F93B6828A893ED020AFEF718
S31500002A80EDFF644A002128A824F02CFB01462EA85D
S31500002A9024F0F2F95B492EA824F060FB014636A823
S31500002AA024F0EAF936A922A824F054FB36A824F02B
S31500002AB049F92EA824F046F928A824F043F93B68E2
S31500002AC028A893ED050AFEF7C9FF534A002128A856
S31500002AD024F008FB01462EA824F0CEF949492EA879
S31500002AE024F03CFB014636A824F0C6F936A922A8F4
S31500002AF024F030FB36A824F025F92EA824F022F97C
S31500002B0028A824F01FF93B6828A893ED040AFEF7CD
S31500002B10A5FF424A002128A824F0E4FA01462EA87F
S31500002B2024F0AAF93E492EA824F018FB014636A83F
S31500002B3024F0A2F936A922A824F00CFB36A824F02A
S31500002B4001F92EA824F0FEF828A824F0FBF8731E3D
S31500002B50434503D02B4922A824F016FB08F10108AF
S31500002B600C3712E72F4922A824F00EFB239A40F2D5
S31500002B704D439A420DD92C48264626F043F822A802
S31500002B8024F0E0F8AE422AD030460C36FEF778FF45
S31500002B90F8E7264E4FF0FF3130680FF033FD01287D
S31500002BA009D12299224826F03DFA002330681A46B8
S31500002BB019460FF017FA1E4926461E4826F022F837
S31500002BC01D4B1B68986824F0C7FF22A824F0BAF8AA
S31500002BD0AE4204D030460C36FEF752FFF8E7002C22
S31500002BE03FF4E6AB204623F0E4FEFFF7E1BB9B464D
S31500002BF07FE50368FFDE00BF759F020094C80200F0
S31500002C0098C80200A3C80200A6C80200BDC80200F8
S31500002C10C7C80200D0C80200D9C80200E2C8020034
S31500002C20ECC80200EBC80200EEC8020064BE002039
S31500002C3070BE0020ADEF0200C8AA0020B2C8020094
S31500002C40B5C8020010B5044640F6587123F0B3FE2D
S31500002C50204610BD13B5019012F004F8044618B1D1
S31500002C60019A002125F06EF9204602B010BD11F040
S31500002C70FBBFEFF305835BB1EFF311834FF0200247
S31500002C8082F31188BFF36F8FBFF34F8F03607047D6
S31500002C900EF048BEEFF3058313B180F31188704739
S31500002CA00EF06EBE10B5044630B9084B40F2ED1179
S31500002CB0074A084824F024FE04200FF0AFFA10B1AA
S31500002CC02060002010BD43F2DD70FBE738CB020028
S31500002CD084CB0200E3CA020008B530B90B4B40F2C0
S31500002CE00A210B4A0B4824F00BFE4B1C00681EBF42
S31500002CF04FF47A735943B1FBF3F10FF071FD0028DD
S31500002D0043F2DE7018BF002008BD00BF38CB0200BA
S31500002D1094CB0200E3CA020008B530B9074B40F273
S31500002D202A21074A074824F0EBFD00680FF04CFA09
S31500002D30002843F2DD7018BF002008BD38CB020022
S31500002D40A2CB0200E3CA020008B530B9054B4FF426
S31500002D501071054A054824F0D3FD00680FF0B6FD52
S31500002D60002008BD38CB0200B2CB0200E3CA020045
S31500002D7038B50D46044630B9084B4FF41471084A6D
S31500002D80084824F0BDFD0EF0C7FB206010B10020FE
S31500002D90257138BD43F2DD70FBE700BF4CCB020066
S31500002DA0C3CB0200E3CA020037B50025019530B94E
S31500002DB0144B40F26A21144A144824F0A1FD00681D
S31500002DC0E8B1EFF30584B4B101AA0EF0EFFC0128D7
S31500002DD004D00F4B4FF41E710B4AEDE7019840B13A
S31500002DE00C4B4FF080521A60BFF34F8FBFF36F8FBB
S31500002DF0284603B030BD0EF04FFC2046F9E743F2FB
S31500002E00DD70F6E74CCB0200D3CB0200E3CA02002A
S31500002E1060CB020004ED00E073B5069D30B9114B9E
S31500002E2040F2E121104A114824F06AFD066821F0BB
S31500002E307F449EB101793046009313460A1E21460F
S31500002E4018BF01220EF076FB204005B1286000284D
S31500002E5043F2DE7018BF002002B070BD43F2DD7091
S31500002E60FAE700BF4CCB0200E0CB0200E3CA020047
S31500002E7008B530B9074B40F21731074A074824F026
S31500002E803FFD006818B10EF063FC002008BD43F258
S31500002E90DD70FBE74CCB0200EECB0200E3CA02007A
S31500002EA010B504460846114634B9084B40F22D3198
S31500002EB0074A084824F024FD00220FF013F810B149
S31500002EC02060002010BD43F2DD70FBE771CB0200ED
S31500002ED0FFCB0200E3CA020013B530B9144B40F22F
S31500002EE04931144A144824F00BFD0024006801946B
S31500002EF0EFF305839BB1234601AA0FF0A1F9012840
S31500002F0012D1019B13B9002002B010BD0B4B4FF03C
S31500002F1080521A60BFF34F8FBFF36F8FF3E71A46E5
S31500002F200FF060F80128EED043F2DD70ECE700BF49
S31500002F3071CB02000ECC0200E3CA020004ED00E0F1
S31500002F4008B530B90B4B40F271310B4A0B4824F0EF
S31500002F50D7FC531C00681EBF4FF47A735A43B2FB6A
S31500002F60F3F20FF08FFA012843F2DE7008BF00205B
S31500002F7008BD00BF71CB02001ACC0200E3CA0200F2
S31500002F8008B530B9054B40F2A131054A054824F091
S31500002F90B7FC00680FF09AFC002008BD71CB020058
S31500002FA026CC0200E3CA020007B5186C01A99A6391
S31500002FB00FF0DEF9019B3BB1054B4FF080521A60D2
S31500002FC0BFF34F8FBFF36F8F03B05DF804FB00BFF5
S31500002FD004ED00E02DE9F0410D4616461F46044675
S31500002FE030B329B34422002124F0ACFF04200FF0B3
S31500002FF015F9E06348B10322002101200EF072FFAB
S31500003000206420B9E06B0FF061FC01200EE0A046C1
S315000030103A463146284648F8045B06F047FB284600
S315000030202346044A414606F0C7FB0020BDE8F0816E
S315000030300420FBE7A92F00004FF0FF31C06B0FF013
S31500003040CFBBC06B0FF0C0B837B504460191FFF790
S31500003050F3FF012813D1019A211D206806F0E8FB31
S31500003060054628B12046FFF7ECFF284603B030BDE1
S315000030704FF0FF31206C0FF0C5FAA56BF2E74FF465
S315000030806175F2E70123024A1370024A93607047A2
S31500003090D0C2002000000F40FFF7F4BF2DE9F8432F
S315000030A02C4B1C68844228BF044604B32A4E2B4D81
S315000030B03368DFF8B49023F00103D9F80080336059
S315000030C02B6823F001032B6072B6BFF34F8FBFF35B
S315000030D06F8F10F08DFF224F58B9AB686B602B686D
S315000030E043F001032B603B68013B6B6062B6BDE8B1
S315000030F0F883013C08FB04F33361336843F00103B2
S315000031003360BFF34F8F30BFBFF36F8F154B002275
S315000031101A7062B600BF1978B1B11A700E4A0F4D17
S31500003120136823F0010313600EF0FCFB2B682046A6
S3150000313043F001032B6010F017FC3B68013B6B600A
S31500003140BDE8F8430EF01CBC746AD9F80000B4FB65
S31500003150F0F4E3E7D8C2002000000F4010E000E0E2
S31500003160D4C20020D0C20020CCC200200C4B642266
S315000031701A6002220B4B1A606FF000420A4B1A606B
S315000031800A4B4FF08072DA60002243F8F02C43F8C5
S31500003190E82C632243F8EC2C032243F8F02C70470A
S315000031A0D4C20020CCC20020D8C2002000E100E03A
S315000031B00B1E10DD00F01F011944BFF34F8F064AA6
S315000031C00144C2F85C0220300B1A002BF9DCBFF375
S315000031D04F8FBFF36F8F704700ED00E00B1E10DDC1
S315000031E000F01F011944BFF34F8F064A0144C2F88D
S315000031F0680220300B1A002BF9DCBFF34F8FBFF3A8
S315000032006F8F704700ED00E00B1E10DD00F01F0110
S315000032101944BFF34F8F064A0144C2F870022030AA
S315000032200B1A002BF9DCBFF34F8FBFF36F8F70477C
S3150000323000ED00E03C4A08B5D2F8883043F470034C
S31500003240C2F88830394A1388580705D5138823F001
S3150000325004031B041B0C1380354A1388590705D534
S31500003260138823F004031B041B0C1380314B1A68CC
S3150000327092044CD5304A5A604FF6FF729A601A682B
S3150000328022F0A00242F020021A602C4B1A68900429
S3150000329043D5294A5A604FF6FF729A601A6822F09F
S315000032A0A00242F020021A60254B1A68D10703D506
S315000032B01A6822F001021A601B4B5A69920315D450
S315000032C05A6912F4003211D1BFF34F8FBFF36F8FDB
S315000032D0C3F85022BFF34F8FBFF36F8F5A6942F482
S315000032E000325A61BFF34F8FBFF36F8F154A136FCA
S315000032F023F4005313670C4A536943F010035361D8
S31500003300BFF34F8FBFF36F8F00F04AF808BD4CF242
S3150000331020525A604DF62812ADE74CF220525A6000
S315000033204DF62812B6E700BF00ED00E000000340AE
S31500003330004003400080034020C528D90000C1405A
S3150000334010E000E000400E4010B5C4010E4A04F142
S31500003350814402EBC00004F598042368C3F30223FA
S31500003360C05C04F0BDFB23680246DBB201339A421F
S31500003370B0FBF3F006D2054B40F6C501044A0548FA
S3150000338024F0BEFA10BD00BFBECC020036CC02004F
S31500003390A7CC02003BCC0200004870479CC300202B
S315000033A008B511F0C3FC08BD10B592B00420FFF7B4
S315000033B0CBFF14220446002101A824F0C3FD3022CD
S315000033C0002106A824F0BEFD01A807F047FB012353
S315000033D001A919488DF8043007F068FB04234FF063
S315000033E0004216498DF818304FF480331248CDE963
S315000033F0072303F10133124A03F102230993114B08
S31500003400B2FBF4F2CDE90A131E2300218DF8303009
S31500003410A023534306AA0D9341F68463CDE90F33E7
S3150000342040F20123ADF84430234607F0FDFBB0FA25
S3150000343080F0400912B010BD00400D401212780F06
S3150000344000CA9A3B2A2A463C7FB5684603F086FCAA
S31500003450074B694607480093074B0193074B0293B6
S31500003460074B039303F0C0FD07B05DF804FB00BFF4
S31500003470DCC20020000044400CC300203CC30020F6
S315000034806CC3002010B5E4B04FF49E72002115AC59
S31500003490204624F057FD1420FFF756FF4FF4003363
S315000034A030212060A3600223009402A8E38140F249
S315000034B0033323820C23E3744FF40063C4E9093316
S315000034C04023E3622023C4E90D13074C019405F061
S315000034D0BFFB02A9204605F001FB0449684602F03D
S315000034E06FFA64B010BD00BF00C00C409CC3002042
S315000034F038B5044611F02AFC02F0DEF800F056FB5F
S3150000350001F0A8FD0CB101F099FDFFF74DFF10B9D0
S315000035100B4825F077FB0B4D0B4C0C480C4A641BF3
S315000035200C49121A24F0E6FC22460021284624F013
S3150000353009FDFFF789FFBDE83840FFF7A3BF00BFCD
S3150000354089CC02000000008140688681000000816D
S31500003550000000818C8A03004B78C0018A781B0228
S31500003560013A03F4E063D2B213430A78002A0CBF8F
S3150000357000224FF080721343034A1350BFF34F8F5C
S31500003580BFF36F8F704700BF0000CC402DE9F743B3
S31500003590EC4C00232046ADF804308DF8063004F0DC
S315000035A0DBFEE94BE94AD3F800199142224640F086
S315000035B0D882D3F81039DBB20B2B40F0D282636984
S315000035C023F000536361636823F4F85343F4B05364
S315000035D06360A368002BFCDADB4BDD4ED3F8703852
S315000035E0DB48DA06C3F300114ABF00220122114666
S315000035F006F024FF0121304606F09EFE01213046EA
S3150000360006F0E0FE022004F011FAD6F8C03043F0CE
S315000036100203C6F8C03004F0EDFA336D43F002033E
S315000036203365336943F002033361336943F08073D2
S315000036303361336A43F010033362336A5B00FCD5AF
S315000036400024012501A9022720468DF805408DF8A2
S315000036500650FFF781FF01A908208DF805404FF0BD
S3150000366006088DF80650FFF777FFBA484FF018099D
S3150000367003F0B8FEB84804F07FF9B84803F028FF15
S3150000368021461B22022003F0B5FF13222946022001
S3150000369003F0B0FF02211822084603F0ABFF2022F8
S315000036A00321022003F0A6FF04F050F821460D2264
S315000036B0032003F09FFF11222946032003F09AFFFF
S315000036C020220221032003F095FF0321162208463B
S315000036D003F090FFD6F81032A14823F00803C6F88D
S315000036E01032042604F0C6F82946052004F07EF8B8
S315000036F004F01CF920460DEB06018DF805608DF8E7
S315000037000650FFF729FF0DEB060138468DF80560D8
S315000037108DF80670FFF720FF03230DEB06013046F8
S315000037208DF805808DF80630FFF716FF0DEB0601C4
S3150000373005208DF805408DF80650FFF70DFF07238D
S315000037400DEB060140468DF806608DF80530FFF753
S3150000375003FFF0230DEB060108208DF805408DF8D8
S315000037600630FFF7F9FE0DEB06010E208DF8054039
S315000037708DF80650FFF7F0FE0DEB06010F208DF8D1
S3150000378005408DF80690FFF7E7FE0DEB06011020C9
S315000037908DF805408DF80690FFF7DEFE0DEB06016D
S315000037A011208DF805408DF80650FFF7D5FE0DEB7C
S315000037B0060112208DF805408DF80650FFF7CCFE65
S315000037C00DEB060113208DF805408DF80650FFF726
S315000037D0C3FE0DEB060119208DF805408DF8065045
S315000037E0FFF7BAFE0DEB06011A208DF805408DF89D
S315000037F00650FFF7B1FE0DEB06011B208DF80540C4
S315000038008DF80650FFF7A8FE0DEB06011C208DF87B
S3150000381005408DF80650FFF79FFE0DEB06011D20B3
S315000038208DF805408DF80650FFF796FE0DEB060164
S315000038301E208DF805408DF80650FFF78DFE0DEB26
S3150000384006011F208DF805408DF80650FFF784FE0F
S315000038500DEB060120208DF805408DF80650FFF788
S315000038607BFE0DEB060121208DF805408DF80650F4
S31500003870FFF772FE0DEB060122208DF805408DF84C
S315000038800650FFF769FE0DEB060123208DF8054073
S315000038908DF80650FFF760FE0DEB060124208DF82B
S315000038A005408DF80650FFF757FE0DEB0601252063
S315000038B08DF805408DF80650FFF74EFE0DEB06011C
S315000038C026208DF805408DF80650FFF745FE0DEBD6
S315000038D0060127208DF805408DF80650FFF73CFEBF
S315000038E00DEB060128208DF805408DF80650FFF7F0
S315000038F033FE0DEB060129208DF805408DF80650A4
S31500003900FFF72AFE0DEB06012A208DF805408DF8FB
S315000039100650FFF721FE0DEB06012B208DF8054022
S315000039208DF80650FFF718FE0DEB06012C208DF8DA
S3150000393005408DF80650FFF70FFE0DEB06012D2012
S3150000394010E000BF0080CA4000C0CA406959AC57A9
S315000039500040C84050CF0200E4D10200F0D102007E
S3150000396058CF02008DF805408DF80650FFF7F4FD9C
S315000039700DEB06012E208DF805408DF80650FFF759
S31500003980EBFD0DEB06012F208DF805408DF8065056
S31500003990FFF7E2FD0DEB060130208DF805408DF8AE
S315000039A00650FFF7D9FD0DEB060134208DF80560B2
S315000039B08DF80660FFF7D0FD0DEB060135208DF87A
S315000039C005408DF80650FFF7C7FD0DEB06013620C2
S315000039D08DF805408DF80650FFF7BEFD0DEB06018C
S315000039E037208DF805408DF80650FFF7B5FD0DEB35
S315000039F0060138208DF805408DF80650FFF7ACFD1E
S31500003A000DEB060139208DF805408DF80650FFF7BD
S31500003A10A3FD0DEB06013A208DF805408DF8065002
S31500003A20FFF79AFD0DEB06013D208DF805408DF858
S31500003A300650FFF791FD0DEB06013E208DF805803F
S31500003A408DF80670FFF788FD0DEB060140208DF816
S31500003A5005408DF80650FFF77FFD0DEB060141206E
S31500003A608DF805408DF80650FFF776FD0DEB060143
S31500003A7042208DF805408DF80650FFF76DFD0DEBE1
S31500003A80060143208DF805408DF80650FFF764FDCA
S31500003A900DEB06014C208DF805408DF80650FFF71A
S31500003AA05BFD3A4B3A4C1A6822F007021A601A6814
S31500003AB022F0380242EA09021A601A6822F0C002AD
S31500003AC01A605A6822F003025A609A6822F00302CA
S31500003AD09A60DA6822F49F6222F00702DA601A69B5
S31500003AE022F002021A615A6922F0050232435A6133
S31500003AF05A6922F002025A619A6922F002029A6118
S31500003B009A6922F001029A619A6D22F001029A6581
S31500003B10DA6D22F00102DA651A6E22F001021A66E7
S31500003B205A6E22F001025A669A6E22F001029A66D5
S31500003B30DA6E22F00102DA662368164AC3F302231C
S31500003B40D05C03F0CDFF2368DBB22B449842B0FB78
S31500003B50F3F215D2104B40F6C501104A104823F077
S31500003B60CFFE536923F000535361536823F4F8538F
S31500003B7043F4A85353600B4A9368002BFCDA2BE5F9
S31500003B80094B1A6003B0BDE8F08300BF00400E4049
S31500003B900000CC406CCF020036CC020036CF0200CB
S31500003BA03BCC02000080CA4004800020FFF7EEBC38
S31500003BB0104642B100231373536833B11B6823B117
S31500003BC00A46022118470320704701207047104615
S31500003BD042B100235373536833B11B6823B10A46BD
S31500003BE00121184703207047012070472DE9F04353
S31500003BF0044687B018B9012007B0BDE8F083837B7F
S31500003C00002BF8D04268926851799942F3D303F1B8
S31500003C10005312680C2740F6024C013B02EBC30628
S31500003C2012F8335000239D42E5D907FB03F2706872
S31500003C308118825A62453BD10D7A00239D422DD8C8
S31500003C400026CB782374002ED5D000250120DFF87E
S31500003C5070802F46DFF86C90A6603379AB42CBD9E3
S31500003C600623B2688DF808706B43D118D25C8DF8C4
S31500003C700620D2094B88ADF804304B788DF8073012
S31500003C8018D0022B02D12773CDF80C9003AA01A9F4
S31500003C9020680135049408F033F8DEE71A01486815
S31500003CA000EB0316805CE27B9042CAD00133C5E785
S31500003CB00133B8E7022B04BF6773CDF80C80E5E744
S31500003CC0CF3B0000B13B0000836870B5044693B15A
S31500003CD0002501200626A3681A79954202D30023FF
S31500003CE0A36070BD9A6806FB05F320680135D15CB8
S31500003CF008F025F8EFE70120F3E7000070B50A4C5D
S31500003D000E46154623685BB9214601F00FFD30B912
S31500003D1023683BB14FF47F436660E3812C6070BD3E
S31500003D200220FCE70320FAE70000002010B5044655
S31500003D3030B1FFF7C9FF0023C4E90033E38110BDAA
S31500003D400320FCE77FB504461546002A60D000280C
S31500003D505ED0CBB2013B032B54D8DFE803F01E0242
S31500003D60064000238373012414E04368002BFAD035
S31500003D702A78837B9A42F6D0FFF7A6FF2B78204657
S31500003D80A3730023E373FFF731FF044610B1214804
S31500003D9007F022FD204604B070BD2B68227C1979FD
S31500003DA098889142DFD12E1DADF8080058880096FC
S31500003DB005F10806ADF80A00287B01968DF80C007F
S31500003DC05B78222B07D163686A460B2120461B6865
S31500003DD098470446DEE7104807F0FEFCC3E7436851
S31500003DE0002BC0D02D88037CB3EB152FBBD1EDB2D1
S31500003DF0C37BAB42B7D0FFF767FF2046E573FFF7FB
S31500003E00F5FEE6E70A460548054907F0E5FCAAE798
S31500003E100324BFE7FCD1020016D2020048D20200FA
S31500003E205BD2020038B5044648B1057B4DB9012086
S31500003E302073206807F050FF00B1257338BD0320BA
S31500003E40FCE70220FAE738B5044648B1457B4DB990
S31500003E5001206073206807F045FF00B1657338BD27
S31500003E600320FCE70220FAE72DE9F04390F89430AE
S31500003E7087B004461BB9012007B0BDE8F08342684D
S31500003E80926851799942F6D31268002AF3D003F169
S31500003E9000530C27013B02EBC30612F833500023F4
S31500003EA09D42E8D907FB03F270688118825C082AF4
S31500003EB02CD10D7A00239D421DD80027CB7884F89B
S31500003EC09530002FD7D000260120DFF88C803546AC
S31500003ED0DFF88890A7603B79B34219D80123E560E3
S31500003EE0C4F88450C4F8883084F88C5084F88F5015
S31500003EF084F89650C0E71A01486800EB0317805C07
S31500003F0094F893209042D9D00133D4E70133C7E720
S31500003F100623B9688DF8085073430136CA1810791C
S31500003F208DF80900CB5C20688DF806305188ADF815
S31500003F30041001A9527804948DF80720DA0903AA1F
S31500003F4015BF84F8913084F89230CDF80C90CDF8F6
S31500003F500C8007F0D5FEBEE76D450000B1430000BA
S31500003F60836870B5044693B1002501200626A36830
S31500003F701A79954202D30023A36070BD9A6806FBA6
S31500003F8005F320680135D15C07F0D9FEEFE7012083
S31500003F90F3E70000F8B5214C0F4616462568002DBC
S31500003FA03AD104F198032146A36104F1B803E36111
S31500003FB004F1C803236204F1DC03E36304F1E403C0
S31500003FC0236404F1F003236501F0B0FB30B184F8FB
S31500003FD0945084F89350C4E90055F8BD236833B96A
S31500003FE0606084F8940084F893000320F5E7FF23CB
S31500003FF0702284F8940084F89330236A60616760C5
S315000040001A700A229870DA711873587384F88D0042
S3150000401084F88E003460E0E70220DEE7140000201A
S3150000402010B5044648B1FFF79BFF0023C4E90033EF
S3150000403084F8943084F8933010BD0320FCE7F0B583
S3150000404004468FB01646002A00F06F81002800F063
S315000040506C81C9B20139052900F26B81DFE811F0E4
S3150000406034010600430067008C00BC00002301AA4F
S31500004070052180F8943043681B689847019B0546E4
S31500004080002B00F05481013B01AE4FF0010C04F10E
S31500004090440E84F89030B3681BB373680BB3331DBA
S315000040A00EEB0C170FCB87E80F0094F890205FFA01
S315000040B08CF39A4205D30CF1010C1036BCF1040FB7
S315000040C0E9D1226A702313700A23D37100239370F7
S315000040D01373537384F88D3084F88E3028460FB0EE
S315000040E0F0BD0125E1E74368002B00F0228190F83E
S315000040F0943012789A4200F005810BB1FFF730FF39
S315000041003378204684F89430002384F89330FFF700
S31500004110ABFE05460028E1D11F23A26994F8921050
S31500004120206807F0DFFD012384F88D30D6E7436869
S31500004130002B00F0FE80168890F89530B3EB162F12
S3150000414040F0F780F6B290F89330B34200F0DA8090
S31500004150FFF706FF2046FFF787FE054648B91F23EF
S31500004160A26994F89210206807F0BCFD012384F838
S315000041708D3084F89360B1E74368002B00F0D98056
S315000041808368002B00F0D58090F886307BB91178D3
S3150000419090F891200120914207D184F8860084F896
S315000041A08E302068317807F001FE054600E00125D3
S315000041B094F88730002B91D1317894F8922091426F
S315000041C08CD1012284F88D30206884F887203178DC
S315000041D007F0ECFD054681E74368002B00F0A98057
S315000041E08368002B00F0A58090F88950012D3FF4DC
S315000041F075AF90F88650012D40D1127890F8913025
S315000042009A4209D1002380F8863080F88E30006803
S31500004210317807F0DCFD054694F88730012B0ED186
S31500004220327894F892309A4209D10023206884F8B3
S31500004230873084F88D30317807F0C9FD054694F84B
S315000042408F30023B012B29D894F88A30012B17D1E5
S31500004250B4F88630002B7FF441AF94F88D202068A7
S31500004260012A94F8921084F88A3025D184F88D308A
S3150000427007F03CFD002384F88F302FE70125CBE7BC
S3150000428094F88E302068012B94F891100CD184F8A4
S31500004290963007F02BFD002384F88F3094F88A308F
S315000042A0012B7FF41BAFD3E70D23E26907F014FD62
S315000042B0012384F88E30EEE71F23A26907F012FD72
S315000042C0012384F88D30D5E713681A7802F01F05AC
S315000042D0012D2ED190F89500197988427FF4FEAE13
S315000042E05978FE2903D0FF290ED00525F6E6598810
S315000042F00029FAD1DB88012BF7D11206F5D59034C7
S31500004300C6E901450025E9E659880029EDD1DB8893
S31500004310002BEAD11306E8D440F20112A4F8885023
S3150000432084F88A50A4F88620ECE70325D6E604250F
S31500004330D4E60125D2E630B5036985B000250446EA
S315000043400093836902955A7BC36800EB02118DF8CE
S315000043500C20B3F5803F6A46C96D28BF4FF4803301
S315000043608B4294BF01930191042143681B689847CF
S31500004370A36922695B7B94F8911004EB03135B6DD0
S315000043809A4206D22068DDE9013207F0A5FC05B0A5
S3150000439030BD0123206884F88B5084F886300223D0
S315000043A084F8855084F88F3007F000FD2846EEE744
S315000043B07FB54B6814460E465A1C2CD194F88530AE
S315000043C0A3B163681D688DB1A269D37B03F07F0337
S315000043D0282B0BD100230968204602910121019365
S315000043E00093537B6A468DF80C30A84794F8965094
S315000043F0012D03D00125284604B070BD0023E269D3
S3150000440094F8911084F896300D23206807F064FC28
S31500004410A4F88E50EFE7E26894F88B5093429CBF65
S31500004420D21AE260012D0CD1002394F89110206875
S3150000443084F88B3084F8865084F8853007F0B6FC13
S31500004440D9E794F88520BAB90D2BD3D10B68196832
S31500004450264B9942CED1012584F88E201F23A269CE
S3150000446094F89210206884F8885007F03BFC84F892
S315000044708D50C0E701252AE062681568002DB9D085
S3150000448001933368029323690093A3695A7B8DF8DD
S315000044900C20DB7B03F07F03282B03D16A46012126
S315000044A02046A847E368002BE4D0A36920465A7B40
S315000044B0736804EB0212926DB3FBF2F223691344A4
S315000044C02361FFF738FFE3680546002B93D10023ED
S315000044D0E26994F8911084F885300123206884F805
S315000044E08E300D2307F0F8FB85E700BF5553425386
S315000044F030B5036985B000250446009383690295AB
S315000045005A7BC36800EB02118DF80C20B3F5803F8F
S315000045106A46096E28BF4FF480338B4294BF0193DD
S315000045200191032143681B689847A36922695B7B55
S3150000453094F8921004EB03135B6D9A4206D220683E
S31500004540DDE9013207F0CEFB05B030BD012320685E
S3150000455084F88C5084F88730022384F8845084F8D9
S315000045608F3007F023FC2846EEE700007FB514469F
S315000045704A680E46531C2CD194F88430A3B1636864
S315000045801D688DB1A269D37B03F07F032A2B0BD163
S315000045900023096820460291022101930093537B70
S315000045A06A468DF80C30A84794F88D50002D40F0DF
S315000045B0AB81B4F886304BB91F23A26994F89210E8
S315000045C0206807F08FFB012384F88D30284604B05D
S315000045D070BDE3689A429CBF9B1AE360A369DB7BCC
S315000045E003F0BF03152B06D163681B681BB10022BD
S315000045F00B212046984794F88C30012B0CD10025CE
S3150000460094F89210206884F8873084F88450A4F8CF
S315000046108C5007F0CBFBD9E794F88450002D37D0A7
S31500004620736801933368029323690093A3695A7BE5
S315000046308DF80C2062681568CDB1DB7B03F07F0333
S315000046402A2B03D16A4602212046A847E5688DB188
S31500004650A36920465A7B736804EB0212926DB3FB82
S31500004660F2F2236913442361FFF742FF0546E3682C
S31500004670002BABD1002384F884300D23E26994F833
S315000046809110206807F028FB012384F88E309DE7FF
S3150000469094F88830002B00F01E8173681F2B40F0C1
S315000046A01A81A369994A1968914240F014815E7B88
S315000046B016F0F00F40F00F81997B11F0E00240F008
S315000046C00A8194F890000130864280F00481013915
S315000046D00F2900F20081E1698D4884F88D20E2609F
S315000046E0086058688A60486084F8882093F90C004E
S315000046F09E680028197B02DB321E18BF01220028A3
S3150000470084F8842008DA3EB1012094F8862084F8E3
S31500004710850022B1054659E7002284F88520DB7B17
S31500004720032B04D0226A0020907010735073CA09BC
S315000047302F2B666284F8392050D8112B0CD8032B06
S3150000474000F09480042B00F09D80002B00F09280F6
S31500004750204600F039FC57E0123B1D2BF8D801A289
S3150000476052F823F00348000051470000514700006B
S31500004770954800005147000051470000514700008E
S3150000478051470000EB470000B548000051470000C4
S31500004790A54800007D480000514700005147000031
S315000047A051470000514700009D4800005147000056
S315000047B08D48000051470000514700006548000041
S315000047C051470000FB4700005147000051470000D9
S315000047D05147000051470000AD4800009E2B55D0C0
S315000047E007D8552B56D05A2BB2D1204600F054FA92
S315000047F00AE0A82B36D0AA2BAAD1204600F0FCF955
S3150000480002E0204600F0AFF9236A05469B7843B1E3
S31500004810E3691A7B2AB9A269D27B032A1CBF01224B
S315000048201A73052D0ED194F88430012B46D194F8D5
S3150000483087200AB984F88C30002384F88430022358
S3150000484084F88F3094F88430002B7FF4BFAE94F850
S315000048508530002B7FF4BAAE94F88B30002B7FF4B2
S31500004860B5AE0AE7204600F0A2F9CDE7204600F0F3
S3150000487059F9C9E7204600F0E4F9C5E7204600F0FB
S315000048803CFBC1E7204600F019FBBDE7204600F0DF
S3150000489053FAB9E7204600F023FAB5E7204600F0C0
S315000048A093FAB1E7204600F049FBADE7204600F059
S315000048B0E9F9A9E7204600F062FBA5E794F8853000
S315000048C0012BBCD194F886200AB984F88B300023DA
S315000048D084F88530B3E794F89210206807F066FAFA
S315000048E094F89110206807F061FA002384F88D305F
S315000048F0012384F88F3040F20113A4F886304FF478
S315000049008073A4F8883061E600255FE6555342437C
S315000049105553425330B484690129647B00EB041477
S31500004920A56D5468126804FB05F40261C46002D1E7
S3150000493030BCFFF700BD30BCFFF7DABDD0E9093265
S3150000494070B504464BB9C1698B6012B910460A733B
S3150000495070BD022218460A73FAE790F8391000294A
S315000049606ED0C56942B9AB60134694F89110E26AFD
S31500004970206807F0B1F90FE090F83A10002954D0FA
S31500004980934290F8381013D99B1A0129AB60EBD1EA
S3150000499000F13002FFF7BEFFE36908B918735CE067
S315000049A001221A730322236A9A7011221A7354E0A1
S315000049B04FF00002AA6010D1012907D100F13002A0
S315000049C0FFF7A8FFE36940BB1873C1E7C26A90F816
S315000049D09110006807F080F9F4E7012916D1826981
S315000049E0527B00EB0212966DB3FBF6F206FB123316
S315000049F0426300F13002AB60FFF78CFFE36960B9F8
S31500004A0094F83820012ADFD102220CE0C26A90F81D
S31500004A109110006807F060F9F0E701221A7303228B
S31500004A20236A9A7011221A7392E7C26AAB600B4628
S31500004A3090F89110006807F04FF9E3690222B5E794
S31500004A406AB990F89210006807F0B0F9636AE269F3
S31500004A5093600123137384F88730052078E790F874
S31500004A603A1059B190F89210006807F09FF9E3697F
S31500004A70626A9A6002221A730123ECE79342C569BF
S31500004A8090F8386019D99B1A012EAB600DD100F150
S31500004A903002FFF73FFFE36900283FF47FAF0122B2
S31500004AA01A730322236A9A7080E7134690F89210CD
S31500004AB0C26A006807F016F9EDE7A96016D1012E63
S31500004AC00DD100F13002FFF725FFE36900283FF41E
S31500004AD07BAF01221A73236A03229A70A3E7C26A84
S31500004AE090F89210006807F0FDF8EEE7012E12D15B
S31500004AF08269527B00EB0212966DB3FBF6F206FB5F
S31500004B001233426300F13002AB60FFF703FF002867
S31500004B10E1D1E36974E7C26A90F89210006807F081
S31500004B20E1F8F4E710B5036A86B004460493836996
S31500004B3003F10F025B7B8DF81430436801921B680A
S31500004B4013B101AA0F21984712232046A36201231D
S31500004B5084F83A30236AE362002384F83830FFF79A
S31500004B60EDFE06B010BD10B5036A86B00446049388
S31500004B70836903F10F025B7B8DF814304368019261
S31500004B8000221B68CDE9022213B101AA0821984729
S31500004B90029B2046A362012384F83A30039BE3621A
S31500004BA0002384F83830FFF7C9FE06B010BD8269CD
S31500004BB010B4D37BD2F81110282B09BA15D1D38A99
S31500004BC05BBA9BB2012480F83A40527B00EB02129A
S31500004BD0926D80F838405A435DF8044B8262002299
S31500004BE0C0E90C13C262FFF7A9BEA82B0ABFD2F810
S31500004BF0153000231BBAE5E7826910B4D37B002485
S31500004C00D2F811102A2B09BA14D1D38A5BBA9BB2F7
S31500004C1080F83A40527B00EB0212926D5A43C0E98B
S31500004C200A24012280F838205DF8044BC0E90C13F1
S31500004C30FFF784BEAA2B0ABFD2F8153023461BBA4B
S31500004C40E6E730B5036A87B004460493836903F147
S31500004C500F025B7B019201228DF81430002380F84D
S31500004C603A208362C36280F83830FFF767FE6368D4
S31500004C7005461B681BB101AA07212046984728460E
S31500004C8007B030BD00220121826280F83A10C2626C
S31500004C9080F83820FFF752BE10B5036A86B0044686
S31500004CA00493836903F10F025B7B8DF8143043682C
S31500004CB0019200221B68CDE9022213B101AA092143
S31500004CC09847029B2046A362012384F83A30039B4F
S31500004CD0E362002384F83830FFF730FE06B010BDDB
S31500004CE010B5036A86B004460493836903F10F0284
S31500004CF05B7B8DF814304368019200221B68CDE976
S31500004D00022213B101AA0A219847029B2046039A60
S31500004D10A3620023E26284F83A3084F83830FFF761
S31500004D200DFEA3691B7CDB0704D5236A05229A7056
S31500004D3024221A7306B010BD836930B585B05D7B39
S31500004D40002304468DF80C50CDE9013343681B68F7
S31500004D5013B101AA1021984794F89030AB423FBF97
S31500004D60236A052200259A70029931B1019B13B37B
S31500004D7004EB0515C5E915310821A069437BC07B05
S31500004D800533252804EB03135A68A16202F1FF32AA
S31500004D9012BA12D1E16B0A609B681BBA4B60012301
S31500004DA02046E16284F83A30002384F83830FFF771
S31500004DB0C5FD05B030BD1946DFE7216C4A609B682A
S31500004DC01BBA8B60EBE7000070B53B4B044688B01E
S31500004DD01868A36900905D7B0023CDE905336368FD
S31500004DE08DF81C501B681BB105AA11212046984757
S31500004DF094F89030AB423FBF236A052200259A7093
S31500004E00069B2BB1059A1AB104EB0515C5E91523C6
S31500004E10A36994F84C50997DDA7D42EA0121002D70
S31500004E2048D06269002A14BF022003205B7B002D54
S31500004E304FEAC00503F105038DF8035004EB031395
S31500004E405A689E6812BA33BA0392049314BF4FF09D
S31500004E5000734FF0807301920C22334302EBC002C1
S31500004E601BBA8A42029328BF0A46236D9DF800109A
S31500004E7019709DF80110236D59709DF80210236D6D
S31500004E80997001A9236DDD70042311F8015B206D73
S31500004E90C55401330C2BF8D101232046A26284F8B5
S31500004EA03A30236DE362002384F83830FFF746FD7D
S31500004EB008B070BD2846B9E7F4C2020070B50025F7
S31500004EC001260446856280F83A60C56280F838504B
S31500004ED0FFF734FDE3691A7B022A0DD0A269127C22
S31500004EE002F01F02172A1DBF05221E73236A1D73B7
S31500004EF01EBF9A7024221A7370BD30B5036A87B03C
S31500004F0004460493836903F10F025B7B019201223D
S31500004F108DF81430002380F83A208362C36280F84B
S31500004F203830FFF70BFD636805461B681BB101AA05
S31500004F300C2120469847284607B030BD30B5036A95
S31500004F4087B004460493836903F10F025B7B0192E9
S31500004F5001228DF81430002380F83A208362C36260
S31500004F6080F83830FFF7EAFC636805461B681BB11A
S31500004F7001AA0D2120469847284607B030BD30B516
S31500004F80036A87B004460493836903F10F025B7BCF
S31500004F90019201228DF81430002380F83A208362B2
S31500004FA0C36280F83830FFF7C9FCE36905461B7B0E
S31500004FB0022B06D063681B681BB101AA0E2120468E
S31500004FC09847284607B030BD10B4C16900220124B5
S31500004FD08A600C730521036A8262997020215A73D4
S31500004FE019735DF8044BFFF7A9BC000010B50E4C11
S31500004FF00E4BD4F8002FC2F30222134493F8F000AC
S3150000500002F06EFDD4F8003F0246DBB201339A424D
S31500005010B0FBF3F006D2064B40F6C501054A06483A
S3150000502022F06EFC10BD00BF0000CC4053D302003E
S3150000503036CC02002CD302003BCC020010B5FFF7A1
S31500005040D5FF012203464FF4E1310620BDE81040AA
S3150000505006F09EBA984B99495A69084612F4003FE1
S315000050602DE9F041964D2E460ED0BFF34F8FBFF37C
S315000050706F8F5A6922F400325A610022C3F8502217
S31500005080BFF34F8FBFF36F8F8B4A5369DB0324D572
S315000050900023C2F88430BFF34F8F536923F4803363
S315000050A05361BFF34F8FD2F8803043F6E07CC3F3F1
S315000050B0C907C3F34E335B0103EA0C083C4648EAD2
S315000050C0847E013CC2F874E2F9D2203B13F1200F32
S315000050D0F2D1BFF34F8FBFF36F8FBFF35F8F764A67
S315000050E0536A23F480335362764B5A6822F00102E6
S315000050F05A60BFF34F8FBFF36F8F1022724CDA6086
S31500005100724A1A61724ADA60724A1A61DC601A617E
S315000051101322714CDA60714A1A611422DA60704AFD
S315000051201A61DC601A616F4ADA606F4A1A616F4A67
S31500005130DA606F4A1A616F4ADA606F4A1A616F4A1B
S31500005140DA606F4A1A61002225FA02F4012C0CD8A3
S315000051504AB36C4CB4FBF5F705FB17453DB16A4BFA
S31500005160B1216A4A6A4822F0CBFB0132ECE70125FD
S315000051709540B54203D0674BB221644AF2E7042A50
S3150000518003D8654BB321614AECE7013A24F01F04CA
S31500005190520044F01A0402F03E02DC6042F0427211
S315000051A042F001021A615D4A5D4CDA605D4A1A619D
S315000051B05D4ADA605D4A1A615D4ADA605D4A1A61E3
S315000051C0DC601A61002221FA02F4012C0AD82AB303
S315000051D0594CB4FBF1F501FB154129B1574BD521CB
S315000051E04A4ABFE70132EEE701219140814203D0EE
S315000051F0534BD621454AB5E7042A03D8464BD72157
S31500005200424AAFE7013A44F01F045200DC6002F064
S315000052103E0242F0447242F001021A61BFF35F8F10
S3150000522005225A60244B5A6A42F480325A62BFF30E
S315000052304F8FBFF36F8F5A6912F4803223D1C3F8B0
S315000052408420BFF34F8FD3F8802043F6E074C2F377
S31500005250C900C2F34E32520102EA0406014646EA8A
S3150000526081750139C3F86052F9D2203A12F1200F44
S31500005270F2D1BFF34F8F5A6942F480325A61BFF3BD
S315000052804F8FBFF36F8F0C4B5A6912F4003211D156
S31500005290BFF34F8FBFF36F8FC3F85022BFF34F8F0B
S315000052A0BFF36F8F5A6942F400325A61BFF34F8FD2
S315000052B0BFF36F8FBDE8F08100ED00E00020000035
S315000052C00080000090ED00E0120000603F0010003A
S315000052D01100008039001003150000203B00100368
S315000052E023000303160020202700030317003020A5
S315000052F025000303180000302F0003061900008064
S31500005300330003030000002071D2020043D30200E1
S3150000531089D20200C1D20200DCD202001B0000408A
S315000053201E0080412F0010031C00004129001003BD
S315000053301D0040412700100300002C20E3D202008C
S3150000534007D30200C64A46F22063D158C9072DE9A1
S31500005350F0410BD40121D150BFF34F8FBFF36F8FB4
S3150000536002F5CC4230321368DB07FCD50A22BD4B6E
S31500005370052402251A60042143F8042C012043F871
S31500005380082C4FF00C0C43F80C2C1527B64BB74ED7
S315000053901C601D6443F8044CDD63B54BDFF80CE379
S315000053A01960C3F8F0030023DFF804833360B14EBD
S315000053B037600327C6F840C0A6F50B26A6F6EC769E
S315000053C03260C6F840C046F8200C376246F81C0C1E
S315000053D0C6F894307762A84E3060C6F8FC520E4488
S315000053E03060C6F8E4520E443060C6F8E4520E440B
S315000053F03060C6F8E4520E443060C6F8E4520E44FB
S315000054003060C6F8E4520E443060F83EC6F8FC0040
S31500005410C6F80001C6F80401C6F80801C6F80C0172
S31500005420C6F8E45335607560C6F8C403443E32607E
S3150000543072603266C6F84412C6F84812C6F8A4521C
S315000054401026CEF80060CEF87830CEF80460CEF89C
S3150000545074304FF0200EC8F800E0C8F804E0DFF81A
S3150000546054E2CEF80030CEF8B4348E44CEF8003094
S315000054700EF5107ECEF86C32CEF80050CEF8045001
S31500005480AEF5407ECEF80070CEF804700E27CEF84A
S315000054904472CEF848720EF58E7E784F3960A7F5C5
S315000054A0BA77C7F87811C7F8B833C7F8BC332437CA
S315000054B047F8243C47F8203C47F81C3C47F8183C82
S315000054C047F8143C47F8103C47F80C3C47F8083CB2
S315000054D047F8043C3B607B60BB60FB603B617B61E3
S315000054E0BB61FB613B627B62BB62FB623B637B63CE
S315000054F0BB63FB6340373B607B60BB60FB603B612B
S315000055007B61BB61FB613B627B62BB62FB623B63AF
S315000055107B63BE63C7F88C301127CEF80070CEF8D7
S315000055200470CEF8A8030EF1080ECEF80070CEF87F
S3150000553080038E44CEF80070CEF880038E44CEF8F9
S315000055400070CEF880038E44CEF800704C4F386061
S315000055504C484D4F0260A0F53D70C0F8F822C0F8E7
S31500005560FC22C0F80023C0F80423C0F80823026018
S3150000557040F8342C40F8202C3C60444F3960796068
S31500005580B960F96039617961B961F9613962796245
S3150000559047F8041C47F8081C40F8202CC0F8806027
S315000055A0C0F88460C0F88860C0F88C60C0F890606D
S315000055B0C0F894608267C0F81421C0F810213448FE
S315000055C0046034480260C0F8B420C0F8B820122243
S315000055D0C0F8A420C0F8A8201322C0F8AC20C0F858
S315000055E0B0202D4A1160903242F88CCC42F8881CCB
S315000055F042F8841C42F8801C42F87C1C42F8983C15
S315000056005360136002F53A0202F53C421560234AE4
S315000056101360C2F8B4C0C2F8B8C0C2F8A430C2F869
S31500005620A830C2F8AC30C2F8B0301D4B1C6043F84D
S315000056300C4C1C4B1C605C6043F8684C43F8644C93
S3150000564043F8D44C43F8D04C43F87C4C43F8804C98
S31500005650154B1C60DC601C615C61BDE8F08100BF1D
S315000056600000CC40F8800E401840C94058830E40D8
S3150000567014810E400C40C940E4810E4084810E40E6
S3150000568060850E4010840E402040C94044810E4083
S315000056903040C94098810E40E0830E40DC830E40C6
S315000056A02480C0408C810E401C80C0401080C040C9
S315000056B05080C0406C810E40FFF744BE73B5002495
S315000056C0064601A80D460194FDF7D3FA074B1A6862
S315000056D0964206D101982B60FDF7DCFA204602B00F
S315000056E070BD0198FDF7D6FA0420F8E728010020DE
S315000056F037B50024054601A80194FDF7BAFA0A4B0E
S315000057001A685AB19A7BAA4208D101989C73C3E9D8
S315000057100044FDF7BFFA204603B030BD0198FDF7FF
S31500005720B9FA0420F8E700BF2801002073B5002469
S31500005730064601A80D460194FDF79BFA084A136830
S315000057404BB1927BB24206D101982B60FDF7A2FACB
S31500005750204602B070BD0198FDF79CFA0420F8E7D8
S31500005760280100202DE9F7430F46154622B90423E8
S31500005770184603B0BDE8F08301A9FFF79FFF002894
S31500005780F5D1044601264FF00C08DFF85890019B2E
S31500005790E0B25B681A7A824201D83346E8E71B68B2
S315000057A008FB003083681B79012B15D0022B15D01E
S315000057B0032B15D0042B0DD1032309EB03132A4623
S315000057C0394640689B68984705280346D0D000288C
S315000057D008BF00260134DAE70023EEE70123ECE7F1
S315000057E00223EAE7CCD5020073B50D4601A90446AB
S315000057F01646FFF763FF88B9012D08D101992046A7
S315000058000BF0C4FD019A02212046FFF7ABFF019B76
S315000058103246294620465B685B68984702B070BDF1
S315000058202DE9F74F07460C469046002A5DD0002921
S315000058305BD04B68002B58D0002301A80193FDF7DD
S3150000584018FA2B4B01981E681D461EB39B7BBB4264
S3150000585020D10124FDF71EFA204603B0BDE8F08FE3
S31500005860DFF89490AF73C5F80890FDF713FA6C60F3
S31500005870A9F110021F49384606F0BAF9044678B96C
S315000058806B685FFA86F91B7A4B4510D82B68C8F807
S315000058900030E1E7002EE3D00224FDF7FBF9DBE759
S315000058A0286806F084F93846FFF722FFD4E70C2370
S315000058B0DFF848A04FF0000B03FB09F96B68196885
S315000058C049448B681A799AF80C309A4204D1DAF86E
S315000058D000300A1D384698470BF1010B0AF1100AF1
S315000058E0BBF1050FEAD10136CAE70424B4E700BFCD
S315000058F028010020E957000038010020CCD502001D
S3150000590070B586B00B78012506468DF80C3002235B
S315000059100C4602928DF80D3040F201130595ADF854
S315000059200E3001AB049302A9304603F065FB58B96B
S315000059306388A18805FA03F3019A39B1934314BF2A
S3150000594001230023002BEED106B070BD1342F6E70B
S3150000595070B51E4686B00B7801250C4602A98DF857
S315000059600C30022302928DF80D3040F20913059592
S31500005970ADF80E3001AB049303F03EFB38B9A368D3
S31500005980019A1340E268934208BF0546357006B097
S3150000599070BD7FB500238DF80C1002A9CDE9013347
S315000059A003238DF80D304FF48673ADF80E3001AB3E
S315000059B004930123059303F01FFB07B05DF804FB76
S315000059C0F8B50D46064628B9324B9121324A33487E
S315000059D021F096FF19B9324B92212F4AF7E7046856
S315000059E004220021284622F0ADFA2E4B706804F1FD
S315000059F03C07218E28605980618EEB619980616B2E
S31500005A0094F820209960A16B1A70D960214603F0A2
S31500005A10ABF94FF480720021384622F093FA40F237
S31500005A200641214A214BE1662149DFF898E0C4F896
S31500005A308C104FF401517068C4E90F2342F2014300
S31500005A401C4AC4E927E1C4E91323C4E933231A49EC
S31500005A501A4AC4F8DC100331C4E91723184A4FF474
S31500005A600053C4F8BC100021C4E93F2340233A4642
S31500005A7003F0FCF973681A6842F001021A601868AC
S31500005A8010F00100FBD1636AAB60A36AEB60E36AC6
S31500005A902B61F8BD00D702007AD602001CD60200A0
S31500005AA0F1D60200BCC300200304100C0830802489
S31500005AB0D80418080F04C004100418089F04000432
S31500005AC01F04A0040204100C2DE9F04390468268DE
S31500005AD087B0C66951431F46002396F800904D00D3
S31500005AE004468DF80D304FF4847302A900680295C0
S31500005AF08DF80C90ADF80E3003F07EFA10BB2A46F6
S31500005B0031462068FFF7FCFEE0B9022302A92068AF
S31500005B108DF80D304FF4807302958DF80C90ADF82A
S31500005B200E30CDE9048703F067FA58B90DF1070383
S31500005B302A4631462068FFF70BFF18B99DF8070083
S31500005B4080F0010007B0BDE8F0832DE9F0439146EF
S31500005B5087B0C66998460023044637788DF80D301D
S31500005B6040F203138DF80C70ADF80E30D0E9022523
S31500005B7000682A4401FB02F502A9029503F03CFAEB
S31500005B8080BB032302A920688DF80D304FF4837380
S31500005B9002958DF80C70ADF80E30CDE9049803F03F
S31500005BA02BFAF8B94FF485738DF80D0002A9206819
S31500005BB002958DF80C70ADF80E3003F01DFA88B919
S31500005BC02A4631462068FFF79BFE58B90DF10703B8
S31500005BD02A4631462068FFF7BBFE18B99DF8070034
S31500005BE080F0010007B0BDE8F083F0B5836885B0AA
S31500005BF0C66904465943056937784D4300683946F6
S31500005C00FFF7C7FE00236D0069468DF8053040F2A8
S31500005C100313206800958DF80470ADF8063003F084
S31500005C20EBF990B940F205138DF805006946206836
S31500005C3000958DF80470ADF8063003F0DDF920B953
S31500005C402A4631462068FFF75BFE05B0F0BD10B569
S31500005C50EFF3108472B6438902890BB19A420ED0D3
S31500005C6052B901600023013248600B604160028135
S31500005C70184684F3108810BD43681960F2E743F2B2
S31500005C807A70F6E7EFF3108172B660B103896BB1F3
S31500005C90013B02689BB2038103B943600023536052
S31500005CA013680360104681F3108870471846FAE7B8
S31500005CB00068704710B50446C430FFF7F9FF50B1CD
S31500005CC0A378012B07D1C268816804F10C00BDE8F6
S31500005CD0104000F05FBB43F2215010BDF7B50546FA
S31500005CE0FFF7E8FF002705F1D0063046FFF7E0FF93
S31500005CF00446C4B9EFF3108272B66B6882F310885B
S31500005D007BB19A686AB11869D968884209D300924A
S31500005D109C601A69DC6901921CB1DA8A6946186AC4
S31500005D20A04703B0F0BD3046FFF7ACFFA368A760FD
S31500005D30009323690193E3691BB1E28A6946206AED
S31500005D4098473046FFF7B4FF0446D2E731B183786F
S31500005D50012B03D100210C3000F033BB43F221505C
S31500005D6070472DE9F0470D46044600B9FEE701B934
S31500005D70FEE7EFF3108772B64A68D0F8BC30D0F869
S31500005D80B81013448B4280F09080D0F8BC3043F2B8
S31500005D902358D0F8B4002968184422F0ABF8D4F898
S31500005DA0BC306A681344C4F8BC3028E0D4F8BC2080
S31500005DB02E68501CC4F8BC00D4F8B400F65C8654B7
S31500005DC0D4F8BC20D4F8B800824201D3C4F8BC1081
S31500005DD0D4F8BC60D4F8C02096420CD1D4F8C020C8
S31500005DE00132C4F8C020D4F8C020904201D8C4F8CB
S31500005DF0C01043F2265801336A689A42D6D8D4F8BE
S31500005E00BC30D4F8B820D4F8C06013449B1BB3FB55
S31500005E10F2F602FB163663680BB363689B68F3B150
S31500005E206368DA6863681B699A420CD96368002163
S31500005E30DB688A46626812699B1AB34228BF3346FA
S31500005E408B4237D8F61A6368DA6863681B699A4228
S31500005E5005D863681B7D002B51D162689360616829
S31500005E6032462046FFF772FF76B10023C5E90036B9
S31500005E7063684BB16368DB6933B163684246606847
S31500005E802946DB69006A9847228848F641739A4298
S31500005E9007D1D4F8B82020466168013A921BFFF773
S31500005EA055FF87F31088BDE8F087002343F2235897
S31500005EB01946A1E7D4F8C0E0D4F804906268D2F895
S31500005EC010C0D4F8B42012F80EE0D9F8082002F871
S31500005ED00CE0D4F8C020D4F8B8000132C4F8C020D1
S31500005EE0D4F804C0DCF810200132CCF81020D4F825
S31500005EF0C020824201D3C4F8C0A00131A0E7636884
S31500005F0000222046DA82FFF7E9FEA8E72DE9F041F4
S31500005F100E461746054600B9FEE701B9FEE700F151
S31500005F20C4084046FFF7C4FE0446B8B14046FFF732
S31500005F30A9FE2846FFF7BEFE7368E7822361237D2C
S31500005F40012B09D1214605F1D000FFF780FE284636
S31500005F50BDE8F041FFF7C2BE0023A360BDE8F081B3
S31500005F60704700002DE9F8431E46044600B9FEE7D7
S31500005F7001B9FEE702B9FEE7856905B9FEE7406AA1
S31500005F80224B9842FDD1012E02D1E369002BFCD0B1
S31500005F90EFF3108872B6A3682BB188F3108843F22A
S31500005FA02250BDE8F88305F1C409E260A1602361CF
S31500005FB048462675FFF77CFE214607464846FFF70A
S31500005FC046FE88F3108847B12EB905F10C06E26843
S31500005FD023699A4207D80020E3E72846FFF76AFEBE
S31500005FE00028F1D0DDE7EFF305835BB1EFF310870F
S31500005FF072B6AB78012B02D1304600F0F8F987F380
S315000060001088E4E70120FFF7ABFFE0E75457BBAA8F
S31500006010704700002DE9F341089D0E461F460446D1
S3150000602000B9FEE701B9FEE702B9FEE7806900B9EB
S31500006030FEE7616A514B9942FDD1012F02D1E36916
S31500006040002BFCD0EFF3108872B6A16831B188F34B
S31500006050108843F2225002B0BDE8F081012AE260C6
S31500006060A6602161277527D1D0F8BC20D0F8C030B2
S315000060709A4218D0D0F8C0202369D0F8B4C003F1F2
S31500006080010EC4F810E01CF80220F254D0F8C0301B
S315000060900133C0F8C030D0F8B830D0F8C0209A42EA
S315000060A001D3C0F8C010002D47D0236900202B6013
S315000060B0A06088F31088CEE7D0F8B8E0D0F8BC30FE
S315000060C0D0F8C0C073442161A3EB0C03B3FBFEFC04
S315000060D00EFB1C338E469A4228BF1A46236993420A
S315000060E011D3D0F8B830D0F8BC20D0F8C0101A447C
S315000060F0521AB2FBF3F103FB1122013B21469A1A15
S31500006100FFF724FECFE7D0F8C030D0F8B410D4F8AB
S3150000611010C0CB5C06F80C30D0F8C030D0F8B81000
S315000061200133C0F8C030D0F8C0308B4201D3C0F87C
S31500006130C0E0236901332361D0E72269E3689A420C
S3150000614010D3A56088F31088012F0FD1E3690BB92E
S31500006150002080E722696946206A01922A46009655
S315000061609847F5E788F31088002FF1D1E268236994
S315000061709A42EDD90120FFF74BFFF7E74452AABB3D
S3150000618070B504460D4601B9FEE700B9FEE70B6897
S3150000619003B9FEE74B6803B9FEE74FF4927200219C
S315000061A021F0D0FE6B8923802B7AA370012B2A68FD
S315000061B0C4F8B4206A68C4F8B82013D104F10C06F8
S315000061C0E968304600F0C4F8054648B92246074952
S315000061D0304600F000F922460549304600F001F944
S315000061E0284670BD43F22155FAE700BF0D5F000057
S315000061F0635D000038B50D46044600B9FEE701B9F7
S31500006200FEE7EFF3108272B683680133836082F390
S31500006210108848F6417302889A4202D188610020AC
S3150000622038BD2C220021284621F08CFE014BAC61A2
S315000062306B62F4E75457BBAAF8B50C46054600B99D
S31500006240FEE701B9FEE7028848F641739A4202D199
S3150000625088610020F8BDEFF3108772B6466866B90C
S3150000626041602C223146204621F06CFE044B30461C
S31500006270A561636287F31088ECE743F22250F9E7E1
S315000062804452AABB0123FFF76DBE002307B5009356
S315000062900123FFF7BFFE03B05DF804FB10B500B99C
S315000062A0FEE7446A034B9C42FDD1C0E90712002079
S315000062B010BD00BF5457BBAA10B500B9FEE7446A2B
S315000062C0034B9C42FDD1C0E90712002010BD00BF60
S315000062D04452AABB13B5144602B9FEE742F6AC73A4
S315000062E099420FD1104600F027FA236F43B104F10B
S315000062F07A026946606F0092012201920022984755
S3150000630002B010BD42F6AB739942F9D192F86C30E7
S31500006310002BF5D00022636E84F86C20002BEFD0A2
S31500006320E16DA06E0091216E01916946E7E70122B9
S3150000633000F17A0110B580F87820044600F080F963
S3150000634020B1002343F2215084F8783010BD0000BC
S3150000635070B504460E4601B9FEE700B9FEE700F047
S31500006360C1F80546002DFDD1B37A224608492046DC
S3150000637084F8793000F046F994F87930012B04D18D
S315000063802046BDE87040FFF7D2BF284670BD00BF6B
S31500006390D562000070B500B9FEE701B9FEE702B9A3
S315000063A0FEE790F86C604EB90126C0E9171280F836
S315000063B06C6000F083F90028FDD170BD43F22250D5
S315000063C0FBE700B9FEE790F87930012B01D1FFF722
S315000063D0AEBF0020704700B9FEE7C0E919120020E1
S315000063E0704700B9FEE7C0E91C120020704700B9EB
S315000063F0FEE700F0CBB90000354B70B553F82040EE
S3150000640034B9344B40F24711334A344821F078FA14
S31500006410334B53F82050284603F020FE82020646EE
S315000064202BD5284603F004FE830226D5E36823B362
S31500006430E1686269531C6361AB69180507D423F4EC
S31500006440FD6323F005031B051B0D022B3CD1EB69F5
S3150000645003F07F038B54626923699A420DD34FF090
S315000064600261284603F0C7FD0023E360636823B199
S31500006470A26842F6AC712046984732021ED52846DD
S3150000648003F0D6FD030219D5A369BBB1A269236A3D
S31500006490591C2162D35CEB61226AE3699A420DD3EF
S315000064A04FF40001284603F0A6FD0023A3616368AC
S315000064B023B1A26842F6AB7120469847314628467A
S315000064C0BDE8704003F0D6BDEB69DBB2C2E700BFA2
S315000064D0CCC300208AD60200BED702009DD6020099
S315000064E058D8020070B50C4686B0054630B93A4B0E
S315000064F040F21D21394A3A4821F002FA21B9394BB6
S3150000650040F21E21354AF6E78B7B0C2B04D9364B1D
S3150000651040F21F21314AEEE7344E56F8233023B9B4
S31500006520334B4FF408712D4AE5E701A803F02CFD23
S315000065306368226801A90193237A8DF80830637A8B
S315000065408DF80B30A37A003B18BF01238DF8153068
S31500006550E37A003B18BF01238DF81430237B003B00
S3150000656018BF01238DF80E30637B003B18BF012353
S315000065708DF80F3040F20113ADF81230A37B56F8B8
S31500006580230003F00FFCA0B9A37B1A492B70E27B12
S315000065906A70194A42F8235031F9132031F8133042
S315000065A0002A0ADA03F00F03144A1A44202313764A
S315000065B001E042F6AF7006B070BD114C2025A1185F
S315000065C081F80053012103F01F03520901FA03F376
S315000065D044F82230EFE700BFE9D60200D6D7020022
S315000065E09DD60200F8D6020007D7020058D802004E
S315000065F050D702008CD80200CCC30020FCEC00E08F
S3150000660000E100E008B530B9094B40F23231094AE1
S31500006610094821F075F94378012B04D1074B40F264
S315000066203631044AF4E7C0E90112002008BD00BF74
S31500006630E9D60200E3D702009DD6020097D70200F2
S3150000664010B530B9164B4FF45071164A164821F062
S3150000665057F921B9154B40F24131124AF6E722B9F2
S31500006660134B40F242310F4AF0E74378012B04D135
S31500006670104B40F246310B4AE8E7C46864B9026140
S315000066800D4B02784461C1604FF0026153F822005D
S3150000669003F098FC204610BD42F6AA70FBE700BF47
S315000066A0E9D60200FBD702009DD602007ED7020083
S315000066B08BD7020097D7020058D8020010B530B920
S315000066C0164B40F25B31164A164821F019F921B9EA
S315000066D0154B4FF45771124AF6E722B9134B40F2A5
S315000066E05D310F4AF0E74378012B04D1104B40F29D
S315000066F061310B4AE8E7846964B9C2610D4B0278DF
S31500006700046281614FF4000153F8220003F05AFC41
S31500006710204610BD42F6A970FBE700BFE9D602008D
S3150000672016D802009DD602007ED702008BD7020043
S3150000673097D7020058D8020010B5044630B90E4B60
S3150000674040F292310D4A0E4821F0DAF84378012BD7
S3150000675004D10C4B40F29631084AF4E7C3684BB1BA
S31500006760094B4FF00261027853F8220003F043FC14
S315000067700023E360002010BDE9D602002ED80200F7
S315000067809DD6020097D7020058D8020008B530B946
S31500006790054B40F2DB31054A054821F0B1F8007897
S315000067A0BDE80840FFF728BEE9D6020043D802003C
S315000067B09DD60200012008B5FFF71EFEBFF34F8FDE
S315000067C008BD022008B5FFF717FEBFF34F8F08BDBF
S315000067D0032008B5FFF710FEBFF34F8F08BD042056
S315000067E008B5FFF709FEBFF34F8F08BD052008B5B2
S315000067F0FFF702FEBFF34F8F08BD062008B5FFF76F
S31500006800FBFDBFF34F8F08BD072008B5FFF7F4FD6A
S31500006810BFF34F8F08BD082008B5FFF7EDFDBFF3A6
S315000068204F8F08BD10B506281FD8DFE810F0070007
S3150000683036007800C00008014C017A01D048B1B199
S31500006840D0F8201821F48031C0F82018D0F820188C
S3150000685021F0FF010A43C0F82028C0F83038D0F8EC
S31500006860003583F48033C0F80035002014E0D0F8FA
S31500006870203843F48033C0F82038D0F8203823F08D
S31500006880FF031A43C0F82028D0F8003583F480337C
S31500006890C0F80035D0F8400810BDB948F9B1D0F8B5
S315000068A05048D0F8501804F4007421F48031C0F830
S315000068B05018D0F8501821F0FF010A43C0F85028AC
S315000068C0C0F86038D0F8503883F48073C0F8503878
S315000068D0D0F8503803F400739C42F9D0C5E7D0F8DD
S315000068E05018D0F8503801F4007143F48033C0F8E2
S315000068F05038D0F8503823F0FF031A43C0F8502818
S31500006900D0F8503883F48073C0F85038D0F8503837
S3150000691003F400739942F9D0D0F87008BCE79848A0
S3150000692029B3D0F88048D0F8801804F4007421F414
S315000069308031C0F88018D0F8801821F0FF010A4392
S31500006940C0F88028C0F89038D0F8803883F4807377
S31500006950C0F88038D0F8803803F400739C42F9D030
S31500006960D0F8803823F48033C0F880387DE7D0F83B
S315000069708018D0F8803801F4007143F48033C0F8F1
S315000069808038D0F8803823F0FF031A43C0F88028F7
S31500006990D0F8803883F48073C0F88038D0F8803817
S315000069A003F400739942F9D0D0F8A00874E774484C
S315000069B029B3D0F8B048D0F8B01804F4007421F424
S315000069C08031C0F8B018D0F8B01821F0FF010A43A2
S315000069D0C0F8B028C0F8C038D0F8B03883F4807357
S315000069E0C0F8B038D0F8B03803F400739C42F9D040
S315000069F0D0F8B03823F48033C0F8B03835E7D0F893
S31500006A00B018D0F8B03801F4007143F48033C0F800
S31500006A10B038D0F8B03823F0FF031A43C0F8B028D6
S31500006A20D0F8B03883F48073C0F8B038D0F8B038F6
S31500006A3003F400739942F9D0D0F8D0082CE75048F7
S31500006A4001B3D0F82049D0F8201904F4007421F4D9
S31500006A508031C0F82019D0F8201921F0FF010A432F
S31500006A60C0F82029C0F83039D0F8203983F4807373
S31500006A70C0F820390346D3F8202902F40072944264
S31500006A80F9D0F2E6D0F82019D0F8203901F40071D7
S31500006A9043F48033C0F82039D0F8203923F0FF03BF
S31500006AA01A43C0F82029D0F8203983F48073C0F83F
S31500006AB020390346D3F8202902F400729142F9D016
S31500006AC0D3F84009E8E62E48A9B1D0F8E01821F439
S31500006AD08031C0F8E018D0F8E01821F0FF010A4331
S31500006AE0C0F8E028C0F8F038D0F8003483F400434A
S31500006AF0C0F80034B9E6D0F8E03843F48033C0F883
S31500006B00E038D0F8E03823F0FF031A43C0F8E02855
S31500006B10D0F8003483F40043C0F80034D0F81009EC
S31500006B20BAE61748A9B1D0F8E01821F48031C0F8C8
S31500006B30E018D0F8E01821F0FF010A43C0F8E02879
S31500006B40C0F8F038D0F8703583F00103C0F870351E
S31500006B508BE6D0F8E03843F48033C0F8E038D0F85C
S31500006B60E03823F0FF031A43C0F8E028D0F8703568
S31500006B7083F00103C0F87035D0F800098CE600BF39
S31500006B800040C84013460A460121FFF74BBE0023CA
S31500006B900A461946FFF746BE2DE9F041DDF8188092
S31500006BA0144605460E4604FA08F41F46FFF7EFFFA3
S31500006BB03146444004EA070242402846BDE8F04117
S31500006BC0FFF7E0BF2DE9F041EFF3108572B64F4CA9
S31500006BD0636913F4803325D00023C4F88430BFF3EF
S31500006BE04F8F636923F480336361BFF34F8FD4F80B
S31500006BF0803043F6E07CC3F3C907C3F34E335B0131
S31500006C0003EA0C083E4648EA867E013EC4F874E272
S31500006C10F9D2203B13F1200FF2D1BFF34F8FBFF310
S31500006C206F8F012359B93A4E3A4F34683F6847F897
S31500006C302420621C032A88BF0A4632600BE0012921
S31500006C4013D1354E354F34683F6847F82420013458
S31500006C50032C16D83460BFF36F8FBFF34F8FB9B9CB
S31500006C6000F580300122C2611EE0022903D12C4EBC
S31500006C702C4F3468E8E7032905D12B4E2B4F346897
S31500006C80E2E70022D9E785F310880420BDE8F08109
S31500006C90012906D0022935D0032905D100F5802027
S31500006CA0E0E700F50030C16143B3184A536913F4B5
S31500006CB0803323D1C2F88430BFF34F8FD2F88030AF
S31500006CC043F6E074C3F3C900C3F34E335B0103EA32
S31500006CD00407014647EA81760139C2F86062F9D2B3
S31500006CE0203B13F1200FF2D1BFF34F8F536943F4CA
S31500006CF080335361BFF34F8FBFF36F8F85F31088D7
S31500006D000020C3E700F54030ACE700BF00ED00E02F
S31500006D1010C4002000C4002014C4002004C40020B5
S31500006D2018C4002008C400201CC400200CC4002085
S31500006D30094AC0B213684340D9070BD500F00103D6
S31500006D401360BFF34F8FBFF36F8F1032136843404A
S31500006D50DB07FBD4704700BF0065CC4070B50B4E17
S31500006D6086B01822002104466D4621F0EBF80FCEBE
S31500006D700FC596E8030085E803006D460FCD0FC4E6
S31500006D8095E8030084E8030006B070BDF8C202006F
S31500006D902DE9F04F85B004469B46574E04F5802AF0
S31500006DA0564F04F54038DFF858C1DFF858E1CDE911
S31500006DB00212002210461146029B1B788BBB04F57B
S31500006DC08035ED6B9DB3EFF31082019272B6002B06
S31500006DD03AD1DEF8002004F580301032C06B00286E
S31500006DE07ED04FF0000952F82900039D854263D1F9
S31500006DF009F1010052F8200028B100F07F42B2F1FB
S31500006E00405F18BF0120ABBBDEF80050012205EB46
S31500006E108905C5E9043304F580335A63012200234A
S31500006E2052E0012B07D0022B08D0032B09D0BBF16F
S31500006E30010FC1D14EE004F50035C2E7D8F83C5049
S31500006E40C0E7DAF83C50BDE7012B05D1DCF800209D
S31500006E5004F500301032C1E7022B04D13A68D8F8A5
S31500006E603C001032BBE7032B40D13268DAF83C0015
S31500006E701032B4E7012B09D1DCF8002002EB8902BD
S31500006E80C2E9041104F500325363C7E7022B08D1A7
S31500006E903B6803EB89090123C9E90411C8F83430BA
S31500006EA0BCE7032BBAD1336803EB8903C3E90411AA
S31500006EB00123CAF83430B1E709F10209B9F1080F24
S31500006EC091D1002201231046019D85F31088BBF164
S31500006ED0010F07D10AB941F69C0005B0BDE8F08F55
S31500006EE00246EFE7002B7FF467AFF6E7BBF1010F31
S31500006EF0F1D0042000225FE70CC4002008C4002063
S31500006F0004C4002000C40020F0B5C1B017460446F2
S31500006F10E8220D4606A800211E4621F013F8144A61
S31500006F20144B012FCDE90023134A736814BF13498C
S31500006F301349039232680293049205910AB9114AE1
S31500006F40039293B1059B43F4806305936A462978BF
S31500006F502046FFF737FE03460028F7D16A46294642
S31500006F602046FFF715FF41B0F0BD064B0193EDE754
S31500006F70060080B020002012040082120600508213
S31500006F8016005082020000A070B5C0B01646044636
S31500006F90F0220D4604A8002120F0D4FF0E4B0F4A24
S31500006FA00296CDE900230E4B03938EB103F50063E1
S31500006FB003936A4629782046FFF704FE0346002815
S31500006FC0F7D16A4629462046FFF7E2FE40B070BD7B
S31500006FD0044B0193EDE700BF20002012040080B0AF
S31500006FE000105082020000A02DE9F041044686B050
S31500006FF001200D46FFF79CFE4FF0004328686360B2
S315000070004FF0104363604E4B636030B94D4B40F216
S31500007010BE614D4A4D4820F073FC4D4E3022002192
S315000070200027306020F08EFF4A4B326804261F602E
S3150000703004F5803368685A601032DE605A62DE6298
S3150000704090B1DFF82C8130223946C8F8000020F0D4
S3150000705079FF414BD8F800201F6004F500335A60D1
S315000070601032DE605A62DE62A86888B13B4E30227A
S315000070700021306020F066FF394B002204211A609F
S3150000708004F5403332685A601032D9605A62D962C8
S31500007090E86898B1334E30220021306020F052FF6C
S315000070A0314B002204211A6004F1041332681A607D
S315000070B004F580231032D9605A62D9622B4B002224
S315000070C0C4F800366B7C297C9B008DF80C2001F0FF
S315000070D0030103F00C030B4343F48053CDE9012273
S315000070E0C4F80036D4F8C02612F003020ED0D4F845
S315000070F00034ABB12B7D0020AA7C5B0243EAC2239D
S31500007100AA7D02F003021343E36006E001AB03A984
S315000071102046FFF7F9FE0028E9D006B0BDE8F08169
S31500007120D4F82034002BE5D1D4F84024002AE1D14C
S3150000713003A92046FFF728FF0028DBD0EDE700BFB4
S3150000714000230800A6D802000FD90200C2D8020008
S3150000715000C4002010C4002014C4002008C400206D
S3150000716018C400200CC400201CC4002041100100DB
S3150000717004C400202DE9F84F1C4605460E46184665
S3150000718017461E4924229DF83080DDF834B0DDE92B
S315000071900AA920F0AFFE236843F009022260BBF182
S315000071A0000F1DD06369C4F808B043F4006363613F
S315000071B0012FC4F8109002BF636943F010036361A6
S315000071C0B8F1020FC4E907A910D1636943F48073CB
S315000071D06361224631782846BDE8F84FFFF7F2BCD6
S315000071E043F4403343F009032360E1E7B8F1010FAC
S315000071F0EFD1636943F40073EAE700BF1CD90200CC
S315000072002DE9F041C6B0044615461F469DF8346187
S3150000721041F69C084E9B2A4620460591CDE902631D
S315000072204C9BCDE9007306ABFFF7A4FF40450599DB
S31500007230F0D020B9034606AA2046FFF7A9FD46B0BE
S31500007240BDE8F08100294FF4803214BF04210821E3
S31500007250FFF798BC00294FF4004214BF042108210F
S31500007260FFF790BC000000000238002138B5C4B218
S315000072702DED028B2046FFF78AFC3021054620467D
S31500007280FFF785FC202108EE100A2046FFF77FFC59
S3150000729007EE900AB8EE488B05F07F03B8EE675B01
S315000072A0012006EE103AC5F3426585EE087B00FA2A
S315000072B005F5B8EEC66BBDEC028B37EE066B9FED9F
S315000072C0087B26EE076B07EE905AB8EEE77B86EE54
S315000072D0075BFCEEC57B17EE900A38BDAFF3008066
S315000072E00000000060E37641094A46F66063D15823
S315000072F0C9070BD40121D150BFF34F8FBFF36F8F56
S3150000730002F5DC4270321368DB07FCD5704700BF1C
S315000073100000CC4010B54FF4005204460421FFF79C
S3150000732031FC0649E12000F05FFD20464FF4005293
S315000073300821BDE81040FFF725BC00BF00CA9A3BF4
S3150000734001282DE9F74304460E4617461D46DDE99A
S315000073500A8904D04FF480420821FFF713FCB9F1E3
S31500007360000F0DD0B9F802001021B9F80020C0F3C3
S315000073700E0040EA0242204642F40042FFF702FCB9
S31500007380424630212046FFF7FDFB3A4620212046A3
S31500007390FFF7F8FB00217F23324620460091FFF7D6
S315000073A0FBFB012C08D019232A4600212046009316
S315000073B04FF06063FFF7F0FB4FF480022046042194
S315000073C0FFF7E0FB0649642000F00EFD4FF4C042D3
S315000073D00421204603B0BDE8F043FFF7D3BB00BF4E
S315000073E000CA9A3B426838B5A2F168030546682B85
S315000073F005D9314B7821314A314820F081FA314B99
S31500007400D3F80012880422D5D3F800128A431ED17D
S31500007410D3F800222978D24302EAC13212F4C03FDF
S3150000742015D1D3F80022510405D4D3F8002242F432
S315000074308042C3F80022234BD3F80022520005D520
S31500007440D3F8002222F08042C3F8002238BD1D4C3A
S31500007450204602F055FFD4F8003213F4C04F23F053
S31500007460005322D12C782A79E403164D04F4C03453
S315000074701443154A1A40144344F0804343F400531E
S31500007480C5F80032BFF34F8FBFF36F8F0F491E2031
S3150000749000F0AAFCD5F800329B00FBD524F080440E
S315000074A044F4C044C5F80042D0E723F4C04343F097
S315000074B08043C4F80032D5E740D90200D5DA02008D
S315000074C0B1D902000040C840007FFEDF00CA9A3BE7
S315000074D038B5414B0446D3F8402212022AD598B15A
S315000074E0D3F86032027A1D0400D46AB161683A4B5F
S315000074F00D88D3F860024B88C3F30E0343EA0543B5
S3150000750043EAC233834215D1334BD3F84022900469
S3150000751005D4D3F8402242F40052C3F84022D3F8EF
S315000075204022510005D5D3F8402222F08042C3F80C
S31500007530402238BD284D284602F0E2FED5F87032CA
S31500007540264A43F08033C5F87032D5F840321342EC
S3150000755007D023F4000323F4005343F08043C5F817
S3150000756040329CB1237A8BB162687AB123681A499A
S3150000757023F040431088C1F8A0325388C3F30E03AA
S3150000758043EA004343F40043C1F86032124C1E2024
S31500007590134B1449C4F8403200F026FC124B114933
S315000075A0FA20C4F8403200F01FFC104BC4F84032F9
S315000075B02346D3F840229200FBD50D4AC3F8402259
S315000075C002F14042C3F84022D3F8702202F07F3223
S315000075D0C3F87022ADE700BF0040C840002080001D
S315000075E00800004000CA9A3B080880400800804016
S315000075F008208040232AF7B506D92B4B40F23511D7
S315000076002A4A2B4820F07CF90B2A04D8294B4FF440
S315000076109B71264AF5E7022806D0032841D0264B5F
S315000076204FF4A271214AECE7244E254BCC003F27AC
S315000076301D688020A740D3F800C0A0403D40E5402B
S31500007640AA4206D108250CEA000CCD403CFA05F505
S3150000765025D04025D3F800C0A240A5400CEA050C71
S31500007660CDF804C0D3F800C040EA0C0CC3F800C043
S31500007670D3F800C02CEA07071F601F683A431A6058
S315000076800222346802FA01F1614031601A6822EA86
S31500007690000018601A6801992A408A42FAD003B09D
S315000076A0F0BD084E084BC1E7FFD90200E6DA02003A
S315000076B0B1D902001DDA02003BDA02005042C8408E
S315000076C07042C8402042C8403042C84008B5831EB8
S315000076D0DBB2012B06D9154B4FF4C371144A15487A
S315000076E020F00EF9C9003F230328134A03FA01F3D9
S315000076F00BD0D2F870021840104BC8400B2809D89E
S315000077000F4B40F29B110A4AE9E7D2F830021840C3
S315000077100C4BF2E7232804D90B4B4FF4CE71044AE5
S31500007720DDE7B3FBF0F01223584308BD41DA02004F
S31500007730F4DA0200B1D902000040C84000A4781F64
S3150000774074DA020000389C1C93DA020010B5214C52
S31500007750D4F8103213F4001F234614D0D4F81022A4
S31500007760910405D4D4F8102242F40052C4F8102231
S31500007770D3F81022520005D5D3F8102222F0804209
S31500007780C3F8102210BD204602F0BAFDD4F83032FC
S3150000779011491E2043F08033C4F830320F4BC4F831
S315000077A0103200F021FB0E4B0B491E20C4F810329C
S315000077B000F01AFB0B4BC4F81032D4F810329B00C1
S315000077C0FBD5094BC4F8103203F14043C4F810321C
S315000077D0D8E700BF0040C84000CA9A3B10000040EE
S315000077E010082040100020401820204008B5052829
S315000077F031D8DFE800F0030F14202C2E194AD2F8F6
S31500007800003221B143F40033C2F8003208BD23F43C
S315000078100033F9E70120BDE80840FFF713BD114A20
S31500007820D2F8403221B143F48033C2F84032EDE75A
S3150000783023F48033F9E70B4AD2F8103221B143F42E
S315000078408033C2F81032E1E723F48033F9E70220EF
S31500007850E1E70320DFE7044B40F22521034A044811
S3150000786020F04EF80040C8403BDA020005DB02007B
S31500007870B1D9020073B52C4D0446284602F040FDEE
S31500007880D5F800630121022006F02026FFF7DAFC76
S31500007890B6F1202F1BD1D5F800330021022023F4A6
S315000078A00053C5F80033D5F8003343F48043C5F8D8
S315000078B00033FFF7CFFC4FF4804208210220FFF788
S315000078C061F94FF4800208210220FFF75BF9164A9E
S315000078D0207CD2F8003343F40053C2F800332178F9
S315000078E062686378A56800B1E0680F4CCDE9005086
S315000078F00220FFF725FD0220FFF70CFDD4F8003328
S315000079009B00FBD501210220FFF7A4FCD4F800332D
S315000079100021022023F48043C4F8003302B0BDE8FE
S315000079207040FFF78FBC00BF0040C84008B5114B40
S3150000793000210320D3F8502322F40052C3F8502329
S31500007940D3F8502342F48042C3F85023FFF782FC59
S315000079504FF4804208210320FFF714F90021032089
S31500007960FFF778FC4FF4800208210320BDE80840A9
S31500007970FFF708B90040C84037B52A4C05462046EF
S3150000798002F0BEFC01210846FFF75CFCD4F8C032C9
S3150000799043F40053C4F8C0322B7A13B16B68002B42
S315000079A03DD100236FF07042292101201D4CCDE905
S315000079B000231D4AFFF7C4FC0120FFF7ABFCD4F8F7
S315000079C0C0329B00FBD501210846FFF743FCD4F8E3
S315000079D0C03223F48043C4F8C0322B78ABB9D4F854
S315000079E0C03223F000736A78C4F8C0320D4B8AB9EE
S315000079F0D3F8C02222F0806200210120C3F8C02201
S31500007A0003B0BDE83040FFF71DBCD4F8C03243F0E8
S31500007A100073E8E7D3F8C02242F08062ECE703B0D7
S31500007A2030BD00BF0040C840AAAAAA0A10B5044645
S31500007A3030210420FFF7ABF820F4A0623CB942F4F1
S31500007A40807230210420BDE81040FFF79BB8012C5E
S31500007A5008BF42F48062F4E708B5052823D8DFE8BA
S31500007A6000F00503292B1C20144808BD144B0220E6
S31500007A70D3F80022D3F80032C3F3C133013300FA3E
S31500007A8003F31048B0FBF3F0D3B258430028ECD10F
S31500007A900D4B40F2D1510D4A09E00420FFF7E4FBFB
S31500007AA0F4E70520FAE70A4B40F2CE51074A0948A7
S31500007AB01FF026FF0848D8E70848D6E700CA9A3BD1
S31500007AC00040C84000366E01B2DA020018DB020040
S31500007AD03BDA0200B1D9020000A4781F00389C1CD2
S31500007AE010B51E2860D8DFE800F01067696569697F
S31500007AF0121216161823252729292B303335373924
S31500007B00393B3D444446464848002D4810BD0020B8
S31500007B10FFF7A2FF05E00220FAE700210220FFF7A7
S31500007B20D5FD0028F2D1274B4FF4C861264A3FE025
S31500007B300121F3E70221F1E70321EFE70320E7E75D
S31500007B400320FFF789FF4008EBE700210320E6E763
S31500007B500121FBE70221F9E70321F7E70120D7E737
S31500007B600120EEE70120FFF777FF0523B0FBF3F0D6
S31500007B70D7E70420CCE70520CAE7144C144A23684B
S31500007B80C3F30223D05CFFF7ABFF23680246DBB2E8
S31500007B9001339A42B0FBF3F0C3D20E4B40F6C50157
S31500007BA00D4A0E481FF0ACFE0D4B40F23D61064AF1
S31500007BB00C48F7E70C48A9E70C48A7E70C48A5E7E7
S31500007BC00024F400B2DA020029DB02000000CC40F7
S31500007BD037DB020036CC0200BEDA02003BCC0200E4
S31500007BE03BDA0200B1D902000084D717006CDC0230
S31500007BF000366E01044B1A6D22F001021A651A6EE8
S31500007C0042F001021A6670470040C84001207047E2
S31500007C1008B50846FFF768FB294B4FF00042294993
S31500007C209A63294AC3F8A420B1FBF0F200FB1210B4
S31500007C30002843D192B21E2A0FD80C2A0FD90D3A2A
S31500007C40112A3BD8DFE802F00E3A312E3A3A3A2BA7
S31500007C503A283A3A0C3A3A3A3A34F02A2BD008BD46
S31500007C604FF0A070D3F8A0104FF4803221F0E071ED
S31500007C700843C3F8A000C3F8A8204022C3F8A420F4
S31500007C804FF080429A6300225A600D4AD2F8A03023
S31500007C90002BFBDA0120E2E74FF08070E2E74FF4B9
S31500007CA04000DFE74FF40000DCE74FF48000D9E73F
S31500007CB04FF0C070D6E74FF0E070D3E70020CEE774
S31500007CC00040434000389C1C0010200001207047F3
S31500007CD008B50846FFF708FB294B4FF00042294933
S31500007CE09A63294AC3F8A420B1FBF0F200FB1210F4
S31500007CF0002843D192B21E2A0FD80C2A0FD90D3A6A
S31500007D00112A3BD8DFE802F00E3A312E3A3A3A2BE6
S31500007D103A283A3A0C3A3A3A3A34F02A2BD008BD85
S31500007D204FF0A070D3F8A0104FF4803221F0E0712C
S31500007D300843C3F8A000C3F8A8204022C3F8A42033
S31500007D404FF080429A6300225A600D4AD2F8A03062
S31500007D50002BFBDA0120E2E74FF08070E2E74FF4F8
S31500007D604000DFE74FF40000DCE74FF48000D9E77E
S31500007D704FF0C070D6E74FF0E070D3E70020CEE7B3
S31500007D800080434000389C1C0010200038B5431E7C
S31500007D904D420C460B442B40984201D9002038BD79
S31500007DA06FF00402521A9A42F8D3081D184420F0C4
S31500007DB083F80028F2D0033443F2390304442C40FC
S31500007DC0201A24F8043C24F8020C2046E7E730F891
S31500007DD0041C43F23902914204D130F8023CC01A25
S31500007DE020F072B87047000038B5002845D0A0FBD7
S31500007DF00145224A002320462946F9F7AFFA0B46E9
S31500007E001F4902464FF0FF30A94208BFA04205D2E3
S31500007E101C4BC5211C4A1D481FF072FD1C49C86831
S31500007E20C50103D4C86840F08070C8601949086865
S31500007E30840103D5184B8221184AECE70868C0076D
S31500007E4003D4086840F0010008604968114C5218D4
S31500007E5043F10003012B08BF002A08D3013243F186
S31500007E60FF33002160688B4208BF8242F9D30021AC
S31500007E706068994208BF9042F9D338BD40420F006E
S31500007E803F420F00AFDD020069DE0200C3DD0200E3
S31500007E90F0ED00E0001000E016DE020053DE020006
S31500007EA0F8B5866905460C4606F4C0138661B3F537
S31500007EB0C01F3AD0002B38D04B7F06F48016022B19
S31500007EC021D1087D4A7DC3B29042D1B236BF5A1D38
S31500007ED05A1A521AD2B2032A15D83EB3EA6A44F89D
S31500007EE023200133276ADBB2052B28BF0023237525
S31500007EF0637F013BDBB263772FB1636A40F657328B
S31500007F0021462846B847637F012B0ED8237F8BB1C5
S31500007F10A269237F013BDBB223771368A3613EB1DD
S31500007F20EA62637F0133DBB26377F8BDAA6AD6E7FC
S31500007F30AA62F6E716B9EB6AAB62F6E7AB6AEB62E2
S31500007F40F3E70000B0F1814F08B505D0034BB5212A
S31500007F50034A04481FF0D4FC002008BD7CDE020062
S31500007F60EADE02009EDE02000A4947F2A002C0B223
S31500007F708B584340DB070BD500F001038B50BFF352
S31500007F804F8FBFF36F8F044A13684340DB07FBD460
S31500007F90704700BF0000CC40B070CC4011F0010F1C
S31500007FA010B508BF0023046818BF2023890724F4EE
S31500007FB0807248BF43F0400302601A4302600268C1
S31500007FC01A42FCD1046010BD11F0010F0CBF002352
S31500007FD04FF480438A07826848BF43F400531A432C
S31500007FE0826082681A42FCD170470000836C23F0DD
S31500007FF000438364836823F4805383600023836093
S31500008000836843F4004310B58360846814F4004425
S31500008010FBD10321FFF7C2FF0321FFF7D5FF8369D9
S315000080208361054B03604FF450434460846083646E
S315000080300463446310BD00BF0008004070B50446E9
S315000080400D4631B9364B40F21911364A36481FF003
S3150000805057FC0B880E7A5E4373075BD14B89590731
S3150000806058D1FFF76FFF0120FFF77EFF2046FFF78D
S31500008070BDFF6A68AB891343EA7B42BB43F4807356
S315000080802360AA7B2B7A2ABB022B45D12A8853432D
S315000080906A8842EA0343720663636B89A3EB0603AD
S315000080A04FEAD3032363A36843F00103A3601FD100
S315000080B04FF040436360A36823F0700343F020034E
S315000080C020460121A360FFF77FFF002070BD43F02B
S315000080D08043D3E7042B03D1A36C43F00803A364C6
S315000080E0012A03D1A36843F00803A3600123CDE767
S315000080F0B30608D14FF000436360A36823F0700312
S3150000810043F01003DCE74FF080436360A36823F07D
S315000081107003D5E70420D9E7042BE7D1DCE700BFDD
S31500008120F8D60200FADE02009EDE02000B0C0268A0
S315000081301B0413430360CBB282688909134301F41D
S315000081407F718360836C19438164704710B50C0C92
S315000081500268240422EA0402CCB289090260826819
S3150000816001F47F7122EA04028260826C22EA010134
S315000081708164FFF7E7FE054B4FF08072C3F8842059
S31500008180BFF34F8FBFF36F8F10BD00BF00E100E05C
S31500008190F8B5054617461E460C4631B90E4B40F259
S315000081A082210E4A0E481FF0ABFB282200212046F2
S315000081B01FF0C8FE2846C4E90876FFF7C3FE094B40
S315000081C0094A43F82040094B1A60094B4FF0807268
S315000081D05A600020F8BD00BFE9D6020003DF0200A6
S315000081E09EDE020020C40020A17E000024C40020E0
S315000081F000E100E038B50C4631B91D4B40F2A9212B
S315000082001C4A1D481FF07CFB0B7F012B2CD9836C6D
S3150000821023F4402323F0300343F0300383648A6958
S315000082200B7F013BDBB20B7713688B6182628A6935
S315000082300B7F013BDBB20B7713688B610223C262B3
S315000082404B770121FFF7C0FE01234FF4C011A3773E
S31500008250FFF76CFF836843F480538360836C43F0BD
S3150000826000438364002038BD40F65430FBE700BF6E
S31500008270E9D602001CDF02009EDE020038B5054684
S315000082800C4631B9144B40F2DD21144A14481FF054
S3150000829037FB836C4FF4C01123F00043836483687B
S315000082A023F480538360FFF751FF617F0023C9B237
S315000082B0A3776377DAB28A4201D3002038BD4AB188
S315000082C0EA6AA06901331060A261227F0132D2B24C
S315000082D02277EFE7AA6AF4E7E9D602002EDF02006A
S315000082E09EDE020010B5046824F4C01303608B6997
S315000082F013608A610B7F0133DBB20B7704600020C9
S3150000830010BD10B54C7D0B7D9C4211D0046824F441
S31500008310C01303604B7D51F8233013604B7D01334E
S31500008320DBB2052B28BF00234B750460002010BD6F
S3150000833040F65530FBE70000054A4FF0814008B58E
S31500008340044B11681B689847BFF34F8F08BD00BFE9
S3150000835020C4002024C40020836823F0806323F017
S3150000836001038360C36823F01003C360C36843F04E
S315000083700803C360036923F4606343F42063036165
S31500008380436923F4C0134361436943F48023436183
S31500008390704700001F2910B506D90D4B40F2013178
S315000083A00C4A0D481FF0ACFA00EB411241F21C03D7
S315000083B0D45AC36A406ACB40C8405B00800003F0D1
S315000083C0020300F004000343C4F3C010184310BDB9
S315000083D0AFDF020039E0020062DF02002DE9F04162
S315000083E0044630B92D4B4FF4AF612D4A2D481FF08E
S315000083F087FA037C41F21C078168CB7701EB4311B6
S31500008400C368CA5B056802F08006C2F3C01233B9BE
S31500008410002D2DD0AC464168BDE8F041604741F2E1
S3150000842018000858CF5BC11ABFB24B0916B3DBB2AE
S31500008430617C58B28B4226D1E37C217D994201D0E2
S31500008440FF0628D4E37C5BB26074E17CC91A49B2AA
S31500008450E17415B161682046A8474EB1A36841F2A0
S315000084601C01227C03EB4210415AC90600D51A773B
S31500008470BDE8F0811F2901D9013BD8E7237D013BE7
S3150000848003F0FF03D4E7617C49B25B1ADCD5217D9A
S3150000849043FA81F3D8E70023D6E700BF0DE00200D8
S315000084A054E0020062DF020000210B4808B5FFF726
S315000084B071FF420703D5094B1868FFF78FFF10219C
S315000084C00548FFF767FF430703D5044B186CFFF712
S315000084D085FFBFF34F8F08BD0000074028C400206A
S315000084E001210B4808B5FFF755FF420703D5094B95
S315000084F05868FFF773FF11210548FFF74BFF430745
S3150000850003D5044B586CFFF769FFBFF34F8F08BDC7
S315000085100000074028C4002002210B4808B5FFF7D9
S3150000852039FF420703D5094B9868FFF757FF122119
S315000085300548FFF72FFF430703D5044B986CFFF759
S315000085404DFFBFF34F8F08BD0000074028C4002031
S3150000855003210B4808B5FFF71DFF420703D5094B5A
S31500008560D868FFF73BFF13210548FFF713FF4307C2
S3150000857003D5044BD86CFFF731FFBFF34F8F08BD0F
S315000085800000074028C4002004210B4808B5FFF767
S3150000859001FF420703D5094B1869FFF71FFF142196
S315000085A00548FFF7F7FE430703D5044B186DFFF7A1
S315000085B015FFBFF34F8F08BD0000074028C40020F9
S315000085C005210B4808B5FFF7E5FE420703D5094B21
S315000085D05869FFF703FF15210548FFF7DBFE430740
S315000085E003D5044B586DFFF7F9FEBFF34F8F08BD57
S315000085F00000074028C4002006210B4808B5FFF7F5
S31500008600C9FE420703D5094B9869FFF7E7FE162115
S315000086100548FFF7BFFE430703D5044B986DFFF7E8
S31500008620DDFEBFF34F8F08BD0000074028C40020C1
S3150000863007210B4808B5FFF7ADFE420703D5094BE6
S31500008640D869FFF7CBFE17210548FFF7A3FE4307BE
S3150000865003D5044BD86DFFF7C1FEBFF34F8F08BD9E
S315000086600000074028C4002008210B4808B5FFF782
S3150000867091FE420703D5094B186AFFF7AFFE182192
S315000086800548FFF787FE430703D5044B186EFFF72F
S31500008690A5FEBFF34F8F08BD0000074028C4002089
S315000086A009210B4808B5FFF775FE420703D5094BAC
S315000086B0586AFFF793FE19210548FFF76BFE43073B
S315000086C003D5044B586EFFF789FEBFF34F8F08BDE5
S315000086D00000074028C400200A210B4808B5FFF710
S315000086E059FE420703D5094B986AFFF777FE1A2110
S315000086F00548FFF74FFE430703D5044B986EFFF777
S315000087006DFEBFF34F8F08BD0000074028C4002050
S315000087100B210B4808B5FFF73DFE420703D5094B71
S31500008720D86AFFF75BFE1B210548FFF733FE4307B8
S3150000873003D5044BD86EFFF751FEBFF34F8F08BD2C
S315000087400000074028C400200C210B4808B5FFF79D
S3150000875021FE420703D5094B186BFFF73FFE1C218C
S315000087600548FFF717FE430703D5044B186FFFF7BD
S3150000877035FEBFF34F8F08BD0000074028C4002018
S315000087800D210B4808B5FFF705FE420703D5094B37
S31500008790586BFFF723FE1D210548FFF7FBFD430736
S315000087A003D5044B586FFFF719FEBFF34F8F08BD73
S315000087B00000074028C400200E210B4808B5FFF72B
S315000087C0E9FD420703D5094B986BFFF707FE1E210B
S315000087D00548FFF7DFFD430703D5044B986FFFF706
S315000087E0FDFDBFF34F8F08BD0000074028C40020E1
S315000087F00F210B4808B5FFF7CDFD420703D5094BFE
S31500008800D86BFFF7EBFD1F210548FFF7C3FD4307B4
S3150000881003D5044BD86FFFF7E1FDBFF34F8F08BDBB
S315000088200000074028C4002008B5084B984209D02C
S31500008830A3F58043984207D0054BB821054A064860
S315000088401FF05EF8002008BD0120FCE70040424012
S31500008850BCE00200DFE002006FE0020070B50546F2
S315000088604668FFF7E1FF0446AB681E4016F0406F0E
S3150000887009D0134B53F820302BB11249002251F87E
S3150000888020102846984716F0407F09D00E4B53F823
S3150000889024302BB10B490022284651F82410984762
S315000088A00A4B1E420AD00A4B53F8243033B1054A0C
S315000088B0284652F82410BDE87040184770BD00BF26
S315000088C0C0C40020A8C40020B8C4002000007C60FA
S315000088D0B0C4002070B504464668FFF7A5FF0546FC
S315000088E0A3681E4016F00C0F09D00C4B53F820302D
S315000088F02BB10B49012251F8201020469847B307A7
S315000089000BD0084B53F825303BB1054920460122D0
S3150000891051F82510BDE87040184770BDC0C400204E
S31500008920A8C40020B8C4002070B504464668FFF706
S315000089307BFF0546A3681E4016F0C00F09D00D4BFD
S3150000894053F820302BB10C49022251F82010204652
S31500008950984716F0300F0BD0084B53F825303BB133
S3150000896005492046022251F82510BDE870401847F7
S3150000897070BD00BFC0C40020A8C40020B8C4002039
S31500008980FFF752BF034808B5FFF768FFBFF34F8FE5
S3150000899008BD00BF00404240034808B5FFF7F0FF9E
S315000089A0BFF34F8F08BD00BF00404240034808B5E3
S315000089B0FFF754FFBFF34F8F08BD00BF00004240D2
S315000089C0034808B5FFF786FFBFF34F8F08BD00BF0A
S315000089D000004240034808B5FFF7A6FFBFF34F8FDC
S315000089E008BD00BF00004240034808B5FFF7C8FFB6
S315000089F0BFF34F8F08BD00BF00004240036843F03D
S31500008A00010303600368DB07FCD47047D0F8E0304D
S31500008A1013F0020304D0D0F8E00000F00100704724
S31500008A201846704708B5034A7421034B03481EF0E5
S31500008A3067FF00BF7EE10200F0E00200FCE00200FA
S31500008A4008B568B1084B984209D003F580439842AF
S31500008A5007D0064B8B21064A06481EF051FF01201F
S31500008A6008BD0220FCE700BF00C00C404CE102003C
S31500008A708DE10200FCE0020008B540F60A030B4057
S31500008A8024D00A0509D40A071AD48A071BD4104B26
S31500008A90E521104A10481EF033FF41F6593241696C
S31500008AA00B434361D0F8BC3043F00103C0F8BC303F
S31500008AB0D0F8B83043F00103C0F8B830104608BD0E
S31500008AC041F65A32EBE741F65B32E8E71A46F5E73C
S31500008AD03BDA0200A1E10200FCE00200F8B50D4617
S31500008AE00446FFF7ADFF564B564A1B5C5B01D15857
S31500008AF0C9070AD40121D150BFF34F8FBFF36F8F3F
S31500008B0010321A441368DB07FCD5236820464E4F03
S31500008B1023F002032360FFF771FFAB7AEA780020A7
S31500008B201B0443EA02332A78120102F0300213438F
S31500008B302A7C43EA02636A7843EA82332A7943EA63
S31500008B40C223AA7843EA4233AA7B43EAC213EA7BEA
S31500008B5043EA82132A8943F0020323606B8A43EABD
S31500008B6002436360394BA1682A7D0B4043EA0263E6
S31500008B706A7943EAC243AA7943EAC23395F84620A2
S31500008B8043EAC22395F84720A360E36823F07803FD
S31500008B9043EA821395F8482043EA421395F84920A0
S31500008BA043EA021395F84A2043EAC2032A46E360E1
S31500008BB004EB8006917E01300632336A082803EA08
S31500008BC0070343EAC173117C4FEA016101F0E061DA
S31500008BD043EA0103517C4FEA014101F4702143EA63
S31500008BE00103518AC1F3C90143EA01033362DFD1AC
S31500008BF0D4F8B83023F07C03C4F8B8302B7BD4F813
S31500008C00B820DB08013B9B0003F07C031343C4F848
S31500008C10B830D4F8BC3023F07C03C4F8BC30EB7A0F
S31500008C20D4F8BC20DB08013B9B0003F07C03134314
S31500008C30C4F8BC30002323666366A366E366F8BD0A
S31500008C40CEE102000060CC4000FCF078FF77F70030
S31500008C5038B508B9FFF7E6FE00F14C0102460023DD
S31500008C6002F8013B9142FBD14FF4807240F6FF01BE
S31500008C70038042804FF6FF72838083714181082111
S31500008C80C38120230281017300210274428200F114
S31500008C904602037500F1160303F8011B9A42FBD145
S31500008CA0034600F1240401210F250022997606339C
S31500008CB05D745A82A342F9D14FF4807380F83E1056
S31500008CC080F844108387A0F842304FF00003A0F8E4
S31500008CD04620A0F8482080F84A3038BD10B5520822
S31500008CE004462046FFF792FE0028FAD02368C3F315
S31500008CF00113032B31D10B797BBB0868194B9842C2
S31500008D002ED88B7C4FF47A704B215843B0FBF1F38D
S31500008D105943884288BF01335B0203F4FC4343F4A2
S31500008D20807302F13001002A44F8213008BF032283
S31500008D30216818BF4FF44032DB0721F002012160A1
S31500008D400AD5D4F8E83032EA0303FAD1642300BF27
S31500008D50013B13F0FF03FAD110BD4FF48073E0E737
S31500008D607923DEE7FFE0F505F8B504460D4656081B
S31500008D702046FFF74BFE0028FAD0AB6804EB8200D2
S31500008D80E98903666B7CB5F81AC003F01F03354FFB
S31500008D9043EA0143297D07EA0C4743EA8123297BFD
S31500008DA0C90389B20B43297C490101F478710B434D
S31500008DB0E97CC90201F4F0410B432B490367D0F863
S31500008DC0803019406B7E1B0703F0E0433B430B43A7
S31500008DD0A97D41B16F7D01393F02490307F47067F0
S31500008DE089B239430B43297E39B10139EF7D4901F7
S31500008DF007F00F07C9B239430B43C0F88030294644
S31500008E002046FFF76BFF23682A7F43F002032360A7
S31500008E10D4F89430D2B123F00103C4F89430D4F8D6
S31500008E209430B6B923F00403C4F89430D4F89430DF
S31500008E3043EA8203C4F89430236823F002032360D4
S31500008E402046FFF7E3FD0028FAD0F8BD43F0010302
S31500008E50E3E723F00803C4F89430D4F8943043EAE7
S31500008E60C203E7E70000FF0F101000803F2970B52E
S31500008E7004461E4606D9104B4FF40B710F4A104894
S31500008E801EF03EFD2046FFF7C1FD0028FAD08031D6
S31500008E900C4D0223002004EB8101A561E361B04281
S31500008EA003D10123A561E36170BD52F8203041F87A
S31500008EB020300130F3E700BF72E10200BCE102009E
S31500008EC0FCE00200F05AF05A2DE9F843D0F8BC3025
S31500008ED006460F461446C3F3840301335D004FEA8A
S31500008EE0C3080CBF4FF00409C14614B92046BDE8BB
S31500008EF0F88371694B06FCD53046FFF7BDFD0028A7
S31500008F00F5D1A04511D8034657F8232003F1600197
S31500008F10013346F821209D42F6D84F44A4EB0804BD
S31500008F20736943F040037361DFE703340346A40823
S31500008F3057F8232003F16001013346F821209C42B3
S31500008F40F6D107EB84070024EAE72DE9F843D0F8C9
S31500008F50B850044688469146C5F384050135EE00AF
S31500008F606D0014BF37460427B9F1000F01D14846FA
S31500008F700DE04E4512D9D4F8F030DBB2B9EBC30F91
S31500008F800FD961692046FFF777FD0028F3D0BDE8C9
S31500008F90F8832046FFF770FD0028F8D161698B063B
S31500008FA0F7D561692046FFF767FD0028EFD14E45EA
S31500008FB010D800F1400354F8233048F8203001302F
S31500008FC08542F6D8B844A9EB0609636943F0200345
S31500008FD06361C9E709F103094FEA990900F1400302
S31500008FE054F8233048F8203001308145F6D108EB9B
S31500008FF089084FF00009E8E738B50B790D460446B5
S3150000900000EB8303D3F8802042F00042C3F88020AF
S31500009010436943F01E0343610B68C0F8A030D0F8E3
S31500009020BC3043F00103C0F8BC30D0F8B83043F090
S315000090300103C0F8B8304979AA794B1E1204022BF5
S31500009040EB7902F4702203F1FF3394BFA889002064
S315000090501B0603F0E06313430343C4F8A430D4F8BB
S31500009060B03043F00103C4F8B03001F0FD03012B2A
S3150000907012D12046D5E90212FFF726FF0246204606
S31500009080FFF7C4FC0028FAD06B797BB961692046EA
S31500009090BDE83840FFF7F0BC022905D12046D5E9E6
S315000090A00212FFF752FFE9E70022E8E7104638BD53
S315000090B0044A0548516808B5044B1B689847BFF336
S315000090C04F8F08BDC8C4002000C00C40D4C4002087
S315000090D01F2908B505D9084B7121084A08481EF012
S315000090E00FFC012303FA01F112B9C0F8881008BD7C
S315000090F0C0F88410FBE700BFD1E102005CE2020089
S31500009100DBE1020010B50124C3690F2902F1FF3229
S3150000911004FA01F488BF103923EA0403C36194BF3B
S3150000912000F10C0300F11003042A0BD8DFE802F06B
S31500009130030B151D2400480003211A68814022EA0A
S315000091400101196010BD4C0003201A680121A040DE
S3150000915022EA0002A1401143F3E74C0003201A68FB
S315000091600221A04022EA0002F4E74900032218681F
S3150000917002FA01F10143E4E7C3691C43C461E1E774
S3150000918073B5002316460446204A52F8040B84425F
S3150000919012D00133102BF8D11D4B39211D4A1E4820
S315000091A01EF0AEFB727820460191FFF791FF6368CF
S315000091B001991D43656022E00D2B13D8174AD35C35
S315000091C08A2B0FD05B01164AD058C0070AD401205B
S315000091D0D050BFF34F8FBFF36F8F10321A4413680E
S315000091E0DB07FCD5012562698D4022EA0502EB43C7
S315000091F062613278002AD5D1626813406360B27822
S31500009200204602B0BDE87040FFF77CBF6CE202006A
S3150000921028E202004BE20200DBE10200ACE20200BF
S315000092200060CC4040010A4BC9B21A584A40D207E6
S315000092300CD501F001021A50BFF34F8FBFF36F8FA9
S31500009240044A024413684B40DB07FBD4704700BF57
S315000092500060CC401060CC4008B5034A2E21034B79
S3150000926003481EF04DFB00BFC1E30200BAE2020054
S31500009270DCE2020038B504460D4629B9334B3C21E1
S31500009280334A34481EF03CFB334A002352F8041B91
S315000092908C4214D00133072BF8D1FFF7DDFF22688B
S315000092A09B0122F4B86203F4E073134342E063685F
S315000092B023F47F6323F00F031343636038BD274A0B
S315000092C00121D05CFFF7AEFF00232360236843F43F
S315000092D000432360226812F40042FBD12B7A697A9C
S315000092E0002B14BF4FF400730023002914BF08217C
S315000092F000210B43A97A002914BF202100210B432A
S31500009300E97A002914BF102100210B43297B00298B
S3150000931014BF042100210B43697B002918BF0222D8
S31500009320134323602B78052BB9D1236823F4B86344
S3150000933043F4A86323606A68013AB2F5805FB6D346
S31500009340074BDB21074A08489CE700BF28E30200D9
S31500009350D1E30200DCE20200F0E302000CE40200CA
S315000093603BE30200ADE3020061E3020010B50446F0
S3150000937028B9094B7221094A09481EF0C1FA102280
S3150000938000211EF0DFFD012323706360054BA360FF
S315000093904FF48073A38110BDF8D60200DAE3020011
S315000093A0DCE2020000010100002808DB012342097B
S315000093B000F01F0003FA00F0014B43F8220070474B
S315000093C000E100E040010A4BC9B21A584A40D207F0
S315000093D00CD501F001021A50BFF34F8FBFF36F8F08
S315000093E0044A024413684B40DB07FBD4704700BFB6
S315000093F00060CC401060CC4038B5036904460D4689
S31500009400DA0706D50A4B1B681BB10A4A52F8211027
S315000094109847D4F81031DB0707D5074B1B6823B1F3
S31500009420064A204652F825109847BFF34F8F38BD9D
S31500009430F4C40020D8C4002014C50020F8C40020BD
S3150000944038B5049D08BB124B9321124A12481EF0F0
S3150000945057FA6400013D002DFBD10A25B0FBF4F458
S315000094604FF47A706943B4FBF0F40C48B0FBF4F4A3
S31500009470B1FBF4F10531B1FBF5F18A4238BF0A467A
S31500009480934228BF1346184638BD0124E3E700BFC0
S3150000949013E402000EE5020027E4020040420F003A
S315000094A008B5084A0346002052F8041B994208D022
S315000094B001300728F8D1044B8421044A04481EF0E1
S315000094C01FFA08BDA4E5020075E40200FCE40200F0
S315000094D027E4020010B511F4705402461BD08B0429
S315000094E010D40B0511D44B0512D411F4805F40F251
S315000094F087330CBF002018465461136943F4407348
S31500009500136110BD40F28A30F6E740F28930F3E786
S3150000951040F28630F0E72046F3E7436903F04073F4
S31500009520B3F1007F0CBF4FF461700020704700005C
S315000095301C22002110B504461EF004FD40F2011362
S31500009540054A236000232371C4E90223C4E90433D6
S315000095500123237610BD00BFA08601002DE9F74F39
S31500009560836A002704694FF00A0AC3F303434FF0E6
S31500009570010C04F001044FF0FF3BB946BE460094CF
S3150000958065460469023324F0010404610AFB01F410
S315000095900194019CB4FBF5F4B4FBF2F4B3FBF5F8CB
S315000095A00534C8F1FE06B4FBFAF43444C8F1780673
S315000095B0E4B2B4425FD96D00EDB20EF1010E5FFA6E
S315000095C08EFEBEF1080FE4D1342464267D1C4C4384
S315000095D0B4FBF2F4B4FBFCF4B3FBFCF3B4FBF6F41B
S315000095E0FB1A2C1BC3F34703A3425CD81425B1FB1B
S315000095F0F2F1B1FBFCF4B1FBF5F162080CF10205E6
S31500009600A408013AA94204F1FF34D2B2E4B211D956
S31500009610856A0239C5F30365A1EB0C0C816A6545C1
S3150000962021F0706138BF5FFA8CF52D0605F0706584
S315000096300D4385621204FF1A240609F00709190270
S3150000964002F47C1204F07C5407F03F0701F47C51CD
S3150000965022430A4317438764436A23F0070343EA16
S3150000966009034362009B1BB1036943F001030361D5
S3150000967003B0BDE8F08FB1FBF5F608F10208A0448F
S31500009680B6FBF8F6B2428CBF961BB61A5E4508D2F8
S315000096902746F146AC46002E96D06D00B346EDB295
S315000096A08BE75E46F9E7013BDBB29DE72DE9F34127
S315000096B004460D461646FFF7F3FE3D4B0121185CA6
S315000096C0FFF780FE0223002023616B78206183F080
S315000096D00102AB78DB0043EA8203AA7D2361216A9B
S315000096E02B7E21F007015B000A4303F002031A43B5
S315000096F0EB7D9B0003F004031343EA782362636A5D
S3150000970023F0E06323F4007343EA42222B791B061D
S3150000971003F0E06313436362A065297DA76A39B14C
S3150000972000900F2301223046FFF78AFE60F31B6785
S31500009730697D41B100230122304600930F23FFF7D4
S315000097407FFE60F313473146AA682046A762FFF7FB
S3150000975005FF636AE96803F0070849B140F6FF733D
S3150000976001223046CDF80080FFF76AFE60F30B0752
S315000097702969A76291B140F6FF730122090A3046B2
S31500009780CDF80080FFF75CFEE26A0A4B03EA002090
S3150000979022F47F2323F470631843E06223692A7856
S315000097A023F001031343236102B0BDE8F08100BF3B
S315000097B0C0E5020000FF0F00F8B5054617461E4635
S315000097C00C4631B9134B4FF47F71134A13481EF000
S315000097D097F83422002120461EF0B4FB2846FFF7F6
S315000097E05FFE0F4B0F4A43F820400F4B1A60AB69E0
S315000097F023F4785323F00303C4E90B76AB610B4BD8
S3150000980033F9100010F1800F03D0BDE8F840FFF7E0
S31500009810CBBDF8BDE9D6020026E5020027E402002A
S31500009820D8C400209D990000F4C40020C8E50200B9
S315000098302DE9F04106460C4631B9464B40F25151EE
S31500009840454A46481EF05CF822B9454B40F2525153
S31500009850414AF6E7D368042B04D9424B40F25351F0
S315000098603D4AEEE79379012B03D15369B3F5806F37
S315000098706AD894F80080B8F1000F68D13046FFF737
S315000098804CFE844600282CD1B369154604F1140712
S3150000989023F4785323F00303B361336943F440732D
S315000098A033610FCD0FC7636995E80300DB0787E8CF
S315000098B0030019D5A37E012B0CBF022303232370BB
S315000098C0636A6360A36A63804FF4FE437361736ADD
S315000098D023F480737362B36943F4785343F003034C
S315000098E0B3616046BDE8F081236A04F108000BB954
S315000098F094F81A80228B48EA420242F4806222815E
S3150000990003B307461946013915D20133A26A6AB173
S31500009910A27E012A0AD1B8F1000F07D1218B40F2AD
S31500009920014242EA410220F81320013301226380FA
S3150000993060602270C8E7E269CD00EA40D2B227F83B
S31500009940022FE0E70123E1E74FF0040CC9E74FF4EB
S31500009950617CC6E7E9D6020065E5020027E402005D
S3150000996098E40200A9E402000B78A3B1836923F40A
S31500009970785323F003038361036943F4407303615F
S31500009980054B42691340B3F1807F02D14FF4007357
S31500009990036600230B707047000200012DE9F14FAA
S315000099A005460C4631B9784B40F2EF51774A784874
S315000099B01DF0A6FF0878002800F0BE80696963885C
S315000099C0EE6DEF6D06F007065BB9A36A4BB136B1D3
S315000099D0012E06D1052804D163695B0701D421F461
S315000099E080612846FFF776FD8046002840F0C68055
S315000099F0C7F30242C6F104034FF005094FF0040C09
S31500009A004FF0030E40F2FF1A2678013E042E00F2B4
S31500009A10B080DFE806F0033F52778B005F1E002B15
S31500009A2000F08980636893F801B013F8026B46EA88
S31500009A300B262E6663606388013B9BB2638023BB63
S31500009A40A36A23B3666A84F800E06660A67E638034
S31500009A50012E1AD1AE6926F00106AE611E46EF6DE3
S31500009A6007F00707042FFAD0B6F5807F04D9A6F5CC
S31500009A708076C5F860A0F2E7013B6FF0FF0B1E0A87
S31500009A800BFB063646F480762E663B46BCE784F82A
S31500009A9000C0FAE75F1E002B4DD0A36A013BDBB284
S31500009AA043F480732B66A37E84F800E0012BECD18F
S31500009AB0AB6923F00103AB61E7E7A67EB6B95F1E8B
S31500009AC0002B38D063685E1C66601B782B66638843
S31500009AD0013B9BB26380002BD7D1A67E84F800C0E1
S31500009AE0B6FA86F67609002ECFD024E0561E12B3BB
S31500009AF062682F6F02F1010BC4F804B0177032468A
S31500009B001F46E4E7666916F0040609D15F1E93B1A5
S31500009B104FF400732B663B461F4684F80090E2E73D
S31500009B20A67E012E0CBF30460126F5E763695E0767
S31500009B3005D48A0509D440B901B0BDE8F08FA37EEB
S31500009B40002BF8D1EB6D5B07F5D1AB69E66A23F420
S31500009B50785323F00303AB6100232370002EEBD070
S31500009B60236B424621462846B44601B0BDE8F04F75
S31500009B706047084B4FF49F61074A18E7214628467D
S31500009B80FFF7F2FEE1E700BFE2E4020085E502002E
S31500009B9027E402003BDA020047E502000121014802
S31500009BA0FFF72ABC0040104002210148FFF724BC01
S31500009BB00080104003210148FFF71EBC00C0104082
S31500009BC004210148FFF718BC000011400521014897
S31500009BD0FFF712BC0040C34006210148FFF70CBC4A
S31500009BE00080C34008B5436ADB074CBF034B044BF8
S31500009BF01B689847BFF34F8F08BD00BF34C50020D0
S31500009C0038C5002008B5074B596831B9064B40F6F0
S31500009C109D01064A06481DF073FE0648BDE8084049
S31500009C20FFF7E0BF18C5002033E60200C9E60200D0
S31500009C30E5E502000040114008B5074B996831B9C7
S31500009C40064B40F6A601064A06481DF059FE064890
S31500009C50BDE80840FFF7C6BF18C500204CE6020065
S31500009C60E1E60200E5E502000080114008B5074B79
S31500009C70D96831B9064B40F6AF01064A06481DF0D1
S31500009C803FFE0648BDE80840FFF7ACBF18C50020F8
S31500009C9065E60200F9E60200E5E5020000C01140B3
S31500009CA008B5074B196931B9064B40F6B801064AA3
S31500009CB006481DF025FE0648BDE80840FFF792BF9E
S31500009CC018C500207EE6020011E70200E5E5020065
S31500009CD00000124008B5074B596931B9064B40F6EA
S31500009CE0C101064A06481DF00BFE0648BDE80840BD
S31500009CF0FFF778BF18C5002097E6020029E70200A3
S31500009D00E5E5020000C0C24008B5074B996931B9C4
S31500009D10064B40F6CA01064A06481DF0F1FD064804
S31500009D20BDE80840FFF75EBF18C50020B0E6020098
S31500009D3041E70200E5E502000000C34040010A4B8E
S31500009D40C9B21A584A40D2070CD501F001021A507E
S31500009D50BFF34F8FBFF36F8F044A024413684B4023
S31500009D60DB07FBD4704700BF0060CC401060CC40DE
S31500009D7008B5084A0346002052F8041B994208D049
S31500009D8001300D28F8D1044B7B21044A04481DF00C
S31500009D90B7FD08BDACE80200A8E7020075E80200BE
S31500009DA059E702002DE9F84F04460D4629B96D4BD7
S31500009DB0F2216D4A6D481DF0A3FD0B681BB96C4B73
S31500009DC0F321694AF6E7097A032903D9694BF52194
S31500009DD0654AEFE7697A032903D9674BF621624A98
S31500009DE0E8E74FF00A0E00264FEA830998460EFB75
S31500009DF002FA4FF0040C37465FFA8CFBBAFBF9F116
S31500009E0005319944B1FBFEF189B2012938BF012120
S31500009E100CFB01F00CF1010CB2FBF0F0834234BFF5
S31500009E20C01A181A40459EBF80465E460F46BCF1D2
S31500009E30210FE1D16422B3FBF2F303EB4303434565
S31500009E40C0F08D802046C7F30C07FFF791FF4B4B00
S31500009E500121185CFFF772FFA368321F013E43F031
S31500009E600203032A4FEA0666A360A36806F0F856C3
S31500009E7023F00203A360236998BF43F4003323F061
S31500009E801F2323F0FF031E433E432661236923F06D
S31500009E9000532361A269EB7B22F4E26229791B025B
S31500009EA022F0070203F4E0630A431A43AB7B9B00EC
S31500009EB003F0040313436A79012A4BD1002946D0E3
S31500009EC023F40063A361EB7922695B0322F4005259
S31500009ED003F40053134323616A7A2B7A43EA02435D
S31500009EE0E362A36A43F08803A362A36A43F4404390
S31500009EF0A3626B7B2A7B1B01616A520103F010038C
S31500009F0002F0200213430B436362AB7A1BB1636A10
S31500009F1043F008036362EB7A1BB1636A43F0010303
S31500009F206362A979164B174A002918BF1A46636956
S31500009F3013432A7C6361A3690AB143F400236A7C54
S31500009F400AB143F480230020A361BDE8F88F43F4EF
S31500009F500063B7E70029B5D043F01003B2E740F23B
S31500009F602150F2E7F8D6020088E8020059E702001D
S31500009F70CDE70200E7E702002EE80200E0E8020073
S31500009F8000C01FE000C01FC010B5044630B90A4B20
S31500009F9040F20621094A0A481DF0B2FC14220021AB
S31500009FA01DF0D0FF00234FF4E1322382C4E90023E1
S31500009FB0C4E9023310BD00BFF8D6020094E80200DF
S31500009FC059E702000B02026903F44043134301F40C
S31500009FD0407221F070410361836A21F4732123F4F6
S31500009FE0403321F47F61134321F00F0183628369BB
S31500009FF01943816170470A02036902F4404223EA69
S3150000A000020301F4407221F070410361836A21F476
S3150000A010732123EA020321F47F6123F4403321F004
S3150000A0200F018362836923EA0101816170470000A1
S3150000A03081690269084B120A0B4002F040021A437A
S3150000A0400369806A1B0A00F4407003F0800313431F
S3150000A05023F440731843704700C3F00F4269836AC4
S3150000A06003481B0C03F0C30313431840704700BF9B
S3150000A070C3C0FFC110B58B070C4C04EA010407D01E
S3150000A080826A230422F4703203F44033134383625A
S3150000A090436903F0785323434361FFF7DFFF204210
S3150000A0A040F21A5008BF002010BD00BF03C01FC0F9
S3150000A0B0044A0548516808B5044B1B689847BFF326
S3150000A0C04F8F08BD3CC5002000C0074070C500206A
S3150000A0D0044A0548916808B5044B1B689847BFF3C6
S3150000A0E04F8F08BD3CC500200000084070C5002009
S3150000A0F0044A0548D16808B5044B1B689847BFF366
S3150000A1004F8F08BD3CC500200040084070C50020A8
S3150000A110044A0548116908B5044B1B689847BFF304
S3150000A1204F8F08BD3CC500200080084070C5002048
S3150000A130044A0548516908B5044B1B689847BFF3A4
S3150000A1404F8F08BD3CC5002000C0084070C50020E8
S3150000A150044A0548916908B5044B1B689847BFF344
S3150000A1604F8F08BD3CC500200000094070C5002087
S3150000A170044A0548D16908B5044B1B689847BFF3E4
S3150000A1804F8F08BD3CC500200040094070C5002027
S3150000A190044A0548116A08B5044B1B689847BFF383
S3150000A1A04F8F08BD3CC500200080094070C50020C7
S3150000A1B0044A0548516A08B5044B1B689847BFF323
S3150000A1C04F8F08BD3CC5002000C0094070C5002067
S3150000A1D0044A0548916A08B5044B1B689847BFF3C3
S3150000A1E04F8F08BD3CC5002000000A4070C5002006
S3150000A1F0044A0548D16A08B5044B1B689847BFF363
S3150000A2004F8F08BD3CC500200040C24070C50020ED
S3150000A210044A0548116B08B5044B1B689847BFF301
S3150000A2204F8F08BD3CC500200080C24070C500208D
S3150000A23008B5034A2A21034B03481DF061FB00BF02
S3150000A24085E90200EDE8020023E90200094AC0B2EE
S3150000A25013684340D9070BD500F001031360BFF321
S3150000A2604F8FBFF36F8F103213684340DB07FBD469
S3150000A270704700BF8062CC4008B5054B984201D0BC
S3150000A280FFF7D6FF0120BDE80840FFF7DFBF00BF9C
S3150000A2900080C440032910B505D9074B5621074A4B
S3150000A2A007481DF02DFB4FF40003CB40046A1C4207
S3150000A2B0FCD040F8212010BD6EE9020094E90200AE
S3150000A2C023E9020008B5084B196831B9074B40F27B
S3150000A2D04E31074A07481DF013FB074B07481B681A
S3150000A2E09847BFF34F8F08BD74C500200DEA0200E2
S3150000A2F024EA0200C1E9020078C500200000C2403D
S3150000A300002110B504460846FCF741FC40F2051250
S3150000A31090420DD000210846FCF734FC0549012087
S3150000A320FDF762FDD4F8703543F01003C4F87035BC
S3150000A33010BD00BF00CA9A3B10B5D0F810350446D0
S3150000A340D1B923F005031E49C0F810354FF47A70D1
S3150000A350FDF74AFDD4F8103519494FF47A7023F009
S3150000A3602003C4F81035FDF73FFDD4F8103523F46B
S3150000A3700023C4F8103510BD23F001031049C0F8BE
S3150000A38010354FF47A70FDF72FFDD4F810350C49CF
S3150000A3904FF47A7043F40023C4F81035FDF724FD1A
S3150000A3A0D4F8103506494FF47A7043F02003C4F808
S3150000A3B01035FDF719FDD4F8103543F00403D8E73E
S3150000A3C000CA9A3B10B5D0F830350446D1B143F4F3
S3150000A3D000331949C0F830354FF47A70FDF704FDA3
S3150000A3E0D4F8303514494FF47A7043F48023C4F816
S3150000A3F03035FDF7F9FCD4F8303523F00403C4F802
S3150000A400303510BD43F004030B49C0F830354FF426
S3150000A4107A70FDF7E9FCD4F8303507494FF47A70C5
S3150000A42023F48023C4F83035FDF7DEFCD4F830354C
S3150000A43023F40033E3E700BF00CA9A3B002A46D064
S3150000A44001291AD002292DD0002948D1D0F850353B
S3150000A45023F0010343F00203C0F85035D0F860350D
S3150000A46023F4E05343F0807343F48063C0F860350F
S3150000A470D0F860355901FBD57047D0F8503523F038
S3150000A4800303C0F85035D0F8603523F4E05343F0A9
S3150000A490807343F40063C0F86035D0F860355A0124
S3150000A4A0FBD57047D0F8503523F00303C0F850357C
S3150000A4B0D0F8603523F4E05343F0807343F48053BF
S3150000A4C0C0F86035D0F860355B01FBD57047D0F831
S3150000A4D0603523F0807323F4E053C0F8603570478D
S3150000A4E040010A4BC9B21A584A40D2070CD501F0AE
S3150000A4F001021A50BFF34F8FBFF36F8F044A024415
S3150000A50013684B40DB07FBD4704700BF0060CC40AC
S3150000A5101060CC4008B5034A4B21034B03481DF09D
S3150000A520EFF900BFDAEA02003FEA020061EA020040
S3150000A530F8B506460F4614462AB95C4B5D215C4ABF
S3150000A5405C481DF0DDF9D378022B02D1002900F01A
S3150000A550AA80E079012802D1002F00F0A58086B1FB
S3150000A560554B9E4261D003F580439E425FD003F572
S3150000A57080439E425DD003F580439E425BD0FFF749
S3150000A580C9FF33464D4A0121602502EB830305FBD3
S3150000A5900765D85DFFF7A4FFB6F88E3120789BB229
S3150000A5A043F00F03A6F88E31E378A98803F003037E
S3150000A5B0627A01F4E65143EAC03360790B4361786D
S3150000A5C0012843EA81334FEAC20101F0380143EA28
S3150000A5D00103A1784FEA012101F4407143EA010326
S3150000A5E0E1794FEA81019BB201F0040143EA0103DC
S3150000A5F023D002282CD0002835D143F40053AB8059
S3150000A600EB88217A23F074031B051B0D43EA013303
S3150000A610217909019BB201F070010B43A17903294D
S3150000A6203DD8DFE801F0242F34390123AAE70223BD
S3150000A630A8E70323A6E70423A4E7B6F888C10C37E6
S3150000A6401FFA8CFCB8402CEA0000A6F88801D6E771
S3150000A6500C370121B6F8880101FA07F70743BFB2A4
S3150000A660A6F88871CBE7164B8D21114A68E743F0AF
S3150000A6700403EB8022B9AB889BB243F04003AB8066
S3150000A680002011E023F4806343F40063F1E723F430
S3150000A690006343F48063ECE743F44063E9E7084B67
S3150000A6A0AB21034A4CE70120F8BD00BF00D70200EA
S3150000A6B0EAEA020061EA020000C0184015EB020057
S3150000A6C03BDA020010B5044628B90B4BDE210B4AD3
S3150000A6D00B481DF015F90A2200211DF033FC00235A
S3150000A6E023706370E371E3702371A3706372237246
S3150000A6F0A371637110BD00BF00D70200F3EA020028
S3150000A70061EA02002DE9F04F87B004919DF84010F0
S3150000A7100591DDE9114132B98A4B4FF48B718A4AB2
S3150000A7208A481DF0EDF824B9894B40F21711864A84
S3150000A730F6E723B9874B4FF48C71834AF0E721B9CA
S3150000A740854B40F21911804AEAE7022B00F2F780A6
S3150000A7506027049D083207FB0507FE88C6F302162C
S3150000A76021FA06F6B6FBF4F6C6F34E0C00241FFAE1
S3150000A77086F8013ECCF10001A646A146B6B289B2E2
S3150000A78003910CF1FF3189B20291394612F8075C48
S3150000A7904FF0640A08FB05F5B5FBFAF50195059D32
S3150000A7A0BDF804A0032D00F28F80DFE805F002104B
S3150000A7B0697A2CB9039DE6467D80029D4C81CD8148
S3150000A7C04FEA5A05C5F1000A1FFA8AFA0CE01CB9CD
S3150000A7D07C80A1F80AC0CE81BDF80450A8EB050A1A
S3150000A7E04544CAF34F0A6D0812F808BCBBF1010FC5
S3150000A7F053D1A1F812A0CD8212F8085C32F804AC4D
S3150000A800012D66D1A1F830A04FF00A0B4D8C25F032
S3150000A81030052D042D0C4D8412F8025CB1F822A0EF
S3150000A8202D011FFA8AFA05F0300545EA0A054FF0B0
S3150000A830080A4D84012505FA0BF512F806BC2DB25F
S3150000A840BBF1000F75D1B1F822B01FFA8BFB2BEAD2
S3150000A85005054D840832049DB0F880B1AA4401254F
S3150000A86005FA0AFA2C444AEA0B0AE4B21FFA8AFAF3
S3150000A870A342A0F880A189D1002007B0BDE8F08FDF
S3150000A8802CB9039DE6467D80029D4C81CD81AAEBC5
S3150000A8900E05CEF1000AADB296E7A1F81AA0CD8357
S3150000A8A0AAE71CB97C80A1F80AC0CE8112F8085C20
S3150000A8B0012D04D1A1F81290A1F816A09CE7A1F8E9
S3150000A8C01A90A1F81EA097E7244B4FF4CD711E4AAB
S3150000A8D026E7022DA1F832A017D025D84D8C25F0F9
S3150000A8E00C052D042D0C4D8412F8025CB1F822A043
S3150000A8F0AD001FFA8AFA05F00C0545EA0A054FF085
S3150000A900090B4FF0040A4D8494E74D8C25F003059E
S3150000A9102D042D0C4D84B1F822A012F8025C1FFA0A
S3150000A9208AFA05F00305E8E70C4B4FF4E071064A96
S3150000A930F6E6B1F822B045EA0B05ADB289E701208B
S3150000A9409BE700BFADEA020008EB020061EA0200E5
S3150000A950B8EA0200C3EA0200CEEA02003BDA0200CD
S3150000A960054B064AD3F80038DB064CBF044B054BB3
S3150000A9701B681360704700BF0040C8407CC50020BC
S3150000A9801C0021001C002000014B1B681B68184797
S3150000A9907CC500207047000008B5034A8121034B9F
S3150000A9A003481CF0ADFF00BFFFEB020029EB0200DD
S3150000A9B04CEB0200021F084B9A4209D80023C0083C
S3150000A9C00B7000B970470B78400801330B70F8E73D
S3150000A9D042F21370704700BFFCFF3F0010B529B963
S3150000A9E00C4BA0210C4A0D481CF08AFF0C4B4FF46F
S3150000A9F07A72B1FBF3F1B3FBF1F102FB00F3002233
S3150000AA00D0B2013201FB00F49C42F9D308B10138FF
S3150000AA10C0B210BD99EB020010EC02004CEB020034
S3150000AA2040420F000C4946F22042C0B28B584340C8
S3150000AA30DB070FD500F001038B50BFF34F8FBFF339
S3150000AA406F8F02F1814202F598021032136843407B
S3150000AA50DB07FBD4704700BF0000CC4010B50446AE
S3150000AA6028B90E4BFC210E4A0E481CF049FF142251
S3150000AA7000211DF067FA4FF47F43012223801F2334
S3150000AA802271A370A368227303F07F4343F48213F9
S3150000AA9043F08503A360044B236110BDACEB0200B9
S3150000AAA023EC02004CEB02008524604038B50C46CE
S3150000AAB031B91E4B4FF490711D4A1E481CF020FF01
S3150000AAC01D4DA8422FD10120FFF7ACFF00231A46E7
S3150000AAD0191D0133092B45F82120F9D10123164A06
S3150000AAE02B601368DB07FCD4237811689B0003F006
S3150000AAF004030B43617843EA0143A178090601F098
S3150000AB00F8510B4343F002031360237903B1A368A2
S3150000AB109360227B084B02B12269DA601A6822F040
S3150000AB2002021A6038BDFFF737FF00BFBBEB020019
S3150000AB3039EC02004CEB020000400D4010B5C46B2E
S3150000AB4044F00104C463C0F8902003F00F02042906
S3150000AB504FD8DFE801F044342F032F00062A27D010
S3150000AB6003F00D01A1F1080CDCF1000141EB0C0131
S3150000AB70072A32D003F00D02092A14BF002201224F
S3150000AB8012B1029AC0F8A02043F0254343F4B4035F
S3150000AB90C0F89C30C36BDB07FCD5C36B43F00103E5
S3150000ABA0C363C36B13F002032AD181BB084610BDF1
S3150000ABB00121DDE7941E61426141032ADDE7022A95
S3150000ABC009D0A2F1040CDCF1000141EB0C01032ACF
S3150000ABD003D0052AD1E70121F9E70122D0E7A2F146
S3150000ABE00804093A61426141012A8CBF0022012210
S3150000ABF0C6E70A4B40F28C41094A0A481CF080FE1F
S3150000AC00C36B43F00203C36342F21170CFE7D0F87F
S3150000AC10B0101846039A1160C9E700BF3BDA02007C
S3150000AC2057EC02004CEB02002DE9F04F054689B0C7
S3150000AC3088461E46144632B99A4B4FF4BC719A4A5E
S3150000AC409A481CF05DFE23B9994B40F27911964A59
S3150000AC50F6E792F82C3023B9964B4FF4BD71924A21
S3150000AC60EEE7536803F10043B3F1C04F80F0118162
S3150000AC7013780593002B00F00F81D2F81CA08E4AA2
S3150000AC804FEA1A17B2FBF6F2B7FBF2F7BAB2B2F511
S3150000AC90807F00F20481636A0DF11F01D0F80490F1
S3150000ACA00393A36AA068D4F820B00493FFF782FE4A
S3150000ACB0002840F0EB8062689DF81F1022F47F6048
S3150000ACC0059B490020F00F0001F03E01014308F109
S3150000ACD0040041F0010145F82010617BA07B0901C9
S3150000ACE094F80CC0042801F0700EE17B0CF0030C04
S3150000ACF018BF00024FEA812118BF00F4407001F42A
S3150000AD00406141EA0E010BBF41EA0C0141EA0C0128
S3150000AD1041F0800101432964B8F1000F0AD00421F3
S3150000AD2001FA03F3217829EA030908FA01F149EA4D
S3150000AD30010169606B683F02059223F00F03BFB201
S3150000AD406B6094F82D30D5F85011013B21F03F018E
S3150000AD505B0003F03E030B43314643F00103C5F8A5
S3150000AD605031207CFFF73AFE314600F00F09607C37
S3150000AD70FFF734FE80463146A07CFFF72FFE3146B2
S3150000AD804FEA081800025FFA88F800F4F85048EA1B
S3150000AD900008E07CFFF722FE3146400348EA090935
S3150000ADA080B240EA0909207DFFF718FE314600040B
S3150000ADB000F4702040EA0909607DFFF70FFE314676
S3150000ADC0000500F4700040EA09006864A07DFFF702
S3150000ADD005FE31468046E07DFFF700FE314681469E
S3150000ADE0207EFFF7FBFD049A0221BBFBFAFB48EA33
S3150000ADF00B6848EA092949EA0040A864284694F8FD
S3150000AE002C30013B5B0003F00E033B43B2FBFAF729
S3150000AE10039A43EA0763B2FBFAFA0AF1FF3A059A84
S3150000AE204FEA0A4A0AF47F0A43EA0A03EB64234B11
S3150000AE30C3F894100021C3F898100F23CDE9001130
S3150000AE40FFF77CFE10BB01460C23CDE90000284627
S3150000AE506268FFF773FEC8B901460C23CDE900000E
S3150000AE6028466268FFF76AFE80B901900146E27BD8
S3150000AE702846637B43EA021300930A236268FFF7BE
S3150000AE805DFE18B9EB6C43F00103EB6409B0BDE855
S3150000AE90F08F42F21A70F9E742F21770F6E742F2C3
S3150000AEA01B70F3E7ACEB020043EC02004CEB020034
S3150000AEB0CDEB0200DFEB020000CA9A3B00400D40DA
S3150000AEC008B531B9114B40F21711114A11481CF05F
S3150000AED017FD436843F0004343608B6882681B019B
S3150000AEE022F0F002DBB2134383600B7863B14B6848
S3150000AEF082689B0222F4F84203F4F843134383600A
S3150000AF00836843F48073836008BD00BFACEB020026
S3150000AF10CBEC02007BEC020010B5044630B9084BBE
S3150000AF2040F24711074A08481CF0EAFC0C220021AF
S3150000AF301DF008F800232370C4E9013310BD00BFDB
S3150000AF40ACEB0200DCEC02007BEC020010B5044620
S3150000AF5030B9074B4FF4AA71064A07481CF0D0FCDB
S3150000AF60082200211CF0EEFF00232370636010BD51
S3150000AF70ACEB02005BED0200F9EC02000139092995
S3150000AF8015D8DFE801F0050A0E151A1F24292E33FD
S3150000AF90836C23F4007383647047836C23F48063AB
S3150000AFA0F9E7D0F8A03023F00103C0F8A0307047CD
S3150000AFB0D0F8A03023F00203F7E7D0F8A03023F052
S3150000AFC00403F2E7D0F8A03023F00803EDE7D0F849
S3150000AFD0A03023F01003E8E7D0F8A03023F02003D8
S3150000AFE0E3E7D0F8A03023F04003DEE7D0F8A03046
S3150000AFF023F08003D9E7C36C013943F40073C364BB
S3150000B000092915D8DFE801F0050A0E151A1F2429AB
S3150000B0102E33C36C43F40073C3647047C36C43F4AC
S3150000B0208063F9E7D0F8A43043F00103C0F8A430F8
S3150000B0307047D0F8A43043F00203F7E7D0F8A43005
S3150000B04043F00403F2E7D0F8A43043F00803EDE739
S3150000B050D0F8A43043F01003E8E7D0F8A43043F06A
S3150000B0602003E3E7D0F8A43043F04003DEE7D0F84E
S3150000B070A43043F08003D9E707B531B9124B4FF43A
S3150000B0808F71124A12481CF03BFC0B7863B14B6877
S3150000B090826B9B0222F4F84203F4F8431343836362
S3150000B0A0836B43F48073836301220A48D1B2019112
S3150000B0B0FFF764FF0199FFF79EFF01320B2AF5D1D6
S3150000B0C003B05DF804FB00BFACEB020049ED0200E3
S3150000B0D0F9EC02000000C940064B80B2C3F8E00854
S3150000B0E0C3F8F018D3F8002482F40042C3F8002411
S3150000B0F0704700BF0040C84080B2074B40F4803024
S3150000B100C3F8E008D3F8002482F40042C3F8002410
S3150000B110D3F81009704700BF0040C84010B5044678
S3150000B12028B90A4B94210A4A0A481CF0E9FB102266
S3150000B13000211CF007FF002319222370638050238F
S3150000B140C4E901231423E36010BD00BF00D7020049
S3150000B150D8ED020079ED020010B500F1100420468A
S3150000B160FFF7CAFF01432046BDE81040FFF7B4BF12
S3150000B17007EE901ADFED326A9FED327A012AF8EE79
S3150000B180E77A314B9FED316AA7EEA67ADFED307A8A
S3150000B190D3ED006A76EEA76ADFED2E7A70B5E6EE9D
S3150000B1A0C67A0446D7EE077A87EE867AFDEEC77A28
S3150000B1B017EE905A19D0022A29D0CABB00F12006F0
S3150000B1C03046FFF799FF244920F07F6001EA0541E8
S3150000B1D020F4702001433046FFF77EFF4FF48021B4
S3150000B1E02046BDE87040FFF7B7BF00F13006304695
S3150000B1F0FFF782FF20F47F60C5F30B0120F00F00FC
S3150000B20001433046FFF768FF4FF40021E8E720309E
S3150000B210FFF772FF20F47F60C5F30B0120F00F00EB
S3150000B220014304F12400FFF757FF4FF40031D7E73D
S3150000B2300A4B40F217110A4A0A481CF061FB00BF8C
S3150000B2406F1283BBE17AAC4080C500206F12033CCD
S3150000B2509A990543B36AE8410000FF0F3BDA020002
S3150000B260F0ED020079ED020038B505460C4629B925
S3150000B270164B3021164A17481CF042FB164B10306D
S3150000B280D3F83034C3F38B2307EE903A134BF8EE22
S3150000B290E77AC3ED007A0B78012B0CBF49880021B1
S3150000B2A041F48031FFF718FF616828460022FFF756
S3150000B2B05FFFA16828460122FFF75AFFE16828468A
S3150000B2C00222BDE83840FFF753BF00BFF8D60200A0
S3150000B2D0CCED020079ED02000040C84080C5002098
S3150000B2E008B548B1054B984205D0054B4621054A9D
S3150000B2F005481CF005FB012008BD00BF00C0034047
S3150000B30004EE020076EE020028EE02000C4946F238
S3150000B3106052C0B28B584340DB070FD500F00103E3
S3150000B3208B50BFF34F8FBFF36F8F02F1814202F54F
S3150000B3309802103213684340DB07FBD4704700BF06
S3150000B3400000CC4008B5FFF7CBFF0120BDE8084060
S3150000B350FFF7DCBFC2F3460302F0010213B530F873
S3150000B3601340ADF8044002AC224402F8041CBDF8B8
S3150000B370042020F8132002B010BD38B50446EFF3C0
S3150000B380108572B6D0F83021D0F82C319A422CD0E4
S3150000B390D0F82C21D0F830319A4210D9D0F82C218F
S3150000B3A0D0F83031D0F83011D21A01F59A7104F282
S3150000B3B034702144FAF766FF85F3108838BDD0F85B
S3150000B3C03031D0F82821D0F83011D21AD0F82C31EB
S3150000B3D0002BEAD001F59A71014400F5EC60FAF70A
S3150000B3E051FFD4F82C210021DFE743F22150E3E797
S3150000B3F078B171B1D0F830314A681344C0F83031B1
S3150000B400D0F82831D0F830219A4202D30023C0F870
S3150000B41030317047D8B1D1B1D0F8303149680B44DA
S3150000B420C0F83031D0F82831D0F83011994202D323
S3150000B4300023C0F830310AB9FFF79FBF43F2245307
S3150000B4409A4204D10023C0F83031C0F82C3170473D
S3150000B45030B129B122B9034B1146186806F088BFEE
S3150000B460704700BFDCC5002001460122074810B521
S3150000B470FAF70BFF044638B9054B4FF0FF31186851
S3150000B48007F0C0F8204610BD0124FBE7CC080020D9
S3150000B490DCC50020F8B500B9FEE701B9FEE7EFF319
S3150000B4A0108572B6244BD3F82C41D3F83021944240
S3150000B4B018D0D3F82861D3F82C21D3F83041324480
S3150000B4C0121BB2FBF6F406FB14220126D3F82871F0
S3150000B4D07C1EA21A914221D985F310884FF0FF34C1
S3150000B4E02046F8BD00263246F0E7D3F82C4104F199
S3150000B4F0010E1C44C3F82CE110F802E084F834E194
S3150000B500D3F82C41A74201D8C3F82CC1013291428D
S3150000B5100C46EADC2EB185F31088E1E7002294465A
S3150000B520F5E70548FFF729FF85F31088002818BFBF
S3150000B5304FF0FF34D4E700BF4001002010B50446A9
S3150000B54000B9FEE7104B1B68DBB1EFF305832BB99F
S3150000B5500E4B4FF0FF31186807F054F82046FFF7FE
S3150000B56083FF00280CBF01244FF0FF34EFF305835F
S3150000B5702BB906481A461946006806F033FD2046E0
S3150000B58010BD4FF0FF34FAE784C5002088C50020BF
S3150000B59030B58BB00025344C012A8DF81020ADF85B
S3150000B5A01250CDE9063140F20113CDE90855ADF848
S3150000B5B0223004F54D738DF8260002934FF4806314
S3150000B5C003934ED106AB29464FF4F7622046059306
S3150000B5D01CF0B8FC4FF40073201D02A9C4F82831F2
S3150000B5E02060FAF7CDFD0546002DFDD11F4901204B
S3150000B5F006F0D4FD1E4B29462A4618600323012077
S3150000B60000931C4B06F0ECFB1B4B1C491860206892
S3150000B610FAF7F0FD0028FDD1134A194902F23470F9
S3150000B620FAF73CFE17492068FAF7E4FD0028FDD139
S3150000B6300D4A154902F5EC60FAF730FE1349206809
S3150000B640FAF7FAFD0546002DFDD1074A104902F228
S3150000B6508C70FAF731FE22680E4B1A6028460BB042
S3150000B66030BD43F22155F9E7400100208CC500208A
S3150000B67088C50020E0C50020DCC500207408002035
S3150000B68015B40000A0080020F1B30000CC0800208B
S3150000B69051B4000084C5002010B50B4CD4F82C2101
S3150000B6A0D4F830319A4201D1002010BDEFF3058362
S3150000B6B03BB908F0C5FC0228F0D1012007F072FF63
S3150000B6C0ECE70120F1E700BF400100202DE9F84337
S3150000B6D007460D4600B9FEE700293BD01E4B186809
S3150000B6E0A0B31E4E0C46B046EFF3108972B6D6F8DC
S3150000B6F02C21D6F830319A422AD0D6F82821D6F80D
S3150000B7002C11D6F830311144C91AB1FBF2F302FB01
S3150000B7101313D8F82821013AD11A0ED0A14201D22A
S3150000B72094420AD3A142A5EB040028BF214638441F
S3150000B730FFF7B0FE0028C8BF241A89F3108824B189
S3150000B740FFF7AAFF80B20028CED0281BBDE8F883F9
S3150000B7500023DEE70846F9E784C500204001002003
S3150000B7602DE9F843002506460C4690461F46A94695
S3150000B770BD4201DBBDE8F88321684B1C7F2B04D951
S3150000B7803046FFF7A3FFC4F800902368013506F89A
S3150000B7900380236801332360EAE7000030B5A1B0D7
S3150000B7A00D46002104467C2201A800911CF0CAFB2C
S3150000B7B0074B186848B12946064B6A46204600F0F2
S3150000B7C060F801466846FFF781FF21B030BD00BF33
S3150000B7D084C5002061B700000FB407B504A951F86D
S3150000B7E0040B0191FFF7DAFF03B05DF804EB04B038
S3150000B7F07047002307B50DF107008DF80730FFF7F6
S3150000B8009DFE0028CCBF9DF807004FF0FF3003B027
S3150000B8105DF804FBF8B514461D462022431A013490
S3150000B820DDE9066739463046A84714F8012D02B906
S3150000B830F8BD012339463046A847F6E7F0B500249F
S3150000B84004700C6824B93023437001231846F0BDF8
S3150000B850002B00F1010514BF37275727264601356F
S3150000B860B4FBF2F402FB1463092B94BF03F130011D
S3150000B870F9182B46B24203F8011DA3EB0003EDD9DC
S3150000B880E4E72DE9F0471F4690B00023054616462B
S3150000B8900C464FF00A0A039305932A78002A00F013
S3150000B8A0AC80252A38D0012303A930460135B84794
S3150000B8B0F3E70AFB08381546A8F130086B786A1CCE
S3150000B8C0A3F130010929F4D92E2B05D1154612F81A
S3150000B8D0013F303B092BF9D9A946013599F80120DA
S3150000B8E002F0FB03682BF7D0642A01D0692A16D12F
S3150000B8F054F8043B0A2204A90493012307A8FFF77E
S3150000B9009DFF03AB07AA014602444046CDE900630A
S3150000B9103B46FFF77FFF0AE04FF00008CEE702F054
S3150000B920DF03462B06D1073424F00704083409F157
S3150000B9300205B2E7582B17D154F8043B05A907A80E
S3150000B9400593B2F178034FF0100218BF0123FFF7F9
S3150000B95075FF03AB07AA014602444046CDE90063E2
S3150000B9603B46FFF757FFE2E76F2A1BD0622A19D042
S3150000B970702A0BD0752A15D0632A23D154F8042BCC
S3150000B9800123D2B203A93046B847D0E754F8043BA6
S3150000B990042206A905A806931CF0ACFA102201237E
S3150000B9A005A9ABE754F8043B6F2A059306D0622A33
S3150000B9B006D0702A0CBF10220A22F0E70822EEE712
S3150000B9C00222ECE7732A16D154F8045B002DAED0A0
S3150000B9D02846013DF5F7E6FE2022A8EB000303A961
S3150000B9E03046B84715F8012F002AA0D0012303A935
S3150000B9F03046B847F6E70123C4E7039810B0BDE820
S3150000BA00F08720B1436823B15B69006818470320BB
S3150000BA10704706207047F0B50C4685B000210546F4
S3150000BA20CDE90032039168B3416869B3E6090C2792
S3150000BA3046EA4406F6B207FB0607397F31BB03A880
S3150000BA40F7F717F9012103983977F7F723F914F077
S3150000BA50800F6968286814BF8F68CF682146DDE9C2
S3150000BA600032B847044650B103A8F7F702F90C2094
S3150000BA70002300FB065503982B77F7F70BF92046B2
S3150000BA8005B0F0BD0324FAE70624F8E70224F6E73A
S3150000BA907FB50B7A0446112B35D0122B38D0102BDC
S3150000BAA03AD10126002580F8A76001A80195F7F78D
S3150000BAB0E0F8019884F8A860F7F7ECF82A460E211A
S3150000BAC02046FFF79EFF01A8F7F7D3F8019884F800
S3150000BAD0A850F7F7DFF8022304F1900284F8A45087
S3150000BAE084F8A63023461D77C3E905550C339A42E0
S3150000BAF0F9D123690022012120469847002084F8C5
S3150000BB00A75004B070BD0369002202219847F8E7E8
S3150000BB10036900220321F9E703F00F02052A1ED864
S3150000BB20DB0943EA42030C2202FB03025069B0B16F
S3150000BB30086801904868497A02908DF80C1061B146
S3150000BB400022227784F828200C2201A9204602FB35
S3150000BB500343D3E90552A847D3E71177F4E7012059
S3150000BB60CFE703460A4610B5C9B1C0B10469C4B1EE
S3150000BB7090F8A84054B10C7A14F00F0F06D014F0C8
S3150000BB80700F03D1BDE81040FFF782BF1146D86899
S3150000BB90F7F7A2F900280CBF0020022010BD0320F1
S3150000BBA0FCE70120FAE700221146FFF72ABF37B566
S3150000BBB00446D0B1436823B15B6800689847002308
S3150000BBC06360E06818B1F7F7DBF90023E36000254E
S3150000BBD001A80195F7F74DF80198256084F8A5505E
S3150000BBE0F7F758F8284603B030BD0320FBE70000FE
S3150000BBF02DE9F74306460F469046002A64D00023F7
S3150000BC0001A80193F7F735F8304B01981D681C46DB
S3150000BC1065B393F8A530B34228D1F7F73BF8012571
S3150000BC2029E084F8A560F7F735F82761274B2A46FF
S3150000BC302F4684F8A56084F8A45084F8A7500132F2
S3150000BC401F770C2AC3E9057703F10C03F7D1B31E5E
S3150000BC50012B14D901A80197F7F70BF80198276073
S3150000BC60062584F8A570F7F715F804E0002DD8D05E
S3150000BC700225F7F70FF8284603B0BDE8F083144B0A
S3150000BC800821144F63603846E760F7F709F98146E3
S3150000BC9020B1A7F10800FFF78AFFC0E7C8F8004007
S3150000BCA0A7F108026368304611461B6898470546A7
S3150000BCB030B1A7F10800FFF77AFFC8F80090DAE77D
S3150000BCC0022384F8A630D6E70325D4E7F808002037
S3150000BCD088EE02000009002001F00F0141F080010A
S3150000BCE0FFF799BE01F00F01FFF795BE20B143683B
S3150000BCF023B11B6900681847032070470620704768
S3150000BD0070B4B8B1C9B1C2B18C7804F00F05052D75
S3150000BD1013D8E4090C2644EA45041568526806FB64
S3150000BD2004039A6100225D611A770A46022170BCFB
S3150000BD30FFF767BE032070BC70470420FBE72DE9C0
S3150000BD40FF4100270C4601F00F0805468DF8071045
S3150000BD50039738B303A8F6F78CFF0123039885F8F9
S3150000BD60A830F6F797FF0DF1070203212846FFF7E3
S3150000BD7048FE064603A8F6F77CFF039885F8A870E8
S3150000BD80F6F788FFB8F1050F0ED8E4090C2344EA4C
S3150000BD90480403FB0453C3E905771F77304604B014
S3150000BDA0BDE8F0810326F9E70426F7E707B58DF825
S3150000BDB0071001F00F01052907D80DF1070204212C
S3150000BDC0FFF71FFE03B05DF804FB0420FAE707B592
S3150000BDD08DF8071001F00F01052907D80DF10702AC
S3150000BDE00521FFF70EFE03B05DF804FB0420FAE719
S3150000BDF0DAB1023906291AD8DFE801F0040711136F
S3150000BE00090E15000F21FFF7FCBD1021FBE790F886
S3150000BE10A63000201370704790F8A430F9E7062189
S3150000BE20F1E70721EFE70921EDE70420704701203C
S3150000BE30704703390B292BD8DFE801F0062A2A09B7
S3150000BE400F2A2A2628222A241121FFF7DABDFAB161
S3150000BE50137880F8A6300020704790F8A630032BA0
S3150000BE600AD0AAB11378142100F1A40280F8A430F4
S3150000BE70032380F8A630E8E700F1A4020821E4E7EE
S3150000BE800A21E2E70B21E0E70C21DEE70D21DCE7E2
S3150000BE90012070471FB5044678B100234FF0FF32EA
S3150000BEA001A9C068ADF80C30CDE90133F7F748F8C1
S3150000BEB018B901A92046FFF7EBFD04B010BD436990
S3150000BEC003F1200203F500718361F0B51A60203298
S3150000BED01B688A42FAD10022056900F11C0400F1B0
S3150000BEE04C071A6010234FF0010E4FF0400C80F8FB
S3150000BEF07C304368D3F8401121F47F01C3F8401128
S3150000BF00D3F84011C3F84011D3F8A81141F0080145
S3150000BF10C3F8A811D3F8A81121F00401C3F8A81199
S3150000BF202946C1F808E0403151F8406C6CF31A46D6
S3150000BF3041F8406C11F8086C44F8042BA74262F3F0
S3150000BF400006E26201F8086CEBD140F24711C3F833
S3150000BF505851C3F85421C3F8481180F87E20F0BD2B
S3150000BF602DE9F04F0D4689B01F46CB09490004461E
S3150000BF700393002301F01E010592079341EAD51BA6
S3150000BF80002800F0FA8003694FEA8B1803EB8B1345
S3150000BF9093F8386016F0010600F0F18090F87E30D4
S3150000BFA0A3B907F57F5307A83F33B3F5804F2CBFDE
S3150000BFB04FEA93394FF00109F6F75BFE94F87CC01F
S3150000BFC0CC4507D202260798F6F764FE304609B03C
S3150000BFD0BDE8F08F4FF00009D4F818A004EB8B01F0
S3150000BFE0CE46DAF80020B7F5804F02983B4601921C
S3150000BFF0524628BF4FF480430497BEF1000F08BF96
S3150000C0001046DDF804A00CF1FF3CFF1A02904FF039
S3150000C01001005FFA8CFC10604FF00000506005983C
S3150000C02070449060906800F5805020F47F6020F0A6
S3150000C0300F00D060D06800F580501061106900F5DF
S3150000C04080505061506900F580509061506863F3EC
S3150000C0501E405060D069D2F808B063F31E30CBF3AF
S3150000C0600B0BD06120F0004020F47F6020F00F0021
S3150000C07040EA0B00D06103D1506840F400405060A4
S3150000C08050684FF0800B9E446BF307005060C86CFD
S3150000C09000283BD00260CA64002FA2D1019A15F095
S3150000C0A00F0184F87CC0A2611CD1039AD2B1226927
S3150000C0B002EB080090F83800800713D5049888B181
S3150000C0C0D08E98420ED952F80800C0F30A40B3FB4E
S3150000C0D0F0FC00FB1C332BB952F8083067F35D7394
S3150000C0E042F80830ED08012305F010050D4303FA68
S3150000C0F005F5B9F1000F21D16368D3F8B0212A42C2
S3150000C10008D007980026F6F7C5FD5FE7B146CA6175
S3150000C110CA64C1E7D3F8402142F48042C3F8402103
S3150000C120D3F8B811D3F840215204F3D5D3F84021FF
S3150000C1300D4222F48042C3F84021E2D1236998449B
S3150000C140029BC8F808300023C8F80C30BFF34F8FA5
S3150000C1500C4A6368C3F8B051D3F8B8112942D0D15C
S3150000C160013A03D10798F6F795FD2FE7D3F8BC11EE
S3150000C1702942C6D1C3F8B051EEE7032626E70126C9
S3150000C18024E700BF809698002DE9FF4702EB41099E
S3150000C190002541EAC212064600EB8908DFF8B4A082
S3150000C1A04FEA8919D8F81C40D7B224F01F04CDE90C
S3150000C1B0015514B904B0BDE8F087019B3BB9A368EB
S3150000C1C0A28B03EA0A03C2F30B02134301936368CB
S3150000C1D01A0638D4E2696168C2F31233029AC1F3CF
S3150000C1E00E415B1A1344D8F84C200293D8F81C3041
S3150000C1F093422BD1C8F81C500122C8F84C50336921
S3150000C2004B449A60DD6063681B0404D4D8F81C3084
S3150000C21033F01F0309D101A930688DF80C708DF831
S3150000C2200D50FFF79EFCCDE90155B36965602360AB
S3150000C23096F87C30B461013386F87C30D8F81C401F
S3150000C24024F01F04B5E74FF0FF33CCE71B68C8F8AE
S3150000C2501C30D8E700F0FFFF2DE9F041304B86B0E7
S3150000C260054688460193A3F58043174602932D4B56
S3150000C27093E8070006AB03E90700AB1EDAB2012A12
S3150000C28048D8294A1678002E46D10121274C28463F
S3150000C2901170274A84F87F50013D626102F5006201
S3150000C2A0EDB2226106AA02EB830353F8143C6360E5
S3150000C2B005F092F806ABA06003EB850555F80C3C3B
S3150000C2C0E3606368D3F8402142F00202C3F84021DC
S3150000C2D0D3F840219207FBD4D3F8242102F01F02A1
S3150000C2E0052A84F87D2019D9D3F8A8210F4822F011
S3150000C2F00302C4F80080C3F8A821D3F8A82142F0AD
S3150000C3000202C3F8A821FFF7DAFD3C60304606B00A
S3150000C310BDE8F0810626F9E70326F7E70126F5E7EB
S3150000C3200000434010C30200B4C6002030C60020FF
S3150000C3300010002008B9032070470B4B984202D129
S3150000C3400A4B00221A7043680020C3F84801D3F84C
S3150000C350402122F00102C3F84021D3F8402142F0E7
S3150000C3600202C3F84021704730C60020B4C6002040
S3150000C37001F00F0141F08001FFF7F2BD01F00F015E
S3150000C380FFF7EEBD2DE9FF474FEAD10801F00F0395
S3150000C3904C00002608F010080F4604F01E0405465F
S3150000C3A048EA03034FF0010844EAD114009608FA5C
S3150000C3B003F8002800F084806846F6F75AFC4FF030
S3150000C3C0FF330FFA84FE019605EB84040293E269BB
S3150000C3D022F01F0213468BB919461E46DFF8E49079
S3150000C3E09C469AB901B101932B6903EB8E1E01237A
S3150000C3F0CEF808300023CEF80C3050E0D97F41F05B
S3150000C4008001D9771B6823F01F03E4E792F91F0028
S3150000C410002842DA5068000627D43BB99168938B0E
S3150000C42001EA0901C3F30B030B430121D4F81CA055
S3150000C430E06C82452BD1C4F81CC0C4F84CC05068CF
S3150000C440000428D4E06930F01F0008BF0126A8695F
S3150000C450C2F804C01060AA6195F87C20013285F804
S3150000C4607C20E26922F01F02BBE76868D0F8B4A11D
S3150000C4704AEA080AC0F8B4A1D0F8B4A11AEA080F2B
S3150000C480FAD1D0F8B8A11AEA080FEFD1C5E7DAF861
S3150000C4900000E061D3E70126D9E701B101930098D6
S3150000C4A0F6F7F8FB46B1002601A928688DF80C704E
S3150000C4B08DF80D60FFF755FB304604B0BDE8F087F8
S3150000C4C00326F9E700F0FFFFCA0803692DE9F041EA
S3150000C4D002F0100201F00F04012605462243CF099F
S3150000C4E09640620042EAD11203EB82134FEA8218A9
S3150000C4F093F838206FF3000283F83820FFF742FFE5
S3150000C5006B68D3F8B021324224D1D3F8B821324037
S3150000C51020D1296941F808206CB9002FD3F8C02131
S3150000C52014BF6FF40D016FF08D010A40C3F8C021EE
S3150000C5302046BDE8F08103EB8404002FD4F8C03117
S3150000C54014BF6FF40D016FF08D010B40C4F8C031BC
S3150000C5501446EDE70224EBE72DE9F74F0C461646A5
S3150000C5600546002800F0AC81142900F2AB81DFE813
S3150000C57011F0150020002900B900C200E9001901D8
S3150000C5801F012700A901A901A9015101A9018F01D4
S3150000C590A201A901A901A901A90147014268D2F88E
S3150000C5A0403143F00103C2F84031204603B0BDE8F4
S3150000C5B0F08F4268D2F8403123F00103C2F84031CF
S3150000C5C00024F2E7002A00F07D8192F802A092F89A
S3150000C5D003B04FEADA090AF00F08514609F01009CC
S3150000C5E049EA08034FF0010909FA03F91388019390
S3150000C5F0FFF7C8FE6F68D7F8B02119EA020FD4D149
S3150000C600D7F8B82119EA0209CFD1019B4FEA4801B0
S3150000C6102A694FEADA1CC3F30A0E0BF0030341EA58
S3150000C620DA11012B4FEA811002EB81112BD13488EC
S3150000C630BEF5806F1558C4F3C12428BF4FF4806E31
S3150000C640013464F39F751550145891F838506EF301
S3150000C6501A441450347964F3410581F83850B8F11E
S3150000C660000F15D1145844F000541450145844F4D3
S3150000C67000441450D7F8C021BCF1000F1ED19B0016
S3150000C68043F0C0031DE0145869F39F741450DBE7B0
S3150000C690B4FA84F41558640964F35D75155014589A
S3150000C6A06FF3CF34145007EB8802D2F8C001BCF107
S3150000C6B0000F10D19B0043F0C0030FE09B0443F42E
S3150000C6C040031343C7F8C03191F8383043F00103F3
S3150000C6D081F8383074E79B0443F440030343C2F8FF
S3150000C6E0C031F1E7002A00F0ED80117803B0BDE813
S3150000C6F0F04FFFF7E9BE002A00F0E480167816F046
S3150000C7000F040ED12146FFF73DFE80212846FFF794
S3150000C71039FE6A68D2F8C03143F00113C2F8C0315D
S3150000C72043E73146FFF72EFE6B68F20903EB8404FC
S3150000C73014BF4FF480320122D4F8C0311343C4F839
S3150000C740C0313DE7002A00F0BD8011786B6811F01A
S3150000C7500F024FEAD1100ED10028D3F8C02114BF22
S3150000C7606FF480306FF0010002402846C3F8C02104
S3150000C770FFF708FE24E7002803EB820318BF6FF4D7
S3150000C7808030D3F8C02108BF6FF0010002EA000232
S3150000C79014BF4FF480004020C3F8C021D3F8C02155
S3150000C7A00243E2E7002A00F08D8000241480FCE6B4
S3150000C7B0002A00F08780137803F00F04052C00F29E
S3150000C7C08180DB09426874B16F34002B02EB84026E
S3150000C7D014BF4FF48033012352681A4214BF012359
S3150000C7E000237380ECE6002BD2F8C02114BF4FF46F
S3150000C7F0803301231A4214BF012300237380D4E639
S3150000C800002A5FD0337842685B0643F08073C2F833
S3150000C8105431D5E64268D2F8A43143F4FE03C2F897
S3150000C820A4314FF0FF3283681A60AB681C6B14F0BA
S3150000C83000542BD16A68D2F8441141F08001C2F845
S3150000C8404411D3F8C41041F48021C3F8C410D2F8BF
S3150000C850841141F40001C2F884111A6BE96842F4AC
S3150000C860600242F400721A630A6842F0005242F40F
S3150000C87040320A600A6842F480620A601A6B42F02B
S3150000C88080421A63012385F881308EE600BFCCE72B
S3150000C890002464F07F01E6B228460134C9B2FFF7EE
S3150000C8A013FE31462846FFF70FFE062CF1D1284627
S3150000C8B0FFF705FB84E62AB190F8803013707FE617
S3150000C8C0032472E6012470E62DE9F04F87B00028B4
S3150000C8D000F08E800468E268636811684D050CD527
S3150000C8E01168002909DAD3F8841121F40001C3F88C
S3150000C8F08411116821F480611160D3F84411D3F8D2
S3150000C900482101EA020818F0400FC3F8448118D004
S3150000C910D3F8AC214FF0FF11C3F8AC21D3F8BC21FA
S3150000C920C3F8BC21C3F8B411D3F8B02112F0FF1F2D
S3150000C930F8D1D3F8843113F480735CD0012384F8E2
S3150000C9407E3018F0010F0CD06368D3F8AC61002E6E
S3150000C9505BD16268D2F8BC31C2F8BC31002B40F022
S3150000C9609B8018F0040F31D000238DF815306268D3
S3150000C970D2F8845115F48075CDE9033314D1D2F879
S3150000C980843113F4007F14BF0223002384F880301F
S3150000C99094F87E3043B1102303A98DF81430206833
S3150000C9A0FFF7DFF884F87E5094F8813073B163683E
S3150000C9B0D3F8843113F0800308D184F88130122330
S3150000C9C003A98DF814302068FFF7CBF818F4807FA0
S3150000C9D00ED06368D3F884311B0609D5002303A95A
S3150000C9E0CDE903331123ADF814302068FFF7B9F809
S3150000C9F007B0BDE8F08FCDE90333102303A9ADF8E6
S3150000CA0014302068FFF7ADF89BE70025012726FACA
S3150000CA1005F35FFA85F9D8073AD5236949462046D2
S3150000CA204FEAC51A03EBC51B1BF8302FD20900923B
S3150000CA30FFF7AAFB009A2046494682F00102FFF75B
S3150000CA40A3FB08238DF8149007FA05F28DF81570EC
S3150000CA5004936368CDF80CB0C3F8AC212269524444
S3150000CA60D2E90A0CD3F8401141F40051C3F8401141
S3150000CA70D3F840118904F5D503A9C2E90C0CD3F803
S3150000CA804021206822F40052C3F84021FFF769F8DC
S3150000CA900135062DBBD15CE74FF0000B23FA0BF2F4
S3150000CAA05FFA8BF7D60705D40BF1010BBBF1200F0C
S3150000CAB0F4D156E7BBF10F0F85BF103F01220022CC
S3150000CAC0FFB2052FF0D802EB470900215FFA89F97A
S3150000CAD0CDE9031167B95AB1216991F87800850744
S3150000CAE006D5086C800003D4086C40F0005008643A
S3150000CAF004EB89064FF0000A47EAC211F56907EB15
S3150000CB00021701224FEA891925F01F05009102FA42
S3150000CB1007F7002DC8D0F56925F01F052A465AB13A
S3150000CB205168090602D4516808046DD55168090692
S3150000CB30BAD452681204B7D5002DB5D06968080674
S3150000CB40E7D4039949B9A968A88B21F47F61C0F39A
S3150000CB500B0021F00F01014303916868E969C0F3F6
S3150000CB600E40C1F31231091A04980144F06C049185
S3150000CB70F16981424CD1C6F81CA00122C6F84CA02E
S3150000CB80216949448A60C1F80CA06968090403D484
S3150000CB90F16931F01F020CD1019303A9009B8DF8B6
S3150000CBA015A08DF814302068FEF7DBFF019BCDE958
S3150000CBB003AAA169C5F804A0296094F87C10A561B0
S3150000CBC0013184F87C10F16931F01F013FF46CAF3C
S3150000CBD048680D460206AFD56268C2F8B071D2F851
S3150000CBE0B8010742A8D1D2F8B0010742FBD1D2F86A
S3150000CBF0B80117EA000E9FD1206948448160C0F849
S3150000CC000CE0C2F8B07197E7126822F01F0286E7BF
S3150000CC100968F161B9E770B5134606690022044652
S3150000CC200D46826116B111464069B0472946206813
S3150000CC30BDE8704003F011BA2DE9F3410F461646E0
S3150000CC401D46BDF82080044648B301A9006803F0DC
S3150000CC50E7F930BB0A9B019A23610B9BD06963619C
S3150000CC60099BC2E90138104BC2E9043407704670CB
S3150000CC70A36845809B6CE1689B78A0F8068083805A
S3150000CC80206803F069F938B10199206803F0E5F9E5
S3150000CC90012002B0BDE8F081019BA361F9E7032002
S3150000CCA0F7E70220F5E700BFADCC000070B51346EC
S3150000CCB00669002204460D4682611EB1CA684069B3
S3150000CCC04968B04729462068BDE8704003F0C5B9F9
S3150000CCD0F7B506461C200F46F5F7BCFF0446A0B183
S3150000CCE0002501AA082146608560304603F0CDF98B
S3150000CCF0019B01AA09212360304603F0C6F9019B76
S3150000CD002846E3603C6003B0F0BD0C20FBE7000062
S3150000CD10F7B5089F14461E460546002834D08160A4
S3150000CD20406801F0CBFA002830D144B926B1234639
S3150000CD30224621463846B047204603B0F0BD01A939
S3150000CD40286803F06DF918BB019A40F60131114BC2
S3150000CD50C5E90467C2E90435D3691980A968896CF5
S3150000CD6089785C809980D880E968C2E901002868E2
S3150000CD7003F0F2F8044610B9019BAB61DCE70199B8
S3150000CD80286803F06AF9D7E70424D5E70446D3E711
S3150000CD900124D1E717CC000070B50D460646C8B190
S3150000CDA0A1B1C96871B1AA6972B1286803F027F9FF
S3150000CDB00446A968304601F0BDFA2846F5F757FF44
S3150000CDC0204670BD0C46F4E71446F2E72C4601F007
S3150000CDD0B1FAF5E70324F3E71FB5CDE902230022F4
S3150000CDE0CBB22121CDE90022FFF726FF05B05DF881
S3150000CDF004FB1FB5079C9BB20394069C0093CBB221
S3150000CE002121CDE901240122FFF716FF04B010BD50
S3150000CE101FB5079C9BB20394069C00930B46A12169
S3150000CE20CDE901240222FFF707FF04B010BD1FB5AC
S3150000CE30CDE90223062301910322A12100930023B9
S3150000CE40FFF7FAFE05B05DF804FB70B5066A044606
S3150000CE500D4613461EB1CA68406A4968B04729465E
S3150000CE606068BDE8704003F0F8B8406803F0F5B8B4
S3150000CE7070B51346866A002204460D46C2611EB18D
S3150000CE80CA68C06A4968B04729466068BDE870400C
S3150000CE9003F0E3B82DE9F3411D46C36904460F4686
S3150000CEA01646BDF8288043BB01A9406803F0B8F8D0
S3150000CEB0E0B90B9B019AA3620C9BD069E362099BC4
S3150000CEC0C2E901380E4BC2E90434BDF820300770C0
S3150000CED0467045808380A0F806802169606803F06B
S3150000CEE03BF828B10199606803F0B7F8012001E02A
S3150000CEF0019BE36102B0BDE8F0810220FAE700BFC2
S3150000CF0071CE0000F7B5002506464C200F46F5F712
S3150000CF10A1FE0195044678B320210820FAF736FFD2
S3150000CF20202160630420FAF731FF202120640420C9
S3150000CF30FAF72CFF2021E0630120FAF727FF01AA68
S3150000CF400821A0633046C4E9026503F09EF8019B00
S3150000CF5001AA09216360304603F097F8019B01AAF4
S3150000CF6007212361304603F090F8019B284684F898
S3150000CF7032303C6003B0F0BD0C20FBE72DE9F043F6
S3150000CF800E4685B090461F460546002860D0C16013
S3150000CF90806801F093F904468146002852D16969F8
S3150000CFA051B10246686803F02AF86969686802F0B8
S3150000CFB0A6FF0446C5F8149096F854C000234FF017
S3150000CFC00C0EDAB294450AD8B8F1000F39D1002F09
S3150000CFD038D04346424641460C98B84732E00EFBED
S3150000CFE003F2B05890F90210827800292EDAC1783F
S3150000CFF001F00301032929D1AB68009302F00F0366
S3150000D0006A468DF8093083798DF8083043790179BD
S3150000D010686841EA032140F20133ADF80A30002383
S3150000D020C1F30A018DF80C3040F6B833ADF806109E
S3150000D03005F11401ADF8043002F058FF044600284B
S3150000D040C2D00124204605B0BDE8F0830133B8E71D
S3150000D0500324F7E770B50C46064680B359B3496911
S3150000D06039B30022606802F0CAFF6169606802F0A5
S3150000D07046FF002305466361216929B1E2691AB1B9
S3150000D080606802F0BCFF0546E168304601F052F9DF
S3150000D090606BFAF79CFE206CFAF799FEE06BFAF7E4
S3150000D0A096FEA06BFAF793FE2046F5F7E0FD2846BC
S3150000D0B070BD0D46E0E7254601F03CF9F7E703258C
S3150000D0C0F5E70000F7B50E4615461F460446C0B103
S3150000D0D001A9406802F0A4FF88B9089B019A63621F
S3150000D0E0094B276261696068C2E90165C2E90434D7
S3150000D0F002F060FF30B10199606802F0AEFF0120D6
S3150000D10000E0032003B0F0BD4BCE000037B50D465E
S3150000D1100446F0B101A9406802F082FFD8B9019A2D
S3150000D12040F223310D4BC2E90434D369C2E9010050
S3150000D13019800421D8805980606821699D8002F099
S3150000D1400BFF20B10199606802F087FF012003B050
S3150000D15030BD0320FBE70220F9E700BF6BCE0000DD
S3150000D16010B586B0089CCDE903340023CDE9011241
S3150000D1700622A0210093FFF78DFE06B010BD7FB5F5
S3150000D180CDE9032300230122CDE9013300930B46A9
S3150000D1902021FFF77FFE07B05DF804FB10B586B0CF
S3150000D1A0089CCDE903340023CDE901121A46A021DB
S3150000D1B00093FFF76FFE06B010BD10B586B0089C51
S3150000D1C000912321CDE903340023CDE90133134631
S3150000D1D00322FFF75FFE06B010BD10B586B0089CAF
S3150000D1E000912321CDE903340023CDE90133134611
S3150000D1F00122FFF74FFE06B010BD10B586B0099CA0
S3150000D2000494089CCDE902340023CDE900121A46A5
S3150000D210A321FFF73FFE06B010BD000013B504467C
S3150000D22078B190F8483063B990F84520064BD2089B
S3150000D2300090816B0132FFF745FF10B9032384F894
S3150000D240483002B010BD00BFF1D500002DE9F04313
S3150000D25090F8471085B0D0F81890044601F10058B0
S3150000D26008F1FF3809EBC80559F838202B79002A50
S3150000D27040F09180023B0392082B4CD8DFE803F084
S3150000D28005156E474E54566E700003232B712046CB
S3150000D290794B226C009304230194FFF7AEFF00281C
S3150000D2A039D1022384F848301EE0036C1B68DE0384
S3150000D2B008D5042310222B716F4B00902046FFF7F0
S3150000D2C08CFFECE7D80712D50623042220462B71E3
S3150000D2D0694B0094FFF771FFE8B9022384F84830E0
S3150000D2E06B790BB1013B6B7105B0BDE8F083DA02D7
S3150000D2F009D49F0309D41E030DD5132202232B71D3
S3150000D3005D4B0094DAE71422F8E71122F6E7036C86
S3150000D3101B68D807D8D402232B7134E007232B715E
S3150000D3202046FFF77BFFDFE70823AFE7036C1B68A8
S3150000D330DA02F0D56A7972B90A225F052A7105D533
S3150000D3400223AB714C4B14220094B7E713F400731D
S3150000D35018BF0123F5E709232B71F3E7052395E7AA
S3150000D36003AA0121806802F090FE94F83230A97970
S3150000D37001339DF80C206068DBB20195009394F8A8
S3150000D380473000F06DFE00233C4A84F84730536076
S3150000D39001236B71C4E70A3B4768062B12D8DFE806
S3150000D3A003F004194042545604000B232B71324BF0
S3150000D3B0226C0093042301942046FFF71EFF0028E9
S3150000D3C03FF46FAF0A232D4A2B710023536084F874
S3150000D3D04730A5E7226C0C2013682871DE0306D5BA
S3150000D3E0254B102200942046FFF7F7FEE7E7980347
S3150000D3F003D5214B11220094F5E75B030AD51E4B9A
S3150000D400122220460094FFF7E8FE0028DAD10E2308
S3150000D4102B7146E70D232B71174B019400930423C0
S3150000D420CAE70D23C2E7236C1E6816F00106C9D1B0
S3150000D4300223114638462B7100F0E9FE0F4B49F8DE
S3150000D44038605E6084F847606AE70F23AEE7226CB7
S3150000D4507B681668D7F8DC0216F0040605D01022A1
S3150000D46000212A7107229847ACE70A2231462A7121
S3150000D4709847C7F8DC62A5E781D40000C0C6002043
S3150000D4807FB590F849200446012A2CD04BB10023E1
S3150000D490554A80F84830536080F84730FFF7BEFEA3
S3150000D4A021E090F84820012A40F0968080F8483024
S3150000D4B0039390F84430023B052B00F28B80DFE8A3
S3150000D4C003F0031489306A4E0323072280F84430A0
S3150000D4D0464B0090616B2046FFF742FE002879D14B
S3150000D4E0012384F8483004B070BD456B03AA0C21B3
S3150000D4F0806802F0CAFDEB78BDF80C20C3F3411337
S3150000D5000133DB00039313442386AB78072B84F89F
S3150000D5104530E8D805230822009484F84430334B7C
S3150000D520D8E785694DB990F84500C000F5F792FB3C
S3150000D530A06100284ED084F8465094F8461094F81E
S3150000D5404520914210D20131284B08222046C9B20B
S3150000D550009484F84610FFF730FE0028C0D0002360
S3150000D560204684F8443099E700234FF48175194624
S3150000D570184684F8473003939A4203D80029EED020
S3150000D5800392ECE7A16901EBC30641F833000133CE
S3150000D5900121B580F0E7C26BD178937843EA012385
S3150000D5A00021DA07039380F844100DD503460F4A8D
S3150000D5B02046FFF7E4FD0028D1D1012384F8483046
S3150000D5C0072384F844308EE79B07C8D50346074AED
S3150000D5D00121EDE70123F4E7022A84D180F84830DF
S3150000D5E0FFF734FE7FE700BFC0C6002081D40000ED
S3150000D5F02DE9F34190F849200446012A3DD0002246
S3150000D60080F848205BB1C369002B36D1274A80F8E1
S3150000D6104730536002B0BDE8F041FFF7FFBD1D463D
S3150000D620224E0627DFF88880A36BC5F3C401EAB251
S3150000D630595C05F00703D940CB0714D57368FAB9CE
S3150000D64023B19C420FD194F8473063B94346042274
S3150000D650E16B204684F844700094FFF79FFD48B1C3
S3150000D660002384F84430013594F84520EBB29A4201
S3150000D670DAD20FE0012384F8483002B0BDE8F08129
S3150000D68033B19C42EFD194F847300BB19342EAD1C3
S3150000D690E3690BB12046BDE72046746084F8472055
S3150000D6A002B0BDE8F041FFF7D1BD00BFC0C6002003
S3150000D6B081D40000DBB22DE9F043022B85B04FF098
S3150000D6C000040D461746CDE9024400F08780032B7F
S3150000D6D02AD0012B24D0204605B0BDE8F08309FBF3
S3150000D6E00676B36C5A79092A10D19C7974B903AAC3
S3150000D6F00721284602F0C9FC039B052B06D8684B78
S3150000D7001D60684B1E60684B1F60E4E708F1010866
S3150000D71097F8C2315FFA88F6B342E0D80824DAE710
S3150000D720A0464FF05809F3E75D4F3A680AB900245E
S3150000D730D1E75C4E3368002BF9D003AA07212846AF
S3150000D74002F0A3FC03995948FEF746F803AA012103
S3150000D7502846574D02F099FC03995648FEF73CF8C7
S3150000D760EC6834B905F11000E860F5F79BFA00B1F2
S3150000D770EC60386802A9FFF7C5FB0446E868029F1B
S3150000D78018B14FF0FF31F5F7A7FAAB68E8683B60D0
S3150000D790AF6008B1F5F7C0FA4FF44073A7F84A3006
S3150000D7A0414B1B68D3F8B831DB799B0644BF012394
S3150000D7B087F84A30002C8ED1022301252246029892
S3150000D7C087F8443087F848503B4B00973168FFF79D
S3150000D7D0D5FB0028ABD087F844507CE7344FF86877
S3150000D7E018B14FF0FF31F5F777FABB689A681C68F5
S3150000D7F0AA4240D1BC601C46F86808B1F5F78CFA1D
S3150000D8005CB37B6803AA0721A068A3424FF0000619
S3150000D81008BF0023B14608BF7B6002F036FC0399BF
S3150000D8202648FDF7D9FF03AA0121284602F02DFC60
S3150000D83003992048FDF7D0FF012384F8493094F876
S3150000D84045305FFA86F8A06943451CD808B1F5F75C
S3150000D8500EFA21462846FFF7FDFBBC68002C7FF434
S3150000D86066AFF86800283FF462AFF5F76DFAFC6022
S3150000D87031E723461446002CBED0A1682268A9428F
S3150000D880F7D11A60B8E740B150F8381029B160688E
S3150000D89000F0BDFCA36943F838900136CFE700BF1E
S3150000D8A0BCC60020D4C60020B8C60020A0EE0200E8
S3150000D8B0C0C60020B7EE020081D40000C4EE02000C
S3150000D8C0002373B501930E46134B15469C6814B995
S3150000D8D0012002B070BD01AA0121A06802F0D5FBAB
S3150000D8E0019B9E4201D02468F1E705F10053A1692E
S3150000D8F00022013B41F8332001EBC30001230371F1
S3150000D90094F84730AB4201D184F847202946204697
S3150000D910FFF7FCFBDCE700BFC0C60020002337B5DD
S3150000D920CDE90033104B0D469C6814B9204603B070
S3150000D93030BD6A460121A06802F0A7FB009B9D420C
S3150000D94004D02468F1E701950198F0E76A460421BE
S3150000D950A06802F09AFB009B022BF4D001AA0521D5
S3150000D960A06802F092FBEFE7C0C60020002373B563
S3150000D970CDE90033114B0E4615469C6814B9204676
S3150000D98002B070BD6A460121A06802F07EFB009BD2
S3150000D9909E4204D02468F1E701950198F0E76A46B3
S3150000D9A00421A06802F071FB009B022BF4D001AAAF
S3150000D9B00521A06802F069FBEFE700BFC0C60020A2
S3150000D9C0002337B501930D46084B9C6814B92046D1
S3150000D9D003B030BD01AA0121A06802F056FB019BED
S3150000D9E09D4201D02468F1E7208EF1E7C0C60020F1
S3150000D9F090B189B1D0F8D8229142136805D1C0F808
S3150000DA00D832002070471A460346002BF9D08B42C5
S3150000DA101868F8D11060F4E70320704707B58DF851
S3150000DA20071050B1D0F8D4320DF107020221006878
S3150000DA309B69984703B05DF804FB0320FAE738B505
S3150000DA400C4605464FF0FF318068F5F745F9611E33
S3150000DA50012305EBD10201F007018B4092F8E91290
S3150000DA6021EA030182F8E912A868BDE83840F5F713
S3150000DA7053B92DE9F041804642EA034546680C4613
S3150000DA8001B3002391F8CA1104F1500C4FF0580E5F
S3150000DA901A461F46D8B281421AD886B3012A00D048
S3150000DAA009BB2A4604F108012046B04706461FB3C3
S3150000DAB02B4604F1080221464046FFF7FBFDA6B9B6
S3150000DAC0002003E02A460846B0470320BDE8F0815F
S3150000DAD00EFB03F001335CF800004079092814BFFF
S3150000DAE001220127D6E70126E1E70028E8D0012D2B
S3150000DAF00CBF08200120E9E7002EF8D1E0E7002F4F
S3150000DB00F5D03E46D4E7000030B590F8E45185B034
S3150000DB100446082D61D06946406802F081FA002863
S3150000DB2067D10099023D344BC1E90434CB691870C2
S3150000DB309880D8805880052D26D8DFE805F0031E8A
S3150000DB40032735421222ADF80C2094F8E421022A6C
S3150000DB5004BF0822ADF80C20D4F8CC210292012291
S3150000DB60ADF80420002220468DF806204FF4D0623E
S3150000DB701A8001AA02F01DF906E0052220465A7015
S3150000DB8004F5F47202F00EF905B030BDD4F8D821D0
S3150000DB90029202228DF8042094F8E3218DF80520E4
S3150000DBA00922ADF80C20DDE7D4F8D4210292022236
S3150000DBB08DF8042094F8E3218DF80520B4F8DC21D3
S3150000DBC0EFE7D4F8C021204652795A8009225A70CC
S3150000DBD000231A4602F0D2F8D6E7014600230322B4
S3150000DBE04068FFF746FF0028CED1092384F8E431C8
S3150000DBF0CAE70120C8E700BFFDDB00002DE9F041C0
S3150000DC00154604464068CF6802F027FA7DB901231D
S3150000DC10254E84F8E63194F8E431013B06EBC30265
S3150000DC2052685ABB16F8333084F8E43107E00A2DFF
S3150000DC3012D194F8E6318BB1013B84F8E6312046E7
S3150000DC40FFF762FF70B301252B4621466068052267
S3150000DC50BDE8F041FFF70DBF0E2DF5D00B2594F86A
S3150000DC60E531002BF0D0013B84F8E531012384F83F
S3150000DC70E631002384F8E3310223D5E7394620460E
S3150000DC809047054618B994F8E431013BCAE70928DC
S3150000DC9006D194F8E43106EBC30616F8073CC3E751
S3150000DCA00828DCD1BDE8F081DCEE02002DE9F84F52
S3150000DCB0D0F8D0210446436890F8E40102380428DD
S3150000DCC014D8DFE800F003151E234E00082903D000
S3150000DCD001252846BDE8F88FD4F8CC11C979918181
S3150000DCE0D3F8D4128C6905211868A0470025F0E7FF
S3150000DCF094F8E81184F8E911D3F8D4128C69042158
S3150000DD00F2E7B1F1120518BF0125E2E70929DFD1D3
S3150000DD10D4F8D821D4F8D401D178937843EA0123F2
S3150000DD20A4F8DC3120B1FAF752F80023C4F8D43154
S3150000DD30B4F8DC01A0F10903B3F59C5FC8D28307F0
S3150000DD401BBF20F00300202120210430FAF71EF823
S3150000DD50C4F8D401D4F8D431002B14BF00250C2507
S3150000DD60B7E7B4F8DC318B42B2D1D4F8D4311B7AA0
S3150000DD70FA2BADD894F8E33104F2CB12002101332B
S3150000DD8084F8E331E31D03F8011F9A42FBD1D4F86E
S3150000DD90D431B4F8DC21581CA4F8DE111A44A4F8D6
S3150000DDA0E01184F8E211824292D91D78092D8FD1B3
S3150000DDB0587802288CD1C4F8C0310933A4F8C811A8
S3150000DDC0C4F8C41184F8CA119A4206D8002158260C
S3150000DDD04FF00C0E4FF0000C67E0591C8A42F5D943
S3150000DDE059780429F2D0D4F8C40108B9C4F8C4316A
S3150000DDF000293FF46DAF197800293FF469AFB4F8F4
S3150000DE00C8010B440844A4F8C801DDE7581C824247
S3150000DE107FF65EAF587804287FF45AAF03F1090005
S3150000DE208242FFF455AFD878002840F0928094F8EB
S3150000DE30CA91B9F1040F3FF64BAF19FB06F809F189
S3150000DE40010708F1080184F8CA71A04406FB0947D6
S3150000DE50214488F85B0088F85C003B65A8F8580008
S3150000DE607865987888F85A00187800283FF430AF1B
S3150000DE7003449A421CD806FB09F904EB090ADAF8AE
S3150000DE805000007988B15F1CBA427FF621AF5F78F7
S3150000DE90052F7FF41DAF06283FF61AAFDAF850704B
S3150000DEA098F85C003F7987421CD89A42AED867E062
S3150000DEB0581C8242DFD993F801A0AAF10400012878
S3150000DEC0D9D9786D00B97B65BAF1000F3FF400AF80
S3150000DED0187800283FF4FCAEB8F858A08244A8F899
S3150000DEE058A0C5E75F1CBA427FF6F2AE5F78052FF1
S3150000DEF07FF4EEAE0EFB00901F7820448360A0F8FE
S3150000DF0010C0C0F80CC0002F3FF4E2AE3B449A426A
S3150000DF1005D898F85C00013088F85C00BEE75F1C05
S3150000DF20BA42F6D993F801B0ABF10407012FF0D944
S3150000DF30C76807B9C360BBF1000F3FF4C9AE1F78CD
S3150000DF40002F3FF4C5AEB0F810B0BB44A0F810B037
S3150000DF50DCE700293FF4BCAE91F85300013081F8AC
S3150000DF605300C86C00B9CB64187800283FF4B0AEF3
S3150000DF70B1F85070034407449A42A1F8507012D881
S3150000DF80184804F5EF7394F8CA110126001BC2184D
S3150000DF90914213D80023012221466068FFF769FDEC
S3150000DFA078B9054695E6581C82427FF67EAF5878CA
S3150000DFB004283FF47AAF0028D6D189E603F8016B2E
S3150000DFC0E5E7D4F8CC3194F8E3215B7C9A42FFF480
S3150000DFD080AE00230422214660680825FFF749FD2C
S3150000DFE077E600BF22FEFFFFD0F8DC328B4208BF87
S3150000DFF0002370B50C4608BFC0F8DC3291F8E91171
S3150000E000054619B12846FFF71AFD03E094F8E81112
S3150000E0100029F7D1D4F8D01159B10022284601F0D1
S3150000E020EEFFD4F8D011284601F069FF0023C4F8AA
S3150000E030D031D4F8D40108B1F9F7C9FE94F8EF61EC
S3150000E040D4F8CC01F9F7C3FE2046F4F710FE012EF2
S3150000E05005D128460321BDE87040FFF7DFBC70BD3F
S3150000E0602DE9F04F85B0894690469B469DF838A02D
S3150000E07005460F9F002800F0C180D0F8D8626EB91F
S3150000E0804FF4F870F4F7E6FD0446C0B931460C23A8
S3150000E090052228460C26FFF7ECFC0AE096F8EB3141
S3150000E0A043450AD196F8EC315B4506D1002302269A
S3150000E0B03B60304605B0BDE8F08F3668DFE70123E8
S3150000E0C003224560202180F8E63180F8EA3180F8A5
S3150000E0D0E79180F8E52180F8E9611B20F9F756FE03
S3150000E0E00346C4F8CC0128B9F9F771FE2046F4F7C7
S3150000E0F0BEFDCBE71233B9F1020F84F8EB81C4F809
S3150000E100D83184F8ECB184F8EFA131D0BAF1010F1F
S3150000E1102ED941462846FFF701FC5A4684F8ED0100
S3150000E12041462846FFF722FC84F8EE014FF0FF3106
S3150000E130A868F4F7D1FD05F2E922002312F8011BC5
S3150000E140DEB2FF2919D10133082BF7D1A868F4F7FD
S3150000E150E3FDD4F8CC010126F9F739FE2046F4F7A1
S3150000E16086FD0123052200212846FFF782FCA0E751
S3150000E17084F8ED8184F8EEB1D8E7002221FA02F89E
S3150000E180D0B218F0010826D14FF001092B4409FA44
S3150000E19002F20A4383F8E92200EBC6034B4484F8F3
S3150000E1A0E831D5F8D8322360C5F8D84284F8E4912E
S3150000E1B0A868F4F7B1FD124B6A4604F5E8712846E3
S3150000E1C000948DF80C80CDE9013801F08FFE0646EB
S3150000E1D028B13C60BDE70132082ACFD1B6E7022359
S3150000E1E0204684F8E431FFF78FFC28B14B46052220
S3150000E1F021462846FFF73DFC3C605AE7032658E7D0
S3150000E200B80B0800022380F8E431FFF77DBC70B537
S3150000E2100C460546E8B1E1B1002691F8E42181F803
S3150000E220EA617AB1082A0FD8D1F8D01111B1324675
S3150000E23001F0E5FE21462846FFF7DAFB2846FFF700
S3150000E240D3FE0022104670BD33460222FFF711FCB2
S3150000E250F7E70322F6E7F8B50E4617460546D8B1A6
S3150000E2604FF0FF318068F4F737FDD5F8D8424CB946
S3150000E270A868F4F751FD8CB121462846BDE8F84060
S3150000E280FFF7C5BF94F8EB31B34203D194F8EC31F4
S3150000E290BB42EDD02468EAE70320F8BD2046FCE740
S3150000E2A041B1D0F8D8323BB18B4201D10020704742
S3150000E2B01B68F8E70420704701207047F8B50F4641
S3150000E2C0044670B369B346684FF0FF31B068F4F79F
S3150000E2D003FD174B93F8F952012D24D19E4222D10A
S3150000E2E021463046FFF7DCFF0346B06823B994F8B1
S3150000E2F0CA5104F1080204E0F4F70EFD2846F8BD01
S3150000E3005832D9B28D4208D99742194603F1010312
S3150000E310F6D10C44022384F8DE310025F4F7FCFC28
S3150000E320ECE70325EAE7B0680125F4F7F5FCE5E735
S3150000E330E0C600202DE9F04188460446002850D06A
S3150000E34047684FF0FF312A4EB868F4F7C5FC96F8D7
S3150000E350F952012D47D1B74245D121463046FFF744
S3150000E3609FFF28B1B868F4F7D7FC2846BDE8F081CE
S3150000E370B8F1000F0FD094F8CA1104F10803C2B225
S3150000E380914208D99845024600F1010012D1A3181E
S3150000E390032283F8DE2194F8EA31F3B994F8CA012E
S3150000E3A004F5EF72D9B2884206D821461048FFF725
S3150000E3B01FFB07E05833E2E712F8011B013302297D
S3150000E3C0F0D10025B068F4F7A7FC012DCDD1214688
S3150000E3D06068FFF709FE0025C7E7B068F4F79CFC04
S3150000E3E0F9E70325C1E7B8680125F4F795FCBCE712
S3150000E3F0E0C600202DE9F843054680B379B34B68A3
S3150000E40083422ED1FFF74CFF064660BB91F8E431FC
S3150000E41091F8EB8191F8EC9191F8EF7181F8EA01AE
S3150000E42023B1082B28460ED8FFF7F1FE012F10D195
S3150000E43039462846FFF7F2FA02212846FFF7EEFA98
S3150000E4403046BDE8F883FFF7D3FA2846FFF7CCFD40
S3150000E450ECE74A4641462846FFF732FAF0E703263C
S3150000E460EEE70426ECE70026EAE7000010B54DF6D5
S3150000E470C024012904FB03F34FF00604B3FBF4F3B5
S3150000E4804FF47A7403F65F43B3FBF4F319D1022811
S3150000E4900DD140F62300584300F51B2000F23C70D6
S3150000E4A0174B98422AD91749B0FBF1F010BD28BB8B
S3150000E4B01548012A00FB03F30CBF144814481844FE
S3150000E4C0EEE7022807D140F62300584300F5602006
S3150000E4D000F6D410E4E730B90B48584300F50B00BA
S3150000E4E000F57970DCE7012808D1012A07BF094940
S3150000E4F009480549064801FB0300D1E70120D5E795
S3150000E5003F420F0040420F00544601004CF46E009B
S3150000E51054A65F003E530A009CB1DB03836AD3F81E
S3150000E520442111041AD4D3F84421D3F8401102F43B
S3150000E530004201F020010A43B2F5004FF3D0202A31
S3150000E540F1D0C26AC3F85821D3F8402142F0200224
S3150000E550C3F84021D3F844211204FBD57047836ADF
S3150000E560D3F8442152041ED4D3F84421D3F84011E1
S3150000E57002F4804201F010010A43B2F5804FF3D055
S3150000E580102AF1D08268C3F85421D3F84021D1066D
S3150000E59005D4D3F8402142F01002C3F84021D3F845
S3150000E5A044215204FBD57047F8B5002315460446AE
S3150000E5B00E4613600A46AA421BD16F894FF0FF31FF
S3150000E5C0E06BC7F30E071F44F4F786FB94F865303B
S3150000E5D0ABB92661656194F86530AE4203F101037B
S3150000E5E0DBB284F865300DD1E06BF4F795FB384665
S3150000E5F0F8BD51891268C1F30E010B44DBE763696C
S3150000E6001E60E7E73668E6E72DE9F043002385B0AC
S3150000E61006460C46C06B4FF0FF31CDE90033CDE91D
S3150000E6200233F4F759FBF5681DB12B6823F01F037D
S3150000E630F360F06BF4F770FB002D5ED005F140023D
S3150000E6402B460021A56143F8041B9342FBD101230D
S3150000E65001AA042160682B606B612C63C5E9033352
S3150000E6603223EB6301F011FD227D019E032A42D085
S3150000E67067890F2F94BF3F074FF070472AB9022EC4
S3150000E68018BF47F0006747F48047A37C01216A461C
S3150000E69060684FEA0328B4F80C90360301F0F5FCE5
S3150000E6A0009B4FEA094901993343022943EA0903CA
S3150000E6B043EA080343EA07036B6020D1637D03AA9C
S3150000E6C060689E0701F0E1FC02AA0321606801F080
S3150000E6D0DCFC039B0020029A1B0443EAC25394F815
S3150000E6E02720134394F8282043EA02233343AB60E0
S3150000E6F005B0BDE8F0830027C7E70120F8E703AAC5
S3150000E700052160684FF0804601F0BFFC02AA062191
S3150000E710606801F0BAFCDCE7D0F84431D0F840215B
S3150000E72003F4004302F020021343B3F5004FF3D085
S3150000E730202BF1D0D0F8403123F02003C0F840312F
S3150000E740D0F844311B04FBD4704770B58D6906467A
S3150000E7500C46C06B4FF0FF31F4F7BEFAEB682A693E
S3150000E760D20701D5DB0715D42B6813F001031BD1A3
S3150000E770227D032A03D0B06AFFF7CEFF01230122D0
S3150000E780EA602A61AA6922F0FF02AA6113B1304643
S3150000E790FFF7C4FE00236C6BF06BAB636B63F4F79F
S3150000E7A0BBFA1CB9204670BD0023E8E7D4E909127C
S3150000E7B030462568FFF7F8FEA36821460E229842E8
S3150000E7C094BF181A00202369E06060692C469847B8
S3150000E7D0E7E7D0F84431D0F8402103F4804302F053
S3150000E7E010021343B3F5804FF3D0102BF1D0D0F8BD
S3150000E7F0403123F01003C0F84031D0F844315B04B7
S3150000E800FBD47047F7B515460E460023023A05F1CC
S3150000E8100E01019322F8023F9142FBD104680CB924
S3150000E82003B0F0BD237D03F0FD03012B20D101AA27
S3150000E83004216068E78901F028FC019B022BE38B29
S3150000E84023D1B34214D8082F94F8260019D9F31A05
S3150000E850B0EBC30F4FEAC30213D8121A013F3A4274
S3150000E86006D100B2228C35F81030134425F810304A
S3150000E8702468D4E735F81030228C134425F810307C
S3150000E880384480B20728F5D9F2E79E42F0D3F31A4E
S3150000E890013F3B40ECD194F82720DA40D10741BF35
S3150000E8A035F81320618C521825F8132094F8282087
S3150000E8B0DA40D20741BF35F81320A18C521825F84B
S3150000E8C013200133082BE6D1D2E72DE9F74F07468F
S3150000E8D0866B4FF0010B16B903B0BDE8F08F337DA0
S3150000E8E013B1023B012B04D8B5694FF0000A6C6BDB
S3150000E8F00CB93668EFE72368A26A009348F28003F2
S3150000E900D2F80890D5F8188009EA0303B3F5004F4A
S3150000E91042D109F07E03616A38460193FFF744FE4F
S3150000E920A268019B904294BF101A00202268E06002
S3150000E9306A633222A5F83EA0AA877BB118F0800F41
S3150000E94003D1AB6923F0FF03AB6119F03E0FD4E9A5
S3150000E950043014BF0B220A2221460EE0337D43B950
S3150000E960E0690388B3F5817F03D183780BB9BB6B6C
S3150000E9702BB9236900222146606998471DE0D97C9E
S3150000E9809A7C42EAC11201798A4203D159687268B7
S3150000E99091423CD01B68EBE718F0800FA9D118F024
S3150000E9A07E0FA6D0D5F81880EB6813F0010900D1C8
S3150000E9B02BB9AB6923F0FF03AB61009C98E799681C
S3150000E9C0090402D41B68002BF9D1C5F810B0C5F8AC
S3150000E9D00CB0A96921F0FF01A9610BB11B682B617D
S3150000E9E0616A3846FFF7E0FDA368984298BFA3EB3B
S3150000E9F00009236818F03E0FC4F80C906B634FF0C3
S3150000EA003203A5F83EA0AB87D4E90430A1E71A7D0E
S3150000EA10023A012AADD89A69936923F000439361BB
S3150000EA20A7E700002DE9F0438C4B89B0871E81468D
S3150000EA300093A3F58043012F88461646019300F202
S3150000EA400981002568201560F4F704F904460028BA
S3150000EA5000F002810323C0F8008080F860904FEA3E
S3150000EA60870880F8613008AB80F8665003EB8703AF
S3150000EA7053F8203C8362484602F0AEFCDFF8F4C14E
S3150000EA8002ABA065B9F1010F9CE807000DF1200C5F
S3150000EA9083E807000CE907001CD80023E36502227F
S3150000EAA0A36AC3F84021D3F840219007FBD4D3F8DA
S3150000EAB0A82142F00302C3F8A821D3F8083194F83C
S3150000EAC06030012B1DD82046F4F7D1F8012009B09B
S3150000EAD0BDE8F0831A46FFB22B46294652F8040BCE
S3150000EAE028B108AD05EB8305013345F80C0C01315F
S3150000EAF00329F3D19F42D0D808AB984458F80C3C70
S3150000EB00CCE7574B1A78002A58D101221A70554B78
S3150000EB10A360554B03F54072184603F5007103F1E7
S3150000EB2040056360E3602161226340F8805BC4E9CD
S3150000EB300622C4E90822186403F1C000C3F8800065
S3150000EB4003F58070C3F8C00003F5A070C3F8000198
S3150000EB5003F5C070C3F8400103F5E07003F50873D0
S3150000EB6043F8A00C002043F8600C0120013043F864
S3150000EB70203C20330828F9D10B46002184F8650093
S3150000EB8043F8E01F626301226361384B013243F8A8
S3150000EB902C3C2C33102AF9D104F14000E063F4F741
S3150000EBA081F800288FD104F1480001216064F4F750
S3150000EBB0DFF838B1E06BF4F7C7F884E7A368002BF9
S3150000EBC0A7D180E7E3681A6843F00201E36222F006
S3150000EBD01F02E2605A68196042F400425A6001223C
S3150000EBE0C3E903225A61A368191F03F6FC7341F8AF
S3150000EBF0042F8B42FBD1A36AD3F80421D10607D593
S3150000EC00D3F8842122F02A0242F48052C3F88421E8
S3150000EC10D3F80821920703D5D3F84021C3F8402141
S3150000EC20D3F84021002022F47F02C3F84021D3F814
S3150000EC30402142F00102C3F840210D4AC3F880206A
S3150000EC40D3F8482142F0807242F03702C3F84821D7
S3150000EC5034603CE706203AE70C2038E700004340E2
S3150000EC60DCC6002000300020002000202C230020DD
S3150000EC709F8601001CC302000023826A816810B5CA
S3150000EC80C2F848310446C2F84031084AC06B914286
S3150000EC9004BF074A1370F4F757F8606CF4F7E8F806
S3150000ECA02046F3F7E4FF002010BD00BF003000202F
S3150000ECB0DCC600202DE9F04F95B082460023C06BDC
S3150000ECC007914FF0FF3115460993F4F705F8DAF886
S3150000ECD0344014B12368CAF83430DAF83C00F4F74B
S3150000ECE01BF8002C00F0AF8204F12C022346002111
S3150000ECF043F8041B9342FBD12868042109AA6060EB
S3150000ED006B7AA374AB7AE3742B7AE381EB88A381E5
S3150000ED10EB7A23752B7B0133DBB2032B88BF0323EE
S3150000ED206375AB88638100236374A36101F0ADF959
S3150000ED30267D0999012E2AD0032E2DD10229E2899A
S3150000ED402DD1013A012303FA02F2E281E389022E70
S3150000ED50A38302D0032E63D02EB921465046FFF777
S3150000ED6053FC002841D001254FF0FF31DAF83C0072
S3150000ED70F3F7B2FFDAF83430DAF83C002360CAF869
S3150000ED803440F3F7C9FF284615B0BDE8F08FE38994
S3150000ED90013B06FA03F3E381022910D1D6E7D3B289
S3150000EDA0012B0BD913F0F00F0DD0100615D4590610
S3150000EDB015D413F0200F14BF20231023E381E38919
S3150000EDC0DB009BB2C3E71A070BD45F070BD413F023
S3150000EDD0020F14BF02230123F0E78023EEE740234E
S3150000EDE0ECE70823EAE70423E8E7DAF82C20A3692E
S3150000EDF01168196043F0020313604FF0FF31DAF82F
S3150000EE003C00F3F769FFDAF83830DAF83C00002501
S3150000EE102360CAF83840F3F77FFF079B1C60B2E710
S3150000EE209AF8628000256068B8F1020F40F0A5816B
S3150000EE300AAA0421CDE90A55CDE90C55CDE90E55AE
S3150000EE4001F023F9DDF82890627D3146A3895FFA47
S3150000EE5089F05343E27CFFF709FBB9F1020F07463D
S3150000EE6077D10AF1380010AA2946B4F81CB00190EF
S3150000EE70CDE91055CDE91255FFF7C4FC2A46BBB2C1
S3150000EE8001980093B64B1FFA85F8D84537D30F255E
S3150000EE906AE7C6F3CF09914506D010AA4946019004
S3150000EEA0FFF7B0FCAE4B019806F0070114AA02EB7F
S3150000EEB04102595C32F810CC009A62448A4200F34F
S3150000EEC0C4815E444A46B6B2B6F5005FE1D3A28B72
S3150000EED04FEAD80805F00705072AA4F81E8084F82B
S3150000EEE026500ED80023012101FA05F01544EDB293
S3150000EEF00343072DDBB2F7D984F8273006E04646F0
S3150000EF00E2E7012303FA05F584F827502784214612
S3150000EF105046FFF779FB00287FF425AFE18B4FF0D1
S3150000EF20010CB1F5806FBFF468AFDAF80820A36969
S3150000EF30A08B02EB810242B11668F50740F172819F
S3150000EF40C3F800C043F002031360073001EBD001A1
S3150000EF50E7E70AAA0C21606801F097F80A984823A7
S3150000EF600BAAC0EBC0000521B0FBF3F0C319606823
S3150000EF70049301F08AF8E389E27C0593A38942BBF6
S3150000EF8031464046FFF772FA013001231FFA80F935
S3150000EF900093734B0226012502930CAB0393B71E15
S3150000EFA04FF00008BFB21FFA88F30193019A059B40
S3150000EFB0934200F2B480002D40F0B780039B0136E7
S3150000EFC00233072E0393029B03F101030293E6D15A
S3150000EFD05DE70122314640464FF00109FFF746FA48
S3150000EFE0013083B20093D4E70B9BDAF838500693CE
S3150000EFF000231093CDE90C33CDE90E335DBB5948A0
S3150000F0000CAA072532F8023B10F8011B8B4206D9E1
S3150000F010B2F800C022F8021C63445B1A1380013D5B
S3150000F02015F0FF05EED1731E711CDBB28B4254D96D
S3150000F0300CAA59460AF13800FFF7E4FB039B029A33
S3150000F0401B8811784B448B4200F30281334606F14C
S3150000F050020C0CAA5AE02B7D03F0FD03012B08D10C
S3150000F06010AA0521686801F010F8109B069A9A42CA
S3150000F07001D02D68C2E710AA0421686801F005F8DE
S3150000F080109B022BF5D0EB8B9B45F2D3EA89ABEBB9
S3150000F0900303013A1A42ECD195F826100CAB2A8CE0
S3150000F0A0013133F811000244287D92B2012823F879
S3150000F0B01120DED095F82620288C023233F8121063
S3150000F0C0014423F8121095F82620288C033233F8D1
S3150000F0D01210014423F81210CBE714AA049802EB8D
S3150000F0E0430232F8202C02441E48C05C824200F2E1
S3150000F0F0AF800133DBB299E732F813000099084478
S3150000F1001749595C0133884200F3A280634501D850
S3150000F110082BF1D1059B9B441FFA8BFB01E0DDF820
S3150000F12004B0BBF5806FFFF45FAF019B0122E38360
S3150000F130FBB202FA07F1043784F82630023384F86A
S3150000F14027100021DBB284F828109F4201D3082B38
S3150000F1500AD1049BA4F822902384009BA384D6E6BC
S3150000F1601CEF020014EF020002FA03F094F82810D4
S3150000F1700133014384F82810E7E70CAA0C210C950B
S3150000F180A846109500F081FF0C9A48216068C2EBF2
S3150000F190C203B3FBF1F31344042110AA0C9300F04D
S3150000F1A074FFA389E27C217D9DF84000FFF75EF99C
S3150000F1B00C9BB4F80EC01844B4F81CE0A9B28E45F6
S3150000F1C07FF665AEC9080B46B3F5806F0AD305F026
S3150000F1D00705E18384F8278084F8265084F8288080
S3150000F1E0208494E6DAF83820002632B90644B6F5CB
S3150000F1F0617F30D863449BB2E6E7177D07F0FD07D1
S3150000F200012F0DD1D78BBB420AD3B2F80E90DF1B6C
S3150000F21009F1FF3919EA070F02BF178CF619B6B2C2
S3150000F2201268E2E726F01F07BB423FF48EAE06F0F7
S3150000F2300605022D05D13D6BAD8B854201D81E60BA
S3150000F24080E63A4677E602259DE501354A461AE606
S3150000F25008F10108A7E60135B0E700BF70B50B7DE0
S3150000F26004460D46022B03D0032B4CD0002B30D185
S3150000F270E06AAA69036823F01F0393420AD1A06AD1
S3150000F280FFF74AFAAB691A68E36A1A602046FFF785
S3150000F29045F90CE001460B68DE0708D423F01F038E
S3150000F2A09A4258D0984254D01946002BF3D1AE69F1
S3150000F2B00123336029462046FFF747FA4FF0FF3116
S3150000F2C0E06BF3F709FDE368E06B3360E660F3F7A4
S3150000F2D023FD4FF0FF31E06BF3F7FEFCA36B9D427D
S3150000F2E02FD12B68A363E06BF3F716FD4FF0FF31C8
S3150000F2F0E06BF3F7F1FC636BE06B2B606563F3F790
S3150000F3000BFD002070BDC98BAE69B1F5806F03D3CC
S3150000F310336843F00103CCE7A36803EB810343B1F1
S3150000F3201A68D00705D422F01F02964206D1326829
S3150000F3301A60AB8B073301EBD301E6E71346EEE722
S3150000F3401346002BCFD01A68AA42F9D12A681A6050
S3150000F350C9E79A42ABD1A06AFFF7DEF9AB691B6831
S3150000F3600B6093E72DE9F74F14460A7D054689465B
S3150000F3701AB1931E012B00F29E80A368002A40F06A
S3150000F3809C80002B0CBF4FF002084FF003084FF093
S3150000F390FF31E86BD9F81870F3F79EFC95F86530E5
S3150000F3A04345C0F09C80A3EB08032E690020DBB226
S3150000F3B0324685F86530B8F101081168106040F0F2
S3150000F3C08B80296103B96B61E86BF3F7A5FC99F8AB
S3150000F3D01430A168002B40F090806C4B4FF0010C6C
S3150000F3E06B4AC6E901C3E36903F58050F360104038
S3150000F3F0306103F500501040706103F5405003F58D
S3150000F400804310401340B061F361002971D0326827
S3150000F4100B04C2F804C043F0004394F8200000280F
S3150000F42064D143F0800393606368594803F5805CB8
S3150000F430D3600CEA000CC2F810C003F5005C0CEABD
S3150000F440000CC2F814C003F5405C03F580430CEAD7
S3150000F450000C0340C2F818C0D361136801225A6039
S3150000F4600022DA60002946D094F82000494A4A4929
S3150000F470002818BF0A469A601A6842F001021A600C
S3150000F480C4E90963002323607B6B002B76D1BC6340
S3150000F4907C634FF0FF31E86BF3F71EFC07F11002B7
S3150000F4A03B690BB1D9076DD5E86B1660F3F734FCF1
S3150000F4B02846FFF733F8002015E0C3F30D089B0B31
S3150000F4C0B8F1000F0CBF984603F10108B8F1010F1F
S3150000F4D038BF4FF001085AE711600A466BE7E86B40
S3150000F4E0F3F71AFC012003B0BDE8F08F43F4C073B4
S3150000F4F099E73246B1E7274ABDE794F820304FF046
S3150000F500010B626899F811E0019302EB010A4FEAD8
S3150000F510CE7E33461E4802F5804CC3F804B0D4456F
S3150000F520E14628BFD146A9EB02014EEA01480199FE
S3150000F530D9B948F4486102F5805808EA0008C3E9D9
S3150000F5400212C3F8108002F5005802F5405208EA8C
S3150000F55000080240C3F814809A610CEA0002DA61DE
S3150000F5601A682AB113464A46D5E748F45861E2E7D5
S3150000F570012241F400411A60996081E7BB6B1C606F
S3150000F580BC6386E71A461B688BE700BF800208004B
S3150000F59000F0FFFF8081008080800080FFF7E2BEE0
S3150000F5A00023F7B5154604460093002800F056815F
S3150000F5B0C9B20139042900F25381DFE811F00500D0
S3150000F5C07D00100117012C0117683B7D13B1023B2A
S3150000F5D0012B02D8BE69736B0BB90020D5E06D68AC
S3150000F5E0002D64D09D4202D1B36B9D425FD04FF097
S3150000F5F0FF31E06BF3F770FBF368D907019324D46E
S3150000F6009B681A0621D53B7D032B02D0A06AFFF723
S3150000F61083F8F36843F00103F360336943F00103B1
S3150000F62033613B7D032B02D02046FEF777FF6B6AE2
S3150000F63001A90A68D70703D49A422DD11A680A602D
S3150000F640AA6A934205D01B68F2E733690193DB0788
S3150000F650D9D5736B9D4222D12B687363E06BF3F7A8
S3150000F6605BFB2046D5E90912FEF79EFFAB680E222A
S3150000F6702946984294BF181A00202B69E8606869E9
S3150000F6809847B36923F0FF03B361019B002BA4D015
S3150000F690D807A2D43361A0E71146CAE71346002B68
S3150000F6A0DCD01A689542F9D12A681A60D6E739463D
S3150000F6B02046FFF74AF890E71378013B052B2ED832
S3150000F6C0DFE803F003111C222867826AD2F884312E
S3150000F6D023F02A0343F48073C2F88431D2F88431CC
S3150000F6E0D905FBD479E7032380F86130A26AD2F802
S3150000F6F0483143F00403C2F848316EE790F86130B0
S3150000F700032B7FF46AAFF1E7826AD2F8483123F01F
S3150000F7100403F0E7806AD0F88431DB0701D40120C6
S3150000F72033E04FF47A73C0F88830D0F88C3043F069
S3150000F7304143C0F88C30FEF7EFFFA06AFFF749F8A7
S3150000F740A36AD3F8440110F4404020D1D3F88421B1
S3150000F7500026002722F48012C3F88421D3F88421DE
S3150000F76042F40012C3F88421D3F8842142F08002C7
S3150000F770C3F88421D3F8482142F00072C4E9146723
S3150000F780C3F84821012384F8663003B0F0BD00BFFA
S3150000F790D6E7836AD3F8842122F08002C3F8842155
S3150000F7A0D3F8842122F40002C3F8842190F8612062
S3150000F7B0032AB4D0C16D032280F866200A6822F4B9
S3150000F7C080620A60D3F8402142F00102C3F840216A
S3150000F7D0D3F8842142F04002C3F88421FDE6836A0F
S3150000F7E0D3F84C31C3F3CA031360F6E696690121D8
S3150000F7F06A46686800F049FC7368009A43F6F0713F
S3150000F8001343A26A7360D2F84C01D2F84C311B1A2A
S3150000F8100B42FAD0E1E64FF0FF31C06B9669F3F781
S3150000F8205BFAA06A0F49D0F8443113F4004F0ED0AA
S3150000F830FEF772FF7368AA8920460B4043EA02432B
S3150000F8407360FEF76BFEE06BF3F766FAC5E6736866
S3150000F850AA890B4043EA02437360F4E7032094E766
S3150000F860082092E7FFFF00F82DE9F04F87B0002847
S3150000F8706ED0046804AB0022FF2100934FF0FF33E3
S3150000F880606CF3F7C9FA002862D1049B180726D5E5
S3150000F890A36AD3F8842191075DD4D3F8841194F830
S3150000F8A0612011F0010102F1FF32D2B269D1012AC1
S3150000F8B015D884F86610D3F8482122F00072C3F8F0
S3150000F8C0482194F8600001F0F4FDA06AFEF724FFD9
S3150000F8D0A06AFEF77EFF0421606CF3F765FA049BCD
S3150000F8E0DD0600F19C80049B980614D594F86130DF
S3150000F8F0032B00F08C8194F86630012B40F05B817D
S3150000F9002068D4E9142352EA030140F00D81D0E9BE
S3150000F910B823C4E9142394F86130022B40F08181A6
S3150000F920049B9D0702D52046FEF7CFFF049B580790
S3150000F9300ED5A26A2068D2F8483123F00403C2F833
S3150000F94048310323002284F861301146FEF783FC18
S3150000F95007B0BDE8F08FD3F84C11D3F88421920795
S3150000F96007D5D3F8842122F02A0242F00202C3F816
S3150000F9708421D3F84C21521AC2F30D02082AECD97D
S3150000F9808BE7012AABD9002243F6F87084F866208B
S3150000F990D3F8482122F00072C3F848216522D3F833
S3150000F9A04C51D3F84C11491B0142FAD0D3F88411BB
S3150000F9B0CF0740F15181013AF1D1D3F8842122F0E9
S3150000F9C02A0242F48072C3F88421D3F88421D60532
S3150000F9D0FBD4D3F88431C3F38163022B84F86230FD
S3150000F9E004D1012194F8600001F063FDA26AD2F807
S3150000F9F04C11D2F84C315B1AC3F30D03572BF8D9CF
S3150000FA000121606CF3F7D0F9A26AD2F8843043F092
S3150000FA104143C2F88430012384F861305FE7D4F8AB
S3150000FA2038A04FF0320BBAF1000F3FF45CAF9AF8F2
S3150000FA30143013F0FD0F4DD1DAF81850D5F8348094
S3150000FA40B8F1000F46D094F86130022B30D0012374
S3150000FA50D8F828902B61AB6923F0FF03AB61A96B43
S3150000FA60B9F1000F0AD0D9F80820D9F800301204ED
S3150000FA7001D4494556D1DA0700D42B612046D8E98E
S3150000FA800912FEF791FDD8F808300B22414698423C
S3150000FA9094BF181A0020D8F80030C8F80C006B6321
S3150000FAA0D8F81400D8F81030A5F83CB0984711E003
S3150000FAB0AB69190611D5D5F80C9005F11802116835
S3150000FAC0EB8FC1F30E419BB299420BD089B2A5F8D8
S3150000FAD03CB0E987DAF800A0A5E7D8F8289009F144
S3150000FAE00802ECE7AB8F013B9BB2AB87AB8F9BB2B7
S3150000FAF0002BEFD1A06A0392FEF70EFE039A13685D
S3150000FB00C3F30E43994203D02046FEF707FDE1E713
S3150000FB10012320462B61AB6923F0FF03AB61FEF79F
S3150000FB20FDFC9CE799469BE7D0E9B889B8EB02064D
S3150000FB3069EB0307002F08BF052EFFF4ECAEA36A9E
S3150000FB40D3F8402122F00102C3F84021D3F8442122
S3150000FB5042F08002C3F84421A26DD2F8C41041F4E9
S3150000FB608021C2F8C410D3F8841141F40001C3F80F
S3150000FB7084114FF0FF331360A56D296B11F000510E
S3150000FB8017D1E26D136843F0005343F4403313601A
S3150000FB90136843F48063136007222B6B43F08043A2
S3150000FBA02B634368D0F8DC029847022384F866305A
S3150000FBB0B1E600BFE0E7032B7FF4ADAEA36AD3F84E
S3150000FBC0842157063FF5A7AED3F88421256822F491
S3150000FBD00012C3F88421D3F88431DE0704D5204609
S3150000FBE0FEF79CFCFEF7BBFC6B680A220021D5F8E9
S3150000FBF0DC0298470023A26AC5F8DC3284F8663036
S3150000FC00D2F8483123F00073C2F8483183E6002366
S3150000FC10A26A84F86630D2F8483123F00073C2F83D
S3150000FC204831049BD9077FF593AE2046FEF776FC54
S3150000FC30FEF795FC05AB94F862100193012300933F
S3150000FC40002320681A46FEF70BFA00287FF480AEE0
S3150000FC50022384F861307BE60323DDE670B50028D5
S3150000FC6031D00468E36D1A68510522D51A6800215F
S3150000FC70206822F480621A6009224368D0F8DC0208
S3150000FC809847A36AD3F88431DA0704D52046FEF7ED
S3150000FC9045FCFEF764FCA26AD2F8403143F001034A
S3150000FCA0C2F8403194F86630022B04BF032384F86F
S3150000FCB06630A26A294DD2F84431D2F84821134061
S3150000FCC02B602B6803B970BDA26AC2F844319B074A
S3150000FCD003D00221606CF3F767F82B685E0728D51E
S3150000FCE0A36AD3F8842150061FD594F86620012A0A
S3150000FCF01BD1D3F884312668D90704D52046FEF7F0
S3150000FD000DFCFEF72CFC736806220021D6F8DC02F7
S3150000FD1098470023A26AC6F8DC3284F86630D2F827
S3150000FD20483123F00073C2F848310821606CF3F7BC
S3150000FD303BF82B68DA0103D51021606CF3F734F831
S3150000FD402B689B0103D52021606CF3F72DF8A26A7E
S3150000FD50D2F84431D2F84821B1E700BFD8C6002016
S3150000FD60826AD2F8843123F02A0343F48073C2F8FE
S3150000FD708431D2F88431DB05FBD4704738B50C46A4
S3150000FD80C9690546CB80D0F8D0114068C4E9012383
S3150000FD90224600F0E1F820B12146686800F05DF9DE
S3150000FDA0012038BDCB6912785A8000231A46FFF726
S3150000FDB0E5BF10B41388CC695BBA63809378A380DF
S3150000FDC013895DF8044B5268FFF7D8BF37B5002595
S3150000FDD0044601A80195F2F74CFF019884F8F95200
S3150000FDE0F2F758FF03B030BD2DE9F74300253B4C31
S3150000FDF0074601A80E4690460195F2F73AFF94F899
S3150000FE00F932012B25D0A14622462B46294601333D
S3150000FE1002F8011BB3F5407FF9D10123019884F85C
S3150000FE20F932F2F737FF2E4A0023013349F82C2F17
S3150000FE302032102BF9D1BB1E012B9CBF294BC4F8D5
S3150000FE40D432D4F8D4325BB92448FFF7BFFF06207A
S3150000FE5003E00198F2F71EFF032003B0BDE8F0832C
S3150000FE601A68E2B15A68D2B19A68C2B1DA68B2B118
S3150000FE701A69A2B15A6992B19B6983B11A4D0023DE
S3150000FE8084F8FA722846C4F80480C4F8D832A5600B
S3150000FE90F2F708FF28B1A5F10C00FFF797FF012044
S3150000FEA0DBE704350F23C4F8D052013B2C3513F0A1
S3150000FEB0FF0345F82C5CF8D1D4F8D4323846074A0B
S3150000FEC01B681146984708B9236823B9A068F2F75A
S3150000FED03BFF0248E1E73460BFE700BFE0C6002011
S3150000FEE0A0AC002024EF0200ECC6002028B122B10D
S3150000FEF0D0F8D43200689B6818470320704728B1B1
S3150000FF0021B1D0F8D4320068DB6818470320704767
S3150000FF1070B50E4614460546E0B1D9B1D2B10023FC
S3150000FF204FF0FF3182F82030D3608068F2F7D4FEBC
S3150000FF30A16811B16068F3F751F9D5F8D4322246B9
S3150000FF40314628681B6998470446A868F2F7E4FE1C
S3150000FF50204670BD0324FBE770B50E4614460546E1
S3150000FF6030B329B322B300234FF0FF3182F821309A
S3150000FF70D3601360D3691B78DB0982F82030806870
S3150000FF80F2F7AAFE0821E069F3F728F9A16811B192
S3150000FF906068F3F739F9D5F8D43222463146286835
S3150000FFA01B6998470446A868F2F7B6FE204670BD5E
S3150000FFB00324FBE770B50E4614460546E8B1E1B1E9
S3150000FFC0DAB100234FF0FF31D360012382F82030ED
S3150000FFD08068F2F781FEA16811B16068F3F714F941
S3150000FFE0D5F8D4322246314628685B6998470446DC
S3150000FFF0A868F2F791FE204670BD0324FBE707B51B
S3150001000060B159B1D0F8D43200689B69CDE90012CC
S315000100106A460121984703B05DF804FB0320FAE71D
S3150001002038B50D460446B0B1A9B14FF0FF3180682D
S31500010030F2F752FED4F8D0322B603BB11B68A068B0
S31500010040C4F8D032F2F768FE002038BDA068F2F796
S3150001005063FE0120F9E70320F7E738B50C460546AC
S3150001006078B181B14FF0FF318068F2F735FED5F8EE
S31500010070D032A8682360C5F8D042F2F74DFE0020C1
S3150001008038BD0320FCE70846FAE710B514460028F8
S3150001009048D0002A46D0C9B201390E2927D8DFE84F
S315000100A001F0081114281A1D170F0C2B3220373BAB
S315000100B03E0090F8E931236019E0D0F8D031FAE733
S315000100C04368F8E790F8EB31F5E790F8EC31F2E7A1
S315000100D090F8EF31EFE790F8ED31ECE790F8EE317B
S315000100E0E9E790F8EB114068FDF76AFC2060002013
S315000100F019E090F8E731DEE7D0F8CC21D17A937A8E
S3150001010043EA0123D7E7D0F8CC21517A137AF7E7EE
S3150001011090F8E331013BCEE7D0F8D431CBE7B0F824
S31500010120DC31C8E7042010BD10464AB1002382F82D
S315000101304A30536833B11B6823B10A460321184775
S31500010140032070470120704710464AB1002382F808
S315000101502230536833B11B6823B10A46012118477F
S31500010160032070470120704710464AB1002382F8E8
S315000101703630536833B11B6823B10A46022118474A
S3150001018003207047012070472DE9F04F044687B0E0
S3150001019018B9012007B0BDE8F08F002390F84C6034
S315000101A00393002EF5D0426892685179B142F0D39B
S315000101B006F10056D2F800900C27013E09EBC60A5B
S315000101C019F836509D42E4D907FB03F2DAF8040028
S315000101D08118825C022A69D10F7A00239F425AD87C
S315000101E00025CB7884F84D30002DD2D00027012090
S315000101F04FF0060BA560B8462A79554BBA4257D837
S3150001020019F8367000234FF00C0C9F420DD90CFBE8
S3150001021003F2DAF80460B118B25C0A2A40F083806E
S3150001022091F808C000239C4572D80027DFF8248185
S31500010230DFF824913E46E5602B79BB42AAD9062315
S315000102408DF80860A9687B43CA1810798DF80900F2
S31500010250CB5C8DF806305188ADF80410D909527877
S315000102608DF8072063D0022A0DD103F00F0384F81D
S31500010270226084F8206084F821306FF00103E66182
S31500010280A361CDF80C9003AA01A920680137049453
S31500010290FBF736FDD0E71A01486800EB0315805CD1
S315000102A094F84E2090429CD0013397E7013389E7B9
S315000102B08DF808800BFB07F2A868811891F804C035
S315000102C08DF809C0825C8DF806204888ADF80400D7
S315000102D0D00949788DF807100FD003290DD102F006
S315000102E00F0284F84A8084F8488084F849206FF028
S315000102F00102C4F844802264039303AA01A9206879
S315000103000494FBF7FDFC00287FF444AF013773E743
S315000103101A014E6806EB0317B65C94F84E20964216
S3150001032003D001337FE701336FE73D467DE7022ABC
S31500010330A9D103F00F0384F8366084F8346084F899
S3150001034035306FF001032663E362CDF80C809AE73E
S31500010350290101006901010049010100836870B5A5
S31500010360044623B3C36813B3002501200626A368F8
S315000103701A79954209D300250626E3681A7995422A
S315000103800CD30023C4E9023370BD9A6806FB05F35A
S3150001039020680135D15CFBF7D2FCE8E79A6806FBD9
S315000103A005F320680135D15CFBF7C9FCE5E70120BF
S315000103B0EAE72DE9FF4705461646002A00F0B08117
S315000103C0002800F0AD81C9B20139052900F2AA81E0
S315000103D0DFE811F0180106000B00210036007C0051
S315000103E0002085F84C00002448E04368002B00F00B
S315000103F09981127890F84C309A42F4D0FFF7AEFF0B
S31500010400337885F84C30002385F84E302846FFF7BF
S31500010410BBFE044632E04368002B00F0838114885A
S3150001042090F84D30B3EB142F40F07C81E4B290F894
S315000104304E30A342D7D0FFF791FF85F84E40E5E74E
S315000104404368002B00F06E818368002B00F06A81FF
S31500010450C368002B00F06681012400274FF00608CF
S31500010460A146AB681A79BA420CD800274FF00608A4
S315000104704FF00109EB681A79BA4213D8204604B045
S31500010480BDE8F087996808FB07F33278CB5C9A429E
S3150001049006D185F8489028683178FBF787FC044631
S315000104A00137DEE7996808FB07F33278CB5C9342A4
S315000104B00AD1DB09286814BF85F8203085F8349005
S315000104C03178FBF773FC04460137D3E74368002B09
S315000104D000F028818368002B00F02481C368002B7B
S315000104E000F02081002701244FF006096FF0010A70
S315000104F0B846AB681A79BA4238D84FF000084FF0BF
S31500010500060A6FF001094746EB681A794245B5D9E3
S3150001051099680AFB08F33278C95C914223D12868AD
S31500010520FBF755FC33780446DB094CD095F82030AF
S31500010530CBB1AA6985F82070911C14D0EB6995F8A6
S3150001054021102868FBF7C8FB044650B1AB692A465F
S31500010550694628680093EB698DF808700193FFF7E7
S31500010560F3FDC5E9069708F10108CDE7996809FB8E
S3150001057007F33278C95C914223D12868FBF727FC3F
S3150001058033780446DB091CD095F84830CBB12A6C88
S3150001059085F84880901C14D06B6C95F84910286832
S315000105A0FBF79AFB044650B12B6C2A46694628682C
S315000105B000936B6C8DF808800193FFF7C5FDC5E9C3
S315000105C010A8013795E795F83430002BCBD0EA6AAD
S315000105D085F83470931CC6D02B6B95F835102868B6
S315000105E0FBF780FB044650B1EB6A2A466946286848
S315000105F000932B6B8DF808700193FFF7B5FDC5E9E4
S315000106000B97B0E713681A7802F01F04012C40F02B
S31500010610898090F84D701879998887427FF42EAFBA
S31500010620301DADF808105988009006F10800ADF8A4
S315000106300A10317B01908DF80C10597804290BD9D9
S315000106402039C8B2032801D9052417E70329FBD8A5
S31500010650DFE801F0483E525C013952B2032903D862
S31500010660DFE801F00E18222C002AEDDBDB88002BD7
S31500010670EAD06B686A4604211B6828469847C8E693
S31500010680002AE1DADB88002BDED06B686A46052199
S315000106901B68F2E7002AD7DBDB88002BD4D06B6816
S315000106A06A4606211B68E8E7002ACDDADB88002BBB
S315000106B0CAD06B686A4607211B68DEE7002AC3DBDE
S315000106C0DB88002BC0D16B686A4608211B68D4E71A
S315000106D01406B9D5DB88002BB6D06B686A460921AA
S315000106E01B68CAE71006AFD4DB88002BACD06B6859
S315000106F06A460A211B68C0E71106A5D4DB88002BD0
S31500010700A2D16B686A460B211B68B6E712069BD419
S31500010710DB88002B98D16B686A460C211B68ACE715
S315000107200324ABE60124A9E6F8B5144C0F46164698
S315000107302368F3B92146F4F7F9FF0546B8B92368EA
S31500010740CBB1FF2384F84C0004F11400676084F8F0
S315000107504E302061F2F7A6FA04F128006062F2F742
S31500010760A1FA04F13C00A063F2F79CFA3460284632
S31500010770F8BD0225FBE70325F9E700BF004000208D
S3150001078010B5044698B10069F2F7DEFA606AF2F72D
S31500010790DBFAA06BF2F7D8FA2046FFF7DFFD00235C
S315000107A0C4E9003384F84C3084F84E3010BD032080
S315000107B0FCE738B5F0B190F821408C420CD100F13C
S315000107C01004A57C012D19D00125A574257C55B1F0
S315000107D00020C4E9022338BD90F849408C420BD170
S315000107E000F13804EDE70068FBF776FA0028F2D04D
S315000107F0A574F0E70320EEE70120ECE70220EAE723
S31500010800F8B50446A8B190F83600012813D00120A6
S3150001081094F8347084F836001FB10020C4E90B2324
S31500010820F8BD2068FBF75EFA0028F9D084F8367027
S31500010830F6E70320F4E70220F2E710464AB1002367
S3150001084082F82130536833B11B6823B10A4601216E
S315000108501847032070470120704710464AB100230C
S3150001086082F82230536833B11B6823B10A4602214C
S315000108701847032070470120704700002DE9F04317
S31500010880037F87B004461BB9012007B0BDE8F0839A
S315000108904268926851799942F6D31268002AF3D0D8
S315000108A003F100530C27013B02EBC30612F8335048
S315000108B000239D42E8D907FB03F270688118825C28
S315000108C0032A49D10D7A00239D423BD80026CB78D5
S315000108D06377002ED8D000250120DFF880802F46CF
S315000108E0DFF87C90A6603379AB42CED90623B16896
S315000108F08DF808706B430135CA1810798DF8090017
S31500010900CB5C20688DF80630DB0951886FF0010356
S31500010910ADF8041001A9527818BFE3608DF80720DD
S3150001092003AA19BF84F823702761636184F82470D0
S315000109300ABFA761CDF80C90CDF80C800494FBF7A3
S31500010940DFF9D0E71A01486800EB0316805CA27F45
S315000109509042BCD00133B7E70133AAE75B08010037
S315000109603B080100836870B5044693B10025012058
S315000109700626A3681A79954202D30023A36070BDA7
S315000109809A6806FB05F320680135D15CFBF7D7F9B8
S31500010990EFE70120F3E72DE9F04F054687B016464C
S315000109A0002A00F04F81002800F04C81C9B20023D3
S315000109B00139CDE90033052900F24681DFE811F05E
S315000109C0C60006000E00220034005D00037780F8A1
S315000109D0213080F822308360002436E04368002B02
S315000109E000F03281037F32789A42F5D00BB1FFF7DE
S315000109F0B9FF33782B770023AB772846FFF73EFF05
S31500010A00044622E04368002B00F01E813488437FB0
S31500010A10B3EB142F40F01881E4B2837FA342DBD0FD
S31500010A20FFF7A0FFAC77E8E74368002B00F00C81E5
S31500010A308368002B00F00881012400274FF0060887
S31500010A40A146AB681A79BA4203D8204607B0BDE879
S31500010A50F08F9A6808FB07F3D25C337893420AD188
S31500010A60DB09286814BF85F8233085F8249031788E
S31500010A70FBF79CF904460137E3E74368002B00F0D6
S31500010A80E3808368002B00F0DF804FF0000801242B
S31500010A904FF0060B6FF0010A4746AB681A794245DB
S31500010AA0D3D90BFB08F99B68327813F809109142E8
S31500010AB027D12868FBF78BF933780446DB09AB6845
S31500010AC022D095F82320E2B1EA6885F82370901CBC
S31500010AD017D09B68286813F809102B6901F00F01DC
S31500010AE0FBF7FAF8044650B1EB682A4603A92868D1
S31500010AF003932B698DF814700493FFF79EFEC5E9E5
S31500010B0003A708F10108C8E795F82420002AF8D0C0
S31500010B106A6985F82470911CF3D09B68286813F8DC
S31500010B200910AB6901F00F01FBF7DCF8044650B17F
S31500010B306B692A4603A928680393AB698DF814707B
S31500010B400493FFF78AFEC5E905A7DAE733681A7841
S31500010B5002F01F04012C77D1407F197988427FF476
S31500010B6074AF597801390A2970D8DFE801F0061AFD
S31500010B702C6F6F6F6F6F38525F00120666D5DA8879
S31500010B80002A63D05B886A4603215BBAADF8083058
S31500010B906B681B6828469847009B04467360019B57
S31500010BA00FE0170652D5DB88002B4FD005F11F0742
S31500010BB06B6804211B683A46284698470123044678
S31500010BC07760B36041E7140640D5DB88002B3DD042
S31500010BD005F120076B6805211B683A46ECE710060C
S31500010BE034D4DA88002A31D05B88317B5BBAB268AB
S31500010BF0ADF808306B681B6819B1019209216A4684
S31500010C00C8E77168CDE900126A4606212846984769
S31500010C10F6E611061AD4DA88C2B95B882A46072194
S31500010C201B0A02F81F3F6B681B68EFE712060DD41B
S31500010C30DA885AB95B882A46082102F8203F6B6890
S31500010C401B68E3E7032400E70124FEE60524FCE62E
S31500010C5070B50A4C0E46154623685BB92146F4F772
S31500010C6065FD30B923683BB1FF2366602077A37722
S31500010C702C6070BD0220FCE70320FAE750400020FB
S31500010C8010B5044638B1FFF76DFE0023C4E9003301
S31500010C902377A37710BD0320FCE72DE9FF411C460E
S31500010CA0002307460E468DF80330154691F90030AC
S31500010CB0002B03DB052004B0BDE8F081B1F802800A
S31500010CC00DF1030206210068FBF792F89DF8033047
S31500010CD0022BEFD84FEA1821F2885FFA88F301292F
S31500010CE0029211D1327802F01F02134352D1B38816
S31500010CF0002B4FD101AA0B213868F4F775FD019B32
S31500010D002B60029B2360D6E70229CAB20AD1327848
S31500010D10D1063FD1B288002A3CD101AA0C218DF817
S31500010D200C30E9E7032A0AD13278D20632D18DF89E
S31500010D300E3001AAB3880D21ADF80C30DCE7212A6B
S31500010D400BD1327802F01F02012A23D113BBB388DB
S31500010D5001AA0E218DF80C30CEE7222A0BD132786A
S31500010D6002F01F02012A15D1A3B9B38801AA0F21E6
S31500010D708DF80C30C0E7232A0CD1327802F01F021D
S31500010D80012A07D18DF80C3001AAB38810218DF8FC
S31500010D900D30B1E70520B2E77FB591F900200023B8
S31500010DA005460C46002A8DF80F300B7802DA05202D
S31500010DB004B070BDDB06FAD18B88002BF7D1CE8843
S31500010DC0002EF4D10DF10F0206210068FBF710F891
S31500010DD09DF80F30012BEAD80DF10F020621286884
S31500010DE08DF80F60FBF725F8638843B901230DF1F0
S31500010DF00F02062128688DF80F30FBF71AF8A21C9E
S31500010E00032128680192F4F7ADFC019A09212868AB
S31500010E10F4F7EAFCCCE773B591F900200023054607
S31500010E200C46002A8DF807300B7802DA052002B04D
S31500010E3070BDDB06FAD18B88002BF7D1CE88002E48
S31500010E40F4D10DF1070206210068FAF7D1FF9DF8EA
S31500010E500730032B0BD0022BE8D863880DF107026C
S31500010E6007218DF807302868FAF7E3FFDFE73246F6
S31500010E7007212868FAF7DDFF0028D8D101230DF1F3
S31500010E80070206218DF80730EDE7002337B58DF807
S31500010E90063005468DF807300C4691F90030002BD7
S31500010EA002DA052003B030BDCB88002BF9D10DF154
S31500010EB0060206210068FAF79BFF9DF80630012B12
S31500010EC0EFD86378032B04BF01238DF8073023780D
S31500010ED013F01F0309D16388012BE2D10DF107023B
S31500010EE014212868F4F780FCDCE7022BD9D163884A
S31500010EF0002BD6D1A1880B0706D19DF80730C9B2C0
S31500010F00286853B1FAF752FF9DF80730221D286869
S31500010F1033B10521F4F726FCC4E7FAF758FFF3E7E6
S31500010F200621F7E72DE9F341174691F900201E4600
S31500010F300023002A05468DF807300C460B7803DBA3
S31500010F40052002B0BDE8F08103F01F03022BF7D1A3
S31500010F504B88002BF4D1B1F80680B8F1020FEFD11E
S31500010F600DF1070206210068FAF742FF9DF80730E6
S31500010F70002BE5D1A3882C460821286824F80C3FCC
S31500010F802246FAF735FF3C60C6F80080D9E72DE91D
S31500010F90F74F1E46002305468B468DF8033017464C
S31500010FA091F90030002B03DB052003B0BDE8F08F7B
S31500010FB04C88002CF8D1B1F806A0BAF1020FF3D192
S31500010FC00DF1030206210068FAF712FF9DF80330BE
S31500010FD0012BE9D89BF8009005F10C0819F01F09BF
S31500010FE00DD1424604212868FAF702FFAB8903F0C6
S31500010FF00303AB81C6F800A0C7F80080D5E7B9F1B5
S31500011000010F04D1AC812046C6F800A0F4E7B9F17E
S31500011010020F12D1BBF8043001AA052128688DF808
S315000110200430ADF80640FAF7E3FEBDF8063003F0EA
S315000110300303AB81C6F80090DEE70520DCE737B590
S3150001104091F90020002305460C46002A8DF8073049
S315000110500B7802DA052003B030BD03F01F03012B24
S31500011060F8D1CB88002BF5D10DF1070206210068D6
S31500011070FAF7BEFE9DF80730002BEBD1A2880421BA
S31500011080A3782C46286843EA022324F80C3F22461B
S31500011090F4F768FB22460A212868F4F7A5FBDAE78C
S315000110A02DE9F341164691F900201F460023002A37
S315000110B005468DF807300C460B7803DB052002B098
S315000110C0BDE8F08103F01F03012BF7D14B88002BFC
S315000110D0F4D1B1F80680B8F1010FEFD10DF1070295
S315000110E006210068FAF784FE9DF80730002BE5D14A
S315000110F0A38805F10C02C7F8008016211B02326095
S315000111002868AB81F4F770FBD9E7F7B5154691F975
S3150001111000201E460023002A04468DF807300B786E
S3150001112002DB052003B0F0BDDB06FAD14B88002BAC
S31500011130F7D18B88002BF4D1CF88012FF1D10DF196
S31500011140070206210068FAF753FE9DF80730012BC6
S31500011150E7D804F10C02376015212A602068F4F7FC
S3150001116043FBDFE770B50D46114604461A460529CD
S31500011170049B04D10021BDE87040FAF717BEE88848
S315000111801E68864288BF186089B91B6812682046A6
S31500011190FAF7A2FD78B995F90030002B0BDA034670
S315000111A0024601462046BDE87040FAF79BBD002382
S315000111B01A461946EBE770BD4B682DE9F04101333C
S315000111C08AB04FF0000805460E4617468DF80F8087
S315000111D0CDE9048803D105200AB0BDE8F081002AD3
S315000111E0F9D0946806210DF10F02FAF701FE317A62
S315000111F0002900F08B807368082BECD13268002A35
S31500011200E9D0538863809388A380D388E38050789C
S315000112106070127812F01C0F227004D041462846E5
S31500011220FAF7C4FDD7E712F060011CD10C280FD9DB
S315000112300520059B1BB1049B002B08BF052005ABB0
S31500011240024621462846009304ABFFF78BFFC3E70E
S315000112504D4B53F82060002EEAD005AB04AA214677
S315000112603846B047E5E7002B2FD012062DD42029AA
S315000112701CD10022012128460694079206AA8DF860
S3150001128024100893F4F76EFA089B0593079B0493C1
S315000112900028CDD1E3880021059A2846934238BF1C
S315000112A00593DDE90423FAF71DFD95E74029BFD132
S315000112B000221321284606940792012208938DF8ED
S315000112C0242006AAF4F790FADEE720290FD100229E
S315000112D0012128460694079206AA8DF82410089340
S315000112E0F4F740FA089B0593079B0493A1E740296D
S315000112F09ED10022132128460694079201220893C3
S315000113008DF8242006AAF4F76FFAEBE79DF80F3063
S31500011310032B0AD16378052B7FF45DAF05AB04AAD5
S3150001132021463846FFF777FD56E77268002A3FF4F3
S3150001133052AFE388002B3FF44EAF94F900002378B7
S315000113400028FFF648AF03F06003202B0BD133686A
S3150001135028468DF824100121089206AA07930694BF
S31500011360F4F700FA6BE7402B0BD1336828468DF86A
S3150001137024101321089206AA07930694F4F734FA67
S315000113805DE705205BE700BF40EF020030B5104B7B
S3150001139087B0054603AACDE903310E4B01A9019396
S315000113A00123ADF80830FAF7ABFC044660B98DF8B5
S315000113B0060003AA01A92846FAF7A2FC044618B1B9
S315000113C080212846FAF7BBFC204607B030BD00BF96
S315000113D0B91101004000800030B51A4B87B00546AF
S315000113E06C46012D93E8070006AB84E8070003E984
S315000113F0070002D8002007B030BDAB1EDBB2012BBF
S3150001140009D9AB1FDBB2012B05D9A5F10A03DBB262
S31500011410012B88BF2B460022114654F8040B28B134
S3150001142006AD05EB8205013245F80C0C01310329A5
S31500011430F3D19342DED806AA02EB830353F80C0CD0
S31500011440D9E700BF28C3020038B51446FFF7C4FF29
S3150001145058B31F230022C0F83031836B43F4802335
S315000114608363036B43F4C0130363036B43F4804349
S315000114700363036B43F4004303630260BCB1637807
S31500011480A5781B0401692D02247803F4702321F049
S315000114900F1105F4706504F00F0421F470612B43FC
S315000114A023430B430361104638BD0120FCE7204668
S315000114B0FAE710B50C46FFF78FFF20B1036B1CB19D
S315000114C043F00203036310BD23F00203FAE70000B1
S315000114D0034B0360034B0B605A231360704700BF35
S315000114E0E0C90020C0CA0020034B0360034B0B6018
S315000114F0B4231360704700BF28CC002008CD00201C
S31500011500024808B5FAF768F9FEE700BF74EF020072
S3150001151081B2082003F0F4BB38B5202003F0A2FB0A
S31500011520044628B1002540F8045B00F047F9257709
S31500011530204638BD2DE9F047DDF820900C461746C8
S315000115409846064680B94FF0200383F31188BFF30E
S315000115506F8FBFF34F8F4A494A4817F053FB4FF439
S31500011560FA7002F01FF8FAE711F07F4A10D04FF037
S31500011570200383F31188BFF36F8FBFF34F8F424967
S31500011580404817F03FFB4FF4FA7002F00BF8FAE708
S3150001159081B94FF0200383F31188BFF36F8FBFF337
S315000115A04F8F3A49374817F02DFB4FF4FA7001F087
S315000115B0F9FFFAE702F044FD98B9B9F1000F10D02E
S315000115C04FF0200383F31188BFF36F8FBFF34F8F63
S315000115D02F492C4817F016FB4FF4FA7001F0E2FF81
S315000115E0FAE701F0BFFE356804EA0503B8F1000F1A
S315000115F015D1B3B9B9F1000F0FD0002F0CBF0021DF
S315000116004FF08071B8F1000F01D041F080610025E3
S315000116104A462143301D02F033FBCA4605E09C428F
S31500011620E8D117B125EA0403336001F037FFBAF1B7
S31500011630000F1AD038B9174B4FF080521A60BFF31A
S315000116404F8FBFF36F8F02F02DFE830105460AD43B
S3150001165000F068F9356804EA0503B8F1000F07D10F
S3150001166043B900F08DF925F07F452846BDE8F0879E
S315000116709C42F6D1002FF4D025EA04043460F0E749
S31500011680D2EF0200A0EF0200DEEF020017F0020027
S315000116902CF0020004ED00E02DE9F0410D46044670
S315000116A080B94FF0200383F31188BFF36F8FBFF327
S315000116B04F8F2349234817F0A5FA4FF4FA7001F02A
S315000116C071FFFAE711F07F4610D04FF0200383F344
S315000116D01188BFF36F8FBFF34F8F1B49194817F05E
S315000116E091FA4FF4FA7001F05DFFFAE700F10C0789
S315000116F001F038FE2168206929432160874221686B
S3150001170007D121EA0601216001F0C8FE2068BDE883
S31500011710F081D0E9002822F07F4312F0806F03EABE
S31500011720010502D11DB94046E8E7AB42FBD1D20122
S3150001173041F0007148BF1E4302F064FBF3E700BFAE
S31500011740D2EF0200A0EF020082F00200FFF7A4BF71
S3150001175038B5044601F006FE04F10C05636843B989
S31500011760237F13B9204603F07FFABDE8384001F024
S3150001177095BE2069A84210D14FF0200383F311884A
S31500011780BFF36F8FBFF34F8F0649074817F03AFA39
S315000117904FF4FA7001F006FFFAE74FF0007102F01C
S315000117A031FBDBE7B7F00200A0EF020013460A4661
S315000117B00146014803F0FEB94D17010000F1080387
S315000117C04FF0FF3243600361C0E902230023036047
S315000117D0704700230361704743689A684B608A60CB
S315000117E09A68516099600368086101330360704724
S315000117F030B50C68631C0AD103695A684A60916066
S315000118008B605960036808610133036030BD00F1E4
S315000118100802134652681568A542FAD9EDE703692D
S31500011820D0E901128A6051605968814208BF5A6045
S31500011830002202611A68013A1A60186870470000AE
S3150001184008480068006880F308884FF0000080F3BC
S31500011850148862B661B6BFF34F8FBFF36F8F00DF97
S3150001186000BF000008ED00E0DFF80C00016841F45C
S31500011870700101607047000088ED00E0002307B5A4
S315000118800193114B1B68013310D04FF0200383F3F2
S315000118901188BFF36F8FBFF34F8F0C490C4817F0B8
S315000118A0B1F94FF4FA7001F07DFEFAE74FF020032B
S315000118B083F31188BFF36F8FBFF34F8F019B002B0B
S315000118C0FCD003B05DF804FB088000201DF1020086
S315000118D0A0EF02004FF0807321F0010140F8202CA7
S315000118E044380364034BC16383636FF002030362ED
S315000118F0704700BF7D1801000000000000000000D5
S31500011900074B19680868B0E8F04F80F30988BFF300
S315000119106F8F4FF0000080F311887047AFF300809E
S3150001192020D0002008B54FF0200383F31188BFF3C0
S315000119306F8FBFF34F8F0E4A13680133012B13606C
S3150001194015D10C4B1B6813F0FF0F10D04FF020037D
S3150001195083F31188BFF36F8FBFF34F8F0649074893
S3150001196017F050F94FF4FA7001F01CFEFAE708BDC2
S315000119700880002004ED00E037F10200A0EF02002C
S315000119800D4A08B5136883B94FF0200383F3118814
S31500011990BFF36F8FBFF34F8F0849094817F032F92C
S315000119A04FF4FA7001F0FEFDFAE7013B13600BB943
S315000119B083F3118808BD00BF088000206CF1020086
S315000119C0A0EF02000000000000000000000000007F
S315000119D0EFF30980BFF36F8F154B1A681EF0100FD6
S315000119E008BF20ED108A20E9F04F10602DE90900AB
S315000119F04FF0200080F31188BFF34F8FBFF36F8F35
S31500011A0002F038F84FF0000080F3118809BC19681C
S31500011A100868B0E8F04F1EF0100F08BFB0EC108A4E
S31500011A2080F30988BFF36F8F704700BFAFF3008063
S31500011A3020D0002008B54FF0200383F31188BFF3AF
S31500011A406F8FBFF34F8F01F09BFC18B1034B4FF023
S31500011A5080521A60002383F3118808BD04ED00E06B
S31500011A60434B444A13B51968914210D14FF02003F4
S31500011A7083F31188BFF36F8FBFF34F8F3E493F4802
S31500011A8017F0C0F84FF4FA7001F08CFDFAE71A6806
S31500011A903B4B9A4210D14FF0200383F31188BFF3D9
S31500011AA06F8FBFF34F8F3749344817F0ABF84FF4B8
S31500011AB0FA7001F077FDFAE7334B00211A78D2B2BA
S31500011AC00192FF221A701B78304ADBB28DF803307F
S31500011AD09DF8033003F02003137007232C4A13608B
S31500011AE09DF803005C1E000614D411B1032B13608C
S31500011AF019D04FF0200383F31188BFF36F8FBFF323
S31500011B004F8F24491D4817F07DF84FF4FA7001F004
S31500011B1049FDFAE79DF8033001215B00DBB28DF840
S31500011B2003302346DCE74FF4407300241360019B26
S31500011B30154ADBB21370184B1A6842F470021A6028
S31500011B401A6842F070421A60F1F710FB134B1C60E1
S31500011B50FFF78AFE124A136843F040431360FFF70A
S31500011B606FFE01F087FFFFF789FE204602B010BD28
S31500011B7000ED00E071C20F417EF10200A0EF02000C
S31500011B8070C20F41A1F1020000E400E0D8CF0020AD
S31500011B90DCCF0020C4F1020020ED00E00880002027
S31500011BA034EF00E008B5EFF305830F2B16D9184A79
S31500011BB09B5C184A12789A4210D94FF0200383F39E
S31500011BC01188BFF36F8FBFF34F8F1349134817F077
S31500011BD019F84FF4FA7001F0E5FCFAE7104B114AD7
S31500011BE01B68126803F4E063934210D94FF0200397
S31500011BF083F31188BFF36F8FBFF34F8F0A490748ED
S31500011C0017F000F84FF4FA7001F0CCFCFAE708BDC2
S31500011C10F0E300E0D8CF002006F20200A0EF0200B8
S31500011C200CED00E0DCCF002030F2020010B50446D6
S31500011C30FFF778FEA46BFFF7A3FEB4FA84F0400920
S31500011C4010BDF8B51546026C0446866B52B9076895
S31500011C5047BB806802F052FA0546A760013628465E
S31500011C60A663F8BD65B9406816F044F96368226C4D
S31500011C701344A26893426360F0D323686360EDE77F
S31500011C80C06816F037F9226CE36851429B1A226844
S31500011C909342E3603EBFA3685B18E360022D01D166
S31500011CA016B1013E0025D9E73546D7E70346084672
S31500011CB01A6C10B462B1DC68996814448C42DC6019
S31500011CC05DF8044B24BF1968D960D96816F012B9BA
S31500011CD05DF8044B704770B50446FFF723FE94F890
S31500011CE0455004F124066DB2002D14DCFF2304F1E6
S31500011CF0100684F84530FFF743FEFFF713FE94F80C
S31500011D0044506DB2002D12DCFF2384F84430BDE847
S31500011D107040FFF735BE636A002BE7D0304602F00C
S31500011D201BF808B102F05EF9013D6DB2DCE72369EB
S31500011D30002BE9D0304602F00FF808B102F052F953
S31500011D40013D6DB2DEE7000038B50D46044680B9A7
S31500011D504FF0200383F31188BFF36F8FBFF34F8FCB
S31500011D601C491D4816F04EFF4FF4FA7001F01AFC9B
S31500011D70FAE7FFF7D7FD2268D4E90F3162604B43DA
S31500011D80D0185B1A1344A0600020E360FF23A06310
S31500011D9084F8443084F8453095B9236963B104F178
S31500011DA0100001F0D9FF38B10C4B4FF080521A6088
S31500011DB0BFF34F8FBFF36F8FFFF7E2FD012038BDF1
S31500011DC004F11000FFF7FAFC04F12400FFF7F6FC1A
S31500011DD0F2E700BF72F20200A0EF020004ED00E09C
S31500011DE013B51C4680B94FF0200383F31188BFF366
S31500011DF06F8FBFF34F8F3549354816F003FF4FF408
S31500011E00FA7001F0CFFBFAE783B94FF0200383F3B1
S31500011E101188BFF36F8FBFF34F8F2E492C4816F0F1
S31500011E20F1FE4FF4FA7001F0BDFBFAE78AB111BB7E
S31500011E304FF0200383F31188BFF36F8FBFF34F8FEA
S31500011E402549234816F0DEFE4FF4FA7001F0AAFB8D
S31500011E50FAE781B14FF0200383F31188BFF36F8F47
S31500011E60BFF34F8F1D491A4816F0CCFE4FF4FA7096
S31500011E7001F098FBFAE750230193019B502B10D0F8
S31500011E804FF0200383F31188BFF36F8FBFF34F8F9A
S31500011E9013490F4816F0B6FE4FF4FA7001F082FBB3
S31500011EA0FAE7002908BF2246019B0123226084F834
S31500011EB04630C4E90F0119462046FFF745FF9DF854
S31500011EC01030204684F84C3002B010BD7AF2020080
S31500011ED0A0EF02009CF20200B2F20200EAF2020056
S31500011EE022F30200F8B50D461746064680B94FF0B3
S31500011EF0200383F31188BFF36F8FBFF34F8F1C4904
S31500011F001C4816F07FFE4FF4FA7001F04BFBFAE71E
S31500011F104843A1B1B0FBF1F3B34210D04FF0200317
S31500011F2083F31188BFF36F8FBFF34F8F12491148A7
S31500011F3016F068FE4FF4FA7001F034FBFAE7503000
S31500011F4002F090FE044670B1002380F8463065B178
S31500011F5000F15003012120462360C4E90F65FFF714
S31500011F60F3FE84F84C702046F8BD0346F2E700BF45
S31500011F707AF20200A0EF02003DF3020010B50C4612
S31500011F8080B94FF0200383F31188BFF36F8FBFF33E
S31500011F904F8F1149114816F035FE4FF4FA7001F0D2
S31500011FA001FBFAE7884210D24FF0200383F3118830
S31500011FB0BFF36F8FBFF34F8F0949084816F022FE12
S31500011FC04FF4FA7001F0EEFAFAE702220021FFF768
S31500011FD089FF00B1846310BD8CF30200A0EF0200FB
S31500011FE09CF302002DE9FF4788461F4604460192ED
S31500011FF080B94FF0200383F31188BFF36F8FBFF3CE
S315000120004F8F6049604816F0FDFD4FF4FA7001F0FC
S31500012010C9FAFAE791B9036C83B14FF0200383F350
S315000120201188BFF36F8FBFF34F8F5849564816F08B
S31500012030E9FD4FF4FA7001F0B5FAFAE7022F13D170
S31500012040E36B012B10D04FF0200383F31188BFF30C
S315000120506F8FBFF34F8F4E494B4816F0D3FD4FF4A8
S31500012060FA7001F09FFAFAE701F0EAFF064690B925
S31500012070019B8BB14FF0200383F31188BFF36F8F60
S31500012080BFF34F8F4349404816F0BCFD4FF4FA7039
S3150001209001F088FAFAE700264FF00009DFF8F8A008
S315000120A037E0019D1DB9FFF76BFC002050E016B922
S315000120B002A801F02DFFFFF763FC01F053F9FFF7CA
S315000120C031FC94F84430FF2B01D184F8449094F804
S315000120D04530FF2B01D184F84590FFF751FC01A94A
S315000120E002A801F021FF002846D1FFF71BFCA26BD5
S315000120F0E36B9A422FD1FFF743FC019904F11000DB
S3150001210001F098FD2046FFF7E6FD01F0C7F950B34F
S315000121100126FFF707FCA26BE36B9A4201D3022F5C
S31500012120BFD13A4641462046FFF78BFD636A1BB194
S3150001213004F1240001F010FE38B1174B4FF0805224
S315000121401A60BFF34F8FBFF36F8FFFF719FC0120A2
S3150001215004B0BDE8F087FFF713FC2046FFF7BBFD8F
S3150001216001F09CF9D4E74FF08053CAF80030BFF371
S315000121704F8FBFF36F8FCBE72046FFF7ACFD01F022
S315000121808DF992E772F20200A0EF0200B9F30200A4
S3150001219009F402002CF0020004ED00E000220B46D7
S315000121A013B5114600900120FFF71AFE044638B117
S315000121B000231A46194683600360C360FFF712FFC6
S315000121C0204602B010BD000038B5044680B94FF074
S315000121D0200383F31188BFF36F8FBFF34F8F0D4930
S315000121E00D4816F00FFD4FF4FA7001F0DBF9FAE72E
S315000121F0856801F01FFF85420AD1E368013BE36070
S3150001220023B91A4619462046FFF7ECFE012000E0E5
S31500012210002038BD50F40200A0EF02000246002162
S31500012220012010B5FFF75EFE044638B100231A46B9
S31500012230194683600360C360FFF7D4FE204610BDD4
S315000122402DE9F843894690461F46044680B94FF06A
S31500012250200383F31188BFF36F8FBFF34F8F3F497D
S315000122603F4816F0CFFC4FF4FA7001F09BF9FAE7FC
S3150001227091B9036C83B14FF0200383F31188BFF347
S315000122806F8FBFF34F8F3749354816F0BBFC4FF4BC
S31500012290FA7001F087F9FAE7022F13D1E36B012BEC
S315000122A010D04FF0200383F31188BFF36F8FBFF374
S315000122B04F8F2D492A4816F0A5FC4FF4FA7001F00C
S315000122C071F9FAE7FFF76EFCEFF311864FF0200381
S315000122D083F31188BFF36F8FBFF34F8FA26BE36B4D
S315000122E09A4201D3022F36D194F845503A464946CF
S315000122F020466DB2A36BFFF7A4FC6B1C13D1636A76
S315000123000BB901200BE004F1240001F025FD0028A2
S31500012310F7D0B8F1000FF4D00120C8F8000086F319
S315000123201188BDE8F8837F2D10D14FF0200383F388
S315000123301188BFF36F8FBFF34F8F0C49084816F012
S3150001234061FC4FF4FA7001F02DF9FAE701356DB22F
S3150001235084F84550D5E70020E1E700BF72F202009C
S31500012360A0EF0200B9F3020009F4020058F40200DA
S3150001237070B50D46044680B94FF0200383F31188EA
S31500012380BFF36F8FBFF34F8F39493A4816F03AFCC6
S315000123904FF4FA7001F006F9FAE7036C83B14FF0D6
S315000123A0200383F31188BFF36F8FBFF34F8F324939
S315000123B0304816F027FC4FF4FA7001F0F3F8FAE70B
S315000123C0036893B9836883B14FF0200383F31188BF
S315000123D0BFF36F8FBFF34F8F2849264816F012FCC3
S315000123E04FF4FA7001F0DEF8FAE7FFF7DBFBEFF3E3
S315000123F011864FF0200383F31188BFF36F8FBFF36C
S315000124004F8FA26BE36B93422FD994F8451001329B
S31500012410FF294BB2A26310D1636A0BB9012009E00F
S3150001242004F1240001F098FC0028F7D0002DF5D026
S315000124300120286086F3118870BD7F2B10D14FF0E3
S31500012440200383F31188BFF36F8FBFF34F8F0C49BE
S31500012450084816F0D7FB4FF4FA7001F0A3F8FAE733
S3150001246001335BB284F84530D8E70020E2E700BFCC
S3150001247072F20200A0EF020071F402008AF4020077
S3150001248058F402002DE9F04385B00F460446019247
S3150001249080B94FF0200383F31188BFF36F8FBFF329
S315000124A04F8F5349534816F0ADFB4FF4FA7001F0C4
S315000124B079F8FAE791B9036C83B14FF0200383F3FE
S315000124C01188BFF36F8FBFF34F8F4B49494816F001
S315000124D099FB4FF4FA7001F065F8FAE701F0B0FDE7
S315000124E0064690B9019B8BB14FF0200383F3118807
S315000124F0BFF36F8FBFF34F8F40493E4816F082FB03
S315000125004FF4FA7001F04EF8FAE700264FF0000892
S31500012510DFF8EC903BE0019D1DB9FFF731FA002091
S3150001252052E016B902A801F0F3FCFFF729FA00F010
S3150001253019FFFFF7F7F994F84430FF2B01D184F81E
S31500012540448094F84530FF2B01D184F84580FFF78C
S3150001255017FA01A902A801F0E7FC00283DD120469F
S31500012560FFF764FB98B3019904F1240001F062FBC3
S315000125702046FFF7B0FB00F091FF38B94FF08053CA
S31500012580C9F80030BFF34F8FBFF36F8F0126FFF7F6
S31500012590C9F9A56B002DBED0013D39462046FFF78E
S315000125A085FBA563236963B104F1100001F0D4FB37
S315000125B038B1134B4FF080521A60BFF34F8FBFF300
S315000125C06F8FFFF7DDF9012005B0BDE8F0832046E6
S315000125D0FFF781FB00F062FFD8E72046FFF77BFBA0
S315000125E000F05CFF2046FFF721FB0028CED096E7DE
S315000125F0F1F40200A0EF0200FDF402002CF002004B
S3150001260004ED00E02DE9FF410446019180B94FF048
S31500012610200383F31188BFF36F8FBFF34F8F6A498E
S315000126206A4816F0EFFA4FF4FA7000F0BBFFFAE7CA
S31500012630056C85B14FF0200383F31188BFF36F8FCB
S31500012640BFF34F8F6249614816F0DCFA4FF4FA7016
S3150001265000F0A8FFFAE701F0F3FC064690B9019BEA
S31500012660ABB14FF0200383F31188BFF36F8FBFF334
S315000126704F8F5849554816F0C5FA4FF4FA7000F0D5
S3150001268091FFFAE72E460027DFF8508159E005460B
S31500012690F9E7019BA3B985B14FF0200383F31188B4
S315000126A0BFF36F8FBFF34F8F4B49484816F0AAFA15
S315000126B04FF4FA7000F076FFFAE7FFF761F95EE092
S315000126C016B902A801F024FCFFF75AF900F04AFEF8
S315000126D0FFF728F994F84430FF2B01D184F84470B0
S315000126E094F84530FF2B01D184F84570FFF748F97E
S315000126F001A902A801F018FC00284AD12046FFF7DB
S3150001270095FA00283FD023683BB9FFF70BF9A0687B
S3150001271001F0A6FC0546FFF733F9019904F12400FF
S3150001272001F088FA2046FFF7D6FA00F0B7FE38B96D
S315000127304FF08053C8F80030BFF34F8FBFF36F8F50
S315000127400126FFF7EFF8A36B002BA2D0013BA36391
S31500012750236813B901F0B2FDA060236963B104F1E6
S31500012760100001F0F9FA38B11C4B4FF080521A6093
S31500012770BFF34F8FBFF36F8F0125FFF701F928468E
S3150001278004B0BDE8F0812046FFF7A5FA00F086FE09
S31500012790D6E72046FFF79FFA00F080FE2046FFF7B6
S315000127A045FA0028CCD0002DE9D0FFF7BBF8616AC5
S315000127B019B1236B1968C1F10501A068002501F063
S315000127C001FDFFF7DDF8DAE7F1F40200A0EF020000
S315000127D071F402002CF0020050F5020004ED00E055
S315000127E037B5044680B94FF0200383F31188BFF350
S315000127F06F8FBFF34F8F0F490F4816F003FA4FF44F
S31500012800FA7000F0CFFEFAE78568019101F012FC3B
S315000128108542019905D1E36801200133E36003B0E4
S3150001282030BD2046FFF7EEFE0028F8D0E3680133FD
S31500012830E360F4E750F40200A0EF020013B504468A
S3150001284080B94FF0200383F31188BFF36F8FBFF375
S315000128504F8F0949094816F0D5F94FF4FA7000F07F
S31500012860A1FEFAE7FFF75EF8A06B0190FFF788F883
S31500012870019802B010BD00BF73F20200A0EF020082
S315000128800023074A10B552F833402CB942F83310E9
S3150001289002EBC303586010BD0133082BF3D1FAE7ED
S315000128A0E0CF00200023084A10B502EBC3014C68B3
S315000128B0844204D1002042F83300486010BD013340
S315000128C0082BF2D1FAE700BFE0CF002010B504468D
S315000128D080B94FF0200383F31188BFF36F8FBFF3E5
S315000128E04F8F0A490A4816F08DF94FF4FA7000F035
S315000128F059FEFAE7FFF7D6FF94F8463023B920468A
S31500012900BDE8104002F0B0B910BD00BF72F202007E
S31500012910A0EF020070B504460D461646FFF702F811
S3150001292094F84430FF2B02D1002384F8443094F804
S315000129304530FF2B02D1002384F84530FFF720F8FC
S31500012940A36B2BB93246294604F1240001F0DAF9CA
S315000129502046BDE87040FFF7BEB98268436800684B
S315000129601344181A824298BF801A704793422DE980
S31500012970F84328BF13460646894690461C46002B57
S3150001298053D0056883685F1BA74228BF2746BA4212
S3150001299010D24FF0200383F31188BFF36F8FBFF37B
S315000129A04F8F2349234816F02DF94FF4FA7000F0A2
S315000129B0F9FDFAE7EA19934210D24FF0200383F3A7
S315000129C01188BFF36F8FBFF34F8F1B49194816F05C
S315000129D019F94FF4FA7000F0E5FDFAE781693A4614
S315000129E04846294415F086FABC4218D9A04510D2AA
S315000129F04FF0200383F31188BFF36F8FBFF34F8F1F
S31500012A000E490C4816F0FEF84FF4FA7000F0CAFDB4
S31500012A10FAE7E21BB16909EB070015F06BFA2544E9
S31500012A20B368AB4298BFED1A35602046BDE8F8831E
S31500012A3070F50200A0EF02008AF50200C2F502005D
S31500012A402DE9F0410E4604465521904630461F4673
S31500012A5015F078FAB042054610D04FF0200383F303
S31500012A601188BFF36F8FBFF34F8F0B490B4816F0D9
S31500012A70C9F84FF4FA7000F095FDFAE72422002117
S31500012A80204615F05FFA9DF81830A5612377C4E951
S31500012A900287BDE8F08100BFD6F50200A0EF020073
S31500012AA02DE9F041836816464568044688465F1B52
S31500012AB0974228BF1746EA19934210D24FF02003D6
S31500012AC083F31188BFF36F8FBFF34F8F19491A48EC
S31500012AD016F098F84FF4FA7000F064FDFAE7806991
S31500012AE03A46284415F006FABE4219D9F21BA368E4
S31500012AF09A4210D94FF0200383F31188BFF36F8FE9
S31500012B00BFF34F8F0D490C4816F07CF84FF4FA705D
S31500012B1000F048FDFAE708EB0701A06915F0EAF9AC
S31500012B203544A36830469D4228BFED1A6560BDE86D
S31500012B30F08100BF1EF60200A0EF020056F6020069
S31500012B4037B504460D4601923BB3017FC90716D43A
S31500012B509A4294BF01920193019ACAB94FF0200398
S31500012B6083F31188BFF36F8FBFF34F8F0D490E4863
S31500012B7016F048F84FF4FA7000F014FDFAE7069AD9
S31500012B8093420DD304220DEB0201FFF789FFE3E720
S31500012B9029462046FFF784FF0346184603B030BD99
S31500012BA00023FAE78BF60200A0EF020030B585B0EC
S31500012BB00D461946089C83B94FF0200383F311880B
S31500012BC0BFF36F8FBFF34F8F3549364816F01AF8AA
S31500012BD04FF4FA7000F0E6FCFAE784B94FF02003EF
S31500012BE083F31188BFF36F8FBFF34F8F2E492D48A3
S31500012BF016F008F84FF4FA7000F0D4FCFAE78542B3
S31500012C0010D94FF0200383F31188BFF36F8FBFF301
S31500012C104F8F2649234815F0F5FF4FF4FA7000F05F
S31500012C20C1FCFAE7002A14BF03230223042810D8A3
S31500012C304FF0200383F31188BFF36F8FBFF34F8FDC
S31500012C401B49184815F0DEFF4FF4FA7000F0AAFC94
S31500012C50FAE724220392039A242A10D04FF0200384
S31500012C6083F31188BFF36F8FBFF34F8F11490D485F
S31500012C7015F0C8FF4FF4FA7000F094FCFAE7012D45
S31500012C800246009320462B4638BF0123FFF7D8FEA4
S31500012C90237F204643F00203237705B030BD00BFF2
S31500012CA010F70200A0EF02002BF70200E9F602007E
S31500012CB0A1F6020040F7020008B580B94FF02003E3
S31500012CC083F31188BFF36F8FBFF34F8F09490A480A
S31500012CD015F098FF4FF4FA7000F064FCFAE7826889
S31500012CE003684168D0180138401A824298BF801A99
S31500012CF008BD00BF62F70200A0EF02002DE9F04314
S31500012D0087B0044617468946039381B94FF02003DD
S31500012D1083F31188BFF36F8FBFF34F8F4D494E4831
S31500012D2015F070FF4FF4FA7000F03CFCFAE780B939
S31500012D304FF0200383F31188BFF36F8FBFF34F8FDB
S31500012D404649454815F05EFF4FF4FA7000F02AFC3B
S31500012D50FAE7037FDB0734D5161DB24210D34FF0D5
S31500012D60200383F31188BFF36F8FBFF34F8F3C4965
S31500012D70394815F047FF4FF4FA7000F013FCFAE7F3
S31500012D808368B34234BF00230123039AFAB920466C
S31500012D90FFF792FF05462B463A46494620460096DE
S31500012DA0FFF7CEFE054640B12046FFF7D6FDE368A4
S31500012DB0984202D32046FEF7ABFB284607B0BDE892
S31500012DC0F08386680123964228BF1646DDE7002B6D
S31500012DD0DDD004A801F074F8FEF7A4FD2046FFF744
S31500012DE06BFF8642054631D90021084601F08AFC6F
S31500012DF0D4F81480B8F1000F10D04FF0200383F3FC
S31500012E001188BFF36F8FBFF34F8F1649124815F024
S31500012E10F9FE4FF4FA7000F0C5FBFAE701F00AF982
S31500012E206061FEF7ADFD039B414642460093404675
S31500012E30434601F04FFA03A904A8C4F8148001F02F
S31500012E4073F80028C8D0002DA1D0A4E7FEF798FD9D
S31500012E50F9E700BF71F70200A0EF020062F7020076
S31500012E607AF702009CF702002DE9F043044685B08B
S31500012E7016469946884681B94FF0200383F3118897
S31500012E80BFF36F8FBFF34F8F4449454815F0BAFE24
S31500012E904FF4FA7000F086FBFAE780B94FF0200391
S31500012EA083F31188BFF36F8FBFF34F8F3D493C48C2
S31500012EB015F0A8FE4FF4FA7000F074FBFAE7037FF1
S31500012EC013F0010F14BF04270027B9F1000F30D00A
S31500012ED0FEF728FD2046FFF740FD8742054619D338
S31500012EE00021084601F00EFC236983B14FF020034F
S31500012EF083F31188BFF36F8FBFF34F8F2A49284899
S31500012F0015F080FE4FF4FA7000F04CFBFAE701F081
S31500012F1091F82061FEF734FDAF4214D30023CDF8BA
S31500012F2000901A461946184601F0D4F900232046A6
S31500012F302361FFF712FDB842054604D8002528464D
S31500012F4005B0BDE8F08377B12B463A4603A9204682
S31500012F50D4F80090FFF70AFD039BED1B9E421BD29E
S31500012F600026C4F800902B46324641462046FFF71C
S31500012F70FDFC05460028E1D000F0F4F9636943B190
S31500012F8000266069334632463146009601F012FA50
S31500012F90666100F083FAD2E71E46E4E7C7F702004E
S31500012FA0A0EF020062F70200D0F7020073B50446F3
S31500012FB080B94FF0200383F31188BFF36F8FBFF3FE
S31500012FC04F8F1249124815F01DFE4FF4FA7000F0AA
S31500012FD0E9FAFAE7EFF311864FF0200383F311883C
S31500012FE0BFF36F8FBFF34F8F0069002548B120698A
S31500012FF02B462A46CDE90051294601F0A1FA0120C6
S31500013000256186F3118802B070BD00BF62F7020028
S31500013010A0EF02002DE9F0410446FEF783FC314B97
S31500013020314D1A68314E01321A602A68002A4FD191
S315000130302C601B68012B25D12D48FEF7BFFB2D48BF
S31500013040FEF7BCFB2C48FEF7B9FBDFF8DC802B480A
S31500013050FEF7B4FB2A4F2B48FEF7B0FB4046FEF7BE
S31500013060ADFB3846FEF7AAFB2748FEF7A7FB274824
S31500013070FEF7A4FB2648FEF7A1FB264BC3F800800A
S31500013080254B1F60254A26491368086801331360DA
S31500013090E3640123E26A9340034314200B60211D7C
S315000130A0134B00FB0230FEF797FBFEF769FC336812
S315000130B063B12B68DA6AE36A9A4207D2194B4FF079
S315000130C080521A60BFF34F8FBFF36F8FBDE8F08157
S315000130D03368002BD6D12B68DA6AE36A9A42D1D8D3
S315000130E02C60CFE798D0002020D00020F4D000201B
S315000130F02CD0002040D0002054D0002068D00020E1
S31500013100C0D000207CD00020E0D000200CD10020CF
S31500013110F8D0002024D0002028D00020A4D0002000
S31500013120A8D0002004ED00E0ACD00020F8B51D4F7A
S3150001313000221D4B04460E461D683B68386883F81D
S31500013140DF200430FEF76BFB3B4640B93968174870
S31500013150CF6A01210268B94022EA01020260621CBB
S3150001316007D136B1196812480431BDE8F840FEF7B7
S3150001317033BB2C191A68546007D30E4A10681968B4
S31500013180BDE8F8400431FEF733BB0B4A10681968F5
S315000131900431FEF72DFB094B1A68A24200D91C60C7
S315000131A0F8BD00BF20D0002020D10020A8D00020EB
S315000131B0F8D0002028D0002024D00020D4D0002030
S315000131C0094B0A4A1B681268D06A58B9084A12683C
S315000131D0012A08D8012B06D8064B1868064B1B682E
S315000131E0C01A704700207047A8D0002020D00020C8
S315000131F02CD00020D4D0002020D10020064A13680C
S315000132001968064B19B94FF0FF321A6070471268F8
S31500013210D2681268F9E700BF24D00020D4D000207C
S315000132202DE9F0474FEA820A07460D46A521524687
S315000132309846AAF1040ADDE90994206B14F082FE8E
S31500013240226B92442AF0070AC4F848A0002D51D0F7
S315000132506B1E04F13402133513F8011F02F8011B2A
S31500013260197809B1AB42F7D1002384F84730089E9B
S315000132700025201D042EA56528BF0426E662666585
S31500013280C6F10506FEF7A5FA04F11800FEF7A1FA44
S315000132901422294604F15C002461A6616462256753
S315000132A014F050FE0822294604F1D40014F04AFE17
S315000132B00222294604F1DC0014F044FE602229466C
S315000132C004F1740014F03EFE0C4B42463946A367E6
S315000132D050460B4B84F8DF50E3670A4BC4F8803045
S315000132E0FEF7F8FA2060B9F1000F01D0C9F80040E5
S315000132F0BDE8F08784F83450B9E700BF18590300D8
S3150001330038590300F85803002DE9F043074685B004
S31500013310900088461646994601F0A4FC0546E8B198
S31500013320E02001F09FFC0446A8B100230563324664
S31500013330414680F8DE300D9B0290384601930C9B86
S3150001334000934B46FFF76CFF2046FFF763FE012013
S3150001335005B0BDE8F083284601F086FC4FF0FF304A
S31500013360F6E70000024A136801331360704700BF95
S31500013370A0D00020014B1868704700BF20D1002063
S315000133802DE9F84F384B1B68002B67D1374B1E6868
S3150001339001361E60FEB9364B1A68126882B14FF0CB
S315000133A0200383F31188BFF36F8FBFF34F8F31492A
S315000133B0314815F027FC4FF4FA7000F0F3F8FAE7FC
S315000133C02E4A19681068186011602D4A1368013376
S315000133D01360FFF713FF2B4F00243B689E4207D271
S315000133E0294B1B68002B18BF01242046BDE8F88F26
S315000133F0DFF87C90DFF89C80DFF89CA0D9F80030DC
S315000134001B681BB94FF0FF333B60E9E7D9F8003081
S31500013410DB68DD686B689E42F6D305F1040B5846FE
S31500013420FEF7FDF9AB6A1BB105F11800FEF7F7F9D6
S31500013430EA6A0123D8F800101420934000FB02A089
S315000134400B435946C8F80030FEF7C6F90F4BEA6A36
S315000134501B68DB6A9A4228BF0124CFE70C4A002485
S31500013460136801331360C0E7A0D0002020D10020EB
S3150001347024D00020FEF70200A0EF020028D0002091
S31500013480D8D00020D4D0002024D1002020D0002084
S31500013490DCD00020A8D000202CD000202DE9F3415B
S315000134A0354C236883B94FF0200383F31188BFF3AA
S315000134B06F8FBFF34F8F3149314815F0A3FB4FF49E
S315000134C0FA7000F06FF8FAE7FEF72CFA2368013B71
S315000134D02360246834B10024FEF752FA204602B074
S315000134E0BDE8F081274B1B68002BF4D0264D274EF3
S315000134F0DFF8AC801FE0EB680127DC6804F11800F7
S31500013500FEF78DF9211D08460191FEF788F9E26A59
S31500013510306807FA02F301990343142000FB028085
S315000135203360FEF759F91A4BE26A1B68DB6A9A4265
S3150001353001D3184B1F602B68002BDCD10CB1FFF7B0
S315000135405DFE154D2C6844B1124E0127FFF718FF99
S3150001355000B13760013CF9D12C600E4B1B68002B82
S31500013560B9D00E4B4FF080521A60BFF34F8FBFF3A5
S315000135706F8F0124B0E700BFA0D0002029F8020018
S31500013580A0EF020098D00020E0D00020A8D00020B3
S3150001359020D0002024D10020DCD0002004ED00E062
S315000135A02CD0002008B540B9124B4FF080521A605A
S315000135B0BFF34F8FBFF36F8F08BD0F4B196881B1F2
S315000135C04FF0200383F31188BFF36F8FBFF34F8F43
S315000135D00A490B4815F016FB4FF4FA70FFF7E2FFA4
S315000135E0FAE7FFF7BFFEFFF7A1FDFFF757FF002838
S315000135F0DAD0E1E704ED00E0A0D000203EF80200B9
S31500013600A0EF020070B586B0DDE90B5485B94FF025
S31500013610200383F31188BFF36F8FBFF34F8F2149C7
S31500013620214815F0EFFA4FF4FA70FFF7BBFFFAE7FE
S3150001363084B94FF0200383F31188BFF36F8FBFF373
S315000136404F8F1A49184815F0DDFA4FF4FA70FFF753
S31500013650A9FFFAE7E0260596059EE02E10D04FF069
S31500013660200383F31188BFF36F8FBFF34F8F104988
S315000136700D4815F0C7FA4FF4FA70FFF793FFFAE712
S3150001368025630225059E84F8DE5004AD029401955A
S315000136900A9D0095FFF7C4FD2046FFF7BBFC049881
S315000136A006B070BD58F80200A0EF02006FF80200E4
S315000136B084F8020010B50446743015F0C9FA94F87E
S315000136C0DE303BB9206B01F0CFFA2046BDE8104051
S315000136D001F0CABA012BF8D0022B10D04FF020030B
S315000136E083F31188BFF36F8FBFF34F8F04490548EA
S315000136F015F088FA4FF4FA70FFF754FFFAE710BD98
S315000137009DF80200A0EF0200F8B504462D4DFEF724
S3150001371009F904B92C68261D3046FEF780F860B910
S31500013720E76A1420284B78431B5833B927490122ED
S315000137300B68BA4023EA02030B60A36A1BB104F1CA
S315000137401800FEF76CF8224A1368013313602B68E0
S31500013750A34223D131461F48FEF73EF81E4A13689D
S3150001376001331360FEF70CF91C4B1B6843B32B683E
S31500013770A34225D11A4B1B68D3B14FF0200383F323
S315000137801188BFF36F8FBFF34F8F1649164815F097
S3150001379039FA4FF4FA70FFF705FFFAE7134A2046A4
S315000137A01368013B1360FFF785FFFFF727FDD9E794
S315000137B00F4B4FF080521A60BFF34F8FBFF36F8FDD
S315000137C0F8BD00BF20D000202CD00020A8D00020BA
S315000137D0A4D000200CD100209CD00020F4D00020E1
S315000137E0A0D000203EF80200A0EF020098D00020F1
S315000137F004ED00E073B5054680B94FF0200383F36D
S315000138001188BFF36F8FBFF34F8F2349234815F0FC
S31500013810F9F94FF4FA70FFF7C5FEFAE7FEF7C2F9B8
S31500013820EFF311864FF0200383F31188BFF36F8FF7
S31500013830BFF34F8F1A4B6A699A422AD1AC6A19486B
S31500013840844226D02CBB184B1B68FBB9174B291D8C
S31500013850EC6A1B6808460191DB6A9C4234BF00246E
S315000138600124FDF7DCFFEA6A114801230199056885
S3150001387093402B43036014200E4B00FB0230FDF7EF
S31500013880ABFF86F31188204602B070BD05F1180121
S31500013890F5E70024F5E700BFE3F80200A0EF020018
S315000138A0F8D00020E0D00020A0D0002020D00020B9
S315000138B0A8D000202CD0002010B588B0002407AA7B
S315000138C006A905A8CDE90544FDF702FE059B079A61
S315000138D00293069B1B491C48CDE900432346FFF78B
S315000138E091FED0B100F08EFF012818D14FF02003D0
S315000138F083F31188BFF36F8FBFF34F8F134B144AB6
S315000139001B68743313604FF0FF32124B1A60124B6F
S315000139101860124B1C60FEF7A3F808B010BD013009
S31500013920FBD14FF0200383F31188BFF36F8FBFF3F1
S315000139304F8F0B490B4815F065F94FF4FA70FFF7F5
S3150001394031FEFAE7F1F80200B539010020D0002076
S31500013950C8AA0020D4D00020F4D0002020D1002015
S31500013960F6F80200A0EF020008B50E4B0E491A68E0
S31500013970096802448A4210D94FF0200383F3118863
S31500013980BFF36F8FBFF34F8F0849094815F03AF916
S315000139904FF4FA70FFF706FEFAE71A68104418604A
S315000139A008BD00BF20D10020D4D0002027F9020095
S315000139B0A0EF02002DE9F041254E264F264C274D5A
S315000139C023683BBB264B1B68012B06D94FF080535E
S315000139D03B60BFF34F8FBFF36F8FFFF7F1FB0928F2
S315000139E0ECD9FFF7BFFC1F4B1A681F4B1B689A42A5
S315000139F025D24FF0200383F31188BFF36F8FBFF3F6
S31500013A004F8F1A491A4815F0FDF84FF4FA70FFF76F
S31500013A10C9FDFAE7FDF786FFF368D3F80C8008F1D4
S31500013A200400FDF7FCFE2B68013B2B602368013B7C
S31500013A302360FDF7A5FF4046FFF73CFEC0E7FFF711
S31500013A40BFFB092801D9EFF729FBFFF727FDB5E7EA
S31500013A500CD1002004ED00E09CD0002098D000207D
S31500013A602CD00020D4D0002020D100205DF9020006
S31500013A70A0EF020038B5264B1A68264B12B1012277
S31500013A801A6038BD1A6002F06DFC234B2349186099
S31500013A900C681A68A24206D9214A1D681068026F8D
S31500013AA0121B2A4402671B680B601E4B1B68B3FA84
S31500013AB083F3DBB214221C49C3F11F035A438C580A
S31500013AC0881884B94FF0200383F31188BFF36F8FF1
S31500013AD0BFF34F8F1549164815F094F84FF4FA7055
S31500013AE0FFF760FDFAE74468083264680A449442C5
S31500013AF0446004BF62684260142202FB03135B68E0
S31500013B00DA68074B1A601B680A4A74331360B8E710
S31500013B10A0D0002024D1002094D0002090D00020F5
S31500013B2020D00020A8D000202CD0002080F902004F
S31500013B30A0EF0200C8AA0020F8B50446334EFDF7EF
S31500013B40F1FE04B93468251D2846FDF768FE60B903
S31500013B50E76A14202E4B78431B5833B92D490122AD
S31500013B600B68BA4023EA02030B60A36A1BB104F196
S31500013B701800FDF754FE29462748FDF72DFE94F857
S31500013B80DC30012B02D1002384F8DC3094F8DD30DF
S31500013B90012B02D1002384F8DD30204DFDF7F0FE24
S31500013BA02A682AB1FDF7BEFEFFF728FBFDF7E8FEFE
S31500013BB03368A3421DD12B68E3B1194B1B6883B14E
S31500013BC04FF0200383F31188BFF36F8FBFF34F8F3D
S31500013BD01449154815F016F84FF4FA70FFF7E2FC90
S31500013BE0FAE7124B4FF080521A60BFF34F8FBFF3C3
S31500013BF06F8FF8BD084A11680D4A1268914201D1CA
S31500013C003360F6E7BDE8F840FFF734BF20D0002067
S31500013C102CD00020A8D00020F8D00020F4D000201D
S31500013C20A0D000203EF80200A0EF020004ED00E063
S31500013C3098D0002010B50C4680B94FF0200383F3CD
S31500013C401188BFF36F8FBFF34F8F0A490A4814F0EB
S31500013C50D9FF4FF4FA70FFF7A5FCFAE7074B19688D
S31500013C601831FDF7C5FD20460121BDE81040FFF7DB
S31500013C705DBA00BFC7F90200A0EF020020D0002004
S31500013C8010B5144680B94FF0200383F31188BFF3B2
S31500013C906F8FBFF34F8F1649164814F0B3FF4FF4D9
S31500013CA0FA70FFF77FFCFAE7134B1B6883B94FF0F5
S31500013CB0200383F31188BFF36F8FBFF34F8F0F4933
S31500013CC00C4814F09FFF4FF4FA70FFF76BFCFAE70C
S31500013CD00B4B41F000411A68916119681831FDF7E3
S31500013CE07BFD20460121BDE81040FFF71FBA00BF4A
S31500013CF0C7F90200A0EF0200A0D00020D3F902000C
S31500013D0020D0002038B50D46144680B94FF0200367
S31500013D1083F31188BFF36F8FBFF34F8F0B490C48A5
S31500013D2014F070FF4FF4FA70FFF73CFCFAE7094B09
S31500013D3019681831FDF750FD002C21460CBF2846A5
S31500013D404FF0FF30BDE83840FFF7F0B9C7F9020080
S31500013D50A0EF020020D00020C36837B5DC6884B923
S31500013D604FF0200383F31188BFF36F8FBFF34F8F9B
S31500013D701C491D4814F046FF4FF4FA70FFF712FC78
S31500013D80FAE704F1180108460191FDF748FD174BC2
S31500013D9001991B68FBB9211D08460191FDF73FFDFD
S31500013DA0E26A134801230199056893402B43036096
S31500013DB01420104B00FB0230FDF70EFDFFF71EFA33
S31500013DC00D4BE26A1B68DB6A9A4208D901200B4B4C
S31500013DD0186003B030BD0A48FDF7FEFCF0E700208D
S31500013DE0F7E700BFEDF90200A0EF0200A0D0002026
S31500013DF0A8D000202CD0002020D0002024D10020E3
S31500013E00E0D00020264A126873B582B94FF020032C
S31500013E1083F31188BFF36F8FBFF34F8F2149224878
S31500013E2014F0F0FE4FF4FA70FFF7BCFBFAE741F02D
S31500013E300041C468016084B94FF0200383F31188FF
S31500013E40BFF36F8FBFF34F8F1849174814F0DAFE8F
S31500013E504FF4FA70FFF7A6FBFAE7FDF7E0FC012540
S31500013E60FFF7CCF9211D08460191FDF7D8FCE26A5E
S31500013E700F4805FA02F301990668334303601420DB
S31500013E800C4B00FB0230FDF7A7FC0B4BE26A1B68EB
S31500013E90DB6A9A4201D9094B1D6002B070BD00BFB1
S31500013EA0A0D00020FCF90200A0EF0200EDF902000B
S31500013EB0A8D000202CD0002020D0002024D1002022
S31500013EC010B5044680B94FF0200383F31188BFF380
S31500013ED06F8FBFF34F8F0A490A4814F093FE4FF4D0
S31500013EE0FA70FFF75FFBFAE7FDF71CFD064B1B684F
S31500013EF02360064B1B686360BDE81040FDF740BDBB
S31500013F001CFA0200A0EF0200D8D0002020D1002028
S31500013F10034B1B680360034B1B684360704700BF7C
S31500013F20D8D0002020D1002070B50E46054680B9B4
S31500013F304FF0200383F31188BFF36F8FBFF34F8FC9
S31500013F402249234814F05EFE4FF4FA70FFF72AFB6C
S31500013F50FAE781B94FF0200383F31188BFF36F8F1E
S31500013F60BFF34F8F1B491A4814F04CFE4FF4FA70F9
S31500013F70FFF718FBFAE7FDF7D5FC174B1968174B46
S31500013F801A6892F8DF4044B11B68002283F8DF20EB
S31500013F900124FDF7F5FC204670BD33685A1CF8D0A4
S31500013FA00F482C6800686A68844204D08A4202D8A5
S31500013FB000233360ECE7881A8342F9D95B1A284655
S31500013FC0002413443360FFF7A3FFE2E71CFA020063
S31500013FD0A0EF020026FA020020D1002020D0002006
S31500013FE0D8D00020014B01221A60704724D100204D
S31500013FF00B4B1B687BB90B4A106870B90A4B1B68DF
S3150001400063B90A4B18680A4B1B68013B984214BFF7
S31500014010012002207047002070471846704700BFF4
S31500014020E0D0002024D10020DCD00020F8D00020F0
S3150001403098D00020014B1868704700BF20D000209F
S31500014040054B1B6833B1054B1B68002B0CBF0220C7
S315000140500020704701207047F4D00020A0D0002036
S31500014060F7B50446002832D0214AC36A11681646BC
S31500014070C96A8B4233D28269002A04DB3268D26A6A
S31500014080C2F10502826114221A4D02FB03536269D1
S315000140909A421ED1211D08460191FDF7C0FB164B20
S315000140A0019930B9E76A01201A68B84022EA00028C
S315000140B01A6032681E68D26AE262012404FA02F0CA
S315000140C030431860142000FB0250FDF785FB2046A3
S315000140D003E033680120DB6AE36203B0F0BD1368D5
S315000140E0406DDC6AA0422CBF00200120F5E700BF2D
S315000140F020D000202CD00020A8D0002037B50446BF
S3150001410010B9002003B030BD284B1B68834210D084
S315000141104FF0200383F31188BFF36F8FBFF34F8FE7
S315000141202349244814F06EFD4FF4FA70FFF73AFA6A
S31500014130FAE79B6D83B94FF0200383F31188BFF330
S315000141406F8FBFF34F8F1C491A4814F05BFD4FF474
S31500014150FA70FFF727FAFAE7C16A013B426D8365F8
S315000141609142CED0002BCCD1011D08460191FDF71D
S3150001417056FB124A019930B9E56A01201368A84035
S3150001418023EA00031360636D1568C3F10500E3625A
S31500014190A061012404FA03F0284310601420084AA0
S315000141A000FB0320FDF718FB2046ABE720D00020DB
S315000141B034FA0200A0EF02004AFA0200A8D0002059
S315000141C02CD0002037B5044600285CD0826D82B918
S315000141D04FF0200383F31188BFF36F8FBFF34F8F27
S315000141E02A492B4814F00EFD4FF4FA70FFF7DAF95D
S315000141F0FAE7436D994238BF1946C36A8B4242D0EA
S31500014200012A40D1234A1268824210D14FF020037D
S3150001421083F31188BFF36F8FBFF34F8F1E491C487D
S3150001422014F0F0FC4FF4FA70FFF7BCF9FAE7826973
S315000142301A4D002A4FF01402C16202FB0353A8BFB4
S31500014240C1F105014269A8BF81619A421BD1011DD5
S3150001425008460191FDF7E3FAE46A114A019928B982
S3150001426001201368A04023EA0003136001231068AC
S31500014270A3400343142000FB0450136003B0BDE8C0
S315000142803040FDF7A9BA03B030BD00BF4AFA0200BB
S31500014290A0EF020020D000205FFA02002CD00020FF
S315000142A0A8D00020044B1A68196890691A68CB6A6D
S315000142B0C3F105039361704720D00020044B1A68AF
S315000142C01AB119688A6D01328A651868704700BF8C
S315000142D020D0002001282DE9F843DDF8208004468E
S315000142E0894617461E4610D94FF0200383F31188DD
S315000142F0BFF36F8FBFF34F8F2A492B4814F082FC0F
S315000143004FF4FA70FFF74EF9FAE7284DFDF70AFB6D
S315000143102B68234493F8DC30022B1BD02B68012138
S3150001432003EB8403D3F8D42022EA0902C3F8D4208C
S315000143302B68234483F8DC10B8F1000F0AD04046FD
S31500014340FEF7F4FE1A4B4FF080521A60BFF34F8FFF
S31500014350BFF36F8FFDF714FBFDF7E4FA36B12B6857
S3150001436004F1340203EB82035B6833602B68234458
S3150001437093F8DC30022B13D12B68012603EB84035F
S31500014380D3F8D42022EA0702C3F8D4202B681C44B0
S31500014390002384F8DC30FDF7F3FA3046BDE8F883F4
S315000143A00026F3E775FA0200A0EF020020D00020F4
S315000143B004ED00E001292DE9F341089E05460C466E
S315000143C090461F4610D94FF0200383F31188BFF39F
S315000143D06F8FBFF34F8F5049504814F013FC4FF4C1
S315000143E0FA70FFF7DFF8FAE780B94FF0200383F39D
S315000143F01188BFF36F8FBFF34F8F4949474814F0B8
S3150001440001FC4FF4FA70FFF7CDF8FAE7FDF78AFAE7
S315000144102EB104F1340305EB83035B6833602B197A
S31500014420022293F8DC6083F8DC20F6B2042F25D84B
S31500014430DFE807F00B03141E1C0005EB8404D4F817
S31500014440D42042EA0802C4F8D420012E2BD001263A
S31500014450FDF796FA304602B0BDE8F08105EB84041B
S31500014460D4F8D4300133C4F8D430EEE7022E51D05B
S31500014470343405EB8404C4F80480E6E7294B1B6851
S31500014480002BE2D04FF0200383F31188BFF36F8F27
S31500014490BFF34F8F2449214814F0B4FB4FF4FA704F
S315000144A0FFF780F8FAE7291D08460191FDF7B7F9EC
S315000144B0EA6A1E4806FA02F3019904682343036077
S315000144C014201B4B00FB0230FDF786F9AB6A83B162
S315000144D04FF0200383F31188BFF36F8FBFF34F8F24
S315000144E014490E4814F08EFB4FF4FA70FFF75AF890
S315000144F0FAE7FEF783FE104BEA6A1B68DB6A9A420B
S31500014500A5D90E4B4FF080521A60BFF34F8FBFF300
S315000145106F8F9DE700269BE7ABFA0200A0EF020032
S31500014520E3FA020020D10020F1FA0200A8D000200F
S315000145302CD0002010FB020020D0002004ED00E06A
S315000145402DE9F3470C4692461D468046DDE90A975A
S3150001455080B94FF0200383F31188BFF36F8FBFF348
S315000145604F8F5C495C4814F04DFB4FF4FA70FFF72E
S3150001457019F8FAE7012910D94FF0200383F31188BE
S31500014580BFF36F8FBFF34F8F5449534814F03AFB73
S315000145904FF4FA70FFF706F8FAE7FDF703FBEFF3BE
S315000145A011864FF0200383F31188BFF36F8FBFF39A
S315000145B04F8FB9F1000F06D004F1340308EB8303E2
S315000145C05B68C9F8003008EB040292F8DC305FFA48
S315000145D083F9022382F8DC30042D26D8DFE805F0C2
S315000145E00B03141F1C0008EB8404D4F8D42042EA00
S315000145F00A02C4F8D420B9F1010F2BD0012086F3A9
S31500014600118802B0BDE8F08708EB8404D4F8D430F1
S315000146100133C4F8D430EEE7B9F1020F57D0343480
S3150001462008EB8404C4F804A0E5E72D4B1B68002BB6
S31500014630E1D04FF0200383F31188BFF36F8FBFF3EF
S315000146404F8F2849244814F0DDFA4FF4FA70FEF72B
S31500014650A9FFFAE7D8F8283083B14FF0200383F396
S315000146601188BFF36F8FBFF34F8F1F491A4814F09C
S31500014670C9FA4FF4FA70FEF795FFFAE71B4B1B6870
S315000146800BBB08F1040108460191FDF7C8F818486B
S31500014690D8F82C20046809FA02F301992343036030
S315000146A01420144B00FB0230FDF796F8124BD8F894
S315000146B02C201B68DB6A9A42A0D9012307B13B6013
S315000146C00E4A13609AE708F118010D48ECE700203D
S315000146D095E700BFE3FA0200A0EF0200ABFA020081
S315000146E020D10020F1FA020010FB0200A0D0002028
S315000146F0A8D000202CD0002020D0002024D10020DA
S31500014700E0D00020012938B504460D4610D94FF0F6
S31500014710200383F31188BFF36F8FBFF34F8F0D49CA
S315000147200D4814F06FFA4FF4FA70FEF73BFFFAE703
S3150001473008B90A4B1C68FDF7F5F86119002491F8D0
S31500014740DC30022B02D181F8DC400124FDF718F997
S31500014750204638BD4EFB0200A0EF020020D000200B
S31500014760F7B5114CFDF7DEF82568BDB90F4F104EB0
S315000147703846FDF723F83046FDF720F80D4B0E4A73
S3150001478010211F600A200D4B1E600D4B0095FDF791
S3150001479027FB206010B10B49FEF772F803B0BDE8A4
S315000147A0F040FDF7EDB800BF4CD20020D0D100207B
S315000147B0E4D1002028D1002030D100202CD10020C6
S315000147C0FCD10020ACFB0200914208B541600061BA
S315000147D00AD8D21A83699A420DD2011D074B18686D
S315000147E0FDF706F8002008BD9A4201D2994202D28D
S315000147F0011D034BF3E70120F5E700BF2CD1002093
S3150001480028D1002010B588B0FFF7AAFF164B1B6808
S31500014810B3B1002407AA06A905A8CDE90544FCF70A
S3150001482063FE059B079A0293069B10490193042395
S315000148300F4800932346FEF7E5FE0E4B186080B93C
S315000148404FF0200383F31188BFF36F8FBFF34F8FB0
S3150001485009490A4814F0D6F94FF4FA70FEF7A2FE98
S31500014860FAE7012008B010BD4CD20020CDFB0200B2
S315000148708149010050D20020D5FB0200A0EF0200C1
S315000148807FB5164604461A4680B94FF0200383F3D6
S315000148901188BFF36F8FBFF34F8F1149114814F081
S315000148A0B1F94FF4FA70FEF77DFEFAE70E4D28686E
S315000148B078B105290294CDE900160CDCFFF7C0FB9F
S315000148C000230228694628680CBF089A1A46FDF794
S315000148D089FB04B070BD00236946FDF7B1FCF8E71A
S315000148E0DDFB0200A0EF02004CD20020F0B5204D06
S315000148F085B000272B681A682AB91E4A1168136009
S31500014900296005B0F0BDDB68DC681E68211D08461C
S315000149100391FCF784FF236A2046984794F82830D0
S31500014920039913F0040FE5D0A36933449E4205D2DF
S31500014930286863602461FCF75BFFDBE700233246EE
S31500014940204600971946FFF79BFF0028D2D14FF06A
S31500014950200383F31188BFF36F8FBFF34F8F06498F
S31500014960064814F04FF94FF4FA70FEF71BFEFAE70A
S3150001497028D100202CD10020E4FB0200A0EF020088
S315000149802DE9F04F834F87B0DFF824A2B9463B6883
S31500014990D3F800B0BBF1000F28D0DB680024D3F8B0
S315000149A000B07D4EFEF7DEFCFEF7E4FC05463368FB
S315000149B0B04698421CD330601CB3784B1B681C6808
S315000149C0B4FA84F46409764B2246ABEB0501186808
S315000149D0FDF7A0FFFEF762FD78B94FF08053CAF8E4
S315000149E00030BFF34F8FBFF36F8F06E00124D8E786
S315000149F0FFF77CFF3560FEF751FD694E4FF0000B66
S31500014A003DE08345DFD8FEF749FDD9F80030DB6884
S31500014A10DE68301DFCF703FF96F82830580720D5CD
S31500014A20B1695B462A4630465944FFF7CDFEE0B1EF
S31500014A3023465A46214630460094FFF721FFA0B986
S31500014A404FF0200383F31188BFF36F8FBFF34F8FAE
S31500014A505449554814F0D6F84FF4FA70FEF7A2FD02
S31500014A60FAE723F0010386F82830336A304698477F
S31500014A70C3E7039B05999847029B002B0ADA00229C
S31500014A8002A93068FDF7FEFC002880D0029B04983D
S31500014A90002BEEDB049C6369A3B9FEF76BFCD8F827
S31500014AA000300546984201D2FFF720FF029BC8F865
S31500014AB00050092BE3D8DFE803F00909093C4364F8
S31500014AC009093C43201DFCF7AAFEE6E794F82830C5
S31500014AD02A46A169204643F0010384F82830039B46
S31500014AE01944FFF771FE0028C9D0236A204698476A
S31500014AF094F828305907C2D5A269002303992046A4
S31500014B00CDF800B00A441946FFF7BAFE0028B6D11F
S31500014B104FF0200383F31188BFF36F8FBFF34F8FDD
S31500014B202049214814F06EF84FF4FA70FEF73AFD69
S31500014B30FAE794F8283023F0010384F828309EE739
S31500014B4094F82830039943F00103A16184F82830D1
S31500014B5081B94FF0200383F31188BFF36F8FBFF341
S31500014B604F8F1249104814F04DF84FF4FA70FEF7C2
S31500014B7019FDFAE72B462A4629442046FFF724FE6B
S31500014B807DE794F828309A07D5D4204600F06CF8D2
S31500014B9075E700BF28D10020F8D100202CD10020D4
S31500014BA04CD20020E4FB0200A0EF0200ECFB020065
S31500014BB004ED00E01FB514461A466FF00103CDE976
S31500014BC0003005480023CDE9021469460068FDF767
S31500014BD037FB04B010BD00BF4CD2002038B50C46DF
S31500014BE0FEF7C0FB0B4B0C491D682A198A4205D9F1
S31500014BF04FF0FF35FCF784FC284638BD1A60074A9A
S31500014C0013681B1B1360064B196821441960FEF7D4
S31500014C1045FCF1E70C800020000000811080002097
S31500014C2054D2002008B5EFF305831BB9BDE808404F
S31500014C30FEF798BB4FF0200383F31188BFF36F8F04
S31500014C40BFF34F8F0449054813F0DCFF4FF4FA70A8
S31500014C50FEF7A8FCFAE700BF11FC0200A0EF020074
S31500014C60FEF71CBC13F028B913F02EB9082894BF1F
S31500014C70054B012010B59FBF03EBC00443F830106C
S31500014C800020626010BD00BF58D20020082838B548
S31500014C9004460D460CD800F09FF8064B1B68984257
S31500014CA006D245EA04400021BDE8384000F09CB830
S31500014CB0012038BD3CFC020038B5C4B20D46022CB9
S31500014CC009D0032C05D0012C04D189880420FFF7D3
S31500014CD0DDFF2C7038BDC988F8E70A780B46012A32
S31500014CE002D0022A06D070474860022105201970B9
S31500014CF0FFF7CCBF4A6842EA004048600321F5E766
S31500014D00082838B504460D460CD800F065F8064B60
S31500014D101B68984206D245EA04400121BDE83840A5
S31500014D2000F062B8012038BD3CFC020008B500F075
S31500014D3053F8054B1B68984203D2BDE8084000F0C2
S31500014D402BB8012008BD00BF3CFC020010B500F0E5
S31500014D5043F80C4A1268904212D2B0FA80F30A491B
S31500014D600A4A5B0901EBC00401EBC3035462D36237
S31500014D70074C084B14629362BDE8104000F018B866
S31500014D80012010BD3CFC0200A0D2002058D2002018
S31500014D90DB4C0100B94C0100044808B5F5F76CFA83
S31500014DA000210120BDE80840FFF770BF0080C44024
S31500014DB0074A536A23F4702343F080735362202217
S31500014DC0044B83F876234FF48002DA6000207047A3
S31500014DD00080C44000E100E0024BD3F86009C0F353
S31500014DE00030704700C0CA40024608B529B9032100
S31500014DF00348F5F74FFA002008BD014BD860FAE7E2
S31500014E000080C4400C4BD86910B488B1030C5A1EFB
S31500014E10D2B2072A0CD8DBB2084A52F833403CB169
S31500014E2002EBC30380B2596823465DF8044B184769
S31500014E305DF8044B704700BF0080C44058D2002083
S31500014E4008B5EFF30581032089B2FFF71FFFFEE7DF
S31500014E5008B5FFF7F5FF08B5FFF7F2FF7047704792
S31500014E607047704770477047704770477047704783
S31500014E70704700002DE9F0410D4D14240D4F4FF000
S31500014E8001082A6A0C4E174027FA04F3DB0706D5F8
S31500014E9008FA04F303F070432B6233689847013430
S31500014EA00436202CF0D1BFF34F8F0020BDE8F081EE
S31500014EB00080C4409001F0FF58FC020000207047BA
S31500014EC008B50648002300681A461946FDF78AF810
S31500014ED0013818BF4FF0FF3008BD00BFB0D2002027
S31500014EE008B5054B4FF0FF311868FDF78BFB01380C
S31500014EF018BF4FF0FF3008BDB0D2002010B50C46E8
S31500014F00EEF74AFA20B104F10C01F0F76EFE08B192
S31500014F106FF0040010BD2DE9F843089C0D461746B5
S31500014F201E46EEF739FA8146A8B10C35AD01B4B18A
S31500014F30B4F5006FA046324605EBD72128BF4FF4E2
S31500014F40006848464346F0F700FE20B94744464408
S31500014F50A4EB0804EBE76FF00400BDE8F8832046F4
S31500014F60FBE72DE9F843089C0D4617461E46EEF76A
S31500014F7013FA8146A8B10C35AD01B4B1B4F5006F91
S31500014F80A046324605EBD72128BF4FF400684846B4
S31500014F904346F0F799FD20B947444644A4EB08047B
S31500014FA0EBE76FF00400BDE8F8832046FBE700005D
S31500014FB010B50446016802480CF03CF9204610BDC4
S31500014FC008D3002038B5254C0546206808B1FDF701
S31500014FD07DFC0120FDF722F9206008B9002038BDCB
S31500014FE01F4C54220021204612F0ACFF1D4B4FF4FA
S31500014FF000724FF4003163601B4BA3601B4BE360EF
S315000150001B4B23611B4B63611B4BC4E90912A36153
S31500015010FA224FF40063C4E90733C4E90B2363633F
S315000150203DB90F4915480BF0E7FF002808DB0120C1
S31500015030D5E7214611480BF071FF0028F1DACDE7DB
S3150001504007490E480BF06AFF0028C7DB04490B48E5
S315000150500BF0D2FFC043C00FC1E700BFB0D20020A2
S31500015060B4D20020634F0100174F0100FD4E01002D
S31500015070BD4E0100E14E0100C14E010008D30020E2
S3150001508030B597B002460C46012301AD12482946B8
S315000150900CF0A2F800281DDB29460F4800950CF0FC
S315000150A019F9011E06DA00246846FFF781FF20463A
S315000150B017B030BD204611F07AFF29460648D4E9DB
S315000150C000230CF0DDF80028EDDB6468231A5C424E
S315000150D05C41E9E70024EAE708D300202DE9F8431B
S315000150E006460C4691B16FF00042D0E90013A3EBDE
S315000150F00108B168C91AA2EB08008C4208D82246F9
S315000151000021184612F01EFF04447460BDE8F883BE
S31500015110A04202D2194811F02FFD4445254638BF59
S31500015120454618EB05051AD2002D18DB19D028467D
S3150001513011F054FC07462246002107EB080012F045
S3150001514001FFD6E90092A2EB0902002A0BDD4946CE
S31500015150384612F0DDFE484611F02BFC06E01546F6
S31500015160E5E72F46E7E7B9F1000FF4D144443D44A2
S3150001517037603C44B5607460C8E700BF88FC020034
S3150001518030B597B002460C46012301AD1A482946AF
S315000151900CF022F800282CDB2946174800950CF064
S315000151A099F8002806DA00246846FFF701FF204631
S315000151B017B030BDD4E90032D11A884213D9411A49
S315000151C02046FFF78BFF29460B48D4E900239B1A9B
S315000151D00CF056F80028E6DBD4E900431C1B231A21
S315000151E05C425C41E0E7EED21844824218BF60603F
S315000151F0E9E70024DBE700BF08D300207FB504AB55
S31500015200044603E9060000230299C0E900338360DE
S315000152100398050140F31B00B0F1006F02D30A4861
S3150001522011F0AAFC20B12846019111F0D7FB019992
S3150001523046192060A66015B12A4612F05BFE20468B
S31500015240666004B070BD00BF8EC702000029F0B5CC
S315000152500E46D4BF00210121012891B0044609D090
S3150001526002280AD0002853D1012401F09DFD2046D1
S3150001527011B0F0BD01F098FDF9E700F087FD0420BB
S3150001528001F0AEFD044618B9224813F0BBFCEEE767
S3150001529001210AA800F056FD002E4FF47A720CADDA
S315000152A008AB03AF0DF1040C1DDD642EA8BF642607
S315000152B026EAE676CDE9086201268DF82C600FCB49
S315000152C0CDE9015685E80F003B4605A89CE8060096
S315000152D0FFF794FF05A800F091FD05980028C6D0B8
S315000152E011F067FBC3E7012600218DF82C60CDE99B
S315000152F008120FCBCDE9035685E80F00634605A8D2
S3150001530097E80600FFF77AFF05A800F04FFEE4E7ED
S315000153100024ACE7A2FC0200002914BF642100218D
S31500015320FFF794BF704770477047022A38B50446A5
S3150001533007D0032A0FD0012A01D10B682360002070
S3150001534038BD0D680C2011F049FB034695E80700AE
S3150001535083E80700F2E700680028F0D00C2111F07D
S315000153602AFBECE7022A38B5044607D0032A0FD0F8
S31500015370012A01D10B682360002038BD0D680C207D
S3150001538011F02CFB034695E8070083E80700F2E7D6
S3150001539000680028F0D00C2111F00DFBECE7036842
S315000153A00968126870B49D685C681B68661005EB35
S315000153B06400E40744BFAC59E35870BC184703685E
S315000153C0096830B49C685A681B68551004EB620082
S315000153D0D20748BF625930BC48BFD35818478368C3
S315000153E010B5044613B1032201469847204610BD65
S315000153F010B5044600F59060FFF7F1FF204610BD99
S31500015400044B10B5044640F8043BFFF7E8FF20467D
S3150001541010BD00BF6C0C030070B5044600F23C40A1
S3150001542011F090FCD4F83054D4F83464AE4204D070
S3150001543028461035FFF7D3FFF8E7D4F8300408B152
S3150001544011F0B7FAD4F82454D4F82864AE4204D043
S3150001545028461035FFF7C3FFF8E7D4F8240408B14E
S3150001546011F0A7FAD4F8080408B111F0A2FA2046FF
S3150001547070BD0000F8B5304E3578BFF35B8F15F07F
S31500015480010557D1304611F09AFA002852D02B4B1C
S315000154902B4C1A68A71D2560C4F806209A8853F874
S315000154A0060F628104F10C025968257184F82850AF
S315000154B003C29868012304F10C01106002222377CC
S315000154C0304684F8403084F84C3004F1380384F8CF
S315000154D02C20636504F1500384F85020A3654FF432
S315000154E081732576A4F85C30164BC4E90C1540F29D
S315000154F00221A16304F11801E1630A21C4E9183507
S31500015500616404F1580304F12801C4E90875A16432
S31500015510A366C4F88854C4F89C54C4F8E055C4F88A
S31500015520E455C4F8E85511F056FA074A20460749EA
S3150001553011F03AFA0248F8BDA8F1002034C302007E
S31500015540ACF100208159010000800020F1530100D7
S3150001555010B50B4C2378BFF35B8FDB070ED42046C7
S3150001556011F02DFA50B1074803F006FA204611F062
S3150001557032FA054A0549034811F016FA014810BDE9
S31500015580A0D30020A4D300200080002019540100DC
S315000155902DE9F04101208EB0DFF8508315461E46F5
S315000155A0EDF7A6FFA648F5F7F5F900F0D7FD00F0EF
S315000155B051FE01F085FB98F80010BFF35B8F11F0E7
S315000155C001040FD1404611F0FAF958B19D4F4046FA
S315000155D09D4BFC603B6011F0FEF99C4A38469C49A4
S315000155E011F0E2F9974801F087FE00F0A1FDFFF7FF
S315000155F041FF3246294601F00DF90020FFF7E2FC92
S3150001560050B9FFF737FF934B934A944900935423BC
S3150001561000F070FFFDF7A6FE0021914E084620F02E
S3150001562097FB00F071FBFFF793FF04780134E4B2B6
S315000156300470FFF78DFF05780135EDB20570FFF7B0
S3150001564087FF4378214600245A1CD2B242708271E8
S315000156502A46304602F094F8FFF77AFF05460C20F9
S31500015660099411F0BBF97F4B866007900594C0E958
S3150001567000347D4B0C200A937C4B099311F0AEF953
S315000156807B4B07AA866006F138010390C0E9003416
S31500015690784B2846784C0693784B0593172301934C
S315000156A0774B009303AB03F003FC03A8FFF797FEC8
S315000156B007A8FFF794FEFFF74BFF03F023F92378C2
S315000156C0BFF35B8FDA070ED4204611F078F950B19B
S315000156D06C4808F0C9FB204611F07DF95B4A6A491E
S315000156E0684811F061F9694E664808F02BFB357878
S315000156F0674CBFF35B8F15F0010517D1304611F0EA
S315000157005EF998B1634B3046C4F838552360624B55
S31500015710C4F840551B68C4F84455C4F83C3511F02B
S315000157205AF94A4A5D49204611F03EF923685C4E12
S315000157309B685748984733785A4CBFF35B8F13F0F1
S3150001574001050FD1304611F03AF958B1564B3046A2
S31500015750C4F83055236011F03EF93C4A53492046BE
S3150001576011F022F923684F489B689847504C00F086
S315000157702DFD504B302207A883F82423F3F7D8FEDA
S315000157800220F2F7ADF907AA03464B494B48EDF75C
S3150001579021FC2378BFF35B8FDB070ED4204611F083
S315000157A00EF950B1464D2046464B2B6011F013F9C8
S315000157B0264A4549284611F0F7F8444E3F494048E4
S315000157C00BF0D3FE3378BFF35B8F13F0010410D1D6
S315000157D0304611F0F4F860B13D4D30463D4B85F849
S315000157E0544F2B6011F0F7F8184A3B49284611F03F
S315000157F0DBF83249364804F08DFA03220023374993
S315000158003748CDE9002340F68C22FDF77DFD0128BE
S315000158100AD0FFF72FFE334B0F4A10490093692335
S3150001582000F068FEFDF79EFD2F4A136C43F0080356
S315000158301364FEF741F800200EB0BDE8F08100BF09
S315000158400080CC4080F10020CC0C030000800020B9
S315000158500154010011FD0200CEFC0200F8FC020019
S31500015860E8F700202D5C0100BF5301002B53010016
S31500015870A57B01009F53010080D3002065530100E1
S31500015880ABFD020084D300201F59010030DD00204A
S3150001589034DD00202012030098AA002027530100BE
S315000158A0F8D70020FCD700203C1303002953010040
S315000158B07CE2002000E100E00040C340A4F70020A4
S315000158C080E20020004D03002553010008AF0020AF
S315000158D00CAF0020381503001318000027FD020045
S315000158E03519000030FD020000400E407CF1002019
S315000158F001231A46FFF74CBE70B505460C466CB13E
S31500015900E1682846FFF7F8FFA66804F11400FFF7DF
S3150001591066FD204611F04DF83446F0E770BD10B52E
S315000159200446C1680430FFF7E7FF204610BD70B595
S315000159308B68164604460D1D012253B118691D4692
S315000159403268904287BF98680122D86800220346D0
S31500015950F3E792B1CA68AA4203D1C4E900352046E9
S3150001596070BD284611F0A4F8336802699A424FF0D7
S315000159700003F2D3C4E90003F1E72846F4E7000087
S315000159802DE9F04F92464B4A8146141D9568904683
S31500015990A3462DED028B08EE101A85B045B12A6992
S315000159A04A453ABFEA682546AA682C461546F5E7F0
S315000159B05C4502D02269914530D2182011F00EF8CB
S315000159C000225C450746426100F11002C0F81090C2
S315000159D02FD1D8F8141021B1D8F810603169494592
S315000159E009D3344902A8FFF7A2FFDDE90246002EDA
S315000159F05BD0002C57D15E4555D038693369984242
S31500015A002CBF002001202C4B3246394611F052F8AA
S31500015A10D8F814300133C8F814303C46524618EE13
S31500015A20101A606905B0BDEC028BBDE8F04F01F0BC
S31500015A3003BE21690192894519D2D8F80C108C420E
S31500015A4009D0204611F034F80169019A494505D279
S31500015A50C16851B9044626460C46C8E7154902A84D
S31500015A60FFF765FFDDE90214F5E72146F3E71CD9E7
S31500015A70D8F81060B4420BD0204611F006F801693F
S31500015A800546019A494505D9E36853B926461D4697
S31500015A902C46ACE7074902A8FFF749FFDDE90256A4
S31500015AA0F6E70646F4E70120ADE73846274610F04B
S31500015AB080FFB2E7A40F0120A80F012070B58B6803
S31500015AC0164604460D1D012253B118691D4632685A
S31500015AD0904287BF98680122D86800220346F3E7FF
S31500015AE092B1CA68AA4203D1C4E90035204670BD05
S31500015AF0284610F0DDFF336802699A424FF0000331
S31500015B00F2D3C4E90003F1E72846F4E72DE9F043AF
S31500015B1000F1040885B0064689468568444655B1B4
S31500015B20D9F800302A699A423ABFEB682546AB6834
S31500015B302C461D46F3E7A04504D0D9F80020236979
S31500015B409A422ED2182010F049FFD9F8009000236E
S31500015B50A045074600F11002C0F81090436125D117
S31500015B6073691BB131690B694B4509D3314602A8EB
S31500015B70FFF7A4FFDDE90241002951D0002C4DD1E8
S31500015B8041454BD038690B6998422CBF0020012052
S31500015B9043460A46394610F08DFF73690133736136
S31500015BA03C4604F1140005B0BDE8F0832369019277
S31500015BB0994518D2F3689C4209D0204610F078FF27
S31500015BC00369019A4B4505D2C36853B90446214678
S31500015BD01C46D1E7314602A8FFF770FFDDE9023422
S31500015BE0F5E72346F3E71BD931698C420BD02046F2
S31500015BF010F04BFF03690546019A4B4505D9E36849
S31500015C0053B921461D462C46B6E7314602A8FFF791
S31500015C1055FFDDE90251F6E70146F4E70120B7E752
S31500015C203846274610F0C5FEBAE7000013B504460C
S31500015C300191054801A9FFF769FF0460019BC4F8BA
S31500015C404C3402B010BD00BFBC0F012013B50C4689
S31500015C50019001A905480092FFF758FF009A2146D5
S31500015C60006801F0BBFF02B010BD00BFBC0F0120F0
S31500015C7010B5044640F6FC6110F09DFE204610BDAD
S31500015C8010B504464FF4A96110F095FE204610BDEB
S31500015C9010B5044640F2345110F08DFE204610BD79
S31500015CA010B5154C154B54F8060F1A46616803C218
S31500015CB00221A0681974124910600022D96103F10A
S31500015CC00C011A7319620121C3F8902483F8241078
S31500015CD083F8281003F11C01D96203F12801196325
S31500015CE040F2031199860749C3E90E1203F1300107
S31500015CF0C3E90532196410BD34C30200E8F7002078
S31500015D00020C07004D5C010007B5064801A900F029
S31500015D1065FB18B101A9002020F042F803B05DF837
S31500015D2004FB00BFC2FD020008B5034A2821034B4C
S31500015D30034811F0E5FD00BFCEFD02003BDA02008B
S31500015D4020FE020000230D4A13B50446A0F80530D3
S31500015D50C3710260037109B1012903D16171204642
S31500015D6002B010BDFFF786FB054B064A06490093B4
S31500015D703A2300F0BFFBFDF7F5FAF0E700C0184043
S31500015D803DFE020020FE0200F8FC020038B5174A6B
S31500015D9004230124164D1360C2F8F4431A44136018
S31500015DA0144B1C602B78FBB91348F5F7CBFA4FF46B
S31500015DB09D7240F201111048F5F7CCFA40F23B1200
S31500015DC040F201110C48F5F7C5FA4FF49E7240F204
S31500015DD001110948F5F7BEFA40F23D1240F20111F0
S31500015DE00548F5F7B7FA2C7038BD00BF0C810E4097
S31500015DF07CFC00200C850E4000C003402DE9F04FCD
S31500015E008BB00446D0E9002304AFEA46934246D05C
S31500015E109B1A2F2B0AD9FFF72DFB584B584A594984
S31500015E200093582300F066FBFDF79CFAD4E9003293
S31500015E30D21A202A1ED19A689B699A420AD0FFF784
S31500015E4019FB514B4E4A4F4900935A2300F052FB1E
S31500015E50FDF788FA23681A7B1B7F9A420AD0FFF75F
S31500015E6009FB4A4B464A474900935B2300F042FB34
S31500015E70FDF778FAD4F8008007F10C00F4F722FC5C
S31500015E80022307F10C0298F80C10D8F808003B74AD
S31500015E90F4F74EFB012807D13D4812F0B3FE1C373B
S31500015EA0D546BD46BDE8F08FD4E90023394E9B1A8D
S31500015EB0D6F800215B10C2F3022223F00703ADEBF3
S31500015EC0030D354B134404AD187CF1F709FED6F8E2
S31500015ED00031DBB20133B0FBF3F298423A602DD3C5
S31500015EE02A460025A946D4F800C002F108066368CF
S31500015EF0D8F80800A3EB0C0398F80C10B5EB231F98
S31500015F0023D20CEB05134FEA051E013593F80DB0AC
S31500015F105CF80EC07B603B6806F808BC82F801C0DD
S31500015F2082F8029082F8069002937B685B68CDE95D
S31500015F3000930123F4F7E6FB3246D4E7174B40F60C
S31500015F40C501174A174811F0DBFC032913D8164B74
S31500015F50B0F888215B5C92B203F00F011B020A4381
S31500015F6003F47063A0F88821B0F8882192B2134334
S31500015F70A0F8883193E7FFF7D7FE00BF4CFE020079
S31500015F8020FE0200F8FC020064FE0200A7FE0200E9
S31500015F90F6FE02000000CC403AFF020036CC0200B9
S31500015FA008FF02003BCC020036FF020038B5D0E9FB
S31500015FB00030984212D00B4D197B9C6803290ED8EC
S31500015FC0695C1033B4F888210902984292B201F44F
S31500015FD0706122EA0102A4F88821EDD138BDFFF7EC
S31500015FE0A3FE00BF36FF02007047704730B500229E
S31500015FF089B00C460F488DF81420CDE901224B6873
S3150001600000930B6805A9F1F7FBF80546D4E90001F1
S31500016010EDF7CEF8B5FA85F0236940098DF8100041
S315000160200BB910F0CBFD636904A904F10800984788
S3150001603009B030BD0000444010B5044640F6F86191
S3150001604010F0B9FC204610BD7FB500230446049329
S315000160504FF0FF326946D4F8F40EFCF713FA012823
S31500016060F6D169462046FFF7C1FFF1E738B50B4C7B
S315000160702378BFF35B8FDB070ED4204610F09FFC1D
S3150001608050B1074D2046074B2B6010F0A4FC064A81
S315000160902846064910F088FC014838BD80FC0020DE
S315000160A084FC00205402030000800020EB5F010005
S315000160B01FB50446002218210420FBF713FFC4F87C
S315000160C0F40E50B9FFF7D6F9134B144A144900934D
S315000160D02A2300F00FFAFDF745F9231D4FF46172EB
S315000160E01049029304F1E4030F480193042300933A
S315000160F02346FDF787FA68B9FFF7BCF90B4B074A48
S3150001610000932B23064900F0F5F904B0BDE81040D1
S31500016110FDF728B904B010BDD5010300B201030093
S31500016120F8FC02003D02030049600100E40103009E
S3150001613008B5FFF79BFFBDE80840FFF7B9BF0000B0
S31500016140054B07B50193F4F70BFC01A8F4F71CFC0A
S3150001615003B05DF804FB00BF000010EB094B4FF0E4
S31500016160FF31094A186910601961810603D5596C16
S31500016170013159645160410703D5996C0131996424
S31500016180916070470040C0407C0B012010B50B4C5C
S315000161902378BFF35B8FDB070ED4204610F00FFC8C
S315000161A050B1074804F040FC204610F014FC054AA3
S315000161B00549034810F0F8FB014810BDBCAE0020AC
S315000161C0C0AE002000800020271B00001FB56846D6
S315000161D0F4F7A4FF002069468DF80000F5F744F8AE
S315000161E005B05DF804FB000010B5C4010E4A04F1C8
S315000161F0814402EBC00004F598042368C3F302232B
S31500016200C05CF1F76DFC23680246DBB201339A42AA
S31500016210B0FBF3F006D2054B40F6C501044A05482A
S3150001622011F06EFB10BD00BF9602030036CC0200D2
S3150001623008FF02003BCC020008B5034ADB21034BF1
S31500016240034811F05DFB00BF680203003BE3020057
S3150001625061E30200F0B58BB02B4C06A8F3F786F884
S3150001626001230E208DF81830FFF7BEFF06A905465B
S315000162702046F2F7FFFF2548E368B5FBF0F043F04F
S3150001628020030138E360B0F5805F4FF02003A3607F
S3150001629001D3FFF7D1FF63681D4F3B401843606090
S315000162A01C4E4FF40003F36023680F201A4D43F090
S315000162B001032360FFF798FF06A904462846F2F773
S315000162C0D9FF4FF4FA63B4FBF3F3013BB3F5805FF7
S315000162D0DFD26A683A4013436B60EB6843F001030F
S315000162E0EB604FF08073F36003A8F4F715FE01A885
S315000162F0F4F72CFE03A90948F4F7E2FD01A90748C2
S31500016300F4F7BAFE0BB0F0BD00C00E4040420F00DC
S3150001631000F0FFFF00E100E000000F400000C9406F
S31500016320044B00220449586A0B68101843F1000116
S31500016330704700BF00C00E40880B0120074B9A68CA
S31500016340920609D520229A60054AD2E90031013325
S3150001635041F10001C2E90031704700BF00C00E40A3
S31500016360880B012008B5FFF7DBFF08BD024BD3F808
S315000163700009D3F81019704700C0CA4030B589B07A
S315000163800446FFF7F3FF144A0B460090112103A8B8
S3150001639012F0C4FD04F1080303A82360EBF702FA27
S315000163A003AB1028029003EB000507D1002202A9D6
S315000163B0204610F0A5FC029B2060A3602A4603A993
S315000163C0206810F018FD029B2268002120466360B8
S315000163D0D15409B030BD00BF0E05030030B587B0FA
S315000163E00D4602AB69460093002301938DF80830F0
S315000163F0FEF746FE044630B1294600981FF0D4FC4C
S31500016400041E18BF0124684610F09CFC204607B004
S3150001641030BD000001460148FEF732BE19050300F2
S31500016420022A38B5044607D0032A0FD0012A01D122
S315000164300B682360002038BD0D680C2010F0CEFAE1
S31500016440034695E8070083E80700F2E7006800289D
S31500016450F0D00C2110F0AFFAECE7022A38B5044669
S3150001646007D0032A0FD0012A01D10B68236000202F
S3150001647038BD0D680C2010F0B1FA034695E8070007
S3150001648083E80700F2E700680028F0D00C2110F03D
S3150001649092FAECE703680968126870B49D685C6853
S315000164A01B68661005EB6400E40744BFAC59E3586A
S315000164B070BC18470368096830B49C685A681B6841
S315000164C0551004EB6200D20748BF625930BC48BF81
S315000164D0D3581847064C4FF0805508B5FFF738F8E2
S315000164E002F0B3FA2560BFF34F8FBFF36F8FF5E765
S315000164F004ED00E00EB43FB507AB00F59C6504461C
S315000165004FF4807153F8042B2846039313F032FDA0
S31500016510014601902846F5F7D9F8F5F7BDF8019A35
S315000165202946201D01F048F804B0BDE8304003B00B
S315000165307047000013B50446084621604FF0FF314D
S31500016540FCF760F801280AD0FEF794FF054B064ACE
S31500016550064900932D23FFF7CDFFFCF703FF2046E5
S3150001656002B010BD4705030029050300F8FC02002F
S31500016570002313B51A46044619460068FBF732FD97
S3150001658001280AD0FEF776FF054B064A0649009315
S315000165903023FFF7AFFFFCF7E5FE204602B010BD42
S315000165A07605030029050300F8FC02001FB5D0F8A3
S315000165B0F0350446019183B110460292009210F023
S315000165C01EFA0390DDE9002111F094FC00234FF03F
S315000165D0FF3202A92068FBF705FD04B010BD13B513
S315000165E0013814460191012808D8FEF743FF2246D7
S315000165F00199FFF7DBFF204602B010BD4FF0FF34D3
S31500016600F9E7D0F8F435F7B505460E461446D3B387
S31500016610D0F8EC1501A8FFF78DFFD5F8E8259442CF
S31500016620A8BF144664B3D5F8E02505F59467D5F8F7
S31500016630E435B9189A4220D9C2F14002304611F028
S3150001664059FCD5F8E025403A121904D0A01A39466A
S31500016650304411F04FFCD5F8E8351B1BC5F8E83579
S31500016660D5F8E035234403F03F03C5F8E03501A82A
S31500016670FFF77EFF204603B0F0BD22463046E8E72D
S315000166804FF0FF34F3E74FF0FF34F3E707B520B1DE
S315000166904FF0FF3003B05DF804FBCDE90012FEF7C1
S315000166A0E9FEDDE90012FFF7ACFF0028F2DCEFE7B7
S315000166B0F0B50023A5B01A4F0446ADF81030D0F856
S315000166C09C34CDF812303B78BFF35B8F13F0010594
S315000166D00FD1384610F073F958B1124E3846124BA5
S315000166E0F560336010F077F9104A3046104910F022
S315000166F05BF9104D04A90B4800F0AAFDD4F89C04DF
S3150001670010220A2369460068FCF7AEFB0246002800
S31500016710F4D02B68012168469B6811F097FBEDE7E1
S315000167207CF1002080F10020CC0C030000800020C9
S3150001673001540100C8AA002007B50190FEF79AFE90
S315000167400199FFF7B5FF000037B50446F5F751F893
S31500016750D4F8EC15C5B201A8FFF7ECFED4F8E43580
S315000167603F2B05D9134B9121134A144811F0C8F850
S31500016770234483F8A054D4F8E435D4F8E025013352
S3150001678003F03F039342C4F8E43508D1013303F023
S315000167903F03C4F8E03501A8FFF7EAFED6E7D4F8CF
S315000167A0E8350133402BC4F8E835F4D9044B9B2175
S315000167B0014ADAE796050300B7050300EC05030075
S315000167C01006030007B50190FEF754FE0199FFF785
S315000167D0BBFF0446051D07B54FF0FF326946206829
S315000167E0FBF750FE0128F7D1DDE90010F4F76EFF43
S315000167F02846DDE9002100F0DFFE01980028EBD0F4
S3150001680010F0DBF8E8E707B50190FEF733FE0199D2
S31500016810FFF7DFFF2DE9F04F854D8FB0044688461F
S315000168202B1D0121C0F89C5417460093002205F147
S3150001683028038020FCF7BAF92860FEF789FE90F854
S3150001684000900AAE04F1040A09F1010900255FFA74
S3150001685089F980F80090FEF77BFE90F800B00BF105
S31500016860010B5FFA8BFB80F800B0FEF771FE03782F
S315000168700133DBB203700593FEF76AFE4278511CC1
S315000168800492C9B241708171FEF762FE90F801C0AF
S31500016890049A0CF10101059BC9B241708171494607
S315000168A0504600925A460C95CDE901C600F0BEFD50
S315000168B03046FEF794FDFEF74BFE81460C20089507
S315000168C010F08CF85B4BC0F808A006900C95C0E957
S315000168D00035594B0C200993584B089310F07EF85C
S315000168E0574B06AAC0F808A004F160010A90C0E956
S315000168F00035544B48460D93534B0C934223019359
S31500016900524B0093334602F0D3FA3046FEF767FD49
S3150001691006A8FEF764FD2A4608211020FBF7E2FAD5
S31500016920206050B9FEF7A6FD494B4A4A4A490093F1
S31500016930CB23FFF7DFFDFCF715FD0120FBF76EFC0E
S31500016940C4F8EC0550B9FEF795FD444B414A42495E
S315000169500093CE23FFF7CEFDFCF704FD04220023AE
S315000169603F494048CDE900234FF46172FCF7CCFC66
S3150001697001280AD0FEF77EFD3B4B364A3649009385
S31500016980D023FFF7B7FDFCF7EDFCB8F1000F18D0E7
S3150001699004F5BE634FF4617234490193032334480D
S315000169A000930023FCF7B0FC01280AD0FEF762FD34
S315000169B0304B284A28490093D423FFF79BFDFCF767
S315000169C0D1FCC7B1032304F2F4544FF461722A498E
S315000169D00093002329480194FCF796FC01280AD06C
S315000169E0FEF748FD264B1B4A1B490093D923FFF7A7
S315000169F081FDFCF7B7FC00F00DFDB0B103220023C9
S31500016A0020492148CDE900234FF46172FCF77CFC53
S31500016A1001280AD0FEF72EFD1C4B0E4A0E490093A3
S31500016A20DE23FFF767FDFCF79DFC0FB0BDE8F08F95
S31500016A3000002C20B16B0100B56401002164010046
S31500016A4011760100956401005B640100BB08030037
S31500016A5036060300EC050300F8FC020045060300B8
S31500016A604F060300D56401005F060300E20603003A
S31500016A7007680100F506030083070300C5670100E7
S31500016A809607030024080300396701003408030050
S31500016A902DE9F04300F1040885B00646894685686C
S31500016AA0444655B1D9F800302A699A423ABFEB6893
S31500016AB02546AB682C461D46F3E7A04504D0D9F818
S31500016AC0002023699A422ED218200FF087FFD9F8A9
S31500016AD000900023A045074600F11002C0F810906F
S31500016AE0436125D173691BB131690B694B4509D3E3
S31500016AF0314602A8FEF71BFFDDE90241002951D00C
S31500016B00002C4DD141454BD038690B6998422CBFB9
S31500016B100020012043460A4639460FF0CBFF736930
S31500016B20013373613C4604F1140005B0BDE8F083FE
S31500016B3023690192994518D2F3689C4209D02046EF
S31500016B400FF0B6FF0369019A4B4505D2C36853B9E5
S31500016B50044621461C46D1E7314602A8FEF7E7FE68
S31500016B60DDE90234F5E72346F3E71BD931698C42A7
S31500016B700BD020460FF089FF03690546019A4B4564
S31500016B8005D9E36853B921461D462C46B6E7314679
S31500016B9002A8FEF7CCFEDDE90251F6E70146F4E76D
S31500016BA00120B7E7384627460FF003FFBAE7000092
S31500016BB013B504460191054801A9FFF769FF046071
S31500016BC0019BC4F88C3402B010BD00BFA40F012094
S31500016BD0002808DB0123420900F01F0003FA00F038
S31500016BE0014B43F82200704700E100E07047012A9B
S31500016BF008BF0160002070472DE9F74F85690646F9
S31500016C004FF0000B8561002D3ED0EB0734D5204BAC
S31500016C1000240193019B53F8041B8E4201932FD14B
S31500016C201C4B53F8241059452AD1FFF779FB1A4B0F
S31500016C308046E70003EBC400D0E9002352EA0300D3
S31500016C400DD0164800EB070CDCE9000CB8EB000090
S31500016C50814661EB0C00984208BF914510D310485C
S31500016C6000EB041082681AB1C2680191904701993C
S31500016C700A4B1F44C7E900810BF1010B6D08C2E7FE
S31500016C8001341E2CC6D1F7E703B0BDE8F08F00BF73
S31500016C90780903002C0A0300C00D0120B00E012063
S31500016CA0900B012038B5054CA4F5F075103C204633
S31500016CB0FEF795FBAC42F9D138BD00BF700D01203E
S31500016CC02DE9F74F2F490120FBF768FA2E4C2F4B80
S31500016CD00025DFF8C8902E4FDFF8C480DFF8C4A086
S31500016CE02C4E1860A36833B10322214620469847EB
S31500016CF00023C4E902330022002358F804BB5AF8E2
S31500016D00041B58460191E9E80223E7E802233246CB
S31500016D10F2F736FAB27801990AB35846F2F7F2F960
S31500016D20DBF818300199CBF818300123DBF8142071
S31500016D3003FA01F1184B1143CBF8141033F915106E
S31500016D4011F1800F13D00846FFF742FF00290EDB31
S31500016D5001F16041502301F5614181F800330135AC
S31500016D60103403361E2DBDD103B0BDE8F08F01F0FE
S31500016D700F015023043901F1604101F56D410B7694
S31500016D80EDE700BF700D0120900B0120A00F01203F
S31500016D90B00E012014800020F0090300C00D01206F
S31500016DA0780903002C0A03001FB50A4B044601911A
S31500016DB003A81968FFF7BEFB074B019A53F8241085
S31500016DC0064B53F82400F2F783F903A8FFF7D0FB2B
S31500016DD004B010BDA00F01202C0A0300780903009E
S31500016DE00F4B37B50446196801A8FFF7A3FB0D4AF7
S31500016DF00D4B52F8245053F824301F2D05D90B4B57
S31500016E00B2210B4A0B4810F07BFD1C6801A8FFF765
S31500016E10AFFB24FA05F000F0010003B030BD00BF5E
S31500016E20A00F01202C0A030078090300D1E102001A
S31500016E30FD08030029090300034808B5FFF7DCFE36
S31500016E40BFF34F8F08BD00BF00001340FFF7F4BF2B
S31500016E50034808B5FFF7D0FEBFF34F8F08BD00BF4B
S31500016E6000401340034808B5FFF7C6FEBFF34F8F36
S31500016E7008BD00BF00801340034808B5FFF7BCFEFC
S31500016E80BFF34F8F08BD00BF00001440034808B58B
S31500016E90FFF7B2FEBFF34F8F08BD00BF0000CA4027
S31500016EA00B46024613B5D0E900016C4684E803009F
S31500016EB093E8030082E8030094E8030083E80300F3
S31500016EC0986891689060D8689960D168D060D960F7
S31500016ED002B010BD2DE9F04F00230446444D00EBEE
S31500016EE0400085B0934605EB00082B544148E50068
S31500016EF04246414E415C88F80210404951F82470DF
S31500016F003F49384651F824A05146F2F739F93D492F
S31500016F1001EB041998F80210002940D000236946B4
S31500016F2058462E440293FFF7BBFF49466846FFF7D2
S31500016F30B7FF6846FEF753FADDE90E01C6E900011F
S31500016F40FFF7EEF9304B98F802201D44C5E9000120
S31500016F5051463846F2F7D6F8BB690121BB617B6918
S31500016F6001FA0AF11943294B796133F9141011F128
S31500016F70800F0ED00846FFF72BFE002909DB01F131
S31500016F806041502301F5614181F8003305B0BDE848
S31500016F90F08F01F00F011E4B50225A54F6E71B4B9E
S31500016FA033F91430002B0DDB5A09012103F01F03BD
S31500016FB0203201FA03F3174941F82230BFF34F8F0C
S31500016FC0BFF36F8F144B494668462E440393134B08
S31500016FD00293FFF765FF6846FEF701FA0A490022A8
S31500016FE000230D44C6E90023C5E90023CEE700BF0F
S31500016FF014800020A40A0300C00D012078090300B3
S315000170002C0A0300900B0120B00E0120F0090300A9
S3150001701014ED00E000E100E0ED6B0100EF6B010013
S3150001702070B5002386B005460E4604931446936850
S315000170303BB10222214602A89847E3680593A3685B
S3150001704004930023002231462846CDE9002302AAF3
S31500017050FFF740FF02A8FEF7C2F906B070BD0000B7
S31500017060054B1E20002201389A6003F11003FAD164
S31500017070024A03490FF098BC900B012000800020C2
S31500017080A56C010003689B6818470368DB6818470D
S3150001709030B50446A3B0124D606A4FF0FF3380222B
S315000170A002A90068FBF7E0FE0028F5D09DF808105C
S315000170B029B101290AD0284611F0A4FDECE723687D
S315000170C00DF1090120465B689847E5E7E368002B67
S315000170D0E2D00DF1090301A9201D01932369F3E70C
S315000170E0AA0A03008FB50446124F134E00224FF031
S315000170F0FF3503AB012011460095FDF7EBF8206A39
S315000171002B46802203990068FBF7F8FD002360698E
S315000171101A461946FAF766FF0128E7D0FEF7AAF9DB
S315000171203823324605490097FFF7E4F9FCF71AF9C7
S31500017130DCE700BFE70A0300CA0A0300F8FC020005
S3150001714013B50446032200210120FAF7CBFE606144
S3150001715050B9FEF78FF9244B244A2549009355234C
S31500017160FFF7C8F9FCF7FEF8224622490820FDF789
S315000171707DFD04F118034FF461721F490193042345
S315000171801E4800932346FCF7BFF801280AD0FEF7F4
S3150001719071F91B4B154A164900935823FFF7AAF9B3
S315000171A0FCF7E0F804F11C034FF4617215490193F1
S315000171B00423154800932346FCF7A6F801280AD0B4
S315000171C0FEF758F9114B094A094900935B23FFF76A
S315000171D091F9FCF7C7F8A069FCF7AEFCE06902B0CB
S315000171E0BDE81040FCF7A8BC0F0B0300CA0A030058
S315000171F0F8FC0200457201001D0B030085700100B9
S31500017200290B0300A50B03008B700100B10B0300D2
S31500017210002307B508460193084B01A91843FBF75C
S31500017220C5FE019B3BB1064B4FF080521A60BFF37E
S315000172304F8FBFF36F8F03B05DF804FB00002C2066
S3150001724004ED00E00B4601461846FFF7E1BF0000DA
S315000172508369F7B504460D4643B3436933B3002743
S31500017260134E04232A460121A0690097FDF7A2F8CF
S3150001727038B94FF080533360BFF34F8FBFF36F8F31
S31500017280EFE74FF0FF316069FBF7BCF901280DD03C
S31500017290FEF7F0F8074B084A00932D230749FFF73D
S315000172A029F903B0BDE8F040FCF75CB803B0F0BDC6
S315000172B004ED00E02D0C0300CA0A0300F8FC0200ED
S315000172C00978014811F09EBC7C0C030010B50446F8
S315000172D0006A4FF0FF33042204F124010068FBF732
S315000172E00DFD10B9034811F08DFC2046BDE8104094
S315000172F0FFF7F8BEA00C030073B51D4E05461D4BE6
S3150001730032689A4232D01C4C01220021231D0462AC
S315000173104FF48060009304F12803FBF747FC2B6AC6
S3150001732020601B6813B304F58563012200214FF425
S3150001733080606B6204F22C43009304F58A63FBF7C9
S3150001734035FC6B6AC4F828041B687BB131460B4ACD
S315000173500B4810F0CFFD00220A490720FDF786FCF5
S31500017360284602B0BDE87040FFF7EABE02B070BD24
S3150001737074800020EFBEADDEA8002C2070800020B6
S3150001738000002020B973010038B504468069FCF776
S3150001739031FA0546E069FCF72DFA55EA000307D0F4
S315000173A0044B4FF080521A60BFF34F8FBFF36F8FBC
S315000173B038BD00BF04ED00E02DE9F041DFF8508053
S315000173C005460E4698F80030BFF35B8F13F00104B3
S315000173D00FD140460FF0F3FA58B1094F4046094B19
S315000173E0FC603B600FF0F7FA074A384607490FF091
S315000173F0DBFA324629460248BDE8F041FFF7C4BF31
S3150001740080F10020CC0C0300008000200154010013
S315000174107CF10020034B1868034BC01A18BF0120EA
S31500017420704700BF74800020EFBEADDE2DE9F0434A
S3150001743089B080F87A3498460023DDF848900446EE
S3150001744080F878140E4680F879241546069304AF21
S31500017450D9F808304BB10222494638469847D9F83F
S315000174600C300793D9F80830069302AA04F27C433C
S3150001747066F07F0665F07F0597E8030082E8030062
S3150001748093E8030087E8030092E8030083E803001A
S31500017490069B3846D4F88424C4F88434079B0692A4
S315000174A0D4F88824C4F888340792FDF798FF9DF82C
S315000174B0403003220021012084F837309DF8443002
S315000174C0A670257284F80E8084F84330FAF70AFD17
S315000174D0C4F8740450B9FDF7CDFF064B064A0749B7
S315000174E000932E23FFF706F8FBF73CFF09B0BDE832
S315000174F0F08300BF0F0B0300DC0C0300F8FC020055
S315000175008A7AF8B502F00203D20742F2A1024E8945
S3150001751048BF43F00103D0F88C74C0F868240446D0
S315000175200A89022180F8703480F86C240022A0F8C0
S315000175306E1480F86D2480F8712497F84F30E3B902
S3150001754000F58D6290F878140A233846F9F731F977
S31500017550054618B10A490B48F4F73EF9012387F8A5
S315000175604F30D4F8903406F00106B3F5966F2670C5
S3150001757001D1FEF7E5FD2846F8BD0125F1E700BF7B
S31500017580000D0300140D030000F51A7208B5038AF5
S3150001759090F87A14D0F88C04F9F732F9024628B13A
S315000175A003490448BDE80840F4F716B908BD00BF11
S315000175B0380D0300640D0300037870B504461546C3
S315000175C00BB9002070BDB2F5007F04D90E490F48F2
S315000175D0F4F702F9F5E700F16806304610F08AFC87
S315000175E02B46324694F87914D4F88C04F9F7E1F86D
S315000175F00028E6D1C821D4F87404FBF703F8431E2A
S3150001760058425841DEE700BF8C0D0300C60D03004A
S3150001761009290A4608B507D00A2907D004490548A9
S31500017620F4F7DAF8002008BDFFF7AEFF0120FAE70C
S31500017630E70D03001D0E03004B1E30B5044685B051
S315000176400A2B64D8DFE803F006394B63636363638F
S3150001765063515E00516871B1208AB1FBF0F300FB02
S31500017660131343B91A4694F87914D4F88C04F9F72C
S31500017670A0F805B030BD13680BB900294CD1002321
S31500017680D4F874041A461946FAF7ACFC01280AD054
S31500017690FDF7F0FE214B224A22490093AC23FEF767
S315000176A029FFFBF75FFE238A04F51A7294F87A1410
S315000176B0D4F88C04F9F7A4F8DBE7D4F8843404F59C
S315000176C01A754BB1536802A903AA04F27C40CDE9AD
S315000176D00253D4F888349847238A2A46E6E7D4F831
S315000176E08C34002083F84F00C3E753681B68072BCF
S315000176F006D1116804F592601A46096810F0FAFB82
S315000177000020B6E711462046FFF7FAFEB1E70A4622
S3150001771005480649F4F760F80120AAE7E70A0300DD
S31500017720DC0C0300F8FC02001D0E0300370E0300FB
S3150001773070B505460C464CB1E1682846FFF7F8FFDF
S31500017740A66820460FF035F93446F4E770BD10B54A
S3150001775004468168FFF7ECFF204610BD054800236B
S315000177600549021D037183604361C0E90322034A8F
S315000177700FF01AB9A40F01204F77010000800020F5
S3150001778070B580F8441461F07F01044680F8452401
S3150001779001708CB082710421C37700220A20FAF7A6
S315000177A0A1FBC4F8480450B9FDF764FE324B334AD5
S315000177B0334900932F23FEF79DFEFBF7D3FD0423E8
S315000177C0002230493048CDE9003223464FF4617238
S315000177D0FBF79AFD01280AD0FDF74CFE2B4B274AF1
S315000177E0274900933023FEF785FEFBF7BBFD08AB67
S315000177F006A80693002307938DF82030FEF70AFEAC
S3150001780004F58A6178BB224BC4F850346FF07F438C
S31500017810002604F25C4504F25442C4F854341D4B6C
S315000178202846C4F8586402931B4BCDE9004304F57E
S315000178308B631EF055FA3246184928461EF080FA27
S315000178403246174928461EF07BFA32461549284624
S315000178501EF076FAD4F850041EF04AFA06A80FF084
S3150001786071FA0CB070BD069805911EF09DFA059946
S315000178700028C8D0CAE700BF950E0300710E0300A9
S31500017880F8FC02009F0E03003D7A0100AC0E0300D6
S315000178900A0A0A0171142420D57801001D3024201A
S315000178A07130242031302420054B0020054A4B61DC
S315000178B0054B8B61054BC1E90923054BCB6270472B
S315000178C0C91E24202C01001A6779010011BADFAD07
S315000178D0062A75730146C069FFF7E6BF2DE9F7432E
S315000178E0164680460C200FF079F8002337890446A6
S315000178F08360C0E900334FB338460FF06FF8054691
S3150001790005EB07092560C4F8089027B13A4600211E
S31500017910284610F017FB0023328929463046C4F861
S31500017920049001941EF000FA3389834210D0019C21
S315000179303CB1206808B10FF03CF80C2120460FF04D
S315000179403AF86FF00B0003B0BDE8F0833D46D7E788
S31500017950002301A9D8F848041A46FAF743FB01287F
S31500017960E5D10020EFE70A460146C069FFF7B6BF39
S315000179702DE9FF41D0F8903404461546A3B300F132
S315000179804406281D1B4A022BC0F30D000392A4F8DE
S31500017990440005D101911EF0B7F90199A4F84400FC
S315000179A02A4604F1460010F0A5FAA81C124F063526
S315000179B04FF08058042203A9304410F09BFA2B465D
S315000179C0324694F84414D4F84C04ECF72BFA022806
S315000179D006D1C7F80080BFF34F8FBFF36F8FEEE775
S315000179E020B10648F3F7F8FE6FF00B0004B0BDE8CE
S315000179F0F08100BFDEADBEEF04ED00E0340F030001
S31500017A00044607B54FF0FF3201A9D4F84804FAF746
S31500017A1039FD0128F6D1019B2046D3E90012521AFD
S31500017A20FFF7A6FF019D002DECD0286808B10EF0E6
S31500017A30C0FF0C2128460EF0BEFFE3E7014608B55C
S31500017A40FFF7DEFFF8B596B205460F464FF4C17251
S31500017A50314600201EF050F9044628B90D4811F0B0
S31500017A60D1F86FF00100F8BD394632461EF0A4F98F
S31500017A70D5F86C3405F25C41204698470028F2D0CF
S31500017A800146054811F0BEF820461EF085F96FF053
S31500017A900B00E8E7600F03007A0F03008B7A098970
S31500017AA003F00202DB074FF0000348BF42F0010278
S31500017AB030B542F2A10485B0D0F84C548DF80C20B3
S31500017AC08DF80D30CDE90133ADF8044002246B7C0D
S31500017AD08DF80A408DF808108BB990F844140A23E2
S31500017AE001AA2846ECF79EF9044618B1054906484D
S31500017AF0F3F772FE01236B74204605B030BD0124F5
S31500017B00FAE700BF000D0300940F0300D0F890348C
S31500017B1070B505460C4673B9B0F8446230461EF09E
S31500017B20F3F8022C07D9023CC6F30D06A64203D18F
S31500017B300123C5F8903470BDC0F30D00844201D114
S31500017B400223F6E70248BDE87040F3F745BE00BFE1
S31500017B50B80F030010B50446FFF7D8FFD4F89034E8
S31500017B60E3B1022BB4F8440201D11EF0CDF80304AF
S31500017B7008D5C0F3C221012910D00948BDE810403B
S31500017B80F3F72ABEC0F30D0242B1043A04F24621CC
S31500017B90204692B2BDE81040FFF754BF10BD00BFAA
S31500017BA0DC0F030009290A4608B50AD00A290AD1B9
S31500017BB0038900F5117290F84514D0F84C04ECF7DE
S31500017BC042F9012004E003490348F3F705FE0020CA
S31500017BD008BD00BFF70F03002D100300022910B5E1
S31500017BE0044611D00B2927D001292AD15168FFF764
S31500017BF0B1FF238904F5117294F84514D4F84C04A5
S31500017C00BDE81040ECF71FB9516871B10089B1FBAD
S31500017C10F0F300FB131343B994F844141A46D4F84D
S31500017C204C04BDE81040ECF7FDB81368002BE0D119
S31500017C300029DED0012010BD1146BDE81040FFF736
S31500017C402DBF0248F3F7C8FDF4E700BF4510030056
S31500017C5070B505460C464CB1E1682846FFF7F8FFBA
S31500017C60A66820460EF0A5FE3446F4E770BD10B5B1
S31500017C7004468168FFF7ECFF204610BD0548002346
S31500017C800549021D037183604361C0E90322034A6A
S31500017C900EF08ABEBC0F01206F7C0100008000201F
S31500017CA07FB503680446DB689847002304934FF0C9
S31500017CB0FF3201A9D4F81C05FAF7E4FB0128F6D135
S31500017CC0236801A920461B699847F0E7022A38B5BF
S31500017CD0044607D0032A0FD0012A01D10B6823607D
S31500017CE0002038BD0D680C200EF078FE034695E89D
S31500017CF0070083E80700F2E700680028F0D00C21AE
S31500017D000EF059FEECE7F0B40468049F6568A668B6
S31500017D104FEA650C246806EB6500ED0744BF56F88B
S31500017D200C502C593D68A44604951B6812680968D5
S31500017D30F0BC604730B5194D85B004462B78BFF3CA
S31500017D405B8FDB070ED428460EF039FE50B114487E
S31500017D5006F08AF828460EF03EFE124A12491048ED
S31500017D600EF022FE00250C2002950EF037FE0F4B79
S31500017D7040F69A0241F66E2184600090C0E9003512
S31500017D800B4B074803930B4B02936B4606F0EAF93C
S31500017D906846FDF724FB05B030BD00BF80D3002047
S31500017DA084D30020008000201F590100D97E0100E4
S31500017DB0077D0100CD7C01001FB504460022142178
S31500017DC00420FAF78FF8C4F81C0550B9FDF752FBE9
S31500017DD0134B144A144900932A23FEF78BFBFBF736
S31500017DE0C1FA231D4FF487721049029304F1E4038B
S31500017DF00F480193032300932346FBF703FC68B95D
S31500017E00FDF738FB0B4B074A00932B230649FEF778
S31500017E1071FB04B0BDE81040FBF7A4BA04B010BD75
S31500017E20D5010300B2010300F8FC020004120300AD
S31500017E30A17C0100E40103001FB5EFF30583D0F82F
S31500017E401C05EBB1002303AAFAF7FAF901280AD0B7
S31500017E50FDF710FB134B144A144900934123FEF717
S31500017E6049FBFBF77FFA039B3BB1114B4FF0805265
S31500017E701A60BFF34F8FBFF36F8F05B05DF804FB38
S31500017E804FF0FF32FAF7AEF80128F6D0FDF7F2FA15
S31500017E90084B054A054900934423FEF72BFBFBF7E4
S31500017EA061FAEAE75F100300B2010300F8FC020081
S31500017EB004ED00E09E1003007FB500238DF8051048
S31500017EC001A904938DF80430FFF7B6FF02A8FDF768
S31500017ED086FA07B05DF804FBF8B5069C0546C0F8BE
S31500017EE02015A1B2022928D0032922D0012926D1A1
S31500017EF093F8C2610021582703F1480C8E4210DD28
S31500017F0007FB01F05CF8004094F805E0BEF1FE0FB6
S31500017F100DD1A479012C0AD10344C5F82425C5F84D
S31500017F202835D5F82435C3B100242046F8BD0131E2
S31500017F30E4E70121FFF7C0FFF6E70021FAE7C4F302
S31500017F4007440B2CF0D122460549064810F05AFE8B
S31500017F5021462846FFF7B0FFE7E70824E5E700BF1B
S31500017F60D8100300E910030010B5044643B10548D3
S31500017F7010F048FE0B212046BDE81040FFF79CBFDC
S31500017F800321F9E7F910030010B5044643B1094886
S31500017F9010F038FE0B212046BDE81040FFF78CBFDC
S31500017FA0D0F83825D0F83C359A4234BF0421052152
S31500017FB0F2E700BF1411030010B5044643B10A48A5
S31500017FC010F020FE0B212046BDE81040FFF774BFDC
S31500017FD0D0F8403503210133C0F84035D0F83835A3
S31500017FE01A44C0F83825EFE72C11030010B50446F2
S31500017FF043B1074810F006FE0B212046BDE81040AC
S31500018000FFF75ABF0621C0F84035C0F83835F5E705
S315000180104311030010B5044643B10A4810F0F2FDBE
S315000180200B212046BDE81040FFF746BFD0F840358A
S3150001803007210133C0F84035D0F838351A44C0F865
S315000180403825EFE76411030010B5044643B117481C
S3150001805010F0D8FD0B212046BDE81040FFF72CBFDC
S31500018060D0F83825D0F83C359A4201D20621F3E7FB
S315000180700F4BD0F844151A680E480FF02DFF90B13A
S315000180800D4810F0BFFD0B212046FFF715FFD4F870
S3150001809044050FF019FF0023C4F84435C4F84035F0
S315000180A0C4F8383510BD0821EEE700BF7B11030087
S315000180B098AA0020788000209711030010B5044685
S315000180C043B1054810F09EFD0B212046BDE8104046
S315000180D0FFF7F2BE0A21F9E7BC11030010B5044609
S315000180E043B1054810F08EFD0B212046BDE8104036
S315000180F0FFF7E2BE0A21F9E7D111030037B5097886
S3150001810004460B2900F2AC80DFE801F0B006142228
S315000181102B4147666972758F00F22C51D0F8240500
S31500018120F4F7D6FD90B90221204603B0BDE83040F0
S31500018130FFF7C2BE00900022D0F828154C4BD0F8AC
S315000181402C05F4F7E5FD002800F090800B21EBE704
S315000181500346484A04F5A661D4F82C05F4F767FEF0
S31500018160F1E7454BD0F838251B6844499B1A019025
S315000181700091B3F5807F424928BF4FF480730A44CA
S31500018180B4F84015D4F82C05F4F733FEDBE73D4B84
S315000181900190009300231A46F2E7D0F84435364D94
S315000181A023B928680FF088FEC4F84405D4F83825A9
S315000181B02B68D4F844159B1A334801940A44B3F545
S315000181C0807F009094F8401528BF4FF48073D4F84F
S315000181D02C05F4F71DFEB6E703462C4ABAE703461B
S315000181E02B4A4FF47A71D0F82C05F4F7F5FDAAE77E
S315000181F00346284AAEE7D0F820351868F7F7B0FDF0
S31500018200D4F82C15D4F82405F4F7C6FD18B10B21C2
S315000182102046FFF751FE0023D4F82405C4F82C3577
S3150001822003B0BDE83040F5F7EDBF1B4C2378BFF333
S315000182305B8FDB070ED420460EF0C1FB50B1174809
S3150001824002F0F2FB20460EF0C6FB154A154913480B
S315000182500EF0AAFB114803B0BDE8304002F01DBC88
S31500018260114803B0BDE8304010F0CCBC03B030BDBE
S31500018270697F0100897F010098AA0020B97F01006A
S3150001828078800020ED7F0100158001004980010002
S31500018290BD800100DD800100BCAE0020C0AE002023
S315000182A000800020271B0000EB11030037B50D7875
S315000182B00C4615B90131FFF721FFE3682BB123699C
S315000182C001A9201D8DF80450984703B030BD022A3C
S315000182D0034606D0032A02D0012A00D101600020FC
S315000182E0704703C983E80300F9E77FB503680446CD
S315000182F0DB689847002304934FF0FF3201A9D4F8B5
S315000183001C05FAF7BFF80128F6D1236801A9204612
S315000183101B699847F0E7022A38B5044607D0032AB5
S315000183200FD0012A01D10B682360002038BD0D68EA
S315000183300C200EF053FB034695E8070083E807007F
S31500018340F2E700680028F0D00C210EF034FBECE7D0
S31500018350F0B40468049F6568A6684FEA650C246852
S3150001836006EB6500ED0744BF56F80C502C593D68E5
S31500018370A44604951B6812680968F0BC60470000B2
S3150001838030B5194D85B004462B78BFF35B8FDB07FB
S315000183900ED428460EF013FB50B1144805F064FDC7
S315000183A028460EF018FB124A124910480EF0FCFA44
S315000183B000250C2002950EF011FB0F4B49F20232FB
S315000183C041F6D10184600090C0E900350B4B0748A6
S315000183D003930B4B02936B4605F0C4FE6846FCF70C
S315000183E0FEFF05B030BD00BF80D3002084D300203E
S315000183F0008000201F590100D5850100518301002D
S31500018400178301001FB50446002214210420F9F741
S3150001841069FDC4F81C0550B9FDF72CF8134B144A35
S31500018420144900932A23FEF765F8FAF79BFF231DEB
S315000184304FF487721049029304F1E4030F48019344
S31500018440032300932346FBF7DDF868B9FDF712F81D
S315000184500B4B074A00932B230649FEF74BF804B052
S31500018460BDE81040FAF77EBF04B010BDD501030088
S31500018470B2010300F8FC020026130300EB8201009F
S31500018480E40103001FB50B88ADF80C304368BDF855
S315000184900C2000681A8000231A461946F9F7A2FD36
S315000184A001280DD0FCF7E6FF074B084A0093352358
S315000184B00749FEF71FF805B05DF804EBFAF752BF5E
S315000184C005B05DF804FB00BF34120300B2010300DE
S315000184D0F8FC020070B50C460978D0F83035F9B1D0
S315000184E00133C0F83035012B20DC0420FEF75CFC9B
S315000184F023787BB10E4D4FF080560220FEF770FCBB
S315000185002E60BFF34F8FBFF36F8F0028F5D00A207F
S31500018510FBF748F821780320BDE87040FEF744BC1C
S315000185205A1E22EAE272C0F83025DCE770BD00BFB0
S3150001853004ED00E01FB5EFF30583D0F81C05EBB1A0
S31500018540002303AAF9F77CFE01280AD0FCF792FF63
S31500018550134B144A144900934123FDF7CBFFFAF755
S3150001856001FF039B3BB1114B4FF080521A60BFF3E1
S315000185704F8FBFF36F8F05B05DF804FB4FF0FF32ED
S31500018580F9F730FD0128F6D0FCF774FF084B054AD0
S31500018590054900934423FDF7ADFFFAF7E3FEEAE749
S315000185A05F100300B2010300F8FC020004ED00E0D5
S315000185B09E1003007FB500238DF8051001A90493D1
S315000185C08DF80430FFF7B6FF02A8FCF708FF07B0E5
S315000185D05DF804FBF8B5044606980E46C0F3074558
S315000185E080B20138042850D8DFE800F0032A254F6D
S315000185F0450093F8C2610021582703F1480C8E42C9
S3150001860010D907FB01F05CF8005095F805E0BEF1C2
S31500018610FF0F0ED1AD79FF2D0BD10344C4F82025F0
S31500018620C4F82435D4F82035002B37D00025284648
S31500018630F8BD0131E3E701212046FFF7BBFFF5E76E
S3150001864000212046FFF7B6FFD4F82815D4F82005F7
S3150001865009F0E2F9014610B1114810F0D3FAD4F845
S3150001866020153046F5F7C6FE0028DFD001210D485A
S3150001867010F0C8FADAE70C492A460C4810F0C2FA9B
S3150001868005212046FFF796FFD1E7002DCFD00649F9
S315000186902A46074810F0B6FA0621F2E70825C6E78A
S315000186A0521203007412030095120300A212030072
S315000186B0E910030010B5044643B1054810F0A2FACB
S315000186C006212046BDE81040FFF774BF0321F9E7F4
S315000186D0BE12030010B5044643B1054810F092FAE4
S315000186E006212046BDE81040FFF764BF0421F9E7E3
S315000186F0DD1203000B7813B50446042B3BD8DFE8E3
S3150001870003F0030B1B2E3800FDF740FD002102B0DC
S31500018710BDE8104002F0BAB900F5A561D0F8200510
S3150001872009F059F930B10621204602B0BDE81040E2
S31500018730FFF740BF0221F7E700900022D0F8241589
S31500018740104BD0F8280509F0B7F918B106212046D3
S31500018750FFF730FFFDF71AFDD4F82815D7E70346D2
S3150001876000F22C51084AD0F8280509F093F900289F
S31500018770D9D102B010BDFDF709FD02B0BDE8104028
S3150001878002F08BB9B5860100D586010073B50E7866
S315000187900C460025012E11D0022E13D016B9013137
S315000187A0FFF7A8FFE3683BB1236901A9201D8DF8F6
S315000187B004608DF80550984702B070BD0131FFF78E
S315000187C089FEEFE7D0F83055002DD4BF00250125ED
S315000187D0E8E70000F0B58BB00C46074603220021FE
S315000187E00120F9F77FFB03AB221D0690079306AB29
S315000187F004AE054693E8030086E8030092E8030009
S3150001880083E8030096E8030082E80300E26818465D
S3150001881008921F4AE260226909921E4A2261FCF708
S31500018820DEFD00234FF0FF322146D7F81C05F9F78C
S31500018830D9FB01280AD0FCF71DFE174B174A184928
S3150001884000933723FDF756FEFAF78CFD4FF0FF3103
S315000188502846F9F7D7FE01280AD0FCF70BFE114B83
S315000188600E4A0F4900933823FDF744FEFAF77AFDC5
S315000188702846FAF72BF8BDF80C300020DAB2C3F31C
S31500018880072362F3070063F30F200BB0F0BD00BFAF
S31500018890CF820100858401009E100300B20103000E
S315000188A0F8FC0200F91203007FB500238DF80510CC
S315000188B001A9049301238DF80430FFF78BFF02A869
S315000188C0FCF78DFD07B05DF804FB70B50C680D462D
S315000188D00646E8F767FF0323013000214000637075
S315000188E002232070701E6B60E31810F8012F02330B
S315000188F03AB103F8022C03F8011C6A6802326A6075
S31500018900F3E770BD38B5D0F808140446D0F80C3436
S31500018910154A5B1AC0F8141400F214419B10534314
S31500018920124A80F81C34C0F8182400F5846202202B
S31500018930ECF776FF28B101460D4810F063F90020E7
S3150001894038BD1D20EFF7CCF801464CF25030EFF759
S315000189504BFAD4F82004F3F726F918B1054810F0BC
S3150001896051F9ECE70120EBE7ABAAAAAAC58B0100F6
S31500018970501303007013030070B500F2444388B02E
S31500018980002500F23C46C0F83C3404460580C0F898
S315000189900454C0F80854C0F80C54C0F81054C0F878
S315000189A02454C0F82854C0F82C54C0F83054C0F8E8
S315000189B03454C0F83854C0F8405480F8445402A8DE
S315000189C0FDF7DCFC02A93046184E0EF06FFA02A83C
S315000189D00EF0B8F9B3783288284615498DF8063075
S315000189E0ADF80420EFF714F911492846EFF70EF90F
S315000189F001AA0F490220F8F727FD0E4B602283F8E2
S31500018A0088234FF480721A61334602AA53F8030F82
S31500018A1059681B7A03C21370092202A9A01CC4F863
S31500018A2004240FF067FA204608B070BD46C3020061
S31500018A3000366E0100E100E008B5FCF789FDD0F8CB
S31500018A402004BDE80840F3F73FBFD0F82004F3F750
S31500018A5021BA07B5CDE9002182680AB90EF0AEF850
S31500018A60C3686A4601A9984703B05DF804FB000094
S31500018A70F7B51E46531E054614460E2B00F28A8094
S31500018A80DFE803F00C7E8588888888883C6D080EAF
S31500018A9013886D00434B33601223736000240DE08D
S31500018AA002354FF480633560F7E73F48B47A3060AA
S31500018AB03CB904223D4972600FF01CFA204603B00E
S31500018AC0F0BD328940F209439A4215D1022C08D0F1
S31500018AD0032C09D0012C0BD131463548FFF7F5FEA1
S31500018AE0DCE731463348F9E73146D5F83C04F5E78A
S31500018AF02146314810F086F80524DFE700240C27CB
S31500018B00D5F82404D5F828341B1AB4EB231F10D248
S31500018B10D5F8083400EB041007FB04335B680193B6
S31500018B2083680BB90EF04AF8C36801A90134984766
S31500018B30E6E700270124D5F83004D5F834341B1AAA
S31500018B40B7EB231F08D200EB071032460921013784
S31500018B50FFF77FFF0440EEE784F00104AEE700274C
S31500018B60D5F83004D5F834341B1AB7EB231F95D248
S31500018B7000EB0710324621460137FFF76AFFEFE7A0
S31500018B8000220A21D5F82004F3F753F986E70022DB
S31500018B900C21F7E7224609490948012410F032F869
S31500018BA08CE700BFEA130300D40F0120E61303008C
S31500018BB0871303008E130300A4130300C3130300DA
S31500018BC0CB13030037B50D4604460192FCF7C0FCF2
S31500018BD0019B2A46214603B0BDE83040FFF748BF56
S31500018BE02DE9F84FD0E9008706468946A7EB080428
S31500018BF09346A310214C5C43214B9C4202D1214850
S31500018C000DF0BAFF012C2246A1EB080538BF01225F
S31500018C10A41831D244B19C4228BF1C460C206043A3
S31500018C200DF0DCFE824600E0A2460AEB0503002DAC
S31500018C309BE8070083E8070004DD2A4641465046C3
S31500018C400FF066F9A7EB09070C35002F554404DD33
S31500018C503A46494628460FF04DF93D44B8F1000F12
S31500018C6002D040460DF0A5FE0C2000FB04A4C6E987
S31500018C7000A5B460BDE8F88F1C46CFE7ABAAAAAA47
S31500018C80AAAAAA0A7AC8020038B5002304460D46E4
S31500018C9083608B682BB102229847EB68E360AB686F
S31500018CA0A360204638BD38B5002304460D468360CF
S31500018CB08B682BB102229847EB68E360AB68A3602F
S31500018CC0204638BD13B50B4602466C46D0E9000175
S31500018CD084E8030093E8030082E8030094E80300B4
S31500018CE083E8030002B010BD2DE9F8430746884624
S31500018CF01646154604464FF0000944451AD0294642
S31500018D002046C5F808901035FFF7DCFFA36855F833
S31500018D10082C2046103444F8082C45F8083C55F830
S31500018D20042C54F8043C44F8042C45F8043CFCF7A4
S31500018D3056FBE2E7E01B3044BDE8F8832DE9F34733
S31500018D40D0E9007988466FF078431146A9EB07020E
S31500018D500646B3EB221F4FEA221402D11A480DF040
S31500018D600BFF012C2246A8EB070A38BF0122A418E3
S31500018D7027D24CB19C4228BF1C46200101910DF01F
S31500018D802DFE0199054600E0254605EB0A00FFF791
S31500018D907BFF41462A463846FFF7A6FF494600F1C2
S31500018DA010024046FFF7A0FF804617B138460DF086
S31500018DB000FE05EB0414C6E90058B46002B0BDE834
S31500018DC0F0871C46D9E700BF7AC802002DE9F843AF
S31500018DD0074688461646154604464FF0000944459F
S31500018DE01AD029462046C5F808901035FFF76AFFC4
S31500018DF0A36855F8082C2046103444F8082C45F889
S31500018E00083C55F8042C54F8043C44F8042C45F865
S31500018E10043CFCF7E4FAE2E7E01B3044BDE8F883E2
S31500018E202DE9F347D0E9007988466FF0784311467A
S31500018E30A9EB07020646B3EB221F4FEA221402D121
S31500018E401A480DF099FE012C2246A8EB070A38BFF5
S31500018E500122A41827D24CB19C4228BF1C462001EE
S31500018E6001910DF0BBFD0199054600E0254605EB94
S31500018E700A00FFF718FF41462A463846FFF7A6FFC4
S31500018E80494600F110024046FFF7A0FF804617B1A0
S31500018E9038460DF08EFD05EB0414C6E90058B460A2
S31500018EA002B0BDE8F0871C46D9E700BF7AC80200C8
S31500018EB02DE9F0411E46D0F80C54D0F81034044682
S31500018EC01746DDF81C809D4232D007C985E80700A8
S31500018ED00C35C4F80C54D4F82804D4F82C34984230
S31500018EE02DD03946FFF7D0FED4F828341033C4F814
S31500018EF02834D4F83404D4F83834984226D031468C
S31500018F00FFF7D1FED4F834341033C4F83434D4F82E
S31500018F100434A01C069903EB08021844C4F804247F
S31500018F2042460EF0E7FFB4F80434A380BDE8F081B1
S31500018F300A4600F581602946FFF752FECBE7014656
S31500018F403A4604F22440FFF7F9FED2E701463246DB
S31500018F5004F58660FFF764FFD9E700004A43002164
S31500018F6084460B462DE9F0470C460D464FF0E50ABF
S31500018F708A4222DD9CF8009001319CF801800CF1B7
S31500018F80030C4E461CF801ECC1454F4638BF464618
S31500018F90764538BF7646C14528BF4746774594BFD3
S31500018FA0F71BA6EB0E0716FB0AF6C7EB0727B74218
S31500018FB0DEBF4D4444447344DAE707EE905A9FED11
S31500018FC0395A4FF0000CF8EE676A07EE904AB8EE90
S31500018FD0677A07EE903AF8EE677AB4EEE77AF1EE41
S31500018FE010FA54BFF0EE475AF0EE675AF4EEE56A0E
S31500018FF0F1EE10FAF4EEC56A58BFF0EE665AF1EEDC
S3150001900010FAB4EEC57A54BF85EEA66A9FED266ABC
S31500019010F1EE10FAF4EEC57A54BFC5EE876ADFEDBC
S31500019020226AF1EE10FA58BF85EEA77ADFED1F7AB4
S3150001903048BF9FED1D7A26EE276A66EEA76ABCEE4B
S31500019040C66AFCEEE66A16EE103A9DB216EE903A44
S3150001905027EE277A9CB2BCEEC77A17EE103A9BB27E
S3150001906062451DDD01780CF1010C47780330694337
S3150001907010F8016C6743090A5E433F0AFF294FEA6C
S31500019080162628BFFF21FF2F28BFFF27FF2E00F836
S31500019090031C28BFFF2600F8027C00F8016CDFE7FD
S315000190A0BDE8F087CDCCCC3D000000000000804338
S315000190B0022A06D0032A02D0012A00D1016000202B
S315000190C070470B680360FAE7022A034606D0032AB3
S315000190D002D0012A00D101600020704703C983E84C
S315000190E00300F9E703680446DB6800B58DB09847CD
S315000190F000230A934FF0FF326946D4F8F40EF9F7CC
S31500019100C1F90128F6D12368694620461B699847AB
S31500019110F0E700002DE9F84F07EE902A9B468046BE
S315000191200D46B8EEE77A07EE90BA164602EB420A0A
S315000191302DED048B9DF83830B8EEE78ADFED377AEE
S3150001914093B3C7EE086AB7EE006AF4EEC66AF1EEAB
S3150001915010FACDBF28EE277AFDEEC78A27EE277AC9
S31500019160C7EE278AD4BF87EE278AFDEEE88AB8EED6
S31500019170E87A26EAE679BDEEC88A002709EB4909AD
S3150001918087EE879AB8EEC87AC7EE879ABB4540DD67
S3150001919018EE103ABB420ADC2846554452460021D5
S315000191A00EF0D0FE0137F1E7FDEEC78ADFE707EEE5
S315000191B0907A4FF47370E91C0022F8EEE77A67EEB5
S315000191C0A97AFDEEE77A17EE903A58439642A1F155
S315000191D0030C1CDD07EE902AF8EEE77A67EE897A32
S315000191E0FDEEE77A17EE904A04EB44040444444446
S315000191F018EE903A01349A42B4BF14F8013C0023A8
S315000192000CF8013B8C45F3D101320331DEE74D44C5
S31500019210C8E7BDEC048BBDE8F88F00BF0000A24390
S3150001922037B5069D1C4618B919602A6003B030BDD2
S315000192300228A1F1A201A2F1A20207D0032850D06F
S31500019240012851D152421A60296003E04942524233
S3150001925019602A602368A23323602B68A2332B602E
S315000192602368002B0BDAFCF705F9264B264A27491A
S3150001927000934FF4B173FDF73DF9FAF773F82368DC
S31500019280B3F5A27F0BDBFCF7F5F8214B1E4A1F490C
S31500019290009340F26313FDF72DF9FAF763F82B6893
S315000192A0002B0BDAFCF7E6F81A4B174A174900931D
S315000192B04FF4B273FDF71EF9FAF754F82B68B3F5BC
S315000192C0A27FB3DBFCF7D6F8134B0F4A009340F2AB
S315000192D065130E49FDF70EF903B0BDE83040FAF704
S315000192E041B849421A60AFE7FCF7C4F80B4B064A8E
S315000192F0064900934FF4AE73FDF7FCF8FAF732F81E
S31500019300A8E700BF1E140300FC130300F8FC0200CB
S315000193102A14030058140300641403003BDA020004
S3150001932010B52DED028B84B008EE103A044603AB5E
S31500019330009302ABC068FFF773FF9DF820309FEDE5
S315000193401B7AB8EE488A06EE903A9DF82430DFED96
S31500019350187AF8EE666AC8EE075A86EE875A06EE5E
S31500019360903A039BF8EE666AD4E9002186EE876A95
S31500019370DFED106A01FB0322029965EEA66A65EE2E
S31500019380277A67EE857AE6EEA57ADFED0B6A66EE59
S31500019390266AE6EE867A67EE877AFCEEE77A17EEBC
S315000193A0903A535404B0BDEC028B10BD00007F43CC
S315000193B05917373FD0B3593E98DD933D30B585B047
S315000193C01D46044603AB009302ABC068FFF728FFB6
S315000193D06168DDE9023201FB0232236802EB4202D7
S315000193E09D546168DDE9022301FB0323226803EB37
S315000193F0430313449DF820205A706168DDE9022376
S3150001940001FB0323226803EB430313449DF8242045
S315000194109A7005B030BD00002DE9F04F0C46934619
S315000194208DB0924A8246002120461D460EF08AFDE5
S315000194304FF4A272BBF1010F08940B95CDE90922F5
S3150001944057D1022500230AF2872805922C46039359
S315000194506F1C661C21460234BBF1000F42D0A646A2
S315000194602A46B1463B46B4460491059800FB03A340
S3150001947008F24510005D13F809900690059813F857
S315000194800C3000FB02A212F80E0007900498125C41
S3150001949008A8019218F8042000922A46FFF78EFFC9
S315000194A0079B2A463146019308A8069B00934B4623
S315000194B0FFF784FFB4F5A17FCBDB039BB7F5A17F53
S315000194C08BF0010B83F00103039302D10DB0BDE8CC
S315000194D0F08F039B08F5A2783D46002B14BF0324A9
S315000194E00224B5E7B6463A46A1462B468C46049673
S315000194F0BBE7BBF1000FE9D1022212F001030BF524
S31500019500A179039359D00AEB0B000BF101040492E4
S315000195104FF0020890F889321AF8041090F8465173
S315000195200B4490F84411294401330131C3F3470335
S31500019530C1F34701019190F8451108A80091012155
S31500019540FFF73CFF049A0BF5A0730AEB040504939D
S31500019550049BA34235D20AEB04052646A8EB040870
S31500019560B14508EB060173D915F8013B0136687858
S31500019570023395F84371034495F88702034495F83D
S31500019580890203442878384495F84571C3F3870C5A
S31500019590039B0230384495F88872384495F8447133
S315000195A0C0F38700002B4FD06346CDE9000708A81A
S315000195B00492FFF703FF049AD2E75C464FF00108D5
S315000195C0C1E7AE782B7895F88812334495F8447143
S315000195D095F846B1023395F88A020B446978064438
S315000195E0394495F88972034495F8450102310136EB
S315000195F0C3F387035944C6F34706394495F84771BF
S315000196000744C1F3870E03990137C7F3470729B901
S31500019610B4463E4667469C46034660464146059229
S3150001962002340235CDE900E008A8FFF7C7FE059A26
S3150001963008F10101334608A808F10208CDE900B78F
S31500019640FFF7BCFE059A83E73B46CDE9000CAEE782
S31500019650A9EB040B0132A14538BF4FF0000B0234D0
S31500019660B2F5A17FA3447FF448AF2FE730CE0400C3
S315000196701FB50446002230210420F8F733FCC4F854
S31500019680F40E50B9FBF7F6FE134B144A1449009336
S315000196902A23FCF72FFFF9F765FE231D4FF46172AC
S315000196A01049029304F1E4030F4801930423009344
S315000196B02346F9F7A7FF68B9FBF7DCFE0B4B074A10
S315000196C000932B230649FCF715FF04B0BDE81040B3
S315000196D0F9F748BE04B010BDD5010300B20103007D
S315000196E0F8FC020024150300E5900100E4010300E3
S315000196F01FB5044602AB03C9626883E80300002371
S3150001970082E803001A4619462068F8F76BFC01281F
S315000197100DD0FBF7AFFE074B074A009335230749E8
S31500019720FCF7E8FE04B0BDE81040F9F71BBE04B033
S3150001973010BD00BF34120300B2010300F8FC0200A1
S3150001974038B50B4C2378BFF35B8FDB070ED420466D
S315000197500DF035F950B1074D2046074B2B600DF042
S315000197603AF9064A284606490DF01EF9014838BD60
S315000197707CE2002080E20020004D030000800020F2
S315000197802553010008B5EEF7D7FDBFF34F8F08BD8E
S3150001979028B1013801288CBF002001207047032021
S315000197A070477FB5002302910221D0F8F80E00938D
S315000197B02423ADF804300123CDE9031269468DF85F
S315000197C006300593E9F740FCB0FA80F0400907B08E
S315000197D05DF804FB00B5002389B0D0F8F80E0293BA
S315000197E08DF80E3002238DF80720242205930DF102
S315000197F00703049102A906930123ADF80C200793F0
S31500019800E9F722FCB0FA80F0400909B05DF804FBE3
S3150001981090F8402F10B50446002A4AD0032242F29E
S315000198205011FFF7D7FF012242F25B112046FFF7E5
S31500019830D1FF94F8452F42F211012046FFF7CAFFE6
S3150001984094F8442F42F212012046FFF7C3FF94F821
S31500019850492F42F213012046FFF7BCFF94F8482F27
S3150001986042F214012046FFF7B5FF94F84D2F42F25C
S3150001987015012046FFF7AEFF94F84C2F42F2160170
S315000198802046FFF7A7FF94F8512F42F21701204611
S31500019890FFF7A0FF94F8502F42F218012046FFF778
S315000198A099FF012242F253112046BDE81040FFF70D
S315000198B091BF42F25011F8E710B50446082241F271
S315000198C00301FFF787FF082241F207012046FFF750
S315000198D081FF0A2243F244012046FFF77BFF002263
S315000198E043F245012046FFF775FF0A2243F247017D
S315000198F02046FFF76FFFC02243F250012046FFF7D3
S3150001990069FF422243F251012046FFF763FF5022CD
S3150001991043F252012046FFF75DFF002243F2530155
S315000199202046FFF757FF032243F254012046FFF773
S3150001993051FFF72243F255012046FFF74BFFF8226C
S3150001994043F256012046FFF745FF292243F257010C
S315000199502046FFF73FFF1F2243F258012046FFF73B
S3150001996039FF1E2243F259012046FFF733FF4322F6
S315000199704FF480512046FFF72DFF402241F20101AD
S315000199802046FFF727FF322241F202012046FFF768
S3150001999021FF7F224FF454712046FFF71BFF01225E
S315000199A041F206012046FFF715FF002241F20801A8
S315000199B02046FFF70FFFA02241F209012046FFF7DB
S315000199C009FF602241F20A012046FFF703FF9022B8
S315000199D041F20B012046FFF7FDFE402241F20C0148
S315000199E02046FFF7F7FE07224FF400512046FFF706
S315000199F0F1FE01224FF404512046FFF7EBFE5F22F0
S31500019A0042F201112046FFF7E5FE0A2242F2021157
S31500019A102046FFF7DFFE032242F203112046FFF73D
S31500019A20D9FE052242F204112046FFF7D3FE022297
S31500019A3042F205112046FFF7CDFE142242F206112D
S31500019A402046FFF7C7FE022242F207112046FFF722
S31500019A50C1FE032242F208112046FFF7BBFE032294
S31500019A6042F209112046FFF7B5FE002242F20A1121
S31500019A702046FFF7AFFE802242F20B112046FFF788
S31500019A80A9FE402242F20C112046FFF7A3FE202236
S31500019A9042F20D112046FFF79DFE032242F20E11FE
S31500019AA02046FFF797FE002242F20F112046FFF7EC
S31500019AB091FE852242F210112046FFF78BFE00220D
S31500019AC042F211112046FFF785FE2046A02242F2FE
S31500019AD01211FFF77FFE2046BDE81040FFF798BE42
S31500019AE000224FF4807110B5044680F8542FFFF719
S31500019AF071FE4FF0814004F6FC61BDE81040EEF7BF
S31500019B00BDBB000037B50D460446FFF719FE00211F
S31500019B102A7807F01BFEFFF713FE2A78012107F0CA
S31500019B2015FE0A20F9F73EFD2B786BB3FF230A25B4
S31500019B308DF806308DF807300DF10602002120461A
S31500019B40FFF72FFE0DF1070201212046FFF729FE3F
S31500019B5040F2031100222046FFF73CFE9DF8061055
S31500019B60012903D19DF80730B02B0DD0013DE3D17A
S31500019B7001299DF8072001D1B02A05D003480FF02D
S31500019B8041F8002003B030BD0120FBE79314030028
S31500019B90104B13B5C0F8243F40F60203044600F605
S31500019BA02471C0F8283F012380F82C3F0823A0F830
S31500019BB02E3F094BC0F8303F4FF08140EEF73EFA99
S31500019BC028B98DF8040001A92046FFF79BFF02B0D2
S31500019BD010BD00BF08004233100000010B685A1C7B
S31500019BE013B51ED100F6FC6101AA4FF08140EEF7D4
S31500019BF088FB044680B915490198E9F7D9FA019B12
S31500019C00134A93420AD0134A934218D0124A9342F6
S31500019C1017D0124A934216D04FF0FF34204602B0B5
S31500019C2010BD032BF8D80949094A01FB032200F6A6
S31500019C30FC614FF081400192EEF754FBECE7012401
S31500019C40ECE70224EAE70324E8E700BF109A0100E3
S31500019C5000008081109A81812034838130CE8481F5
S31500019C6038B50B7804460D465BB9FFF725FE2A7811
S31500019C7040F201612046FFF7ADFD2B7884F8353FB0
S31500019C8038BD00224FF40451FFF7A4FD00224FF422
S31500019C9080512046FFF79EFD002241F20801204631
S31500019CA0FFF798FD002240F205212046FFF792FDBD
S31500019CB0012240F20E212046FFF78CFD002240F2E0
S31500019CC00F212046FFF786FDD1E7F7B504460E467C
S31500019CD000254FF0FF373368AB420DDD01A9204661
S31500019CE00197FFF77BFF431CF5D0019001A92046A0
S31500019CF00135FFF773FFEEE703B0F0BD0023012244
S31500019D00C1E90033C1E9033340F243130A72C1E9E1
S31500019D100533704730B504460D4685B0FFF7A8FCFC
S31500019D20C4F8F85E002504F63871204684F8545FBD
S31500019D30FFF7E4FF084B6A46032103930820074B0C
S31500019D4084F8405F02930094FDF76AF96846FBF7D1
S31500019D5046FB05B030BD00BF859F0100B1900100F3
S31500019D6070B40C46064600F638750FCC0FC594E85C
S31500019D70070085E80700304670BCFFF749BD10B5FE
S31500019D800446012242F25311FFF724FDD4F8383F6D
S31500019D9023B1D4F83C0FBDE81040184710BD38B5C3
S31500019DA00C460A784FF480710546FFF713FD2378B8
S31500019DB085F8343F38BD00002DE9FF410E460DF10F
S31500019DC00F0243F260010546FFF7EBFC9DF80F20F9
S31500019DD043F26001284642F020021E4C00278DF80E
S31500019DE00F20FFF7F7FC2846FFF766FD002241F238
S31500019DF012012846FFF7EEFC002305F6FC614FF041
S31500019E0081401A460191EEF7C3F933780199052B82
S31500019E1014BF4FF004084FF00208013722464FF0F5
S31500019E208140019104F5CD34EEF75CFAB84501990C
S31500019E3004F11004F1D14FF08140EEF7DBF904464D
S31500019E4031462846FFF7ABFFB4FA84F0400904B067
S31500019E50BDE8F0810000808130B50D7885B00C46F3
S31500019E60072D0DD8DFE805F0040A201C25292D3021
S31500019E700431FFF7A1FF8DF8040001E0FFF730FE82
S31500019E80A36A5BB102AB8DF80050E26ADDE900011D
S31500019E9083E80300194604F12000904705B030BD60
S31500019EA00431FFF72FFEE6E70431FFF797FE019035
S31500019EB0E6E70431FFF7D4FEE2E70431FFF705FFD9
S31500019EC0DEE7FFF75CFFDBE70431FFF749FFD7E782
S31500019ED038B50C46054608460CF091FD611E034651
S31500019EE00022002903DB013903F8012BF9E7286079
S31500019EF0284638BD10B50446006808B10CF05DFD72
S31500019F00204610BD1FB5EFF30583D0F8F40EEBB173
S31500019F10002303AAF8F794F901280AD0FBF7AAFA55
S31500019F20134B144A144900934123FCF7E3FAF9F75A
S31500019F3019FA039B3BB1114B4FF080521A60BFF3E4
S31500019F404F8FBFF36F8F05B05DF804FB4FF0FF3203
S31500019F50F8F748F80128F6D0FBF78CFA084B054AC2
S31500019F60054900934423FCF7C5FAF9F7FBF9EAE73B
S31500019F705F100300B2010300F8FC020004ED00E0EB
S31500019F809E10030000B500238DB000680A930623D6
S31500019F9069468DF80030FFF7B5FF08A8FBF71FFAF1
S31500019FA00DB05DF804FB00002DE9F04188B01446C0
S31500019FB00646884603220021012002AFF7F792FFE9
S31500019FC004AB04F120020546CDE9040693E803003B
S31500019FD087E8030092E8030083E8030097E803009B
S31500019FE082E80300A26A184606921B4AA262E26A46
S31500019FF007921A4AE262FBF7F2F900234FF0FF32A9
S3150001A0002146D8F8F40EF7F7EDFF01280AD0FBF741
S3150001A01031FA134B134A144900933723FCF76AFAB2
S3150001A020F9F7A0F94FF0FF312846F8F7EBFA0128C6
S3150001A0300AD0FBF71FFA0D4B0A4A0B490093382346
S3150001A040FCF758FAF9F78EF92846F8F73FFC30463F
S3150001A05008B0BDE8F08100BFC9900100F19601008A
S3150001A0609E100300B2010300F8FC0200F91203007E
S3150001A070F0B500238FB006460D460C930223174612
S3150001A0808DF808304FF0FF33039302AA3146684634
S3150001A090FFF78AFF019C0FB1631CF6D0032C0AA8B7
S3150001A0A097BF054B0023054A03FB04232B60FBF7EF
S3150001A0B096F920460FB0F0BD109A0100000080818C
S3150001A0C000B500238FB00C93022302AA0391014627
S3150001A0D068468DF80830FFF767FF0AA8FBF77FF996
S3150001A0E00FB05DF804FB00002DE9F04F90F8543FE6
S3150001A0F004460D462DED028B93B0039353B9B24836
S3150001A1000EF080FDDDF80CA0504613B0BDEC028BBD
S3150001A110BDE8F08F90F8343F052B08D10720FCF7F6
S3150001A1205FFE824618B9A9480EF06CFDECE70026E1
S3150001A13001220CA920460C96FFF79AFF08EE900A19
S3150001A1400C98002800F0278294F8343F052B03D1A0
S3150001A15031460720FCF728FE6B682C68DDF80CA059
S3150001A1609FED9B8A0A930A9BA34200F00D82236806
S3150001A170012B44D0022B00F0F481002B40F0018228
S3150001A180E368B3F5A27F17D12369B3F5A27F13D193
S3150001A190A1690C98D4E90123FFF73EF9237F4BB15E
S3150001A1A0E7F790FB90F8353F23B9A069D4E903128C
S3150001A1B0FEF7D4FE2034D6E786490EA8FFF788FEBF
S3150001A1C00E990C98D4E90123FFF726F9237F53B1A1
S3150001A1D0E7F778FB90F8353F2BB94FF4A2720E984A
S3150001A1E01146FEF7BBFE237D0E980093A169D4E9C3
S3150001A1F00323FEF78FFF0EA8FFF77CFEDAE7E3687D
S3150001A200B3F5A27F40F043812369B3F5A27F40F005
S3150001A2103E810C9AA1690292D4E90172CDE90E132D
S3150001A220012FCDE9103266D1029A099302F28728ED
S3150001A23002F573720792039A069200220492022291
S3150001A2401546571C069B6E1C05950235002B4AD0F8
S3150001A250059BAB461146B1460893B6463B4609985F
S3150001A260844602980CFB03030798405D13F8099096
S3150001A2700B90029813F80E300CFB01000899089216
S3150001A28010F80BB0405C0599019018F80500009094
S3150001A2900EA8FFF745F80B9B089A314600930EA8C6
S3150001A2A04B46CDF804B00592FFF73AF8B5F5A17F14
S3150001A2B0059AC7DB069BB7F5A17F83F001030693D9
S3150001A2C0049B83F0010304933FF474AF049B08F5E8
S3150001A2D0A2783A46002B079B03F5A27314BF032508
S3150001A2E002250793ADE7B3463946A9461346DDF87D
S3150001A2F014E00896B3E7002F7FF45CAF022212F058
S3150001A300010307F5A17B049359D0029B7D1C029999
S3150001A3104FF00209D8190592495D90F8893290F8F3
S3150001A32046610B4490F84411314401330131C3F3C2
S3150001A3304703C1F34701019190F845110EA8009119
S3150001A3400121FEF7EDFF059A029B5E1907F5A07341
S3150001A3500693069BAB423FD2029B2F46A9EB05090A
S3150001A3605E19BB4509EB070140F2848016F8010B23
S3150001A37001370230737896F843C1034496F8870291
S3150001A380034496F8890203443078604496F845C13F
S3150001A390C3F3870E049B0230604496F888C260447A
S3150001A3A096F844C1C0F38700002B5FD07346CDE910
S3150001A3B0000C0EA80592FEF7B3FF059AD1E74FF000
S3150001A3C001093D46C0E700BFC1140300F0140300B4
S3150001A3D000007F4330CE0400B778337896F88812B0
S3150001A3E03B4496F88A0296F844C10233074496F82C
S3150001A3F047810B4496F8461101370591034471785C
S3150001A400C7F34707C3F3870E96F845016144059BD9
S3150001A41096F889C28044023108F101081944049B67
S3150001A420C8F347086144C1F387012BB9BC464746C7
S3150001A430E046F44686466046734607920235023682
S3150001A440CDE9001049460EA8FEF76AFF059B079A5B
S3150001A45009F1010100930EA83B46CDF8048005924F
S3150001A46009F10209FEF75CFF059A72E76346CDE939
S3150001A470000E9EE7ABEB05070132AB4538BF00275F
S3150001A4800235B2F5A17F2F447FF439AF92E64349F5
S3150001A4900DA8FFF71DFD0EA8D4E90331594301EBC1
S3150001A4A04101FFF715FDD4E90123DDE90C01FEF7B2
S3150001A4B0B3FF237DDDE90D010093D4E90323FEF704
S3150001A4C029FE0021DDF83880D4F818C008469FED32
S3150001A4D0345ADFED344A9FED344AD4E9036E86459A
S3150001A4E03ADD01EB41020CEB010700254244AE4285
S3150001A4F002F103022DDD12F8033C013507EE903A15
S3150001A50012F8023C07EE103AF8EE677A12F8013CAF
S3150001A510B8EE477A87EE886AC7EE085A07EE103A10
S3150001A520B8EE477AC7EE086A26EE057A65EEA47A92
S3150001A53067EEA57AE6EE077A26EE847AE6EE877A64
S3150001A54067EE887AFCEEE77A17EE903A07F8013B58
S3150001A550CDE701303144C2E70EA8FFF7CBFC0DA8C9
S3150001A5604AE6E368B3F5A27F0BD12369B3F5A27F6F
S3150001A57007D10E4A0C99A0690DF0BCFCDDF80CA0C0
S3150001A58018E64FF0000A15E6E7F79CF918EE901A5F
S3150001A590FFF796FDB8E58246B6E500BF30CE04006A
S3150001A5A0D0B3593E5917373F98DD933D109A0100B4
S3150001A5B030B58FB00023044602AA8DF80C1001466F
S3150001A5C068460C938DF80830FFF7EEFC9DF80450B1
S3150001A5D00AA884F8545FFAF702FF28460FB030BD87
S3150001A5E010B500238EB00C93032302AA8DF80C102C
S3150001A5F0014668468DF80830FFF7D6FC9DF8044001
S3150001A6000AA8FAF7ECFE20460EB010BD00487047C6
S3150001A6104021030000487047801C03000048704732
S3150001A620002C030000487047702103000048704762
S3150001A6309821030000487047601B030000487047DB
S3150001A640182D030000487047C02D030000487047CD
S3150001A650882D030000487047181B03000048704707
S3150001A660101B030000487047D81A030000487047C2
S3150001A670A82D030000487047302D0300004870479D
S3150001A680E82B030000487047782C03000048704708
S3150001A690F02D030000487047282D0300004870473D
S3150001A6A0D02D0300004870478829030000487047F1
S3150001A6B04029030000487047102E030000487047E8
S3150001A6C0D82D030000487047E02E0300004870476C
S3150001A6D0F82E030000487047C82E03000048704753
S3150001A6E0B82C030000487047D02C0300004870477F
S3150001A6F0E82C030000487047002D0300004870470E
S3150001A700302903000048704770290300004870474C
S3150001A710A8210300004870475829030000487047E4
S3150001A720902C030000487047E01C03000048704766
S3150001A730702D030000487047582D030000487047EC
S3150001A740582E030000487047702E030000487047DA
S3150001A750282E030000487047882B030000487047E5
S3150001A760A02B030000487047B82B03000048704730
S3150001A770D02B030000487047702C03000048704737
S3150001A780982D030000487047502D0300004870477C
S3150001A790402E030000487047A02D03000048704773
S3150001A7A0A82C030000487047B02C030000487047EE
S3150001A7B0482D030000487047082E030000487047E3
S3150001A7C0C0210300004870479829030000487047DC
S3150001A7D0201D030000487047601A030000487047B7
S3150001A7E0001A030000487047F81C03000048704730
S3150001A7F0401A030000487047482E0300004870477E
S3150001A800882E030000487047982E030000487047C1
S3150001A810A82E030000487047B82E03007047704702
S3150001A8200CF0C7B810B5044604210CF0C4F8204654
S3150001A83010BD10B5044610210CF0BDF8204610BD20
S3150001A84008B5034AE121034B03480DF059F800BF4F
S3150001A8504C1503003BDA0200E015030008B5034A74
S3150001A8604421034B03480DF04BF800BF19160300B2
S3150001A8703BDA0200AB160300064B994210B500F114
S3150001A8800C0405D008460CF09DF9002808BF0024E9
S3150001A890204610BDD01903000B78C91AE6F778BF18
S3150001A8A00B88C91AE6F774BF0B68C91AE6F770BFB9
S3150001A8B00B68C91AE6F76CBFF0B505684B1B9F0715
S3150001A8C003D0027F0AB10020F0BD4268042AFAD9FA
S3150001A8D0141FA342F7D884680E6801340169C7685A
S3150001A8E001318460BC420161EDD84469A142EAD8D4
S3150001A8F09B1BDE0702D5017F0029E4D1911E8B4205
S3150001A900E1D8E95ACC0702D5007F0028DBD1914274
S3150001A910D9D2501A83428CBF00200120D4E710B54A
S3150001A92004210446E6F7F4FF10B123182058184411
S3150001A93010BD10B504210446E6F7EAFF10B123184D
S3150001A9402058184410BD10B50E210446E6F7E0FF65
S3150001A95010B123182058184410BD10B5142104460F
S3150001A960E6F7D6FF10B123182058184410BD10B5CC
S3150001A97016210446E6F7CCFF10B1231820581844D7
S3150001A98010BD10B504210446E6F7C2FF10B1231825
S3150001A9902058184410BD10B510210446E6F7B8FF3B
S3150001A9A010B123182058184410BD000070B50D4E83
S3150001A9B03378BFF35B8F13F0010410D130460BF0EF
S3150001A9C0FEFF60B1084D3046084BC5F830452B6097
S3150001A9D00CF001F8064A284606490BF0E5FF024845
S3150001A9E070BD00BFF8D70020FCD700203C13030040
S3150001A9F0008000202953010010B50446FFF7D6FF59
S3150001AA000121FDF751FF204610BD10B50446FFF7A1
S3150001AA10CDFF0021FDF748FF1E20F8F7C3FD2046B4
S3150001AA2010BD0C30FFF7F1BF144B37B5002503609D
S3150001AA3000F10C0300220446456005738563C0E9F5
S3150001AA400453C0E906350023C0E90C55C0E90A23C1
S3150001AA500120F7F7E3FB84F84050E06350B9FAF7B9
S3150001AA6009FD074B074A084900932F23FBF742FDCF
S3150001AA70F8F778FC204603B030BD00BF8418030008
S3150001AA8048060300F2160300F8FC0200016319B937
S3150001AA9000220023C0E90A237047012380F84030D1
S3150001AAA070472DE9F3470D460446C16B01A81646CA
S3150001AAB01F46FBF73FFDD5F804A0BAF1000F44D0BD
S3150001AAC0DAF8008020214046E6F722FF10B3404421
S3150001AAD0D0E90089D4E90A234B4508BF42451ED077
S3150001AAE00023324621465046C4E908333B4602F06C
S3150001AAF03BFF2562C4E90A8921463B46324628685E
S3150001AB0002F032FF044601A8FBF732FD204602B0EF
S3150001AB10BDE8F0874FF000084FF00009DAE704F1CD
S3150001AB20200804F12809C845E6D0D8F80030AB4220
S3150001AB30E2D03BB93B4632462146686802F014FF33
S3150001AB40C8F8005008F10408EDE700220023C4E923
S3150001AB500A23D1E78B0701D0037F43B94068042854
S3150001AB6005D9043881428CBF00200120704700209E
S3150001AB70704738B505460C46FFF7ECFF58B12B6810
S3150001AB801859002808DD6B68012B05D90444013BDF
S3150001AB909C4288BF002038BD0020FCE738B50D4631
S3150001ABA011460446E6F7B4FE48B12968611A014424
S3150001ABB02846FFF7DEFF003818BF012038BD012007
S3150001ABC0FCE72DE9F84F06688846074693468E1B33
S3150001ABD09A463146FFF7BEFF0546E8B14FF0000938
S3150001ABE05A4600236FF000400021D8F80040E6F7EE
S3150001ABF0B5FB894508BF84420ED204FB0BF2043231
S3150001AC00BAF1000F02D0B318CAF800307B689A4235
S3150001AC1002D29A1A964200D900252846BDE8F88F35
S3150001AC2013B50446A1B101AB0122FFF7CAFF58B122
S3150001AC306368012B0AD9019A013B9A4206D8236817
S3150001AC40985CB0FA80F0400902B010BD0020FBE725
S3150001AC500120F9E7F8B50C46054601462046FFF7FF
S3150001AC602BFE10B900263046F8BD0422214628469F
S3150001AC70FFF794FF06460028F4D004212846E6F79C
S3150001AC8047FE18B9A368013BA360ECE72F182958C2
S3150001AC900023082239442046FFF793FF0028F1D10B
S3150001ACA0E0E738B50D4611460446E6F731FE58B1E0
S3150001ACB0D5E90023022B09D9A41A023B2044984264
S3150001ACC08CBF0020012038BD0120FCE70020FAE7F7
S3150001ACD038B50D4611460446E6F71AFE58B1D5E9D0
S3150001ACE00023042B09D9A41A043B204498428CBFA3
S3150001ACF00020012038BD0120FCE70020FAE708B555
S3150001AD0021B100230122FFF75CFF08BD0120FCE70A
S3150001AD1038B50D4611460446E6F7FAFD58B1D5E9B0
S3150001AD200023012B09D9A41A013B204498428CBF68
S3150001AD300020012038BD0120FCE70020FAE708B514
S3150001AD4021B100230422FFF73CFF08BD0120FCE7E7
S3150001AD5070B506460D46E9B1FFF7AEFD0446B8B13A
S3150001AD60042231462846FFF7B3FF044680B1062187
S3150001AD702846E6F7CDFD40B1D6E90013042B0BD9E1
S3150001AD80691A043B0D189D4206D8B368013BB360AE
S3150001AD90204670BD0124FBE70024F9E708B521B17F
S3150001ADA000230422FFF70DFF08BD0120FCE738B59B
S3150001ADB00568044635B1284602F06FFC1C21284679
S3150001ADC00BF0F9FD204638BD002238B50B68044664
S3150001ADD00A600568036035B1284602F05EFC1C2155
S3150001ADE028460BF0E8FD204638BD032905D8012980
S3150001ADF094BF0078008800217047072901D80068B0
S3150001AE00F9E7D0E90001704710B50446FFF7EDFFF9
S3150001AE10201A10BD08B501790068401AFFF7E5FF51
S3150001AE2008BD00002DE9F0410D46097988B00446B8
S3150001AE3001EB41032E6890460391F61A3046FFF75F
S3150001AE40E3FF039907467018FFF7CFFF0497C6B2D1
S3150001AE5004A88DF81460FFF7DDFF04230690394638
S3150001AE608DF81C30731EDBB2072B96BF184A0023E0
S3150001AE7052F8233002464046009333460CF05EFDFD
S3150001AE8040B940F201132060A071A380204608B0AA
S3150001AE90BDE8F081C21BA96892FBF6F38B4206D38B
S3150001AEA0002340F201122360A280A371EEE72A6813
S3150001AEB0287900FB01212071C95C00FB032301F005
S3150001AEC003022360012389109340A1716371DDE7B9
S3150001AED0D819030038B5046805467CB16368013B9F
S3150001AEE063605BB9236820469B689847A368013B6A
S3150001AEF0A3601BB923682046DB689847284638BDFE
S3150001AF002DE9F04100210446FFF733FE18B900266A
S3150001AF103046BDE8F0812568054420462946FFF7FD
S3150001AF20CBFC0028F3D0042221462846FFF736FE43
S3150001AF3006460028EBD02846FFF723FD014640B917
S3150001AF4004212846E6F7E4FC58B9A368013BA3604F
S3150001AF50DEE7002304222046FFF733FE0028EFD167
S3150001AF60D5E72B182D5800271D4405F104082B6839
S3150001AF70BB42EAD94346204608F104081968194438
S3150001AF80FFF74EFE0028C2D00137F0E710B50446A0
S3150001AF90E6F7BEFC10B123182058184410BD38B589
S3150001AFA00C46054601462046FFF786FC08B90020F7
S3150001AFB038BD042221462846FFF773FE0028F6D045
S3150001AFC0062221462846FFF783FE0028EFD00822F5
S3150001AFD021462846FFF7E2FD0028E8D00821284649
S3150001AFE0FFF7D4FF01462046FFF71AFE0028DED000
S3150001AFF00A2221462846FFF754FE0028D7D0A36827
S3150001B000013BA360D4E72DE9F04704460F4600292A
S3150001B01000F0C380FFF750FC10B90020BDE8F087AF
S3150001B020042221463846FFF7B9FD0028F5D03846F7
S3150001B030FFF775FC014600283FD13846FFF76FFC44
S3150001B0408046002800F09D8000F1040A4FF00009B7
S3150001B050D8F800304B4540F29480564620460AF116
S3150001B060040A33681E443146FFF726FC0028D4D073
S3150001B070042221463046FFF74BFE0028CDD006229A
S3150001B08021463046FFF78AFD0028C6D00621304604
S3150001B090E6F73EFC054610B1301875590544042102
S3150001B0A03046E6F735FC002833D0335C013B032BF1
S3150001B0B02FD8DFE803F00A45505F0023042220461B
S3150001B0C0FFF77FFD0028B8D1A7E715B3294620462B
S3150001B0D0FFF7F2FB0028A0D0042221462846FFF7FD
S3150001B0E05DFD002899D004212846E6F711FCF0B948
S3150001B0F0062221462846FFF7EBFD00288DD00822BF
S3150001B10021462846FFF7E4FD002886D0A368013BC7
S3150001B110A360082221463046FFF7C3FD00283FF40D
S3150001B1207CAFA36809F10109013BA36090E72A18E6
S3150001B130285821461044FFF732FF0028D8D16CE782
S3150001B140002DE6D029462046FFF7B6FB00283FF43E
S3150001B15064AF0422D4E7002DDBD029462046FFF751
S3150001B160ABFB00283FF459AF042221462846FFF7DE
S3150001B17098FDC9E7002DCCD029462046FFF79CFB58
S3150001B180C2E7062221463846FFF7C2FD00283FF4F2
S3150001B19044AFA368013BA36040E701203EE710B539
S3150001B1A00446E6F7B5FB10B123182058184410BD24
S3150001B1B02DE9F04104460E4641B301F1040800278A
S3150001B1C03368BB4222D94546204608F104082B685C
S3150001B1D01D442946FFF770FB10B90020BDE8F08138
S3150001B1E0042221462846FFF7D9FC0028F5D0042180
S3150001B1F02846FFF7D4FF01462046FFF780FD0028C9
S3150001B200EBD0A3680137013BA360D9E70120E5E74D
S3150001B21038B50C46054601462046FFF74DFB08B9F1
S3150001B220002038BD042221462846FFF751FD00289B
S3150001B230F6D0062221462846FFF7B0FC0028EFD0BB
S3150001B24006212846FFF7ABFF01462046FFF757FDCB
S3150001B2500028E5D0082221462846FFF79FFC002852
S3150001B260DED008212846FFF79AFF01462046FFF760
S3150001B27046FD0028D4D00A2221462846FFF728FD9C
S3150001B2800028CDD00C2221462846FFF787FC00284E
S3150001B290C6D00C212846FFF779FE01462046FFF766
S3150001B2A0BFFC0028BCD00E2221462846FFF710FD20
S3150001B2B00028B5D0102221462846FFF76FFC00284A
S3150001B2C0AED02846FFF767FB0146E8B92846FFF7E7
S3150001B2D062FB01462046FFF76BFF0028A0D0122231
S3150001B2E021462846FFF75AFC002899D01221284604
S3150001B2F0FFF74CFE01462046FFF792FC00288FD04F
S3150001B300A368013BA3608CE7002304222046FFF7D4
S3150001B31058FC0028DAD183E72DE9F8430C460546A7
S3150001B32001462046FFF7C8FA18B900263046BDE89F
S3150001B330F883042221462846FFF730FC0028F4D082
S3150001B34004212846FFF72BFF01462046FFF7D7FCCD
S3150001B3500028EAD0062221462846FFF71FFC0646AA
S3150001B3600028E2D006212846E6F7D2FA40B906219E
S3150001B3702846E6F7CDFA70B9A368013BA360D5E785
S3150001B3802F1829580023042239442046FFF719FCB7
S3150001B3900028ECD1C9E72F182B584FF000081F449D
S3150001B3A007F104093B684345E6D94D46204609F1B4
S3150001B3B004092B681D442946FFF77EFA0028B4D0FC
S3150001B3C0042221462846FFF7E9FB0028ADD00421D7
S3150001B3D02846E6F79DFA60B9062221462846FFF778
S3150001B3E077FC0028A1D0A36808F10108013BA360FE
S3150001B3F0D8E72A18285821461044FFF7D0FD00281F
S3150001B400EAD192E710B50446E6F782FA10B123189D
S3150001B4102058184410BD38B50C460546014620464D
S3150001B420FFF74AFA08B9002038BD0422214628460A
S3150001B430FFF7B4FB0028F6D004212846FFF7E2FF08
S3150001B44001462046FFF77BFC0028ECD00622214668
S3150001B4502846FFF7A3FB0028E5D006212846FFF77B
S3150001B460D1FF01462046FFF76AFC0028DBD00822FF
S3150001B47021462846FFF792FB0028D4D0082128460A
S3150001B480FFF7C0FF01462046FFF759FC0028CAD046
S3150001B4900A2221462846FFF781FB0028C3D00A214C
S3150001B4A02846FFF7AFFF01462046FFF748FC002874
S3150001B4B0B9D00C2221462846FFF770FB0028B2D0EE
S3150001B4C00C212846FFF79EFF01462046FFF737FC71
S3150001B4D00028A8D00E2221462846FFF75FFB002848
S3150001B4E0A1D00E212846FFF78DFF01462046FFF722
S3150001B4F026FC002897D0A368013BA36094E72DE9B9
S3150001B500F8430C46064601462046FFF7D5F910B921
S3150001B5100020BDE8F883042221463046FFF73EFBB2
S3150001B5200028F5D03046FFF704FA014600283AD143
S3150001B5303046FFF7FEF90746002845D000F1040919
S3150001B5404FF000083B6843453ED94D46204609F178
S3150001B55004092B681D442946FFF7AEF90028D7D008
S3150001B560042221462846FFF719FB0028D0D00421E2
S3150001B5702846E6F7CDF9F0B9062221462846FFF717
S3150001B5800DFB0028C4D006212846FFF73BFF0146E4
S3150001B5902046FFF7D4FB0028BAD0A36808F10108BA
S3150001B5A0013BA360CEE7002304222046FFF709FBF7
S3150001B5B00028BDD1ACE72A18285821461044FFF7C8
S3150001B5C049FB0028D8D1A3E7062221463046FFF7DA
S3150001B5D0E5FA00289CD006213046FFF713FF014605
S3150001B5E02046FFF7ACFB002892D0A368013BA3607D
S3150001B5F08FE770B50D46044601462846FFF75CF90C
S3150001B60010B90026304670BD042229462046FFF7B0
S3150001B610C5FA0028F5D004212046E6F779F9B8B92C
S3150001B620062229462046FFF73CFB0028E9D00822DE
S3150001B63029462046FFF7B2FA06460028E1D008213E
S3150001B6402046E6F765F960B9AB68013BAB60D9E71F
S3150001B6502218205829461044FFF7DDFE0028DFD1C5
S3150001B660CFE72218205829461044FFF748FF002843
S3150001B670EAD1C6E770B50D46044601462846FFF7EE
S3150001B6801BF910B90026304670BD04222946204612
S3150001B690FFF784FA0028F5D004212046FFF776FC4F
S3150001B6A001462846FFF7BCFA0028EBD006222946B8
S3150001B6B02046FFF70DFB0028E4D008222946204644
S3150001B6C0FFF706FB0028DDD00A2229462046FFF7B0
S3150001B6D0FFFA0028D6D00C2229462046FFF7F8FAB1
S3150001B6E00028CFD00E2229462046FFF757FA002818
S3150001B6F0C8D00E212046E6F70BF900284ED02118B6
S3150001B700205801442846FFF723FB0028BAD010220F
S3150001B71029462046FFF7C5FA0028B3D0122229464A
S3150001B7202046FFF7F5FA0028ACD014222946204618
S3150001B730FFF734FA0028A5D014212046E6F7E8F8E9
S3150001B74070B3231826581E4412212046E6F7E0F866
S3150001B75020B1235C012B25D0022B2CD016222946A1
S3150001B7602046FFF7B5FA00288CD018222946204634
S3150001B770FFF7CEFA002885D01A2229462046FFF780
S3150001B7800DFA064600283FF47DAF1A212046E6F75A
S3150001B790BFF8E8B9AB68013BAB6074E70146B1E7B6
S3150001B7A00646D1E7002ED9D029463046FFF721FFBC
S3150001B7B00028D3D166E7002ED0D031462846FFF7C0
S3150001B7C07BF800283FF45EAFAB68013BAB60C5E791
S3150001B7D02218205829461044FFF73CFA0028D9D1EF
S3150001B7E050E7F8B507460C4671B10E1D00252368D2
S3150001B7F0AB4209D933463946043618681844FFF76F
S3150001B80039FF10B10135F2E70120F8BD2DE9F0410C
S3150001B8100D46044601462846FFF74EF818B900269C
S3150001B8203046BDE8F081042229462046FFF750FA4A
S3150001B8300028F4D0062229462046FFF7AFF9002852
S3150001B840EDD006212046FFF7A1FB01462846FFF76A
S3150001B850E7F90028E3D0082229462046FFF79EF99A
S3150001B8600028DCD008212046FFF799FC014628462E
S3150001B870FFF745FA0028D2D00A2229462046FFF7CB
S3150001B88027FA0028CBD00C2229462046FFF720FABA
S3150001B8900028C4D00E2229462046FFF77FF900284A
S3150001B8A0BDD02046FFF74FF80146B0B92046FFF755
S3150001B8B04AF80646C8B100F1040800273368BB42BE
S3150001B8C013D94346294608F1040818681844FFF7B6
S3150001B8D023FD0028A3D00137F0E7002304222846E0
S3150001B8E0FFF76FF90028E1D199E710222946204692
S3150001B8F0FFF754F9002892D010212046FFF74FFC9C
S3150001B90001462846FFF7FBF9002888D0122229466E
S3150001B9102046FFF743F9002881D012212046E5F79A
S3150001B920F7FF002800F09980211820580144284685
S3150001B930FFF769FB00283FF472AF1422294620461F
S3150001B940FFF72CF900283FF46AAF2046FFF705F808
S3150001B95001462846FFF722FA00283FF460AF204649
S3150001B960FEF7FBFF01462846FFF73BFF00283FF4A1
S3150001B97056AF162229462046FFF710F900283FF454
S3150001B9804EAF2046FEF7F3FF01462846FFF706FABB
S3150001B99000283FF444AF2046FEF7E9FF014628465A
S3150001B9A0FFF71FFF00283FF43AAF18222946204629
S3150001B9B0FFF7F4F800283FF432AF18212046FFF7CD
S3150001B9C0E5FA01462846FFF72BF900283FF427AF91
S3150001B9D01A2229462046FFF77BF900283FF41FAFBC
S3150001B9E01C2229462046FFF773F900283FF417AFBA
S3150001B9F01E2229462046FFF754F900283FF40FAFCF
S3150001BA0020212046E5F784FF50B12B68E31A18443C
S3150001BA106B68082B7FF603AF083B98423FF6FFAEF3
S3150001BA20222229462046FFF773F9064600283FF4ED
S3150001BA30F6AE24212046E5F76BFF50B12B68E31AD9
S3150001BA401C186B68082B7FF6EAAE083B9C423FF652
S3150001BA50E6AEAB68013BAB60E2E6014667E74A68E2
S3150001BA60426012B153683BB94360436813B15B68E6
S3150001BA7003B10B680360704701335360F5E70000BB
S3150001BA802DE9F04389B00D460446C96B01A89146DC
S3150001BA90FAF750FD4FF0000205F1340102A8FFF755
S3150001BAA0DEFF029F37B12760039A0023626003938A
S3150001BAB002932DE0102004970AF090FF012380469F
S3150001BAC00646C0E901332B4B48F80C3B4046FEF7CE
S3150001BAD093FF029B07A8CDF8088006934FF0805884
S3150001BAE0039B03960793CDE90477234FFFF7F2F9FA
S3150001BAF005A8FFF7EFF92E6BF6B995F840308BB133
S3150001BB001E491F480DF07EF885F84060C4E90066BD
S3150001BB1003A8FFF7DFF901A8FAF72AFD204609B0C5
S3150001BB20BDE8F083C7F80080BFF34F8FBFF36F8F77
S3150001BB306420F7F737FDDEE74A463146284600F02E
S3150001BB40B9FE10B9C4E90000E2E7029B039E6B63EC
S3150001BB5016B1B3680133B360A86B30B18368013B9A
S3150001BB60836013B90368DB689847029BAE63236061
S3150001BB709AE700BFA419030004ED00E01A170300B9
S3150001BB802517030070B58B68164604460D1D012264
S3150001BB9053B130681D461A69904239BF986801222F
S3150001BBA0D86800220346F3E792B1CA68AA4203D1D4
S3150001BBB0C4E90035204670BD28460AF079FF33688E
S3150001BBC002699A424FF00003F2D3C4E90003F1E798
S3150001BBD02846F4E72DE9F04300F1040885B006464E
S3150001BBE089468568444655B1D9F800302A699A4292
S3150001BBF03ABFEB682546AB682C461D46F3E7A045E0
S3150001BC0004D0D9F8002023699A422ED218200AF0CE
S3150001BC10E5FED9F800900023A045074600F1100281
S3150001BC20C0F81090436125D173691BB131690B6965
S3150001BC304B4509D3314602A8FFF7A4FFDDE90241CE
S3150001BC40002951D0002C4DD188454BD038690B695C
S3150001BC5098422CBF0020012043460A4639460AF085
S3150001BC6029FF7369013373613C4604F1140005B081
S3150001BC70BDE8F083236901924B4518D9F3689C42CC
S3150001BC8009D020460AF014FF0369019A4B4505D2F3
S3150001BC90C36853B9044621461C46D1E7314602A87A
S3150001BCA0FFF770FFDDE90234F5E72346F3E71BD220
S3150001BCB031698C420BD020460AF0E7FE036905463E
S3150001BCC0019A4B4505D9E36853B921461D462C46D1
S3150001BCD0B6E7314602A8FFF755FFDDE90251F6E75F
S3150001BCE00146F4E70120B7E7384627460AF061FE28
S3150001BCF0BAE700002DE9F04FA5B007460D46C16B26
S3150001BD0004A81646FAF716FC07F10C023C6913461D
S3150001BD10059534B121698D4296BF2346E468A4682E
S3150001BD20F7E79A4200F0DC801B699D42C0F0D8809B
S3150001BD3005A907F10800FFF74DFF04682FE0904BB6
S3150001BD40069301238DF81C30DFE0042B08D1FFF7A1
S3150001BD505BF80546E5F726FD8DF828600995EFE0C5
S3150001BD60884B1B68099301238DF8283000230B9318
S3150001BD70E7E029460CA8FEF7FCFE68B10CA9504481
S3150001BD80FFF746FA40B1DAF8000006215044FFF702
S3150001BD9006FA58B97C4800E07C480CF033FF04A849
S3150001BDA0FAF7E6FB204625B0BDE8F08F0268002AC7
S3150001BDB0F0D04368011DB2421A9501EB030A8DF8D2
S3150001BDC06C90CDE91412CDE9165BCDE9185880F0D7
S3150001BDD0D08014A8FFF794F808B96D48DDE75046FE
S3150001BDE0A946FEF7CEFD50F8043BAA4600EB8303B5
S3150001BDF006460193CDE902B8019B3246B3423AD0D9
S3150001BE0011680436029B02EB010B52580121CDF851
S3150001BE1078A00BF104088DF88C106FF00041CDE984
S3150001BE201F3A8A42039BCDE91C82CDE9213A80F073
S3150001BE30A08000211CA8FEF79CFEA8B11CA94044C5
S3150001BE40FFF7E4FC80B1DBF804201E2108EB020BAE
S3150001BE505846E5F75DFD48B910F0FD0FC3B208D0AD
S3150001BE60012B08BF5D46C7E74A4896E73BF9000044
S3150001BE70F2E7D946C0E70026B9F1000F04D14648DA
S3150001BE804C460CF0BFFE8AE708200AF0A7FD0446DF
S3150001BE90C0E900661C200AF0A1FD4946064601F0EC
S3150001BEA0D7FC1CA920461C96FEF78EFF1CA8FEF7A0
S3150001BEB07EFF75B11C200AF091FD2946064601F068
S3150001BEC0C7FC1CA9201D1C96FEF77EFF1CA8FEF7C9
S3150001BED06EFF05A907F10800FFF77CFE04605EE727
S3150001BEE0AA1912F8025C12F8011CAB10092B7FF497
S3150001BEF026AF901E05F00305401AFEF785FF0123C4
S3150001BF00069003FA05F58DF81C5006A8FEF782FF88
S3150001BF1006A908901CA8214AFEF784FF9DF87630F1
S3150001BF201C98052B9DF874109DF875607FF40DAF74
S3150001BF30FEF76AFF099009A88DF82860FEF76AFFE7
S3150001BF400B900B9B6FF000460025DDF824A04FF007
S3150001BF50400BDFF858804FF00109B34210958DF878
S3150001BF604C90CDE90CA3CDE90E5BCDE91185FFF42B
S3150001BF7000AF0B4B40F65D010A4A0B480BF0C0FCC3
S3150001BF80BC1903009CAA002008180300E917030046
S3150001BF90261803002B1803004D180300F819030097
S3150001BFA0571703007B17030019C7020040420F0011
S3150001BFB070470869B0FA80F04009704713B50C461E
S3150001BFC0096901900091FAF7E1F82346DDE90012CB
S3150001BFD002B0BDE81040FEF764BD07B5CDE900210A
S3150001BFE0FAF7D4F8DDE9002103B05DF804EBFFF7B9
S3150001BFF081BE000000487047A0AA0020D0E90201D6
S3150001C00070477047C0E9022370478068002100F03D
S3150001C0107F00704738B51D460023144602F07F02A3
S3150001C0209D4208BF944205D0074B3F21074A084865
S3150001C0300BF066FCD0E9023223F07F032A43234347
S3150001C040C0E9023238BD00BF3BDA0200102F0300FF
S3150001C050F12F030010B5044610210AF0ACFC20466E
S3150001C06010BD00231A461946F5F7BCBF037100231C
S3150001C070826019461A460068F5F7B4BF30B5082242
S3150001C08085B004460D460DEB02000BF033FF04228A
S3150001C09005F108010DEB02000BF02CFF00232046F1
S3150001C0A01A461946F5F79EFF05B030BD0371002308
S3150001C0B0826019461A460068F5F794BF836843F013
S3150001C0C07F038360704711B1012905D0704703686A
S3150001C0D043F0804303607047036823F08043F9E728
S3150001C0E030B585B004469DF824100A9B002914BF7B
S3150001C0F0C02140218DF80810F3B1012B23D0ADF8F2
S3150001C1000A20120C00210120ADF80C200322F5F7BC
S3150001C110E9FE164B05460090089A02A9606805F0EB
S3150001C120A7FDA8B1002412480CF06CFD2846F6F7CD
S3150001C130CDFB204605B030BD01238DF8093004231F
S3150001C140ADF80E30DBE700238DF809300823F7E759
S3150001C150C8212846F6F756FA044620B90549064885
S3150001C1600CF050FDE2E70124E0E700BF63C00100E7
S3150001C17020300300403003004C3003001FB54FF060
S3150001C180000C0121CDE9011C06990091FFF7A8FFDA
S3150001C19005B05DF804FB1FB50121CDE90111069932
S3150001C1A00091FFF79DFF05B05DF804FB1FB5002167
S3150001C1B0CDE9011106A90091FFF792FF05B05DF8DF
S3150001C1C004FB1FB54FF0010C0021CDE9011C06A9A6
S3150001C1D00091FFF785FF05B05DF804FBF0B5044655
S3150001C1E087B00D4616460021032201201F46F5F7AA
S3150001C1F079FE0123039032468DF8103003AB2946B0
S3150001C200606801930F4B0093BBB205F0AFFC58B1C8
S3150001C2100D480CF0F7FC0398F6F758FB9DF8100053
S3150001C22068B9059807B0F0BDC8210398F6F7EAF991
S3150001C2300028F0D1054906480CF0E4FCEBE7404242
S3150001C240F0E700BFADC00100663003008A3003008D
S3150001C2504C300300F7B506460D461446104FE4B1BF
S3150001C260B4F5004F23462946384628BF4FF400430C
S3150001C2701A4601930BF03EFE019B3A4601213046D8
S3150001C280FFF7ACFF031E02DD1D44E41AE7E705488C
S3150001C2900CF0B8FC002003B0F0BD0120FBE700BFA5
S3150001C2A014100120A230030070B588B004460D4673
S3150001C2B016460021032201200393F5F713FE0122FE
S3150001C2C0059029468DF8182005AA039B0192104A6C
S3150001C2D060680092324605F089FC58B10D480CF0B1
S3150001C2E091FC0598F6F7F2FA9DF8180068B90798D7
S3150001C2F008B070BDC8210598F6F784F90028F0D179
S3150001C300054906480CF07EFCEBE74042F0E700BF2A
S3150001C3106DC00100C0300300E33003004C30030060
S3150001C3202DE9F84307460E461446DFF84490E4B17A
S3150001C330B4F5004FA0460E4A4FF0010128BF4FF455
S3150001C340004838464346FFF7AFFF051E07DD304676
S3150001C350424649462E44641B0BF0CCFDE7E70548EF
S3150001C3600CF050FC0020BDE8F8830120FBE700BF7C
S3150001C37014100120FA300300FFF7D2BF73B5002570
S3150001C3800446164601938560C0E9005508200AF067
S3150001C39025FB00F1080203462060A26005604560A6
S3150001C3A06260934202D003F8015BFAE7042206F0C9
S3150001C3B00F060DEB02010BF09DFD236820461E7151
S3150001C3C002B070BD1FB5044613460A46014601A8D0
S3150001C3D0FFF7D4FF2046DDE90112521AFFF73AFFB3
S3150001C3E00446019808B10AF0E4FA204604B010BDEB
S3150001C3F073B516461A4605460193FFF7E3FF019A00
S3150001C400044628B907480CF0FDFB204602B070BD72
S3150001C41031462846FFF71EFF04460028F5D102489B
S3150001C420F1E700BF173103002C31030013460A461A
S3150001C4300221FFF7DDBF13460A460121FFF7D8BFE8
S3150001C44013460A460021FFF7D3BF000073B5054620
S3150001C4501020E6F7FFFB0322064600210120F5F72F
S3150001C46041FD104B044601900093324610230221F0
S3150001C470686805F0BBFB60B100250B480CF0C2FBF8
S3150001C4802046F6F723FA3046E6F7F1FB284602B0D6
S3150001C49070BDC8212046F6F7B5F8051E18BF01255F
S3150001C4A0EEE700BF7DC00100453103002DE9F04DE7
S3150001C4B00E4688B0CF17B74A00238046CDE90067FC
S3150001C4C0FFF77FFE58B9F8F7D5FFB34BB34AB44926
S3150001C4D000934FF4EF73FAF70DF8F6F743FFB14AFD
S3150001C4E000234046CDE90067FFF76BFE58B9F8F720
S3150001C4F0C1FFAD4BA94AAA4900934FF4F073F9F76E
S3150001C500F9FFF6F72FFFA94A00234046CDE9006758
S3150001C510FFF757FE58B9F8F7ADFFA54B9F4AA0495B
S3150001C52000934FF4F173F9F7E5FFF6F71BFFA14A04
S3150001C53000234046CDE90067FFF743FE58B9F8F7F7
S3150001C54099FF9D4B954A964900934FF4F273F9F77B
S3150001C550D1FFF6F707FF994A00234046CDE9006768
S3150001C560FFF72FFE58B9F8F785FF954B8B4A8C4993
S3150001C57000934FF4F373F9F7BDFFF6F7F3FE914B12
S3150001C580002204A804930023CDE90623FFF796FDB4
S3150001C5904046DDE90623CDE900238B4A0023FFF758
S3150001C5A010FE58B9F8F766FF884B7C4A7C49009320
S3150001C5B040F2EB13F9F79EFFF6F7D4FEDFF808A277
S3150001C5C04FF0000B824C754D02AB5246404600932C
S3150001C5D05B46FFF7E0FD50B9F8F74CFF40F2F31365
S3150001C5E02A466F490094F9F785FFF6F7BBFEDDE9A8
S3150001C5F00201DDE90623994208BF9042E4D1754A5A
S3150001C60000234046CDE90067FFF7DBFD58B9F8F78F
S3150001C61031FF714B614A6249009340F2F913F9F710
S3150001C62069FFF6F79FFE6D4A00234046CDE9006794
S3150001C630FFF7C7FD58B9F8F71DFF694B574A584927
S3150001C640009340F22623F9F755FFF6F78BFE654A6C
S3150001C65000234046CDE90067FFF7B3FD58B9F8F767
S3150001C66009FF614B4D4A4E49009340F25323F9F7B6
S3150001C67041FFF6F777FE5D4A00234046CDE90067A4
S3150001C680FFF79FFD58B9F8F7F5FE594B434A444960
S3150001C690009340F27F23F9F72DFFF6F763FE554A23
S3150001C6A000234046CDE90067FFF78BFD58B9F8F73F
S3150001C6B0E1FE514B394A3A49009340F28123F9F799
S3150001C6C019FFF6F74FFE4D4A00234046CDE90067B4
S3150001C6D0FFF777FD58B9F8F7CDFE494B2F4A304998
S3150001C6E0009340F28323F9F705FFF6F73BFE454A2F
S3150001C6F000234046CDE90067FFF763FD58B9F8F717
S3150001C700B9FE414B254A2649009340F28523F9F7A4
S3150001C710F1FEF6F727FE3D4A00234046CDE90067C4
S3150001C720FFF74FFD58B9F8F7A5FE394B1B4A1C49CF
S3150001C730009340F28723F9F7DDFEF6F713FE354A3B
S3150001C74000234046CDE90067FFF73BFD58B9F8F7EE
S3150001C75091FE314B114A1249009340F28923F9F7B0
S3150001C760C9FEF6F7FFFD2D4A00234046CDE90067D5
S3150001C770FFF727FD002855D1F8F77CFE284B074A1D
S3150001C7800749009340F28B23F9F7B4FEF6F7EAFD69
S3150001C79048E000BF184004007F3103005831030010
S3150001C7A0F8FC020058410400D53103009841040009
S3150001C7B02A320300D84104008232030018420400E1
S3150001C7C0D4320300843F0300888704002733030023
S3150001C7D071330300C0000400BE330300500104009E
S3150001C7E0063403001001040058340300500204000B
S3150001C7F0AA34030098020400F8340300E00204009E
S3150001C8004635030028030400943503009001040013
S3150001C810E2350300D001040038360300100204009B
S3150001C8208E360300012008B0BDE8F08D4FF0000CF4
S3150001C8302DE930489C4502F0010B08BF934505D010
S3150001C840084B3F21084A09480BF05AF8D0E9003451
S3150001C85023F0004344EA5B0243EACB73C0E90032AA
S3150001C860BDE830883BDA020022370300F12F0300CE
S3150001C8704FF0000C2DE930489C4502F0030B08BF30
S3150001C880934505D0084B3F21084A09480BF038F873
S3150001C890D0E9003423F0405344EA1B1243EA0B73F8
S3150001C8A0C0E90032BDE830883BDA020004380300F3
S3150001C8B0F12F03002DE9F04F804699B01546002966
S3150001C8C000F0CC8305AC41604FF4D03200230094D4
S3150001C8D0FFF754FC50B9F8F7CDFD894B894A8A49CF
S3150001C8E000933823F9F706FEF6F73CFDDDF81490C0
S3150001C8F040F69A03C9F30E029A420AD0F8F7BAFD36
S3150001C900824B804A804900933B23F9F7F3FDF6F702
S3150001C91029FD1FFA89F94FF4D032404649F42A031A
S3150001C92000930023FFF742FC50B9F8F7A3FD784BBB
S3150001C930744A754900933E23F9F7DCFDF6F712FDBB
S3150001C94000234FF4D0324046009405930023FFF7AD
S3150001C95015FC50B9F8F78EFD694B6A4A6A4900938E
S3150001C9604123F9F7C7FDF6F7FDFC0023BDF81620B4
S3150001C970002B08BFAA2A0AD0F8F77CFD654B614A4D
S3150001C980614900934323F9F7B5FDF6F7EBFC06ACD5
S3150001C990614A002340460094FFF7F0FB50B9F8F7CF
S3150001C9A069FD5E4B574A584900934723F9F7A2FDA3
S3150001C9B0F6F7D8FC069B4046574A23F47C5300936E
S3150001C9C00023FFF7F3FB50B9F8F754FD544B4D4ADA
S3150001C9D04D4900934B23F9F78DFDF6F7C3FC4E4AFB
S3150001C9E0002340460094FFF7C9FB50B9F8F742FD12
S3150001C9F04A4B444A444900934C23F9F77BFDF6F729
S3150001CA00B1FC0DF11C0B474A00234046CDF800B09E
S3150001CA10FFF7B4FB50B9F8F72DFD434B394A3A49B4
S3150001CA2000935023F9F766FDF6F79CFC079B4046F9
S3150001CA303C4A23F4402343F4002300930023FFF7E9
S3150001CA40B5FB50B9F8F716FD384B2E4A2E4900931F
S3150001CA505323F9F74FFDF6F785FC324A002340468A
S3150001CA60CDF800B0FFF78AFB50B9F8F703FD2E4B5E
S3150001CA70244A254900935423F9F73CFDF6F772FC45
S3150001CA8008AC2B4A002340460094FFF777FB50B9C8
S3150001CA90F8F7F0FC274B1B4A1B4900935823F9F77B
S3150001CAA029FDF6F75FFC089B0022C3F38150002A9B
S3150001CAB008BF032840D1CDE90C321D4A0023404668
S3150001CAC00094FFF75BFB50B9F8F7D4FC194B0D4AFC
S3150001CAD00D4900936823F9F70DFDF6F743FC089B12
S3150001CAE023F4400343F400030C9300230D93032D19
S3150001CAF000F2A080DFE815F0A702A5029E029000D1
S3150001CB00E638030058310300F8FC0200253903001A
S3150001CB1040390300813903000CA301009D3903004C
S3150001CB20E139030014A30100273A03006B3A03001D
S3150001CB3018A30100B13A030043F440034046CDE98E
S3150001CB400C32009300232C4AFFF730FB50B9F8F75B
S3150001CB5091FC2A4B2A4A2B4900935C23F9F7CAFC1C
S3150001CB60F6F700FCDFF8AC90DFF894A0224A002328
S3150001CB7040460094FFF702FB50B9F8F77BFC5F23B0
S3150001CB8052462049CDF80090F9F7B4FCF6F7EAFBD6
S3150001CB90089A0023C2F30126002B08BF022ECDE915
S3150001CBA00C23E3D10F23184A404600930023FFF7D5
S3150001CBB0FDFA50B9F8F75EFC144B114A114900937E
S3150001CBC06323F9F797FCF6F7CDFB00230E4A40469F
S3150001CBD000930023FFF7EAFA00287FF46EAFF8F717
S3150001CBE049FC0B4B064A074900936423F9F782FC7B
S3150001CBF0F6F7B8FB61E700BF18A30100F53A030099
S3150001CC0058310300F8FC02007C9001003B3B030015
S3150001CC107B3B0300B13A0300002200230CA8FFF777
S3150001CC2027FE01210CA8FFF74EFA002200230CA8CB
S3150001CC30FFF7FCFD0C9B4046B54A00930023FFF726
S3150001CC40B5FA50B9F8F716FCB24BB34AB34900939B
S3150001CC508523F9F74FFCF6F785FBAD4E0027B04D5E
S3150001CC60DFF8B49232463B4640460094FFF786FA17
S3150001CC7048B9F8F7FFFB88234A46A8490095F9F712
S3150001CC8039FCF6F76FFB0023089ACDE90C23C2F3B2
S3150001CC900122CDE90223DDE902231343E2D1A14CAE
S3150001CCA00025A14E9C4F0EAB2246404600932B46D3
S3150001CCB0FFF771FA48B9F8F7DDFB8F233A46974932
S3150001CCC00096F9F717FCF6F74DFBDDE90E2352EA5C
S3150001CCD00301E8D14FF410400021CDE9100110A85D
S3150001CCE0FFF7A4FD109B4FF49422404603F0004346
S3150001CCF043F0010310930093119B01930023FFF767
S3150001CD0060FA50B9F8F7B6FB884B834A834900931A
S3150001CD109623F9F7EFFBF6F725FB854B002214A8BE
S3150001CD2014930023CDE91623FFF7C8F94046DDE940
S3150001CD301623CDE900237F4A0023FFF742FA50B9B3
S3150001CD40F8F798FB7C4B744A744900939A23F9F7D8
S3150001CD50D1FBF6F707FB774E0027784C6E4D12ABE9
S3150001CD603246404600933B46FFF715FA48B9F8F7B5
S3150001CD7081FB9F232A4669490094F9F7BBFBF6F725
S3150001CD80F1FADDE91201DDE91623994208BF904265
S3150001CD90E5D141F6026200234046CDE90023684A07
S3150001CDA00023FFF70EFA50B9F8F764FB654B5A4AB0
S3150001CDB05A490093A623F9F79DFBF6F7D3FA624A7F
S3150001CDC000234046CDF800B0FFF7D8F950B9F8F77F
S3150001CDD051FB5E4B504A51490093AA23F9F78AFB4E
S3150001CDE0F6F7C0FA079B4046574A23F4402343F41B
S3150001CDF0802300930023FFF7D9F950B9F8F73AFBDE
S3150001CE00534B454A45490093AD23F9F773FBF6F7B2
S3150001CE10A9FAF02200234046CDE900234D4A00231A
S3150001CE20FFF7CFF950B9F8F725FB4B4B3A4A3B4987
S3150001CE300093AF23F9F75EFBF6F794FA002200237D
S3150001CE404046CDE90023454A0023FFF7BAF950B918
S3150001CE50F8F710FB424B304A30490093B023F9F7FB
S3150001CE6049FBF6F77FFA202200234046CDE900234D
S3150001CE703C4A0023FFF7A5F950B9F8F7FBFA3A4BFC
S3150001CE80254A26490093B123F9F734FBF6F76AFAE6
S3150001CE9009AB364A404600930023FFF76FF950B9B4
S3150001CEA0F8F7E8FA324B1C4A1C490093B623F9F706
S3150001CEB021FBF6F757FA099A40462E4B13402B4AA7
S3150001CEC043F4486300930023FFF770F950B9F8F76C
S3150001CED0D1FA294B104A11490093BD23F9F70AFBF0
S3150001CEE0F6F740FA0AAB254A404600930023FFF7BE
S3150001CEF045F9002846D1F8F7BDFA214B064A0749FC
S3150001CF000093C023F9F7F6FAF6F72CFA3AE000BFD8
S3150001CF1018A30100F53A030058310300F8FC02009A
S3150001CF20B13A030018400400BB3B0300193C03005F
S3150001CF30843F030088870400603C0300AF3C030084
S3150001CF4020000400FC3C030014A30100273A03005F
S3150001CF506B3A030048C10400463D030060C104006A
S3150001CF607E3D030058C00400B63D0300D0A0010079
S3150001CF70FA3D03007FE000F0393E0300D8A001002E
S3150001CF807A3E03000A9B4046354A43F00703009365
S3150001CF900023FFF70BF950B9F8F76CFA314B324A17
S3150001CFA032490093C523F9F7A5FAF6F7DBF91D20F7
S3150001CFB0EAF796FD01466420EAF716FF0BAB2C4A09
S3150001CFC0404600930023FFF7D9F850B9F8F752FA13
S3150001CFD0284B254A25490093CB23F9F78BFAF6F717
S3150001CFE0C1F90B9B4046224A43F0010300930023FB
S3150001CFF0FFF7DCF850B9F8F73DFA1F4B1A4A1B49FF
S3150001D0000093CE23F9F776FAF6F7ACF901214046FB
S3150001D010FFF74CFA58B9F8F72DFA184B124A13498B
S3150001D0200093D023F9F766FAF6F79CF9012019B0B7
S3150001D030BDE8F08F012200230CA8FFF719FC00219F
S3150001D040F0E50222F7E7032200230CA8FFF710FC04
S3150001D05000210CA8FFF737F80122E7E50846E6E7C5
S3150001D060D8A00100B93E030058310300F8FC0200C4
S3150001D070DCA00100E3360300FA3E03003B3F030058
S3150001D08008B509280AD8DFE800F00E0507050507E7
S3150001D09009090E05022008BD0420FCE703480BF030
S3150001D0A0B1FD0020F7E70120F5E700BFA03F03002F
S3150001D0B008B5E4F76DFBC00F08BD70B504460D4613
S3150001D0C016464CB131682069FFF7F2FF10B92546C3
S3150001D0D0A468F6E7E468F4E7284670BD0346002233
S3150001D0E010B504680120944204DD53F8041F01328F
S3150001D0F04843F8E710BD083801288CBF00200120FD
S3150001D10070472DE9F041079F002427EAE776254677
S3150001D110564306998C4219DA4FF0000C9C4513DAF6
S3150001D120A9184FF0000E0144BE4509DA11F8018C29
S3150001D1300EF1010E88F0800801F8018C1144F3E725
S3150001D14035440CF1010CE9E70134E2E7BDE8F08171
S3150001D15038B505461446E4F7DBFB00B12C5E2046E4
S3150001D16038BD08B5002210210068FFF7F1FFC0B2F3
S3150001D170BDE80840FFF784BF08B50022102100680A
S3150001D180FFF7E6FFC0B2BDE80840FFF7B4BF38B508
S3150001D19005461446E4F7BCFB00B12C58204638BDC1
S3150001D1A000220A2108B5FFF7F2FF08BD0022082177
S3150001D1B008B5FFF7ECFF08BD00220C2108B5FFF703
S3150001D1C0E6FF08BDE0B5076806463846FFF7E8FF03
S3150001D1D005463846FFF7EAFF45433846FFF7ECFFB9
S3150001D1E045433046FFF7BDFF45430122162130680E
S3150001D1F0FFF7CDFF6843E0BDF0B585B004460E46A6
S3150001D2001546FFF7B9FF10B32046FFF7DBFFA8422B
S3150001D21005DD104805B0BDE8F0400BF0F3BC204633
S3150001D220FFF79FFF276803903846FFF7B9FF029083
S3150001D2303846FFF7BBFF04463846FFF7BDFF2946D0
S3150001D240CDE90040DDE902323046FFF75AFF05B06D
S3150001D250F0BD00BFD13F030038B505461446E4F7DB
S3150001D26057FB00B12C5C204638BD000008B50368A9
S3150001D270994206D3054B40F20111054A05480AF0C9
S3150001D2803FFB00EB8101486808BD00BF14C60200E0
S3150001D2900640030019C7020010B50446E4F738FB3F
S3150001D2A010B123182058184410BD10B500221221C0
S3150001D2B00446FFF7D1FF012804D114212046FFF7C8
S3150001D2C0EBFF10BD0020FCE710B50446E4F720FB98
S3150001D2D010B123182058184410BD70B504460868CB
S3150001D2E01546FFF7E2FF0421FFF7EEFF042106468C
S3150001D2F0FEF788F82946FFF7B9FF0C212060304672
S3150001D300FEF780F82946FFF7B1FF6060204670BD41
S3150001D3102DE9F843006814461F460E46FFF7C5FF80
S3150001D3200421FFF7D1FF06210546FEF76BF82146DA
S3150001D330FFF79CFF3368082100EB03082846FEF738
S3150001D34061F84146FFF792FF0A2181462846FEF71A
S3150001D35059F82146FFF78AFF0E2180462846FEF737
S3150001D36051F82146FFF782FF726802FB009202EB39
S3150001D37008003844BDE8F88330B585B01546044643
S3150001D3800A46014602A80193FFF7A7FF019B2A4619
S3150001D39002A92046FFF7BCFF05B030BD2DE9F04FCD
S3150001D3A004460D46D0F804B02DED028B89B0FFF787
S3150001D3B0D8FE276800903846FFF7FEFE009B00FB6B
S3150001D3C003F63846FFF7F2FE01280CD13846FFF77F
S3150001D3D0E7FE0128804606D15D450DD109B0BDECB9
S3150001D3E0028BBDE8F08F3846FFF7DAFE01283CDCF8
S3150001D3F0002301211A463BE0002206213846FFF7A9
S3150001D400C6FE8146424616213846FFF7C0FE09FB95
S3150001D41000F72046FFF7D6FE4246814616212068D0
S3150001D420FFF7B5FE0128044601D0B9450AD104FB30
S3150001D43006F25946284609B0BDEC028BBDE8F04F0D
S3150001D4400AF058BDA7EB09074FF0000897FBF0F764
S3150001D4503744A045C2DA5946284632463544BB44CC
S3150001D46008F101080AF046FDF3E7002301221946F7
S3150001D47020464FF0000AFFF77FFF00238046204633
S3150001D4801A461946FFF778FFA8EB000338464FF016
S3150001D49001080293FFF709FF0421D146FFF714FFA4
S3150001D4A0062108EE100AFDF7ADFF0021FFF7DEFEAB
S3150001D4B0A368039004933846FFF772FE0AF101034D
S3150001D4C0804501934FEA8A030593049B03EB8A0285
S3150001D4D017DA062118EE100AFDF794FF4146FFF709
S3150001D4E0C5FE039B834208D0049BA8EB0902DDF825
S3150001D4F004A0C1461946059BCA5008F101080390CC
S3150001D500D9E7A0EB0900012E10602CD10027206875
S3150001D510FFF74CFE8742BFF661AF00263A46214629
S3150001D52006A8B046FFF7D9FE019BB34219D00023E6
S3150001D530424606A92046FFF7EBFE009B03FB00B01F
S3150001D540A36853F826200023934204DA10F8231027
S3150001D550E9540133F8E7002AA8BFAD189044013613
S3150001D560E2E70137D3E7032E36D0029B4FF00008DE
S3150001D570009A534303932068FFF718FE8045BFF6D0
S3150001D5802DAF00274246214606A8B946FFF7A5FE5C
S3150001D590019BBB4266D0002306A94A462046FFF7F7
S3150001D5A0B7FE009B4FF0000A03FB00B1A36853F8D6
S3150001D5B0273002932B46029A92454ADA324618469A
S3150001D5C005910AF1010A04930AF094FC049B039A5B
S3150001D5D0059933441144EEE700272068FFF7E6FD7D
S3150001D5E08742BFF6FBAE00263A46214606A8B0465C
S3150001D5F0FFF773FE019BB34229D00023424606A9D9
S3150001D6002046FFF785FEA368009953F826202B468E
S3150001D61001FB00B00021914203F1030300F1040074
S3150001D6200DDA10F804CC013103F803CC10F803CC61
S3150001D63003F802CC10F802CC03F801CCEBE722EA9E
S3150001D640E2739044013603EB43031D44D2E70137ED
S3150001D650C3E7029B013723EAE37306FB0355029BEB
S3150001D660994495E708F1010885E710B50446E4F702
S3150001D6704FF910B123182058184410BD70B505464E
S3150001D6800C464CB1E1682846FFF7F8FFA66820462C
S3150001D69009F08FF93446F4E770BD2DE9F0410446EF
S3150001D6A00569071D00F10808A84512D06E695EB12B
S3150001D6B0B06808B109F081F9706808B109F07DF91F
S3150001D6C00C21304609F077F9284609F0DEF90546BE
S3150001D6D0EAE73846E168FFF7D1FF2046BDE8F08169
S3150001D6E070B5061D0A460D4680683146FFF7E5FC12
S3150001D6F08642044606D001692868FFF7D9FC00284E
S3150001D70018BF3446204670BDF8B5054616461C4678
S3150001D710071D79B9BA420DD011691869FFF7C8FC1E
S3150001D7203B463246214609F0C5F96B69204601336D
S3150001D7306B61F8BD0120F3E72DE9F04104460F4680
S3150001D74090468D680E1D01205DB12969D8F800004B
S3150001D750FFF7AEFC18B1AB682E461D46F4E7EB6841
S3150001D760FAE7A0B1FB68B34204D1256066602046A2
S3150001D770BDE8F081304609F09BF90546D8F800105E
S3150001D7802869FFF795FC20B100232360EEE73546B3
S3150001D790F4E7C4E90050EAE72DE9F0411F460B1D05
S3150001D7A004460E469A42154610D14B69002B46D0C7
S3150001D7B00B6939681869FFF77BFC00283FD0002305
S3150001D7C02360336963602046BDE8F08111693868DA
S3150001D7D0FFF76EFC8046B8B1F368AB4201D1236016
S3150001D7E0F0E7284609F064F9396880460069FFF7D1
S3150001D7F05FFC20B3D8F80C301BB92360C4F8048051
S3150001D800E1E725606560DEE739682869FFF750FCC6
S3150001D810D8B13369AB4202D1C4F80080D2E72846B9
S3150001D82009F033F9804601693868FFF741FC30B1E8
S3150001D830EB680BB92360E5E7C4F80080DEE73A46FA
S3150001D84031462046FFF778FFBDE7C4E90050BAE745
S3150001D8502DE9F04F06460027084687B0B2464AF83A
S3150001D860041B0AF1040B16213772C6E9037BC6E9CC
S3150001D87005B7FFF7FAFE0446002871D054F8043BB9
S3150001D88004EB83030193019B2546A34268D02B68D1
S3150001D8900C2004341D4409F0A1F80022062105607C
S3150001D8A080462846FFF773FC814609F0A8F8024630
S3150001D8B009F1FF33002B03DB013B02F8017BF9E79A
S3150001D8C0C8F80400D8F80000FFF76AFC6FF060435F
S3150001D8D08146984209F1FF3934BF80004FF0FF308D
S3150001D8E009F08DF80346B9F1000F04DB09F1FF39A0
S3150001D8F043F8047BF7E70421C8F808002846FDF73A
S3150001D90045FB043003AA59460390F068FFF7D5FB9F
S3150001D9108345054614D1182009F060F8039B2A4671
S3150001D92081465146C0E9043700F1100304A8FFF708
S3150001D93033FFDDE9045262B9484609F03AF805E0D9
S3150001D94001690398FFF7B4FB0028E4D1C5F81480F8
S3150001D95099E729464B465046FFF7D6FE0546F5E7B9
S3150001D960304607B0BDE8F08F2DE9F04F2DED048B61
S3150001D97008EE102A93B000220446884618EE100AD3
S3150001D9801946029318F0C4F9014681460CA818F00D
S3150001D990B7F90CA8FFF7A2FB09EE100AB9F1000FBF
S3150001D9A000F09B80266812213046E3F7B1FF00287C
S3150001D9B048D0331835581D4404212846E3F7A8FFFB
S3150001D9C0002800F0A48129182A5804F1080B8B18A5
S3150001D9D08A58043303EB82029A46231D039209EE09
S3150001D9E0903A039B5646534500F00E813368002258
S3150001D9F004210AF1040A1E443046FFF72DFC0128D2
S3150001DA0022D00228EDD127680E213846E3F780FFA0
S3150001DA100546002800F0798106213046FFF73CFCD7
S3150001DA2000220421FFF7B3FB79197A598B188A581A
S3150001DA309042C0F0D380B74BB74A40F20111B748C4
S3150001DA4009F05EFF0546B7E706213046FFF724FCDD
S3150001DA5004210646E3F75CFF08B3331835581D4425
S3150001DA60002204212846FFF773FBC0B2012838D0F3
S3150001DA70022816D00028B4D108212846FDF786FAD7
S3150001DA80043009A9099019EE900AFFF729FE83458A
S3150001DA9040F087800999A2480BF0B4F8A1E7054642
S3150001DAA0DEE7276810213846E3F732FFB8B13D18A3
S3150001DAB038580544002206213046FFF768FB2B1D26
S3150001DAC0002208211D183046FFF761FB0246294650
S3150001DAD04046FEF7ABFC002883D101209AE00546BB
S3150001DAE0E8E708212846FDF751FA04301421099088
S3150001DAF02068FFF7BAFD054600283FD055F8043BDC
S3150001DB0005EB83030493049B2F469D4236D03B6865
S3150001DB10042104351F443846FDF738FA09990430C3
S3150001DB20E3F736FE02460028EDD110213846FFF70D
S3150001DB300FFBC3B21846FFF7DEFA0028E3D0D9F887
S3150001DB400020184608EE902AFFF79AFA0790384601
S3150001DB50FFF726FB06903846FFF728FB0590384667
S3150001DB60FFF72AFB0599019018EE900A009119EE2C
S3150001DB70101ADDE90632FFF7C4FAC4E700220621CE
S3150001DB803046FFF704FBD9F800500022082105446E
S3150001DB903046FFF7FCFA024629464046FEF74BFCA3
S3150001DBA099E709AA5946E068FFF787FA83450546CA
S3150001DBB002D15C4808F0E3FF01690998FFF778FA9A
S3150001DBC002460028F5D108213046FFF7E0FA6B69D5
S3150001DBD0024640465968FEF7CFFB7CE70433042131
S3150001DBE003EB800553F820301D442846E3F790FEE9
S3150001DBF0002800F08C802A182B584046D118D2589C
S3150001DC000431FEF71DFC66E74046FEF71FFCA369DB
S3150001DC102BB9002013B0BDEC048BBDE8F08F0026B4
S3150001DC2004F1040A04F1080B029B5B681B68B3420A
S3150001DC30EFDD3246029918EE100A18F055F8014642
S3150001DC4080460CA818F05CF80CA8FFF747FA814645
S3150001DC50B8F1000F3FF441AF16212068FFF705FD2B
S3150001DC600368B34202D82B4B2F4AE6E6043004215F
S3150001DC7000EB860250F826001044FDF787F90430C0
S3150001DC8009A909905046FFF72BFD834504D109994F
S3150001DC9026480AF0B7FF20E709AA5946E068FFF7C8
S3150001DCA00CFA8345054615D1182008F097FE099B05
S3150001DCB02A460746036100235146436100F11003DA
S3150001DCC00AA8FFF769FDDDE90A52BAB9384608F034
S3150001DCD070FE05E001690998FFF7EAF90028E3D12A
S3150001DCE068690136D8F800100390FFF757FB4A46DA
S3150001DCF0D8F800100398FFF77FFA95E729463B46C7
S3150001DD005046FFF701FD0546EAE70368FFDE0368B3
S3150001DD10FCE700BF14C602000741030019C7020051
S3150001DD20D4400300FF400300314203003D4303009A
S3150001DD30044608B52068F1F797FDFBE708B5FFF73C
S3150001DD40F7FF0000F7B50422002103463B48CDE961
S3150001DD5000214FF461723A49F5F7D6FA01286BD0E2
S3150001DD60384E3578BFF35B8F15F0010557D1304634
S3150001DD7008F025FE002852D0334B344C1A68A71DF3
S3150001DD802560C4F806209A8853F8060F628104F1CB
S3150001DD900C025968257184F8285003C2986801233A
S3150001DDA004F10C01106002222377304684F84030DA
S3150001DDB084F84C3004F1380384F82C20636504F1AF
S3150001DDC0500384F85020A3654FF481732576A4F897
S3150001DDD05C301F4BC4E90C1540F20221A16304F12A
S3150001DDE01801E1630A21C4E91835616404F1580395
S3150001DDF004F12801C4E90875A164A366C4F888542E
S3150001DE00C4F89C54C4F8E055C4F8E455C4F8E85580
S3150001DE1008F0E1FD0F4A20460F4908F0C5FD0F4BFA
S3150001DE200F4A00935E230F490848F8F763FB03B0D6
S3150001DE30BDE8F040F5F796BA03B0F0BD3DDD01004F
S3150001DE4066430300A8F1002052C30200ACF1002092
S3150001DE508159010000800020F1530100984303001D
S3150001DE6072430300F8FC020037B500F108030025F0
S3150001DE70044612490572C0E90353C0E90535104B42
S3150001DE8028461A889B78ADF804208DF80630E9F704
S3150001DE901FFF0A492846E9F719FF01AA0749032086
S3150001DEA0F3F7D2FA074A21460320F1F79DFF10B195
S3150001DEB005480AF0A7FE204603B030BD00366E01C4
S3150001DEC064C3020047E101001E44030010B50B4C78
S3150001DED02378BFF35B8FDB070ED4204608F06FFD76
S3150001DEE050B10748FFF7C0FF204608F074FD054A08
S3150001DEF00549034808F058FD014810BD80D30020AC
S3150001DF0084D30020008000201F59010008B5FFF7C7
S3150001DF10DDFF0068BDE80840F1F7A0BE38B5002373
S3150001DF2004460D4683608B682BB102229847EB6845
S3150001DF30E360AB68A360204638BD70B58B681646B2
S3150001DF4004460D1D012253B130681D461A699042DF
S3150001DF5039BF98680122D86800220346F3E792B1D7
S3150001DF60CA68AA4203D1C4E90035204670BD2846D5
S3150001DF7008F09EFD336802699A424FF00003F2D31E
S3150001DF80C4E90003F1E72846F4E72DE9F04300F17F
S3150001DF90040885B0064689468568444655B1D9F8D0
S3150001DFA000302A699A423ABFEB682546AB682C468F
S3150001DFB01D46F3E7A04504D0D9F8002023699A420B
S3150001DFC02ED2242008F00AFDD9F800900023A0459E
S3150001DFD0074600F11002C0F81090C36125D173699C
S3150001DFE01BB131690B694B4509D3314602A8FFF7CD
S3150001DFF0A4FFDDE90241002951D0002C4DD188450D
S3150001E0004BD038690B6998422CBF0020012043464A
S3150001E0100A46394608F04EFD7369013373613C4681
S3150001E02004F1140005B0BDE8F083236901924B4564
S3150001E03018D9F3689C4209D0204608F039FD0369D6
S3150001E040019A4B4505D2C36853B9044621461C467D
S3150001E050D1E7314602A8FFF770FFDDE90234F5E7A3
S3150001E0602346F3E71BD231698C420BD0204608F0D8
S3150001E0700CFD03690546019A4B4505D9E36853B979
S3150001E08021461D462C46B6E7314602A8FFF755FF45
S3150001E090DDE90251F6E70146F4E70120B7E707F1AA
S3150001E0A01400F7F79CF9384608F083FC2746B6E7D3
S3150001E0B02DE9F0410E468EB005460B2190463046BD
S3150001E0C003AA1F46F1F7E1FF0A2104AA3046F1F738
S3150001E0D0DCFF039BBDF8101005F1080CEC68281D48
S3150001E0E041EA03416346059134B12269914296BFE3
S3150001E0F02346E468A468F7E79C4522D01B69994248
S3150001E1001FD305A9FFF741FF01460AA8FFF706FF3E
S3150001E1102B68CDE906360C9BCDE908870BB908F0CB
S3150001E1204DFD09AB0D9C07AA06A900930AA808ABE9
S3150001E130A04704460AA8F7F752F920460EB0BDE8F3
S3150001E140F0810124F9E737B50D4604460192FFF740
S3150001E150BDFE019B2A46214603B0BDE83040FFF7CC
S3150001E160A7BF000070B592B288B01E46043042EADD
S3150001E170014204AD01A90192FFF707FF31460446AA
S3150001E1802846FFF7CBFE02AB95E8030083E80300C0
S3150001E19094E8030085E8030093E80300A26884E895
S3150001E1A00300069B28460692E268A360079B079236
S3150001E1B0E360F7F714F9044B202283F887238022C2
S3150001E1C01A6108B070BD00BF00E100E003680133C9
S3150001E1D004D04068431C584258417047012070479B
S3150001E1E00B6810B504689C4209D040684A689042A1
S3150001E1F005D0944203D0181A18BF012010BD002083
S3150001E200FCE740F30903B3F1FF3F08BF0130C0F358
S3150001E210090004307047031F0439083010B553F85C
S3150001E220042F51F8044F834282EA04021A60F6D1A0
S3150001E23010BD036833B9426822B98068B0FA80F02C
S3150001E240400970470020704708B503681B0D13F499
S3150001E250E06306D00430FFF7C3FFB0FA80F040094F
S3150001E26008BD1846FCE700B97047884201D000682E
S3150001E270F9E701207047836E9A6A436DD31A1944F0
S3150001E280B1FBF2F302FB1311836D8B4210B50BD96F
S3150001E2904C09426E012301F01F0103FA01F152F804
S3150001E2A024300B4342F82430002010BD11F0805F6A
S3150001E2B0154A036830B5154C83EA010518BF1446A3
S3150001E2C025421FD043F3090401341BD001EA02049D
S3150001E2D00F4A1A4042F09F4242F4E002944211D0A2
S3150001E2E00A0D02F4E064B4F5806F09D1C3F3892401
S3150001E2F0C1F389218C4203D352B203EB822303601B
S3150001E300002000E0012030BD00FCFF7F00FC0F7003
S3150001E31000FC0F000246084608B5FFF772FF1368B6
S3150001E32018441060002008BD036801330360002013
S3150001E3307047836E9B6B10B5044613B9C06809F02C
S3150001E340C3FDA36EDB6B13B9E06909F0BDFDA36ED6
S3150001E3501B6C13B9606E09F0B7FD002010BD10B536
S3150001E3600C46026BFF21E06809F0ECFD4FF0FF332C
S3150001E370236010BD38B5CD690446816635B9654B54
S3150001E3804FF45A61644A654809F0BAFA0A6A22B931
S3150001E390634B40F6A151604AF5E7086B20B9614B22
S3150001E3A040F6A2515C4AEEE7B0FBF5F305FB130319
S3150001E3B023B15D4B40F6A651574AE4E7B0FBF2F3B1
S3150001E3C002FB130323B1594B40F6A751524ADAE730
S3150001E3D04A6AB2FBF0F300FB132323B1544B40F618
S3150001E3E0A8514D4ACFE7A2F108054FF0FF33B3FB21
S3150001E3F0F5F3013BB3FA83F3C3F12003B2EB830FC9
S3150001E40004D24C4B40F6AB51434ABCE7CB6A23B925
S3150001E410494B40F6B451404AB5E78B6BABB1E3606B
S3150001E420A36EDA6BE2B1E2612146A06EFFF797FFB8
S3150001E430A06E04F11001FFF792FFA36E586BB0B9FD
S3150001E4403E4B40F6D251344A9DE709F035FDE06076
S3150001E4500028E5D12046FFF76CFF6FF00B0058E06E
S3150001E460186B09F029FDE0610028DDD1F2E74107CB
S3150001E47002D11B6C9A0704D0314B40F6D351264A80
S3150001E48081E74BB16366A36E5A6CFF2A0AD92D4BFD
S3150001E4904FF45E61204A76E709F00EFD60660028BA
S3150001E4A0F1D1D7E742B1E2669A6C002A06DA264B29
S3150001E4B040F6E651184A66E7FF22F4E708BF6FF017
S3150001E4C0004240F2FE312267DA6C8A4204D91F4BC0
S3150001E4D040F6EC51104A56E7002A08BF0A46626721
S3150001E4E01A6D5B6A9A4204D9194B40F6F2510A4AEF
S3150001E4F049E700204FF0FF33C4E90A00C4E90833B5
S3150001E500C4E90F006064A0632065C4E90C00C4E996
S3150001E510120038BD34440300E04B03004D440300B0
S3150001E5208E440300A7440300C1440300F1440300E1
S3150001E53021450300524503009E450300BA450300E9
S3150001E540D74503002B4603004546030066460300F4
S3150001E55081460300826A8A4208B505D8074BF42131
S3150001E560074A084809F0CCF9C3689847002803DD33
S3150001E570054BF621024AF4E708BD00BF69470300CF
S3150001E580914B03004D440300B046030008B50368F0
S3150001E590C3F3090242B9002906DA0A4B40F6FF71B4
S3150001E5A0094A0A4809F0ACF91944C1F3090321F0F3
S3150001E5B00041003B18BF012341EAC37101600020FD
S3150001E5C008BD00BFB9460300E94B03004D440300F3
S3150001E5D0F8B5456A0F460E68083DAE4213D3B6FB41
S3150001E5E0F5F00138E2F7D2FE841CA6EB8404B4FBF5
S3150001E5F0F5F42046E2F7CAFEA6EB800004FB1505FA
S3150001E60020463D60F8BD0020FCE700002DE9F04FF3
S3150001E61087B08946029202680593936A0490DDE900
S3150001E62010A4DDE91286534503D9A319526A934210
S3150001E63022D96FF05300A2E0B9F1000F3FD0D9F80B
S3150001E64000309A453BD1D9E9015205EB020BA345AE
S3150001E65035D9A54214D8ABEB040B651BD9F80C10C0
S3150001E6604046B345294428BFB346D8445C44A6EB8B
S3150001E6700B065A4609F03EFC002EDDD130467EE0FF
S3150001E6802D1BB54228BF3546029B1B689A451CD1F6
S3150001E690029BD3E901120A44944216D28C4210D34A
S3150001E6A0121B611ADB6840469542194428BF15467C
S3150001E6B02A46A8442C44761B09F01CFCDCE73546A7
S3150001E6C0E2E7091B8D4228BF0D46049B1868059B8E
S3150001E6D0B3421ED8C269B4FBF2F302FB1343C3B9BA
S3150001E6E0964216D35146B5FBF2F302FB135322466B
S3150001E6F0A5EB030B0393CDF800B043681F464346D1
S3150001E700B84700283BD1039BD8445C445D1B2E448B
S3150001E710B2E7836A9A4505D31A4B5A211A4A1B480E
S3150001E72009F0EEF8C569029B059FC3F800A0B4FB8A
S3150001E730F5F105FB1141621A5A606B1E3B442344F5
S3150001E740B3FBF5FC05FB1C3C456AA3EB0C0C0B1B50
S3150001E750016BAC4594BF63445B198B4228BF0B46E2
S3150001E76002998B600093CB6851464568A8470028FB
S3150001E77003DD074B6521044AD1E73FF47DAF07B0BE
S3150001E780BDE8F08F69470300604B03004D44030069
S3150001E790B04603002DE9F04F994689B006463C3054
S3150001E7A00F460592D1E903830793FFF74DFD059BBC
S3150001E7B0C3F3892A00287DD0BAF1000F7CD0F46B0F
S3150001E7C03E4AC4F38923C9F38924A34294BF14465C
S3150001E7D0002406F1680B079D2846FFF712FD031D6D
S3150001E7E0434533D8A8EB000807AA0423002158465D
S3150001E7F00393CDE901823A6800923246FFF706FF9C
S3150001E80030BB079B1BBA6B4023F000430793BAF159
S3150001E810000F23D02A0D02F4E063B3F5806F1DD1FA
S3150001E820A9EB0403C5F38921C3F38920884215D3D3
S3150001E83023F07F4323F4700323F47F7323F0030350
S3150001E84043F0804343F48013AB4204D16FF00100DF
S3150001E85009B0BDE8F08F52B204EB8224A9EB0401A2
S3150001E860059B69401940B6D145F309030133EDD043
S3150001E870C5F30909149B32465846994528BF99465E
S3150001E880139B0293129BCDF80C90043343440193DE
S3150001E8903B6800934B46FFF7B9FE0028D8D1149B7D
S3150001E8A00146A3EB0902139B03EB090009F04AFB9E
S3150001E8B06019CDE704468CE754468AE700FCFFFF62
S3150001E8C01FB5C3F309040294069C01940024009425
S3150001E8D0FFF760FF04B010BD30B587B01446094B91
S3150001E8E003AD094A0095FFF7EBFF002804DA831C04
S3150001E8F008BF002007B030BD20462946FFF78BFC34
S3150001E9000020F7E70C00F07F0000F07F2DE9F04FC3
S3150001E91093B01E4607468846BDF880309146BDF93C
S3150001E92088B00C93BDF88430DDF870A00D931E9B62
S3150001E930C3F38F230B934FEA8B230A933046FFF7DA
S3150001E94060FCD8F80C3000EB09049C4252D20FAAA5
S3150001E9500423002107F168000393CDE90142D8F8A9
S3150001E960002000923A46FFF751FE00283FD10F9B47
S3150001E970A14610AD1BBA5E40D8F8003046F00046FD
S3150001E9801093231D0F9611931F9B0F9C5C401E9B9A
S3150001E9901C40434B1C40D1D10B9B002B38D10F9906
S3150001E9A0C1F30A53002BC9D040F2011293424FD151
S3150001E9B0249AC1F30903C1F3892138460892239A9F
S3150001E9C0C91A07925A1C5944CDE90432354B4FF006
S3150001E9D0005209B2CDE90232002206914FF0FF330F
S3150001E9E02946CDE90022FFF791FF0028A6D013B0F2
S3150001E9F0BDE8F08F1D9B002B4FDDDAF800300AF1E0
S3150001EA00080A5AF8045C0F931D9B013B1D93BBE753
S3150001EA100FAB4A46414638460893234BCDE9064398
S3150001EA201D9BCDE90444CDE900A3CDE9024433465B
S3150001EA30FFF76CFF0028DADB80D10F9B0C9AC3F33A
S3150001EA4089239A423FF67AAF0D9A9A42A7D875E77B
S3150001EA50B3F5817F1AD10F99C1F309039C42BFF423
S3150001EA606DAFC1F38921AB686A680C35594443EA35
S3150001EA70812115F80C3C03F5407341EA0351DDE9A8
S3150001EA80233098470028B2D10134E4E70A9B2A468D
S3150001EA901944DDE923309847A7E70020A7E700BF1F
S3150001EAA00000F07F00FC0F60ADE2010030B587B0D9
S3150001EAB001680446082004AD8B6E039002955068E8
S3150001EAC00190126800920A465B6A103102F16800F1
S3150001EAD0FFF79CFD30B9211D2846FFF781FB003861
S3150001EAE018BF012007B030BD2DE9F04F95B015468E
S3150001EAF007460C460B931368826E926A934280F026
S3150001EB00E28169688A4240F2DE8100214FF0040801
S3150001EB100EAA00F1680B00934346CDF80C80CDE9AF
S3150001EB20011202465846CDE90E11FFF76FFD434625
S3150001EB30064610B110F1540F13D103934FF000089C
S3150001EB400FAB3A46CDF804804146029358466B68AE
S3150001EB5000930423FFF75AFD064630B110F1540F16
S3150001EB6054D0304615B0BDE8F08FDDE90E31C91A33
S3150001EB700029D4BF0021012155F8213002224FF08E
S3150001EB80FF36236081F001030A92099355F8233079
S3150001EB90636014AB03EB810151F8183CA3600023B9
S3150001EBA0E3600893AB4A10ABB0464FF0000A92E817
S3150001EBB00300042283E8030004F108014FF0FF304B
S3150001EBC002F0B0FB00230C90079305934FF0FF333F
S3150001EBD0069306984FF00409FFF713FB0DAA82442A
S3150001EBE0BB6ECDF80C9000215846CDE901A22268F2
S3150001EBF000923A465B6AFFF709FD054658B115F1E1
S3150001EC00540F40F03E81089BA37526E04146B3E7C9
S3150001EC1001230A93C6E74A460DA90C9802F082FB26
S3150001EC200D9B069A1BBA0C905340002B04930D932F
S3150001EC303DDA4FEA125A0AF4E06ABAF5A06F09D131
S3150001EC40BA6EE368156AB3FBF5F005FB1030B0FA4E
S3150001EC5080F56D0905F00100A075E368002B00F051
S3150001EC601A81214607F13C00FFF7EEFA48B1FB6B2A
S3150001EC70C6F38922C3F389239A4240F0048146F000
S3150001EC8000461F9B3BB1A28AC6F38923934228BF44
S3150001EC9013461F9A1380002EBFF663AFC6F389266B
S3150001ECA0A38AB3428CBF6FF00106002659E7049888
S3150001ECB0FFF7A7FABB6E50445B6A9842A3D8049A41
S3150001ECC0120D02F4E062B2F5A06F40D112AA2946F4
S3150001ECD05846CDF80C9002920AF10402019222687C
S3150001ECE000923A46FFF792FC0546002887D1129A10
S3150001ECF00C9B9A4287D10D9B0CA9049A1B0DF86AAD
S3150001ED0082EAC3734A46049302F00CFBF8620D983B
S3150001ED10FFF777FA049B50442361059BE060A382C9
S3150001ED20109BA361119BE361079BE3754FF0FF33D2
S3150001ED300C934346049A46469846069249E709F1DA
S3150001ED400109012212A90C9802F0ECFA0C900D9817
S3150001ED50FFF757FA4845236816D90121BA6E584676
S3150001ED60039112A9029109EB0A01CDE900310021B3
S3150001ED70536A3A46FFF74AFC05460028DFD010F1F0
S3150001ED80540F7ED1089BA3750D9B1A0D12F4E061F9
S3150001ED901FD1C3F38923059A9A4201D801330593FA
S3150001EDA01E9B0D9981EA03090B9B19EA03094DD1B3
S3150001EDB0236812AA12930AF104031393DDE92030A2
S3150001EDC09847051E3FDA15F1540F5AD184F816906B
S3150001EDD043E7B1F5806F1DD1059851B240FA82F231
S3150001EDE092B205921C4A08EA020242F09F4242F49C
S3150001EDF0E002934202D148F00048D1E7B8F1FF3F63
S3150001EE00CED0C3F38923C8F389229342C8D808EB2D
S3150001EE108128C5E7B1F5C06FC2D102F0010308220E
S3150001EE2000215846039210AA079302920AF104029E
S3150001EE30BB6E0192226800923A465B6AFFF7E6FBD7
S3150001EE405430ADD1DFE60D9B08D198464346B04616
S3150001EE5070E700BF68C3020000FC0F0088EA0302E6
S3150001EE601A490A420AD0022DF0D1C8F38922C3F306
S3150001EE7089218A42EAD343F00048E7E74FF0FF3899
S3150001EE80E4E72E466DE6711C3FF4FBAE9A4288BF5D
S3150001EE90A6F58066F5E614A8099900EB810151F8FB
S3150001EEA0181CA1600A99D4E900230129C4E900329A
S3150001EEB07FF4AEAE06490748CDE9002140F22E4265
S3150001EEC0054909F09FFE6FF053064AE600FCFF7FF5
S3150001EED0BB110300ED4603004D4403002DE9F04745
S3150001EEE00123002588B006460F461446DFF85C80EC
S3150001EEF0DFF85C90DFF85CA0C2E9065304F1180262
S3150001EF001046FFF763F910B16FF0010018E0B36E18
S3150001EF109B6AB5EB530F16D23B6821460135059620
S3150001EF2006937B68079305ABCDE90090CDE9028393
S3150001EF3030465346FFF7D8FD0028DFD0831CDDD0CD
S3150001EF4008B0BDE8F0876FF05300F9E7ADEA0100BC
S3150001EF5008000020FF03F07F1FB50023CDE902332F
S3150001EF6001934FF0FF330093FFF7BEFD05B05DF847
S3150001EF7004FB2DE9F0410123002406468846154687
S3150001EF8002F11807C2E906433846FFF71FF910B127
S3150001EF906FF0010011E0B36E9B6AB4EB530F0ED212
S3150001EFA0414638460134FFF71BF930B13A46294646
S3150001EFB03046FFF7D1FF0028E6D0BDE8F0816FF0BB
S3150001EFC05300FAE72DE9F04F8DB081468846166861
S3150001EFD0059204931BB140F2FF33049A1380D9F8CA
S3150001EFE02030444CC8F81830DFF820A1D9F8243075
S3150001EFF0C8F81C30514630460AF03FF835185146DC
S3150001F00028460AF017F80128074605EB000625D120
S3150001F01002463949284608F05FFF0028EAD0B34680
S3150001F02001235146584606930AF027F88344514670
S3150001F030584609F0FFFF0246C0B10228069B12D1CD
S3150001F0402E49CDE90603584608F046FFDDE90623B9
S3150001F05048B9013B08D10BF10206CBE70228DED104
S3150001F06002462649D6E701339344DAE72B78002B8B
S3150001F07039D0059B1D60230D022B38D1C4F3892499
S3150001F08040F2FF3308F1180B9C420BD01C4B414652
S3150001F0901C4A484643EA8423CDF800B0FFF710FC2A
S3150001F0A0041E20DB2F21284609F0AFFF09AA0028FC
S3150001F0B0049B0392414618BF0023134A4846009712
S3150001F0C00B97CDE901324FF0F0435A46CDE9099548
S3150001F0D0FFF70AFD041E06DB8CD198F81730002BCA
S3150001F0E0E0D16FF0010420460DB0BDE8F08F6FF05E
S3150001F0F01304F8E700FC2F00CF3F0300224703006B
S3150001F1000800002000FC0F7039F30100EB460300F4
S3150001F1102DE9F04F89B0914606468846129A05A90F
S3150001F12056F8680F9A46013ADDF850B00592FFF796
S3150001F1304FFA054651465846139B9847024628BB47
S3150001F14025B305F0010706A84146CDF800A0C7F191
S3150001F1500204A300CDE9012003934A463046FFF796
S3150001F16055FA024690B9013C944207DC08AB023FCE
S3150001F17003EB84043D4454F808ACDBE70699584692
S3150001F180139B984701220028EED00246104609B08B
S3150001F190BDE8F08F2DE9F04F89B004468846DDF8C9
S3150001F1A04C9005924BB94FF0FF32C9F80020149AE2
S3150001F1B00020136009B0BDE8F08F013B07A9806EFE
S3150001F1C04FF0040A0793FFF703FA12A9064654F80B
S3150001F1D0680F0DF1140BFFF7FBF90746B742059AC5
S3150001F1E003D3129BC9F80020E1E7F51B96FAA6F3B3
S3150001F1F000212046B5FA85F5B3FA83F3C5F11F055B
S3150001F2009D4228BF1D46AB00CDE902BACDE90023D8
S3150001F21004234246FFF7FAF90028CBD1012303FA6A
S3150001F22005F5761BDAE700002DE9F04F87B00746B2
S3150001F23088461546139E03F1FF3ADFF894B0DDE9DF
S3150001F24011490EB930463FE02B68E868023315D103
S3150001F250D5E901120A44944210D28C420ED3121BF4
S3150001F260611AB2420144484628BF3246059208F067
S3150001F27041FE059A91441444B61AE2E7D7F868C0EC
S3150001F2806FF00103DCF81C102B600AEB0103234429
S3150001F290B4FBF1F2B3FBF1FE01FB124201FB1E319D
S3150001F2A0A21A5B1ADCF830106A608B4200925A4649
S3150001F2B028BF0B464146CDE90103AB603846109B9A
S3150001F2C0FFF768FA0028BCDA07B0BDE8F08F00BF87
S3150001F2D000FCF7FF2DE9F04F87B08846174699469F
S3150001F2E0129E002400F1680A0DF1100BA64201D806
S3150001F2F000201AE0351B109B42460021082D2344AD
S3150001F300504628BF0825CDE90093CDE902B53B1B40
S3150001F310FFF77CF948B9119B2A465846191908F096
S3150001F320DBFD002804D005DB022007B0BDE8F08F25
S3150001F3302C44DBE70120F8E730B50446C1F30905A3
S3150001F34085B01046A3682168AB4228BF2B460293BD
S3150001F3501A46636801934368009303680846FFF7FA
S3150001F360B9FF28B9A368AB4202D02CBF0220012005
S3150001F37005B030BD2DE9F0430E460968994685B0C2
S3150001F380CB1C074690463ED8806E836A994205D3C8
S3150001F3901F4B93211F4A204808F0B2FA026AB4684B
S3150001F3A01444013CB4FBF2F302FB13437268E41A02
S3150001F3B0F36800948568A847051E03DD174B97215E
S3150001F3C0144AE8E706D1B9F1000F07D13146B86E04
S3150001F3D0FEF7C5FF284605B0BDE8F0834FF0FF33C1
S3150001F3E0224641463846C8F80030F3680294019334
S3150001F3F0736800933368FFF76DFF002805DBE5D0DE
S3150001F4006FF05305E6E70025E4E70546E2E700BFAE
S3150001F410254703006C4B03004D440300B04603002F
S3150001F4202DE9F74FDDE90C859146064618F1020FE5
S3150001F4300C469A46826EDDE90EB708D0936A4345BB
S3150001F44005D8294BC821294A294808F059FAEB1948
S3150001F450526A93422FD9274BC921244AF4E72368DC
S3150001F46098452ED16068A8422BD8B26E126B024421
S3150001F470954226D2521BE368281A5946BA421844C5
S3150001F48028BF3A46019208F035FD019A6368154492
S3150001F4909344BF1AA268EB1A934238BF1346B26E61
S3150001F4A0126BA360934206D153464A462146304623
S3150001F4B0FFF760FF10B9002FD1D1384603B0BDE880
S3150001F4C0F08F013303D00C4BE621084ABCE7B36E3B
S3150001F4D0C4F800801A6AB5FBF2F302FB1353EB1A68
S3150001F4E063600023A360E6E74B470300854B0300F7
S3150001F4F04D44030087470300AA470300F0B585B0D2
S3150001F5001D460C461746CDE902234B680246019378
S3150001F5100B6800F1100100930023FFF781FF0646F7
S3150001F52040B92A463946E06801F0FCFE6368E060AE
S3150001F5302B446360304605B0F0BD2DE9F04F064619
S3150001F5401046904699460C462DED028B87B0FEF784
S3150001F55058FE4B684A690746034493424BD88B6869
S3150001F56028F0004A05AA30468AEA03031BBA059326
S3150001F5700423FFF7C3FF054660B9B8F1000FA7F1F1
S3150001F58004030DDB4A4621463046FFF7B7FF80BB31
S3150001F590C4F808A0284607B0BDEC028BBDE8F08F81
S3150001F5A006F16803B8460DF1130B08EE103AB8F1EF
S3150001F5B0040FA7EB0803EBD00122002118EE100A75
S3150001F5C0CDE902B2D9F80420134432460193D9F8A1
S3150001F5D000300093A8F10403FFF718F848B9012396
S3150001F5E05A462146304608F1FF38FFF787FF0028C3
S3150001F5F0DDD00546CEE76FF01B05CBE713460A467D
S3150001F600D0E90001FFF799BF836E2DE9F04F1A6A21
S3150001F61080464F680E4640F2FE3B17440737B7FB5C
S3150001F620F2F302FB13732DED028BFF1A8DB000234B
S3150001F630CDE90533A7F1080307937568BD4219D3D0
S3150001F64041464FF0FF334246404641F8103B002306
S3150001F650FFF790FE0446002840F0BF80D8F8680006
S3150001F66003699847041E6EDD604BBD21604A6148FF
S3150001F67008F046F905F1040AA7EB0A055D4594BFB2
S3150001F68055440AEB0B05BD4203D2079B9D4228BF99
S3150001F6901D464FF0FF3309AA002108F168000993BE
S3150001F6A00423CDE901523268039300924246FEF7E4
S3150001F6B0ADFF044618B110F1540F40F08E80099B3E
S3150001F6C0A5EB0A050AAC04221BBAF06821466FEACB
S3150001F6D003094FEAD97303F5A06345EA0355B368F5
S3150001F6E045F47F2545F4406509955D402DBA0A9597
S3150001F6F001F018FE0823F0600B90424608F1100154
S3150001F7004046CDE9024373680193336800930023B1
S3150001F710FFF786FE044600285FD1059B71681BB979
S3150001F7200B1D0593F3680693099B09F00049C3F382
S3150001F730090289EA03030432B3604FF0FF330A4436
S3150001F740F360726079E748D108F168033569DDF83D
S3150001F75014A008EE103ABD423FD20AF104034FF05D
S3150001F760FF3907931DE0059BAB4202D1069B4B4532
S3150001F77030D101230DF1280B42460021039318EEE7
S3150001F780100A33680093079BCDE9015B5B1BFEF70B
S3150001F7903DFF08BB484601225946013501F0C2FD2D
S3150001F7A08146079BAB42DED8B9F1000F1BD1A7EB0F
S3150001F7B00A0540F2FE339D4294BF55440AEB030508
S3150001F7C0BD4204D2A7F108039D4228BF1D4605F19B
S3150001F7D0040AC0E76FF05300044620460DB0BDECA5
S3150001F7E0028BBDE8F08F6FF05304F6E7B0460300D5
S3150001F7F0794B03004D4403002DE9F04F91B00446C7
S3150001F8000D46164600211C2208A805934FF0000854
S3150001F81008F098FBDFF830910123DFF830A10F9350
S3150001F8200EA8FEF7D3FC20B1A76A002F58D138469F
S3150001F83044E0A36E9B6AB8EB530F80F082800E9969
S3150001F840304608F10108A847002837D10F993046FC
S3150001F850A847002832D10EAA08A92046FFF77CFB4B
S3150001F86060BB0746DFF8E8B0BDF83420BBB29A4268
S3150001F870D6D906AA09EA872308A92046009243EAAF
S3150001F8800B035246FFF71CF8002803DA831C15D137
S3150001F8900137E9E740F20222030DB2EB105F10D106
S3150001F8A0079B002BF4D000932246069B002120469D
S3150001F8B0CDE90156FFF72CFC0028E9D011B0BDE8CF
S3150001F8C0F08F059A002AE3D0B3F5007FE0D10699BF
S3150001F8D03046A8470028F1D107993046A847EBE7FB
S3150001F8E0BB79012B01D03F689FE73B6B03F488137B
S3150001F8F0B3F5803F15D03B6B03F49013B3F5003F8E
S3150001F900F1D17B6B002BEED00093224607F140012B
S3150001F9102046CDE90156BB6BFFF7FAFB0028E2D082
S3150001F920CCE7FB6A002BE6D00093224607F14001A3
S3150001F9302046CDE90156BB6AFFF7EAFB0028DAD07B
S3150001F940BCE76FF05300B9E700FCFF0300FC0F7042
S3150001F950080000202DE9F34104460D460127354EE6
S3150001F960A36DD4E917219A420ED1626D1344002981
S3150001F9703AD1314A314900924FF40C72304809F0BC
S3150001F98041F96FF01B0026E0501C01394FEA521C69
S3150001F990E06502F01F002166616E07FA00F051F87A
S3150001F9A02CC010EA0C0FDCD1636D1A44A36E986A61
S3150001F9B0B2FBF0F300FB13222A600125A66DE36D6D
S3150001F9C0B34235D05A0903F01F0051F8222005FA37
S3150001F9D000F0104002D102B0BDE8F0810133E365C9
S3150001F9E0236E013B2366EAE7A06E4FF00008D0F8CC
S3150001F9F028C0B3FBFCF20CFB1233426B606E6365ED
S3150001FA00D300C4F85C808B4294BFA365A1654146CF
S3150001FA1008F098FA0123224631462046FFF7ECFE0C
S3150001FA2000289DD0A36E9B6AC4E916882366D2E797
S3150001FA300020D0E777E20100BB1103004D4403002B
S3150001FA40CD4703007FB50C4604310646FFF782FF1A
S3150001FA50054688BB21463046FFF77CFF054658BB65
S3150001FA6022460423014642F8080F019006F1680078
S3150001FA70CDE90223226800923246FEF7C7FD10B196
S3150001FA8010F1540F1BD1B36EDA6A002A0BDDA3689D
S3150001FA900132013B42F001021344B3FBF2F102FBD6
S3150001FAA011329B1AA3604FF0FF330422C4E90323EA
S3150001FAB00022E361C4E90523284604B070BD05466A
S3150001FAC0FAE700002DE9F04F044687B00D46DFF84E
S3150001FAD018A1DFF8189105A92046FFF73BFF064656
S3150001FAE048B90599A06EFEF735FD0646002863D094
S3150001FAF010F1540F66D0304607B0BDE8F08F2A6B7F
S3150001FB00DB1BD2022BD5AA88781C05F108014AEA2B
S3150001FB10822EA26ED2F824C060454AD80120424600
S3150001FB20CDF800E003900DF11300CDE901702046F8
S3150001FB30FFF77AFB88B90DF11302012304F11001D5
S3150001FB4020460393CDE90172059A00922246FFF7FA
S3150001FB5067FC90B110F1540F34D00646CBE7012271
S3150001FB604146584603920DF11302CDE90172AA6B83
S3150001FB7000922246FEF74AFDDCE70137EB6BBB42FA
S3150001FB80BDD8A36EE1691A6BE86C08F0B3F9236975
S3150001FB9004F11001A06E2B6463696B64A369AB6405
S3150001FBA0FEF7DDFB059BAB632B6B43F400332B6345
S3150001FBB0A1E76FF05300D0E7074605F1400804F1CD
S3150001FBC0680BDBE7059B40F6972205490548CDF80A
S3150001FBD0009009F017F84FF0FF3323617BE700BF70
S3150001FBE04D440300F447030000001020BB1103003D
S3150001FBF02DE9F04F8FB006460C4605930B6B079225
S3150001FC009F0706D4A84B40F67E31A84AA84807F0BC
S3150001FC1077FE5D031CD4276B390522D4D4F83480D2
S3150001FC20059B326F08EB0301914200F26E8117F4D6
S3150001FC3000371CD0236BDA022BD4059B0493049A5C
S3150001FC40236B002A4BD123F40023059D236304E093
S3150001FC5000F05EF905460028DDD028460FB0BDE864
S3150001FC60F08FE26A616B8A4288BF6263D6E7E36A14
S3150001FC709845DFD9636301230DAA214630468DF8E5
S3150001FC803470FFF7B5FF051EE7DB636B9845F2D8C5
S3150001FC90D0E7059B656BB16EE818E36A0A6B98427B
S3150001FCA038BF18460B6DC3B140F2FE37DB08BA42C6
S3150001FCB028BF3A46934228BF13468342BDD28B6A78
S3150001FCC03046E56321463366FFF7FCFE236B0546A6
S3150001FCD030BB23F480132363AFE74B6AE4E713F4E5
S3150001FCE0003104D0B26EE06B526A904250D1DB0211
S3150001FCF0626B00F1F58004F1400AC9B9C2B104F1A1
S3150001FD003C03013A51463046029304F1380300920E
S3150001FD100193D4E90A23FFF73DFA054620B1236B87
S3150001FD2043F40023236398E75146B06EFEF717FBB1
S3150001FD30B36E9B6A3366A36B0893636B06930BA939
S3150001FD403046FFF707FE05460028E8D10B99B06E4D
S3150001FD50FEF700FC054678B115F1540FDFD1554B7E
S3150001FD6040F666125249009353480B9B08F04AFF2E
S3150001FD704FF0FF332364E2E7069BB06E002B2DD1D3
S3150001FD800B9BA363069BE363236B43F4003323635B
S3150001FD90B36E04F140085F6AE36BFF1A049B9F424E
S3150001FDA028BF1F46079B3246414630460293E36B06
S3150001FDB003970193A36B00930123FFF731FB0546DC
S3150001FDC0002800F0928010F1540FA8D12146304648
S3150001FDD0FFF778FE05460028E4D0A0E7069B0CA9AC
S3150001FDE0013B0C93FEF7F4FB0C9BB26E0133526A96
S3150001FDF00C93934251D10130089BA9460DAF90FA5D
S3150001FE00A0F80D93B8FA88F808F1010B4FEA8903B7
S3150001FE1032465146304609930423CDE90273099BC4
S3150001FE2001930B9B00930123FFF7FAFA054600287D
S3150001FE3092D1C84542D109F10109CB45E6D80B9BC0
S3150001FE40A3634FEA8B039EE7089AA3EB08030021FD
S3150001FE50584600923246CDF80480CDE90279FEF784
S3150001FE60D5FB054600287FF45AAF0B9B3246514617
S3150001FE70304600930123CDF80480CDE90279FFF7DE
S3150001FE80CFFA054600287FF467AF08F101080C9BFD
S3150001FE904345D9D80B9AA26375E7A84606F1680BC4
S3150001FEA04FF001090DAFF2E717480300CE4B0300EF
S3150001FEB04D440300BB110300F4470300042301462C
S3150001FEC0324606F16800CDE90273099B01930D9B49
S3150001FED000930423FEF79AFB05460028ABD01EE7E4
S3150001FEE06FF00103C4E90E324EE7636B3B44636373
S3150001FEF0E36B3B44E363079B3B440793049BDB1B98
S3150001FF000493B36E9B6A336699E66FF01A05A4E60D
S3150001FF100B6B2DE9F0430C46590399B0054608D5FC
S3150001FF20DA0223F4802358BF4FF0FF32236358BF10
S3150001FF302264216B11F4003039D011F48011666B03
S3150001FF40E76A4ED1542203A807F0FCFFA36ACDE964
S3150001FF500D37012313AFCDE90F3695E80F0087E87A
S3150001FF600F004FF0FF372F60626BE36A9A4221D38D
S3150001FF70DFF89490DFF89480224F01232A4604F19A
S3150001FF8040012846FFF7F6F978B310F1540F0ED168
S3150001FF904146A36B40F6E6223846CDF8009008F0BC
S3150001FFA031FE21462846FFF78DFD0028E5D019B020
S3150001FFB0BDE8F08301230DF10B0203A9284600F0E9
S3150001FFC027F80028F3DB01230DF10B022146284611
S3150001FFD0FFF70EFE0028EADB2B680133C4D0139726
S3150001FFE0C1E7BE422CBF66636763A36B0020A362B1
S3150001FFF0636BE362236B23F4003343F48033C4E978
S315000200000C36D4E7F4470300BB1103004D4403004A
S315000200102DE9F04F1D460B6B904685B0DA07074671
S315000200200C4606D43E4B40F634313E4A3E4807F073
S3150002003067FC9E0305D4666BE26A964208D30020EB
S3150002004003E0FFF765FF0028F5D005B0BDE8F08FA5
S31500020050961B04F1400ADFF8D4B0AE4228BF2E4602
S31500020060B146B9F1000F01D13046EEE7226B5103DA
S3150002007004D5BB6EE16B5B6A994215D1D202636B02
S315000200803AD404F13C0251463846029204F138024F
S31500020090CDE90032D4E90A23FFF77CF80028D4D14F
S315000200A0236B43F480232363BB6EE26B5B6A216B93
S315000200B09D1A4D4528BF4D4611F4801121D002EB01
S315000200C0050CA08804F1080163454BEA802023D37E
S315000200D0CDE90002CDE9028552463846FFF7A4F87B
S315000200E00028B2D1636BA844A9EB05092B446363CC
S315000200F0E36B2B44E363B4E76FF00102C4E90E231A
S31500020100CEE7019207F16800A26BCDE90285009263
S315000201105246FEF77BFAE3E76FF0530095E700BF1E
S3150002012044480300BD4B03004D4403000000102069
S31500020130002307B5044901AA0193FFF75DFB00B945
S31500020140019803B05DF804FB29E301002DE9F04FA5
S315000201500546A1B00C4691469A46866A4EBBA4460F
S3150002016010AF40F20148BCE80F000FC79CE80F0031
S3150002017087E80F00374640F2FF4109F10400564571
S3150002018046D1002F7AD0A38A002B77D118AA21460E
S315000201902846FEF7EEFE8446002864D010F1020FD0
S315000201A06CD010AD0FCD0FC495E80F0084E80F0098
S315000201B02AE006F10800A04201D13668CEE72146C0
S315000201C0FEF70EF80028F8D1B379012BF5D1336B7F
S315000201D0DB02F2D5AB6EF16A1A6B9142EDD9726B04
S315000201E031469B6A2846F2632B66FFF76BFC844610
S315000201F050B9336B3146284623F480133363FFF735
S3150002020087FE84460028D8D0604621B0BDE8F08F2C
S3150002021059F836304FEA135CC3F30A53434504D107
S31500020220A38A0133A3820136A9E78B420CD1A38AA2
S3150002023033B9954B40F23D71944A954807F060FBFD
S31500020240013B0127A382EEE70CF4E063B3F5C06F2E
S31500020250E9D150F836301A68A2615B68E3610CF0A6
S315000202600103E375DFE79DF877303BB1224618A913
S31500020270284600F0F7FB8446002892D1A37D13B9E5
S31500020280A38AFE2B2DD923684FF0FF31E268A86EB0
S315000202901893236919921A93CDE91B12016D91B332
S315000202A008390DF1600B2846CDF800901D910BA977
S315000202B00B9508917749CDF830B007910021CDE929
S315000202C00511CDE90311CDE901A12146FEF71EFB79
S315000202D08446D0B11CF11C0F03D01CF1540F7FF4DD
S315000202E060AF4FF0FF334A46214628462B61A38A68
S315000202F002930023CDE90043534600F0D1F8844629
S31500020300002851D04DE7416ACAE705F1300705F1E9
S315000203103C060F9005F148083946CDE90D000DA8B7
S31500020320FDF779FF31460DA8FDF775FF0DA8414689
S31500020330FDF771FF0D9B0DA823F47F7323F00303D2
S315000203400D93FDF776FF88B90DAA21462846FEF7DA
S31500020350C3FA844600287FF424AF0DAB4E4A5946B1
S315000203602846FFF7EAF884460028B3D159462846BC
S31500020370FFF74AF984460028ACD1AB6E199A196A7E
S31500020380B2FBF1F301FB132323B1444B40F29C7100
S315000203903E4A52E7E2601A9A226197E8070086E827
S315000203A00700AB64C8E90133D5F828804FF0FF3B5C
S315000203B0464626B9B8F1000F45D1C44624E706F1F0
S315000203C00807A74201D13668F3E710A93846FDF7B8
S315000203D007FF86460028F6D1A446BCE80F000FC7E1
S315000203E09CE80F0087E80F00D645ECD059F83E305E
S315000203F040F2FF41C3F30A528A4213D1B288C3F3D1
S3150002040089239A4204D1C6E902BB0EF1010EEBE73B
S31500020410FBD9B379013A022BB280F6D1B36A013B1A
S31500020420B362F2E740F201418A42EED1B288C3F3E7
S3150002043089239A42E9D3B3790132022BB280E4D1FD
S31500020440B36A0133ECE708F1080410A92046FDF768
S31500020450C7FE50B908F12006B8F80430B8F81C10E7
S315000204608B4202D398F81F0010B9D8F80080A1E792
S315000204705B1A324621462846A8F80430FEF76CFD80
S3150002048084460028E8D0BFE671480300AE4B03005D
S315000204904D440300FDF501000CFCFF7F804803007C
S315000204A02DE9F04F9FB005460E464FF00009BDF804
S315000204B0A470BDF8A8B0DFF860A3CDE90B230B68E2
S315000204C00E934B680F93ABEB0708B8F1010F5BDC99
S315000204D0AB6EB268DB6A0132002BB26036DD0133E5
S315000204E043F00103B2FBF3F103FB112373BB0124B7
S315000204F016A9304616931794FDF772FE002840F0AF
S3150002050099802846FFF714FE041EC0F28B80AB6E5C
S315000205109B6AB4EB530F19D2B84B4FF4CD62B8496C
S315000205200093B848B36808F06DFB289B314628460D
S315000205300093CDE9017BDDE90B2300F055FA044671
S31500020540002800F09F8010F11C0F6BD14FF00008BD
S3150002055000234FF0FF32A86E7168CDE91732CDE95C
S315000205601923036D1691002B00F08E80083B1B9316
S31500020570FDF7F0FF0446002800F0888014F1540FBE
S3150002058050D14FF0000956E016AB002228992846B2
S3150002059008939D4BCDF808A007937B42CDF858905F
S315000205A01BB2CDE905B30C9B01930B9BCDE90397D7
S315000205B000934FF0FF33FEF7A9F9044690BBB8F15A
S315000205C0FE0F15DCAA6E516A136DA1F124006BB3FE
S315000205D05908146A621E5318B3FBF4F204FB123272
S315000205E09B1A169A834228BF03469A427FF670AF39
S315000205F007EB6808289B314628461FFA88F80093BD
S31500020600CDE9018BDDE90B2300F0EEF9044678B162
S3150002061010F11C0F06D1AB6E169A5B6A243B93420D
S31500020620BFF456AF20461FB0BDE8F08F4908D0E7A9
S31500020630C34648E7A1464FF0FF332B61B9F1000FDD
S3150002064008D16E4B40F2FE626D4900936F487368A3
S3150002065008F0D8FA00234FF0010816A93046CDE972
S315000206601638FDF7BDFD002840F0B580634B40F219
S31500020670037263496FF01B0400936548736808F0C0
S31500020680C1FACFE7BB4661E7436A6FE70DF1580946
S31500020690042306F1080228464946FEF72FFF0446C0
S315000206A000287FF46BAF10AB024628990893594B8A
S315000206B007937B421BB2CDE905B3574B02930C9BC2
S315000206C001930B9BCDE90307009328464FF0FF33B6
S315000206D0CDE91059FEF71AF9044600287FF44EAF09
S315000206E006F1180318460D93FDF770FD0D9B68B9C8
S315000206F0F27D2846494902F5C06241EA025249465C
S31500020700FEF71BFF044600287FF438AF0023CDE92D
S3150002071012331493B8F1000F09D105F13C0112A866
S31500020720FDF779FD05F1300112A8FDF774FD05F11B
S31500020730480A12A85146FDF76EFD129B12AA3146CF
S3150002074023F47F73284623F003031293FEF7C4F8BB
S31500020750044600287FF466AF12A8FDF76AFD48B981
S3150002076012AB2F4A49462846FEF7E7FE0446002802
S315000207707FF404AF49462846FEF746FF04460028A2
S315000207807FF4FCAEAA6E179B126AB3FBF2F102FB70
S3150002079011320B9232B1234B40F2EC61224A1848D5
S315000207A007F0AEF8D6E90012F360ABEB0707189B29
S315000207B0B7823361C6E90021A864CAE90100B8F12B
S315000207C0000F40F0CF8005F13C03303595E8070075
S315000207D083E8070026E7311D2846FFF7BBF80446E3
S315000207E000283FF4B5AE10F11C0F7FF41BAFB9F130
S315000207F0000F3FF417AFC846AAE600BFBB110300BD
S315000208004D440300A648030015E30100F447030024
S31500020810D6480300FDF5010000FC0F4008FC0F005E
S315000208200CFCFF7F804803009E4B030007F1080182
S315000208300EA8FDF7D5FC18B93368BB607368FB6078
S31500020840BB79022B09D107F12C010EA8FDF7C8FCD2
S3150002085018B93368FB6273683B633F689BE005F136
S31500020860300B01215846FDF791FE00283AD1494640
S315000208705846FDF7E9FC10B32B6B4FF47C625349E3
S31500020880C3F3892A0C9B5248CDE901A3179B009317
S31500020890169B08F0B7F92A6B4E4BAF631340C5E9B6
S315000208A00C37C8F389239A4505D2A8F580684A4FC2
S315000208B047EA8A2703E040F2FF339A45F7D100233D
S315000208C012AA4946284612971596CDE913380223ED
S315000208D0FFF73CFC30B94FF0FF315846FDF756FEA4
S315000208E0002867D0804644469CE6494605F130001A
S315000208F0FDF7AAFCE8B12C6B40F6E772374BC4F35E
S31500020900892432493248CDE90143179B0093169B4D
S3150002091008F078F92A6B2F4BC5F838801340C5E9E1
S315000209200C3840F2FF339C421EBF2B4B43EA842312
S315000209300B930B9B494628461293002313939DF86B
S315000209406F3003F5C062264B43EA025312AACDE981
S3150002095014360223FFF7FAFB044600283FF462AE80
S315000209608046C0E70F9B1D4F019240F2147200931E
S315000209701C480E9BCDE90217144908F043F905F10C
S3150002098020010EA8FDF72CFC0C9718B933682B62D0
S3150002099073686B62AF6A002F7FF448AF4A460EA9AE
S315000209A02846FEF79BFAB0F10008BFF658AF18F1D9
S315000209B0020F98D14A460EA92846FEF7DAFA804671
S315000209C0002892D010F1020F8DD12BE64D44030080
S315000209D00C490300FF0300800000F04FBB11030027
S315000209E008FC0F004F4903002DE9F0430C46816EC7
S315000209F08FB00646896ABDF85C70016606A9CDE924
S31500020A000432FFF71FF8054638BBE17D30468DF804
S31500020A102F10A1690C91E1690D91BDF86010CDE925
S31500020A2001711699DDE90432009106A9FFF738FD36
S31500020A30054690B9DDF818900123DDF81C8006F111
S31500020A4020012046C4F81890C4F81C80E375FDF70F
S31500020A50C7FB10B90FB9C6E9089828460FB0BDE81A
S31500020A60F083000073B514460E4600F148020546AF
S31500020A702146FDF731FF70B9E37D18343146284629
S31500020A8003F5C062054B019443EA02536A4600939A
S31500020A900123FFF75BFB02B070BD00BF08FC0F002D
S31500020AA00B6B70B51E0386B005460C4602D50020B8
S31500020AB006B070BDFFF72CFA226B18B142F4002281
S31500020AC02263F5E7D103F2D504F108063046FDF7B5
S31500020AD07DFB0028EBD1D3025BBFD4E90A016B464A
S31500020AE0E26A082246BF40F20120E36CC3E9000134
S31500020AF0A18858BF40F2022042EA812242EA00520D
S31500020B002846CDE90223226D936843EA81233146C2
S31500020B1043F081530493536802AA05930223FFF715
S31500020B2015FB236B18B143F400232363C0E723F4B8
S31500020B308033FAE770B505460C46FFF7B1FF064665
S31500020B4005F12802AB6A1BB19C42196808D11160F3
S31500020B50236D1B6813B9E06C07F0B6F9304670BD19
S31500020B601A460B46EFE70000C36B1A0D12F4E06F4C
S31500020B702DE9F0410446A0B007D1236BC3F3090067
S31500020B80002830D120B0BDE8F081504AC3F3892352
S31500020B9005464F49029241F219020193436C4D48B0
S31500020BA0009355F8403F08F02DF818A92A4620462A
S31500020BB0FEF7D2F90028E5D1E36B216BC3F3892254
S31500020BC0454BA0630B4018A9C4E90C30434B43EADA
S31500020BD0822310AACDE9103001232046FFF7B6FA88
S31500020BE00028CAD0CEE71C22002108A83C4F07F0F5
S31500020BF0A9F9364E0123DFF8F4808DF837300F93CA
S31500020C000EA8FDF7E3FA38B1204650F8301F4942E4
S31500020C1049B2FDF7BBFCB5E70EAA10A92046FEF7BE
S31500020C209BF90028AED19DF83730002B43D118AA84
S31500020C300EA92046FEF752F9002813DA831CA1D129
S31500020C400F9B41F24E022249009326480E9B0196C3
S31500020C5007F0D8FF10AA08A92046FFF703FF0028CD
S31500020C6090D1CDE704AD03463A4618A92046009531
S31500020C70FDF726FE002885DB04990E9B059899420E
S31500020C800F9A01D1904216D0914201D1984212D0C8
S31500020C90CDE90021CDE9020641F264020C4912486F
S31500020CA007F0B0FF012306AA08A92046CDE906856A
S31500020CB0FFF74CFAD3E710AD0DF1200C0FCDACE8DF
S31500020CC00F0095E80F008CE80F0099E7BB110300AF
S31500020CD04D4403008B490300FF0300800000F04FE0
S31500020CE000FCFF7FBC490300E949030008FC0F60D2
S31500020CF02DE9F04713F0020F8AB006460D469846D4
S31500020D00039233D1129B05F1080703AA30462B65DD
S31500020D1000233946C5F830806B63EB63EB642B1D09
S31500020D20FEF750F9041E06DAA31C16D1AA8840F271
S31500020D30FF339A4211D00123A01CAB71B36A2B6018
S31500020D40B56251D118F4807F07D00398E0F72AFDE7
S31500020D50F36E834213D26FF023042B6B294630467F
S31500020D6043F400232B63FFF7E5FE04E0FFF7FCFEE6
S31500020D7004460028C6D020460AB0BDE8F087AB88F4
S31500020D80624A40EA8320624C42EA8322039940F493
S31500020D90801044EA8323049200220690304605928C
S31500020DA007913946CDE90832032304AAFFF7CEF9A3
S31500020DB00028D0D14FF000084FF00C09DFF858A1F7
S31500020DC02B6D9A68424536D81B68002B63D0EB64BC
S31500020DD005F14001B06EFDF7C2FA40F20123B3EB12
S31500020DE0145F62D00024C6E718F4007F40F08480C6
S31500020DF0C4F30A50012840F08280AB8818F4806F51
S31500020E004FEA832308D043F000542B6B43F480331C
S31500020E1044F480142B63CDE705F1280243F0005316
S31500020E2039463046009243F008033A4AFDF748FD38
S31500020E30041EBFDA91E72A6BD10705D42B6B9A07FA
S31500020E401DD408F10108BBE7586809FB08F2B5F89A
S31500020E5004C08118825C30468B6802F5407249688C
S31500020E6043EA8C230091394643EA02535246FDF780
S31500020E7027FD0028E2DA831CE0D004466DE72A6DDE
S31500020E80526809FB08229168726F91423AD843F47C
S31500020E9080332B63D5E7B36E186B07F00DF8E86461
S31500020EA0002895D16FF00B0457E76FF001032A6B08
S31500020EB0C4F30904AB6242F480122B640023EC6291
S31500020EC06B64B36E2A631B6BAB64002C8AD040F250
S31500020ED0FE31AA8830468B4228BF0B46394643EA82
S31500020EE08223EA6C43F0005300920A4AFDF7E8FCBB
S31500020EF0041EBFF677AF30E76FF010042DE76FF0F0
S31500020F0014042AE76FF01B0427E700BF0000104015
S31500020F100000102000FC0F7000FCFF7F70B54B69CB
S31500020F2096B0054608460E4698470446002858D10C
S31500020F3031462846FDF71EFA044600284ED1AB6E0E
S31500020F400146686E5A6B06F0FDFFAB6E6C650EA924
S31500020F509A6A28465B6BDB00C5E91742934294BF47
S31500020F60AB65AA65FEF76EFD0446002833D14FF441
S31500020F7000330EA90293AB6E5A6A9B6A039208AAC1
S31500020F800493EB6E05932B6F06936B6F0793164BC9
S31500020F90CDE90830154B28460A93154B0B93154B92
S31500020FA00C9302AB0D930323FFF7D0F8044690B9D6
S31500020FB0034602468DF84E000EA92846FFF7C6F8EC
S31500020FC0044640B9012300906A460EA928460193B9
S31500020FD0FDF7C2FF04462846FDF7ABF9B369304672
S31500020FE09847204616B070BD000010400800F00F6A
S31500020FF02D4A0300180010202DE9F0474B6996B0E0
S31500021000044608460E469847054600284CD1314606
S315000210102046FDF7AFF90546002842D101461C22BB
S315000210200EA82F4606F08EFFDFF8A0810123DFF817
S31500021030A091DFF8A0A1159314A8FDF7C7F8002820
S3150002104036D004F12000FDF7C1F8002840F0A9804F
S3150002105004F130073846FDF7ECF860B9524B40F61A
S31500021060C56252490293A36B51480193636B009385
S31500021070236B07F0C7FD236B03EBD373236304F1E2
S315000210803C0397E8070083E80700A36EE16A9B6AC0
S31500021090B1FBF3F203FB1212236662650022C4E976
S315000210A01622B36930469847284616B0BDE8F0873F
S315000210B0A36E9B6AB7EB530F70D20823019014AA52
S315000210C00EA9079305AB20460137CDE90293394BAA
S315000210D00093394BCDE90548FDF706FD002824DBD0
S315000210E052D040F3090301334ED00E9B0EA9324A69
S315000210F0204623620F9B636208AB00935346FDF7BB
S31500021100DFFB002811DB089A130C91B2022B00D1E7
S3150002111081B1254992B229480191009240F68D6229
S31500021120224907F06FFD6FF0150005462046FDF7D0
S3150002113000F9B6E70B9B5BB1E26E934207D91A49F7
S315000211401F48CDE9002140F696621849E9E7E366B1
S315000211500C9B5BB1226F934207D913491948CDE91B
S31500021160002140F6A1621149DBE723670D9B5BB1C3
S31500021170626F934207D90C491348CDE9002140F624
S31500021180AC620A49CDE7636704F130020EA9204634
S31500021190FDF7A2FB00283FF44FAFC6E76FF05300FE
S315000211A0C3E76FF01505C1E7BB1103004D44030009
S315000211B0F24A03000800F00F00FCFF7F364A0300E4
S315000211C05F4A0300904A0300C14A03002D4A030006
S315000211D039F3010018001020F0B50546806E85B07F
S315000211E01F4643691646039198470446B8B90399C0
S315000211F0A86AFDF738F8039930B10A4B41F2E43197
S31500021200094A0A4806F07CFB094B324628460093F7
S315000212103B46FFF76DFD0446A86E83699847204654
S3150002122005B0F0BD294B0300FC4B03004D440300FF
S31500021230384C030037B50546806E019143699847DD
S31500021240044698B90199A86AFDF70DF8019930B9D3
S31500021250084B41F20741084A084806F051FB284666
S31500021260FFF768FC0446A86E83699847204603B0D8
S3150002127030BD00BF2A4B03000A4C03004D44030055
S31500021280F7B50546806E1F46164643690191984793
S315000212900446A8B90199A86AFCF7E5FF019930B995
S315000212A0094B41F22941094A094806F029FB3B4606
S315000212B032462846FEF7ACFE0446A86E8369984776
S315000212C0204603B0F0BD00BF2A4B0300194C0300B1
S315000212D04D44030070B50646806E0D464369984735
S315000212E00446B0B92946B06AFCF7BDFF30B90A4BCD
S315000212F041F28B41094A0A4806F002FBD5E90B4343
S315000213009B0303D5686B844238BF0446B06E83697B
S315000213109847204670BD00BF2A4B0300274C0300A6
S315000213204D44030030B50A440B4D914200D130BD05
S3150002133011F8013B83EA000404F00F0455F8244037
S3150002134084EA101080EA131303F00F0355F82330D2
S3150002135083EA1010E9E700BF444C03007047022AF3
S31500021360034606D0032A02D0012A00D101600020DA
S31500021370704703C983E80300F9E77FB503680446AB
S31500021380DB689847002304934FF0FF3201A9D4F893
S31500021390F40EF1F777F80128F6D1236801A9204661
S315000213A01B699847F0E700001FB504460022142186
S315000213B00420F0F797FDC4F8F40E50B9F4F75AF882
S315000213C0134B144A144900932A23F5F793F8F1F7BD
S315000213D0C9FF231D4FF461721049029304F1E4031D
S315000213E00F480193042300932346F2F70BF968B9D9
S315000213F0F4F740F80B4B074A00932B230649F5F7FF
S3150002140079F804B0BDE81040F1F7ACBF04B010BDE6
S31500021410D5010300B2010300F8FC0200ED4C030003
S315000214207B130200E40103001FB50B88ADF80C30F4
S315000214304368BDF80C2000681A8000231A46194634
S31500021440F0F7D0FD01280DD0F4F714F8074B084A3F
S31500021450009335230749F5F74DF805B05DF804EB1F
S31500021460F1F780BF05B05DF804FB00BF341203003C
S31500021470B2010300F8FC02002DE9F0410546884658
S3150002148000240E4E4FF080574146D5F8F80EE1F78C
S31500021490DBFDB0F5617F0BD040F28933984202D171
S315000214A001340A2CF0D1B0FA80F04009BDE8F0818F
S315000214B03760BFF34F8FBFF36F8FE5E704ED00E0B0
S315000214C0C1F3C1110023582261F07F0100B589B032
S315000214D08DF8071002A90293ADF80C200DF1070250
S315000214E08DF80E30049301230593CDE90623FFF709
S315000214F0C3FF09B05DF804FB70B586B005460C461D
S315000215001646FFF7DDFF80B10023E4B2694628469E
S3150002151000935823ADF8043001238DF80630CDE947
S315000215200243CDE90463FFF7A7FF06B070BD30B5ED
S3150002153089B005460C468DF80720FFF7C1FF90B12A
S3150002154000235822E4B202A902932846ADF80C20E1
S315000215500DF107028DF80E30012304940593CDE9AF
S315000215600623FFF789FF09B030BD38B504460D469C
S31500021570FFF71AFFC4F8F85E38BD00007FB50C7895
S315000215800E460DF10F020546022C94BF273440F693
S31500021590FF742146FFF7B0FF50B9F3F76BFF134B09
S315000215A0134A144900938023F4F7A4FFF1F7DAFEF5
S315000215B073789DF80F20ABB142F00102214628460E
S315000215C08DF80F20FFF7B3FF50B9F3F753FF0A4B1D
S315000215D0074A084900938623F4F78CFFF1F7C2FE07
S315000215E004B070BD02F0FE02E8E700BFA24C0300A1
S315000215F0844C0300F8FC0200B24C03001FB5FF2323
S315000216000DF10F0240F281118DF80F30FFF774FFD2
S3150002161050B9F3F72FFF074B074A084900938B236C
S31500021620F4F768FFF1F79EFE9DF80F0005B05DF82E
S3150002163004FB00BFC24C0300844C0300F8FC02000A
S3150002164073B50E780C4600256EB1012E0FD0E368F5
S315000216503BB1236901A9201D8DF804608DF8055060
S31500021660984702B070BD0131FFF788FFEFE7FFF739
S31500021670C5FF0546EBE70000F0B58BB00C46074602
S31500021680032200210120F0F72DFC03AB221D069058
S31500021690079306AB04AE054693E8030086E803000B
S315000216A092E8030083E8030096E8030082E8030059
S315000216B0E268184608921F4AE260226909921E4AA7
S315000216C02261F3F78CFE00234FF0FF322146D7F852
S315000216D0F40EF0F787FC01280AD0F3F7CBFE174B7E
S315000216E0174A184900933723F4F704FFF1F73AFE35
S315000216F04FF0FF312846F0F785FF01280AD0F3F7AD
S31500021700B9FE114B0E4A0F4900933823F4F7F2FE45
S31500021710F1F728FE2846F1F7D9F8BDF80C3000207B
S31500021720DAB2C3F3072362F3070063F30F200BB0A9
S31500021730F0BD00BF5F130200291402009E100300D1
S31500021740B2010300F8FC0200F91203007FB5002380
S315000217508DF8051001A98DF8062004938DF8043042
S31500021760FFF78AFF02A8F3F73AFE07B05DF804FB1B
S31500021770F8B50E4613460546002400F120021C2148
S3150002178001FB04F01758B7420AD12844876987B982
S315000217901C2303FB04540023236284F8243002E052
S315000217A00134062CECD131462868BDE8F840EEF744
S315000217B054BCF2687168C069B847E9E770B5D0F8F9
S315000217C0BC6004460D46134626B1CA68D0F8C0006E
S315000217D04968B04729462068EEF73FFC012384F8A2
S315000217E0C43070BD2DE9F04F044685B0054600F1C0
S315000217F0A8060027E96821B12068EEF780FB85F884
S3150002180025701C35AE42F5D1D4E90101ECF756FD3F
S315000218100546002840F0BD80A76897F85430062B8D
S3150002182042D106464FF00C09F1B209FB01F357F813
S3150002183003C09CF902009CF8032000289CF80230A1
S3150002184002F0030232DA022A60D1606803F00F0363
S315000218504FF001084FF0000B00908DF809309CF80C
S3150002186006004FF4807C8DF80CB08DF8080040F22B
S315000218700120ADF80A00494801901C204143601836
S315000218800C31027400F1250AA0F812C06A460375EB
S31500021890214480F8158080F825802068EEF726FB23
S315000218A000286FD08AF800B0012572E0022A69D1B9
S315000218B0606803F00F034FF000084FF0010B009031
S315000218C08DF809309CF806004FF4007C8DF80C80E8
S315000218D08DF808003248ADF80AC001901C20414339
S315000218E060180C31027400F1250AA0F812C06A468B
S315000218F00375214480F8158080F825B02068EEF73C
S31500021900F5FA00283ED08AF80080CDE7032A39D1BD
S31500021910606803F00F034FF0000B8DF8093000905A
S315000219209CF806008DF808009CF805E09CF8040077
S3150002193040F2013C8DF80CB0ADF80AC040F6B83C56
S3150002194040EA0E20ADF804C04FF01C0CC0F30A00AA
S315000219500CFB01F1ADF8060004EB01080C3188F826
S315000219601430012388F810202144A8F812006A4690
S3150002197088F8153088F825302068EEF7B7FA08B1EE
S3150002198088F825B0013697F85420F3B29A423FF60A
S315000219904BAF284605B0BDE8F08F00BFB80B00017B
S315000219A0B80B0002002370B5C0F8B83004460D46E5
S315000219B0134612B9FFF716FF0346D4F8BC6026B1E8
S315000219C00022D4F8C0001146B04729462068BDE877
S315000219D07040EEF742BBF7B50646C8200F46E1F760
S315000219E039F90446A8B1002501AA08214660856096
S315000219F03046EEF74AFB019B01AA092123603046D5
S31500021A00EEF743FB019B2846C4F8B4303C6003B0B2
S31500021A10F0BD0C20FBE700002DE9F0470C46074617
S31500021A2098B371B300250E4601F1A808DFF860A04D
S31500021A30A946F16871B100222068EEF7E0FAF16872
S31500021A402068EEF75CFA054610B15046E9F7C4FE87
S31500021A50C6F80C901C364645EBD1D4F8B41031B119
S31500021A60D4F8B8201AB12068EEF7C9FA0546A1687B
S31500021A703846ECF75FFC2046E1F7F9F82846BDE860
S31500021A80F0872546ECF756FCF8E70325F6E700BF94
S31500021A90144D030068B1002325301C2202FB03F11A
S31500021AA0415C09B9052B04D10133062BF6D100207E
S31500021AB070470120704700002DE9F743DDF82880C2
S31500021AC017461E460446002847D081604068ECF758
S31500021AD0F5FB0546B0B9254604F1A809E9681C35A7
S31500021AE000222068EEF78BFA4D45F7D177B9002E22
S31500021AF035D02046FFF776FE3A4605460346394676
S31500021B004046B047284603B0BDE8F08301A92068E5
S31500021B10EEF786FA28BB019A40F60131124BC4E968
S31500021B202F68C2E90434D3691980A168896C89785F
S31500021B30D88099805F80D4F8B410C2E90100206889
S31500021B40EEF70AFA054618B9019BC4F8B830D9E788
S31500021B5001992068EEF781FAD4E70325D2E73546E4
S31500021B60D0E70125CEE700BFA51902002DE9F34112
S31500021B70064690461F460024037D8B422BD1437DA9
S31500021B804BBB1C2303FB0464237C022B27D101A934
S31500021B903068EEF745FA0546D8B9019A124B82F833
S31500021BA02000E168C2E90436089BC2E90187A36105
S31500021BB00127099B84F82470C4E907323068EEF7DE
S31500021BC0A7F968B184F82450256201993068EEF7C6
S31500021BD044FA012004E001341C30062CCCD1042046
S31500021BE002B0BDE8F08100BF711702002DE9F7438C
S31500021BF00646914698460024037D8B422DD1477DA9
S31500021C00012F2AD11C2303FB0464237C022B28D137
S31500021C1001A93068EEF704FA0546D0B90A9B019A83
S31500021C20A3610B9B2262E361104B84F8247082F855
S31500021C302070E1683068C2E90198C2E90436EEF71D
S31500021C40B9F980B184F82450256201993068EEF71B
S31500021C5004FA384603B0BDE8F08301341C30062C82
S31500021C60CAD10427F5E70746F3E700BF711702005A
S31500021C70F7B504460D46006801A916461F46EEF75B
S31500021C80CFF920BB089BE988C4F8C030019A134BF0
S31500021C90C4F8BC7091605660C2E90434D3696878AE
S31500021CA058702878187068885880A8880125D980C5
S31500021CB09880D4F8B410206884F8C450EEF74CF932
S31500021CC038B101992068EEF7C8F984F8C4500120AA
S31500021CD002E0019BC4F8B83003B0F0BDBD170200A4
S31500021CE02DE9F04FB9B04FF0010B2E920B93BDF8D0
S31500021CF0B83043EA0243439A2F93439B9BB243EA8B
S31500021D000243429A3093002A4D9B459A4FEAA30317
S31500021D103193429BC3F10003C8BF0023002A4A9AAB
S31500021D2005930BFA03F322EAE27703F1FF330693F4
S31500021D3043FA0BF307935B440A93459BC3F10003F3
S31500021D40C8BF0023002A02930BFA03F303F1FF3301
S31500021D50039343FA0BF304935B4409934A9BC3F13F
S31500021D600003C8BF00230BFA03FB01930BF1FF3BF1
S31500021D704FEA6B0A0AF101030893479B0F93319BC3
S31500021D80CDE933010E930D91429B0C9023EAE37940
S31500021D90459B23EAE3780E9B002B1FDC319B339A8B
S31500021DA023EAE373429D459E02EB8300349A4A9FDF
S31500021DB025EAE57502EB8301479A26EAE67627EAE3
S31500021DC0E77702EB83034D9A02F003021A44934229
S31500021DD040F0E181002039B0BDE8F08F0C99042271
S31500021DE037A806F087F80C9B0D990422043337A80E
S31500021DF0379D0C9306F07EF80D9B4FEA35262F9AF7
S31500021E0004332FFA86F60D93379B2FFA85F54FEAA0
S31500021E1033212FFA83F32FFA81F196FA02FE95FA0D
S31500021E2002F2309891FA00FC93FA00F34FF08040E8
S31500021E3000213293469B0B9D079ECDE9160191B276
S31500021E400598120C9940DDE9163401FA09F1C5FB31
S31500021E500134DD0F06994FF0804345EA44052940D7
S31500021E6005410A9858BF3046449E81424FF0000110
S31500021E700298C8BF0135CDE91831469BBDF8C81096
S31500021E809940DDE9183401FA08F1C6FB0134DB0F8B
S31500021E90099E43EA4403039953FA00F001EA030157
S31500021EA03346049E48BF1E46B1424FF080464FF06D
S31500021EB00001C8BF01302844089DCDE91A61B84027
S31500021EC04999DDE91A34C1FB0034DB0F019843EA74
S31500021ED0440353FA00F003EA0B0158BF5546A942E0
S31500021EE048994FF08045C8BF013008444B99884253
S31500021EF0B8BF08464C998842A8BF08460021CDE9DA
S31500021F001C51469B46B20B999A40079DF6B202FABD
S31500021F1009F2DDE91C34C1FB0234DA0F069942EA02
S31500021F204402329B4FF0804402EA010005991B0CE1
S31500021F3052FA01F10A9A58BF2A4690424FF000021D
S31500021F404498C8BF0131CDE91E42469A9340029A8F
S31500021F5003FA08F3DDE91E45C0FB0345E00F039BC8
S31500021F6040EA4500049D50FA02F203EA000309988A
S31500021F7058BF28464FF0804583424FF080404FF0CD
S31500021F800003C8BF01320A44CDE92003BA40499B87
S31500021F90DDE92001C3FB02010B46C10F019A41EAAA
S31500021FA0430151FA02F201EA0B03089958BF51465E
S31500021FB08B42489BC8BF01321A444B9B9A42B8BF18
S31500021FC01A464C9B9A42A8BF1A4653B24FF0804219
S31500021FD032930023CDE92223469A1FFA8EF34FEA63
S31500021FE01E4E93400B9A03FA09F3DDE92201C2FB66
S31500021FF00301C20F069B42EA41020599079852FA6B
S3150002200001F102EA03030A9A58BF02464498934230
S315000220104FF00003469AC8BF0131CDE924531FFA97
S315000220208CF39340029A03FA08F3DDE92445C0FBD8
S315000220300345E00F039B4FF0804440EA4500049DB0
S3150002204050FA02F203EA0003099858BF284683426F
S315000220504FF00003C8BF01320A44CDE92643BA4015
S31500022060499BDDE92601C3FB02010B46C10F019A1A
S315000220704FF0804041EA430151FA02F201EA0B03B2
S31500022080089958BF51468B42489BC8BF01321A4431
S315000220904B9B9A42B8BF1A464C9B9A42A8BF1A4615
S315000220A053B200223593469B0EFA03FECDE928026F
S315000220B00EFA09FEDDE928010B9A469BC2FB0E01C8
S315000220C0C50F069A45EA4105059907982A400D412A
S315000220D00A9958BF014602988A424FF080414FF052
S315000220E00002C8BF0135CDE92A124FEA1C424499C3
S315000220F09A40DDE92A3402FA08F2C1FB0234DA0F09
S31500022100039942EA4402114002410998034604989F
S3150002211048BF18464FF0804381424FF000010198B4
S31500022120C8BF01322A44CDE92C31BA404999DDE9CA
S315000221302C34C1FB0234DA0F359B42EA44021B02FD
S3150002214002EA0B01024108989BB258BF50468142EF
S3150002215048990F98C8BF01320A444B998A42B8BFC0
S315000221600A4632994FEA014C4C990CF47F0C8A428A
S315000221704CEA0606A8BF0A4637A9334343EA026277
S315000221803792042205F0B6FE0F9B04330F930E9B83
S31500022190013B0E93FFE5439C4FF0804811F901CBBA
S315000221A010F901EBA444469C0CFA04FC2E9CA644AE
S315000221B0469C0CFA06FC0EFA04FE00240EFA05FEF4
S315000221C0CDE910840B9CDDE91089C4FB0E894FEA28
S315000221D0D87E069C4EEA490E04EA0E08059C5EFA73
S315000221E004FE0A9CA146079C58BFA1460024C84586
S315000221F04FF08049CDE91294449CC8BF0EF1010EFE
S31500022200DDE91289C4FB0C894FEAD87C039C4CEAAF
S31500022210490C04EA0C08029C5CFA04FC099CA146DF
S31500022220049C58BFA1460024C8454FF08048C8BF49
S315000222300CF1010CF444CDE914840CFA07FC499C18
S31500022240DDE91489C4FB0C894FEAD87C019C4CEA6F
S31500022250490C0BEA0C0E5CFA04FC089C54BFD046EF
S31500022260A046489CC645C8BF0CF1010CA4444B9C31
S31500022270A445B8BFA4464C9CA445A8BFA44603F8EF
S3150002228001CBA4E52DE9F04F99B00125CDE90F2345
S31500022290BDF83C30029143EA0243109A0190119331
S315000222A0BDF8403043EA02431293289B9B101393D6
S315000222B0259B002BC3F10004229BC8BF00240E936A
S315000222C0A540139B013D0393259B6E1023EAE378F9
S315000222D0771CCDE91401039B002B19DC139B23EA1F
S315000222E0E372149B03EB8200159B03EB820A229B8B
S315000222F003EB8202289B03F0030C259B944423EAFA
S31500022300E37E624540F0E580002019B0BDE8F08F1B
S315000223100199042217A805F0EDFD019B179917A84C
S3150002232004334FEA312201932FFA81FB2FFA82F30B
S3150002233002990422994605F0DDFD029B179A0433A1
S3150002234011992FFA82FE02934FEA32232FFA83F370
S3150002235099FA01F29BFA01FB129993FA01F39EFA9A
S3150002236001FE4FF0804C00212498CDE906C11BFBEB
S315000223700EF11EFB3BFE01FA08F10EFA08FEDDE93C
S31500022380069AC0FB019A4FEAD97C4CEA4A0C5CFADF
S3150002239004F00CEA05014CBFBC46B44661452399DC
S315000223A0C8BF0130084426998842B8BF0846279913
S315000223B08842A8BF084600214FFA80FC4FF08040B1
S315000223C0CDE9080124995FFA8CFCDDE9089AC1FB84
S315000223D00E9A4FEAD97E4EEA4A0E4FF0804A5EFACC
S315000223E004F00EEA05014CBFBE46B6467145239976
S315000223F0C8BF0130084426998842B8BF08462799C3
S315000224008842A8BF08460021CDE90AA112FB03F1C2
S315000224104FFA80FE249813FB32F301FA08F14FEAD1
S315000224200E4E03FA08F30EF47F0EDDE90A9A4EEA1F
S315000224300C0CC0FB019A4FEAD97949EA4A0959FAC2
S3150002244004F009EA05014FF080494CBFBB46B3468A
S3150002245059452399C8BF0130084426998842B8BF16
S31500022460084627998842A8BF08460021CDE90C9163
S31500022470249940B2DDE90C9A0002C1FB039A4A464E
S3150002248080B2D10F4CEA000041EA4A0151FA04F245
S3150002249001EA05034CBF394631468B42239B17A9F5
S315000224A0C8BF01321A44269B9A42B8BF1A46279BD6
S315000224B09A42A8BF1A4640EA0262179204220E986E
S315000224C005F018FD0E9B04330E93039B013B039309
S315000224D001E710F9018B0F9B109998441AF9013BF9
S315000224E00B44002103FB08F34FF0804803FA0EF376
S315000224F0CDE904812499DDE90489C1FB03894FEA08
S31500022500D873239943EA490305EA030823414CBFDA
S31500022510B946B146C845C8BF01330B4426998B421A
S31500022520B8BF0B4627998B42A8BF0B4602F8013B60
S31500022530E7E6D86830B584078BB028D10C6934BB7E
S315000225404C6924BB8D68012D21D1CD68012D1ED188
S315000225504D6A08950D6A07954D6806950968CDE995
S3150002256004011399C9680391D3E901101B68414319
S315000225700E984B4310990293536801931368129A6B
S315000225800093149B00F04FF920460BB030BD4FF07C
S31500022590FF30FAE7002070472DE9F74F0C9E84467C
S315000225A00C46964600961D46DDE90D67DDE90FBA33
S315000225B001970F69DDE91189DFB94F69CFB9DF6884
S315000225C0BF0716D18F68012F13D1CF68012F10D103
S315000225D0B768012F0DD17768012F0AD18F69012FB4
S315000225E007D1CF69012F04D103B0BDE8F04FFFF741
S315000225F0A0BFD8F80430012B24D16B68012B21D15E
S315000226007368012B1ED1D8F808309B071AD12B68A4
S31500022610012B17D1A369012B14D1E369012B11D127
S31500022620019B724621466046CDE90D63009B0C93E1
S315000226302B46CDE91189CDE90FBA03B0BDE8F04FBB
S3150002264001F0CABC019B724621466046CDE90D6384
S31500022650009B0C932B46CDE91189CDE90FBA03B045
S31500022660BDE8F04F01F0D4BC10B40446084611464A
S315000226702269D2B96269C2B9C268920715D1A26843
S31500022680012A12D1E268012A0FD18A68012A0CD1E5
S315000226904A68012A09D1A269012A06D1E269012AF8
S315000226A003D15DF8044BFFF775BF5A68012A15D1AD
S315000226B04268012A12D14A68012A0FD19B689B07F8
S315000226C00CD10368012B09D1A369012B06D1E36959
S315000226D0012B03D15DF8044B01F08CBC5DF8044B71
S315000226E001F08FBC2DE9F74F0E9E07EE900A0C46BD
S315000226F0944601961D468E68012EDDE90C7EDDE9C3
S315000227000FBADDE911982DD11E68012E2AD1CE69A4
S31500022710012E27D10E6A012E24D1DEF80860032E7F
S315000227200ED1DEF80460032E0AD18E69012E07DC73
S315000227304E69012E04DC03B0BDE8F04F01F01ABE6B
S31500022740019B6246214617EE900A0C97CDE90DE3EE
S315000227502B46CDE91198CDE90FBA03B0BDE8F04F8B
S3150002276002F05ABC019B6246214617EE900A0C976C
S31500022770CDE90DE32B46CDE91198CDE90FBA03B0A9
S31500022780BDE8F04F02F0A3B810B404460846DB6871
S315000227901146C2689A420CD10368012B09D1E3693A
S315000227A0012B06D1236A012B03D15DF8044B02F0FB
S315000227B02CBC00205DF8044B70472DE9F04F8BB01E
S315000227C00C4616461D684FF0000BDDE91478DDE96C
S315000227D0199A1DB928460BB0BDE8F08F0123384679
S315000227E0189A013D0993236916990893E36807939A
S315000227F0D9F80C300693D8F8003005937368049321
S3150002280033680393A368CDE901B323680093534663
S3150002281000F058FCD8F800301F44D9F80C309A441E
S31500022820D7E7002070472DE9F04FADB02293389BD1
S31500022830DDF8E8B05B100D92BBF1000F1090239308
S315000228404FEA4B03239A1193399B219103FB02F31F
S31500022850229A009102EB43030F930B465B442093AB
S315000228602BF00F03B8BF00230C93ABEB03030C9AB8
S315000228709345B8BF00235B442593399B5B0026939F
S315000228800423069300230193019A229B134409937E
S31500022890399B013B934240F39A83009B00985A1E50
S315000228A00023C0F10100194605E012F9014F214447
S315000228B012F90B4023448418A345F6DC3B9A4A439B
S315000228C002923B9A534303930D9B5BB1019A53F8D1
S315000228D02230029A1A440D9B0292069A9B58039A38
S315000228E01A4403920C9B009A013BD3180E93109B39
S315000228F00493239B0A93ABF10F0328930A9B002BA5
S3150002290000F01082049B5B440793209B0893009B74
S315000229100B93049B0593DDE902394D461C4614E1EF
S315000229200B9904222BA8299305F0E4FA05990422AF
S315000229302BA8DDF8ACA005F0DDFA042208992BA835
S31500022940DDF8AC802FFA8AF705F0D4FA2B9A2FFA23
S3150002295088F62FFA9AFA2FFA98F826FB07442FFAE6
S3150002296082F3249328FB0A4327932FFA92F4249B9B
S3150002297026FB035528FB0458042207992BA805F0C9
S31500022980B9FA2B9E2FFA86F22FFA96F6299B22FB8C
S315000229900737249B22FB039926FB0A7A04220B9B08
S315000229A02BA8991805F0A6FA2B9F26FB0499042258
S315000229B0089B2BA8991805F09DFA0422059B2BA8C3
S315000229C02B9E991805F096FA2B9A2FFA87F52FFA6D
S315000229D082F12FFA97F72FFA92F2279B21FB053401
S315000229E02FFA86F322FB074024902FFA96F421FB56
S315000229F00388279322FB04880422079B2BA8991895
S31500022A0005F078FA2B9E2FFA86F22FFA96F622FB1B
S31500022A1005AA279B22FB039926FB07A70B9B0422E9
S31500022A202BA803F1080105F065FADDF8ACA026FB38
S31500022A300496089B04222BA803F1080105F05AFA12
S31500022A40059B04222BA803F108012B9D2FFA8AF974
S31500022A5005F050FA2B9A2FFA82F12FFA9AFA2FFAE8
S31500022A6092F2249B21FB09342FFA85F322FB0A40BA
S31500022A7024902FFA95F421FB0385279322FB045514
S31500022A80079B04222BA803F1080105F033FA2B99C0
S31500022A902FFA81F22FFA91F822FB0977279B22FB64
S31500022AA0036628FB0A7A0B9B04222BA803F10C016E
S31500022AB005F020FA0B9B2B9F10330B9328FB046324
S31500022AC027930422089B2BA82FFA87F603F10C0101
S31500022AD005F010FA059B04222BA803F10C01DDF880
S31500022AE0AC9005F007FA059B103305932B9B2FFA42
S31500022AF083F22FFA97F72FFA93F3249922FB0614FF
S31500022B002FFA89F823FB07442FFA99F922FB085575
S31500022B1023FB0955079B04222BA803F10C0105F0A0
S31500022B20E9F92B9A2FFA82F12FFA92F221FB06AAE1
S31500022B30279B21FB083122FB07A322FB0919089ACE
S31500022B4010320892079A10320792DDE90412521ADD
S31500022B50289991423FF7E4AE0C99049A0E980A44DA
S31500022B601646511E0C9A5A45C0F2CA80259A4FF053
S31500022B70804001994FF0010CB2184FF08048049240
S31500022B80369A52F821200792379A52F821200021CC
S31500022B9022EAE27A002A04FA0AF4CDE91201079936
S31500022BA0DDE91267C1FB0467D4BF54420024F00F6B
S31500022BB00CFA04FC40EA47010CF1FF3C4FEA6C0EAA
S31500022BC001EA0C0021414CBF0EF10102724690420D
S31500022BD00698369AC8BF013112580892379A105889
S31500022BE020EAE07200280B924FF00002D4BF404266
S31500022BF00020CDE914820B9ADDE914679540089A04
S31500022C00C2FB05670125F20F854042EA4702013DF4
S31500022C104FEA650802EA0507024105954CBF08F12D
S31500022C2001064646B7424FF080474FF00006C8BF3E
S31500022C300132CDE9167603FA0AF7079BDDE9165645
S31500022C40C3FB0756EB0F43EA46034FF0804653FA9F
S31500022C5004F403EA0C0C4FF0000348BF0EF1010E18
S31500022C60CDE918630B9BF445059D09FA03F9089B08
S31500022C70C8BF0134DDE91867C3FB0967F30F43EAEE
S31500022C80470353FA00F005EA03053C9B48BF08F1E7
S31500022C9001081A44194445451C44C8BF013018446A
S31500022CA03D9B9942B8BF19469A42B8BF1A469C4202
S31500022CB0B8BF1C469842B8BF18463E9B9942A8BF69
S31500022CC01946099B19703E9B9A42A8BF1A46099B50
S31500022CD05A703E9B399A9C42A8BF1C46099B9C543B
S31500022CE013463E9A01339042A8BF1046099AD05421
S31500022CF01346269A134409930A9B013B0A93FDE560
S31500022D0010F901EF013211F9017F10F90BC017FB1F
S31500022D100E4417FB0C5511F90B701EFB07331CFBF7
S31500022D20079920E7389BDD0740F18280009B049DCE
S31500022D3003EB0B061C46ABF10F030593009B059AAA
S31500022D40E31A9A4200F385800C9A049B1344049A70
S31500022D5056429A19934500F32881369B4FF08044D8
S31500022D60019A029853F82210379B53F82220002327
S31500022D70002ACDE91A4322EAE273D4BF5242002264
S31500022D8098400123DDE91A459340C1FB0045E00F57
S31500022D90013B40EA450050FA02F200EA03014FEA1B
S31500022DA06303069848BF013399420699369BC8BF0A
S31500022DB001325B5837990C584FF080400021002CA5
S31500022DC0CDE91C0124EAE4710398DDE91C5600FAF8
S31500022DD001F0C3FB00563146D8BF61424FEAD573B4
S31500022DE0D8BF0A9101210A9843EA46030A9C814008
S31500022DF0013903EA010023414FEA610148BF01316B
S31500022E0088423C99C8BF01330A440B443D998A4221
S31500022E10B8BF0A468B42B8BF0B463E998A42A8BF44
S31500022E200A460F990A703E9A9342A8BF13464B7000
S31500022E30009B119A13440093019B023301930F9B4B
S31500022E4002330F93209B13442093069B0833069369
S31500022E501AE5214604222BA805F04CF83146042235
S31500022E602BA8DDF8AC8005F045F8294604222BA8EC
S31500022E702B9F05F03FF82B9B2FFA88F22FFA83F946
S31500022E802FFA87F12FFA98F82FFA93F32FFA97F77A
S31500022E90029829FB020223FB0828039A29FB01292F
S31500022EA023FB079904222BA8A11805F023F8042274
S31500022EB02BA8DDF8ACA0B11805F01CF804222BA84B
S31500022EC02B9FA91805F016F82B9B2FFA8AF12FFAD9
S31500022ED083F22FFA87F02FFA9AFA2FFA93F32FFA40
S31500022EE097F722FB018823FB0A8822FB009923FB22
S31500022EF00797042204F108012BA804F0FBFF06F150
S31500022F00080104222BA8DDF8ACA004F0F3FF05F1BA
S31500022F10080104222BA8DDF8AC9004F0EBFF2B9AF3
S31500022F202FFA8AF12FFA82F32FFA89F02FFA9AFAF8
S31500022F302FFA92F22FFA99F923FB018822FB0A88CB
S31500022F4023FB007722FB0977042204F10C012BA84C
S31500022F50103404F0CFFF06F10C0104222BA8DDF891
S31500022F60ACA004F0C7FF05F10C0104222BA8DDF882
S31500022F70AC90103504F0BEFF2B9A2FFA8AF12FFA85
S31500022F8082F32FFA89F02FFA9AFA2FFA92F22FFA8F
S31500022F9099F923FB018822FB0A81029123FB007720
S31500022FA022FB097310360393C8E60E9813F9012B18
S31500022FB010F9011F0E90029812FB0101039802916B
S31500022FC00E9911F90B1012FB01020392C1E6399A0E
S31500022FD0399B002A21984FEA5303119AB4BF002164
S31500022FE019464FEA4303B8BF002302FB01020092CF
S31500022FF0229A1A441346399AD10713D502F1804010
S315000230000D9A00262BEAEB7E01384FF0010802EBFF
S315000230108007369A02EB800C379A02EB8000389AC8
S31500023020964203DB00202DB0BDE8F08F0D9A002AF0
S315000230303BD03D6800225A4539DB109A00214FF0F9
S315000230408049DCF800407244013610920268CDE9EC
S315000230501E918A4222EAE2793C9905FA09F5D4BF21
S3150002306052420022DDE91E9AC4FB059A08FA02F5CD
S315000230704FEAD974013D44EA4A0454FA02F204EAD8
S3150002308005094FEA650548BF0135A945C8BF0132A2
S315000230900A443D998A42B8BF0A463E998A42A8BF67
S315000230A00A461A70399A1344B9E70D9DC2E7109C75
S315000230B03B99A4560C44009911F90290013209FB7E
S315000230C00455B8E72DE9F04F9BB01446824611939A
S315000230D0289A0B91DDF82C80DDE929B303EBD37531
S315000230E0BBF1000F5E464FEA6503B8BF0BF103065C
S315000230F0002A0E93249B1BB2C3EA034302934FEAB0
S31500023100A60315934FEA4B030D9326F00303009390
S31500023110289BC3F10003C8BF002304930123049A2A
S315000231209340009A013B00EB020905935B100A9358
S3150002313001330F932D9B5B0010930B9B13440C934F
S31500023140119B019300230393289B23EAE3731493B1
S31500023150039B0E9A93424DDB22EAE2750D9B0B9A74
S3150002316005FB0326109B5D432A9BDB073ED504B174
S315000231702468B046D14540F0FB80009B159A1E4458
S315000231804B46C9EB82015A18934500F31281289BDC
S3150002319000214FF0804023EAE3720F46279B064642
S315000231A094400122C3FB0467289BF40F002B44EAD8
S315000231B04704CCBF0B465B429A4054FA03F302F132
S315000231C0FF3204EA02014FEA620248BF013291422B
S315000231D0269AC8BF013313442B9A9342B8BF1346AB
S315000231E02C9A9342A8BF1346119A535500201BB03E
S315000231F0BDE8F08F002C75D02346656853F8086B3E
S315000232001C460D9A08EB0B03574642441692B945E3
S315000232106BD10C9F4A46009B07EB0B01A3EB090CF3
S31500023220084602EB0C039B4500F395804FF0804065
S315000232300023CDE90603149BDDE906789E40279B11
S31500023240C3FB0678F80F059B40EA48000A9E00EA8F
S315000232500302049B18410F9B58BF33469A424FF014
S3150002326080424FF00003C8BF0130CDE90823149B0A
S315000232700F9A9D40279BDDE90867C3FB0567F60F9A
S31500023280059B46EA470606EA0305049B56FA03F33C
S315000232900A9E58BF32469542269AC8BF0133104449
S315000232A013442B9A9042B8BF10469342B8BF1346B6
S315000232B02C9A9042A8BF1046019A10702C9A2D980B
S315000232C09342A8BF1346019A13541346109A134405
S315000232D00193039B0133039301EB0B03DDF8588043
S315000232E00C9335E7254626468BE73946042219A86C
S315000232F01793043704F0FEFD199A029B23FA92F300
S315000233004146129319A8029B23FA82F304221393CD
S3150002331008F1040804F0EEFD199A2FFA92F1129BB5
S315000233202FFA82F221FB0366139B22FB0366179B8D
S31500023330042219A8194604F0DDFD179B199A0433D5
S315000233402FFA92F112982FFA82F221FB0055139965
S3150002335022FB01555BE712F901EB249B734417F933
S3150002336001EB03FB0E6610F901EB03FB0E5558E762
S315000233705146042219A80AF1040A04F0BBFD199F5A
S31500023380029B23FA97F30422414619A8019308F1F6
S315000233900408029B23FA87F704F0ACFD199B2FFA67
S315000233A093F201992FFA83F322FB014423FB07448C
S315000233B0E0E6249813F9012B024416F9010B02FBED
S315000233C00044E0E62DE9F04F97B0D2E90156129398
S315000233D00296DDE920346668A4680B960C944C6864
S315000233E003940C6804945C689B680D940E930468BD
S315000233F0D1E9023605930B690F934B691093D36893
S3150002340034B99A0004D04FF0FF3017B0BDE8F08F00
S31500023410AA19C6F1000BB6464FF0000A09920B9A9A
S31500023420924501DB0020F0E7059ABBF1000F0599F2
S31500023430C2F1000CD4BF724600220A92059A089283
S31500023440029A0A44029906920A9A5A444A430D99E2
S31500023450119200220192099A8A42A8BF0A4615923F
S31500023460019A0C998A420ADB039A0AF1010A039924
S315000234709344AEEB020E099A521A0992CFE7BCF1B7
S31500023480000F089A0E99D8BF1546069AC8BF00259E
S31500023490DDF828808A42A8BF0A460CEB0501914650
S315000234A0119A1491079200221599884534DA0798E1
S315000234B02E4614990144129803FB0101501B0091F8
S315000234C013901AE01398801911D00020984210DA4E
S315000234D0009954F82070095687FA81F744F820704B
S315000234E00130F3E700990F5644F8207001309842F4
S315000234F0F8DB00990136194400914E45E2DBA9EB4F
S315000235000501029808F101084D45C8BF00210A4489
S31500023510079901440791C7E7002A3FF474AF551093
S31500023520002083420FDC229A04991A442292049ABA
S315000235309444019A01320192089A521A0892069A02
S31500023540521A06928CE754F820100F9E0029CCBF1F
S315000235504919491B91FBF2F1B142B8BF3146109E9F
S31500023560B142A8BF3146229E31540130D9E78800C4
S3150002357070472DE9F04FA5B09468D5682093099459
S31500023580DDE92E304468806815940A9048680B90ED
S3150002359008680C9058689B6818901993D1E9020341
S315000235A0D1E904B10393009159425368039A0191F8
S315000235B0A910D3180D901C9112930A9B23EAE37368
S315000235C06B431D9321EAE1739B001693309B049390
S315000235D000230593059B159A934217DB0A9B309E9F
S315000235E053435D43AC102746002F00F3E68024EADE
S315000235F0E474309B05F0030503EB84042544AC42D6
S3150002360040F01681002025B0BDE8F08F0D9B0D9A83
S315000236105B42049F0293019B002B039BC8BF0023BE
S3150002362014930D9B1193099B1344019A0F93149BB8
S315000236301344099A53431F9300230693069B0A9A3F
S31500023640934211DB049B1D9A13440B9A0493019B2C
S3150002365013440193059B01330593039B9B1A039322
S31500023660129B9B1A1293B5E7029B189A002B119B89
S31500023670C8BF00231393129B9342A8BF1346199AFD
S315000236801A930F9B9342A8BF13461B93169BFB18D4
S31500023690179305F00303179AD3181E931F9B1093D3
S315000236A0149B07930023079A1A998A4276DA029A9A
S315000236B013995418109A08911444209A05FB04246D
S315000236C00BE0002B66D12A462146384604F012FC4E
S315000236D0089B2C44013308930123089A1B998A42BA
S315000236E0EFDB079A099901320792109A0A4410925F
S315000236F0D9E75146042223A8219304F0FBFB0422B6
S315000237000E9923A8239E04F0F5FB239A70B2B046C5
S3150002371051B20E9B814246F3072003F10403C8BF50
S3150002372061F3070842F307210E93884246F30740E6
S315000237304FEA2666219BB8BF61F30F2842F3074181
S315000237402193884250460AF1040AB8BF61F317482A
S315000237501116B6EB226F4FF00402B8BF61F31F6871
S3150002376023A9CDF88C8004F0C5FB219B013B002BDD
S31500023770BFDC169B5A1E179B22441E998B42A7D06A
S3150002378093F90000013312F9011F8842B8BF03F80A
S31500023790011CF2E7BA461C9B0E94E8E70C9A2F44EA
S315000237A0029B13440293069B01330693119B9B1AB9
S315000237B011930F9B9B1A0F9340E73146042223A8CD
S315000237C0013F04F097FB239B009930465AB2043618
S315000237D05A45B8BF5A4652B28A42A8BF0A4662F34F
S315000237E0070943F307225A45B8BF5A4652B28A42DC
S315000237F0A8BF0A4662F30F2943F307421B165A452E
S31500023800B8BF5A4652B28A42A8BF0A465B45B8BFFB
S315000238105B4662F3174904225BB28B42A8BF0B4692
S3150002382023A963F31F69CDF88C9004F063FBDBE6F2
S3150002383094F90030009A5B45B8BF5B469342A8BF35
S31500023840134604F8013BDAE62DE9F04F85B08446CB
S315000238500C4696460E9E1D46DDF850900196DDE911
S315000238600F86DDE912BA0296119E0396D8E9016720
S315000238707E43DF687E43B6F5007F0ADA8E69012E43
S3150002388007D1CE69012E04D105B0BDE8F04F02F092
S31500023890C5B9039B7246214660461193029BCDF839
S315000238A048B0CDE90F83019B0E932B46CDE913A9B0
S315000238B005B0BDE8F04F02F08DBB0346084611463F
S315000238C010B4D2E901245443C2686243B2F5007FC0
S315000238D009DA9A69012A06D1DB69012B03D15DF85F
S315000238E0044B02F06FBB5DF8044B02F0E7BC00002C
S315000238F02DE9F04F0F8BBBB0CD6921978F89A8B206
S31500023900499E1FFA85FE22970F8A289023975768A9
S315000239101268086A2592B26807901692BDF81C00D2
S315000239207268459C2990179218684A6A1F902692D7
S31500023930A0688A6A20902497888A27921A89404228
S31500023940B3F80CA004929A88049BB1F808805343FA
S315000239501A920AFB03F3BDF858205B002D930AFB6B
S3150002396008F30B93BDF85C30534302FB0AF20AFBE1
S3150002397003F308FB02F208FB03F35B002B935300ED
S31500023980049A30930B9B5B0031934FEA48031B93D7
S31500023990BDF81C30534332930AFB0EF35B002A93A5
S315000239A000230E9383B23993A3881E93BDF87C300D
S315000239B00E9A934240F34A81219B5B429BB2159336
S315000239C04A9B109300230893BDF85C303593BDF8EB
S315000239D0803006932FE0BDF954B0BDF81C70BBF1E0
S315000239E0000FCBF10003C8BF00232F93399B14931A
S315000239F0109B0F93002309931A9BA3EB0B031D93B2
S31500023A00DDE91D239342A8BF13463793A7EB0B03A9
S31500023A10013B3893BDF85830099A9A421BDB109B3A
S31500023A20309A1344239A1093089B01330893159BEB
S31500023A3013449BB21593089B359A9342CBDB4A9B60
S31500023A402B9A13442D9A4A93449B134444930E9BF8
S31500023A5001330E93AAE7BDF95090B9F1000FC9F1EF
S31500023A600003C8BF00232E930F9B039300230593E5
S31500023A700293049BA3EB09031C931C9A069B934295
S31500023A80A8BF13463693029B534500F0D280039B90
S31500023A901B9A059E13443393039B0D9373E0259B58
S31500023AA06C4A53F826309342289AD6BF03F5004350
S31500023AB047F6FF731B14012A74D91C99AEEB09024F
S31500023AC006987144013A013991FBFEF192FBFEF22E
S31500023AD0814222EAE272A8BF014618912999012978
S31500023AE064D938991E9C91FBF7F01D9920EAE07083
S31500023AF07918013991FBF7F1A142A8BF2146199124
S31500023B004899002956D001EBC604D4E9004500FBCA
S31500023B1007BC049901FB0CF11291069941431391DA
S31500023B200EFB0291CDE900452C911999884244DB9E
S31500023B30019AD917009C5A4304FB0121A3FB0423D3
S31500023B400B44249951F826000136C0F10E011230B9
S31500023B50B1F1200403FA00F022FA01F158BF43FA48
S31500023B6004F4269B41EA000158BF21430131491062
S31500023B709942B8BF1946279B9942A8BF19460D9B81
S31500023B8023F8021B0D930D9B339A934287D1039B15
S31500023B901B9A13440393029B01330293059B4344EE
S31500023BA0059370E7369A18922E9A97E737992F98C7
S31500023BB01991A5E700240025A9E72C99129C0C92DD
S31500023BC00C4402990AFB0414449901EB44010A913C
S31500023BD013998D180B9901FB056546996918119180
S31500023BE00C990C4618998C4209DB32990130129CC9
S31500023BF00C4406991294139C0C44139495E711995C
S31500023C0091F9001034910A99DDE90045B1F800C036
S31500023C103499CCFB81450C990131CDE900450C91D3
S31500023C200A9C2A990C440B990A94119C0C441194EF
S31500023C30D6E70F9B319A1344229A0F93099B0133BD
S31500023C400993149B13449BB21493E3E600203BB002
S31500023C50BDE8F08FFFFFFE7F2DE9F04F146887B0B5
S31500023C601D680E46174B17469C42D4BF04F5004406
S31500023C7047F6FF74DDE91089DDE915ABD8BF2414D8
S31500023C801DB9284607B0BDE8F08F33694046149A3D
S31500023C90013D0593F36812990493DAF80C30039305
S31500023CA0D9F8003002937B68CDE900435B4600F009
S31500023CB00DF8D9F8003008EB4308DAF80C300BEBB4
S31500023CC0430BDDE7FFFFFE7F002070472DE9F04F33
S31500023CD093B0164607460B931F9B019103EBD37ACB
S31500023CE0DDF870B0DDF804804FEA6A0359460693A0
S31500023CF01E9BB3F5007FA8BF4FF400731D46002B31
S31500023D00B8BF0335AB1008931E9B5B00049325F0E6
S31500023D10030307930B9B079A03F1040A019B1344BF
S31500023D20019A52420592089A00EBC20200920022C0
S31500023D300292CA17CDE90C12029A06998A424CDB04
S31500023D40049B21EAE17A019A0AFB03281F9BDB07FF
S31500023D503FD5079B002443441D46454540F00F814D
S31500023D60089B27464FEAE478C5EB830168181E9B39
S31500023D70834200F3288126B1D6E900107F1840EB72
S31500023D80080858460BFB08F3ABFB07451D9AC117FB
S31500023D90123207FB01331D441D9BC3F10E0305FAC4
S31500023DA002F2B3F1200124FA03F358BF45FA01F1F6
S31500023DB043EA0203209A58BF0B4301335B10934236
S31500023DC0B8BF1346219A9342A8BF13460B9A22F80C
S31500023DD02A30002013B0BDE8F08F1E9A0024B9469F
S31500023DE0424425460392049A42440E92009A914511
S31500023DF077D119461E9B2A46DDF800E003EB010C3B
S31500023E00EB17E517CDF80CC0059801EB00081E98D4
S31500023E108045C0F2A7806EB1B646FEE804894946DF
S31500023E2012EB080241EB0303D6E902107646641848
S31500023E3040EB05050D980AF1040A1D995043C1F19C
S31500023E400E010BFB0300A2FB0B23B1F1200E034470
S31500023E501D9800F1120822FA01F058BF43FA0EFE2D
S31500023E60C1F1200203FA08F8209B40EA0800DDF8B7
S31500023E70388058BF40EA0E00013040109842B8BF61
S31500023E801846219B9842A8BF18460D9B63432AF801
S31500023E90080C0BFB0533A4FB0B451D44B1F12003B3
S31500023EA024FA01F105FA02F258BF45FA03F341EA90
S31500023EB0020158BF1943209B013149109942B8BFEC
S31500023EC01946219B9942A8BF1946029B2AF8061C4D
S31500023ED00133DDE904120293521A1E9B05926344D2
S31500023EE02AE74946042211A80F9304F003F8042294
S31500023EF0119B11A809EB020109F108090A9303F0C3
S31500023F00F9FF119B4146042211A8099308F10408FE
S31500023F1003F0F0FF119A2FFA92F12FFA82F20A9B1E
S31500023F20C1EA2240C2EA014222FB0355099B20FB59
S31500023F3003550422039911A803F0DCFF039B119A8F
S31500023F40043303932FFA92F12FFA82F20A9BC1EA03
S31500023F502240C2EA014222FB0344099B20FB03449E
S31500023F600F9B43E73EF9028B11F9019B0398C8FBAD
S31500023F70892310F9019BC8FB8945039044E7414612
S31500023F80042211A808F1040803F0B4FF119B2FFACA
S31500023F9093F2394611A82FFA83F9C2EA2943C9EAEC
S31500023FA002490422019303F0A5FF119B29FB034456
S31500023FB0042211A8B918083703F09CFF119B019A35
S31500023FC022FB0344C9E6009B15F9010B33F9024BA8
S31500023FD0C4FB80780093C9E610B4069CA468A407C3
S31500023FE003D15DF8044B00F013B84FF0FF305DF8D3
S31500023FF0044B7047C3688868434348685843800047
S315000240007047C368886843434868584380007047CE
S315000240102DE9F04FD0F800A08B461C462DED028B01
S31500024020B9B04599499DBAF1000F05D11846FFF777
S31500024030E8FF002800F39B81EE68E068B7B22368C8
S3150002404008EE107ADBF810702A932397DBF80870D3
S315000240502497DBF800702B97DBF804701897DBF8CF
S3150002406020701997DBF824701A97176852681B9705
S315000240701C92AA88179222890892A288089C1692F4
S3150002408082B20992169A6243099C6243D1E90113EC
S3150002409028922A891D92B2B21D9C1E92179A6243D9
S315000240A018EE104A624326928AB21F929AB21F9C57
S315000240B013FB01F3109213FB00F35443099A99B2CE
S315000240C003F003036243089827910AEB8201C2F3C5
S315000240D08F022093259103EB8203099921934900CC
S315000240E0469B0A9103EB8203BBF80C102D930AEB55
S315000240F0C203229141430A9A309331910A9BBBF83B
S315000241001410634348422E933390109B08985343EE
S3150002411041432F930023494232910C930C9B2A9AD6
S31500024120934205DB002039B0BDEC028BBDE8F08F6F
S31500024130BBF81C305446089A159353432993339B74
S315000241401493329B11934A9B0F9300230D93BBF852
S31500024150183034930D9B179A934240F08480A245FF
S3150002416040F00081449B289A1344269A44934A9B22
S3150002417013444A930C9B0133CFE7BDF89030A04617
S31500024180BDF88C206B43DDF850909B1A2C93119B43
S315000241900B9300230E930E9B1F9A934235D04746EC
S315000241A00026BDF9AC3015E0169A914508D2349A2C
S315000241B02C9906FB0210002802DB089A824218DCC0
S315000241C00A9A00213846359303F0BCFE0A9A013654
S315000241D0359B1744109A9642E6DB2F9B299A984400
S315000241E00E9B01330E930B9B13440B93159B994421
S315000241F0D1E70B9A3946359300EB020E099A449899
S3150002420002FB0E0001F0C6FCE0E72E9B1C44259B38
S31500024210A34218D10F9B544618EE102A5146069314
S31500024220489B46980593279B0493BDF968300393F0
S31500024230BDF964300293189B01931B9B00931C9B50
S3150002424001F007FA0F9001351D9B9D4295DB0D9BF0
S31500024250319A01330D93119B1344229A1193149BA5
S315000242601344149376E70025EEE7489B002B4AD0C9
S3150002427053F82540D146DDF82C8047453B4644D1CC
S315000242802099309A79188B4265D10B9B4FF0804169
S31500024290219A13441C9A52F8250000220B931B9B69
S315000242A00028CDE9121220EAE07253F82530D4BF75
S315000242B0404200209440DDE91212C3FB0412144668
S315000242C0CA0F42EA440301228240013A03EA02018A
S315000242D003414FEA620248BF01329142189AC8BFAF
S315000242E001331344199A9342B8BF13461A9A93425A
S315000242F0A8BF13460F9A53550135219B1F441E9B97
S315000243009D42B2D12EE7489CB4E74146042237A823
S3150002431008F1040803F0EEFD379E2FFA96F349469C
S3150002432037A82FFA86F6C3EA26420D920422C6EA77
S31500024330034603F0DFFD379B26FB0344042237A81E
S3150002434009EB020109F1080903F0D4FD379B0D9A26
S3150002435022FB034491E713F9010B32F8026B16FBB9
S31500024360004490E7469B00252D9F0B93C7E74FF02D
S31500024370FF30D8E62DE9F04FCF68B5B09C680C97B0
S315000243800F69439E17975768126825942792B26859
S31500024390DC682C9272685D682D924A684B690592B8
S315000243A04A6A0B9306928A6A3F980792F2688B6969
S315000243B09442D1F800B0269740F086820B9A012AE1
S315000243C000F382828268032A40F07E824268032AD0
S315000243D040F07A825A420D93EB18002C09921993F7
S315000243E00B9B259AC3F1000304FB02F228930C9B54
S315000243F012924FEA440203FB04F3089204EB4402CE
S315000244002F93289B189203FB04F32E9324F00303A5
S31500024410B8BF00231193E31A119A9442B8BF00233E
S31500024420309300230A931393139B2D9A934203DB33
S31500024430002035B0BDE8F08F099B2E99002B0D9B0D
S31500024440C8BF00231093109A189B53432993099BC4
S315000244509A183E9B0B44129901FB02330B9A0F9357
S31500024460259B249213440E93289B149300231593A1
S31500024470199B032BA8BF03232B93159B2C9A9342BC
S315000244800DDB179A099B13440993139B013313936C
S315000244900D9B9B1A0D93199B9B1A1993C4E7149BA8
S315000244A00A9A002B249BC8BF00232A93449B1344D9
S315000244B00393DDE926390293429B01930023049379
S315000244C0E31E049A934224DC0A9B4FF0010C119AD4
S315000244D0299913441D46449B03EB050A409B5F182A
S315000244E0A242C0F28A81309B0C9AEB180A93149B63
S315000244F013441493159B01331593249B9B1A2F9AED
S3150002450024930F9B13440C9A0F930E9B9B1A0E93A4
S31500024510B3E7019B049A2999D3E90076D3E90253BA
S3150002452000930F9B1344409A02EB0108049A9044AD
S31500024530109A169216992B9A8A4200F3D480029BFD
S3150002454000214FF0804AD9F800201B684FF08048BE
S315000245504FF0804C09F11009002BCDE91AA123EA8C
S31500024560E371D4BF5B4200238F40DDE91A01C2FB2F
S3150002457007010122C00F9A4040EA4100013A50FA6F
S3150002458003F300EA02014FEA620248BF0132914296
S31500024590029959F80C2C4F684FF00001C8BF01333D
S315000245A0002FCDE91C8127EAE771D4BF7F4200279D
S315000245B08E40DDE91C01C2FB0601C20F42EA41023E
S315000245C00121B940013902EA01003A414FEA61018B
S315000245D048BF01318842029859F8081C86684FF094
S315000245E00000C8BF0132002ECDE91EC026EAE670E1
S315000245F0D4BF764200268540DDE91E78C1FB0578E8
S315000246000121FD0F4FF08047B14045EA48050139C7
S3150002461005EA010035414FEA610148BF013188428E
S31500024620029859F8041CC6684FF00000C8BF01354D
S31500024630002ECDE9207026EAE670009FD4BF7642AE
S31500024640002687403846DDE92078C1FB0078F80F5E
S3150002465040EA48010120B04051FA06F600F1FF3067
S3150002466001EA00074FEA6000059948BF01300B4492
S3150002467006998742C8BF01368B42B8BF0B460599D9
S315000246800A4406998A42B8BF0A4605990D44069914
S315000246908D42B8BF0D4605990E4406998E42B8BFA3
S315000246A00E4607998B42A8BF0B4603990B70079BD0
S315000246B09A42A8BF1A46079B9D424A70A8BF1D464A
S315000246C0079B9E428D70A8BF1E46049B0433CE7084
S315000246D004930B4604330393029B10330293019B0C
S315000246E010330193ECE62A9A42BB1946042233A8F8
S315000246F0319303F0FFFB0422414633A8DDF8CCA038
S3150002470003F0F8FB339A4BFA8AF1009B50B200FB96
S3150002471001774AF3072142F30720594400FB016659
S315000247204AF3074142F307400BEB2A6A1216594431
S3150002473002FB0A3300FB01550093319B191904222F
S3150002474033A8319303F0D6FB042208EB040133A805
S31500024750DDF8CCA003F0CEFB339A4BFA8AF1009B2C
S3150002476050B200FB01774AF3072142F3072059446E
S3150002477000FB01664AF3074142F307400BEB2A6A44
S315000247801216594402FB0A3300FB015500930E9B95
S31500024790022B319B2ADD0899042233A8591803F00B
S315000247A0A9FB089B042233A808EB0301DDF8CCA081
S315000247B003F0A0FB339A4BFA8AF1009B50B200FB3E
S315000247C001774AF3072142F30720594400FB0166A9
S315000247D04AF3074142F307400BEB2A6A1216594481
S315000247E002FB0A3300FB01550093319B129A1344D4
S315000247F0189A9044169A01329BE6429BB8180F9972
S3150002480053F822301144DDF840E02B9E764539DC20
S3150002481026984FF08046279950F822E0002051F85A
S3150002482022100132BEF1000FCDE922602EEAEE70AF
S31500024830D4BFCEF1000E4FF0000E8340DDE922898F
S31500024840C1FB038940460CFA0EF1C30F013943EA54
S31500024850490353FA0EFE03EA01004FEA6101059B82
S3150002486048BF01318842C8BF0EF1010E9E44069B25
S315000248709E45B8BF9E46079B9E45A8BF9E460AF820
S3150002488001EB2DE62A9E36B991F9008090F9009047
S31500024890D84409FB083311F904800E9ED84410F956
S315000248A00490022E09FB083307DD089E11F90680E3
S315000248B010F90690D84409FB0833129E0EF1010E38
S315000248C03144189E3044A0E74FF0FF30B1E52DE9A0
S315000248D0F04FCC69BDB0D3F80C90A0B2479E319090
S315000248E0086A85B232958D6800951D681D959D688A
S315000248F01E955D68B3681F9373688E692B934B6927
S315000249000C93CB6802930B690D935368DDE94AA7B2
S315000249102C9313682D93BB682E937B682F934B6859
S3150002492003930B6830934B6A04938B6A0593009B3F
S3150002493013F0030340F0F3811D9A012A40F0EF8140
S31500024940012C40F0EC81012840F0E981FA681F99B8
S31500024950069272420A960792069A0B934A43009966
S315000249601893289203311E9A0E9009FB02F22A929C
S3150002497005EB060212920C9AC2F100022992029AE1
S3150002498009FB02F23192299A09FB02F23292009A4B
S3150002499002F1030222F00302B8BF00223692189BEC
S315000249A02F9A934203DB00203DB0BDE8F08F079BB0
S315000249B00C9A002B0A9BC8BF00231D931E9B13440F
S315000249C01D9A1193079B13442A9A5343289A3393A9
S315000249D01D9B53432B9A3493329B16930C9B0F9336
S315000249E0299B139300231793129B9342A8BF134646
S315000249F03B93179B2E9A93420DDB0D9A079B13440A
S31500024A000793189B013318930A9B9B1A0A93129BCE
S31500024A109B1A1293C3E7139B339A002B0F9B34996D
S31500024A20C8BF00231093169B1344109A1C93069B2F
S31500024A3002FB03131F9937931346469A09FB032376
S31500024A40119A8A4235934FF00003A8BF0A463A925A
S31500024A50069A9A4240F351814C9A0AEB83080B99C3
S31500024A6002EB010E2C992D9A01EB830102EB8302D4
S31500024A70019137995918389100210891F0E0BAF15D
S31500024A80000F00F0FC80D8E90215D8E9004009952C
S31500024A901C9D089E1995389D1A951D9D1495489D35
S31500024AA0354439953B9D149EAE42C0F2EE80019E7E
S31500024AB04FF0804C15680EF1040E3768002610324E
S31500024AC008F11008002FCDE920C627EAE776D4BF01
S31500024AD07F420027B440DDE920BCC5FB04BC5C462E
S31500024AE04FF0804BE60F0E9CBC4046EA4C064FF058
S31500024AF0804C013C06EA040564103E4148BF01347D
S31500024B001496A542019DC8BF149C6F684FF000051C
S31500024B10C8BF0134CDE922B527EAE775C8BF1494A8
S31500024B20002F52F80C4C00FA05F0D4BF7F42002742
S31500024B30DDE92256C4FB00560E98EC0FB84044EA53
S31500024B404604013804EA00053C414FEA600048BFCA
S31500024B5001308542019D52F8080CAF684FF00005FE
S31500024B60C8BF0134002FCDE924C527EAE775D4BFB3
S31500024B707F420027A940DDE92456C0FB01560E9963
S31500024B80ED0FB94045EA46054FF08046013905EA80
S31500024B9001003D414FEA610148BF01318842019857
S31500024BA052F8041CC7684FF00000C8BF0135002F39
S31500024BB0CDE92660099E27EAE770D4BF7F42002727
S31500024BC08640DDE926BCC1FB06BC4FEADB7040EA43
S31500024BD04C010E98B84051FA07F700F1FF3001EA8E
S31500024BE0000B4FEA6000039948BF013083451498D1
S31500024BF008440499C8BF013788420646B8BF0E4624
S31500024C0005998E42A8BF0E4603990C4404990EF8E4
S31500024C10046C8C42B8BF0C4605998C42A8BF0C4660
S31500024C2003990D4404990EF8034C8D42B8BF0D4604
S31500024C3005998D42A8BF0D4603990F4404990EF8B3
S31500024C40025C8F42B8BF0F4605998F42A8BF0F4636
S31500024C50089904310EF8017C0891019910310191ED
S31500024C600099089881423FF70AAF0B9A36990A448F
S31500024C700B92009A13441C9A01321C92E8E65146A2
S31500024C8050465446CDF824A002E7199E359D354478
S31500024C901A9E1B95399D3544109EB4463A9FBC45D3
S31500024CA00BDB149D289E013514951A9D35442A9EC8
S31500024CB01A95199D35441995F4E61B9E309F96F96F
S31500024CC0006095F900B03E44099F06FB0B4495F936
S31500024CD001B006FB0B0095F902B006FB0B1195F924
S31500024CE003B006FB0B76099666460136B4461B9E52
S31500024CF04E441B96069E3544D0E7029A139B1344F4
S31500024D001393179B013317930F9B9B1A0F93119BB8
S31500024D109B1A319A1193169B1344169369E6B3B202
S31500024D201FFA89F9269380B2BDF808301FFA84FE6D
S31500024D3080462893BDF834302993BDF8783007931E
S31500024D40ABB21993199A079B534309FB03F33393A7
S31500024D50BDF80030119309FB03F30193BDF8B83097
S31500024D601B931B9A019B53431C93BDF8BC301A93A9
S31500024D701A9A1C9B53433493079B43432F930EFB70
S31500024D8009F335930023069310930C9B5B429BB267
S31500024D903A93BDF8AC302493BDF87430069A934228
S31500024DA07FF701AE269B5B429BB21693109B0F9335
S31500024DB000230A93BDF87C3009932CE0BDF958B064
S31500024DC0BBF1000FCBF10003C8BF00232E933A9B21
S31500024DD013930F9B0E9300230B93199BA3EB0B03C9
S31500024DE02293229A249B9342A8BF13463893A8EB98
S31500024DF00B03013B39930B9B1B9A93421BDB0F9BC5
S31500024E001C9A1344299A0F930A9B01330A93169B01
S31500024E1013449BB216930A9B1A9A9342CEDB109BBB
S31500024E20349A1344339A1093469B13444693069B33
S31500024E3001330693B0E7BDF94C3000935B42009A0A
S31500024E40002AC8BF00232B930E9B0D9300230893C1
S31500024E500293079B9B1A2093209A099B9342A8BF11
S31500024E6013463793029B4B4500F0C2800D9A4C9B2A
S31500024E701344089A1E9373E0319B012B7ED9209925
S31500024E80009B01EB0E040998AEEB0303013C013BC8
S31500024E9094FBFEF493FBFEF38442214623EAE3737A
S31500024EA0A8BF01461791329901296BD93999249CD9
S31500024EB091FBF8F0229920EAE0704144013991FB16
S31500024EC0F8F1A142A8BF21461891BAF1000F5DD0B0
S31500024ED05AF82270079900FB08BC009C01FB0CFCE7
S31500024EE009990EFB034441432A9412911899884268
S31500024EF04EDB2C994FF080402D9B51F82240002129
S31500024F0053F822300132002CCDE9140124EAE4716F
S31500024F10D4BF644200248F40DDE91401C3FB0701BC
S31500024F20C30F43EA41030121A14053FA04F401F1FC
S31500024F30FF3103EA01004FEA6101039B48BF0131D9
S31500024F408842C8BF01341C44049B9C42B8BF1C461D
S31500024F50059B9C42A8BF1C461E9B03F8014B1E9351
S31500024F60119B08990B449A4286D10D9B119908927E
S31500024F700B440D93029B0133029373E7379B1793FE
S31500024F802B9B90E738992E9818919EE75746A1E7F2
S31500024F902A9C12990CEB0405029C5E180C9309FBE1
S31500024FA00545469C2544019C04FB0626489C26444E
S31500024FB017990C9C8C4207DB2F990130129C8C446A
S31500024FC009990C44129491E795F90010309C2144FA
S31500024FD00C4696F9001036912146369C04FB017761
S31500024FE00C9901310C9135990D4401990E44DFE774
S31500024FF00E9B019A1344289A0E930B9B01330B9333
S31500025000139B13449BB21393F5E6C3688868434324
S3150002501048685843400070472DE9F04F2DED048B48
S31500025020C5B0D3F80CB01E460C46579D5399EB6893
S315000250309B45019340F00A83036800932BB93046DF
S31500025040FFF7E3FF002800F30183B3684FEA4B0A38
S3150002505020681493736833938B6808934B68119393
S3150002506063693493A3693593E36836932369379367
S315000250705368239313682493AB6825936B6838931C
S3150002508063680993636A0A93A36A0B93089B03FBFB
S315000250900BF32693019B1199002B089CB8BF03338F
S315000250A0C3F38F02C3F38F032892089A12FB01F10E
S315000250B08AB201F0010139923B910AF10401119A77
S315000250C02E914FEA8B0162432191990002EBD27233
S315000250D03091C2F34F0401993A9401F00301259CE1
S315000250E001EB830124EAE47461432F91149901FBD5
S315000250F00BF13F91569901EB03112D91239901EB87
S3150002510003113E91249901EB03133D93289B9B00C7
S315000251109BB23C93C2F34F03219A5A4303FB0AF311
S315000251202A922993089B23EAE3730BFB03F3319339
S3150002513000230E9303B209EE103A0E9B389A93425D
S3150002514005DB002045B0BDEC048BBDE8F08F379A35
S315000251500E9B119913FB02F3359A9B1A1BB2002B75
S31500025160C3F10002C8BF00220792339AD21A8A42BA
S31500025170A8BF0A4607992792269A27984A435100BA
S3150002518008EE101A1199091A22912298269941437A
S31500025190490008EE901A079900290B4408BF00221D
S315000251A03292149A53434093589B129300230F93BF
S315000251B00F9B259A934207DB589B2F9A13445893C9
S315000251C00E9B01330E93B8E70F9B369A13FB02F43C
S315000251D0349BE41A23B20293079B2BB118EE102AD2
S315000251E00021009802F0AEFE409B029ADDF81C9068
S315000251F09D18529B329F0BFB0535279B99452FDB4A
S31500025200229B3BB1009B18EE902A002103EB47003C
S3150002521002F098FE569B03F11009249B03F1100835
S31500025220239B03F11007129B04330293289B0C93D2
S3150002523000230D930C9B002B38D1129B309A1344FA
S315000252401D46019B03F003040C9B3C9A9C421A44A4
S3150002525092B240F0B0812B1912930F9B0133A6E74D
S31500025260009B2C46002603EB4708089B9E4206DB62
S31500025270319B09F101091F443F9B1D44BDE7029B77
S31500025280F31802D4149A9A4208DC52460021404688
S3150002529002F058FE0136D0445C44E6E719EE103AB5
S315000252A05A464146204600F075FCF3E759F8103C91
S315000252B00D9A069359F80C3C039359F8083C04934B
S315000252C059F8043C0593009B03EB42031593549B48
S315000252D0159E13442093134604339BB20D93209BD1
S315000252E010933A9B1393139B002B40F0FD802A9A4E
S315000252F0159B29991344209A0A443B99F1B129989E
S3150002530020992A9C09561598005B069C10FB0141C0
S315000253105888039C069192F9011010FB0141988866
S31500025320049C039192F90210DB8810FB014192F969
S3150002533003200491059913FB0213059357F8100CE9
S315000253404FF080450022069958F8103C00284FF08D
S31500025350804C09F1100908F1100807F11007CDE990
S31500025360165220EAE072D4BF404200209140DDE9A5
S315000253701645C3FB0145E20F4FF0804442EA45035E
S3150002538001228240013A03EA020103414FEA620224
S3150002539048BF01329142099A0399C8BF01331344A7
S315000253A00A9A9342B8BF13460B9A9342A8BF134672
S315000253B0029A02F8043C002257F81C0C58F81C3CCE
S315000253C00028CDE9184220EAE072D4BF404200200C
S315000253D09140DDE91845C3FB0145E20F42EA450368
S315000253E001228240013A03EA020103414FEA6202C4
S315000253F048BF01329142099A4FF08041C8BF01333A
S3150002540013440A9A9342B8BF13460B9A9342A8BF13
S315000254101346029A02F8033C002257F8180C58F871
S31500025420183C0028CDE91A1220EAE0720499D4BF8A
S31500025430404200209140DDE91A45C3FB0145E20FD7
S3150002544042EA450301228240013A03EA020103418C
S315000254504FEA620248BF01329142099AC8BF01333C
S3150002546013440A9A05999342B8BF13460B9A93427C
S31500025470A8BF1346029A02F8023C002257F8140CFF
S3150002548058F8143C0028CDE91CC220EAE072D4BFC9
S31500025490404200209140DDE91C45C3FB0145E20F75
S315000254A042EA450301228240013A03EA020103412C
S315000254B04FEA620248BF01329142099AC8BF0133DC
S315000254C013440A9A9342B8BF13460B9A9342A8BF53
S315000254D01346029A02F8013C0C9B013B9BB20C93C9
S315000254E0134604330293A5E61099042243A802F058
S315000254F001FD109B042243A803EB0B01439D02F01E
S31500025500F9FC3146042243A8439C02F0F3FC439B78
S3150002551006EB0A01042243A8419302F0EBFC439AEC
S315000255202FFA85F34FEA35252B932FFA85F52FFAB5
S3150002553084F34FEA34242C932FFA84F4419BC2EA73
S315000255400341C2EA2343DDE92B02C2EA004206987E
S3150002555021FB020206920399C5EA044223FB0213C7
S31500025560042243A80393B11802F0C4FC439B04220D
S3150002557043A841932E9BF11802F0BCFC439A419B2F
S31500025580C2EA0341C2EA2343DDE92B20C2EA2042F2
S31500025590049821FB02020492C4EA2544059A23FBDD
S315000255A004230593109B53441093219B1E44139B83
S315000255B0013B9BB296E654982D998718009851F8AC
S315000255C0231000EB42020020399E864234DC3E98CC
S315000255D04FF080463D9A50F82370002052F823205F
S315000255E0002FCDE91E6027EAE770D4BF7F4200276D
S315000255F08140DDE91E89C2FB018901214046B9408D
S31500025600C20F013942EA490252FA07F702EA0100D9
S315000256104FEA6101099A48BF01318842C8BF013782
S3150002562017440A9A9742B8BF17460B9A9742A8BFE1
S315000256301746EF54013308E697F900C00130B2F875
S3150002564000E05F4452441EFB0C11BDE74FF0FF30F1
S3150002565078E52DE9F04FA7B04FEA520A894605468A
S315000256601A93BDF9C8300C920493BDF9CC30199047
S315000256700593BDF8D0300193369B13441B93019BCF
S3150002568001EB43030293369B02330A931B9B0233BD
S315000256900B93309B03F108081A9B08330393019B73
S315000256A003F003031F93019B1F999B089A00219203
S315000256B0019A571807EB8302189200EB83020892AD
S315000256C009EBC3020F92029A02EBC3031E93CDF8B3
S315000256D034A00D9B002B40F08D80369B03EB4A06CF
S315000256E0DDE9183203FB0A270C9BDB077CD5359BC9
S315000256F0002B00F003821C682546B8460F9B4B45DB
S3150002570040F0FE81219B1F44019B03F0030100230D
S31500025710994240F03382309B4FF08042013653F873
S315000257203A1090461A9B012253F83A70002327EA50
S31500025730E770002F994604FA00F4D8BF7B42C1FBFA
S3150002574004899A404FEAD870013A40EA490151FA6F
S3150002575003F301EA02004FEA620248BF01329042B5
S31500025760319AC8BF01331344049A9342B8BF134611
S31500025770059A9342A8BF1346369A02F81A304FF09A
S315000257808042309B174653F83A101A9B53F83A4018
S315000257900023002C24EAE4709846C8BF1A4605FA8C
S315000257A000F5D8BF62420123C1FB0578F80F93408A
S315000257B040EA4801013B01EA030011414FEA630353
S315000257C048BF01339842319BC8BF01311944049B3B
S315000257D08B42B8BF0B461946059B8B42A8BF0B46A8
S315000257E019461B9B03F81A100C9B3344184627B024
S315000257F0BDE8F08F019B2295EB180E93359B002B8B
S3150002580000F00081D3E9004B08333593029B4F46E3
S315000258100993CDE9064B0F9BBB4240F0F780089BEC
S31500025820019A1F9ED0181E990F9A03EB060E099233
S31500025830734540F04C81039A4FF0804658F8083C75
S315000258404FF0804552F8080C002208F1080800289B
S31500025850CDE9106220EAE072D4BF404200209440B3
S31500025860DDE91012C3FB04121446CA0F42EA4403CE
S3150002587001228240013A03EA020103414FEA62022F
S3150002588048BF01329142319AC8BF01331344049A88
S315000258909342B8BF1346059A9342A8BF13460A9A83
S315000258A002F8023C039A58F8103C52F8080C0022FF
S315000258B020EAE0760028CDE91252069AD4BF404289
S315000258C00020B2401646DDE91212C3FB0612144648
S315000258D0CA0F42EA440301224FF080448240013A51
S315000258E003EA020103414FEA620248BF01329142D2
S315000258F0319AC8BF01331344049A9342B8BF134680
S31500025900059A9342A8BF13460B9A02F8023C039BE0
S3150002591058F80C2C53F8040C0023CDE9144320EA62
S31500025920E07300280BFA03FBD4BF40420020DDE9F6
S315000259301434C2FB0B34DA0F42EA440301228240DA
S31500025940013A03EA020103414FEA620248BF013209
S315000259509142319A4FF08041C8BF01331344049AF1
S315000259609342B8BF1346059A9342A8BF13460A9AB2
S3150002597002F8013C039A58F80C3C52F8040C002237
S3150002598020EAE0750028CDE91612079AD4BF4042F4
S315000259900020AA401546DDE91612C3FB051214467D
S315000259A0CA0F42EA440301228240013A03EA020193
S315000259B003414FEA620248BF01329142319AC8BF9F
S315000259C001331344049A9342B8BF1346059A93428D
S315000259D0A8BF13460B9A02F8013C189A229B13445D
S315000259E01D460D9B013B9BB20D930A9B02330A9304
S315000259F00B9B02330B93039B08330393089B1344BD
S31500025A00089366E6DDF8D4B05C46FFE63946042222
S31500025A1025A802F06FFA259B0999042225A81D9351
S31500025A2002F068FA259B2946042225A81C93043510
S31500025A3002F060FA259E2FFA96F20E9925A82FFA01
S31500025A4086F6C2EA2643C6EA02460422239302F0F7
S31500025A5051FA0E9B259A04330E932FFA92F12FFADE
S31500025A6082F2C1EA2243C2EA014220931D9B26FB2F
S31500025A7003441C9B069926FB03161D9B22FB03B3BC
S31500025A801D9307991C9B22FB0313042225A8079347
S31500025A90B918083702F02EFA099B042225A8DDF868
S31500025AA094B0991802F026FA099B259A08330993AD
S31500025AB0239B23FB0B4423FB026306931D99209B26
S31500025AC023FB0B1B079923FB02130793A3E6099AF1
S31500025AD013F901CB32F9027B31F9026B099217FBFA
S31500025AE00C44069A10F9015B16FB0C2217FB05BB48
S31500025AF00692079A16FB0522079299E6359CFBE564
S31500025B004946042225A802F0F5F9259B02990422AA
S31500025B1025A8069302F0EEF9259B4146042225A804
S31500025B20039308F1040802F0E5F9259B2FFA93F294
S31500025B302FFA83F3C2EA234BC3EA0243069A23FBF4
S31500025B400244039A23FB0255042225A809EB02010B
S31500025B5009F1080902F0CEF9259B042225A8039330
S31500025B60029B991802F0C6F9029B08330293039B23
S31500025B702BFB0344259B2BFB0355BFE5FA5639F84D
S31500025B80130010FB02441E9830F81300013310FB79
S31500025B900255BDE52DE9F04FC3EA034A22F003059B
S31500025BA085B007460E46144698464FEA920B0544C0
S31500025BB08946AF4209D104F0030406EBCB062C4416
S31500025BC0A54225D105B0BDE8F08F3946042203A8C7
S31500025BD0043702F08FF9039A48464FEA32212AFA2D
S31500025BE082F22AFA81F1C1EA2243C2EA014203A9F8
S31500025BF003920422019302F07DF90422019B03A978
S31500025C0009EB020009F10809039302F073F9D0E7E0
S31500025C1015F9013B434426F8023BD1E72DE9F04F43
S31500025C20B3B01D4617460C463D9E8046E968DDF830
S31500025C300491D6E9013253435943B1F5007F04DB9F
S31500025C404FF0FF3033B0BDE8F08F0368002B7CD0F5
S31500025C50B2682B680892726826930F92D9F80820C8
S31500025C60AB681892D9F8042007931992D9F80C2038
S31500025C706B681092B4F9202017931A92B4F9242073
S31500025C8017991B923A68EB681C927A684FEA430BA3
S31500025C90D8F800A01D92079A4A435A43520024920A
S31500025CA0DDE918214A4310994A43520025920F9979
S31500025CB0089A4A4307995A4309920AEB82022092AA
S31500025CC0E26815924A435A4352002192626951424E
S31500025CD023912169484227900798424308985242E5
S31500025CE0521A0F9911FB00F10BFB02F211FB03F1A1
S31500025CF02C92099A01F00301C2F38F021F9101EB64
S31500025D0082011E913E9901EB82010AEBC2022991A0
S31500025D102B92A26816925A4352002292079A534332
S31500025D205B00289300230B930B9B269A934280F2E7
S31500025D3044813C9B54462C9ADDF88C9013440A937A
S31500025D40429B0C9300230D9344E031462846FEF70E
S31500025D5058F900287FF77CAF72E7089B4D46002B67
S31500025D60B8BF00230BFB03F32A93119B1493089BE2
S31500025D703B442D932E9BAB425FDC209BA34213D167
S31500025D800C9B5446109A51460593409B3E980493A9
S31500025D90099B03931B9B02931A9B01931C9B0093E3
S31500025DA01D9B00F08DFA0C900E9B229A01330E93E6
S31500025DB0119B13441193169B1F440E9B189A9342F0
S31500025DC0CBDB0D9B219A01330D930A9B13440A9355
S31500025DD0159B99440D9B199A934232DA0A9B279F87
S31500025DE0119300230E930F9B4B442E93E5E7002D50
S31500025DF007DB179A954204DA002E02DB079A9642CF
S31500025E0014DB5A46002140462F9302F09BF82F9B43
S31500025E10D84401365B442D9AB242E8DC2A9B01350E
S31500025E20289A1C44149B13441493A3E75A46194612
S31500025E3040462F9302F05EF8E9E7149B3E46A046E1
S31500025E40E9E7544540F0B4803C9B249A1344259AD2
S31500025E503C93429B134442930B9B013363E74146B7
S31500025E60042231A808F1040802F044F8319E2FFA00
S31500025E7096F3494631A82FFA86F6C3EA26420D92D0
S31500025E800422C6EA034602F035F8319B26FB034498
S31500025E90042231A809EB020109F1080902F02AF8E5
S31500025EA0319B0D9A22FB0344B8453B46D7D11F9935
S31500025EB02B9A39448B424ED10A9B1E9A13440A935B
S31500025EC01C9B53F825601D9B53F825C0409B002B55
S31500025ED048D03B4B9E42409BD8BF06F5004603EB9B
S31500025EE0C503CCBF47F6FF763614D3E90023F11774
S31500025EF0121943EBE473514306FB0311A2FB06237B
S31500025F000B44CCF10E010CF1120CB1F1200022FA75
S31500025F1001F103FA0CFC58BF43FA00F041EA0C0106
S31500025F2058BF0143013149101A9B9942B8BF19461D
S31500025F301B9B9942A8BF19460C9B23F815100135E5
S31500025F401E9B1F44109B9D42BFF67EAFD146DDF8D5
S31500025F5028800024A8E713F9010B32F8026B16FB1E
S31500025F600044A7E74FF08043BCF1000F1293409B19
S31500025F7013932CEAEC73D4BFCCF1000CDDF800C10C
S31500025F809C40DDE91223C6FB0423D10F41EA4301FB
S31500025F90012303FA0CF3013B01EA030251FA0CF165
S31500025FA04FEA630348BF01339A42C8BF0131BBE7D8
S31500025FB03E9B0025299F0A93C4E7002042E600BFC4
S31500025FC0FFFFFE7FC36888684343486858438000E2
S31500025FD0704700002DE9F04FB1B018685C683B9E2F
S31500025FE03F9DB76876681F901996AE68D8680E9678
S31500025FF06E68ED68049705950D691A961B954D69AD
S315000260000F958D681C95CD68D1E9069C10950D6A91
S31500026010496A20952191116822919B6852680393DF
S31500026020634323924343059A5B001D930E9B73437E
S315000260305343199A5B001E933B46534343432C93A7
S31500026040059B5B002993039B43430CFB03F32793B6
S315000260503B464343289300FB09F326930023079309
S315000260600F9B1C4404EB0C032E931B9B4B442F9358
S31500026070079B1F9A9342C0F21781002031B0BDE8F8
S31500026080F08F229B4FF000088B4953F82230CDF84F
S3150002609024808B42D6BF03F5004347F6FF7A4FEAC8
S315000260A0234A0F9B5B4208932D9B013B11932E9B28
S315000260B0013B14933E9B03EBC20B5346DC17CDE91F
S315000260C02A34099B1A998B4211DB2C9B01329E447E
S315000260D0059B9A42D5DB3A9B1D9A13441E9A3A9324
S315000260E0409B13444093079B01330793C0E71B9BD6
S315000260F040995B420A93059B03FB082301EB43038A
S3150002610016932F9B013B069300230B930B9B0E9931
S315000261108B420FDB1099089B0B440893099B0133B2
S3150002612009930E9B9844119B5B1A1193149B5B1A5D
S315000261301493C6E7119B199D0A9E93FBFCF1069BDD
S3150002614021EAE17193FBF9F323EAE3730293149BC9
S31500026150029C93FBFCF3AB42A8BF2B46069D2493FD
S31500026160039B2B44049D93FBF9F3AB42A8BF2B463A
S31500026170039D2593089B01FB0C3305FB0363049DDA
S3150002618004FB093305FB01450024434300FB05E5F7
S3150002619012930023CDE90034249EB1427EDB3E9B5E
S315000261A043B1009CDBE90031E3180093019B41EB0C
S315000261B003030193019B2B99009C0AFB03F304FB47
S315000261C00133AAFB04451D44239B53F82210C1F157
S315000261D00E031231B3F1200605FA01F124FA03F394
S315000261E058BF45FA06F643EA0103209958BF3343DE
S315000261F001335B108B42B8BF0B4621998B42A8BF75
S315000262000B4616990B800A9B1C990B4429990A93F3
S315000262100B9B01330B93169B0B441C991693069BFF
S315000262205B1A069372E7159F3A9E06EB4706139F83
S3150002623018963C9E3E44179600260D960D9E864263
S3150002624015DB0C9E269F01360C96159E3E4415962E
S31500026250139E064413960C9E259FBE42E3DB279EA1
S315000262600131129B3344289E1293354494E7189EBB
S31500026270374637F9026B3346179E1897374617F992
S31500026280016B344617971E462746DDE90034C6FBE6
S3150002629087340D9ECDE900340136CEE7129B139565
S315000262A01593029B0C93D6E70F9B4FF0000E6344A7
S315000262B072462D930CE700BFFFFFFE7F002070475A
S315000262C02DE9F04FA7B002EBD2741D93BDF9C4308D
S315000262D00E920393BDF9C8300091049353001890AF
S315000262E01F93359BDDF8D0A003EB4203339A1A9332
S315000262F06310002A2093C4F34F03079301EB420372
S315000263000693359B03F104030D931A9B03F10403D1
S315000263100C931D9B03F108030B93309B03F10403BB
S315000263200A9302F00303199313461999339AB8BFD5
S3150002633003335718C3F38F0307EB83020F92189A9E
S3150002634002EB83020592009A02EBC3021C92069AA2
S31500026350DDF8609002EBC3032193079B002B40F00C
S31500026360A380BDF88060359B189A03EB86030193E0
S315000263700F9B06FB03230E9AD20740F18E80339AB7
S315000263809946079CC2F38F07DDF818802546FA0066
S315000263900A92009A02EBC7020892009A08998A4268
S315000263A040F0808203EB87070A9A069B13449C46B9
S315000263B0339B03F003010023994240F0B382309BE2
S315000263C053F836001D9B53F83670BAF1000F00F0F1
S315000263D0B582BC4BC7F10E0C12379842CCF12002A3
S315000263E0D6BF00F5004047F6FF7E4FEA204EDAE9B7
S315000263F000894FEAEE7BF24618EB050049EBE571A0
S3150002640000FB0BF50EFB0155A0FB0E01BCF1200EA5
S31500026410294420FA0CF501FA07F758BF41FA0EFE95
S3150002642045EA070558BF45EA0E0518EB040849EB8D
S31500026430E47908FB0BF3691C0AFB0933A8FB0A89FA
S3150002644049109944BCF1200328FA0CFC09FA02F21D
S3150002645058BF49FA03F34CEA020C58BF4CEA030C44
S315000264600CF1010C4FEA6C07039B9942B8BF19461F
S31500026470049B9942A8BF1946359B23F82610039B15
S315000264809F42B8BF1F46049B9F42A8BF1F461A9B46
S3150002649023F82670019B02330193019B1F9A134432
S315000264A0184627B0BDE8F08F4FF0000B339BDDF89E
S315000264B018804B44009F5C46CDF888900893CDE93E
S315000264C001BB1C9B9F4240F0FF80059B339A199D9E
S315000264D01E46D0182199DDF8708005EB030E734530
S315000264E040F04F810A9B53F8040C0B9B53F8087C2F
S315000264F0BAF1000F00F05A81724BC7F10E0512373E
S315000265000AF1080A9842D6BF00F5004047F6FF7620
S3150002651006143246F3175AE90289CDE9082318EB25
S315000265200400099B089A49EBE47100FB03F4019B02
S3150002653006FB0144A0FB0601B5F12006214420FA20
S3150002654005F4C5F1200001FA07F758BF41FA06F62D
S3150002655044EA070458BF344318EB030849EBE379CE
S31500026560099B013408FB03F3641002FB0931A8FB03
S3150002657002230B44B5F1200122FA05F503FA00F0D5
S3150002658058BF43FA01F145EA000558BF0D430135EC
S315000265906F10039B9C42B8BF1C46049B9C42A8BF3B
S315000265A01C460D9B23F8044C039B9F42B8BF1F4613
S315000265B0049B9F42A8BF1F460C9B23F8047C0B9B9F
S315000265C053F8047C0A9B1868BAF1000F00F02C817C
S315000265D03C4BC7F10E0612370AF1080A9842029B93
S315000265E0C6F12002D6BF00F5004047F6FF7C4FEA0F
S315000265F0204C5AE902454FEAEC79E046E01845EBB1
S31500026600E37100FB09FE0CFB01EEA0FB0C017144D9
S3150002661020FA06FCB6F1200E01FA07F758BF41FA36
S315000266200EFE4CEA070C58BF4CEA0E0C14EB0B0498
S3150002663045EBEB7504FB09F30CF1010C08FB053382
S31500026640A4FB08454FEA6C0C1D44B6F1200324FA5C
S3150002665006F605FA02F258BF45FA03F346EA0206BF
S3150002666058BF1E4301367710039B0F9A9C45B8BF4D
S315000266709C46049B9C45A8BF9C460D9B23F802CCD6
S31500026680039B9F42B8BF1F46049B9F42A8BF1F465B
S315000266900C9B23F8027C229B13449946079B5C1EA3
S315000266A0A3B207930D9B04330D930C9B04330C93F7
S315000266B00B9B08330B930A9B08330A93059B1344DF
S315000266C005934AE6FFFFFE7F3946042225A801F01C
S315000266D011FC259B4146042225A81B9301F00AFCC6
S315000266E04946042225A8259D09F1040901F002FC68
S315000266F0259E2FFA96F2089925A82FFA86F6C2EA5F
S315000267002643C6EA02460422239301F0F3FB089BC2
S31500026710259A043308932FFA92F12FFA82F2C1EAEC
S315000267202243C2EA01421E931B9B26FB0344019BA2
S3150002673026FB05361B9B029922FB0313029322FBBF
S3150002674005B5042225A8B918083701F0D3FB04229F
S3150002675025A8DDF894B008EB020108F1080801F05B
S31500026760C9FB259A239B23FB0B4423FB026301935C
S3150002677002991E9B23FB0B1302931E9B23FB025BB8
S315000267809FE613F901CB31F9026B019A38F9027BC4
S3150002679016FB0C2210F9015B17FB0C44019216FB47
S315000267A005BB029A17FB0522029298E627EAE776CC
S315000267B0002F4FF080434FF0010104FA06F4D4BFD4
S315000267C07F4257464FF08048CDE9143ADDE914235B
S315000267D0B940C0FB0423D40F013944EA43044FEA0B
S315000267E0610C04EA01033C414CBF0CF10102624612
S315000267F093424FF00003CDE91683019BC8BF0134D3
S31500026800B3401E46DDE91623C0FB0623D50F45EA33
S31500026810430555FA07F701EA050148BF0CF1010CD9
S315000268206145C8BF0137B4E64FF0804327EAE775F2
S31500026830002F4FF001014FF08046D4BF7F425746EA
S31500026840CDE9103A029BB94003FA05F901390BFA70
S3150002685005F54C10DDE91023C0FB09234FEAD27C73
S315000268604CEA430C0CEA01035CFA07FC4CBF621CBF
S31500026870224693424FF00003CDE91263DDE912236B
S31500026880C8BF0CF1010CC0FB0523D60F46EA43062E
S3150002689056FA07F701EA060148BF0134A142C8BF0A
S315000268A00137E1E60099042225A8079301F022FBAD
S315000268B0259B4146042225A8059301F01BFB494668
S315000268C0042225A8DDF894B009F1040901F012FBAF
S315000268D0259A2FFA92F12FFA82F2C1EA2243C2EAEC
S315000268E001420293059B22FB035522FB0B44042221
S315000268F0009B25A8991801F0FDFA009B042225A801
S315000269000833DDF894B008EB020108F10808009399
S3150002691001F0F0FA029B23FB0B55259A23FB024456
S31500026920079B3AE50098FA5630F8130010FB025519
S315000269303CF81300013310FB02443DE527EAE77CED
S31500026940002F4FF08042534605FA0CF5D4BF7F4222
S31500026950574604FA0CF4C0FB05230125D10FBD40AE
S3150002696041EA4301013D4FEA650E01EA0503394159
S315000269704CBF0EF10102724693424FF080424FF035
S315000269800003C8BF0131C0FB04234FEAD27C4CEAA4
S31500026990430C5CFA07F70CEA050548BF0EF1010E37
S315000269A07545C8BF01375FE50B460146184600F03C
S315000269B0E9BF01F089BAFFF7FCBFFFF7FABF036828
S315000269C0DB0706D4437803B1FFDE01234370184682
S315000269D0704700207047012303607047012838BFC3
S315000269E0012010B50446204601F066FA30B900F0DF
S315000269F055FC08B900F07CFF8047F4E710BDFFF7AD
S31500026A00EDBF08B500F044FCC3689A68C26010B5D1
S31500026A1002B1506042685A600C68844203D10B602E
S31500026A209860436010BD916881420CBF9360D36049
S31500026A30F6E78368DA68826010B502B15060426890
S31500026A405A600C68844203D10B60D860436010BD63
S31500026A50D16881420CBFD3609360F6E7037833B9FD
S31500026A6043685B68834202D1DB68184670478268D6
S31500026A7022B11346D268002AFBD1F6E743689A6828
S31500026A808242F2D118465B68F9E7C36823B1184619
S31500026A909B68002BFBD170474368DA68824202D1B9
S31500026AA018465B68F9E7C268934218BF18467047F2
S31500026AB0FFF7D4BF2DE9F8431E4603F1040800236D
S31500026AC0C1E902330C464A600B7000B396429160EC
S31500026AD018D17160F46001274FF000097368A34270
S31500026AE03FD060680278002A3CD14568AB6898427C
S31500026AF023D1EB6883B11A7872B907701F702A70B6
S31500026B002C46EBE7B3689342E5D1B160E3E7D16087
S31500026B10F3689342DFD1DDE7C368A34203D141465E
S31500026B20FFF772FF0446636841461F70284685F8E0
S31500026B300090FFF77EFF2546E2E713B11A78002A96
S31500026B40DBD08368A34203D14146FFF772FF0446B6
S31500026B50636841461F70284685F80090FFF754FF88
S31500026B60E9E7234601221A70BDE8F88308B500F06A
S31500026B70BFFE08B500F0BCFE08B500F0B9FE08B5C8
S31500026B8000F0B6FE0FB480B584B000AF07F118046A
S31500026B9054F8042B7A601046DAF704FE00F2072353
S31500026BA023F00703ADEB030D00F500717A68FC6074
S31500026BB02346684600F05EF800F09AFE08B500F03B
S31500026BC097FE0000014900F0F3BB00BF484D0300E9
S31500026BD080B59CB0064600AF0C46A41B0E4969223E
S31500026BE0381D01F087F904F1700323F00703ADEBBA
S31500026BF0030D6D466822391D284601F07BF92246AF
S31500026C00314605F168002C4401F074F9002384F83A
S31500026C1068302846FFF7ADFF504D03002DE9F041DD
S31500026C2000AF84B06D4605F10C04DFF844802346BC
S31500026C304FF00A0CB2FBFCF60CFB162E18F80EE00F
S31500026C4003F801ED9646BEF1090F3246F2D8E41A70
S31500026C508C4209D8C4F10C012246294401F04AF9B2
S31500026C602046BD46BDE8F0814FF0FF34F8E700BF8D
S31500026C70B94D030001392DE9F0410746154600EBEF
S31500026C80010804462A7862B344452ED2252A07D142
S31500026C906A78732A09D07A2A12D0252A00D10135B8
S31500026CA015F8012B04F8012BECE753F8042B013AF3
S31500026CB012F8011FE9B1444517D004F8011BF7E7A2
S31500026CC0AA78752AECD11E46A8EB040156F8042BC5
S31500026CD02046FFF7A3FF002807DD044403353346A9
S31500026CE0D0E72270E01BBDE8F08121463846FFF767
S31500026CF06FFF0235C6E70AB101F0FCB87047000023
S31500026D0008B50B68B3F1804F02D30D48FFF734FF85
S31500026D1093420BD9B3EB420F4FEA420006D2B0F1CF
S31500026D20804F2ABF6FF0404308600B60086801304D
S31500026D3001D5FFF71BFFBDE80840FFF74FBE00BFB6
S31500026D40C44D030050F8083B834202D01846FFF7B1
S31500026D5030BE704708B5034608465B68984211463E
S31500026D6003D902460148FFF70DFF08BDDC4D0300BB
S31500026D70406801F180410139091A914208B502D2EF
S31500026D801846FFF7F9FE08BD03688B4206D840682D
S31500026D901844814294BF00200120704701207047A9
S31500026DA0012A10B502D10A78027010BDFFF7A3FFBF
S31500026DB0FBE7012A30B403D10B78037030BC70476D
S31500026DC0002AFBD030BC01F0A3B80B46012B10B44D
S31500026DD01146044603D122705DF8044B7047002B1E
S31500026DE0FAD05DF8044B1A4601F0ACB808B5521A4F
S31500026DF0FFF7D6FF08BD08B5521AFFF7D1FF08BD47
S31500026E002DE9F3470A9E1F46436801EB0208B21AB0
S31500026E101A44A3EB08090346019253F8082B9A4237
S31500026E2018BF82680D4608BF0F2201A90446FFF764
S31500026E3067FF82461DB121682A46FFF7B1FF37B1C7
S31500026E402EB1324639460AEB0500FFF7A9FFB9F122
S31500026E50000F07D0216835444A4641440AEB050033
S31500026E60FFF79EFF2046FFF76DFF019BC4F800A0C7
S31500026E70A36002B0BDE8F08770B504460E4608303E
S31500026E80206056F8083B9E420D460BD11022314631
S31500026E90FFF731FF6B68636000232E606B602B7215
S31500026EA0204670BD23608B68A360F3E7F8B50D46F4
S31500026EB051F8083B6A689942044600680DD10AB146
S31500026EC0FFF76EFF6B68226863600021D1542A685F
S31500026ED000236B6013702046F8BDC4E9003204F14A
S31500026EE00807B842AB6818BFA668A36008BF0020AF
S31500026EF010B12860AE60EAE72960E8E72DE9F341C0
S31500026F0016461D4604461C4B2A460F463146FFF7D7
S31500026F102FFF2346626853F8080B984218BFA368EE
S31500026F20A5EB0608904408BF0F2343451BD3F3196C
S31500026F30D21A06D0AE4204D0384481192844FFF74B
S31500026F4038FF35B120689DF8202029463844FFF7DE
S31500026F503CFF2368C4F804800022204603F8082078
S31500026F6002B0BDE8F081009500233246394620463C
S31500026F70FFF746FFE5E700BF134E030007B5009291
S31500026F800B4600224168FFF7B9FF03B05DF804FB28
S31500026F9010B544688C42034603D2091BFFF7EEFF85
S31500026FA010BD81BF0368416000225A54F8E708B554
S31500026FB00022FFF7EDFF08BD2DE9F74F0C9D1446A1
S31500026FC080462A4689461F462146394BFFF7D0FEA0
S31500026FD04246D8F8043052F8086B964218BFD8F8E1
S31500026FE00820A5EB040B03EB0B0A08BF0F22524540
S31500026FF051D34E443946A1444046A3EB0909FFF753
S31500027000C3FE80B1B9F1000F06D0AC4204D04A46A5
S3150002701031197019FFF7CDFE15B32A4639463046A7
S31500027020FFF7BEFE1CE035B1AC423CD32A463946D8
S315000270303046FFF7BEFEB9F1000F11D0AC420FD0B9
S315000270404A4631197019FFF7B4FEAC4208D23444ED
S315000270507B199C420FD32A4639463046FFF7A9FED2
S31500027060D8F80030C8F804A00022404603F80A20E7
S3150002707003B0BDE8F08FBC4203D82A4607EB0B01EA
S31500027080CDE7E41B224639463046FFF792FE2A1B1D
S3150002709071193019C4E700953B46224649464046D7
S315000270A0FFF7AEFEDCE7B9F1000FD0D0C8E700BFAC
S315000270B0464E03007FB504461546094A03930E461B
S315000270C0FFF748FE6268039B921B0146AA42089894
S315000270D0009028BF2A462046FFF76EFF04B070BD17
S315000270E0304E03001FB50446104603910292DAF7AA
S315000270F059FB029B0090039900222046FFF7DAFF14
S3150002710004B010BD73B504462346406853F8086BB5
S315000271109E4218BFA36800EB020508BF0F239D42DB
S315000271200AD812B13044FFF73BFE2368656000229D
S3150002713020465A5502B070BD00920B460022014607
S315000271402046FFF75DFEF0E708B5D1E90012FFF72A
S31500027150D9FF08BD08B5FFF7F7FF08BD37B50446E6
S3150002716008460D46DAF71EFB064B01900246002141
S315000271702046FFF7FDFD019A29462046FFF7C2FF8A
S3150002718003B030BD5F4E030008B5FFF7E7FF08BD49
S315000271907FB500241023CDE90234036800949E696A
S315000271A08DF8044015466B461268B0479DF80430C8
S315000271B003F00603062B03BF009B2B60012020462B
S315000271C004B070BD0098904214BF0120062070479B
S315000271D010B5034B0360044600F0E7F8204610BDE5
S315000271E0AC4E030010B50446FFF7F2FF2046082115
S315000271F0FFF7E1FB204610BD2DE9F0411F46DDE910
S315000272000834DDF8188098450646154607D10799D1
S3150002721000F0CEF818B165710020BDE8F08139465C
S31500027220304600F0C5F80028F6D00123C4F80080E5
S315000272302571A371F0E738B515461C4600F0B8F87B
S3150002724020B10823E36006232560237138BD73B598
S3150002725005460C4601921E4600F0AAF850B9032EC6
S3150002726008D82368019A5B692946204602B0BDE820
S315000272707040184702B070BD08B5804700F038FB71
S31500027280024B1868BFF35B8F704700BFC4AA002089
S3150002729008B5FFF7F5FFFFF7EFFF0000024B18688E
S315000272A0BFF35B8F704700BF0882022010B5034B05
S315000272B003600446FFF78CFF204610BD0C4F030007
S315000272C010B50446FFF7F2FF20460C21FFF773FBC9
S315000272D0204610BDF7B5089F974205460E4614464E
S315000272E00AD0A86802680897156A31462246AC4653
S315000272F003B0BDE8F04060471946019300F058F824
S31500027300019B0028EDD0062003B0F0BD2DE9F14F18
S315000273100D461946DDE90A4BDDE90CA681461746FC
S31500027320984600F045F890B1002D3460377109DBBC
S3150002733061198A450CBF06210121B171002001B0F5
S31500027340BDE8F08F0235F9D10123B371F6E7544552
S3150002735006D15946484600F02BF808B17771EDE799
S31500027360D9F808000368CDE90CA6CDE90A4BDC6919
S315000273703A4643462946A44601B0BDE8F04F604767
S315000273802DE9F04107460C4615461E46FFF753FF08
S3150002739048B9B86803689F692A4633462146BC46FF
S315000273A0BDE8F0416047BDE8F081704700207047B4
S315000273B0814208B50ED0406803782A2B0CD0496862
S315000273C00B782A2B08BF0131DAF7E2F9B0FA80F01E
S315000273D0400908BD0120FCE70020FAE70000000092
S315000273E02DE9D00F87B08DED000BDDE900896FF432
S315000273F07273C9F30A56F3183E2B46D86E4B9DEDAF
S31500027400005B93ED026B93ED007BB0EE464BA7EE6D
S31500027410054B14EE107A34EE464B93ED047B93ED56
S31500027420066BA7EE045BB0EE457B07F07F0292186F
S3150002743003EBC20CA6EE047B93ED0A5B27EE071B59
S3150002744021EE012B93ED084B9CED1C6BA5EE074B31
S31500027450DCE91E2437EE066BA4EE016B93ED0E5BA0
S3150002746093ED0C4B002398184FEA4733A5EE074BD2
S3150002747043EB0401A2EE046B16B341EC100BA6EE2D
S31500027480000B07B0BDE8D00F7047002B60DBB6F5E6
S31500027490816F37D949490020894508BF80457BD08D
S315000274A040F2FF72964253D0B8F1000F79F1000311
S315000274B04FF000006BDB07B0BDE8D00F00F0ACB8B0
S315000274C007F000423346134349D0B7EE005B3C4A0D
S315000274D00023C31803EE103A41EB020303EE903A7F
S315000274E026EE036B33EE060BB4EEC50BF1EE10FA85
S315000274F00AD49FED2B7B20EE070B07B0BDE8D00F19
S3150002750000F092B8002679E730EE054B33EE403BA9
S3150002751033EE067B35EE446B36EE000B30EE077B20
S3150002752037EE047B37EE455BB5EE405BF1EE10FAC3
S315000275302AD09FED1B0B25EE000B9FED196B8DEDEF
S31500027540026B9DED027B27EE067B8DED047BD4E775
S315000275509DED007BB7EE000B37EE000B91E7194A63
S31500027560002310EB030A41EB020B9FED0F7B4BEC62
S3150002757010AB4BEC15ABA6EE050B20EE070B07B0D6
S31500027580BDE8D00F00F05CB89FED090BD5E707B058
S31500027590BDE8D00F00F038B89FED050B71E700BFCC
S315000275A00000000000001000000000000000007F44
S315000275B00000000000000000484F03000000F0FF3A
S315000275C00000E03F0000F0C010B582B08DED000B68
S315000275D0044600F0E5F99DED000B046002B010BD13
S315000275E082B058B1B1EE407B8DED007B9DED007B04
S315000275F0222020EE070B02B0FFF7E6BFB0EE407B7B
S31500027600F2E700BF000000009FED010BFFF7E8BFA5
S3150002761000000000000000109FED010BFFF7E0BF25
S315000276200000000000000070B5EE400BF1EE10FA0B
S3150002763000D070472220FFF7C7BF00BF000000003E
S315000276409FED076BB0EEC07BB4EE467BF1EE10FA0F
S3150002765000DC70472220FFF7B7BF00BFAFF3008000
S31500027660FFFFFFFFFFFFEF7F10B483B08DED000B2E
S3150002767001990098C1F30A52A2F2FF33132B24DCBC
S31500027680002B45DB3A4A1A4101EA0204044321D09F
S315000276909FED357B9DED006B36EE077BB5EEC07B2D
S315000276A0F1EE10FA09DD002904DA4FF4801040FAEF
S315000276B003F3194421EA020100200B46024643EC79
S315000276C0102B03B05DF8044B7047332B08DDB3F57E
S315000276D0806F2BD09DED000B03B05DF8044B704715
S315000276E0A2F213424FF0FF3424FA02F20242F1D020
S315000276F09FED1D7B9DED006B36EE077BB5EEC07BE5
S31500027700F1EE10FAD9DD00291EDB20EA0200D4E7E9
S315000277109FED157B30EE077BB5EEC07BF1EE10FADE
S31500027720CBDD002907DB00200146C6E79DED007B85
S3150002773037EE070BD0E721F000430E4A1843002824
S3150002774018BF11460020B8E7142B08D00124C3F154
S31500027750340304FA03F3181828BF0919D5E70131CF
S31500027760D3E700BFAFF300809C7500883CE4377E08
S31500027770FFFF0F000000F0BF30B482B08DED000BAA
S31500027780019B194C23F000410025A142056022DC31
S31500027790009C51EA04021ED0144C1C4054B99FEDC1
S315000277A0107B20EE077B8DED007B019B6FF035058C
S315000277B023F0004123F0FF4424F4E004DDE9002332
S315000277C044F07F53091543F40013A1F2FE31CDE9CB
S315000277D00023294401609DED000B02B030BC7047C6
S315000277E00000000000005043FFFFEF7F0000F07F23
S315000277F053EC102B70B4C3F30A54A4F2FF311329CD
S3150002780010EE100A1D460BDC002924DB1E4C0C412F
S3150002781003EA040630432DD143EC102B70BC7047AB
S31500027820332905DDB1F5806FF6D130EE000B1FE08E
S31500027830A4F213444FF0FF3626FA04F42242EBD0A8
S315000278400123C1F1330103FA01F1401828BFED18F3
S3150002785020EA040008E003F00045013104BF45F0C8
S315000278607F5545F4401500202B46024643EC102B6B
S3150002787070BC70474FF4002343FA01F10D4425EA28
S3150002788004050020F0E700BFFFFF0F0010EE101AFC
S31500027890C1F3C752002910B4A2F17F04B4BF4FF05E
S315000278A0FF3001201E2C0EDC002C1BDBC1F316035D
S315000278B0162C43F400030DDD963A934003FB00F0C9
S315000278C05DF8044B7047FDEEC07A5DF8044B17EE87
S315000278D0900A70474FF4800222411344C4F1170400
S315000278E0E340EBE7013418BF00205DF8044B704714
S315000278F008B5062001F0F6FA012004F0F9FC0000B2
S315000279001FB514461A46094B1B680546D8684CB182
S31500027910074B0091CDE9013406492B4600F004FAE3
S31500027920FFF7E6FF044B1C46F3E700BFC8AA002098
S31500027930B8570300C5570300BB1103002DE9F84FE2
S315000279400A9E804689461F46144622B94FF0000A0F
S315000279505046BDE8F88F002BF8D04FF0000BA34538
S31500027960F4D20BEB04056D0805FB079A5146404617
S31500027970B047002803DBEBD005F1010B25462C4668
S31500027980EDE7000010B5054C13462CB10A46014638
S315000279900220AFF3008010BD2046FCE70000000085
S315000279A0014B1868704700BFC8AA002008B5074BEC
S315000279B0044613B10021AFF30080054B1868836AB1
S315000279C003B19847204604F093FC00BF0000000074
S315000279D0585903008A892DE9F041054610070C46DD
S315000279E058D44B68002B05DC0B6C002B02DC002004
S315000279F0BDE8F081E66A002EF9D0002312F4805227
S31500027A002F682B6032D0606DA3895A0705D563684B
S31500027A10C01A636B0BB1236CC01A00230246E66AD6
S31500027A20216A2846B047431CA38906D129681D2925
S31500027A302CD82A4ACA40D60728D500226260D90421
S31500027A402269226004D5421C01D12B6803B9606504
S31500027A50616B2F600029CAD004F14403994202D017
S31500027A60284600F087FA00206063C1E7216A0123F5
S31500027A702846B047411CC7D12B68002BC4D01D2B0A
S31500027A8001D0162B01D12F60B1E7A38943F0400341
S31500027A90A381ADE70F69002FA9D093070E6808BF2F
S31500027AA04B690F6018BF0023A6EB07088B60B8F17D
S31500027AB0000F9CDD216AA66A43463A462846B0472D
S31500027AC0002806DCA38943F04003A3814FF0FF3070
S31500027AD08EE70744A8EB0008E9E700BF0100402053
S31500027AE038B50B6905460C4613B90025284638BD3C
S31500027AF018B183690BB900F099F8144B9C421BD15B
S31500027B006C68B4F90C30002BEFD0626ED00704D447
S31500027B10990502D4A06D00F0CCF928462146FFF75C
S31500027B2059FF636EDA070546E0D4A3899B05DDD4C7
S31500027B30A06D00F0BFF9D9E7054B9C4201D1AC68B4
S31500027B40DFE7044B9C4208BFEC68DAE718590300EA
S31500027B5038590300F8580300014620B9044B054979
S31500027B60186800F0F3B8044B1868FFF7B9BF00BFF6
S31500027B7058590300E17A0200C8AA0020002310B572
S31500027B800446C0E90033C0E9043383608181436659
S31500027B90C2818361194608225C3000F0D3F9054B95
S31500027BA06362054BA362054BE362054B24622363C2
S31500027BB010BD00BF858F0200A78F0200DF8F020073
S31500027BC003900200014900F0C1B800BFE17A020049
S31500027BD070B54A1E682555430E4605F1740100F03C
S31500027BE019FA044640B10021C0E900160C30A06023
S31500027BF005F1680200F0A6F9204670BD014800F0C2
S31500027C0058B900BF18820220014800F053B900BFDC
S31500027C1018820220014800F04CB900BF17820220E8
S31500027C20014800F047B900BF1782022010B504468A
S31500027C30FFF7F0FFA3691BB1BDE81040FFF7F0BFE5
S31500027C40C4E912332365134B134A1B68A262A3428B
S31500027C5004BF0123A361204600F020F8606020469D
S31500027C6000F01CF8A060204600F018F80022E06040
S31500027C7004216068FFF782FFA06801220921FFF74D
S31500027C807DFFE06802221221FFF778FF0123A3613C
S31500027C90D2E700BF58590300C57B0200F8B5074674
S31500027CA0FFF7ACFF1E4B1E68B36913B93046FFF7E8
S31500027CB0BDFF4836D6E90134013B03D533680BB321
S31500027CC03668F7E7B4F90C50D5B9164BE36004F100
S31500027CD05800656600F0ECF8FFF796FFC4E9015517
S31500027CE0C4E904552560A5610822294604F15C0011
S31500027CF000F028F9C4E90D55C4E912552046F8BD2D
S31500027D006834D9E704213846FFF762FF044630603B
S31500027D100028D5D1FFF778FF0C233B60EEE700BFC2
S31500027D20585903000100FFFF0EB403B5014603AB29
S31500027D30054853F8042B0068019300F0EFF902B0EE
S31500027D405DF804EB03B07047C8AA00202DE9F8439A
S31500027D500646884600F148040027D4E90195B9F1A0
S31500027D60010905D52468002CF7D13846BDE8F88309
S31500027D70AB89012B07D9B5F90E30013303D0294659
S31500027D803046C04707436835E9E700002DE9F84366
S31500027D90089C8946174602FB03F8054618B1836913
S31500027DA00BB9FFF743FF264B9C4223D16C68636EE7
S31500027DB0DE0705D4A389980502D4A06D00F079F8F0
S31500027DC0A389190720D52369F3B10026464529D090
S31500027DD0A06819F8061001380028A06004DAA36921
S31500027DE0984219DB0A2917D023685A1C2260197097
S31500027DF00136EBE7134B9C4201D1AC68D7E7124B35
S31500027E009C4208BFEC68D2E72146284602F024F9D4
S31500027E100028DAD0002605E02246284602F0B8F805
S31500027E200130E5D1636EDA0705D4A3899B0502D436
S31500027E30A06D00F03FF8B6FBF7F0BDE8F88300BF8F
S31500027E401859030038590300F858030007B5009380
S31500027E5013460A46014603480068FFF797FF03B038
S31500027E605DF804FBC8AA002070B50D4D0D4C641BCD
S31500027E70A4100026A64209D10B4D0C4C0DF01EFF94
S31500027E80641BA4100026A64205D170BD55F8043B1A
S31500027E9098470136EEE755F8043B98470136F2E774
S31500027EA0D85D0300D85D0300D85D0300EC5D0300D6
S31500027EB07047704770470000024B0146186800F091
S31500027EC0A9B800BFC8AA0020024B0146186800F0F4
S31500027ED051B800BFC8AA002030B501390024A24219
S31500027EE001D1002005E0035D01340D5DAB42F6D001
S31500027EF0581B30BD0A44914200F1FF3300D170474E
S31500027F0010B511F8014B03F8014F9142F9D110BD9A
S31500027F10884210B501EB020402D98442234607D8EF
S31500027F20431EA14208D011F8012B03F8012FF8E7EE
S31500027F30024401468A4200D110BD13F8014D02F8EF
S31500027F40014DF7E702440346934200D1704703F816
S31500027F50011BF9E713B54A431146019200F05AF89C
S31500027F60044618B1019A0021FFF7ECFF204602B041
S31500027F7010BD000037B5002948D051F8043C0190E5
S31500027F80002BA1F10404B8BFE418ECF74BFE204A1B
S31500027F9001981368154633B96360146003B0BDE8EF
S31500027FA03040ECF75DBEA3420BD9216862189342BA
S31500027FB004BF1A685B68636004BF521822602C60B3
S31500027FC0ECE71A465B680BB1A342FAD91168551859
S31500027FD0A5420BD1246821445418A3421160DDD175
S31500027FE01C685B68536021441160D7E702D90C23F1
S31500027FF00360D3E7256861198B4204BF19685B6881
S31500028000636004BF491921605460C7E703B030BDFD
S315000280100C820220F8B5CD1C25F0030508350C2D7F
S3150002802038BF0C25002D064601DBA94203D90C23D5
S3150002803033600020F8BDECF7F5FD21490A681446C5
S315000280409CB9204F3B6823B921463046ECF7C6FD62
S31500028050386029463046ECF7C1FD431C23D10C2378
S3150002806033603046ECF7FCFDE3E723685B1B17D46D
S315000280700B2B03D923601C44256004E06368A242EB
S315000280800CBF0B6053603046ECF7EAFD04F10B00BF
S31500028090231D20F00700C21ACCD01B1AA350C9E731
S315000280A022466468CCE7C41C24F00304A042E3D051
S315000280B0211A3046ECF792FD0130DDD1CFE700BF41
S315000280C00C820220108202209368013B002B10B41E
S315000280D0936008DA9469A34201DB0A2903D15DF8A9
S315000280E0044B01F055BF1368581C106019700846FE
S315000280F05DF8044B7047F8B506460F461446D51888
S31500028100AC4201D1002007E014F8011B3A46304682
S31500028110FFF7DAFF431CF3D1F8BD00002DE9F04F5B
S315000281200D469DB014469846064618B183690BB9AA
S31500028130FFF77CFD894B9D421BD175686B6ED90793
S3150002814005D4AB899A0502D4A86DFFF7B2FEAB89B6
S315000281501B0701D52B69EBB92946304601F07CFF96
S31500028160C0B16B6EDC070ED54FF0FF301DB0BDE817
S31500028170F08F7B4B9D4201D1B568DFE7794B9D427B
S3150002818008BFF568DAE7AB899805EDD4A86DFFF765
S3150002819091FEE9E70023099320238DF82930CDF8D3
S315000281A00C803023DFF8C0818DF82A304FF00109A8
S315000281B023469A4613F8012B0AB1252AF9D1BAEBBE
S315000281C0040B0BD05B46224629463046FFF793FF47
S315000281D0013000F0AA80099A5A4409929AF80030AE
S315000281E0002B00F0A28000234FF0FF32CDE90523D9
S315000281F00AF1010A049307938DF853301A935446F1
S31500028200052214F8011B5848D9F772FA049AD8B90C
S31500028210D10644BF20238DF85330130744BF2B23C6
S315000282208DF853309AF800302A2B15D0079A544607
S3150002823000204FF00A0C214611F8013B303B092B76
S315000282404ED9B0B1079214E0A0EB080309FA03F382
S3150002825013430493A246D2E7039B191D1B6803919D
S31500028260002BBBBF5B4242F0020207930793B8BFE3
S31500028270049223782E2B0CD163782A2B35D1039BBB
S315000282801A1D1B680392002BB8BF4FF0FF3302344E
S315000282900593DFF8E4A0217803225046D9F728FA9D
S315000282A040B14023A0EB0A0003FA00F0049B03430B
S315000282B00134049314F8011B2C488DF82810062269
S315000282C0D9F716FA00283FD0294B1BBB039B07336D
S315000282D023F0070308330393099B3B44099367E79B
S315000282E00CFB02320C460120A5E70023013405935C
S315000282F019464FF00A0C204610F8012B303A092A8B
S3150002830003D9002BC5D00591C3E70CFB0121044616
S315000283100123F0E703AB00932A46164B04A9304625
S3150002832000F0BEF80746781CD6D16B6ED90705D485
S31500028330AB899A0502D4A86DFFF7BCFDAB895B0633
S315000283403FF512AF099811E703AB00932A46094B92
S3150002835004A9304600F030FBE4E700BF18590300D9
S3150002836038590300F85803005C59030066590300A4
S31500028370A1840200F780020062590300F0B52DEDD8
S31500028380028BB0EE408B85B017460D9D0C9E18EE03
S31500028390902A25F02005002AB6BF2D220022B1EE32
S315000283A0408B462D0C461A7004D0452D00D101345F
S315000283B0022100E0032103AB019302AB00932246A4
S315000283C03346B0EE480B01F053FF472D09D1FB07A8
S315000283D007D4039B0E9A1B1A136005B0BDEC028BE1
S315000283E0F0BD462D00EB04020CD10378302B07D1E9
S315000283F0B5EE408BF1EE10FA1CBFC4F101043460F5
S3150002840033681A44B5EE408BF1EE10FA08BF0392B8
S315000284103021039B9342DCD25C1C03941970F8E76B
S31500028420F7B503460029B8BF494203F8022BB4BF89
S315000284302D222B22092942702ADD0DF10704A446BA
S315000284400A27A6460A4691FBF7F607FB16153035AC
S31500028450632A04F1FF340EF8015C3146F1DC303157
S31500028460AEF1020504F8011C441C294661450AD3F3
S315000284700DF10902A2EB0E02654588BF00221344E4
S31500028480181A03B0F0BD11F8012B04F8012FEDE71D
S31500028490302330318370C170031DF1E70000000004
S315000284A02DE9F04F8BB00C46DDF8508016461F467C
S315000284B0054602F0CFFFD0F800B05846D9F772F958
S315000284C000230893D8F8003094F8189022680733EE
S315000284D023F0070303F10801C8F800108246D3E926
S315000284E00001C4E912019FED987B94ED120BB0EEE8
S315000284F0C06BB4EE476BF1EE10FA24DDB5EEC00B9D
S31500028500F1EE10FA02D52D2384F84330904B9148B0
S31500028510B9F1470F94BF984680460323236122F0A0
S3150002852004020023226004930097334609AA2146D7
S31500028530284600F0D3F9013040F08A804FF0FF3030
S315000285400BB0BDE8F08FB4EE400BF1EE10FA09D78E
S3150002855010EE903A002BBCBF2D2384F843307E48A0
S315000285607E4BD5E7636809F0DF010491591C3CD1C3
S31500028570062363600023039308ABCDE9019342F41B
S31500028580806207AB6168009322600DF11B032846E7
S31500028590FFF7F4FE049B0799472B804608D1C81CB7
S315000285A002DB6368994241DDA9F102095FFA89F9A2
S315000285B0B9F1650F20D801394A4604F150000791F6
S315000285C0FFF72EFF089A04901318012A236102DC92
S315000285D02268D20701D5013323619DF81B30002B97
S315000285E0A2D02D2384F843309EE704994729C1D1AE
S315000285F0002BBFD10123BCE7B9F1660F18D10029C0
S3150002860063680BDD216113B92268D00702D50133F5
S315000286100B4423610023A1650493DEE713B92268A4
S31500028620D20701D50233F4E70123F2E74FF06709D7
S31500028630089B994205DB23682161D807EAD54B1CC2
S31500028640E7E70029D4BFC1F1020201221344E0E7A1
S3150002865023685A0507D42369424631462846B84755
S3150002866001302AD16AE7B9F1650F40F2E28094ED52
S31500028670127BB5EE407BF1EE10FA33D1384A012374
S3150002868031462846B84701303FF458AFDDE90723A3
S315000286909A4202DB2368D8070FD553465A4631461B
S315000286A02846B84701303FF449AF4FF0000804F1BD
S315000286B01A09089B013B434509DC23689B0700F125
S315000286C00881E068099B9842B8BF184638E701233B
S315000286D04A4631462846B84701303FF42FAF08F1E3
S315000286E00108E6E7079B002B3CDC1D4A01233146C5
S315000286F02846B84701303FF421AFDDE9072313438B
S3150002870002D12368D907D8D553465A463146284658
S31500028710B84701303FF412AF4FF0000904F11A0ACC
S31500028720079B5B424B4501DC089B95E701235246BA
S3150002873031462846B84701303FF400AF09F1010936
S31500028740EEE700BFAFF30080FFFFFFFFFFFFEF7F03
S315000287506D590300715903007959030075590300D5
S315000287609AF20200089AA36D9A42A8BF1A46002AF4
S31500028770914638DC0023059329EAE97904F11A02C5
S31500028780A36D05990493A3EB09038B4233DCDDE960
S3150002879007239A423CDB2368DA0739D4089A049BFA
S315000287A00799D31AA2EB01099945A8BF9946B9F1CF
S315000287B0000F35DC4FF0000829EAE97904F11A0ABC
S315000287C0DDE907239B1AA3EB090343457FF775AF40
S315000287D00123524631462846B84701303FF4AEAE31
S315000287E008F10108ECE71346314642462846B847E7
S315000287F00130BFD1A2E60123314628460492B8478A
S3150002880001303FF49BAE059B049A01330593B7E70B
S3150002881053465A4631462846B8470130BED18DE600
S31500028820049A4B46424431462846B8470130C1D1E4
S3150002883084E6089A012A01DCDB0737D50123424682
S3150002884031462846B84701303FF478AE53465A4679
S3150002885031462846B84701303FF470AE94ED127B9C
S31500028860B5EE407BF1EE10FA1BD0089B08F101022F
S31500028870013B31462846B84701300ED15EE6012358
S315000288804A4631462846B84701303FF457AE08F10A
S315000288900108089B013B4345F1DC049B04F15002AD
S315000288A0DBE64FF0000804F11A09F2E7012342461B
S315000288B0DFE701234A4631462846B84701303FF4EE
S315000288C03DAE08F10108E36809995B1A4345F0DCFD
S315000288D0F7E64FF0000804F11909F4E72DE9F0472D
S315000288E0164699468A680B69DDF820809342B8BF1E
S315000288F01346336091F8432007460C460AB101330A
S3150002890033602368990642BF3368023333602568B1
S3150002891015F0060506D104F1190AE36832689B1AB6
S31500028920AB4226DC94F84320131E226818BF0123AB
S3150002893092062BD404F1430249463846C047013019
S315000289401ED02368E568326803F00603042B08BFCD
S31500028950AD1AA36822690CBF25EAE5750025934284
S31500028960C4BF9B1AED1800261A34B5421AD100204C
S3150002897008E00123524649463846C047013003D132
S315000289804FF0FF30BDE8F0870135C6E7E1185A1C03
S31500028990302081F84300224494F8451082F84310AF
S315000289A00233C7E70123224649463846C04701300B
S315000289B0E6D00136D9E700002DE9FF470C4691467D
S315000289C0277E0C99782F80469A4604F1430207D8EF
S315000289D0622F0AD8002F00F0D880582F00F0A3800B
S315000289E004F1420684F842703AE0A7F16303152BBC
S315000289F0F6D801A050F823F0518A0200658A0200D7
S31500028A00E1890200E1890200E1890200E1890200AE
S31500028A10658A0200E1890200E1890200E189020019
S31500028A20E1890200718B0200958A0200538B0200D3
S31500028A30E1890200E1890200938B0200E1890200CA
S31500028A40958A0200E1890200E18902005B8B02003D
S31500028A500B681A1D1B680A6004F1420684F842304C
S31500028A600123A3E0256808682E0600F104030AD54F
S31500028A7005680B60002D03DA2D236D4284F843301E
S31500028A805E480A2319E015F0400F05680B6018BF0F
S31500028A902DB2EFE70B682568181D0860280601D578
S31500028AA01D6802E06906FBD51D8854486F2F0CBF6E
S31500028AB008230A23002184F843106668A660002E64
S31500028AC0A2BF216821F0040121600DB9002E4DD00C
S31500028AD01646B5FBF3F103FB1157C75D06F8017D98
S31500028AE02F46BB420D46F4D9082B0BD12368DF076C
S31500028AF008D5236961689942DEBF302306F8013C36
S31500028B0006F1FF36921B2261CDF800A04B4603AA5E
S31500028B1021464046FFF7E2FE01304CD14FF0FF30CE
S31500028B2004B0BDE8F087354884F8457023680E68BE
S31500028B301F0656F8045B0E6014D5D90744BF43F0EE
S31500028B40200323601DB9236823F02003236010232A
S31500028B50B0E7236843F0200323607823284884F88B
S31500028B604530E3E75E0648BFADB2E6E71646BBE729
S31500028B700B68266860691D1D0D6035061B6801D5E8
S31500028B80186002E07106FBD51880002323611646A1
S31500028B90BAE70B681A1D0A601E6862680021304631
S31500028BA0D8F7A6FD08B1801B6060636823610023C5
S31500028BB084F84330A8E72369324649464046D047FF
S31500028BC00130ABD023689B0713D4E068039B98421D
S31500028BD0B8BF1846A4E70123324649464046D04765
S31500028BE001309BD00135E36803995B1AAB42F2DC94
S31500028BF0EBE7002504F11906F5E700BF7D590300EE
S31500028C008E5903000FB40A4B13B51C6824B1A3692D
S31500028C1013B92046FFF70AF805AB049AA168019337
S31500028C202046FFF77BFA02B0BDE8104004B0704759
S31500028C30C8AA002038B50C460968054609B1FFF7EF
S31500028C40F9FF21462846BDE83840FFF793B90000F0
S31500028C502C4B1B68834270B5044651D0436A43B11C
S31500028C60DB68002B4AD1636A196811B12046FFF707
S31500028C7081F9616911B12046FFF77CF9616A11B188
S31500028C802046FFF777F9A16B11B12046FFF772F97B
S31500028C90E16B11B12046FFF76DF9216C11B1204647
S31500028CA0FFF768F9E16D11B12046FFF763F9A16D8F
S31500028CB011B12046FFF75EF9616B11B12046FFF74D
S31500028CC059F9A369E3B1A36A20469847A16CB9B1E1
S31500028CD02046BDE87040FFF7ADBF495941B904359A
S31500028CE0636A802DD968F8D12046FFF743F9BAE7BF
S31500028CF00E682046FFF73EF93146EFE70025EFE71B
S31500028D0070BD00BFC8AA00202DE9F7431D465D4B82
S31500028D101F6804460E46904627B1BB6913B938460A
S31500028D20FEF784FF584B9C4267D17C68B8F1020F6C
S31500028D3006D0B8F1010F00F29F80002DC0F29C8090
S31500028D40636EDB0705D4A389980502D4A06DFFF7ED
S31500028D50B0F821463846FEF7C3FE616B41B104F115
S31500028D604403994202D03846FFF704F900236363AD
S31500028D700023A3616360A389190603D521693846D6
S31500028D80FFF7F8F8A38923F44A6323F00303B8F143
S31500028D90020FA3816CD001AB6A462146384602F027
S31500028DA06FFBA3891843A081002D30D1009D284670
S31500028DB0FFF782F80646002855D1DDF80090A9454E
S31500028DC04AD14FF0FF350022A26004F14702226029
S31500028DD022610122B4F90C306261626E43F0020331
S31500028DE0D207A38105D413F4007F02D1A06DFFF749
S31500028DF061F8284603B0BDE8F083244B9C4201D1BA
S31500028E00BC6893E7224B9C4208BFFC688EE7002EA3
S31500028E10CDD0BB6913B93846FEF708FFB8F1010F8A
S31500028E2008BFA389266004BF43F00103A381A28978
S31500028E3012F00803C4E904651CD0D30741BF00231E
S31500028E406D42A360A56158BFA560656E15F0010568
S31500028E5015D112F4007FC8E74846FFF72DF80646FB
S31500028E600028AED04D46A38943F08003A381D0E704
S31500028E700025A8E7A360E8E74FF0FF35B9E700252C
S31500028E80B7E700BFC8AA00201859030038590300E3
S31500028E90F85803001F2938B504460D4604D916238F
S31500028EA003604FF0FF3038BD426C12B152F82130E8
S31500028EB04BB9204600F030F82A4601462046BDE866
S31500028EC0384000F017B8012B0AD0591C03D11623DB
S31500028ED003600120E7E7002442F825402846984728
S31500028EE00020E0E7024B01461868FFF7D3BF00BF38
S31500028EF0C8AA002038B5074D002304460846114685
S31500028F002B6003F0E5F9431C02D12B6803B1236001
S31500028F1038BD00BFA481022003F0CAB90CB430B533
S31500028F20174B0C1E1D689DB008DA8B232B604FF081
S31500028F30FF301DB0BDE8304002B070474FF40273F7
S31500028F40ADF8143014BF04F1FF332346049307939C
S31500028F504FF6FF7302900690ADF81630209A21ABB9
S31500028F6002A92846019303F03FF8431CBCBF8B239A
S31500028F702B60002CDDD0029B00221A70D9E700BFBD
S31500028F80C8AA002010B50C46B1F90E1003F02CF950
S31500028F900028ABBF636DA3891B1823F48053ACBFB3
S31500028FA06365A38110BD2DE9F0411F468B89DB0560
S31500028FB005460C46164605D5B1F90E1002230022C7
S31500028FC002F04CFAA389B4F90E1023F48053A3815C
S31500028FD032463B462846BDE8F04101F02BB810B5B3
S31500028FE00C46B1F90E1002F039FA431CA38915BFDB
S31500028FF0606523F4805343F48053A38118BFA38191
S3150002900010BDB1F90E1001F095B8C9B2034610F8B9
S31500029010012B1AB18A42F9D118467047002918BFA6
S315000290200023F9E7034611F8012B03F8012B002A66
S31500029030F9D1704770B503461E4613F8014B44B189
S315000290404A1E01E0A54204D012F8015F002DF9D1B3
S31500029050F2E7301A70BD10B56AB10139841810F8FA
S31500029060013B11F8012F934203D1A04201D0002BFC
S31500029070F5D1981A10BD1046FCE770B503461E4698
S3150002908013F8014B3CB14A1E01E0A542F7D012F893
S31500029090015F002DF9D1301A70BD70B504460D4638
S315000290A0164645EC104B02F0CDFD7EB1C5F30A53D0
S315000290B0C3F16B03002B09DD1B0503F17F51002071
S315000290C001F5401141EC170B20EE070B70BD0000B5
S315000290D02DE9F04F2DED0C8B9DB01F460023189302
S315000290E0A64B13921B680893044618468A46D8F77D
S315000290F059FB4FF0000805464FF00009CDF85CA079
S31500029100179B1A782B2A4DD03AD80D2A33D8082A1B
S3150002911033D8002A3DD000230B93179E3378302B89
S3150002912040F0B680737803F0DF03582B6DD10B9BAA
S31500029130019318AB02970093914A19AB17A92046DF
S3150002914001F080FE10F00705074605D0062D2BD14B
S315000291500136002317960B93139B002B40F06E8566
S315000291600B9BE3B149EC178BB1EE470B1DB0BDEC7F
S315000291700C8BBDE8F08F202ACDD101331793BFE7C0
S315000291802D2AC8D101220B925A1C17925B78002B0A
S31500029190C3D1139BCDF85CA0002B40F04D8549EC62
S315000291A0108BE3E70022EEE7189A3AB135211AA8A6
S315000291B002F054FE1899204602F018FA013D052DD8
S315000291C007D8DFE805F00E0B181D0E034FF0000955
S315000291D0C8463B07C0D549F00049BDE7DDE91A8913
S315000291E0F7E7DDE91A83199A23F4801302F2334270
S315000291F043EA0259EDE7DFF88C914FF00008E8E701
S315000292006FF000494FF0FF38E3E7179B5A1C17929D
S315000292105B78302BF9D0002B9ED001230693179B47
S315000292200C93002304930A931E460A22179890F879
S3150002923000B0ABF13003D9B209292BD908992A46D5
S31500029240FFF709FF002835D000205A4633468346E9
S315000292500146652A01D0452A18D11BB9069B03434C
S3150002926097D00023DDF85CA00AF1010217929AF862
S3150002927001202B2A77D02D2A7DD04FF0000EA2F1A5
S315000292803005092D40F28480CDF85CA000259FE0D0
S315000292900023C3E7082ED5BF0A99049902FB0133BE
S315000292A002FB013300F10100D4BF0A930493013695
S315000292B01790BBE7179B5A1917925A5DAEB38346AE
S315000292C03346A2F13001092912D90121C1E7179BC0
S315000292D05A1C17925A780130302AF8D0A2F131037B
S315000292E0082B00F2B084179B0C938346002003469A
S315000292F0303A00F1010112D08B4400EB030C1946FF
S315000293000A25614513D11918082903F101030344FB
S315000293101DDC0A980A2101FB00220A920021179AF3
S31500029320501C179052780846CBE73046D4E70829F6
S3150002933004DC0A9F6F430A970131E2E701F1010E4D
S31500029340BEF1100FDEBF049F6F430497F4E7102BA4
S31500029350DFBF04980A2101FB00220492DEE74FF0E8
S31500029360000B01217AE74FF0000E0AF10202179272
S315000293709AF8022083E74FF0010EF6E7285B030016
S31500029380A05903000000F07F179A551C17955278D2
S31500029390302AF9D0A2F13105082D3FF677AFA2F1B6
S315000293A0300C179A0892179A551C17955278A2F103
S315000293B03007092F37D9089FED1B082D44F61F6584
S315000293C002DC6545A8BF6546BEF1000F00D06D42BE
S315000293D0002B4FD1069B03437FF4BEAE00297FF4D8
S315000293E0D8AE692A27D024DC492A24D04E2A7FF413
S315000293F0D0AE9B4917A801F07DFF00283FF4C9AE05
S31500029400179B1B78282B2DD196491AAA17A801F06B
S3150002941085FF052826D11B9BDDF8688043F0FF49AE
S3150002942049F4E00998E60A2505FB0C25A5F1300C5E
S31500029430B9E76E2ADBE78C4917A801F05BFF002823
S315000294403FF4A7AE179B8949013B17A8179301F072
S3150002945051FF10B9179B01331793DFF824924FF08F
S31500029460000879E6824802F0D3FE8DED040BDDE9B1
S31500029470048971E6DDED0A7AB8EE677BA5EB0B028D
S31500029480002E08BF1E46102B8DED087B06921A464B
S31500029490A8BF1022092BDDE908890EDD7549DDED2D
S315000294A0047A01EBC20111ED126B9DED085BB8EE79
S315000294B0677BA5EE067B59EC178B0F2B37DC0699DB
S315000294C000293FF449AE23DD16290BDC694B03EB79
S315000294D0C10393ED007B49EC168B27EE067B59EC14
S315000294E0178B39E60698C3F1250181421FDB614AD3
S315000294F0C3F10F0302EBC30191ED007B49EC168B1E
S31500029500C31A02EBC30227EE067B92ED006BE4E779
S31500029510069916310BDB574BABEB050503EBC5057D
S3150002952095ED007B49EC168B86EE077BD7E706990D
S315000295309A1A0A44002A74DD12F00F000AD04D4925
S3150002954001EBC00191ED007B49EC168B27EE067B01
S3150002955059EC178B32F00F024FD0B2F59A7F22DD0B
S3150002956000252E460A952F462223DFF81491236002
S315000295704FF000080A9B002B3FF4EEAD18992046E7
S3150002958002F034F83946204602F030F831462046D9
S3150002959002F02CF80A99204602F028F829462046BD
S315000295A002F024F8D8E5CDE904890020324F1211E1
S315000295B00146012A24DC08B1DDE904892E4A2F4836
S315000295C002EBC10191ED007BA9F1547949EC168BAE
S315000295D027EE067B8DED047B0599294A0A408242D5
S315000295E0DDE90489BCD8A0F58010824286BFDFF887
S315000295F094904FF0FF3801F15479002204927FE0F3
S3150002960012F0010F0AD007EBC10090ED007B9DED31
S31500029610046B26EE077B8DED047B0120013152108F
S31500029620C7E7EAD0524212F00F000AD0114901EB05
S31500029630C00191ED007B49EC168B86EE077B59EC57
S31500029640178B1211D9D01F2A1EDD00252E460A9528
S315000296502F4622234FF000084FF00009236089E7C6
S315000296607A590300B459030072590300F3590300EF
S31500029670BB110300E85B0300C05B03000000A07C93
S315000296800000F07FFFFFEF7F12F0100118BF6A2182
S31500029690CDE908890491C0490020D70708D59DED78
S315000296A0086B91ED007B26EE077B8DED087B012092
S315000296B0521001F10801F0D108B1DDE90889049AD6
S315000296C0BAB1C9F30A52C2F16B02002A494610DD49
S315000296D01F2A40F33281342ADEBF203A4FF0FF3090
S315000296E000FA02F24FF00008CCBF4FF05C7902EAB2
S315000296F0010949EC178BB5EE407BF1EE10FAA4D0C6
S315000297000A9A00920C993246204601F0DBFF0A9033
S3150002971000283FF425AF069BABEB0505002BB4BF33
S315000297202B4600230C93069B9FED959B9FED96ABD4
S315000297309FED97BB23EAE373002512932E460A9BFD
S315000297402046596801F012FF074600283FF40CAF85
S315000297500A9B1A69023203F10C0192000C30FEF7E1
S31500029760C9FB49EC108B1AAA19A92046CDE908892A
S3150002977002F0E4FA189000283FF4F6AE01212046E2
S3150002978002F03AF8064600283FF4EEAE199B1A9903
S31500029790002BABBF0C9A129ADDF848A0DDF830B068
S315000297A0ACBF03EB020BA2EB030A049A9B1A0B440F
S315000297B07A4A013B9342C1F1360180F2D180D21A34
S315000297C01F2AA1EB02014FF0010000F3BD8000FA4F
S315000297D002F30E9300230D930BEB0103049A9B45B0
S315000297E08A4492445A46A8BF1A465245A8BF5246D0
S315000297F0002AC2BF9B1AAAEB020AABEB020B0C9A17
S31500029800002A18DD31462046159302F0B1F80646C5
S3150002981000283FF4A9AE0146189A204602F002F843
S31500029820149000283FF4A0AE1899204601F0DEFEFF
S31500029830149A159B1892002B00F39780069B002B17
S3150002984008DD3946129A204602F092F807460028A9
S315000298503FF48AAEBAF1000F08DD39465246204679
S3150002986002F0E0F8074600283FF47EAEBBF1000F97
S3150002987008DD31465A46204602F0D4F8064600284C
S315000298803FF472AE18993A46204602F053F905465D
S3150002989000283FF469AE0023D0F80CA0C36031461D
S315000298A002F02CF900287FDA5AEA080340F0A58074
S315000298B0C9F31303002B40F0A08029F000431B0DCF
S315000298C01B05B3F1D66F40F298806B691BB92B6901
S315000298D0012B40F3928029460122204602F0A2F88B
S315000298E03146054602F00AF9002840F386800499BB
S315000298F02B4A4B46002900F0A18002EA0901B1F188
S31500029900D66F00F39B80B1F15C7F7FF7A2AE254A4A
S315000299100023CDE910329DED106B49EC178B27EE33
S31500029920067B8DED047BDDE90432134308BF222357
S31500029930DDE9048908BF236020E64FF0FF3101FA12
S3150002994002F202EA0808D4E6C3F17F4303F57F0375
S3150002995003F57B43E23300FA03F3CDE90D303BE72F
S3150002996000200123CDE90D0336E718991A46204651
S3150002997002F058F8189000287FF460AFF4E500BFB3
S315000299809535A094FFFFCF3F9535A094FFFFDF3FAB
S3150002999035E5AF350000E03FC859030002FCFFFF82
S315000299A00000F07F00005039CB4665D1C9F313039E
S315000299B0BAF1000F2AD0AA4A93422BD1049B414600
S315000299C0FBB1A84A09EA0202B2F1D46F4FF0FF30A6
S315000299D01AD8120DC2F16B0300FA03F3994219D198
S315000299E0A14B9B4502D101313FF4BEAD9D4B0BEA23
S315000299F0030303F580194FF00008049B002B86D160
S31500029A00BCE54FF0FF33E9E70346E7E753EA08030D
S31500029A103FF46DAF0D9BDBB113EA0B0FEDD0049A49
S31500029A2040464946BAF1000F16D0FFF736FB9DEDC8
S31500029A30087B37EE007B59EC178BDEE71340A3F564
S31500029A4080136FEA13596FEA09594FF0FF38D4E7CA
S31500029A500E9B13EA080FE1E7FFF71FFB9DED087B5C
S31500029A6037EE407B8DED067BB5EE407BF1EE10FACC
S31500029A70DDE90689C1D1ECE53146284602F0BAF99C
S31500029A80B0EE007BB4EEC70BF1EE10FA67D8BAF16E
S31500029A90000F44D0754B0022B7EE008B7149DFF8F8
S31500029AA0D8C10BEA010060450D9040F08B80DDE9DC
S31500029AB00801ABF1547949EC108B43EC1C2BCDE930
S31500029AC0100102F0BFF849EC1D8BACEE00DB8DED08
S31500029AD00EDB0F9B6349664A19409142DDE90E8906
S31500029AE047D9099B02F15472934203D1089B013371
S31500029AF03FF43AADDFF870914FF0FF3818992046DF
S31500029B0001F074FD3946204601F070FD31462046CB
S31500029B1001F06CFD2946204601F068FD0FE6B8F11A
S31500029B20000F12D1C9F31303B3B9B7EE007BB4EE3B
S31500029B30C70BF1EE10FAB6EE008B01D420EE088BBD
S31500029B40B1EE487B53EC172BA8E7B8F1010F03D10E
S31500029B50B9F1000F3FF47DAD464B00229CE7B6EE0D
S31500029B60008B20EE088BBAF1000FE9D053EC182BCC
S31500029B7094E703F15479049B002BBFD129F00043EB
S31500029B800D9A1B0D1B059A42B8D151EC180BD7F74B
S31500029B9011FCD7F7B5FBC9F3130341EC170B43EAE4
S31500029BA0080353EA0A0338EE478B3ED0B4EECA8B5B
S31500029BB0F1EE10FA3FF5E2ACB4EECB8BF1EE10FA11
S31500029BC09CDDDBE4049901B30D99B1F1D46F1CD885
S31500029BD09FED217BB4EEC78BF1EE10FA11D8BCEEE5
S31500029BE0C88B18EE103A012B38BF012308EE103A43
S31500029BF0B8EE488BBAF1000F14D1B1EE487B53ECA4
S31500029C00172B0D9803F1D6610B1A9DED080B43EC49
S31500029C101C2B02F017F89DED087BACEE007B59EC8D
S31500029C20178BA8E753EC182BEBE7B4EEC98BF1EED2
S31500029C3010FA7FF563AFA1E400230B93139A179BE7
S31500029C401360FFF78DBA652A3FF489AB452A3FF4C4
S31500029C5086AB0121FFF7BEBB0000C0FFFFFFDF415D
S31500029C60FFFF0F000000F07FFFFFEF7F0000F03FD5
S31500029C70FFFF9F7C0000F0BF0000E07F0A4601461E
S31500029C800248034B0068FFF723BA00BFC8AA0020A8
S31500029C9030AB00202DE9F04F87B09146474A059038
S31500029CA088461F460D462B4615F8014BA65C16F054
S31500029CB00806F8D12D2C47D12C7801269D1C002FA1
S31500029CC077D0102F09D1302C07D12B7803F0DF0380
S31500029CD0582B69D16C78102702354FF0FF32901954
S31500029CE06FF000434FEAE77B43EBE6713A465B4689
S31500029CF0CDE90001D7F732FBCDE90201BA46964615
S31500029D00002300200021A4F1300CBCF1090F20D859
S31500029D106446A7422EDD5A1C13D0DDE902238B428C
S31500029D2008BF824223D301D1A64520DB0AFB01F3F9
S31500029D3000FB0B33AAFB00011944001941EBE47145
S31500029D40012315F8014BDEE72B2C04BF2C789D1C52
S31500029D50B5E7A4F1410CBCF1190F01D8373CD8E79D
S31500029D60A4F1610CBCF1190F04D8573CD1E74FF0AE
S31500029D70FF33E6E75A1C0AD1059A2223DDE90001E0
S31500029D801360B9F1000F0AD107B0BDE8F08F16B122
S31500029D90404261EB4101B9F1000FF5D00BB105F17B
S31500029DA0FF38C9F80080EFE73024002F95D1082745
S31500029DB093E7302C89D00A278FE700BFF5570300B7
S31500029DC013460A46014602480068FFF763BF00BF12
S31500029DD0C8AA00202DE9F04F85B09146494A039062
S31500029DE088461E460D462B4615F8014BA75C17F012
S31500029DF00807F8D12D2C4AD12C7801279D1C002E5C
S31500029E007CD0102E09D1302C07D12B7803F0DF033A
S31500029E10582B6ED16C78102602354FEAE67B324615
S31500029E205B464FF0FF304FF0FF31D7F797FACDE997
S31500029E30000132465B464FF0FF304FF0FF31D7F755
S31500029E408DFAB2469646002300200021A4F1300C7A
S31500029E50BCF1090F20D86446A6422EDD002B29DB71
S31500029E60DDE900238B4208BF824223D301D1A645F6
S31500029E7020DB0AFB01F300FB0B33AAFB00011944AA
S31500029E80001941EBE471012315F8014BDEE72B2C97
S31500029E9004BF2C789D1CB2E7A4F1410CBCF1190F4A
S31500029EA001D8373CD8E7A4F1610CBCF1190F04D8EC
S31500029EB0573CD1E74FF0FF33E6E7002B0CDA039A63
S31500029EC0222313604FF0FF304FF0FF31B9F1000F3C
S31500029ED00AD105B0BDE8F08F17B1404261EB4101EE
S31500029EE0B9F1000FF5D00BB105F1FF38C9F80080C2
S31500029EF0EFE73024002E90D108268EE7302C84D04E
S31500029F000A268AE7F557030013460A46014602481F
S31500029F100068FFF75FBF00BFC8AA002030B5141E55
S31500029F2005469BB0184605DA8B232B604FF0FF30AF
S31500029F301BB030BD4FF40273ADF80C3014BF04F100
S31500029F40FF332346029305934FF6FF730091049164
S31500029F50ADF80E3002461E9B6946284602F044F8CA
S31500029F60431CBCBF8B232B60002CE1D0009B00223C
S31500029F701A70DDE707B5009313460A460146034801
S31500029F800068FFF7CBFF03B05DF804FBC8AA002008
S31500029F90F8B50E461446054618B183690BB9FDF7A6
S31500029FA045FE214B9C422BD16C68A369A360A38911
S31500029FB01A072FD523696BB323692068C01A636910
S31500029FC0F6B28342374604DC21462846FDF788FD71
S31500029FD030BBA368013BA36023685A1C22601E7033
S31500029FE063690130834204D0A389DB0706D50A2EB2
S31500029FF004D121462846FDF773FD88B93846F8BDD7
S3150002A0000A4B9C4201D1AC68CFE7094B9C4208BF80
S3150002A010EC68CAE72146284600F01EF80028CBD095
S3150002A0204FF0FF37EAE700BF18590300385903001B
S3150002A030F858030038B5074D044608461146002273
S3150002A0402A601A46ECF7CBFA431C02D12B6803B1FD
S3150002A050236038BDA4810220324B70B51D680646C6
S3150002A0600C4625B1AB6913B92846FDF7DFFD2E4B29
S3150002A0709C420FD16C68A389B4F90C2019072CD421
S3150002A080DD0611D40923336042F04003A3814FF069
S3150002A090FF303EE0254B9C4201D1AC68EBE7244BF6
S3150002A0A09C4208BFEC68E6E7580712D5616B41B1DE
S3150002A0B004F14403994202D03046FDF75BFF0023C8
S3150002A0C06363A38923F02403A381002363602369C6
S3150002A0D02360A38943F00803A38123694BB9A389AB
S3150002A0E003F42073B3F5007F03D02146304601F016
S3150002A0F0EBF9A089B4F90C2010F001030AD0002371
S3150002A100A36063695B42A361236943B910F08000CF
S3150002A110BAD170BD810758BF6369A360F4E7002016
S3150002A120F7E700BFC8AA00201859030038590300F0
S3150002A130F858030038B5064D0023044608462B603E
S3150002A14002F0A6F8431C02D12B6803B1236038BD86
S3150002A150A48102202DE9F74F03690C69A342074641
S3150002A160C0F28180013C01F1140800F1140505EBEF
S3150002A1708403019358F8243055F8242001339A4277
S3150002A1804FEA840B08EB8409B2FBF3F631D34FF0A6
S3150002A190000E4046AC46F24650F8042B93B206FB3C
S3150002A1A003E34FEA134E9BB2AAEB0303120CDCF84D
S3150002A1B000A006FB02E213FA8AF34FEA124E1FFAD6
S3150002A1C082FADCF80020CAEB124202EB23429BB26F
S3150002A1D043EA024381454CF8043B4FEA224ADBD26A
S3150002A1E055F80B302BB9019B043B9D421A462ED3E0
S3150002A1F03C61384601F082FC002824DB0136284601
S3150002A2004FF0000C58F8042BD0F800E093B2ACEBF8
S3150002A2100303120C13FA8EF3C2EB1E4202EB234225
S3150002A2209BB243EA0243C14540F8043B4FEA224C43
S3150002A230E8D255F8242005EB840322B9043B9D425B
S3150002A2401A460AD33C61304603B0BDE8F08F126865
S3150002A250043B002ACCD1013CC7E71268043B002A22
S3150002A260F0D1013CEBE70020EEE700000000000021
S3150002A2702DE9F04F59EC108B95B0456A1E9C07915B
S3150002A280CDE9028906460992109375B91020FDF7A9
S3150002A29013FE0246706220B9AB4BEA21AB48FDF7CA
S3150002A2A02FFBC0E901550560C560736A196851B193
S3150002A2B05A684A60012393408B60304601F096F952
S3150002A2C0736A00221A60B9F10003BBBF23F0004390
S3150002A2D0039300230122ACBF236022609C4B039CA4
S3150002A2E0A3431AD1109A42F20F731360C4F31303F5
S3150002A2F053EA080300F012851F9B53B9954B1FE0E2
S3150002A300954B009308331F9A1360009815B0BDE869
S3150002A310F08F904B00930333F5E79DED027BB5EE8C
S3150002A320407BF1EE10FA8DED0A7B0BD1109A0123D8
S3150002A33013601F9B002B00F0EE8488481860431EB2
S3150002A3400093E2E713A99DED0A0B12AA304601F02B
S3150002A350F5FCC4F30A5105461298002947D00B9C16
S3150002A360C4F31304DDE90A2344F07F5343F4401394
S3150002A370A1F2FF31002443EC162BB7EE087B9FEDCA
S3150002A3806C5B36EE477B9FED6C6BA7EE056BB0EE12
S3150002A390467B06EE901AB8EEE65B9FED696BA5EE7C
S3150002A3A0067BFDEEC76BB5EEC07BF1EE10FA16EE3C
S3150002A3B090BA119408D5B8EEE66BB4EE476BF1EE9F
S3150002A3C010FA18BF0BF1FF3BBBF1160F32D8644BE4
S3150002A3D003EBCB0393ED007B9DED0A6BB4EEC76BEB
S3150002A3E0F1EE10FA01D50BF1FF3B002323E013999E
S3150002A3F0014401F23243202BC3BFC3F1400304FAE6
S3150002A40003F301F21244C3F12003C6BF28FA04F88B
S3150002A41043EA080308FA03F307EE903AB8EE677BBD
S3150002A42001398DED007B019CDDE90023A4F1F8736F
S3150002A4300124A0E701230F93431A5A1E45BFC3F115
S3150002A4400103059300230023069254BF0593069346
S3150002A450BBF1000F18DB069BCDF838B05B440693C0
S3150002A4600023079A092A49D8052AC4BF043A079243
S3150002A470079AA2F10202CCBF00240124032A48D87B
S3150002A480DFE802F00B2E2C3A059B0022A3EB0B030E
S3150002A49005930E92CBF10003E3E700220892099A94
S3150002A4A0002A39DC4FF0010AD1465246CDF824A0E3
S3150002A4B0776A00217960042000F1140C94457968CA
S3150002A4C02FD930460C9301F051F80C9B00900246AE
S3150002A4D0002849D1234B4FF4D571DFE60122DDE78F
S3150002A4E000220892099A0BEB020A0AF101094A466E
S3150002A4F0012AB8BF0122DBE70122F2E7012400228A
S3150002A500CDE907244FF0FF3A0021D14612220991E4
S3150002A510CEE701220892F5E7DDF824A0D14652469D
S3150002A520C6E7013179604000C6E700BFAFF300809D
S3150002A53061436F63A787D23FB3C8608B288AC63F41
S3150002A540FB799F501344D33FFD590300145A03006D
S3150002A5500000F07FF9590300F05903009BF2020054
S3150002A560E85B0300905A0300726A00991160B9F120
S3150002A5700E0F72D8002C70D0BBF1000F40F3A680EC
S3150002A580CA490BF00F0201EBC2021BF4807F92ED67
S3150002A590007B4FEA2B1100F08D80C54A9DED0A5BC8
S3150002A5A092ED086B85EE066B8DED026B01F00F01E5
S3150002A5B00322BF4800297FD19DED026B86EE077B01
S3150002A5C08DED027B0F99002900F0B280B7EE006B89
S3150002A5D09DED027BB4EEC67BF1EE10FA40F1A88047
S3150002A5E0B9F1000F00F0A480BAF1000F31DDB2EE2E
S3150002A5F0046B27EE067B8DED027B0BF1FF370132F2
S3150002A60050469DED026BB1EE0C5B07EE902AB8EE5A
S3150002A610E77BA7EE065B8DED025B039CDDE902128A
S3150002A620A4F15072002840F08680B1EE047B36EE2B
S3150002A630476B42EC171BB4EEC76BF1EE10FA00F350
S3150002A6407282B1EE477BB4EEC76BF1EE10FA00F1FF
S3150002A6506782DDE90A12CDE90212139A002AC0F2D4
S3150002A6602981BBF10E0F00F32581904B03EBCB033F
S3150002A67093ED006B099B002B80F2C380B9F1000FAA
S3150002A68000F3BF8040F04C82B1EE047B26EE076BEE
S3150002A6909DED027BB4EEC76BF1EE10FA4C464F46C7
S3150002A6A080F22282DDF80080312308F8013B0BF1AB
S3150002A6B0010B1EE202227CE7CC0704D590ED006B6B
S3150002A6C0013227EE067B4910083073E72ED0CBF114
S3150002A6D00001764A01F00F0002EBC00292ED007B08
S3150002A6E09DED0A6B26EE077B8DED0C7BDDE90C7882
S3150002A6F0CDE902786E4809110024022239B9002CEC
S3150002A7003FF460AFDDE90C01CDE902015AE7CF075C
S3150002A71009D59DED0C6B90ED007B26EE077B8DED4A
S3150002A7200C7B0132012449100830E7E7022249E78F
S3150002A7305F46484665E742EC171B5C4A02EBC002DD
S3150002A74012ED024B009A1418089A52B3B6EE003B69
S3150002A750B7EE002BDDF8008083EE045BB2EE043B1D
S3150002A76035EE477BFDEEC64B14EE902AB8EEE45B5F
S3150002A770303236EE456BB4EEC76BF1EE10FA08F8DE
S3150002A780012B39D432EE465BB4EEC75BF1EE10FA1A
S3150002A79072D4A0453FF45DAF27EE037B26EE036B32
S3150002A7A0E0E7DDF8008027EE047B2146B2EE043BAB
S3150002A7B0FDEEC64B14EE902A303208F8012BA04566
S3150002A7C0B8EEE45B36EE456B18D1B6EE005B37EEBB
S3150002A7D0054BB4EEC46BF1EE10FA4DDC35EE477B59
S3150002A7E0B4EEC76BF1EE10FA7FF533AF8846013946
S3150002A7F018F8013C302BF9D0BB462AE026EE036B53
S3150002A800D6E79DED027BB2EE044BDDF8008087EEC3
S3150002A810065BBDEEC55B15EE103A303308F8013B18
S3150002A820009BA8EB03039945B8EEC53BA3EE467B16
S3150002A83033D137EE077BB4EEC67BF1EE10FA1ADCA3
S3150002A840B4EE467BF1EE10FA03D115EE103AD907B3
S3150002A85011D42946304600F0C9FE0023109A88F822
S3150002A86000300BF1010313601F9B002B3FF44DAD2B
S3150002A870C3F8008049E55F464346984613F8012D22
S3150002A880392A06D1009A9A42F7D100993022013725
S3150002A8900A701A7801321A70AEE727EE047BB5EE1B
S3150002A8A0407BF1EE10FAB2D1D3E700BFE85B0300BA
S3150002A8B0C05B03000899002900F0D180079901299D
S3150002A8C000F3B4801199002900F0AC8002F2334201
S3150002A8D0DDF814801C460A93059B13440593069BD8
S3150002A8E0012113443046069300F086FF0A9B074671
S3150002A8F0B8F1000F0DDD069A002A0ADD42450599D8
S3150002A900A8BF4246891A05910699A8EB02088A1A37
S3150002A910069203B3089A002A00F0A680002C13DDE3
S3150002A9203946224630460C9301F022F82A46014661
S3150002A9300746304600F076FF29460A90304600F078
S3150002A94055FE0A9A0C9B15461A1B04D02946304618
S3150002A95001F00EF805460121304600F04DFF0E9B30
S3150002A960002B044640F382801A460146304600F028
S3150002A970FFFF079B012B04467BDD00230A93226916
S3150002A98004EB8202106900F0E7FEC0F12000069B8C
S3150002A990184410F01F0000F08D80C0F12002042A36
S3150002A9A040F38680C0F11C00059B03440593069B79
S3150002A9B0034480440693059B002B05DD29461A466F
S3150002A9C0304601F02FF80546069B002B05DD214691
S3150002A9D01A46304601F026F804460F9B002B6BD030
S3150002A9E02146284601F08AF8002865DA002329461E
S3150002A9F00A22304600F01CFE089B0BF1FF3B05467F
S3150002AA00002B00F09281394600230A22304600F0DC
S3150002AA100FFEBAF1000F074600F38E80079B022B4A
S3150002AA2051DC89E0129AC2F1360251E709F1FF348C
S3150002AA30A342BFBF0E9AE31AD2181346B7BF0E93AC
S3150002AA401C1B23460024B9F1000FB5BF059ADDF899
S3150002AA501480A2EB09084A46B8BF00223BE7DDF89C
S3150002AA601480089F1C4643E71A466FE7079B012B93
S3150002AA7018DC029BB3B9039BC3F31302A2B923F0FA
S3150002AA800042120D12058AB1059B01330593069BFE
S3150002AA900133069301230A930E9B002B7FF46FAFBB
S3150002AAA0012074E70023F6E7029BF4E70A92F3E734
S3150002AAB081D010461C3077E7B9F1000F37DC079BCF
S3150002AAC0022B34DDCA46BAF1000F0DD12146534698
S3150002AAD00522304600F0ACFD01460446284601F048
S3150002AAE00DF800283FF7DEAD099BDDF800806FEA1E
S3150002AAF0030B4FF000092146304600F077FD002F88
S3150002AB003FF4A7AEB9F1000F05D0B94503D04946C7
S3150002AB10304600F06BFD3946304600F067FD98E698
S3150002AB2000242746E0E7BB4604460746BAE5089BEB
S3150002AB30CA46002B00F00081B8F1000F05DD394648
S3150002AB404246304600F06EFF07460A9B002B5DD058
S3150002AB507968304600F00AFD804628B9824B0246E3
S3150002AB6040F2EA21FFF79ABB3A690232920007F1F4
S3150002AB700C010C30FDF7BEF901224146304600F0C9
S3150002AB8051FF009B01330593009B53440993029B9B
S3150002AB9003F00103B94608930746059B2146013B8C
S3150002ABA028460293FFF7D6FA034630330690494603
S3150002ABB028460A9300F0A2FF3A46824621463046CC
S3150002ABC000F0B8FFC2680A9B80460ABB01462846C7
S3150002ABD000F094FF0A9B0246414630460E920A93C3
S3150002ABE000F004FD079B0E9ADDF8148043EA020189
S3150002ABF0089B0B430A9B0DD1392B29D0BAF1000FC2
S3150002AC0001DD069B3133029A137074E73846B8E7C2
S3150002AC100122E1E7BAF1000F06DB079941EA0A0AC7
S3150002AC2008995AEA010120D1002AECDD29460122BF
S3150002AC303046059300F0F6FE2146054600F05EFF1B
S3150002AC400028059B02DCDED1DA07DCD5392BD8D108
S3150002AC50029A3923137043469846013B18F8012C91
S3150002AC60392A51D001321A7045E7002A03DD392B01
S3150002AC70EED00133C7E7059A099902F8013C8A42E8
S3150002AC802BD0294600230A22304600F0D1FCB945D2
S3150002AC9005464FF000034FF00A024946304607D1F7
S3150002ACA000F0C6FC81460746059B0133059374E70F
S3150002ACB000F0BEFC3946814600230A22304600F0E7
S3150002ACC0B7FC0746F0E7BAF1000F009ACCBFD046B0
S3150002ACD04FF0010890444FF0000929460122304600
S3150002ACE0029300F09FFE2146054600F007FF00286A
S3150002ACF0B1DC02D1029BDB07ADD44346984613F87A
S3150002AD00012D302AFAD0F6E6009A9A42A4D10BF126
S3150002AD10010B312378E7154BFFF712BB1F9B002B64
S3150002AD207FF4EEAA124BFFF70BBBBAF1000F03DC5E
S3150002AD30079B022B3FF7C7AEDDF800802146284667
S3150002AD40FFF708FA00F1300308F8013B009AA8EB76
S3150002AD5002029245B7DD294600230A22304600F058
S3150002AD6067FC0546EAE700BF905A03009AF2020022
S3150002AD70F05903000369B3EB611F2DE9F0434FEA73
S3150002AD80611200F1140445DD11F01F0104EB830684
S3150002AD9004EB82050CD100F110072946B14234D3E7
S3150002ADA09B1A9B00EA1E964238BF0023234415E0F5
S3150002ADB054F82270C1F12008CF4005F1040EA146D5
S3150002ADC07645F44615D89B1A9A00043A0135AE42E6
S3150002ADD038BF0022A318A75007B104331A1BA34297
S3150002ADE04FEAA20208BF0023026108BF4361BDE821
S3150002ADF0F083DCF800C00CFA08FC4CEA070749F8B5
S3150002AE00047B5EF8047BCF40DAE751F804CB47F8BF
S3150002AE1004CFC3E72346E1E7A0F13003092B02D8AA
S3150002AE202038C0B27047A0F16103052B01D847381C
S3150002AE30F7E7A0F14103052B01D82738F1E70020F7
S3150002AE40704700002DE9F04F2DED028B89B008EE18
S3150002AE50100A0493BC4B1B68019318468B46904616
S3150002AE60D6F7A0FC019BDBF800200344824613F8C8
S3150002AE70013C0593931CC2F1FF2202F57F02FE32CA
S3150002AE80D1181F4613F8010B00913028F8D0FFF7AE
S3150002AE90C3FF044600283AD1019952463846FEF7C6
S3150002AEA0DAF80546002868D117F80A0007EB0A0601
S3150002AEB0FFF7B2FF002862D03346187830281F46C3
S3150002AEC003F10103F9D0FFF7A7FF0123B0FA80F4DB
S3150002AED06409354600933A46164601323078FFF742
S3150002AEE09BFF0028F8D1019952463046FEF7B3F887
S3150002AEF080B94DB906EB0A052A4616460132307864
S3150002AF00FFF78AFF0028F8D1AD1BAD0004E000244C
S3150002AF102546E0E7002DF7D1337803F0DF03502B07
S3150002AF203BD173782B2B2CD02D2B2ED0711C4FF0AE
S3150002AF3000090878FFF770FF431EDBB2182B2CD8E6
S3150002AF40A0F1100211F8010FFFF766FF431EDBB2F4
S3150002AF50182B1DD9B9F1000F00D052421544CBF877
S3150002AF600010E4B1009B002B14BF002706273846C9
S3150002AF7009B0BDEC028BBDE8F08F3E4625460124A2
S3150002AF80CAE74FF00009B11CD3E74FF00109FAE70F
S3150002AF900A2303FB0202103AD4E73146DFE7F31B2A
S3150002AFA0013B2146072B0BDC18EE100A00F0DEFAF5
S3150002AFB0044640B9654B0246DE216548FCF7A0FC13
S3150002AFC001315B10EEE700F114094FF0000BCAF1F4
S3150002AFD00103CDF80890CDF800B00693B74240D3EE
S3150002AFE00298009B40F8043BA0EB09008010460142
S3150002AFF02061184600F0B0FB301AD8F80060B04263
S3150002B00063DD871B3946204600F04BFF8246A8B116
S3150002B0107B1E591103F01F0259F821104FF0010A45
S3150002B0200AFA02F20A4209D0534505DDB91E204644
S3150002B03000F037FF002845D14FF0020A3946204674
S3150002B040FFF798FE3D44D8F80830AB424CDA18EECA
S3150002B050100A214600F0CAFA149A00231360A327A5
S3150002B06085E7731E059A039316F8013C934219D09D
S3150002B070BBF1200F07D1029B009A43F8042B0293DF
S3150002B080002300939B4616F8010CFFF7C5FE009BB2
S3150002B09000F00F0000FA0BF0034300930BF1040BD0
S3150002B0A0039B0DE0039B069A1344BB42E0D318466A
S3150002B0B0019907935246FDF7CEFF079B0028D7D189
S3150002B0C01E468BE74FF0030AB8E70ADA371A21461B
S3150002B0D018EE100A3A4600F0A5FCED1B044600F1F4
S3150002B0E014094FF0000AAEE7D8F80400A84272DD50
S3150002B0F0451BAE4236DCD8F80C30022B2AD0032B85
S3150002B1002CD0012B15D1AE4213D1012E0BD1049AAC
S3150002B110D8F80430136001232361C9F80030149B68
S3150002B12062271C6023E7711E204600F0BAFE002843
S3150002B130EDD118EE100A214600F058FA149A0023AF
S3150002B1401360502713E700BF285B0300905A0300E1
S3150002B150A15A0300159B002BEBD1D8E7159B002BB8
S3150002B160D5D1E6E76F1EBAF1000F31D127B13946C4
S3150002B170204600F096FE82467B11012159F82330C3
S3150002B18007F01F0701FA07F71F422946204618BF94
S3150002B1904AF0020A761BFFF7EDFDD8F804500227A3
S3150002B1A0BAF1000F48D0D8F80C30022B15D0032B79
S3150002B1B017D0012B09D11AF0020F06D0D9F80000D8
S3150002B1C04AEA000A1AF0010F0ED147F0100733E0DF
S3150002B1D04FF0010AD0E70127E2E7159BC3F101030D
S3150002B1E01593159B002BF0D0D4F810B004F114037C
S3150002B1F04FEA8B0A03EB8B014FF0000C184653F80B
S3150002B200042BB2F1FF3F1CD001320260022F04F17F
S3150002B21014033FD1D8F80020013AB2420AD1711183
S3150002B220012253F8213006F01F0602FA06F61E42E4
S3150002B23018BF174647F02007149B1C60049B1D602D
S3150002B24095E6994243F804CCD8D8A3689B4519DB06
S3150002B250616818EE100A013100F088F9814618B9C2
S3150002B2601A4B02468421A8E62269023204F10C0135
S3150002B27092000C30FCF73EFE214618EE100A00F052
S3150002B280B5F94C4623695A1C04EB83032261012259
S3150002B2905A61BBE722695A450BDD01212046FFF7B9
S3150002B2A069FDD8F808300135AB42FFF6D0AE01276A
S3150002B2B0C0E716F01F06FAD09A44C6F120065AF8DD
S3150002B2C0040C00F049FAB042E7DBF0E7905A0300BB
S3150002B2D0C2F10802920070B5C2F120064368046802
S3150002B2E003FA06F52C43D340046040F8043F884233
S3150002B2F0F4D370BD30B50368013311F8014B14B9AC
S3150002B3000360012030BD13F8012BA2F14105192D6E
S3150002B31098BF2032A242F0D00020F3E72DE9F04F89
S3150002B3200B6801685E1102EB860613F01F0387B0F5
S3150002B33018BF04360025371F82469046019346F809
S3150002B340045CB9463C460295AB464A784B1C0393CD
S3150002B35042B3104605910492FFF75EFD00284FD1D5
S3150002B360049A0599202A18D8029B9B4513DD4C4561
S3150002B37006D2072D04DC2A4649462046FFF7A8FFD7
S3150002B380444550D90023A4F1040944F8043CCDF8FD
S3150002B39008B04C461D460399D7E7292A56D10231F1
S3150002B3A0CAF80010BBF1000F50D04C4506D2072D4B
S3150002B3B004DC2A4649462046FFF78AFF444534D92B
S3150002B3C0A8F10402234653F8041B42F8041F9F42C5
S3150002B3D0F9D23B1B23F0030304330134033EB44288
S3150002B3E088BF04234344002243F8042B9F42FBD226
S3150002B3F03B681BB9474527D101233B60052026E060
S3150002B4000135082D0BF1010B06DD4445C3D9002396
S3150002B41044F8043C0125043C226800F00F0040EA8F
S3150002B42002122260B7E70825B5E7019B002BDFD0A1
S3150002B4304FF0FF32C3F1200322FA03F356F8042C2D
S3150002B4401A4046F8042CD3E7043FD1E7042007B09C
S3150002B450BDE8F08F0048704720AC002038B5074D94
S3150002B46004460846114600222A601A4600F038FFB2
S3150002B470431C02D12B6803B1236038BDA48102208C
S3150002B48070B50E46B1F90E10002996B014461D4647
S3150002B49007DA00232B60B3891A0610D44FF48063AF
S3150002B4A00EE06A4600F0CAFE0028F2DB019A02F4B8
S3150002B4B07042A2F500535A425A412A60EEE74023EF
S3150002B4C00020236016B070BD8B8973B59D070646B2
S3150002B4D00C4607D504F14703236023610123636108
S3150002B4E002B070BD01AB6A46FFF7CAFF0099054676
S3150002B4F03046FCF78FFD48B9B4F90C309A05EFD403
S3150002B50023F0030343F00203A381E3E70D4BB36287
S3150002B510A389206043F08003A381009B6361019BA2
S3150002B52020615BB1B4F90E10304600F099FE28B1E5
S3150002B530A38923F0030343F00103A381A0890543F2
S3150002B540A581CDE7C57B020082B001B901A942B14E
S3150002B5504BB113780B601278101E18BF012002B08F
S3150002B56070471046FBE76FF00100F8E770B5466AD0
S3150002B57004460D4676B91020FCF79EFC0246606230
S3150002B58020B9184B18486621FCF7BAF9C0E90166DA
S3150002B5900660C660666AF36883B1636ADB6853F85D
S3150002B5A02500B8B9012101FA05F6721D920020465E
S3150002B5B0FCF7D0FC60B1C0E901560EE0212204215D
S3150002B5C02046FCF7C7FC636AF060DB68002BE4D117
S3150002B5D0002070BD026843F825200023C0E903332A
S3150002B5E0F7E700BFFD5903003C5B030070B5466AEE
S3150002B5F005460C4676B91020FCF75EFC02466862E8
S3150002B60020B9094B09488A21FCF77AF9C0E9016693
S3150002B6100660C6603CB16B6A6268DB6853F822104A
S3150002B620216043F8224070BDFD5903003C5B0300D4
S3150002B6302DE9F0410E69074698460C4601F11400C1
S3150002B64000230568A9B202FB01814FEA114C2D0CB9
S3150002B65002FB05C589B2013301EB05419E4240F862
S3150002B660041B4FEA1548ECDCB8F1000F22D0A368A0
S3150002B670B34219DC616838460131FFF777FF0546A8
S3150002B68028B902460D4B0E48B521FCF739F9226955
S3150002B690023204F10C0192000C30FCF72BFC21461D
S3150002B6A03846FFF7A3FF2C4604EB86030136C3F8A0
S3150002B6B0148026612046BDE8F08100BF905A03003F
S3150002B6C03C5B03002DE9F8430C4615461F4609224A
S3150002B6D00833064693FBF2F3002101229A4209DB64
S3150002B6E03046FFF743FF40B90246194B1948CE21AF
S3150002B6F0FCF706F952000131F0E7089B4361092D78
S3150002B7004FF00103036116DD04F10909C8462C4412
S3150002B71018F8013B0146303B0A223046FFF788FF04
S3150002B720A045F5D1A5F108044C442D1B6319BB4273
S3150002B73004DBBDE8F8830A340925F6E714F8013B71
S3150002B7400146303B0A223046FFF772FFEEE700BFA2
S3150002B750905A03003C5B0300030C1B04D3B900049C
S3150002B760102310F07F4F04BF0002083310F0704F11
S3150002B77004BF0001043310F0404F04BF80000233BF
S3150002B780002805DB10F0804F03F1010308BF2023D8
S3150002B790184670470023E4E7036813F007020146E0
S3150002B7A00BD0DA0724D4980749BF5B089B0801200F
S3150002B7B00B605CBF0B600220704798B2B0B91B0CDD
S3150002B7C0102013F0FF0F04BF1B0A08301A0704BF2C
S3150002B7D01B0904309A0704BF9B080230DA0703D418
S3150002B7E05B0800F1010005D00B6070471046E8E7E0
S3150002B7F0002070472020704710B50C460121FFF744
S3150002B800B5FE024628B9054B05484FF4A071FCF770
S3150002B81077F801234461036110BD00BF905A03000B
S3150002B8203C5B03002DE9F04F14460A6923699A42EC
S3150002B830B8BF0B460D46BCBF25461C46D5F810A020
S3150002B840D4F81090AB6869680AEB0907BB4285B069
S3150002B850B8BF0131FFF78AFE30B90246424B434870
S3150002B86040F25D11FCF74CF800F1140606EB87086E
S3150002B8703346002243451ED305F1140C04F114038A
S3150002B8800CEB8A0C03EB89020292ACEB0502153A29
S3150002B89022F00302043205F115018C4538BF042259
S3150002B8A00192029A03939A4208D8002F55DC076147
S3150002B8B005B0BDE8F08F43F8042BDBE7B3F800A030
S3150002B8C0BAF1000F20D005F1140EB14600225EF83F
S3150002B8D0044BD9F800B0A1B21FFA8BFB0AFB01B1E7
S3150002B8E01144D9F80020240C120C0AFB042404EBA0
S3150002B8F0114489B241EA0441F44549F8041B4FEA6E
S3150002B9001442E4D801997250039AB2F802900433B1
S3150002B910B9F1000F1FD0346805F11401B6464FF095
S3150002B920000A0A88BEF802B009FB02B29244A4B227
S3150002B93044EA0A444EF8044B51F8044BBEF8002080
S3150002B940240C09FB042404EB1A448C454FEA144ADE
S3150002B950E7D8019AB4500436A3E758F8043D002B01
S3150002B960A5D1013FA1E700BF905A03003C5B03004B
S3150002B9702DE9F843154612F0030206460F4607D094
S3150002B980254C013A002354F82220FFF751FE0746C0
S3150002B990AD103DD0746A7CB91020FCF78DFA0246D0
S3150002B9A0706228B91D4B1E484FF4D771FBF7A8FFEA
S3150002B9B0C0E901440460C460D6F82480D8F808407F
S3150002B9C04CB940F271213046FFF716FF0023C8F842
S3150002B9D00800044603604FF00009EB070AD5394612
S3150002B9E022463046FFF71EFF394680463046FFF7AD
S3150002B9F0FDFD47466D100BD0206838B92246214618
S3150002BA003046FFF70FFF2060C0F800900446E4E7D7
S3150002BA103846BDE8F88300BFB05C0300FD59030059
S3150002BA203C5B03002DE9F0470C464968236903EBAA
S3150002BA306218A368074691464FEA621A08F10106A0
S3150002BA40B3420BDB3846FFF791FD054648B902467D
S3150002BA50284B294840F2D911FBF752FF01315B000E
S3150002BA60EEE7002300F1140100F1100218465345D7
S3150002BA7033DB20692AEAEA7A04F1140319F01F0972
S3150002BA8001EB8A0103EB800C2BD0C9F1200E8A460A
S3150002BA900022186800FA09F002434AF8042B53F808
S3150002BAA0042B9C4522FA0EF2F3D8ACEB0403153BA9
S3150002BAB023F00303043304F11500844538BF04233D
S3150002BAC0CA500AB108F10206013E38462E612146E5
S3150002BAD0FFF78CFD2846BDE8F08742F8040F0133D4
S3150002BAE0C5E7043953F8042B41F8042F9C45F9D8CD
S3150002BAF0EAE700BF905A03003C5B030030B50269D7
S3150002BB000C69121B0ED100F11403143103EB8400ED
S3150002BB1001EB840150F8045D51F8044DA54203D0AF
S3150002BB2005D30122104630BD8342F3D3FAE74FF024
S3150002BB30FF32F7E72DE9F84F0C4606461146204636
S3150002BB401746FFF7DBFF051E10D129463046FFF7E1
S3150002BB500DFD30B9394B024640F232213848FBF727
S3150002BB60CFFE0123C0E90435BDE8F88FA4BF3B46EA
S3150002BB70274630467968A6BF1C4600250125FFF7F1
S3150002BB80F5FC20B92D4B02464FF41071E6E73E69EB
S3150002BB90C560256907F1140104F1140900F1140EB8
S3150002BBA007F1100201EB860C09EB8505F246002728
S3150002BBB059F8043B52F804BF1FFA83F817FA8BF7B9
S3150002BBC01B0CA7EB0808C3EB1B4303EB28431FFA26
S3150002BBD088F81F144D4548EA03434AF8043BE7D860
S3150002BBE02B1B153B23F0030304331534A54238BF40
S3150002BBF00423194473449E460D4665450ED30CF143
S3150002BC000302521A22F0030203398C4538BF00227E
S3150002BC101A4452F8043D7BB10661A5E755F8048B38
S3150002BC2017FA88F4221402EB1842A4B244EA024438
S3150002BC304EF8044B1714E0E7013EEAE7905A030078
S3150002BC403C5B030082B08DED000B019B124919404B
S3150002BC50A1F15071002905DD00220B4643EC102BA1
S3150002BC6002B070474942B1F1A07F4FEA21504FF02E
S3150002BC7000024FF0000304DA4FF4002141FA00F308
S3150002BC80ECE7A0F114011E29DABF4FF0004020FABA
S3150002BC9001F101210A46E1E70000F07FF8B50569E6
S3150002BCA000F1140707EB85052E1F55F8044C2046B4
S3150002BCB0FFF752FDC0F120030A28DFF87CC00B60B3
S3150002BCC014DCC0F10B0E24FA0EF1B74241EA0C0362
S3150002BCD034BF55F8081C0021153004FA00F021FA89
S3150002BCE00EF140EA010243EC102BF8BDB7423ABF0F
S3150002BCF055F8081CA5F1080600210B3817D0C0F12B
S3150002BD00200C04FA00F5BE4221FA0CF445EA0405B9
S3150002BD108CBF56F8044C002445F07F5301FA00F01C
S3150002BD2024FA0CF443F4401340EA0402DBE744EA43
S3150002BD300C030A46D7E700BF0000F03F2DE9F743A0
S3150002BD408946012157EC106B9046FFF70FFC04461B
S3150002BD5030B90246254B264840F20A31FBF7D0FDA0
S3150002BD60C7F30A55C7F3130335BB002E019328D038
S3150002BD7068460096FFF710FD009900B3019AC0F1DC
S3150002BD80200302FA03F30B43C24063610192019B53
S3150002BD90A361002B14BF022201222261D5B1A5F2B2
S3150002BDA033450544C9F80050C0F13500C8F8000013
S3150002BDB0204603B0BDE8F08343F48013D5E7616102
S3150002BDC0E5E701A8FFF7E8FC019B63610122226116
S3150002BDD02030E3E704EB8203A0F23240C9F8000008
S3150002BDE01869FFF7B9FCC0EB4210DFE7905A03006F
S3150002BDF03C5B03002DE9F74F8A4669468346FFF707
S3150002BE004DFF01A9504659EC108B10EE106AFFF750
S3150002BE1045FFDBF81030DAF81020A3EB020CDDE95F
S3150002BE2000329B1A03EB4C1355EC104B002B10EE11
S3150002BE30100ACEBF4A46C3EB03332A464F4629466B
S3150002BE40CCBF02EB035702EB035147EC176B41ECF5
S3150002BE50160B87EE060B03B0BDE8F08F013970B5FD
S3150002BE6049111469013102F1140300EB810103EB5C
S3150002BE708404051FA3420CD3A31A113B23F0030328
S3150002BE801132A24288BF002318440023884205D3F8
S3150002BE9070BD53F8046B45F8046FEBE740F8043BBA
S3150002BEA0F4E700F1140200694B11984210B511DB58
S3150002BEB00ADD11F01F0107D052F8234024FA01F0DF
S3150002BEC000FA01F18C420BD102EB8303934203D8B1
S3150002BED0002010BD0346F7E753F8041D0029F5D0EC
S3150002BEE00120F6E7F8B5074614460E4621B9BDE825
S3150002BEF0F8401146FCF78EB822B9FCF73BF8254606
S3150002BF002846F8BD00F0BCF9A0420FD221463846B9
S3150002BF10FCF780F805460028F2D031462246FBF7A8
S3150002BF20E9FF31463846FCF725F8E9E73546E7E703
S3150002BF302DE9F0478E689E4282460C4690461F4681
S3150002BF4038D88A8912F4906F32D025680969A5EB30
S3150002BF500109656905EB450505EBD57501334B44CA
S3150002BF606D109D4238BF1D46530531D52946FCF753
S3150002BF7051F8064650B90C23CAF80030A38943F09B
S3150002BF804003A3814FF0FF30BDE8F08721694A469E
S3150002BF90FBF7B0FFA38923F4906343F08003A381E8
S3150002BFA0266165614E44A5EB09052660A5603E46FD
S3150002BFB0BE4200D93E46324620684146FBF7A8FFFC
S3150002BFC0A36822689B1B3244A36022600020DBE741
S3150002BFD02A46FFF787FF06460028E1D12169504627
S3150002BFE0FBF7C8FFC7E700002DE9F04F98468B899B
S3150002BFF01B069DB007460D4614460ED50B6963B95E
S3150002C0004021FCF707F82860286120B90C233B6021
S3150002C0104FF0FF30D1E040236B61002309932023C8
S3150002C0208DF82930CDF80C803023DFF8A8818DF801
S3150002C0302A304FF0010923469A4613F8012B0AB11A
S3150002C040252AF9D1BAEB040B0BD05B4622462946C8
S3150002C0503846FFF76DFF013000F0AA80099A5A446C
S3150002C06009929AF80030002B00F0A28000234FF0CC
S3150002C070FF32CDE905230AF1010A049307938DF8ED
S3150002C08053301A935446052214F8011B5148D5F72A
S3150002C0902FFB049AD8B9D00644BF20238DF853301B
S3150002C0A0110744BF2B238DF853309AF800302A2B00
S3150002C0B015D0079A544600204FF00A0C214611F873
S3150002C0C0013B303B092B4ED9B0B1079214E0A0EBED
S3150002C0D0080309FA03F313430493A246D2E7039B28
S3150002C0E0191D1B680391002BBBBF5B4242F0020283
S3150002C0F007930793B8BF049223782E2B0CD163784B
S3150002C1002A2B35D1039B1A1D1B680392002BB8BF3D
S3150002C1104FF0FF3302340593DFF8C8A021780322DB
S3150002C1205046D5F7E5FA40B14023A0EB0A0003FAE0
S3150002C13000F0049B03430134049314F8011B2648C0
S3150002C1408DF828100622D5F7D3FA002838D0234BCB
S3150002C1501BBB039B073323F0070308330393099B97
S3150002C1603344099367E70CFB02320C460120A5E72C
S3150002C17000230134059319464FF00A0C204610F8A5
S3150002C180012B303A092A03D9002BC5D00591C3E702
S3150002C1900CFB012104460123F0E703AB00932A4678
S3150002C1A00F4B04A93846FCF77BF9421C0646D6D14A
S3150002C1B0AB895B063FF52CAF09981DB0BDE8F08F41
S3150002C1C003AB00932A46064B04A93846FCF7F4FB58
S3150002C1D0EBE700BF5C59030066590300A184020025
S3150002C1E031BF02006259030038B5074D04460846BE
S3150002C1F0114600222A601A46EAF748FA431C02D17F
S3150002C2002B6803B1236038BDA48102200000000020
S3150002C2109FED010B704700BF000000000000F87F91
S3150002C22049B1FF2A85BF8A2303600A704FF0FF30A7
S3150002C23098BF0120704708467047000038B5074D81
S3150002C24000230446084611462B6000F029F8431CD9
S3150002C25002D12B6803B1236038BD00BFA48102203E
S3150002C26038B5064D0023044608462B6000F028F830
S3150002C270431C02D12B6803B1236038BDA48102207E
S3150002C28051F8043C181F002BBCBF0B58C01870474E
S3150002C290024B58221A604FF0FF307047A4810220E9
S3150002C2A0024B58221A604FF0FF307047A4810220D9
S3150002C2B0024B58221A604FF0FF307047A4810220C9
S3150002C2C0024B58221A600020704700BFA481022048
S3150002C2D0024B58221A604FF0FF307047A4810220A9
S3150002C2E0024B58221A604FF0FF307047A481022099
S3150002C2F0FEE700BF00000000000000000000000092
S3150002C300000000000000000000020101010103001C
S3150002C310000000000002434000C24240000000004C
S3150002C3200002434000C24240000000000040434079
S3150002C33000804340000308000000000200020000E3
S3150002C3400002000200000C060609020900000100B4
S3150002C35080FA00030800000000020002000000024A
S3150002C360000200000C060600FFFFFFFFFFFFFFFFB3
S3150002C3704F626A65637420646574656374696F6E7F
S3150002C38020696E666572656E636520616E6420481B
S3150002C39054545020736572766572206F76657220EA
S3150002C3A05553420D0A004572726F722063726561BF
S3150002C3B074696E6720696D616765206D757465784D
S3150002C3C00D0A004572726F72206372656174696E3E
S3150002C3D0672062626F78206D757465780D0A005366
S3150002C3E074617274696E6720696E666572656E63E2
S3150002C3F065207461736B0D0A00496E666572656E1F
S3150002C40063655461736B00256600436F756C646ED9
S3150002C4102774207265676973746572206375737415
S3150002C4206F6D206F7020272573272C207265736F1E
S3150002C4306C7665722073697A6520697320746F6FF2
S3150002C44020736D616C6C20282564290043616C6C35
S3150002C450696E6720416464437573746F6D20666FFD
S3150002C46072207468652073616D65206F70206D6F30
S3150002C4707265207468616E206F6E63652069732031
S3150002C4806E6F7420737570706F7274656420284FB6
S3150002C490703A202573292E00496E76616C696420F4
S3150002C4A0706172616D65746572204275696C74693A
S3150002C4B06E4F70657261746F725F435553544F4D80
S3150002C4C020746F20746865204164644275696C74D7
S3150002C4D0696E2066756E6374696F6E2E0043616CB9
S3150002C4E06C696E67204164644275696C74696E207A
S3150002C4F077697468207468652073616D65206F7052
S3150002C500206D6F7265207468616E206F6E636520A0
S3150002C5106973206E6F7420737570706F72746564C0
S3150002C52020284F703A20232564292E00436F756C0C
S3150002C530646E27742072656769737465722062750A
S3150002C540696C74696E206F70202325642C207265D5
S3150002C550736F6C7665722073697A652069732074CD
S3150002C5606F6F20736D616C6C20282564292E00453F
S3150002C57052524F523A204661696C656420746F20AC
S3150002C5806C6F61642025730D0A006D6F64656C2003
S3150002C5906F70657261746F7220257A752062756993
S3150002C5A06C74696E5F636F64653D25640A0045526B
S3150002C5B0524F523A204661696C656420746F206757
S3150002C5C06574204564676554707520636F6E746583
S3150002C5D078740D0A0054464C6974655F4465746547
S3150002C5E06374696F6E5F506F737450726F636573B5
S3150002C5F073004552524F523A20416C6C6F6361741C
S3150002C6006554656E736F72732829206661696C655D
S3150002C610640D0A0069203C2073697A652829006640
S3150002C6206C6174627566666572733A3A56656374CE
S3150002C6306F723C543E3A3A72657475726E5F7479E3
S3150002C640706520666C6174627566666572733A3AE5
S3150002C650566563746F723C543E3A3A47657428666F
S3150002C6606C6174627566666572733A3A756F666670
S3150002C6707365745F742920636F6E7374205B7769C8
S3150002C68074682054203D20666C6174627566666526
S3150002C69072733A3A4F66667365743C74666C697473
S3150002C6A0653A3A53756247726170683E3B20666C22
S3150002C6B06174627566666572733A3A566563746F3B
S3150002C6C0723C543E3A3A72657475726E5F74797052
S3150002C6D065203D20636F6E73742074666C697465A1
S3150002C6E03A3A53756247726170682A3B20666C61FA
S3150002C6F074627566666572733A3A756F66667365D5
S3150002C700745F74203D206C6F6E6720756E73696767
S3150002C7106E656420696E745D002F636F72616C6D65
S3150002C7206963726F2F74686972645F70617274797B
S3150002C7302F666C6174627566666572732F696E63C5
S3150002C7406C7564652F666C61746275666665727374
S3150002C7502F666C6174627566666572732E68004533
S3150002C76052524F523A204D6F64656C206D75737448
S3150002C7702068617665206F6E6C79206F6E65206920
S3150002C7806E7075742074656E736F720D0A00636144
S3150002C7906E6E6F7420637265617465207374643A99
S3150002C7A03A766563746F72206C6172676572207483
S3150002C7B068616E206D61785F73697A652829004920
S3150002C7C04E5055542064696D733A2000256420004A
S3150002C7D00A696E7075745F7363616C653D256620C8
S3150002C7E0696E7075745F7A703D2564206C6F637331
S3150002C7F05F7363616C653D2566206C6F63735F7A58
S3150002C800703D25642073636F7265735F7363616C39
S3150002C810653D25662073636F7265735F7A703D2589
S3150002C82064207175616E745F7468726573683D2504
S3150002C830640A004552524F523A20436F756C642087
S3150002C8406E6F742063617074757265206672616DB5
S3150002C850652066726F6D2063616D6572610D0A00F7
S3150002C8604552524F523A20496E666572656E63654D
S3150002C870206661696C65640D0A00766563746F7281
S3150002C8803A3A5F4D5F7265616C6C6F635F696E7396
S3150002C89065727400256C75007B226474696D65226D
S3150002C8A03A20002C20002262626F786573223A20B9
S3150002C8B05B002564007B226964223A2000227363AE
S3150002C8C06F7265223A200022786D696E223A200044
S3150002C8D022796D696E223A200022786D6178223AB9
S3150002C8E0200022796D6178223A20005D7D00455252
S3150002C8F0524F523A20426F756E64696E6720626FBC
S3150002C90078204A534F4E20737472696E6720746F93
S3150002C9106F206C6F6E670D0A0000000000000000B9
S3150002C92000000000D7170000DD170000B517000051
S3150002C930BF170000C91700001118000015180000E3
S3150002C940D3170000E317000057180000251800004F
S3150002C950656467657470752D637573746F6D2D6F7D
S3150002C96070002F6D6F64656C5F696E74385F656405
S3150002C97067657470752E74666C69746500000000D4
S3150002C980000000004038000050460000D449000074
S3150002C99068010000B40000005A0000002D000000EB
S3150002C9A0FC35593D9A99993D3A3BD93DEDD8883D9A
S3150002C9B0F983C13DEDD8083E9066AC3D7DD0F33D8E
S3150002C9C02F692C3E3A3BD93D9A99193E9B38593EDE
S3150002C9D0EDD8083E9886413E9DD7883E2F692C3E6B
S3150002C9E01CD3733E2F69AC3E9B38593E9A99993EA9
S3150002C9F09B38D93E9DD7883E9886C13E9DD7083F33
S3150002CA002F69AC3E1CD3F33E2F692C3F9B38D93E8F
S3150002CA109A99193F4339593F9DD7083FF085413FBF
S3150002CA209DD7883F2F692C3F1CD3733FDC68AC3FF0
S3150002CA303A3BD93D9A99993DFC35593DEDD8083E88
S3150002CA40F983C13DEDD8883D2F692C3E7DD0F33D5B
S3150002CA509066AC3D9B38593E9A99193E3A3BD93D70
S3150002CA609DD7883E9886413EEDD8083E2F69AC3E5A
S3150002CA701CD3733E2F692C3E9B38D93E9A99993E18
S3150002CA809B38593E9DD7083F9886C13E9DD7883E22
S3150002CA902F692C3F1CD3F33E2F69AC3E4339593FD5
S3150002CAA09A99193F9B38D93E9DD7883FF085413FD9
S3150002CAB09DD7083FDC68AC3F1CD3733F2F692C3FE0
S3150002CAC0CDCCCC3CCDCC4C3DCDCCCC3DCDCC4C3ED6
S3150002CAD04E554C4C20213D207461736B48616E6447
S3150002CAE06C65002F636F72616C6D6963726F2F7470
S3150002CAF0686972645F70617274792F6E78702F72D2
S3150002CB0074313137362D73646B2F636F6D706F6EB0
S3150002CB10656E74732F6F73612F66736C5F6F735FCD
S3150002CB206162737472616374696F6E5F6672656562
S3150002CB305F72746F732E63004E554C4C20213D205C
S3150002CB406D7574657848616E646C65004E554C4C23
S3150002CB5020213D206576656E7448616E646C6500C1
S3150002CB60706450415353203D3D20726573756C7459
S3150002CB70004E554C4C20213D206D73677148616E05
S3150002CB80646C65004F53415F4D75746578437265F9
S3150002CB90617465004F53415F4D757465784C6F63E0
S3150002CBA06B004F53415F4D75746578556E6C6F63BC
S3150002CBB06B004F53415F4D757465784465737472AB
S3150002CBC06F79004F53415F4576656E7443726561B6
S3150002CBD07465004F53415F4576656E745365740004
S3150002CBE04F53415F4576656E7457616974004F53C2
S3150002CBF0415F4576656E7444657374726F79004F52
S3150002CC0053415F4D736751437265617465004F53BB
S3150002CC10415F4D736751507574004F53415F4D73B9
S3150002CC206751476574004F53415F4D7367514465C1
S3150002CC307374726F790066726571002F636F726129
S3150002CC406C6D6963726F2F74686972645F7061726A
S3150002CC5074792F6E78702F7274313137362D736472
S3150002CC606B2F646576696365732F4D494D5852542F
S3150002CC70313137362F647269766572732F66736C3B
S3150002CC805F636C6F636B2E68004661696C65642036
S3150002CC90746F20696E697469616C697A65205344A0
S3150002CCA052414D2E0D0A00434C4F434B5F4765746C
S3150002CCB0526F6F74436C6F636B4672657100020547
S3150002CCC0030007160F1C02050300140F09180205BC
S3150002CCD003000F18090D02050300140F09180205B7
S3150002CCE0030018090B11020503001018090D0205AD
S3150002CCF0030010180B0902050300140F0A18020597
S3150002CD0003000910180A020503001018090D02058E
S3150002CD1003001018090D020503000F181A0D02056B
S3150002CD2003001018090D020503001018090D02056B
S3150002CD300300101813140205030010181A1C02052A
S3150002CD40030010181A1C020503001018131402051A
S3150002CD500300101813140205030010181314020519
S3150002CD60030011090C0F0205030011090C0F02053D
S3150002CD7003001018090D020503001018090D02051B
S3150002CD800300140F0D18020503001018090D020501
S3150002CD9003001018090D020503001018090D0205FB
S3150002CDA003001018090D020503001018090D0205EB
S3150002CDB003001018090D020503001018090D0205DB
S3150002CDC003001018090D020503001018090D0205CB
S3150002CDD003001018090D02050300140F0D180205B1
S3150002CDE00300140F0D18020503001018090D0205A1
S3150002CDF003001018090D020503001018090D02059B
S3150002CE0003001018090D02050300140F0D18020580
S3150002CE100300140F0D18020503001318090D02056D
S3150002CE2003001318090D020503001318090D020564
S3150002CE3003001318090D02050300140F1318020547
S3150002CE400300140F1318020503001018090D02053A
S3150002CE5003001018090D02050300171A180B020524
S3150002CE600300171A180B02050300171A180B0205FE
S3150002CE700300171A180B02050300171A180B0205EE
S3150002CE800300171A180B02050300171A180B0205DE
S3150002CE9003000C0A1807020503000C0A180702050C
S3150002CEA0030018101A0D0205030018101A0D0205C8
S3150002CEB00300140F1A18020503001A0F130D0205B8
S3150002CEC003001A13180D020503001A13180D0205A2
S3150002CED003001A13180D02050300140F1A1802058F
S3150002CEE00300090B0F1C02050300090C111C0205A5
S3150002CEF00300090C111C02050300090A111C020594
S3150002CF000300090A111C020503000C0F0A1C020584
S3150002CF1003000C0F0A1C020503000C0F0A1C020573
S3150002CF2003000C0F121C020503000C09121802055D
S3150002CF3003000D01121A434C4F434B5F476574526F
S3150002CF406F6F74436C6F636B46726571000000000D
S3150002CF500000000084000000200400004D000000D4
S3150002CF60640000000000000000000000020503004B
S3150002CF7007160F1C02050300140F09180205030009
S3150002CF800F18090D02050300140F09180205030004
S3150002CF9018090B11020503001018090D02050300FA
S3150002CFA010180B0902050300140F0A1802050300E4
S3150002CFB00910180A020503001018090D02050300DC
S3150002CFC01018090D020503000F181A0D02050300B9
S3150002CFD01018090D020503001018090D02050300B9
S3150002CFE0101813140205030010181A1C0205030078
S3150002CFF010181A1C02050300101813140205030068
S3150002D0001018131402050300101813140205030066
S3150002D01011090C0F0205030011090C0F020503008A
S3150002D0201018090D020503001018090D0205030068
S3150002D030140F0D18020503001018090D020503004E
S3150002D0401018090D020503001018090D0205030048
S3150002D0501018090D020503001018090D0205030038
S3150002D0601018090D020503001018090D0205030028
S3150002D0701018090D020503001018090D0205030018
S3150002D0801018090D02050300140F0D1802050300FE
S3150002D090140F0D18020503001018090D02050300EE
S3150002D0A01018090D020503001018090D02050300E8
S3150002D0B01018090D02050300140F0D1802050300CE
S3150002D0C0140F0D18020503001318090D02050300BB
S3150002D0D01318090D020503001318090D02050300B2
S3150002D0E01318090D02050300140F13180205030095
S3150002D0F0140F1318020503001018090D0205030088
S3150002D1001018090D02050300171A180B0205030071
S3150002D110171A180B02050300171A180B020503004B
S3150002D120171A180B02050300171A180B020503003B
S3150002D130171A180B02050300171A180B020503002B
S3150002D1400C0A1807020503000C0A18070205030059
S3150002D15018101A0D0205030018101A0D0205030015
S3150002D160140F1A18020503001A0F130D0205030005
S3150002D1701A13180D020503001A13180D02050300EF
S3150002D1801A13180D02050300140F1A1802050300DC
S3150002D190090B0F1C02050300090C111C02050300F2
S3150002D1A0090C111C02050300090A111C02050300E1
S3150002D1B0090A111C020503000C0F0A1C02050300D2
S3150002D1C00C0F0A1C020503000C0F0A1C02050300C1
S3150002D1D00C0F121C020503000C09121802050300AB
S3150002D1E00D01121A010000000000000000000000FC
S3150002D1F001000000000000000000000045656D45CA
S3150002D2006E64706F696E7473496E697420666169C3
S3150002D2106C65640D0A005B45454D5D20556E68617F
S3150002D2206E646C656420636C6173732072657175DC
S3150002D230657374202578202578207265717565736B
S3150002D240743A2025780D0A00257320756E68616E82
S3150002D250646C656420256C750D0A005553425F4463
S3150002D260657669636543646345656D4576656E7487
S3150002D2700021286E6F6E4361636865537461727430
S3150002D28020252073697A6529002F636F72616C6DA0
S3150002D2906963726F2F74686972645F706172747900
S3150002D2A02F6D6F6469666965642F6E78702F72746C
S3150002D2B0313137362D73646B2F626F6172642E6360
S3150002D2C00073697A65203D3D202875696E74333294
S3150002D2D05F74292831203C3C2069290069203E3DA3
S3150002D2E0203500212872706D736753686D656E5321
S3150002D2F07461727420252072706D736753686D6550
S3150002D3006E53697A65290072706D736753686D652D
S3150002D3106E53697A65203D3D202875696E743332F5
S3150002D3205F74292831203C3C20692900434C4F4335
S3150002D3304B5F476574526F6F74436C6F636B4672D3
S3150002D340657100424F4152445F436F6E6669674D95
S3150002D3505055000205030007160F1C0205030014B0
S3150002D3600F0918020503000F18090D020503001420
S3150002D3700F09180205030018090B11020503001014
S3150002D38018090D0205030010180B09020503001403
S3150002D3900F0A18020503000910180A0205030010F5
S3150002D3A018090D020503001018090D020503000FE6
S3150002D3B0181A0D020503001018090D0205030010C4
S3150002D3C018090D02050300101813140205030010B4
S3150002D3D0181A1C0205030010181A1C020503001075
S3150002D3E01813140205030010181314020503001083
S3150002D3F01813140205030011090C0F02050300118C
S3150002D400090C0F020503001018090D02050300108E
S3150002D41018090D02050300140F0D1802050300106A
S3150002D42018090D020503001018090D020503001064
S3150002D43018090D020503001018090D020503001054
S3150002D44018090D020503001018090D020503001044
S3150002D45018090D020503001018090D020503001034
S3150002D46018090D020503001018090D020503001420
S3150002D4700F0D1802050300140F0D18020503001004
S3150002D48018090D020503001018090D020503001004
S3150002D49018090D020503001018090D0205030014F0
S3150002D4A00F0D1802050300140F0D180205030013D1
S3150002D4B018090D020503001318090D0205030013CE
S3150002D4C018090D020503001318090D0205030014BD
S3150002D4D00F131802050300140F1318020503001098
S3150002D4E018090D020503001018090D02050300179D
S3150002D4F01A180B02050300171A180B020503001768
S3150002D5001A180B02050300171A180B020503001757
S3150002D5101A180B02050300171A180B020503001747
S3150002D5201A180B020503000C0A1807020503000C61
S3150002D5300A18070205030018101A0D02050300183F
S3150002D540101A0D02050300140F1A18020503001A19
S3150002D5500F130D020503001A13180D020503001A14
S3150002D56013180D020503001A13180D020503001401
S3150002D5700F1A1802050300090B0F1C020503000906
S3150002D5800C111C02050300090C111C0205030009FB
S3150002D5900A111C02050300090A111C020503000CEC
S3150002D5A00F0A1C020503000C0F0A1C020503000CDD
S3150002D5B00F0A1C020503000C0F121C020503000CC5
S3150002D5C0091218020503000D01121A00510C01007E
S3150002D5D0810C0100970901000100000029070100E2
S3150002D5E081070100B303010002000000FD3C0000B8
S3150002D5F02D3D0000453D000003000000953F000060
S3150002D600214000003F40000004000000000000002E
S3150002D6100000000000000000000000002F636F728F
S3150002D620616C6D6963726F2F74686972645F706191
S3150002D6307274792F6E78702F7274313137362D737A
S3150002D640646B2F636F6D706F6E656E74732F666C8D
S3150002D6506173682F6E616E642F666C65787370698C
S3150002D6602F66736C5F666C65787370695F6E616E48
S3150002D670645F666C6173682E63004E616E645F461A
S3150002D6806C6173685F496E6974004E554C4C20217B
S3150002D6903D207561727448616E646C65002F636F1C
S3150002D6A072616C6D6963726F2F74686972645F7000
S3150002D6B0617274792F6E78702F7274313137362D0C
S3150002D6C073646B2F636F6D706F6E656E74732F75F7
S3150002D6D06172742F66736C5F616461707465725FE8
S3150002D6E06C70756172742E63004E554C4C20213D50
S3150002D6F02068616E646C65004E554C4C20213D20BD
S3150002D700636F6E66696700636F6E6669672D3E6951
S3150002D7106E7374616E6365203C202873697A656F47
S3150002D7206628735F4C7075617274416461707465CA
S3150002D730724261736529202F2073697A656F6628A4
S3150002D7404C50554152545F54797065202A2929005C
S3150002D7504E554C4C20213D20735F4C70756172749E
S3150002D76041646170746572426173655B636F6E6674
S3150002D77069672D3E696E7374616E63655D004E5511
S3150002D7804C4C20213D2064617461006C656E6774A7
S3150002D79068203E203055007561727448616E646C73
S3150002D7A0652D3E6D6F646520213D206B48414C5FBF
S3150002D7B055617274426C6F636B4D6F6465004841CC
S3150002D7C04C5F55617274496E7465727275707448F5
S3150002D7D0616E646C650048414C5F55617274496EB6
S3150002D7E069740048414C5F55617274496E73746185
S3150002D7F06C6C43616C6C6261636B0048414C5F55B3
S3150002D800617274526563656976654E6F6E426C6FBE
S3150002D810636B696E670048414C5F5561727453656C
S3150002D8206E644E6F6E426C6F636B696E6700484141
S3150002D8304C5F5561727441626F72745265636569B9
S3150002D84076650048414C5F5561727449737246753C
S3150002D8506E6374696F6E00000000000000C007402E
S3150002D86000000840004008400080084000C0084010
S3150002D87000000940004009400080094000C00940FC
S3150002D88000000A400040C2400080C24080FF1400EF
S3150002D890150016001700180019001A001B001C00BC
S3150002D8A01D001E001F00636F6E6669672D3E6A6F5C
S3150002D8B06252696E67496E746572666163655B3052
S3150002D8C05D002F636F72616C6D6963726F2F74688E
S3150002D8D06972645F70617274792F6E78702F7274D8
S3150002D8E0313137362D73646B2F64657669636573E0
S3150002D8F02F4D494D585254313137362F647269765D
S3150002D9006572732F66736C5F6361616D2E6300438C
S3150002D91041414D5F496E697400000000000080B00D
S3150002D9202000201200000000040082120000000005
S3150002D930020050820000706000000000000000003B
S3150002D94028636F6E6669672D3E6C6F6F70446976E9
S3150002D95069646572203C3D202875696E7433325FB6
S3150002D960742941524D5F504C4C5F4449565F5345B2
S3150002D9704C5F4D4158292026262028636F6E666922
S3150002D980672D3E6C6F6F7044697669646572203EDE
S3150002D9903D202875696E7433325F742941524D5F9A
S3150002D9A0504C4C5F4449565F53454C5F4D494E2996
S3150002D9B0002F636F72616C6D6963726F2F74686991
S3150002D9C072645F70617274792F6E78702F7274311F
S3150002D9D03137362D73646B2F646576696365732FF1
S3150002D9E04D494D585254313137362F647269766536
S3150002D9F072732F66736C5F636C6F636B2E63006664
S3150002DA00726163203C3D202875696E74385F742903
S3150002DA105046445F465241435F4D4158006672612B
S3150002DA2063203E3D202875696E74385F742950461E
S3150002DA30445F465241435F4D494E0066616C7365D1
S3150002DA400028706C6C203D3D206B434C4F434B5F6E
S3150002DA50506C6C5379733229207C7C2028706C6C54
S3150002DA60203D3D206B434C4F434B5F506C6C5379CA
S3150002DA707333290066726163203E3D202875696E04
S3150002DA807433325F74295046445F465241435F4DB8
S3150002DA90494E0066726163203C3D202875696E74AA
S3150002DAA033325F74295046445F465241435F4D41CB
S3150002DAB058006672657120213D2030554C00434C5A
S3150002DAC04F434B5F476574526F6F74436C6F636B62
S3150002DAD04672657100434C4F434B5F496E69744110
S3150002DAE0726D506C6C00434C4F434B5F496E6974C8
S3150002DAF050666400434C4F434B5F476574506664FF
S3150002DB004672657100434C4F434B5F536574506CCC
S3150002DB106C42797061737300434C4F434B5F4765A8
S3150002DB2074506C6C4672657100434C4F434B5F47B1
S3150002DB30657446726571000205030007160F1C0222
S3150002DB40050300140F0918020503000F18090D0238
S3150002DB50050300140F09180205030018090B110228
S3150002DB600503001018090D0205030010180B09021F
S3150002DB70050300140F0A18020503000910180A0209
S3150002DB800503001018090D020503001018090D02FD
S3150002DB900503000F181A0D020503001018090D02DD
S3150002DBA00503001018090D020503001018131402CC
S3150002DBB005030010181A1C0205030010181A1C028D
S3150002DBC0050300101813140205030010181314029B
S3150002DBD0050300101813140205030011090C0F02A5
S3150002DBE005030011090C0F020503001018090D02A6
S3150002DBF00503001018090D02050300140F0D180283
S3150002DC000503001018090D020503001018090D027C
S3150002DC100503001018090D020503001018090D026C
S3150002DC200503001018090D020503001018090D025C
S3150002DC300503001018090D020503001018090D024C
S3150002DC400503001018090D020503001018090D023C
S3150002DC50050300140F0D1802050300140F0D180218
S3150002DC600503001018090D020503001018090D021C
S3150002DC700503001018090D020503001018090D020C
S3150002DC80050300140F0D1802050300140F0D1802E8
S3150002DC900503001318090D020503001318090D02E6
S3150002DCA00503001318090D020503001318090D02D6
S3150002DCB0050300140F131802050300140F131802AC
S3150002DCC00503001018090D020503001018090D02BC
S3150002DCD0050300171A180B02050300171A180B0280
S3150002DCE0050300171A180B02050300171A180B0270
S3150002DCF0050300171A180B02050300171A180B0260
S3150002DD00050300171A180B020503000C0A1807026E
S3150002DD100503000C0A18070205030018101A0D0263
S3150002DD2005030018101A0D02050300140F1A180233
S3150002DD300503001A0F130D020503001A13180D022C
S3150002DD400503001A13180D020503001A13180D0213
S3150002DD50050300140F1A1802050300090B0F1C0213
S3150002DD60050300090C111C02050300090C111C0213
S3150002DD70050300090A111C02050300090A111C0207
S3150002DD800503000C0F0A1C020503000C0F0A1C02F5
S3150002DD900503000C0F0A1C020503000C0F121C02DD
S3150002DDA00503000C091218020503000D01121A637D
S3150002DDB06F756E74203C3D2055494E5433325F4D8B
S3150002DDC04158002F636F72616C6D6963726F2F74B5
S3150002DDD0686972645F70617274792F6E78702F72DF
S3150002DDE074313137362D73646B2F646576696365DA
S3150002DDF0732F4D494D585254313137362F6472695B
S3150002DE00766572732F66736C5F636F6D6D6F6E5F8F
S3150002DE1061726D2E63004457545F4354524C5F4EF9
S3150002DE204F435943434E545F4D736B20213D202887
S3150002DE304457542D3E4354524C2026204457545F97
S3150002DE404354524C5F4E4F435943434E545F4D73B6
S3150002DE506B2900656E61626C654370754379636C0C
S3150002DE6065436F756E7465720053444B5F44656C0F
S3150002DE70617941744C65617374557300696E73748C
S3150002DE80616E6365203C2041525241595F53495AA3
S3150002DE904528735F637369426173657329002F6353
S3150002DEA06F72616C6D6963726F2F74686972645FF9
S3150002DEB070617274792F6E78702F727431313736C1
S3150002DEC02D73646B2F646576696365732F4D494DB7
S3150002DED0585254313137362F647269766572732F10
S3150002DEE066736C5F6373692E63004353495F4765CC
S3150002DEF074496E7374616E6365004353495F496E7C
S3150002DF006974004353495F5472616E736665724366
S3150002DF10726561746548616E646C65004353495F5E
S3150002DF205472616E73666572537461727400435300
S3150002DF30495F5472616E7366657253746F700069DD
S3150002DF406E7374616E6365203C2041525241595F83
S3150002DF5053495A4528735F65646D614261736573FF
S3150002DF6029002F636F72616C6D6963726F2F74681B
S3150002DF706972645F70617274792F6E78702F727431
S3150002DF80313137362D73646B2F6465766963657339
S3150002DF902F4D494D585254313137362F64726976B6
S3150002DFA06572732F66736C5F65646D612E630063C1
S3150002DFB068616E6E656C203C202875696E7433321A
S3150002DFC05F742946534C5F464541545552455F4559
S3150002DFD0444D415F4D4F44554C455F4348414E4E7B
S3150002DFE0454C0074636420213D204E554C4C00285C
S3150002DFF02875696E7433325F74297463642026202F
S3150002E000307831465529203D3D2030550068616EF5
S3150002E010646C6520213D204E554C4C007374617230
S3150002E02074496E7374616E63654E756D203C3D2056
S3150002E030696E7374616E63650045444D415F476561
S3150002E040744368616E6E656C537461747573466C65
S3150002E0506167730045444D415F48616E646C654972
S3150002E060525100696E646578203C206D6178002FFC
S3150002E070636F72616C6D6963726F2F746869726423
S3150002E0805F70617274792F6E78702F7274313137C6
S3150002E090362D73646B2F646576696365732F4D49FC
S3150002E0A04D585254313137362F6472697665727320
S3150002E0B02F66736C5F656E65742E6300696E73748A
S3150002E0C0616E6365203C2041525241595F53495A61
S3150002E0D04528735F656E65744261736573290045F1
S3150002E0E04E45545F476574496E7374616E6365008D
S3150002E0F073726320213D204E554C4C002F636F7284
S3150002E100616C6D6963726F2F74686972645F7061A6
S3150002E1107274792F6E78702F7274313137362D738F
S3150002E120646B2F646576696365732F4D494D58524A
S3150002E13054313137362F647269766572732F66737E
S3150002E1406C5F666C65787370692E6300696E7374B2
S3150002E150616E6365203C2041525241595F53495AD0
S3150002E1604528735F666C657873706942617365737F
S3150002E1702900696E646578203C2036345500464C89
S3150002E18045585350495F4D656D73657400464C455D
S3150002E190585350495F476574496E7374616E63657F
S3150002E1A000464C45585350495F436865636B416E60
S3150002E1B064436C6561724572726F7200464C4558D3
S3150002E1C05350495F5570646174654C5554008A1CFE
S3150002E1D01D70696E203C20333255002F636F7261C9
S3150002E1E06C6D6963726F2F74686972645F706172B5
S3150002E1F074792F6E78702F7274313137362D7364BD
S3150002E2006B2F646576696365732F4D494D58525479
S3150002E210313137362F647269766572732F66736C85
S3150002E2205F6770696F2E6300696E7374616E6365F2
S3150002E230203C2041525241595F53495A4528735F47
S3150002E2406770696F426173657329004750494F5F72
S3150002E250476574496E7374616E6365004750494F32
S3150002E2605F50696E57726974650000000000000015
S3150002E27000C01240000013400040134000801340CB
S3150002E28000C013400000144000C0C5400000C64054
S3150002E2900040C6400080C64000C0C6400000C740DD
S3150002E2A00000CA400080004200C000428A33333375
S3150002E2B033333333333333333333696E7374616ECB
S3150002E2C06365203C2041525241595F53495A4528C1
S3150002E2D0735F677074426173657329002F636F728F
S3150002E2E0616C6D6963726F2F74686972645F7061C5
S3150002E2F07274792F6E78702F7274313137362D73AE
S3150002E300646B2F646576696365732F4D494D585268
S3150002E31054313137362F647269766572732F66739C
S3150002E3206C5F6770742E63004E554C4C20213D2065
S3150002E330696E6974436F6E666967006469766964BB
S3150002E3406572202D203155203C3D204750545F50A8
S3150002E350525F5052455343414C45525F4D41534BD8
S3150002E360002F636F72616C6D6963726F2F746869D7
S3150002E37072645F70617274792F6E78702F72743165
S3150002E3803137362D73646B2F646576696365732F37
S3150002E3904D494D585254313137362F64726976657C
S3150002E3A072732F66736C5F6770742E6800475054E1
S3150002E3B05F536574436C6F636B4469766964657217
S3150002E3C0004750545F476574496E7374616E6365A6
S3150002E3D0004750545F496E6974004750545F476561
S3150002E3E07444656661756C74436F6E666967000096
S3150002E3F00000000000C00E4000000F4000400F4029
S3150002E40000800F4000C00F40000010408A40414289
S3150002E410434445736F75726365436C6F636B5F4804
S3150002E4207A203E203055002F636F72616C6D6963EE
S3150002E430726F2F74686972645F70617274792F6E7D
S3150002E44078702F7274313137362D73646B2F646591
S3150002E45076696365732F4D494D58525431313736BB
S3150002E4602F647269766572732F66736C5F6C70695E
S3150002E47032632E6300696E7374616E6365203C209D
S3150002E48041525241595F53495A45286B4C70693281
S3150002E49063426173657329004E554C4C20213D2021
S3150002E4A07472616E73666572007472616E7366650C
S3150002E4B0722D3E7375626164647265737353697A11
S3150002E4C065203C3D2073697A656F66287472616EB9
S3150002E4D0736665722D3E73756261646472657373E9
S3150002E4E029006C706932634D617374657248616E9E
S3150002E4F0646C6520213D204E554C4C004C504932EF
S3150002E500435F476574496E7374616E6365004C5070
S3150002E5104932435F4765744379636C6573466F722C
S3150002E5205769647468004C504932435F4D61737495
S3150002E53065725472616E7366657243726561746563
S3150002E54048616E646C65004C504932435F52756E89
S3150002E5505472616E7366657253746174654D61635C
S3150002E56068696E65004C504932435F4D617374654C
S3150002E570725472616E736665724E6F6E426C6F6331
S3150002E5806B696E67004C504932435F4D6173746527
S3150002E590725472616E7366657248616E646C654927
S3150002E5A05251000000000000004010400080104060
S3150002E5B000C01040000011400040C3400080C3402C
S3150002E5C08A6263646566670080FF2000210022007C
S3150002E5D023002400250074784461746120213D20C3
S3150002E5E04E554C4C002F636F72616C6D6963726F8E
S3150002E5F02F74686972645F70617274792F6E7870B5
S3150002E6002F7274313137362D73646B2F64657669D8
S3150002E6106365732F4D494D585254313137362F6445
S3150002E6207269766572732F66736C5F6C707370694C
S3150002E6302E6300735F6C7073706948616E646C65FB
S3150002E6405B315D20213D204E554C4C00735F6C7052
S3150002E65073706948616E646C655B325D20213D2092
S3150002E6604E554C4C00735F6C7073706948616E64F2
S3150002E6706C655B335D20213D204E554C4C00735F2B
S3150002E6806C7073706948616E646C655B345D2021E1
S3150002E6903D204E554C4C00735F6C70737069486137
S3150002E6A06E646C655B355D20213D204E554C4C00F9
S3150002E6B0735F6C7073706948616E646C655B365D1E
S3150002E6C020213D204E554C4C004C50535049315F51
S3150002E6D044726976657249525148616E646C65721C
S3150002E6E0004C50535049325F447269766572495202
S3150002E6F05148616E646C6572004C50535049335FE9
S3150002E70044726976657249525148616E646C6572EB
S3150002E710004C50535049345F4472697665724952CF
S3150002E7205148616E646C6572004C50535049355FB6
S3150002E73044726976657249525148616E646C6572BB
S3150002E740004C50535049365F44726976657249529D
S3150002E7505148616E646C6572002F636F72616C6DF5
S3150002E7606963726F2F74686972645F70617274791B
S3150002E7702F6E78702F7274313137362D73646B2F8A
S3150002E780646576696365732F4D494D58525431312C
S3150002E79037362F647269766572732F66736C5F6C97
S3150002E7A070756172742E6300696E7374616E63654F
S3150002E7B0203C2041525241595F53495A4528735FC2
S3150002E7C06C707561727442617365732900305520ED
S3150002E7D03C20636F6E6669672D3E626175645261A5
S3150002E7E074655F427073002875696E74385F7429A8
S3150002E7F046534C5F464541545552455F4C50554130
S3150002E80052545F4649464F5F53495A456E286261E4
S3150002E810736529203E20636F6E6669672D3E7478A4
S3150002E8204669666F57617465726D61726B00287511
S3150002E830696E74385F742946534C5F464541545598
S3150002E84052455F4C50554152545F4649464F5F53BD
S3150002E850495A456E286261736529203E20636F6EB0
S3150002E8606669672D3E72784669666F57617465728E
S3150002E8706D61726B004C50554152545F4765744945
S3150002E8806E7374616E6365004C50554152545F4914
S3150002E8906E6974004C50554152545F476574446525
S3150002E8A06661756C74436F6E6669670000000000EE
S3150002E8B000C00740000008400040084000800840B1
S3150002E8C000C008400000094000400940008009409D
S3150002E8D000C0094000000A400040C2400080C24019
S3150002E8E08A565758595A5B5C5D5E5F6061696E7302
S3150002E8F074616E6365203C202873697A656F6628A9
S3150002E900735F6D75426173657329202F2073697A6F
S3150002E910656F6628735F6D7542617365735B305D03
S3150002E9202929002F636F72616C6D6963726F2F7490
S3150002E930686972645F70617274792F6E78702F7273
S3150002E94074313137362D73646B2F6465766963656E
S3150002E950732F4D494D585254313137362F647269EF
S3150002E960766572732F66736C5F6D752E63007265C2
S3150002E97067496E646578203C204D555F54525F436B
S3150002E9804F554E54004D555F476574496E73746119
S3150002E9906E6365004D555F53656E644D736700691E
S3150002E9A06E7374616E6365203C2041525241595F19
S3150002E9B053495A4528735F70646D426173657329C2
S3150002E9C0002F636F72616C6D6963726F2F74686971
S3150002E9D072645F70617274792F6E78702F727431FF
S3150002E9E03137362D73646B2F646576696365732FD1
S3150002E9F04D494D585254313137362F647269766516
S3150002EA0072732F66736C5F70646D2E6300735F7032
S3150002EA10646D48616E646C655B305D20213D204EFD
S3150002EA20554C4C0050444D5F4556454E545F44721A
S3150002EA306976657249525148616E646C6572006905
S3150002EA406E7374616E6365203C2041525241595F78
S3150002EA5053495A4528735F70776D4261736573290E
S3150002EA60002F636F72616C6D6963726F2F746869D0
S3150002EA7072645F70617274792F6E78702F7274315E
S3150002EA803137362D73646B2F646576696365732F30
S3150002EA904D494D585254313137362F647269766575
S3150002EAA072732F66736C5F70776D2E630063686E88
S3150002EAB06C506172616D730070776D467265715F3D
S3150002EAC0487A006E756D4F6643686E6C730073729A
S3150002EAD063436C6F636B5F487A0050574D5F4765BF
S3150002EAE074496E7374616E63650050574D5F496E6B
S3150002EAF069740050574D5F47657444656661756C6D
S3150002EB0074436F6E6669670050574D5F536574753F
S3150002EB107050776D008A8A8A8A4F4F4F4F505050F5
S3150002EB20505151515152525252696E7374616E6311
S3150002EB3065203C2041525241595F53495A45287338
S3150002EB405F73656D63426173657329002F636F722C
S3150002EB50616C6D6963726F2F74686972645F70614C
S3150002EB607274792F6E78702F7274313137362D7335
S3150002EB70646B2F646576696365732F4D494D5852F0
S3150002EB8054313137362F647269766572732F667324
S3150002EB906C5F73656D632E6300636C6B5372635FA8
S3150002EBA0487A20213D20307830305500636F6E66FA
S3150002EBB0696720213D204E554C4C00636F6E666995
S3150002EBC06775726520213D204E554C4C00636C6B77
S3150002EBD05372635F487A203E2030783030550063A6
S3150002EBE06F6E6669672D3E726566726573684275F9
S3150002EBF07273744C656E203E203078303055005367
S3150002EC00454D435F476574496E7374616E63650073
S3150002EC1053454D435F436F6E7665727454696D69F1
S3150002EC206E670053454D435F47657444656661757B
S3150002EC306C74436F6E6669670053454D435F496E58
S3150002EC4069740053454D435F436F6E66696775721B
S3150002EC5065534452414D0053454D435F53656E64BF
S3150002EC604950436F6D6D616E6400646174657469C9
S3150002EC706D6520213D204E554C4C002F636F72610D
S3150002EC806C6D6963726F2F74686972645F7061720A
S3150002EC9074792F6E78702F7274313137362D736412
S3150002ECA06B2F646576696365732F4D494D585254CF
S3150002ECB0313137362F647269766572732F66736CDB
S3150002ECC05F736E76735F68702E6300534E56535FA2
S3150002ECD048505F5254435F496E697400534E56530F
S3150002ECE05F48505F5254435F476574446566617579
S3150002ECF06C74436F6E666967002F636F72616C6D29
S3150002ED006963726F2F74686972645F706172747975
S3150002ED102F6E78702F7274313137362D73646B2FE4
S3150002ED20646576696365732F4D494D585254313186
S3150002ED3037362F647269766572732F66736C5F73EA
S3150002ED406E76735F6C702E6300534E56535F4C5053
S3150002ED505F535254435F496E697400534E56535F74
S3150002ED604C505F535254435F476574446566617500
S3150002ED706C74436F6E666967002F636F72616C6DA8
S3150002ED806963726F2F74686972645F7061727479F5
S3150002ED902F6E78702F7274313137362D73646B2F64
S3150002EDA0646576696365732F4D494D585254313106
S3150002EDB037362F647269766572732F66736C5F7469
S3150002EDC0656D7073656E736F722E6300544D50538A
S3150002EDD04E535F496E697400544D50534E535F470C
S3150002EDE0657444656661756C74436F6E6669670027
S3150002EDF0544D50534E535F53657454656D70416C58
S3150002EE0061726D00696E7374616E6365203C2041A8
S3150002EE10525241595F53495A4528735F786261726B
S3150002EE2061426173657329002F636F72616C6D694C
S3150002EE3063726F2F74686972645F70617274792F7E
S3150002EE406E78702F7274313137362D73646B2F647E
S3150002EE506576696365732F4D494D58525431313782
S3150002EE60362F647269766572732F66736C5F786289
S3150002EE706172612E630058424152415F476574498F
S3150002EE806E7374616E63650059C2000035C300007B
S3150002EE9071C300007DC3000085C3000059C5000090
S3150002EEA06875622061747461636865643A6C65763C
S3150002EEB0656C3D25752000616464726573733D253A
S3150002EEC0750D0A006875622064657461636865641D
S3150002EED03A6C6576656C3D257520000000000000E1
S3150002EEE00000000003020000ADDC00000403000085
S3150002EEF0ADDC00000504000000000000060500006D
S3150002EF00ADDC000007050000ADDC000008070000CC
S3150002EF10000000007D7D7D7D7D7D32006464646439
S3150002EF206464646425EA000079EC0000B5EC000034
S3150002EF305DF2000065F300009DF50000A1F50000FA
S3150002EF408F0F01008B0E0100000000008B0E0100E6
S3150002EF5000000000170E01009B0C010000000000DB
S3150002EF600B110100990D0100A11001003F100100D3
S3150002EF70250F01006D616C6C6F63206661696C65BB
S3150002EF80642C207370696E2E2E2E0D0A0070784541
S3150002EF9076656E7447726F75704275666665720045
S3150002EFA0636F6E6669674153534552542025730D4C
S3150002EFB00A007853697A65203D3D2073697A656F48
S3150002EFC06628204576656E7447726F75705F742089
S3150002EFD02900784576656E7447726F757000282031
S3150002EFE0757842697473546F57616974466F7220FB
S3150002EFF026206576656E744556454E545F424954E1
S3150002F000535F434F4E54524F4C5F4259544553201F
S3150002F01029203D3D203000757842697473546F573C
S3150002F020616974466F7220213D2030002128202814
S3150002F03020785461736B4765745363686564756CB5
S3150002F040657253746174652829203D3D207461738D
S3150002F0506B5343484544554C45525F5355535045AF
S3150002F0604E444544202920262620282078546963C8
S3150002F0706B73546F5761697420213D20302029201B
S3150002F08029002820757842697473546F5365742079
S3150002F09026206576656E744556454E545F42495440
S3150002F0A0535F434F4E54524F4C5F4259544553207F
S3150002F0B029203D3D20300070785461736B7357618F
S3150002F0C06974696E67466F72426974732D3E784C35
S3150002F0D0697374456E642E70784E65787420213D8E
S3150002F0E0202820636F6E7374204C697374497465AB
S3150002F0F06D5F74202A202920262820707854617397
S3150002F1006B7357616974696E67466F72426974738D
S3150002F1102D3E784C697374456E64202900757843D8
S3150002F1207269746963616C4E657374696E67203DBA
S3150002F1303D207E30554C002820706F72744E564921
S3150002F140435F494E545F4354524C5F524547202613
S3150002F15020706F7274564543544143544956455F75
S3150002F1604D41534B2029203D3D2030007578437296
S3150002F17069746963616C4E657374696E6700706F5A
S3150002F1807274435055494420213D20706F72744376
S3150002F1904F525445585F4D375F723070315F494464
S3150002F1A000706F7274435055494420213D20706FA0
S3150002F1B07274434F525445585F4D375F7230703008
S3150002F1C05F4944002820706F72744D41585F505257
S3150002F1D04947524F55505F42495453202D20756C72
S3150002F1E04D617850524947524F555056616C75657C
S3150002F1F02029203D3D20636F6E6669675052494F54
S3150002F2005F4249545300756343757272656E74505A
S3150002F21072696F72697479203E3D2075634D61781B
S3150002F22053797343616C6C5072696F7269747900B9
S3150002F2302820706F727441495243525F52454720EB
S3150002F2402620706F72745052494F524954595F4783
S3150002F250524F55505F4D41534B2029203C3D20755E
S3150002F2606C4D617850524947524F555056616C75F4
S3150002F27065007078517565756500757851756575A7
S3150002F280654C656E677468203E202820554261737E
S3150002F29065547970655F7420292030007078537444
S3150002F2A061746963517565756520213D204E554C23
S3150002F2B04C002128202820707563517565756553A9
S3150002F2C0746F7261676520213D204E554C4C202992
S3150002F2D020262620282075784974656D53697A653B
S3150002F2E0203D3D2030202920290021282028207079
S3150002F2F07563517565756553746F72616765203DF7
S3150002F3003D204E554C4C2029202626202820757853
S3150002F3104974656D53697A6520213D203020292084
S3150002F32029007853697A65203D3D2073697A656FB5
S3150002F33066282051756575655F7420290028207539
S3150002F340784974656D53697A65203D3D20302029E0
S3150002F350207C7C202820757851756575654C656E14
S3150002F360677468203D3D2028207851756575655380
S3150002F370697A65496E4279746573202F20757849DA
S3150002F38074656D53697A65202920290075784D6167
S3150002F39078436F756E7420213D2030007578496E72
S3150002F3A0697469616C436F756E74203C3D20757893
S3150002F3B04D6178436F756E7400212820282070767F
S3150002F3C04974656D546F5175657565203D3D204ED6
S3150002F3D0554C4C2029202626202820707851756508
S3150002F3E075652D3E75784974656D53697A65202178
S3150002F3F03D2028205542617365547970655F7420FB
S3150002F4002920305520292029002128202820784328
S3150002F4106F7079506F736974696F6E203D3D20710C
S3150002F420756575654F5645525752495445202920F0
S3150002F4302626202820707851756575652D3E7578CB
S3150002F4404C656E67746820213D20312029202900F1
S3150002F45070784D75746578006354784C6F636B20D1
S3150002F460213D207175657565494E54385F4D415889
S3150002F47000707851756575652D3E75784974656DB0
S3150002F48053697A65203D3D203000212820282070CE
S3150002F4907851756575652D3E757851756575655436
S3150002F4A0797065203D3D20717565756551554555E7
S3150002F4B0455F49535F4D555445582029202626203D
S3150002F4C02820707851756575652D3E752E785365C1
S3150002F4D06D6170686F72652E784D75746578486FC8
S3150002F4E06C64657220213D204E554C4C2029202902
S3150002F4F0002820707851756575652029002128201D
S3150002F5002820282070764275666665722029203D7D
S3150002F5103D204E554C4C20292026262028202820E6
S3150002F5207078517565756520292D3E757849746523
S3150002F5306D53697A6520213D202820554261736505
S3150002F540547970655F7420292030552029202900BE
S3150002F55078496E6865726974616E63654F63637537
S3150002F56072726564203D3D20706446414C534500ED
S3150002F5707846697273744C656E677468203C3D20E8
S3150002F580784D6178436F756E74002820784E6578E1
S3150002F590745461696C202B207846697273744C65C9
S3150002F5A06E6774682029203C3D207078537472651A
S3150002F5B0616D4275666665722D3E784C656E67743E
S3150002F5C0680078436F756E74203C3D20784D6178F3
S3150002F5D0436F756E74006D656D7365742820707562
S3150002F5E0634275666665722C202820696E7420292E
S3150002F5F02078577269746556616C75652C2078425D
S3150002F600756666657253697A6542797465732029EF
S3150002F610203D3D207075634275666665720028203E
S3150002F620784E65787448656164202B207846697245
S3150002F63073744C656E6774682029203C3D2070788F
S3150002F64053747265616D4275666665722D3E784CBD
S3150002F650656E67746800282078436F756E74202D76
S3150002F660207846697273744C656E67746820292027
S3150002F6703C3D20707853747265616D4275666665AD
S3150002F680722D3E784C656E6774680078436F756EAE
S3150002F69074203E20282073697A655F742029203001
S3150002F6A0007842756666657253697A654279746551
S3150002F6B073203E20736242595445535F544F5F5341
S3150002F6C0544F52455F4D4553534147455F4C454E56
S3150002F6D0475448007842756666657253697A654290
S3150002F6E079746573203E20300078547269676765C5
S3150002F6F0724C6576656C4279746573203C3D207860
S3150002F70042756666657253697A65427974657300F5
S3150002F71070756353747265616D4275666665725380
S3150002F720746F7261676541726561007078537461C6
S3150002F73074696353747265616D42756666657200BB
S3150002F7407853697A65203D3D2073697A656F66282C
S3150002F7502053747265616D4275666665725F7420C8
S3150002F7602900707853747265616D427566666572BA
S3150002F77000707654784461746100785265717569D7
S3150002F7807265645370616365203E207844617461DA
S3150002F7904C656E6774684279746573007078537449
S3150002F7A07265616D4275666665722D3E7854617347
S3150002F7B06B57616974696E67546F53656E64203D59
S3150002F7C03D204E554C4C007076527844617461006F
S3150002F7D0707853747265616D4275666665722D3E08
S3150002F7E0785461736B57616974696E67546F5265B9
S3150002F7F06365697665203D3D204E554C4C002820B8
S3150002F8006C6973744C4953545F49535F454D505468
S3150002F810592820707844656C617965645461736B0C
S3150002F8204C697374202920290075785363686564CE
S3150002F830756C657253757370656E64656400757870
S3150002F8405363686564756C657253757370656E642F
S3150002F8506564203D3D203000707578537461636B9A
S3150002F86042756666657220213D204E554C4C0070ED
S3150002F870785461736B42756666657220213D204E2F
S3150002F880554C4C007853697A65203D3D2073697A60
S3150002F890656F6628205443425F74202900707854AD
S3150002F8A043422D3E7563537461746963616C6C796E
S3150002F8B0416C6C6F6361746564203D3D2074736BAB
S3150002F8C0535441544943414C4C595F414C4C4F436C
S3150002F8D0415445445F535441434B5F414E445F5448
S3150002F8E0434200785461736B546F526573756D654C
S3150002F8F00049444C45007852657475726E20213D6C
S3150002F90020657272434F554C445F4E4F545F414CD3
S3150002F9104C4F434154455F52455155495245445F08
S3150002F9204D454D4F5259002820785469636B436FF9
S3150002F930756E74202B20785469636B73546F4A7505
S3150002F9406D702029203C3D20784E65787454617391
S3150002F9506B556E626C6F636B54696D6500784E65AC
S3150002F96078745461736B556E626C6F636B54696D18
S3150002F97065203E3D20785469636B436F756E740053
S3150002F9806C69737443555252454E545F4C495354F5
S3150002F9905F4C454E475448282026282070785265E9
S3150002F9A06164795461736B734C697374735B20750C
S3150002F9B078546F705072696F72697479205D20296C
S3150002F9C02029203E20300070784576656E744C6999
S3150002F9D073740075785363686564756C65725375E4
S3150002F9E07370656E64656420213D20300070785521
S3150002F9F06E626C6F636B6564544342007578536341
S3150002FA00686564756C657253757370656E6465645A
S3150002FA1020213D20706446414C534500707854695C
S3150002FA206D654F75740070785469636B73546F57C4
S3150002FA30616974007078544342203D3D20707843DA
S3150002FA40757272656E745443420070785443422D47
S3150002FA503E75784D75746578657348656C6400709B
S3150002FA607854434220213D20707843757272656E48
S3150002FA7074544342007578496E646578546F5761D1
S3150002FA806974203C20636F6E6669675441534B5F0D
S3150002FA904E4F54494649434154494F4E5F41525293
S3150002FAA041595F454E5452494553007578496E6433
S3150002FAB06578546F4E6F74696679203C20636F6E69
S3150002FAC06669675441534B5F4E4F54494649434119
S3150002FAD054494F4E5F41525241595F454E54524925
S3150002FAE0455300785461736B546F4E6F746966792F
S3150002FAF000785469636B436F756E74203D3D202810
S3150002FB00205469636B547970655F74202920300034
S3150002FB106C6973744C4953545F4954454D5F434F66
S3150002FB204E5441494E455228202628207078544387
S3150002FB30422D3E784576656E744C697374497465D8
S3150002FB406D20292029203D3D204E554C4C007578CC
S3150002FB50496E646578546F436C656172203C20631C
S3150002FB606F6E6669675441534B5F4E4F544946491F
S3150002FB70434154494F4E5F41525241595F454E549B
S3150002FB805249455300436F727465782D4D37000014
S3150002FB9001030A04010400041830344C5014050011
S3150002FBA0010100000000000085FB0200546D725145
S3150002FBB00028207854696D6572506572696F6449D0
S3150002FBC06E5469636B73203E2030202900546D7297
S3150002FBD020537663007852657475726E00785469A4
S3150002FBE06D65720078526573756C740028207078A2
S3150002FBF054696D65722D3E7854696D6572506572F1
S3150002FC00696F64496E5469636B73203E2030202904
S3150002FC10002178506F72744973496E73696465493D
S3150002FC206E746572727570742829004D61696E0072
S3150002FC305365636F6E646172790000000200000012
S3150002FC400200000048FC0200040000002BFC020037
S3150002FC500200000030FC02005D4E0100614E010010
S3150002FC60634E0100654E0100054E0100674E01001C
S3150002FC70694E01006B4E01006D4E01006F4E010090
S3150002FC80714E01005F4E0100766563746F723A3AF7
S3150002FC905F4D5F64656661756C745F617070656EF9
S3150002FCA06400545055204C45442072657175697242
S3150002FCB065732054505520706F77657220746F20DB
S3150002FCC0626520656E61626C65642E0D0A002F63A3
S3150002FCD06F72616C6D6963726F2F6C6962732F62EA
S3150002FCE06173652F6D61696E5F6672656572746FA9
S3150002FCF0735F6D372E63630025733A25642025737F
S3150002FD0020776173206E6F7420747275652E0D0AEA
S3150002FD1000636F72616C6D6963726F3A3A4C667317
S3150002FD20496E69742829006170705F6D61696E00A1
S3150002FD30785461736B437265617465286170705F94
S3150002FD406D61696E2C20226170705F6D61696E2231
S3150002FD502C20636F6E6669674D494E494D414C5F73
S3150002FD60535441434B5F53495A45202A2033302C82
S3150002FD70206E756C6C7074722C20636F72616C6D80
S3150002FD806963726F3A3A6B4170705461736B507269
S3150002FD90696F726974792C206E756C6C7074722935
S3150002FDA0203D3D2070645041535300090402000275
S3150002FDB0020C07000705840200020007050502007F
S3150002FDC002002F646E735F736572766572007077D8
S3150002FDD06D5F6D6F64756C655F636F6E74726F6C69
S3150002FDE05F7420636F72616C6D6963726F3A3A7BFE
S3150002FDF0616E6F6E796D6F75737D3A3A50776D4DA0
S3150002FE006F64756C65546F436F6E74726F6C287095
S3150002FE10776D5F7375626D6F64756C655F742900CB
S3150002FE202F636F72616C6D6963726F2F6C69627397
S3150002FE302F626173652F70776D2E636300212249ED
S3150002FE406E76616C69642070696E220070696E5FFD
S3150002FE50636F6E666967732E73697A652829203C1B
S3150002FE603D20320070696E5F636F6E666967735B11
S3150002FE70305D2E70696E5F73657474696E672E628B
S3150002FE80617365203D3D2070696E5F636F6E6669C2
S3150002FE9067735B315D2E70696E5F73657474696E2C
S3150002FEA0672E626173650070696E5F636F6E666965
S3150002FEB067735B305D2E70696E5F73657474696E0D
S3150002FEC0672E7375625F6D6F64756C65203D3D20AC
S3150002FED070696E5F636F6E666967735B315D2E7004
S3150002FEE0696E5F73657474696E672E7375625F6D92
S3150002FEF06F64756C650050574D5F496E6974206674
S3150002FF0061696C65640D0A0075696E7433325F74DB
S3150002FF1020434C4F434B5F476574526F6F74436C7B
S3150002FF206F636B4672657128636C6F636B5F726F8A
S3150002FF306F745F74290001020408020503000716A4
S3150002FF400F1C02050300140F0918020503000F18FF
S3150002FF50090D02050300140F09180205030018090A
S3150002FF600B11020503001018090D020503001018F3
S3150002FF700B0902050300140F0A18020503000910F3
S3150002FF80180A020503001018090D020503001018CD
S3150002FF90090D020503000F181A0D020503001018B9
S3150002FFA0090D020503001018090D020503001018B9
S3150002FFB013140205030010181A1C02050300101878
S3150002FFC01A1C020503001018131402050300101868
S3150002FFD01314020503001018131402050300110975
S3150002FFE00C0F0205030011090C0F0205030010187D
S3150002FFF0090D020503001018090D02050300140F6E
S315000300000D18020503001018090D02050300101848
S31500030010090D020503001018090D02050300101847
S31500030020090D020503001018090D02050300101837
S31500030030090D020503001018090D02050300101827
S31500030040090D020503001018090D02050300101817
S31500030050090D02050300140F0D1802050300140F02
S315000300600D18020503001018090D020503001018E8
S31500030070090D020503001018090D020503001018E7
S31500030080090D02050300140F0D1802050300140FD2
S315000300900D18020503001318090D020503001318B2
S315000300A0090D020503001318090D020503001318B1
S315000300B0090D02050300140F131802050300140F9C
S315000300C01318020503001018090D02050300101882
S315000300D0090D02050300171A180B02050300171A68
S315000300E0180B02050300171A180B02050300171A4B
S315000300F0180B02050300171A180B02050300171A3B
S31500030100180B02050300171A180B020503000C0A45
S315000301101807020503000C0A180702050300181046
S315000301201A0D0205030018101A0D02050300140F19
S315000301301A18020503001A0F130D020503001A13FA
S31500030140180D020503001A13180D020503001A13EE
S31500030150180D02050300140F1A1802050300090BF4
S315000301600F1C02050300090C111C02050300090CF0
S31500030170111C02050300090A111C02050300090AE2
S31500030180111C020503000C0F0A1C020503000C0FC9
S315000301900A1C020503000C0F0A1C020503000C0FC0
S315000301A0121C020503000C091218020503000D01B7
S315000301B0121A2F636F72616C6D6963726F2F6C69AC
S315000301C062732F626173652F71756575655F7461FF
S315000301D0736B2E6800726571756573745F717565EF
S315000301E075655F00785461736B437265617465531B
S315000301F07461746963285374617469635461736BBE
S315000302004D61696E2C204E616D652C2053746163BC
S315000302106B44657074682C20746869732C20507263
S31500030220696F726974792C207461736B5F7374617F
S31500030230636B5F2C20267461736B5F290072616E9A
S31500030240646F6D5F7461736B000000000000000053
S3150003025000000000EB5F010039600100B16001009E
S31500030260E95F0100ED5F0100766F69642047505432
S315000302705F536574436C6F636B4469766964657237
S31500030280284750545F547970652A2C2075696E741B
S3150003029033325F7429000205030007160F1C02059B
S315000302A00300140F0918020503000F18090D0205B0
S315000302B00300140F09180205030018090B110205A0
S315000302C003001018090D0205030010180B09020597
S315000302D00300140F0A18020503000910180A020581
S315000302E003001018090D020503001018090D020575
S315000302F003000F181A0D020503001018090D020555
S3150003030003001018090D0205030010181314020543
S31500030310030010181A1C0205030010181A1C020504
S315000303200300101813140205030010181314020512
S315000303300300101813140205030011090C0F02051C
S31500030340030011090C0F020503001018090D02051D
S3150003035003001018090D02050300140F0D180205FA
S3150003036003001018090D020503001018090D0205F4
S3150003037003001018090D020503001018090D0205E4
S3150003038003001018090D020503001018090D0205D4
S3150003039003001018090D020503001018090D0205C4
S315000303A003001018090D020503001018090D0205B4
S315000303B00300140F0D1802050300140F0D18020590
S315000303C003001018090D020503001018090D020594
S315000303D003001018090D020503001018090D020584
S315000303E00300140F0D1802050300140F0D18020560
S315000303F003001318090D020503001318090D02055E
S3150003040003001318090D020503001318090D02054D
S315000304100300140F131802050300140F1318020523
S3150003042003001018090D020503001018090D020533
S315000304300300171A180B02050300171A180B0205F7
S315000304400300171A180B02050300171A180B0205E7
S315000304500300171A180B02050300171A180B0205D7
S315000304600300171A180B020503000C0A18070205E6
S3150003047003000C0A18070205030018101A0D0205DB
S31500030480030018101A0D02050300140F1A180205AB
S3150003049003001A0F130D020503001A13180D0205A4
S315000304A003001A13180D020503001A13180D02058B
S315000304B00300140F1A1802050300090B0F1C02058B
S315000304C00300090C111C02050300090C111C02058B
S315000304D00300090A111C02050300090A111C02057F
S315000304E003000C0F0A1C020503000C0F0A1C02056D
S315000304F003000C0F0A1C020503000C0F121C020555
S3150003050003000C091218020503000D01121A253007
S31500030510386C782530386C78002F7573625F697094
S315000305205F61646472657373002F636F72616C6DD0
S315000305306963726F2F6C6962732F626173652F6DC6
S31500030540757465782E68007853656D6170686F728F
S315000305506554616B652873656D615F2C20706F72DE
S31500030560744D41585F44454C415929203D3D207007
S315000305706454525545007853656D6170686F7265B2
S31500030580476976652873656D615F29203D3D207057
S3150003059064545255450072785F6275666665725F8C
S315000305A077726974655F203C206B52784275666684
S315000305B0657253697A6500766F696420636F726149
S315000305C06C6D6963726F3A3A436F6E736F6C654D08
S315000305D0373A3A4D37436F6E736F6C655461736B7D
S315000305E05278466E28766F69642A29002F636F72E4
S315000305F0616C6D6963726F2F6C6962732F626173CD
S31500030600652F636F6E736F6C655F6D372E63630063
S3150003061072785F6275666665725F617661696C6141
S31500030620626C655F203C3D206B5278427566666559
S315000306307253697A6500636F6E736F6C655F71756C
S315000306406575655F0072785F6D757465785F0075B3
S3150003065073625F6465766963655F7461736B007863
S315000306605461736B437265617465287573625F6465
S3150003067065766963655F7461736B2C20227573629B
S315000306805F6465766963655F7461736B222C2063AF
S315000306906F6E6669674D494E494D414C5F535441F0
S315000306A0434B5F53495A45202A2031302C206E751F
S315000306B06C6C7074722C206B557362446576696337
S315000306C0655461736B5072696F726974792C206E0D
S315000306D0756C6C70747229203D3D207064504153D3
S315000306E053006D375F636F6E736F6C655F74617311
S315000306F06B5F747800785461736B437265617465DC
S31500030700285374617469634D37436F6E736F6C65F9
S315000307105461736B5478466E2C20226D375F636F7A
S315000307206E736F6C655F7461736B5F7478222C20D4
S31500030730636F6E6669674D494E494D414C5F53542D
S3150003074041434B5F53495A45202A2031302C206EB2
S31500030750756C6C7074722C206B436F6E736F6C6563
S315000307605461736B5072696F726974792C202674A5
S31500030770785F7461736B5F29203D3D20706450413F
S315000307805353006D375F636F6E736F6C655F746190
S31500030790736B5F727800785461736B43726561742F
S315000307A065285374617469634D37436F6E736F6C59
S315000307B0655461736B5278466E2C20226D375F63E6
S315000307C06F6E736F6C655F7461736B5F7278222CE7
S315000307D020636F6E6669674D494E494D414C5F53C1
S315000307E05441434B5F53495A45202A2031302C202C
S315000307F06E756C6C7074722C206B436F6E736F6CBA
S31500030800655461736B5072696F726974792C202613
S3150003081072785F7461736B5F29203D3D207064506D
S31500030820415353006D345F636F6E736F6C655F7412
S3150003083061736B00785461736B43726561746528E9
S315000308405374617469634D34436F6E736F6C65548F
S3150003085061736B466E2C20226D345F636F6E736F0C
S315000308606C655F7461736B222C20636F6E666967B8
S315000308704D494E494D414C5F535441434B5F534998
S315000308805A45202A2031302C206E756C6C70747298
S315000308902C206B436F6E736F6C655461736B507270
S315000308A0696F726974792C206E756C6C7074722919
S315000308B0203D3D2070645041535300080B00020253
S315000308C002010009040000010202010005240010D0
S315000308D00105240100010424020205240600010780
S315000308E00581030A000909040100020A0000000742
S315000308F00582020002000705030200020075696E05
S315000309007433325F74204750494F5F50696E5265A6
S315000309106164284750494F5F547970652A2C2075C6
S31500030920696E7433325F7429002F636F72616C6D65
S315000309306963726F2F74686972645F706172747928
S315000309402F6E78702F7274313137362D73646B2F97
S31500030950646576696365732F4D494D585254313139
S3150003096037362F647269766572732F66736C5F67A9
S3150003097070696F2E680000000000CA400000CA407C
S315000309800000C6400000C6400000C6400080C640C6
S315000309900000CA400000C6400000CA4000C0C6406E
S315000309A000C0C64000C0C6400000C6400000C640A6
S315000309B00000C7400040C640000014400000144039
S315000309C0000014400000144000001440004013408F
S315000309D000801340004013400040134000001340C2
S315000309E00000134000401340000013400000144071
S315000309F0F3FFF3FFF3FFF3FFF3FFF3FF5D00F3FFF3
S31500030A005D00F3FFF3FFF3FFF3FFF3FFF3FFF3FFE2
S31500030A103D003D003D003D003D0069006A00680061
S31500030A20680066006600680067003D000500000078
S31500030A30060000001A00000018000000190000005C
S31500030A4002000000030000001B0000000800000075
S31500030A5007000000100000000F0000000D0000005A
S31500030A601600000008000000040000000900000052
S31500030A700A0000000B0000000C0000000600000046
S31500030A801F00000000000000050000000600000033
S31500030A900A0000000B000000000000001F00000019
S31500030AA007000000000102030405556E68616E64C9
S31500030AB06C656420495043206D65737361676520D7
S31500030AC0747970652025640D0A002F636F72616C5B
S31500030AD06D6963726F2F6C6962732F626173652F21
S31500030AE06970632E6363007853656D6170686F7216
S31500030AF065476976652874785F73656D6170686F9D
S31500030B0072655F29203D3D2070645452554500743B
S31500030B10785F73656D6170686F72655F0069706396
S31500030B205F74785F7461736B00785461736B43729F
S31500030B3065617465284970633A3A537461746963ED
S31500030B4054785461736B466E2C20226970635F740C
S31500030B50785F7461736B222C20636F6E6669674DD1
S31500030B60494E494D414C5F535441434B5F53495A98
S31500030B7045202A2031302C20746869732C206B4958
S31500030B8070635461736B5072696F726974792C2048
S31500030B902674785F7461736B5F29203D3D20706412
S31500030BA050415353006970635F72785F7461736B6E
S31500030BB000785461736B4372656174652849706389
S31500030BC03A3A53746174696352785461736B466E2F
S31500030BD02C20226970635F72785F7461736B222CB9
S31500030BE020636F6E6669674D494E494D414C5F53AD
S31500030BF05441434B5F53495A45202A2031302C2018
S31500030C00746869732C206B4970635461736B5072FB
S31500030C10696F726974792C202672785F7461736BBD
S31500030C205F29203D3D20706450415353007853653E
S31500030C306D6170686F726554616B652874785F7354
S31500030C40656D6170686F72655F2C20706F72744D8D
S31500030C5041585F44454C415929203D3D2070645419
S31500030C6052554500000000000000000041710100DC
S31500030C70036A0200E570010091700100556E686118
S31500030C806E646C65642073797374656D206D65732A
S31500030C907361676520747970653A2025640D0A00CF
S31500030CA04661696C656420746F2073656E64207396
S31500030CB0327020627566666572206164647265735C
S31500030CC0730D0A000000000000000000F972010025
S31500030CD0C1720100CD720100917001002F636F7222
S31500030CE0616C6D6963726F2F6C6962732F636463E2
S31500030CF05F61636D2F6364635F61636D2E6363007E
S31500030D00536574436F6E74726F6C4C696E6553747E
S31500030D10617465005553425F446576696365436450
S31500030D206341636D53656E64206661696C65642017
S31500030D30696E2025730D0A00766F696420636F72EE
S31500030D40616C6D6963726F3A3A43646341636D3AEA
S31500030D503A536574436F6E66696775726174696F3A
S31500030D606E2829005553425F44657669636543647B
S31500030D706341636D52656376206661696C656420C1
S31500030D80696E2025733A2025640D0A00626F6F6C25
S31500030D9020636F72616C6D6963726F3A3A43646381
S31500030DA041636D3A3A5472616E736D697428636F69
S31500030DB06E73742075696E74385F742A2C20736998
S31500030DC07A655F74290025732064617461206C6100
S31500030DD072676572207468616E2074785F627566E7
S31500030DE06665725F0D0A00626F6F6C20636F7261D6
S31500030DF06C6D6963726F3A3A43646341636D3A3A61
S31500030E0048616E646C654576656E742875696E74A3
S31500030E1033325F742C20766F69642A290025733A6E
S31500030E2020756E68616E646C6564206576656E74A4
S31500030E3020256C750D0A007573625F737461747592
S31500030E40735F7420636F72616C6D6963726F3A3A94
S31500030E5043646341636D3A3A48616E646C65722814
S31500030E6075696E7433325F742C20766F69642A2930
S31500030E70002F636F72616C6D6963726F2F6C6962A9
S31500030E80732F6364635F65656D2F6364635F656575
S31500030E906D2E63630074785F71756575655F0063B6
S31500030EA064635F65656D5F7461736B00785461732A
S31500030EB06B4372656174652843646345656D3A3AAD
S31500030EC05374617469635461736B46756E637469B5
S31500030ED06F6E2C20226364635F65656D5F74617357
S31500030EE06B222C20636F6E6669674D494E494D41EF
S31500030EF04C5F535441434B5F53495A45202A203193
S31500030F00302C20746869732C206B557362446576A4
S31500030F106963655461736B5072696F726974792C76
S31500030F20206E756C6C70747229203D3D2070645080
S31500030F30415353005B45454D5D205553425F446520
S31500030F407669636543646345656D53656E642066C0
S31500030F5061696C65642C204552525F49460D0A004F
S31500030F604661696C656420746F20616C6C6F6361A4
S31500030F70746520706275660D0A0074637069705F2C
S31500030F80696E7075742829206661696C656420250D
S31500030F90640D0A005553425F44657669636543648D
S31500030FA06345656D53656E64206661696C6564208F
S31500030FB0696E2025730D0A005B45454D5D20556E10
S31500030FC061626C6520746F20646574656374206563
S31500030FD06E6469616E6E6573730D0A00556E6861A2
S31500030FE06E646C65642045454D206F70636F646560
S31500030FF03A2025750D0A00626F6F6C20636F72616C
S315000310006C6D6963726F3A3A43646345656D3A3A48
S3150003101048616E646C654576656E742875696E7491
S3150003102033325F742C20766F69642A290025732076
S31500031030756E68616E646C6564206576656E742092
S3150003104025640D0A00556E68616E646C65642045FF
S31500031050454D206576656E743A2025640D0A007841
S31500031060517565756553656E6446726F6D49535266
S3150003107028726571756573745F71756575655F2C27
S3150003108020267265712C2026726573636865647504
S315000310906C6529203D3D20706454525545007851B6
S315000310A07565756553656E642872657175657374C8
S315000310B05F71756575655F2C20267265712C2070CE
S315000310C06F72744D41585F44454C415929203D3D4B
S315000310D020706454525545005553425F4446554863
S315000310E06F73744576656E74002573206661696C4B
S315000310F065643A2025750D0A004572726F72206980
S315000311006E20444655536574496E74657266616311
S31500031110650D0A004572726F7220696E204446554A
S315000311204765745374617475730D0A004572726F63
S315000311307220696E204446555472616E73666572F9
S315000311400D0A004572726F7220696E204446555A25
S3150003115065726F4C656E6774685472616E7366650B
S31500031160720D0A004572726F7220696E20444655ED
S31500031170526561644261636B0D0A004572726F7258
S3150003118020696E20444655476574537461747573BC
S31500031190526561640D0A0052656164206261636B86
S315000311A0206669726D7761726520646F6573206E60
S315000311B06F74206D61746368210D0A004572726F46
S315000311C07220696E204446554465746163680D0A4E
S315000311D0004572726F7220696E20444655436865F6
S315000311E0636B5374617475730D0A00556E68616E93
S315000311F0646C6564204446552073746174652025C8
S31500031200640D0A00656467657470755F6466755F6F
S315000312107461736B00000000000000000000000012
S3150003122027530100815C0100B97D0100357D010072
S31500031230AD8201007853656D6170686F72654769A9
S3150003124076652873656D29203D3D2070645452559B
S3150003125045005553425F486F737445646765547020
S31500031260754465696E6974206572726F723A2025DA
S31500031270750D0A005553425F486F737452656D6F5F
S315000312807665446576696365206572726F723A2086
S3150003129025750D0A00555342486F73744576656E7E
S315000312A07400257320656E756D65726174696F6E62
S315000312B0206661696C65643A2025750D0A004572DE
S315000312C0726F7220696E2045646765547075536545
S315000312D074496E746572666163650D0A00457272C0
S315000312E06F7220696E20456467655470754765742F
S315000312F05374617475730D0A007853656D61706874
S315000313006F726554616B652873656D2C20706F72FF
S31500031310744D41585F44454C415929203D3D207049
S31500031320645452554500656467657470755F7461EE
S31500031330736B000000000000000000002953010049
S31500031340915C010005840100818301008D87010002
S315000313505553425F446576696365436C61737349AC
S315000313606E6974206661696C65642025640D0A00E4
S315000313705553425F44657669636552756E206661AF
S31500031380696C65640D0A00476F6F676C6500436F90
S3150003139072616C2044657620426F617264204D69E8
S315000313A063726F00556E68616E646C656420737456
S315000313B072696E6720726571756573743A20256468
S315000313C00D0A0048616E646C6572002573206576AC
S315000313D0656E7420756E68616E646C656420307822
S315000313E0256C780D0A000403090412010002EF02BA
S315000313F00140D11808930100010203012F636F72A4
S31500031400616C6D6963726F2F6C6962732F63616DB3
S315000314106572612F63616D6572612E6363002A6F66
S3150003142075745F78203E3D2030002A6F75745F78AF
S31500031430203C207374617469635F636173743C69F0
S315000314406E743E2843616D6572615461736B3A3AFB
S315000314506B576964746829002A6F75745F79203E37
S315000314603D2030002A6F75745F79203C20737461C8
S315000314707469635F636173743C696E743E28436188
S315000314806D6572615461736B3A3A6B486569676857
S3150003149074290043616D657261206D6F64656C200C
S315000314A06964206E6F742061732065787065637458
S315000314B065643A20307825303278253032780D0A43
S315000314C00043616D657261206973206E6F742065D8
S315000314D06E61626C65642C2063616E6E6F7420634B
S315000314E0617074757265206672616D652E0D0A00F2
S315000314F043616D65726120697320696E2074726938
S3150003150067676572206D6F64652062757420776105
S3150003151073206E6576657220747269676765726596
S31500031520640D0A0063616D6572615F7461736B00BC
S31500031530000000000000000013180000452C000006
S3150003154071960100919B0100599E010076697274A0
S3150003155075616C20636F6E737420706C6174666F53
S31500031560726D733A3A64617277696E6E3A3A64726F
S31500031570697665723A3A636F6E6669673A3A416F9E
S315000315806E52657365744373724F666673657473DF
S315000315902620706C6174666F726D733A3A64617279
S315000315A077696E6E3A3A6472697665723A3A636F30
S315000315B06E6669673A3A43686970436F6E66696730
S315000315C03A3A476574416F6E526573657443737235
S315000315D04F666673657473282920636F6E73740090
S315000315E02F636F72616C6D6963726F2F6C696273BF
S315000315F02F7470752F64617277696E6E2F647269CA
S315000316007665722F636F6E6669672F636869705FAD
S31500031610636F6E6669672E68007669727475616CAE
S3150003162020636F6E737420706C6174666F726D7372
S315000316303A3A64617277696E6E3A3A6472697665AC
S31500031640723A3A636F6E6669673A3A5769726543E7
S3150003165073724F6666736574732620706C61746665
S315000316606F726D733A3A64617277696E6E3A3A6471
S3150003167072697665723A3A636F6E6669673A3A4299
S315000316806561676C6543686970436F6E6669673A3F
S315000316903A476574576972654373724F6666736535
S315000316A07473282920636F6E7374002F636F7261DE
S315000316B06C6D6963726F2F6C6962732F7470752F0B
S315000316C064617277696E6E2F6472697665722F63D1
S315000316D06F6E6669672F626561676C652F62656108
S315000316E0676C655F636869705F636F6E6669672EB3
S315000316F068002F636F72616C6D6963726F2F6C691B
S3150003170062732F7470752F656467657470755F6D8A
S31500031710616E616765722E6363004F70656E446523
S31500031720766963650025733A204572726F72206588
S315000317306E636F756E7465726564207768696C6530
S31500031740206272696E67696E6720757020746865BA
S31500031750207470750D0A0073697A655F203C204614
S315000317604C4154425546464552535F4D41585F429C
S3150003177055464645525F53495A4500666C61746245
S315000317807566666572733A3A566572696669657215
S315000317903A3A566572696669657228636F6E737441
S315000317A02075696E74385F742A2C2073697A655FB5
S315000317B0742C20666C6174627566666572733A3A58
S315000317C0756F66667365745F742C20666C617462EC
S315000317D07566666572733A3A756F66667365745FA6
S315000317E0742C20626F6F6C29005061636B616765AF
S315000317F020766572696669636174696F6E206661D6
S31500031800696C65642E0D0A004E6F206578656375F5
S315000318107461626C657320746F2072656769737493
S3150003182065722E0D0A004D756C746945786563758E
S315000318307461626C65207665726966696361746951
S315000318406F6E206661696C65642E0D0A00506163D4
S315000318506B61676520646F6573206E6F74206861C2
S31500031860766520696E666572656E63652065786563
S3150003187063757461626C652E0D0A0000000000003A
S31500031880000000001DA8010025A801000DA6010007
S3150003189015A601001DA6010025A601002DA601001F
S315000318A035A601003DA6010045A601004DA601008F
S315000318B055A601005DA801005DA6010065A601000D
S315000318C06DA6010075A601007DA6010085A601008F
S315000318D08DA6010095A601009DA60100A5A60100FF
S315000318E0ADA60100B5A60100BDA60100C5A601006F
S315000318F0CDA60100D5A60100DDA60100E5A60100DF
S31500031900EDA60100F5A60100FDA6010005A701004D
S315000319100DA7010015A701001DA7010025A70100BA
S315000319202DA7010035A701003DA7010045A701002A
S315000319304DA7010055A701005DA7010065A701009A
S315000319406DA7010075A701007DA7010085A701000A
S315000319508DA7010095A701009DA70100A5A701007A
S31500031960ADA70100B5A70100BDA70100C5A70100EA
S31500031970CDA70100D5A70100DDA70100E5A701005A
S31500031980EDA70100F5A70100FDA7010005A80100C9
S315000319900DA8010015A8010041A8010000000000E0
S315000319A0000000001FA8010033A8010023AA0100BC
S315000319B021A8010079A8010000000100466C6174AA
S315000319C04275666665727320312E31322E30000001
S315000319D0000000000000000099A80100A1A8010072
S315000319E000000000A9A8010000000000000000009C
S315000319F000000000B1A80100340000000000000050
S31500031A000CA301000000000010A301000000000069
S31500031A1014A301000000000018A301000000000049
S31500031A201CA301000000000020A301000000000029
S31500031A302CA30100000000003CA3010000000000ED
S31500031A4058C004000000000048C104000000000064
S31500031A5050C104000000000060C104000000000043
S31500031A6000A0010000000000D0A00100000000005B
S31500031A70D4A0010000000000D8A00100000000006F
S31500031A80DCA001000000000000A601000000000029
S31500031A9000A501000000000058A501000000000099
S31500031AA058A601000000000040A601000000000047
S31500031AB044A601000000000040A50100000000004C
S31500031AC044A501000000000004A701000000000077
S31500031AD000A2010000000000080000000000000052
S31500031AE000100000000000000000000000000000DD
S31500031AF000000000000000000020000000000000BD
S31500031B00400000000000000000000000000000008C
S31500031B1000A004000000000018600400000000009C
S31500031B20206004000000000028600400000000009C
S31500031B303060040000000000406004000000000064
S31500031B403860040000000000486004000000000044
S31500031B506860040000000000006804000000000044
S31500031B60C000040000000000FFFFFFFFFFFFFFFFB0
S31500031B7050010400000000001001040000000000F2
S31500031B80FFFFFFFFFFFFFFFFFFFFFFFFFFFFFFFF5C
S31500031B90FFFFFFFFFFFFFFFFFFFFFFFFFFFFFFFF4C
S31500031BA0FFFFFFFFFFFFFFFFFFFFFFFFFFFFFFFF3C
S31500031BB0FFFFFFFFFFFFFFFFFFFFFFFFFFFFFFFF2C
S31500031BC0FFFFFFFFFFFFFFFFFFFFFFFFFFFFFFFF1C
S31500031BD0FFFFFFFFFFFFFFFFFFFFFFFFFFFFFFFF0C
S31500031BE0FFFFFFFFFFFFFFFFFFFFFFFFFFFFFFFFFC
S31500031BF0FFFFFFFFFFFFFFFFFFFFFFFFFFFFFFFFEC
S31500031C00FFFFFFFFFFFFFFFFFFFFFFFFFFFFFFFFDB
S31500031C10FFFFFFFFFFFFFFFFFFFFFFFFFFFFFFFFCB
S31500031C20FFFFFFFFFFFFFFFFFFFFFFFFFFFFFFFFBB
S31500031C30FFFFFFFFFFFFFFFFFFFFFFFFFFFFFFFFAB
S31500031C409001040000000000D00104000000000021
S31500031C50100204000000000050020400000000000F
S31500031C609802040000000000E002040000000000E7
S31500031C702803040000000000200004000000000008
S31500031C80B086040000000000B886040000000000CF
S31500031C90D086040000000000D8860400000000007F
S31500031CA0E086040000000000E8860400000000004F
S31500031CB0F086040000000000F8860400000000001F
S31500031CC000870400000000000887040000000000ED
S31500031CD01087040000000000A8870400000000002D
S31500031CE0E820040000000000F020040000000000CB
S31500031CF0002404000000000018900100000000000A
S31500031D001C9001000000000020900100000000006C
S31500031D1024900100000000007C90010000000000F8
S31500031D20002004000000000008200400000000005A
S31500031D30102004000000000018200400000000002A
S31500031D4020200400000000002820040000000000FA
S31500031D5030200400000000003820040000000000CA
S31500031D60402004000000000048200400000000009A
S31500031D70502004000000000058200400000000006A
S31500031D80602004000000000068200400000000003A
S31500031D90702004000000000078200400000000000A
S31500031DA080200400000000008820040000000000DA
S31500031DB090200400000000009820040000000000AA
S31500031DC0A020040000000000A8200400000000007A
S31500031DD0B020040000000000B8200400000000004A
S31500031DE0C020040000000000C8200400000000001A
S31500031DF0D020040000000000D820040000000000EA
S31500031E00E020040000000000E820040000000000B9
S31500031E10F020040000000000F82004000000000089
S31500031E200021040000000000082104000000000057
S31500031E301021040000000000182104000000000027
S31500031E4020210400000000002821040000000000F7
S31500031E5030210400000000003821040000000000C7
S31500031E604021040000000000482104000000000097
S31500031E705021040000000000582104000000000067
S31500031E806021040000000000682104000000000037
S31500031E907021040000000000782104000000000007
S31500031EA080210400000000008821040000000000D7
S31500031EB090210400000000009821040000000000A7
S31500031EC0A021040000000000A82104000000000077
S31500031ED0B021040000000000B82104000000000047
S31500031EE0C021040000000000C82104000000000017
S31500031EF0D021040000000000D821040000000000E7
S31500031F00E021040000000000E821040000000000B6
S31500031F10F021040000000000F82104000000000086
S31500031F200022040000000000082204000000000054
S31500031F301022040000000000182204000000000024
S31500031F4020220400000000002822040000000000F4
S31500031F5030220400000000003822040000000000C4
S31500031F604022040000000000482204000000000094
S31500031F705022040000000000582204000000000064
S31500031F80602204000000000070220400000000002C
S31500031F9078220400000000008022040000000000F4
S31500031FA088220400000000009022040000000000C4
S31500031FB09822040000000000A02204000000000094
S31500031FC0A822040000000000B8220400000000005C
S31500031FD0C022040000000000C82204000000000024
S31500031FE0D022040000000000D822040000000000F4
S31500031FF0E022040000000000E822040000000000C4
S31500032000F02204000000000000230400000000008A
S315000320100823040000000000102304000000000051
S315000320201823040000000000202304000000000021
S3150003203028230400000000003023040000000000F1
S3150003204038230400000000004823040000000000B9
S315000320505023040000000000582304000000000081
S315000320606023040000000000682304000000000051
S315000320707023040000000000782304000000000021
S3150003208080230400000000008823040000000000F1
S3150003209090230400000000009823040000000000C1
S315000320A0C023040000000000002404000000000018
S315000320B08024040000000000002504000000000046
S315000320C08025040000000000002604000000000034
S315000320D02026040000000000402604000000000043
S315000320E060260400000000008026040000000000B3
S315000320F0A026040000000000C02604000000000023
S315000321000027040000000000402704000000000030
S315000321108027040000000000C02704000000000020
S31500032120002804000000000040280400000000000E
S315000321308028040000000000C028040000000000FE
S3150003214000600400000000000860040000000000B6
S3150003215050600400000000007860040000000000E6
S31500032160806004000000000000000500000000007D
S31500032170184004000000000058410400000000005D
S315000321809841040000000000D8410400000000004C
S3150003219018420400000000008887040000000000C5
S315000321A09087040000000000F041040000000000D6
S315000321B0F841040000000000404304000000000052
S315000321C010800400000000001880040000000000D6
S315000321D020800400000000002880040000000000A6
S315000321E03080040000000000388004000000000076
S315000321F04080040000000000488004000000000046
S315000322005080040000000000588004000000000015
S3150003221060800400000000006880040000000000E5
S3150003222070800400000000007880040000000000B5
S315000322308080040000000000888004000000000085
S315000322409080040000000000988004000000000055
S31500032250A080040000000000A88004000000000025
S31500032260B080040000000000B880040000000000F5
S31500032270C080040000000000C880040000000000C5
S31500032280D080040000000000D88004000000000095
S31500032290E080040000000000E88004000000000065
S315000322A0F080040000000000F88004000000000035
S315000322B00081040000000000088104000000000003
S315000322C010810400000000001881040000000000D3
S315000322D020810400000000002881040000000000A3
S315000322E03081040000000000388104000000000073
S315000322F04081040000000000488104000000000043
S315000323005081040000000000588104000000000012
S3150003231060810400000000006881040000000000E2
S3150003232070810400000000007881040000000000B2
S315000323308081040000000000888104000000000082
S315000323409081040000000000988104000000000052
S31500032350A081040000000000A88104000000000022
S31500032360B081040000000000B881040000000000F2
S31500032370C081040000000000C881040000000000C2
S31500032380D081040000000000D88104000000000092
S31500032390E081040000000000E88104000000000062
S315000323A0F081040000000000F88104000000000032
S315000323B00082040000000000088204000000000000
S315000323C010820400000000001882040000000000D0
S315000323D020820400000000002882040000000000A0
S315000323E03082040000000000388204000000000070
S315000323F04082040000000000488204000000000040
S31500032400508204000000000058820400000000000F
S3150003241060820400000000006882040000000000DF
S3150003242070820400000000007882040000000000AF
S31500032430808204000000000088820400000000007F
S31500032440908204000000000098820400000000004F
S31500032450A082040000000000A8820400000000001F
S31500032460B082040000000000B882040000000000EF
S31500032470C082040000000000C882040000000000BF
S31500032480D082040000000000D8820400000000008F
S31500032490E082040000000000E8820400000000005F
S315000324A0F082040000000000F8820400000000002F
S315000324B000830400000000000883040000000000FD
S315000324C010830400000000001883040000000000CD
S315000324D0208304000000000028830400000000009D
S315000324E0308304000000000038830400000000006D
S315000324F0408304000000000048830400000000003D
S31500032500508304000000000058830400000000000C
S3150003251060830400000000006883040000000000DC
S3150003252070830400000000007883040000000000AC
S31500032530808304000000000088830400000000007C
S31500032540908304000000000098830400000000004C
S31500032550A083040000000000A8830400000000001C
S31500032560B083040000000000B883040000000000EC
S31500032570C083040000000000C883040000000000BC
S31500032580D083040000000000D8830400000000008C
S31500032590E083040000000000E8830400000000005C
S315000325A0F083040000000000F8830400000000002C
S315000325B000840400000000000884040000000000FA
S315000325C010840400000000001884040000000000CA
S315000325D0208404000000000028840400000000009A
S315000325E0308404000000000038840400000000006A
S315000325F0408404000000000048840400000000003A
S315000326005084040000000000588404000000000009
S3150003261060840400000000006884040000000000D9
S3150003262070840400000000007884040000000000A9
S315000326308084040000000000888404000000000079
S315000326409084040000000000988404000000000049
S31500032650A084040000000000A88404000000000019
S31500032660B084040000000000C884040000000000D9
S31500032670D084040000000000D88404000000000099
S31500032680E084040000000000E88404000000000069
S31500032690F084040000000000F88404000000000039
S315000326A00085040000000000088504000000000007
S315000326B010850400000000001885040000000000D7
S315000326C020850400000000002885040000000000A7
S315000326D03085040000000000388504000000000077
S315000326E04085040000000000488504000000000047
S315000326F05085040000000000588504000000000017
S3150003270060850400000000006885040000000000E6
S3150003271070850400000000007885040000000000B6
S315000327208085040000000000888504000000000086
S315000327309085040000000000988504000000000056
S31500032740A085040000000000A88504000000000026
S31500032750B085040000000000B885040000000000F6
S31500032760C085040000000000C885040000000000C6
S31500032770D085040000000000D88504000000000096
S31500032780E085040000000000E88504000000000066
S31500032790F085040000000000F88504000000000036
S315000327A00086040000000000088604000000000004
S315000327B010860400000000001886040000000000D4
S315000327C020860400000000002886040000000000A4
S315000327D03086040000000000388604000000000074
S315000327E04086040000000000488604000000000044
S315000327F05086040000000000588604000000000014
S3150003280060860400000000006886040000000000E3
S3150003281070860400000000007886040000000000B3
S315000328208086040000000000888604000000000083
S315000328309086040000000000988604000000000053
S31500032840A086040000000000A88604000000000023
S31500032850B086040000000000B886040000000000F3
S31500032860C086040000000000C886040000000000C3
S31500032870D086040000000000D88604000000000093
S31500032880E086040000000000E88604000000000063
S31500032890F086040000000000F88604000000000033
S315000328A00087040000000000088704000000000001
S315000328B010870400000000001887040000000000D1
S315000328C020870400000000002887040000000000A1
S315000328D03087040000000000388704000000000071
S315000328E04087040000000000488704000000000041
S315000328F05087040000000000588704000000000011
S3150003290060870400000000006887040000000000E0
S3150003291070870400000000007887040000000000B0
S315000329208887040000000000908704000000000070
S31500032930102004000000000018200400000000001E
S31500032940C020040000000000E02004000000000096
S31500032950D020040000000000304204000000000004
S315000329603842040000000000804304000000000019
S3150003297070410400000000007841040000000000DC
S31500032980C0420400000000004040040000000000B4
S31500032990484004000000000000400400000000005E
S315000329A0084004000000000010400400000000007E
S315000329B0184004000000000020400400000000004E
S315000329C02840040000000000384004000000000016
S315000329D040400400000000004840040000000000DE
S315000329E050400400000000005840040000000000AE
S315000329F0604004000000000068400400000000007E
S31500032A00704004000000000078400400000000004D
S31500032A10804004000000000088400400000000001D
S31500032A20584104000000000060410400000000005B
S31500032A30684104000000000070410400000000002B
S31500032A4078410400000000008041040000000000FB
S31500032A5088410400000000009041040000000000CB
S31500032A609841040000000000A0410400000000009B
S31500032A70A841040000000000B0410400000000006B
S31500032A80B841040000000000C0410400000000003B
S31500032A90C841040000000000D0410400000000000B
S31500032AA0D841040000000000E041040000000000DB
S31500032AB0E841040000000000F041040000000000AB
S31500032AC0F84104000000000000420400000000007A
S31500032AD00842040000000000104204000000000049
S31500032AE01842040000000000204204000000000019
S31500032AF028420400000000003042040000000000E9
S31500032B0038420400000000004042040000000000B8
S31500032B104842040000000000504204000000000088
S31500032B205842040000000000604204000000000058
S31500032B306842040000000000704204000000000028
S31500032B4078420400000000008042040000000000F8
S31500032B508842040000000000A042040000000000B8
S31500032B60C042040000000000E04204000000000030
S31500032B70004304000000000020430400000000009E
S31500032B8060430400000000007022040000000000FF
S31500032B907822040000000000402704000000000023
S31500032BA0B822040000000000C02204000000000058
S31500032BB0C0270400000000000023040000000000FA
S31500032BC00823040000000000402804000000000061
S31500032BD04823040000000000502304000000000006
S31500032BE0C028040000000000D841040000000000D3
S31500032BF0E041040000000000E8410400000000007A
S31500032C0068850400000000007085040000000000D1
S31500032C107885040000000000908504000000000091
S31500032C209885040000000000A08504000000000051
S31500032C30A885040000000000B08504000000000021
S31500032C40B885040000000000C085040000000000F1
S31500032C50C885040000000000808504000000000011
S31500032C6088850400000000001860040000000000CE
S31500032C705040040000000000184204000000000059
S31500032C802042040000000000284204000000000067
S31500032C90B041040000000000B84104000000000039
S31500032CA00043040000000000784004000000000018
S31500032CB080400400000000005022040000000000D1
S31500032CC058220400000000006022040000000000F7
S31500032CD09822040000000000A02204000000000067
S31500032CE0A822040000000000E02204000000000007
S31500032CF0E822040000000000F022040000000000A7
S31500032D002823040000000000302304000000000014
S31500032D103823040000000000A08604000000000021
S31500032D20A886040000000000004404000000000020
S31500032D305841040000000000684104000000000040
S31500032D406041040000000000884004000000000009
S31500032D506040040000000000682104000000000039
S31500032D60702104000000000000260400000000009B
S31500032D7028210400000000003021040000000000A8
S31500032D800025040000000000C086040000000000C7
S31500032D90C88604000000000058400400000000003C
S31500032DA0704004000000000018400400000000000A
S31500032DB05842040000000000204004000000000008
S31500032DC0B086040000000000B8860400000000007E
S31500032DD0004504000000000050210400000000002C
S31500032DE058210400000000006021040000000000D8
S31500032DF09841040000000000A84104000000000000
S31500032E00A041040000000000904004000000000000
S31500032E101021040000000000182104000000000037
S31500032E202021040000000000282204000000000006
S31500032E303022040000000000C02604000000000049
S31500032E40684004000000000060C0040000000000A9
S31500032E5068C0040000000000A82104000000000070
S31500032E60B02104000000000040260400000000001A
S31500032E70E821040000000000F02104000000000027
S31500032E80802604000000000070C00400000000005B
S31500032E9078C004000000000080C0040000000000A9
S31500032EA088C004000000000090C004000000000079
S31500032EB098C0040000000000A0C004000000000049
S31500032EC0A8C0040000000000102204000000000057
S31500032ED01822040000000000202204000000000065
S31500032EE09021040000000000982104000000000067
S31500032EF0A021040000000000D0210400000000000F
S31500032F00D821040000000000E021040000000000B6
S31500032F10706C6174666F726D733A3A646172776945
S31500032F206E6E3A3A6472697665723A3A42697466C3
S31500032F3069656C643C4C53425F504F534954494F47
S31500032F404E2C204E554D5F424954533E2620706CFD
S31500032F506174666F726D733A3A64617277696E6E05
S31500032F603A3A6472697665723A3A42697466696591
S31500032F706C643C4C53425F504F534954494F4E2C5B
S31500032F80204E554D5F424954533E3A3A6F7065722F
S31500032F9061746F723D2875696E7436345F742920C7
S31500032FA05B7769746820696E74204C53425F504F97
S31500032FB0534954494F4E203D20303B20696E7420BF
S31500032FC04E554D5F42495453203D20373B2075698A
S31500032FD06E7436345F74203D206C6F6E67206C6FA1
S31500032FE06E6720756E7369676E656420696E745DBE
S31500032FF0002F636F72616C6D6963726F2F6C696208
S31500033000732F7470752F64617277696E6E2F647295
S31500033010697665722F6269746669656C642E6800E9
S315000330205553425F486F73744564676554707543BF
S315000330306F6E74726F6C206661696C65640D0A004D
S315000330404353525472616E7366657200257320642E
S3150003305069646E2774206765742073656D61706893
S315000330606F72650D0A005553425F486F737445646A
S31500033070676554707542756C6B4F757453656E64F2
S31500033080206661696C65640D0A0042756C6B4F7549
S31500033090745472616E73666572496E7465726E619D
S315000330A06C004261642042756C6B4F757454726197
S315000330B06E73666572496E7465726E616C0D0A0095
S315000330C05553425F486F7374456467655470754220
S315000330D0756C6B496E52656376206661696C6564CF
S315000330E00D0A0042756C6B496E5472616E736665A8
S315000330F072496E7465726E616C004261642042753A
S315000331006C6B496E5472616E73666572496E746553
S31500033110726E616C0D0A0057726974654865616465
S315000331206572206661696C65640D0A0042756C6B95
S315000331304F75745472616E73666572206661696C4D
S3150003314065640D0A00526561644576656E74206692
S3150003315061696C65640D0A002F636F72616C6D693A
S3150003316063726F2F6C6962732F7470752F65646752
S31500033170657470755F6472697665722E6363005752
S3150003318072697465363428636869705F636F6E6647
S3150003319069675F2E4765745363616C6172436F722F
S315000331A0654373724F66667365747328292E73635A
S315000331B0616C6172436F726552756E436F6E7472A2
S315000331C06F6C2C2072756E5F73746174655F7661C4
S315000331D06C756529005772697465363428636869A6
S315000331E0705F636F6E6669675F2E476574536361CD
S315000331F06C6172436F72654373724F66667365746F
S315000332007328292E617644617461506F7052756E0E
S31500033210436F6E74726F6C2C2072756E5F7374617C
S3150003322074655F76616C75652900577269746536D6
S315000332303428636869705F636F6E6669675F2E47DC
S3150003324065745363616C6172436F72654373724F46
S3150003325066667365747328292E706172616D657471
S315000332606572506F7052756E436F6E74726F6C2C0D
S315000332702072756E5F73746174655F76616C7565D4
S3150003328029005772697465363428636869705F6309
S315000332906F6E6669675F2E4765745363616C61720F
S315000332A0436F72654373724F666673657473282939
S315000332B02E696E6665656452756E436F6E74726FC2
S315000332C06C2C2072756E5F73746174655F76616CC6
S315000332D075652900577269746536342863686970A1
S315000332E05F636F6E6669675F2E4765745363616CD0
S315000332F06172436F72654373724F66667365747367
S3150003330028292E6F75746665656452756E436F6EF4
S3150003331074726F6C2C2072756E5F73746174655F63
S3150003332076616C756529005772697465363428634E
S315000333306869705F636F6E6669675F2E476574546D
S31500033340696C65436F6E6669674373724F6666732E
S3150003335065747328292E74696C65636F6E66696775
S31500033360302C2068656C7065722E72617728292966
S315000333700052656164363428636869705F636F6EF3
S315000333806669675F2E47657454696C65436F6E663D
S3150003339069674373724F66667365747328292E745F
S315000333A0696C65636F6E666967302C202674696C79
S315000333B065636F6E666967305F726567290057726A
S315000333C0697465363428636869705F636F6E66690E
S315000333D0675F2E47657454696C654373724F6666FF
S315000333E07365747328292E6F7052756E436F6E74EE
S315000333F0726F6C2C2072756E5F73746174655F7681
S31500033400616C75652900577269746536342863687B
S3150003341069705F636F6E6669675F2E47657454698B
S315000334206C654373724F66667365747328292E6ED3
S315000334306172726F77546F5769646552756E436F25
S315000334406E74726F6C2C2072756E5F737461746523
S315000334505F76616C75652900577269746536342821
S31500033460636869705F636F6E6669675F2E4765742D
S3150003347054696C654373724F666673657473282962
S315000334802E77696465546F4E6172726F7752756EEB
S31500033490436F6E74726F6C2C2072756E5F737461FA
S315000334A074655F76616C7565290057726974653654
S315000334B03428636869705F636F6E6669675F2E475A
S315000334C0657454696C654373724F6666736574738A
S315000334D028292E6D6573684275733052756E436F76
S315000334E06E74726F6C2C2072756E5F737461746583
S315000334F05F76616C75652900577269746536342881
S31500033500636869705F636F6E6669675F2E4765748C
S3150003351054696C654373724F6666736574732829C1
S315000335202E6D6573684275733152756E436F6E7493
S31500033530726F6C2C2072756E5F73746174655F763F
S31500033540616C75652900577269746536342863683A
S3150003355069705F636F6E6669675F2E47657454694A
S315000335606C654373724F66667365747328292E6D93
S315000335706573684275733252756E436F6E74726FFC
S315000335806C2C2072756E5F73746174655F76616C03
S3150003359075652900577269746536342863686970DE
S315000335A05F636F6E6669675F2E47657454696C6502
S315000335B04373724F66667365747328292E6D65733C
S315000335C0684275733352756E436F6E74726F6C2CEB
S315000335D02072756E5F73746174655F76616C756571
S315000335E029005772697465363428636869705F63A6
S315000335F06F6E6669675F2E47657454696C654373BE
S31500033600724F66667365747328292E72696E6742F4
S315000336107573436F6E73756D65723052756E436F56
S315000336206E74726F6C2C2072756E5F737461746541
S315000336305F76616C7565290057726974653634283F
S31500033640636869705F636F6E6669675F2E4765744B
S3150003365054696C654373724F666673657473282980
S315000336602E72696E67427573436F6E73756D6572FD
S315000336703152756E436F6E74726F6C2C2072756E59
S315000336805F73746174655F76616C75652900577243
S31500033690697465363428636869705F636F6E66693B
S315000336A0675F2E47657454696C654373724F66662C
S315000336B07365747328292E72696E67427573507227
S315000336C06F647563657252756E436F6E74726F6C59
S315000336D02C2072756E5F73746174655F76616C75A9
S315000336E065290052656164333228636869705F63D4
S315000336F06F6E6669675F2E476574417065784373BD
S31500033700724F66667365747328292E6F6D63305F17
S3150003371064632C20266F6D63305F64635F72656735
S315000337202900706C6174666F726D733A3A646172E4
S3150003373077696E6E3A3A6472697665723A3A4269A5
S31500033740746669656C643C4C53425F504F534954ED
S31500033750494F4E2C204E554D5F424954533E262029
S31500033760706C6174666F726D733A3A6461727769ED
S315000337706E6E3A3A6472697665723A3A426974666B
S3150003378069656C643C4C53425F504F534954494FEF
S315000337904E2C204E554D5F424954533E3A3A6F7074
S315000337A0657261746F723D2875696E7436345F7421
S315000337B029205B7769746820696E74204C53425FD5
S315000337C0504F534954494F4E203D2033313B2069D6
S315000337D06E74204E554D5F42495453203D20313B74
S315000337E02075696E7436345F74203D206C6F6E6786
S315000337F0206C6F6E6720756E7369676E65642069EA
S315000338006E745D00706C6174666F726D733A3A64C0
S31500033810617277696E6E3A3A6472697665723A3A9C
S315000338204269746669656C643C4C53425F504F53FE
S315000338304954494F4E2C204E554D5F424954533EF1
S315000338402620706C6174666F726D733A3A646172A6
S3150003385077696E6E3A3A6472697665723A3A426984
S31500033860746669656C643C4C53425F504F534954CC
S31500033870494F4E2C204E554D5F424954533E3A3ADA
S315000338806F70657261746F723D2875696E74363434
S315000338905F7429205B7769746820696E74204C53C2
S315000338A0425F504F534954494F4E203D2032383BD7
S315000338B020696E74204E554D5F42495453203D2076
S315000338C0323B2075696E7436345F74203D206C6F0D
S315000338D06E67206C6F6E6720756E7369676E6564BD
S315000338E020696E745D0052656164333228636869CA
S315000338F0705F636F6E6669675F2E476574417065B7
S31500033900784373724F66667365747328292E6F6DD9
S3150003391063305F30302C20266F6D63305F30305F4D
S3150003392072656729003078383941203D3D206F6D37
S3150003393063305F30302E636869705F6964282900DD
S315000339405772697465333228636869705F636F6E93
S315000339506669675F2E476574417065784373724F76
S3150003396066667365747328292E6F6D63305F303016
S315000339702C206F6D63305F30302E726177282929D2
S315000339800030784141203D3D206F6D63305F30301C
S315000339902E746573745F72656730282900526561FA
S315000339A064333228636869705F636F6E6669675F45
S315000339B02E4765745363754373724F6666736574F6
S315000339C07328292E7363755F6374726C5F302C20C2
S315000339D0267363755F6374726C5F305F7265672904
S315000339E0005772697465333228636869705F636F61
S315000339F06E6669675F2E4765745363754373724FCB
S31500033A0066667365747328292E7363755F637472B0
S31500033A106C5F302C207363755F6374726C5F302E3A
S31500033A2072617728292900526561643332286368F5
S31500033A3069705F636F6E6669675F2E47657453636C
S31500033A40754373724F66667365747328292E7363A1
S31500033A50755F6374726C5F322C20267363755F63C4
S31500033A6074726C5F325F7265672900577269746599
S31500033A70333228636869705F636F6E6669675F2EAA
S31500033A804765745363754373724F666673657473E0
S31500033A9028292E7363755F6374726C5F322C2073EF
S31500033AA063755F6374726C5F322E7261772829299E
S31500033AB00052656164333228636869705F636F6EB1
S31500033AC06669675F2E4765745363754373724F6602
S31500033AD0667365747328292E7363755F6374726CDA
S31500033AE05F332C20267363755F6374726C5F335F79
S31500033AF0726567290057726974653332286368698A
S31500033B00705F636F6E6669675F2E4765745363758F
S31500033B104373724F66667365747328292E736375D0
S31500033B205F6374726C5F332C207363755F637472A7
S31500033B306C5F332E72617728292900577269746581
S31500033B40333228636869705F636F6E6669675F2ED9
S31500033B5047657443624272696467654373724F666D
S31500033B60667365747328292E676362625F63726581
S31500033B70646974302C20307846290057726974655D
S31500033B80333228636869705F636F6E6669675F2E99
S31500033B9047657443624272696467654373724F662D
S31500033BA0667365747328292E676362625F63726541
S31500033BB0646974302C20307830290052656164368C
S31500033BC03428636869705F636F6E6669675F2E4743
S31500033BD065745363616C6172436F72654373724FAD
S31500033BE066667365747328292E7363616C61724309
S31500033BF06F726552756E436F6E74726F6C2C2026EE
S31500033C007363616C61725F636F72655F72756E5F1A
S31500033C10636F6E74726F6C290057726974653634FC
S31500033C2028636869705F636F6E6669675F2E4765B1
S31500033C30744D6973634373724F6666736574732851
S31500033C40292E69646C6552656769737465722C20E5
S31500033C5069646C655F7265672E726177282929002E
S31500033C605772697465363428636869705F636F6E6B
S31500033C706669675F2E47657454696C65436F6E6644
S31500033C8069674373724F66667365747328292E7466
S31500033C90696C65636F6E666967302C2074696C6541
S31500033CA05F636F6E6669672E7261772829290052F2
S31500033CB0656164363428636869705F636F6E66692D
S31500033CC0675F2E47657454696C65436F6E666967F3
S31500033CD04373724F66667365747328292E74696C11
S31500033CE065636F6E666967302C202674696C655F41
S31500033CF0636F6E6669675F726567290057726974D9
S31500033D0065363428636869705F636F6E6669675FDB
S31500033D102E47657454696C654373724F66667365A3
S31500033D20747328292E64656570536C6565702C2041
S31500033D30646565705F736C6565705F7265672E7227
S31500033D4061772829290057726974653634286368B0
S31500033D5069705F636F6E6669675F2E476574557337
S31500033D60624373724F66667365747328292E64659E
S31500033D707363725F65702C20307846302900577262
S31500033D80697465363428636869705F636F6E666944
S31500033D90675F2E4765745573624373724F66667326
S31500033DA065747328292E6D756C74695F626F5F6520
S31500033DB0702C20302900577269746536342863687D
S31500033DC069705F636F6E6669675F2E4765745573C7
S31500033DD0624373724F66667365747328292E6F7513
S31500033DE074666565645F6368756E6B5F6C656E6745
S31500033DF074682C203078323029005265616433327E
S31500033E0028636869705F636F6E6669675F2E4765CF
S31500033E1074417065784373724F666673657473286D
S31500033E20292E6F6D63305F64302C20266F6D6330EF
S31500033E305F64305F72656729005772697465333250
S31500033E4028636869705F636F6E6669675F2E47658F
S31500033E5074417065784373724F666673657473282D
S31500033E60292E6F6D63305F64302C206F6D63305F76
S31500033E7064302E72617728292900526561643332D2
S31500033E8028636869705F636F6E6669675F2E47654F
S31500033E9074417065784373724F66667365747328ED
S31500033EA0292E6F6D63305F64382C20266F6D633067
S31500033EB05F64385F726567290057726974653332C8
S31500033EC028636869705F636F6E6669675F2E47650F
S31500033ED074417065784373724F66667365747328AD
S31500033EE0292E6F6D63305F64382C206F6D63305FEE
S31500033EF064382E72617728292900577269746533ED
S31500033F003228636869705F636F6E6669675F2E4701
S31500033F106574417065784373724F6666736574732F
S31500033F2028292E6F6D63305F64632C206F6D6330B9
S31500033F305F64632E72617728292900446F52756E78
S31500033F40436F6E74726F6C28706C6174666F726DFA
S31500033F50733A3A64617277696E6E3A3A6472697655
S31500033F6065723A3A52756E436F6E74726F6C3A3A73
S31500033F706B4D6F7665546F52756E29000000000015
S31500033F800000000003C0010055C0010005C0010088
S31500033F90FDBF0100BDC0010015C001000BC001003B
S31500033FA0496E76616C696420446174615479706505
S31500033FB02070617373656420746F2054656E736F2C
S31500033FC072446174615479706553697A6528292E40
S31500033FD00050726F76696465642062756666657201
S31500033FE02073697A65206973206C6573732074681E
S31500033FF0616E2061637475616C2073697A655F62B3
S31500034000797465732E00666C617462756666657293
S31500034010733A3A566563746F723C543E3A3A726524
S315000340207475726E5F7479706520666C61746275FF
S3150003403066666572733A3A566563746F723C543EAC
S315000340403A3A47657428666C61746275666665728A
S31500034050733A3A756F66667365745F742920636F86
S315000340606E7374205B776974682054203D206C6FEF
S315000340706E6720696E743B20666C61746275666652
S315000340806572733A3A566563746F723C543E3A3AB4
S3150003409072657475726E5F74797065203D206C6FFE
S315000340A06E6720696E743B20666C61746275666622
S315000340B06572733A3A756F66667365745F74203D0D
S315000340C0206C6F6E6720756E7369676E6564206911
S315000340D06E745D0045786563757461626C65206412
S315000340E06F6573206E6F742068617665206F7574D3
S315000340F0707574206C617965722025730D0A006DE5
S3150003410061703A3A617400666C61746275666665DD
S3150003411072733A3A566563746F723C543E3A3A7216
S31500034120657475726E5F7479706520666C6174620E
S315000341307566666572733A3A566563746F723C5474
S315000341403E3A3A47657428666C61746275666665BD
S3150003415072733A3A756F66667365745F7429206382
S315000341606F6E7374205B776974682054203D2066F4
S315000341706C6174627566666572733A3A4F66667306
S3150003418065743C706C6174666F726D733A3A646100
S315000341907277696E6E3A3A496E73747275637469AF
S315000341A06F6E42697473747265616D3E3B20666C13
S315000341B06174627566666572733A3A566563746FBF
S315000341C0723C543E3A3A72657475726E5F747970D6
S315000341D065203D20636F6E737420706C6174666F27
S315000341E0726D733A3A64617277696E6E3A3A496EE2
S315000341F0737472756374696F6E42697473747265EE
S31500034200616D2A3B20666C617462756666657273BE
S315000342103A3A756F66667365745F74203D206C6FFA
S315000342206E6720756E7369676E656420696E745D6B
S3150003423000666C6174627566666572733A3A5665B2
S3150003424063746F723C543E3A3A72657475726E5F6C
S315000342507479706520666C617462756666657273DF
S315000342603A3A566563746F723C543E3A3A476574FC
S3150003427028666C6174627566666572733A3A756F21
S3150003428066667365745F742920636F6E7374205B4F
S31500034290776974682054203D20666C617462756684
S315000342A0666572733A3A4F66667365743C706C6101
S315000342B074666F726D733A3A64617277696E6E3AB9
S315000342C03A4C617965723E3B20666C617462756631
S315000342D0666572733A3A566563746F723C543E3A36
S315000342E03A72657475726E5F74797065203D2063EA
S315000342F06F6E737420706C6174666F726D733A3A85
S3150003430064617277696E6E3A3A4C617965722A3BDB
S3150003431020666C6174627566666572733A3A756F88
S3150003432066667365745F74203D206C6F6E672075D7
S315000343306E7369676E656420696E745D00457865A2
S3150003434063757461626C6520646F6573206E6F7448
S3150003435020686176652062756666657220666F728F
S315000343602025730D0A00557362486F737454617385
S315000343706B002F636F72616C6D6963726F2F6C696B
S3150003438062732F7573622F7573625F686F73745FE1
S315000343907461736B2E636300785461736B43726548
S315000343A061746528557362486F73745461736B3A0D
S315000343B03A5374617469635461736B4D61696E2C0E
S315000343C02022557362486F73745461736B222C20D9
S315000343D0636F6E6669674D494E494D414C5F535451
S315000343E041434B5F53495A45202A2031302C2074D0
S315000343F06869732C206B557362486F7374546173C9
S315000344006B5072696F726974792C206E756C6C705F
S31500034410747229203D3D2070645041535300555317
S31500034420425F486F7374496E6974206661696C658F
S31500034430640D0A006C66732D3E6366672D3E7265D6
S3150003444061645F73697A6520213D2030002F636FB5
S3150003445072616C6D6963726F2F74686972645F70E1
S31500034460617274792F6E78702F7274313137362DED
S3150003447073646B2F6D6964646C65776172652F6C09
S315000344806974746C6566732F6C66732E63006C6651
S31500034490732D3E6366672D3E70726F675F73697A2D
S315000344A06520213D2030006C66732D3E6366672DC3
S315000344B03E63616368655F73697A6520213D2030D9
S315000344C0006C66732D3E6366672D3E6361636865A4
S315000344D05F73697A652025206C66732D3E63666774
S315000344E02D3E726561645F73697A65203D3D2030B8
S315000344F0006C66732D3E6366672D3E636163686574
S315000345005F73697A652025206C66732D3E63666743
S315000345102D3E70726F675F73697A65203D3D20306B
S31500034520006C66732D3E6366672D3E626C6F636B2C
S315000345305F73697A652025206C66732D3E63666713
S315000345402D3E63616368655F73697A65203D3D202F
S315000345503000342A6C66735F6E7077322830786663
S3150003456066666666666666202F20286C66732D3E31
S315000345706366672D3E626C6F636B5F73697A652D45
S31500034580322A342929203C3D206C66732D3E63660E
S31500034590672D3E626C6F636B5F73697A65006C6649
S315000345A0732D3E6366672D3E626C6F636B5F637943
S315000345B0636C657320213D2030006C66732D3E636A
S315000345C066672D3E6C6F6F6B61686561645F7369C7
S315000345D07A65203E2030006C66732D3E6366672D38
S315000345E03E6C6F6F6B61686561645F73697A6520A2
S315000345F0252038203D3D2030202626202875696E4B
S31500034600747074725F74296C66732D3E6366672DCE
S315000346103E6C6F6F6B61686561645F627566666544
S315000346207220252034203D3D2030006C66732D3EDC
S315000346306366672D3E6E616D655F6D6178203C3DF7
S3150003464020323535006C66732D3E6366672D3E66F4
S31500034650696C655F6D6178203C3D203231343734B7
S315000346603833363437006C66732D3E6366672D3EEA
S31500034670617474725F6D6178203C3D203130323253
S31500034680006C66732D3E6366672D3E6D65746164CB
S315000346906174615F6D6178203C3D206C66732D3ECD
S315000346A06366672D3E626C6F636B5F73697A650041
S315000346B0657272203C3D2030006C66735F746167DF
S315000346C05F73697A65286C66732D3E6773746174CC
S315000346D0652E74616729203E2030207C7C206F7212
S315000346E07068616E73203E3D2030002F0025733ABB
S315000346F025643A6572726F723A20436F72727570EF
S315000347007465642064697220706169722061742023
S315000347107B3078256C782C203078256C787D257352
S315000347200A002E2E007063616368652D3E626C6F0E
S31500034730636B203C206C66732D3E6366672D3E6279
S315000347406C6F636B5F636F756E7400626C6F636B24
S31500034750203D3D2028286C66735F626C6F636B5F38
S3150003476074292D3229207C7C20626C6F636B203C7C
S31500034770206C66732D3E6366672D3E626C6F636BBA
S315000347805F636F756E74006F6666202B2073697A9C
S3150003479065203C3D206C66732D3E6366672D3E6245
S315000347A06C6F636B5F73697A6500706361636865D9
S315000347B02D3E626C6F636B203D3D2028286C66732B
S315000347C05F626C6F636B5F74292D31290025733A21
S315000347D025643A6572726F723A204E6F206D6F725E
S315000347E065206672656520737061636520256C7547
S315000347F025730A0025733A25643A64656275673A38
S315000348002042616420626C6F636B20617420307890
S31500034810256C7825730A002866696C652D3E666CDF
S315000348206167732026204C46535F4F5F57524F4EA6
S315000348304C5929203D3D204C46535F4F5F57524FFD
S315000348404E4C59002866696C652D3E666C6167732C
S315000348502026204C46535F4F5F52444F4E4C5929F6
S31500034860203D3D204C46535F4F5F52444F4E4C59BB
S31500034870006469722D3E636F756E74203E203000AE
S31500034880636F6D6D69742E6F66662025206C667383
S315000348902D3E6366672D3E70726F675F73697A6537
S315000348A0203D3D20300025733A25643A64656275E0
S315000348B0673A20457870616E64696E672073757018
S315000348C06572626C6F636B20617420726576202556
S315000348D06C7525730A0025733A25643A7761726EFF
S315000348E03A205375706572626C6F636B203078255E
S315000348F06C7820686173206265636F6D6520756EE1
S315000349007772697461626C6525730A0025733A25AB
S31500034910643A64656275673A20466978696E67200A
S315000349206D6F7665207768696C652072656C6F6359
S315000349306174696E67207B3078256C782C2030781B
S31500034940256C787D2030782568780A25730A00253A
S31500034950733A25643A64656275673A2052656C6FEB
S31500034960636174696E67207B3078256C782C203000
S3150003497078256C787D202D3E207B3078256C782C2D
S31500034980203078256C787D25730A0025733A2564D3
S315000349903A64656275673A20466978696E67206D81
S315000349A06F7665207B3078256C782C203078256CE3
S315000349B0787D20307825687825730A0025733A2593
S315000349C0643A64656275673A20466978696E67205A
S315000349D06F727068616E207B3078256C782C20307E
S315000349E078256C787D25730A0025733A25643A6425
S315000349F0656275673A20466978696E672068616CF7
S31500034A00662D6F727068616E207B3078256C782C0A
S31500034A10203078256C787D202D3E207B3078256CE0
S31500034A20782C203078256C787D25730A006C6974A0
S31500034A30746C6566730025733A25643A6572726F02
S31500034A40723A20496E76616C696420766572736981
S31500034A506F6E20762568752E25687525730A0025E1
S31500034A60733A25643A6572726F723A20556E73759E
S31500034A7070706F72746564206E616D655F6D6178C9
S31500034A802028256C75203E20256C752925730A0080
S31500034A9025733A25643A6572726F723A20556E73BE
S31500034AA07570706F727465642066696C655F6D619D
S31500034AB0782028256C75203E20256C752925730AD8
S31500034AC00025733A25643A6572726F723A20556E01
S31500034AD0737570706F7274656420617474725F6D40
S31500034AE061782028256C75203E20256C7529257351
S31500034AF00A0025733A25643A64656275673A204667
S31500034B006F756E642070656E64696E672067737473
S31500034B106174652030782530386C782530386C78A8
S31500034B202530386C7825730A00216C66735F6D6CCB
S31500034B306973745F69736F70656E286C66732D3E57
S31500034B406D6C6973742C2028737472756374206C8E
S31500034B5066735F6D6C6973742A2966696C652900CF
S31500034B606C66735F62645F72656164006C66735F33
S31500034B7062645F666C757368006C66735F62645F1C
S31500034B8073796E63006C66735F62645F70726F67DE
S31500034B90006C66735F62645F6572617365006C6661
S31500034BA0735F6469725F636F6D70616374006C66D3
S31500034BB0735F6469725F636F6D6D6974006C6673AE
S31500034BC05F66696C655F72617772656164006C66C6
S31500034BD0735F66696C655F72617777726974650086
S31500034BE06C66735F696E6974006C66735F66735F88
S31500034BF0707265706F727068616E73006C66735F56
S31500034C0066696C655F6F70656E006C66735F666977
S31500034C106C655F636C6F7365006C66735F66696C66
S31500034C20655F72656164006C66735F66696C655F78
S31500034C3073697A65000000000000000000000000B0
S31500034C4000000000000000006410B71DC8206E3B82
S31500034C50AC30D9269041DC76F4516B6B5861B24D7A
S31500034C603C7105502083B8ED44930FF0E8A3D6D6E4
S31500034C708CB361CBB0C2649BD4D2D38678E20AA04C
S31500034C801CF2BDBD2F636F72616C6D6963726F2F0A
S31500034C906C6962732F706D69632F706D69632E6320
S31500034CA0630052656164287265672C202676616C01
S31500034CB029005772697465287265672C2076616CC2
S31500034CC029005265616428506D696352656769738B
S31500034CD0746572733A3A6B44657669636549642C05
S31500034CE020266465766963655F69642900706D696A
S31500034CF0635F7461736B0000000000000000000036
S31500034D0025530100715C0100A91302005D13020023
S31500034D10411602004572726F72207768656E2063D2
S31500034D206C6F73696E6720706970650D0A00537442
S31500034D3031395F53705F6D616B655F73686172656F
S31500034D40645F746167000000AC4E03002E4D0300E0
S31500034D506E6F7420656E6F75676820737061636527
S31500034D6020666F7220666F726D617420657870615C
S31500034D706E73696F6E2028506C6561736520737559
S31500034D80626D69742066756C6C2062756720726546
S31500034D90706F72742061742068747470733A2F2F65
S31500034DA06763632E676E752E6F72672F62756773FF
S31500034DB02F293A0A20202020003031323334353669
S31500034DC03738390062617369635F737472696E673A
S31500034DD03A3A5F4D5F6372656174650025733A20E5
S31500034DE05F5F706F73202877686963682069732033
S31500034DF0257A7529203E20746869732D3E73697A76
S31500034E006528292028776869636820697320257ACD
S31500034E1075290062617369635F737472696E673AB9
S31500034E203A5F4D5F7265706C6163655F61757800AB
S31500034E3062617369635F737472696E673A3A726526
S31500034E40706C6163650062617369635F7374726931
S31500034E506E673A3A5F4D5F7265706C6163650062B7
S31500034E60617369635F737472696E673A3A617070EE
S31500034E70656E64000C4F0300804E0300304F030041
S31500034E804E31305F5F637878616269763131375FBF
S31500034E905F636C6173735F747970655F696E666F68
S31500034EA04500000000000000744E0300D1710200AB
S31500034EB0E5710200AD730200AD7302004F7202008A
S31500034EC09171020037720200F9710200C571020086
S31500034ED00C4F0300DC4E0300744E03004E31305F6B
S31500034EE05F637878616269763132305F5F73695FD9
S31500034EF0636C6173735F747970655F696E666F4522
S31500034F000000000000000000D04E0300AD72020056
S31500034F10C1720200AD730200AD7302004F7202004C
S31500034F2091710200817302000D730200D5720200B3
S31500034F30AC4E0300384F0300537439747970655FC0
S31500034F40696E666F00000000FE822B654715674099
S31500034F5000000000000038430000FAFE422E76BF30
S31500034F603A3B9EBC9AF70CBDBDFDFFFFFFFFDF3F3B
S31500034F703C5455555555C53F912B17CF5555A53F10
S31500034F8017D0A4671111813F000000000000C8423A
S31500034F90EF39FAFE422EE63F24C482FFBDBFCE3F61
S31500034FA0B5F40CD7086BAC3FCC5046D2ABB2833FBB
S31500034FB0843A4E9BE0D7553F0000000000000000F6
S31500034FC0000000000000F03F6EBF881A4F3B9B3C79
S31500034FD03533FBA93DF6EF3F5DDCD89C136071BC0E
S31500034FE06180773E9AECEF3FD16687107A5E90BC7C
S31500034FF0857F6EE815E3EF3F13F6673552D28C3C97
S31500035000748515D3B0D9EF3FFA8EF92380CE8BBCC6
S31500035010DEF6DD296BD0EF3F61C8E6614EF7603CF3
S31500035020C89B751845C7EF3F99D3335BE4A3903C00
S3150003503083F3C6CA3EBEEF3F6D7B835DA69A973C5C
S315000350400F89F96C58B5EF3FFCEFFD921AB58E3C0C
S31500035050F747722B92ACEF3FD19C2F703DBE3E3C7F
S31500035060A2D1D332ECA3EF3F0B6E908934036ABC13
S315000350701BD3FEAF669BEF3F0EBD2F2A525695BC40
S31500035080515B12D00193EF3F55EA4E8CEF8050BC33
S31500035090CC316CC0BD8AEF3F16F4D5B923C991BC98
S315000350A0E02DA9AE9A82EF3FAF555CE9E3D3803C8E
S315000350B0518EA5C8987AEF3F4893A5EA151B80BC85
S315000350C07B517D3CB872EF3F3D32DE55F01F8FBCFE
S315000350D0EA8D8C38F96AEF3FBF53133F8C898B3CBB
S315000350E075CB6FEB5B63EF3F26EB11769CD996BCD2
S315000350F0D45C0484E05BEF3F602F3A3EF7EC9A3CC6
S31500035100AAB968318754EF3F9D3886CB82E78FBCB7
S315000351101DD9FC22504DEF3F8DC3A644416F8A3CF7
S31500035120D68C62883B46EF3F7D04E4B0057A803C2B
S3150003513096DC7D91493FEF3F94A8A8E3FD8E963C0C
S315000351403862756E7A38EF3F7D4874F2185E873C95
S315000351503FA6B24FCE31EF3FF2E71F982B47803C75
S31500035160DD7CE265452BEF3F5E08713F7BB896BC5D
S315000351708163F5E1DF24EF3F31AB096DE1F7823C53
S31500035180E1DE1FF59D1EEF3FFABF6F1A9B213DBC63
S3150003519090D9DAD07F18EF3FB40A0C7282378B3C72
S315000351A00B03E4A68512EF3F8FCBCE8992146E3C98
S315000351B0562F3EA9AF0CEF3FB6ABB04D754D833CB2
S315000351C015B7310AFE06EF3F4C74ACE20142863C4A
S315000351D031D84CFC7001EF3F4AF8D35D39DD8F3C83
S315000351E0FF1664B208FCEE3F045B8E3B80A386BCCD
S315000351F0F19F925FC5F6EE3F68504BCCED4A92BCE9
S31500035200CBA93A37A7F1EE3F8E2D511BF80799BC70
S3150003521066D8056DAEECEE3FD236943EE8D171BC4E
S31500035220F79FE534DBE7EE3F151BCEB3191999BC9F
S31500035230E5A813C32DE3EE3F6D4C2AA7489F853C93
S315000352402234124CA6DEEE3F8A69287A601293BC9A
S315000352501C80AC0445DAEE3F5B8917488FA758BC20
S315000352602A2EF7210AD6EE3F1B9A49679B2C7CBC54
S3150003527097A850D9F5D1EE3F11ACC260ED63433C1C
S315000352802D89616008CEEE3FEF64063B0966963CC6
S3150003529057001DED41CAEE3F7903A1DAE1CC6E3C1E
S315000352A0D03CC1B5A2C6EE3F30120F3F8EFF933CF2
S315000352B0DED3D7F02AC3EE3FB0AF7ABBCE90763CAF
S315000352C0272A36D5DABFEE3F77E054EBBD1D933C74
S315000352D00DDDFD99B2BCEE3F8EA3710034948FBCF5
S315000352E0A72C9D76B2B9EE3F49A393DCCCDE87BCEF
S315000352F04266CFA2DAB6EE3F5F380FBDC6DE78BC94
S31500035300824F9D562BB4EE3FF65C7BEC461286BC71
S315000353100F925DCAA4B1EE3F8ED7FD180535933CB7
S31500035320DA27B53647AFEE3F059B8A2FB7987B3C06
S31500035330FDC797D412ADEE3F09541CE2E163903CDE
S31500035340295448DD07ABEE3FEAC6195085C7343CFE
S31500035350B746598A26A9EE3F35C0642BE632943CFC
S315000353604821AD156FA7EE3F9F7699614AE48CBC41
S3150003537009DC76B9E1A5EE3FA84DEF3BC5338CBCFE
S3150003538085553AB07EA4EE3FAEE92B89785384BCAB
S3150003539020C3CC3446A3EE3F58585678DDCE93BC93
S315000353A02522558238A2EE3F64197E80AA10573C07
S315000353B073A94CD455A1EE3F28225EBFEFB393BC2D
S315000353C0CD3B7F669EA0EE3F82B93487AD126ABCA1
S315000353D0BFDA0B7512A0EE3FEEA96DB8EF6763BC9B
S315000353E02F1A653CB29FEE3F5188E0543DDC80BCEA
S315000353F0849451F97D9FEE3FCF3E5A7E641F78BC5D
S31500035400745FECE8759FEE3FB07D8BC04AEE86BCB9
S315000354107481A5489A9FEE3F8AE6551E321986BCCB
S31500035420C9674256EB9FEE3FD3D4095ECB9C903CB3
S315000354303F5DDE4F69A0EE3F1DA54DB9DC327BBC57
S315000354408701EB7314A1EE3F6BC06754FDEC943CEC
S3150003545032C13001EDA1EE3F556CD6ABE1EB653CB5
S31500035460624ECF36F3A2EE3F42CFB32FC5A188BC1F
S31500035470121A3E5427A4EE3F34373BF1B66993BC68
S3150003548013CE4C9989A5EE3F1EFF193A845E80BC64
S31500035490ADC723461AA7EE3F6E5772D850D494BCB5
S315000354A0ED92449BD9A8EE3F008A0E5B67AD903C14
S315000354B099668AD9C7AAEE3FB4EAF0C12FB78D3CE5
S315000354C0DBA02A42E5ACEE3FFFE7C59C60B665BCB0
S315000354D08C44B51632AFEE3F445FF35983F67B3CFB
S315000354E036771599AEB1EE3F833D1EA71F0993BCD0
S315000354F0C6FF910B5BB4EE3F291E6C8BB8A95DBC4E
S31500035500E5C5CDB037B7EE3F59B9907CF9236CBCEE
S315000355100F52C8CB44BAEE3FAAF9F422434392BCD6
S31500035520504EDE9F82BDEE3F4B8E66D76CCA85BC5E
S31500035530BA07CA70F1C0EE3F27CE912BFCAF713C80
S3150003554090F0A38291C4EE3FBB730AE135D26D3C62
S315000355502323E31963C8EE3F6322622204C587BC93
S3150003556065E55D7B66CCEE3FD531E2E3861C8B3C7D
S31500035570332D4AEC9BD0EE3F15BBBCD3D1BB91BCBC
S315000355805D253EB203D5EE3FD231EE9C31CC903C45
S3150003559058B330139ED9EE3FB35A736E8469843C75
S315000355A0BFFD79556BDEEE3FB49D8E97CDDF82BC92
S315000355B07AF3D3BF6BE3EE3F8733CB92771A8C3CF8
S315000355C0ADD35A999FE8EE3FFAD9D14A8F7B90BC67
S315000355D066B68D2907EEEE3FBAAEDC56D9C355BC87
S315000355E0FB154FB8A2F3EE3F40F6A63D0EA490BCC2
S315000355F03A59E58D72F9EE3F3493AD38F4D668BC6B
S31500035600475EFBF276FFEE3F358A586BE2EE91BCBE
S315000356104A06A130B005EF3FCDDD5F0AD7FF743CE4
S31500035620D2C14B901E0CEF3FAC9892FAFBBD91BCD6
S31500035630091ED75BC212EF3FB30CAF30AE6E733C9D
S315000356409C5285DD9B19EF3F94FD9F5C32E38E3CB4
S315000356507AD0FF5FAB20EF3FAC5909D18FE0843C92
S315000356604BD1572EF127EF3F671A4E38AFCD633C28
S31500035670B5E706946D2FEF3F6819926C2C6B673C68
S315000356806990EFDC2037EF3FD2B5CC83188A80BC14
S31500035690FAC35D550B3FEF3F6FFAFF3F5DAD8FBC1E
S315000356A07C89074A2D47EF3F49A97538AE0D90BC53
S315000356B0F2890D08874FEF3FA7073DA685A3743CE4
S315000356C087A4FBDC1858EF3F0F2240209E9182BC33
S315000356D09883C916E360EF3FAC92C1D5505A8E3C0E
S315000356E08532DB03E669EF3F4B6B01AC593A843CE9
S315000356F060B401F32173EF3F1F3EB40721D582BC8B
S315000357005F9B7B33977CEF3FC90D473BB92A89BC27
S3150003571029A1F5144686EF3FD3883A6004B6743C54
S31500035720F63F8BE72E90EF3F71729D51ECC5833C9C
S31500035730834CC7FB519AEF3FF091D38F12F78FBC7F
S31500035740DA90A4A2AFA4EF3F7D7423E298AE8DBC9A
S31500035750F1678E2D48AFEF3F0820AA41BCC38E3CAC
S31500035760275A61EE1BBAEF3F32EBA9C3942B843C55
S3150003577097BA6B372BC5EF3FEE85D131A9648A3CC7
S3150003578040456E5B76D0EF3FEDE33BE4BA378EBC24
S3150003579014BE9CADFDDBEF3F9DCD914D3B89773C20
S315000357A0D8909E81C1E7EF3F89CC6041C105533C48
S315000357B0F1718F2BC2F3EF3F2C2066756E6374690C
S315000357C06F6E3A2000617373657274696F6E20227F
S315000357D0257322206661696C65643A2066696C6587
S315000357E020222573222C206C696E6520256425737F
S315000357F025730A000020202020202020202028288E
S315000358002828282020202020202020202020202077
S3150003581020202020208810101010101010101010B7
S3150003582010101010100404040404040404040410E7
S315000358301010101010104141414141410101010175
S31500035840010101010101010101010101010101013F
S31500035850101010101010424242424242020202024B
S31500035860020202020202020202020202020202020F
S3150003587010101010200000000000000000000000BF
S31500035880000000000000000000000000000000000F
S3150003589000000000000000000000000000000000FF
S315000358A000000000000000000000000000000000EF
S315000358B000000000000000000000000000000000DF
S315000358C000000000000000000000000000000000CF
S315000358D000000000000000000000000000000000BF
S315000358E000000000000000000000000000000000AF
S315000358F0000000000000000000000000000000009F
S31500035900000000000000000000000000000000008E
S31500035910000000000000000000000000000000007E
S31500035920000000000000000000000000000000006E
S31500035930000000000000000000000000000000005E
S31500035940000000000000000000000000000000004E
S315000359500000000000000000CCAA0020232D302BFD
S315000359602000686C4C0065666745464700494E460D
S3150003597000696E66004E414E006E616E0030313234
S31500035980333435363738394142434445460030319E
S3150003599032333435363738396162636465660000FD
S315000359A035000000CEFBFFFFCB0300000100000023
S315000359B00000000034000000CEFBFFFFCB03000015
S315000359C00100000000000000BC89D897B2D29C3CBD
S315000359D033A7A8D523F649393DA7F444FD0FA532CD
S315000359E09D978CCF08BA5B25436FAC642806681174
S315000359F0496E66696E697479004E614E005245457B
S31500035A004E54206D616C6C6F6320737563636565BB
S31500035A10646564002F6D6E742F776F726B7370619C
S31500035A2063652F776F726B73706163652F474343AB
S31500035A302D392D706970656C696E652F6A656E6B9D
S31500035A40696E732D4743432D392D706970656C69F3
S31500035A506E652D3230305F32303230303532315F61
S31500035A60313539303035333337342F7372632F6E14
S31500035A7065776C69622F6E65776C69622F6C6962F4
S31500035A80632F7374646C69622F64746F612E630091
S31500035A9042616C6C6F6320737563636565646564EB
S31500035AA0002F6D6E742F776F726B73706163652F42
S31500035AB0776F726B73706163652F4743432D392D7F
S31500035AC0706970656C696E652F6A656E6B696E7356
S31500035AD02D4743432D392D706970656C696E652DAD
S31500035AE03230305F32303230303532315F31353932
S31500035AF0303035333337342F7372632F6E65776CDB
S31500035B0069622F6E65776C69622F6C6962632F73A6
S31500035B1074646C69622F6764746F612D676574685A
S31500035B2065782E6300000000CF3F0300BB1103001E
S31500035B302CAB00204300504F534958002F6D6E7411
S31500035B402F776F726B73706163652F776F726B73E9
S31500035B50706163652F4743432D392D706970656CFA
S31500035B60696E652F6A656E6B696E732D4743432DA8
S31500035B70392D706970656C696E652D3230305F3210
S31500035B80303230303532315F3135393030353333B9
S31500035B9037342F7372632F6E65776C69622F6E6568
S31500035BA0776C69622F6C6962632F7374646C6962C4
S31500035BB02F6D707265632E63000000000000000005
S31500035BC00080E03779C34143176E05B5B5B89346F0
S31500035BD0F5F93FE9034F384D321D30F94877825ABC
S31500035BE03CBF737FDD4F1575000000000000F03FDA
S31500035BF0000000000000244000000000000059409F
S31500035C000000000000408F40000000000088C340F1
S31500035C1000000000006AF8400000000080842E4166
S31500035C2000000000D01263410000000084D79741B2
S31500035C300000000065CDCD41000000205FA00242B8
S31500035C40000000E876483742000000A2941A6D422D
S31500035C50000040E59C30A2420000901EC4BCD64220
S31500035C6000003426F56B0C430080E03779C34143CB
S31500035C7000A0D8855734764300C84E676DC1AB4341
S31500035C80003D9160E458E143408CB5781DAF15445F
S31500035C9050EFE2D6E41A4B4492D54D06CFF080443A
S31500035CA0F64AE1C7022DB544B49DD9794378EA444F
S31500035CB005000000190000007D000000F8B500BFD4
S31500035CC0F8BC08BC9E467047F8B500BFF8BC08BCD4
S31500035CD09E467047000000005FF800F011DF2420A5
S31500035CE05FF800F0151324205FF800F089052520DE
S31500035CF05FF800F0710224205FF800F0CD32242013
S31500035D005FF800F0A50525205FF800F0791524203B
S31500035D105FF800F0850525205FF800F0652A252049
S31500035D205FF800F075CE24205FF800F021362420BA
S31500035D305FF800F029ED24205FF800F075E62420D3
S31500035D405FF800F0551324205FF800F0F1112520C9
S31500035D505FF800F0051524205FF800F059B42420FD
S31500035D605FF800F011BF24205FF800F0952B252083
S31500035D705FF800F0B92125205FF800F04D2B2520B0
S31500035D805FF800F005DA24205FF800F081D72420BD
S31500035D905FF800F00D2E25205FF800F06D15242026
S31500035DA05FF800F0551824205FF800F03D24242006
S31500035DB05FF800F075F224205FF800F0A536242082
S31500035DC05FF800F095E624205FF800F0E52F252024
S30D00035DD070AEFC7F0100000028
S31500035DD8250C0000A15C0100617001005D770100DC
S30900035DE87D7C0100B4
S30900035DEC010C00009D
S31500035DF00000000000A4781FAAAAAAAA0000008037
S31500035E000000000101000001000000000001000085
S31500035E10010000010000000004010000000003016E
S31500035E200000010000010100010000010100010161
S31500035E300001010000000000000000000000000057
S31500035E400000000000000000000000000000000049
S31500035E500000000000000000000000000000000039
S31500035E60EFBEADDEEFBEADDE021E570214FAC22F41
S31500035E70C231C2232212246822FFFF020016C0E0A9
S31500035E80C0F0C083C082C0D075D000C000C001C0BE
S31500035E9002C003C004C005C006C0077F187E801277
S31500035EA027BD8F358E348D338C32E4FFFEFDE5320C
S31500035EB05404FC70030200F8303005C2300200F8C7
S31500035EC02033030200EBC233302269C2AF122676B7
S31500035ED0A2AF9224C2AF908000E4F0A37480F0A333
S31500035EE0E4F0A3F0A22492AF9001B8121A80000046
S31500035EF000007FA07EBB7D0D7C009001B8E0F8A377
S31500035F00E0F9A3E0FAA3E0FBC3121A25502190019E
S31500035F10B8E0FCA3E0FDA3E0FEA3E02401FFE43E1A
S31500035F20FEE43DFDE43CFC9001B8121A5B80C3120B
S31500035F3028E0802CC2AF85354585344485334385B7
S31500035F4032427F187E8012273FE4FF12122D122958
S31500035F506A800D7F0112122D122676120006D22AAE
S31500035F60E535540CFFE4FEE5335404FDE4FCED4F44
S31500035F706002D22AAF35AE34AD33AC32EC4D4E4F60
S31500035F80600F8F458E448D438C427F187E80122787
S31500035F903F90801CE0F536908040E0F537908042D4
S31500035FA0E0F538E53720E103020212A2AF9224C2DC
S31500035FB0AF90801C7401F0A3E4F0A3F0A3F0A22435
S31500035FC092AF90802DE0FF1313543F1392349080C9
S31500035FD02CE0F539A2AF9224C2AFF0A3E4F0A3F00C
S31500035FE0A3F0A22492AFE539541C700302021230C7
S31500035FF02945E53930E3273029137B017A01795C9A
S315000360007F007E807D007C801222BD80117B017A19
S3150003601001795C7F007E807D007C101222BDA2AFD9
S315000360209224C2AF9080387402F0A3E4F0A3F0A3E5
S31500036030F0A22492AF8043E53930E3273029137B5E
S31500036040017A01795C7F007E807D007C801222BD0F
S3150003605080117B017A01795C7F007E807D007C1054
S315000360601222BDA2AF9224C2AF9080387402F0A36D
S31500036070E4F0A3F0A3F0A22492AFE53730E23EA208
S31500036080AF9224C2AF90801C7402F0A3E4F0A3F095
S31500036090A3F0A22492AF90802CE0F539A3E0FF137E
S315000360A013543F139234A2AF9224C2AF90802CE5CF
S315000360B039F0A3E4F0A3F0A3F0A22492AFE53730BE
S315000360C0E32FA2AF9224C2AF90801C7403F0A3E423
S315000360D0F0A3F0A3F0A22492AF90802CE0F539A2AE
S315000360E0AF9224C2AFF0A3E4F0A3F0A3F0A22492EC
S315000360F0AFE53820E103020350A2AF9224C2AF906A
S31500036100801C7481F0A3E4F0A3F0A3F0A22492AF61
S3150003611090802CE0F539A2AF9224C2AFF0A3E4F04D
S31500036120A3F0A3F0A22492AFE539540C7003020343
S315000361305090902CE0F53930E061909005E0753A87
S3150003614000F53B753B00F53A909004E0253BF53BA3
S31500036150E4353AF53A533A03E53BAE3A7803C333AB
S31500036160CE33CED8F9F53B8E3A7E017F18C007FFB2
S31500036170E48F41853A40F53FF53E754281D00712DB
S315000361801C78A2AF9224C2AF9090307401F0A3E4BE
S31500036190F0A3F0A3F0A22492AF801D909034E0F513
S315000361A0395339FEA2AF9224C2AFE539F0A3E4F026
S315000361B0A3F0A3F0A22492AFE53820E2030204176A
S315000361C0A2AF9224C2AF90801C7482F0A3E4F0A322
S315000361D0F0A3F0A22492AF90802CE0F539A2AF92FF
S315000361E024C2AFF0A3E4F0A3F0A3F0A22492AFE598
S315000361F039540C700302041790902CE0F53930E102
S315000362006190900DE0753A00F53B753B00F53A90C9
S31500036210900CE0253BF53BE4353AF53A533A03E572
S315000362203BAE3A7803C333CE33CED8F9F53B8E3A39
S315000362307E017F30C007FFE48F41853A40F53FF585
S315000362403E754282D007121C78A2AF9224C2AF9049
S3150003625090307402F0A3E4F0A3F0A3F0A22492AF6B
S31500036260801D909034E0F5395339FDA2AF9224C2D4
S31500036270AFE539F0A3E4F0A3F0A3F0A22492AFE5CF
S315000362803730E07BA2AF9224C2AF90801CE4F0A328
S31500036290F0A3F0A3F0A22492AF7F2C7E801227BD39
S315000362A078AB121A4F78AB121A36EF5410FFE4FE8E
S315000362B0FDFCEF6034A2AF9224C2AF90802C741021
S315000362C0F0A3E4F0A3F0A3F0A22492AF302A30C2E5
S315000362D02AA2AF9224C2AF90803804F0A3E4F0A3BD
S315000362E0F0A3F0A22492AF8016D22E78AB121A3600
S315000362F08F458E448D438C427F2C7E8012273FE54B
S315000363003820E003020523A2AF9224C2AF90801C7B
S315000363107480F0A3E4F0A3F0A3F0A22492AF302D8F
S315000363201F7F2C7E801227BD78A7121A42EF4BFFE0
S31500036330EE4AFEED49FDEC48FC78A7121A4F800C95
S315000363407F2C7E801227BD78A7121A4F78A7121AC0
S3150003635036EF5410FFE4FEFDFCEF6019A2AF922462
S31500036360C2AF90802C7410F0A3E4F0A3F0A3F0A2C4
S315000363702492AF8016D22D78A7121A368F458E44F3
S315000363808D438C427F2C7E8012273FE53830E352C3
S31500036390A2AF9224C2AF90801C7483F0A3E4F0A34F
S315000363A0F0A3F0A22492AF90802CE0F539A2AF922D
S315000363B024C2AFF0A3E4F0A3F0A3F0A22492AFE5C6
S315000363C039540C601D909034E0F53953397FA2AFF0
S315000363D09224C2AFE539F0A3E4F0A3F0A3F0A2241C
S315000363E092AFA2AF9224C2AF90801CE536F0A3E42D
S315000363F0F0A3F0A3F0A22492AFD007D006D005D025
S3150003640004D003D002D001D000D0D0D082D083D024
S31500036410F0D0E0328F46E546600F9001A6E0B40463
S3150003642004A3E060131228B0229001A6E0B4080486
S31500036430A3E060041228B0227B007A0079478B4BD5
S315000364408A4C894D9001A2E0900003121A03900131
S31500036450A3E0900002121A039001A4E09000011237
S315000364601A039001A5E01219F1E4FFFE7D04FCABCB
S315000364704AAA49A948A847C3121A2540557FF87E58
S31500036480FF7D7F7C00A847D3121A255045E5466059
S31500036490041228B022A2AF9232C2AF90801CE4F05D
S315000364A0A3F0A3F0A3F0A23292AFA2AF9232C2AF8F
S315000364B09080287408F0A3E4F0A3F0A3F0A232922C
S315000364C0AFAF4AAE49AD48AC47F55A755B081221E2
S315000364D0DB22E4FFFE7D03FCAB4AAA49A948A84791
S315000364E0C3121A2540557FF87EFF7D037C00A8471B
S315000364F0D3121A255045E54660041228B022A2AFEE
S315000365009232C2AF90801CE4F0A3F0A3F0A3F0A2F2
S315000365103292AFA2AF9232C2AF9080287408F0A332
S31500036520E4F0A3F0A3F0A23292AFAF4AAE49AD486E
S31500036530AC47F55A755B081221DB22C3E54A940082
S31500036540F54AE5499400F549E5489401F548E547D8
S315000365509400F547E4FF7E90FDFCAB4AAA49A9489F
S31500036560A847C3121A25403CE47FF87E93FDFCA896
S3150003657047D3121A25502DAE49AF4A12277F8F51A2
S315000365808E508D4F8C4EE54660030207D8E54A24AC
S3150003659004FFE43549FE12277F8F558E548D538CA5
S315000365A0520207D8E4FF7E80FDFCAB4AAA49A948FC
S315000365B0A847C3121A254038E47FF87E83FDFCA85A
S315000365C047D3121A255029AE49AF4A12277F8F5156
S315000365D08E508D4F8C4EE5467066E54A2404FFE4E3
S315000365E03549FE12277F8F558E548D538C5280501A
S315000365F0E4FF7EA0FDFCAB4AAA49A948A847C312FB
S315000366001A254038E47FF87EA7FDFCA847D3121A63
S31500036610255029AE49AF4A12277F8F518E508D4F91
S315000366208C4EE546701AE54A2404FFE43549FE120A
S31500036630277F8F558E548D538C5280041228B02297
S315000366407B007A00794E8B4B8A4C894D900003125E
S3150003665019C4900018F09000021219C4900019F0A2
S315000366609000011219C490001AF01219AB90001B86
S31500036670F0A2AF9232C2AF90801CE4F0A3F0A3F075
S31500036680A3F0A23292AFA2AF9232C2AF9080287427
S3150003669008F0A3E4F0A3F0A3F0A23292AFE54670AC
S315000366A03B7A007952F54B8A4C894D9000031219B7
S315000366B0C490001CF09000021219C490001DF090C3
S315000366C000011219C490001EF01219AB90001FF0BE
S315000366D07E007F187D087C00121F69227E007F18CA
S315000366E07D047C00121F6922908004E0FFC45407D6
S315000366F0FF24FE600A146007147006D2298002C2C2
S31500036700299001A7E0754600F547E547FE9001A6E7
S31500036710E07C002400F547EC3EF5469001A3E0F942
S3150003672024FE6056147003020A3124FD7003020A24
S315000367306414604624F87003020AB3240E6003024D
S315000367400B1DD3E5479412E54694004006754600B3
S315000367507547123029127E197F107C007D18AB47CE
S31500036760AA461226BB020AE57E187FAB7C007D187B
S31500036770AB47AA461226BB020AE52029030209975C
S31500036780D3E5479409E54694005028E9B402127EFE
S31500036790197F2C7C007D18AB47AA461226BB020A3A
S315000367A0127E197F357C007D18AB47AA461226BB9D
S315000367B0020A12D3E5479460E546940040067546FF
S315000367C000754760E9B402117E197F2C7C007D18A1
S315000367D07B097A001226BB800F7E197F357C007DEC
S315000367E0187B097A001226BB7E197F3E7C007D2129
S315000367F0E54724F7FBE54634FFFA1226BB807BD335
S31500036800E5479409E54694005026E9B402117E183B
S315000368107FC77C007D18AB47AA461226BB805B7EEA
S31500036820187FD07C007D18AB47AA461226BB804A48
S31500036830D3E547943CE54694004006754600754704
S315000368403CE9B402117E187FC77C007D187B097A68
S31500036850001226BB800F7E187FD07C007D187B0933
S315000368607A001226BB7E187FD97C007D21E547245A
S31500036870F7FBE54634FFFA1226BB302103020AE58D
S3150003688090001F7480F0302907A37470F0020AE5A4
S3150003689090002074F9F0020AE59001A2E060030279
S315000368A00B1D90190CE493FF7E00D3E5479FE54645
S315000368B09E40048E468F477E197F0C7C007D18AB65
S315000368C047AA461226BB020AE5020AE530292690A4
S315000368D01922E493FF7E00D3E5479FE5469E4004D5
S315000368E08E468F477E197F227C007D18AB47AA46CA
S315000368F01226BB80589018BDE493FF7E00D3E5476C
S315000369009FE5469E40048E468F477E187FBD7C00DA
S315000369107D18AB47AA461226BB8032901998E4939A
S31500036920FF7E00FE901997E4937C002400FFEC3E63
S31500036930FED3E5479FE5469E40048E468F477E1964
S315000369407F957C007D18AB47AA461226BBA2AF9261
S3150003695032C2AF90801CE4F0A3F0A3F0A3F0A232FE
S3150003696092AFA2AF9232C2AF9080287408F0A3E42C
S31500036970F0A3F0A3F0A23292AF7E007F18AD47AC2E
S3150003698046121F69221228B022202C03020BC8C20A
S315000369902C7F287E9012277F8F498E488D478C4601
S315000369A07B007A0079469000031219C4900010F018
S315000369B09000021219C4900011F09000011219C43C
S315000369C0900012F01219AB900013F0A2AF9232C2EC
S315000369D0AF90801C7483F0A3E4F0A3F0A3F0A2327B
S315000369E092AF0B7A017948E9EAE429F561E43AF5CD
S315000369F060E43401F55FE433F55E7F207E80122682
S31500036A00FFA2AF9232C2AF908038E4F0A3F0A37432
S31500036A1008F0A3E4F0A23292AFA2AF9232C2AF90D3
S31500036A2090307480F0A3E4F0A3F0A3F0A23292AF07
S31500036A30202503020C4FC225A2AF9232C2AF90802B
S31500036A401C7401F0A3E4F0A3F0A3F0A23292AF30DA
S31500036A50294E909019E0541F9029DD93F54AE47866
S31500036A6062F608F608F608F608F608F6E54AF8E4C4
S31500036A707969F7E825E025E019F7A2AF9232C2AFAC
S31500036A80908028E4F0E54A25E004A3F0A3E4F0A30C
S31500036A90F0A23292AF7B017A01795CAD4A1229B931
S31500036AA0A2AF9232C2AF9080387402F0A3E4F0A38F
S31500036AB0F0A3F0A23292AF202703020CD6C227A27C
S31500036AC0AF9232C2AF90801C7402F0A3E4F0A3F03D
S31500036AD0A3F0A23292AF30294E90901DE0541F903E
S31500036AE029DD93F54AE4786AF608F608F608F60807
S31500036AF0F608F6E54AF8E47971F7E825E025E019A2
S31500036B00F7A2AF9232C2AF908028E4F0E54A25E0BF
S31500036B1004A3F0A3E4F0A3F0A23292AF7B017A01BF
S31500036B207974AD4A1229B9A2AF9232C2AF908038B6
S31500036B307404F0A3E4F0A3F0A3F0A23292AF2028EA
S31500036B4003020D5DC228A2AF9232C2AF90801C74BD
S31500036B5003F0A3E4F0A3F0A3F0A23292AF30294EE0
S31500036B60909021E0541F9029DD93F54AE47872F65C
S31500036B7008F608F608F608F608F6E54AF8E4797919
S31500036B80F7E825E025E019F7A2AF9232C2AF90806D
S31500036B9028E4F0E54A25E004A3F0A3E4F0A3F0A279
S31500036BA03292AF7B017A01798CAD4A1229B9A2AF31
S31500036BB09232C2AF9080387408F0A3E4F0A3F0A336
S31500036BC0F0A23292AF228E468F47C220301630A2F1
S31500036BD0AF9232C2AF90801CE4F0A3F0A3F0A3F00F
S31500036BE0A23292AFA2AF9232C2AF90802CF0A374BE
S31500036BF040F0A3E4F0A3F0A23292AF1228B0227BB6
S31500036C00007A00794890001BE01219F190001AE00F
S31500036C10900001121A03900019E0900002121A0361
S31500036C20900018E0900003121A03E54745467029C1
S31500036C307A00794C90001FE01219F190001EE09043
S31500036C400001121A0390001DE0900002121A03902D
S31500036C50001CE0900003121A03788B121A36C3EF56
S31500036C609400FFEE9400FEED9401FDEC9400FC7895
S31500036C708B121A4FE4FF7E90FDFC788B121A42C3E7
S31500036C80121A25404BE47FF87E93FDFC788B121A8B
S31500036C9042D3121A255039788B121A36854B6185E1
S31500036CA04A6085495F85485E1226FFE5474546608B
S31500036CB003020F19788B121A36EF2404FFE43EFE03
S31500036CC0854F61854E60854D5F854C5E1226FF229A
S31500036CD0E4FF7E80FDFC788B121A42C3121A25400C
S31500036CE048E47FF87E83FDFC788B121A42D3121A8E
S31500036CF0255036788B121A36854B61854A6085494D
S31500036D005F85485E1226FFE54745467074788B1209
S31500036D101A36EF2404FFE43EFE854F61854E6085F7
S31500036D204D5F854C5E1226FF22E4FF7EA0FDFC78B4
S31500036D308B121A42C3121A254047E47FF87EA7FD39
S31500036D40FC788B121A42D3121A255035788B121AF5
S31500036D5036854B61854A6085495F85485E1226FF05
S31500036D60E5474546701B788B121A36EF2404FFE479
S31500036D703EFE854F61854E60854D5F854C5E1226CE
S31500036D80FF22A2AF9232C2AF90801CEFF0A3E4F0D1
S31500036D90A3F0A3F0A23292AF302960EF64017034FE
S31500036DA0A2AF9232C2AF9080247405F0A3740FF0A1
S31500036DB0A3E4F0A3747CF0A23292AFA2AF9232C2E4
S31500036DC0AF9080387402F0A3E4F0A3F0A3F0A232EC
S31500036DD092AF805BEF64026056EF64036051A2AF2B
S31500036DE09232C2AF9080247405F0A3740FF0A3E42B
S31500036DF0F0A3741CF0A23292AF8034A2AF9232C2D7
S31500036E00AF9080247405F0A3E4F0A3F0A37442F0DA
S31500036E10A23292AFEF147017A2AF9232C2AF908034
S31500036E20387402F0A3E4F0A3F0A3F0A23292AFEF1A
S31500036E3030E719A2AF9232C2AF9080347480F0A3C8
S31500036E40E4F0A3F0A3F0A23292AF8033302919A263
S31500036E50AF9232C2AF9080347410F0A3E4F0A3F083
S31500036E60A3F0A23292AF8017A2AF9232C2AF908044
S31500036E70347410F0A3E4F0A3F0A3F0A23292AFEFC0
S31500036E8024FE602114603124826040146050248102
S31500036E90705D7B017A017958E9F549EAF548E4F52D
S31500036EA047F546804A7B017A017970E9F549EAF5A7
S31500036EB048E4F547F54680377B017A017988E9F599
S31500036EC049EAF548E4F547F54680247B017A0179DA
S31500036ED018E9F549EAF548E4F547F54680117B01DB
S31500036EE07A017930E9F549EAF548E4F547F546E4E8
S31500036EF02549F561E43548F560E5473401F55FE476
S31500036F003546F55E7F207E801226FF22E4FF900140
S31500036F10A0E01470030211391470030211712402E4
S31500036F20600302122930294C9001A3E06003021288
S31500036F3029A3E06003021229A3E06003021229A336
S31500036F40E06003021229A3E060030212292033033F
S31500036F500212299001A2E024CF600B0460030212FF
S31500036F6029D22F0211AAD2310211AA021229021121
S31500036F70AA0211AA9001A2E064026003021229A3E5
S31500036F80E06003021229A3E060030212299001A61E
S31500036F90E06003021229A3E060030212297F018045
S31500036FA0712029030212299001A2E060030212292B
S31500036FB0A3E06003021229A3E060030212299001F1
S31500036FC0A6E06003021229A3E060030212299001DE
S31500036FD0A5E030E03D803B80399001A2E0600302EA
S31500036FE01229A2AF9232C2AF9001A4E090801CF0A6
S31500036FF0A3E4F0A3F0A3F0A23292AFA2AF9232C2FF
S31500037000AF9080287402F0A3E4F0A3F0A3F0A232B9
S3150003701092AFEF60789001A5E024FE602414603BF4
S3150003702014605224037066A2AF9232C2AF908008F6
S31500037030E4F0A37402F0A3E4F0A3F0A23292AF80CB
S315000370404CA2AF9232C2AF908008E4F0A37406F06C
S31500037050A3E4F0A3F0A23292AF8032A2AF9232C27F
S31500037060AF908008E4F0A3740AF0A3E4F0A3F0A2BF
S315000370703292AF8018A2AF9232C2AF908008E4F08A
S31500037080A3740EF0A3E4F0A3F0A23292AF12246825
S31500037090221228B0228F3C908004E0FFC45407FFDD
S315000370A024FE600A146007147006D2298002C229DE
S315000370B0A2AF9224C2AF90801CE4F0A3F0A3F0A386
S315000370C0F0A22492AFA2AF9224C2AF90802C74FF99
S315000370D0F0A3F0A3F0A3F0A22492AFA2AF9224C22E
S315000370E0AF9080287401F0A3E4F0A3F0A3F0A224E8
S315000370F092AF908028E020E0F9E53C607130291BCF
S31500037100A2AF9224C2AF9080247401F0A3E4F0A34B
S31500037110F0A37402F0A22492AF801AA2AF9224C203
S31500037120AF9080247401F0A3E4F0A37440F0A3E4C9
S31500037130F0A22492AFA2AF9224C2AF90803474918E
S31500037140F0A37450F0A3E4F0A3F0A22492AF7B0162
S315000371507A0179A8E9EAE429F545E43AF544E43401
S3150003716001F543E433F5427F207E8012273FA2AF29
S315000371709224C2AF90801C7480F0A3E4F0A3F0A322
S31500037180F0A22492AFA2AF9224C2AF90802804F05B
S31500037190A3E4F0A3F0A3F0A22492AF908028E0200A
S315000371A0E0F9E53C606930291BA2AF9224C2AF9097
S315000371B080247401F0A3E4F0A3F0A37402F0A224E4
S315000371C092AF801AA2AF9224C2AF9080247401F0CA
S315000371D0A3E4F0A37440F0A3E4F0A22492AFA2AF19
S315000371E09224C2AF9080347480F0A37450F0A3E469
S315000371F0F0A3F0A22492AFA2AF9232C2AF90803C2A
S3150003720004F0A3E4F0A304F0A3E4F0A23292AF22C5
S31500037210E4F561F560F55FF55E7F1C7E801226FF5F
S3150003722078AB121A368F238E228D218C20201803D9
S3150003723002149D9001A0E05460706BA3E024D0601B
S31500037240601460592431B40C0040030214F99013FE
S31500037250EDF82828730214110214150214F9021406
S31500037260190214F902141D0214210214F902142539
S3150003727002142902142D021431121AB12212207398
S31500037280221210A42212293E2212088022122168F9
S315000372902212239722122401221229932212000D6D
S315000372A0221227FB22229001A0E0FF546064407063
S315000372B032A3E07010EF30E706E4FF1205AC22E4D8
S315000372C0FF12177D229001A1E0640160030214F905
S315000372D09001A0E030E7067F011205AC227F011280
S315000372E0177D229001A0E0546064207074A3E070BF
S315000372F0109001A6E0700AA3E07006D22212246859
S31500037300221228B022301A5330204C788AE624FE03
S31500037310600F14601524027014E4FFFE120D5E80E4
S315000373200C7F017E00120D5E8003122A1C7E017FF4
S31500037330A87B017A0179A0E9EAE429F54BE43AF559
S315000373404AE43401F549E433F548E4754F08F54E4C
S31500037350F54DF54C1220F412246822301B03122437
S315000373606822C0E0C083C082C0D075D000C000C010
S3150003737001C002C003C006C007D226909030E0F5D4
S3150003738028909034E0F527E52830E062909005E0F8
S31500037390752900F52A752A00F529909004E0252A17
S315000373A0F52AE43529F529532903E52AAE29780375
S315000373B0C333CE33CED8F9F52A8E297E017F18C082
S315000373C007FFE48F3085292FF52EF52D753181D0F2
S315000373D007121BA0A2AF922BC2AF9090307401F09C
S315000373E0A3E4F0A3F0A3F0A22B92AF432701E52871
S315000373F030E16290900DE0752900F52A752A00F5B3
S315000374002990900CE0252AF52AE43529F5295329F4
S3150003741003E52AAE297803C333CE33CED8F9F52A4A
S315000374208E297E017F30C007FFE48F3085292FF533
S315000374302EF52D753182D007121BA0A2AF922BC257
S31500037440AF9090307402F0A3E4F0A3F0A3F0A22B64
S3150003745092AF432702E52830E705D22C432780E580
S315000374602830E305D225432708E52830E405D2274B
S31500037470432710E52830E505D228432720A2AF92FB
S315000374802BC2AF909034E527F0A3E4F0A3F0A3F06A
S31500037490A22B92AFD007D006D003D002D001D000E2
S315000374A0D0D0D082D083D0E032788F121A67000210
S315000374B0800030290B7893121A67800080008009B8
S315000374C07893121A67100080007897121A670000E3
S315000374D004257B017A017958E9EAE429FFE43AFEB7
S315000374E0E43401FDE433FC789B121A4F789F121A99
S315000374F0670000000078A3121A67000018117F8F37
S315000375007C017D5812232C7F9B7C017D6412232CE6
S31500037510788F121A67000300007B017A017970E9FC
S31500037520EAE429FFE43AFEE43401FDE433FC789B04
S31500037530121A4F7F8F7C017D7012232C7F9B7C0157
S315000375407D7C12232C788F121A67000380007B013F
S315000375507A017988E9EAE429FFE43AFEE43401FD95
S31500037560E433FC789B121A4F7F8F7C017D881223AC
S315000375702C7F9B7C017D9412232C787A121A670048
S315000375800200007B017A017918E9EAE429FFE43A6B
S31500037590FEE43401FDE433FC789B121A4F7F7A7CB8
S315000375A0017D1812232C7F9B7C017D2412232C78CA
S315000375B07A121A67000268007B017A017930E9EAD8
S315000375C0E429FFE43AFEE43401FDE433FC789B123C
S315000375D01A4F7F7A7C017D3012232C7F9B7C017DA1
S315000375E03C12232C228F46E546600F9001A6E0B499
S315000375F00404A3E060131228B0229001A6E0B408A5
S3150003760004A3E060041228B0227B007A00798B90F1
S3150003761001A2E0900003121A039001A3E090000276
S31500037620121A039001A4E0900001121A039001A517
S31500037630E01219F1D220A2AF9232C2AF90801CE4BD
S31500037640F0A3F0A3F0A3F0A23292AFA2AF9232C29C
S31500037650AF9080287408F0A3E4F0A3F0A3F0A2325D
S3150003766092AFFFFE7D04FC788B121A42C3121A25D1
S31500037670402E7FF87EFF7D7F7C00788B121A42D3E3
S31500037680121A25501BE54660041228B022E4788AB4
S31500037690F6788B121A36754B00754C0812224D225A
S315000376A0E4FFFE7D03FC788B121A42C3121A2540AF
S315000376B02E7FF87EFF7D037C00788B121A42D3124D
S315000376C01A25501BE54660041228B022E4788AF690
S315000376D0788B121A36754B00754C0812224D22E52B
S315000376E0466010788A76027E007F187D047C00123D
S315000376F01FEF22788A76017E007F187D087C0012B0
S315000377001FEF224755432D5665723A180910053A5D
S31500037710454E441201100200000040D118029300A6
S3150003772001000000010A06100200000040010009E2
S31500037730023C00010100C03109073C00010100C001
S31500037740310904000006FFFFFF00070501020002DE
S3150003775000070502020002000705030200020007F4
S315000377600581020002000705820200020007058365
S315000377700340000104030904120110030000000979
S31500037780D11802930001000000010A06100300004D
S315000377900009010009026000010100C00C0907602D
S315000377A000010100C00C0904000006FFFFFF0007EB
S315000377B005010200040006300F000000070502025F
S315000377C000040006300F0000000705030200040052
S315000377D006300F0000000705810200040006300F83
S315000377E00000000705820200040006300F000000B7
S315000377F007058303400001063000000400050F1649
S315000378000002071002020000000A1003000C000227
S31500037810000000BB010689828A83E0225002E72228
S31500037820BBFE02E32289828A83E49322BB010CE531
S315000378308229F582E5833AF583E0225006E925821B
S31500037840F8E622BBFE06E92582F8E222E58229F55F
S3150003785082E5833AF583E49322BB010689828A8310
S31500037860F0225002F722BBFE01F322F8BB010DE51D
S315000378708229F582E5833AF583E8F0225006E92565
S3150003788082C8F622BBFE05E92582C8F222EB9FF5E4
S31500037890F0EA9E42F0E99D42F0E89C45F022E6FCC0
S315000378A008E6FD08E6FE08E6FF22E6FB08E6F90819
S315000378B0E6FA08E6CBF822ECF608EDF608EEF6084B
S315000378C0EFF622ECF0A3EDF0A3EEF0A3EFF022D057
S315000378D083D082E493F608740193F608740293F650
S315000378E008740393F6740473A8828583F0D083D057
S315000378F082121A97121A97121A97121A97E473E4B6
S3150003790093A3C583C5F0C583C8C582C8F0A3C58341
S31500037910C5F0C583C8C582C8229001A3E0FF9001C4
S31500037920A2E04FFF9001A5E04FFF9001A7E04F6053
S3150003793003021B9C9001A6E064026003021B9C9059
S3150003794001A0E0247F604B14605124026003021BF4
S315000379509C9001A4E06003021B9C30210890001850
S315000379607401F08005E4900018F030291E302F07CB
S31500037970900018E04404F0303107900018E0440802
S31500037980F0302307900018E04410F0E4900019F05B
S31500037990803BE4900018F0A3F08032A2AF9232C28B
S315000379A0AF9001A4E090801CF0A3E4F0A3F0A3F051
S315000379B0A23292AF90802CE030E108900018740157
S315000379C0F08005E4900018F0E4900019F0A2AF925D
S315000379D032C2AF90801CE4F0A3F0A3F0A3F0A2326E
S315000379E092AFA2AF9232C2AF9080287408F0A3E49C
S315000379F0F0A3F0A3F0A23292AF7E007F187D02FCC3
S31500037A00121F69221228B0228F828E83302914E531
S31500037A1030F530E52FF52FE52EF52EE52D4480F5CF
S31500037A202D8012E530F530E52FF52FE52EF52EE501
S31500037A302D4410F52D7B007A00792DAE83AF82EFAE
S31500037A402404FFE43EFE9000031219C48F828E8342
S31500037A50F09000021219C48F828E83A3F090000166
S31500037A601219C48F828E83A3A3F01219AB8F828E51
S31500037A7083A3A3A3F090801CE0FFA2AF922BC2AF17
S31500037A80E531F0A3E4F0A3F0A3F0A22B92AFE53126
S31500037A90247E601D047032A2AF922BC2AF90803851
S31500037AA0E4F0A3F0A37402F0A3E4F0A22B92AF8058
S31500037AB018A2AF922BC2AF908038E4F0A3F0A37460
S31500037AC004F0A3E4F0A22B92AFA2AF922BC2AF9025
S31500037AD0801CEFF0A3E4F0A3F0A3F0A22B92AF2255
S31500037AE08F828E83302914E541F541E540F540E563
S31500037AF03FF53FE53E4480F53E8012E541F541E51D
S31500037B0040F540E53FF53FE53E4410F53E7B007A00
S31500037B1000793EAE83AF82EF2404FFE43EFE90007D
S31500037B20031219C48F828E83F09000021219C48F38
S31500037B30828E83A3F09000011219C48F828E83A3D1
S31500037B40A3F01219AB8F828E83A3A3A3F0E542247D
S31500037B507E601C047031A2AF9224C2AF908038E4D9
S31500037B60F0A3F0A37402F0A3E4F0A22492AF22A23E
S31500037B70AF9224C2AF908038E4F0A3F0A37404F06C
S31500037B80A3E4F0A22492AF22A2AF9232C2AF9080B6
S31500037B901CEFF0A3E4F0A3F0A3F0A23292AFA2AFDE
S31500037BA09232C2AF9080247407F0A3E4F0A374402A
S31500037BB0F0A3E4F0A23292AFA2AF9232C2AF9080AA
S31500037BC0347480F0A3E4F0A37408F0A3E4F0A232C3
S31500037BD092AF7B017A007910E9EAE429FFE43AFEE1
S31500037BE0E43401FDE433FC787A121A4F787E121AD4
S31500037BF067000000047882121A67000004257F7A62
S31500037C007C017D4812232C7B017A017948E9EAE459
S31500037C1029F561E43AF560E43401F55FE433F55E92
S31500037C207F207E801226FF22A2AF9232C2AF9080BF
S31500037C301C7480F0A3E4F0A3F0A3F0A23292AFA2E7
S31500037C40AF9232C2AF78A7121A368F238E228D21B6
S31500037C508C20A23292AF201A03301B62A2AF92325B
S31500037C60C2AF9080287420F0A3E4F0A3F0A3F0A29F
S31500037C703292AFA2AF9232C2AF90801CF0A3F0A3B0
S31500037C80F0A3F0A23292AF7B017A0179A8E9EAE484
S31500037C9029F561E43AF560E43401F55FE433F55E12
S31500037CA07F207E801226FFA2AF9232C2AF90803829
S31500037CB07401F0A3E4F0A3F0A3F0A23292AF22780A
S31500037CC07FE4F6D8FD7581AE021E9E0225DBE493A2
S31500037CD0A3F8E493A34003F68001F208DFF48029B6
S31500037CE0E493A3F85407240CC8C333C4540F4420A5
S31500037CF0C8834004F456800146F6DFE4800B010294
S31500037D00040810204080902910E47E019360BCA3F0
S31500037D10FF543F30E509541FFEE493A360010ECFE1
S31500037D2054C025E060A840B8E493A3FAE493A3F80B
S31500037D30E493A3C8C582C8CAC583CAF0A3C8C582CB
S31500037D40C8CAC583CADFE9DEE780BE908004E0FFC8
S31500037D50C454076016E50945087075F508750901E9
S31500037D609001C0121A800000000022E4F508F5090C
S31500037D709001C0E0FCA3E0FDA3E0FEA3E02401FF25
S31500037D80E43EFEE43DFDE43CFC9001C0121A5B7F39
S31500037D90A07EBB7D0D7C009001C0E0F8A3E0F9A3B3
S31500037DA0E0FAA3E0FBD3121A2540259001C0121A6C
S31500037DB08000000000A2AF9232C2AF908000E4F0D0
S31500037DC0A37480F0A3E4F0A3F0A23292AF1224CC02
S31500037DD022AB05AA04E4EFEEE42FFFE43EFEE4340F
S31500037DE001FDE433FC787A121A4FAE02AF03E4FCCA
S31500037DF0FD787E121A4F7882121A67000004257FD7
S31500037E007A7C007D0012232CA2AF9232C2AF9080FF
S31500037E101C7480F0A3E4F0A3F0A3F0A23292AF7B2C
S31500037E20017A007900E9EAE429F561E43AF560E4C8
S31500037E303401F55FE433F55E7F207E801226FFA2D0
S31500037E40AF9232C2AF908038E4F0A3F0A304F0A35C
S31500037E50E4F0A23292AF22AB05AA04E4EFEEE42FDC
S31500037E60FFE43EFEE43401FDE433FC787A121A4F54
S31500037E70AE02AF03E4FCFD787E121A4F7882121A23
S31500037E8067000004257F7A7C017DA812232CA2AF0C
S31500037E909232C2AF90801CE4F0A3F0A3F0A3F0A249
S31500037EA03292AF7B017A0179A8E9EAE429F561E424
S31500037EB03AF560E43401F55FE433F55E7F207E80B6
S31500037EC01226FFA2AF9232C2AF9080387401F0A39C
S31500037ED0E4F0A3F0A3F0A23292AF229001A0E02433
S31500037EE0FE603B2402707130296E9001A3E0706836
S31500037EF0A3E07064A3E07060A3E0705CA3E0705835
S31500037F003033559001A2E024CF600704704AC22F94
S31500037F108042C231803E8040803A8038803690016C
S31500037F20A2E07034A2AF9232C2AF9001A4E0908077
S31500037F301CF0A3E4F0A3F0A3F0A23292AFA2AF9297
S31500037F4032C2AF9080287404F0A3E4F0A3F0A3F048
S31500037F50A23292AF122468221228B0228E468F478D
S31500037F607B007A0079489000031219C48F828E83AE
S31500037F70F09000021219C48F828E83A3F090000141
S31500037F801219C48F828E83A3A3F01219AB8F828E2C
S31500037F9083A3A3A3F07A00794CEF2404FFE43EFE07
S31500037FA09000031219C48F828E83F0900002121977
S31500037FB0C48F828E83A3F09000011219C48F828E20
S31500037FC083A3A3F01219AB8F828E83A3A3A3F022FC
S31500037FD09001A3E0FF9001A2E04FFF9001A4E04FC0
S31500037FE0FFA3E04FFF9001A7E04F60041228B022E1
S31500037FF09001A6E0640160041228B0223033089091
S3150003800000187401F08005E4900018F0A2AF9232D4
S31500038010C2AF90801CE4F0A3F0A3F0A3F0A23292C7
S31500038020AFA2AF9232C2AF9080287408F0A3E4F0F7
S31500038030A3F0A3F0A23292AF7E007F187D01FC125B
S315000380401F6922787A121A4FAE5AAF5BE4FCFD78A9
S315000380507E121A4F7882121A67000004257F7A7CF3
S31500038060007D0012232CA2AF9232C2AF90801C7403
S3150003807080F0A3E4F0A3F0A3F0A23292AF7B017ADF
S31500038080007900E9EAE429F561E43AF560E43401AC
S31500038090F55FE433F55E7F207E801226FFA2AF9262
S315000380A032C2AF908038E4F0A3F0A304F0A3E4F067
S315000380B0A23292AF22787A121A4FAE4BAF4CE4FC3F
S315000380C0FD787E121A4F7882121A67000004257F04
S315000380D07A7C017DA812232CA2AF9232C2AF908084
S315000380E01CE4F0A3F0A3F0A3F0A23292AF7B017AD3
S315000380F00179A8E9EAE429F561E43AF560E4340193
S31500038100F55FE433F55E7F207E801226FFA2AF92F1
S3150003811032C2AF9080387401F0A3E4F0A3F0A3F069
S31500038120A23292AF228B3C8A3D893E8F428E418D8D
S31500038130408C3F7B007A00793F8B438A4489459084
S3150003814000031219C4AB3CAA3DA93E1219F1AB4375
S31500038150AA44A9459000021219C4AB3CAA3DA93E04
S31500038160900001121A03AB43AA44A94590000112D9
S3150003817019C4AB3CAA3DA93E900002121A03AB43B5
S31500038180AA44A9451219ABAB3CAA3DA93E900003EC
S31500038190121A03228F5CE4F9E9C3940C5060E924B4
S315000381A003255CF8E6FFED29F582E43CF583EFF061
S315000381B0E92402255CF8E6FFE92401FBE433FAED42
S315000381C02BF582EC3AF583EFF0E904255CF8E6FF3C
S315000381D0E92402FBE433FAED2BF582EC3AF583EF5F
S315000381E0F0E55C29F8E6FFE92403FBE433FAED2B1B
S315000381F0F582EC3AF583EFF0740429F9809A22901C
S3150003820001A2E0603A12252CD230A2AF9232C2AF5D
S315000382109080007401F0A3E4F0A3F0A3F0A23292DD
S31500038220AF122838A2AF9232C2AF9080007402F028
S31500038230A3E4F0A3F0A3F0A23292AFD233801E12CE
S3150003824029FDD230A2AF9232C2AF9080007401F002
S31500038250A3E4F0A3F0A3F0A23292AFC233122468D0
S31500038260303303D2A822C2A8229001A3E0FF9001D3
S31500038270A2E04FFF9001A4E04FFFA3E04FFF900160
S31500038280A7E04F60041228B0229001A6E0640160C3
S31500038290041228B022E4900018F0A2AF9232C2AFC3
S315000382A090801CF0A3F0A3F0A3F0A23292AFA2AF8A
S315000382B09232C2AF9080287408F0A3E4F0A3F0A32F
S315000382C0F0A23292AF7E007F187D01FC121F692255
S315000382D0A2AF9232C2AF90801CE4F0A3F0A3F0A346
S315000382E0F0A23292AFA2AF9232C2AF908028742826
S315000382F0F0A3E4F0A3F0A3F0A23292AF7B017A01DC
S3150003830079A8E9EAE429F561E43AF560E43401F58C
S315000383105FE433F55E7F207E801226FFA2AF9232A2
S31500038320C2AF9080387401F0A3E4F0A3F0A3F0A2E7
S315000383303292AF229001BC121A80000000007FE047
S315000383407E937D047C009001BCE0F8A3E0F9A3E0F2
S31500038350FAA3E0FBC3121A2550219001BCE0FCA34B
S31500038360E0FDA3E0FEA3E02401FFE43EFEE43DFDC1
S31500038370E43CFC9001BC121A5B80C3A2AF9232C2EA
S31500038380AF908000E4F0A37440F0A3E4F0A3F0A25E
S315000383903292AF22A2AF9232C2AF909050E4F0A3D2
S315000383A07404F0A3E4F0A3F0A23292AFA2AF923228
S315000383B0C2AFA3F0A37404F0A3E4F0A3F0A2329235
S315000383C0AFA2AF9232C2AFA3F0A37404F0A3E4F05A
S315000383D0A3F0A23292AFA2AF9232C2AF909034749E
S315000383E07CF0A3E4F0A3F0A3F0A23292AF22908034
S315000383F005E030E2F9A2AF9232C2AF908000E4F01A
S31500038400A37480F0A3E4F0A3F0A23292AFA2AF92DA
S3150003841032C2AF908000F0A304F0A3744AF0A374B1
S315000384200AF0A23292AFA2AF9232C2AF9080147416
S31500038430FFF0A3740BF0A37437F0A37407F0A23212
S3150003844092AF22758E01756105756010755F0975AA
S315000384505E187F407EA31226FF90A30EE030E3044E
S31500038460C2218002D221122676C233122586122613
S315000384702FD22A1224CC75A884302605C226120BC5
S3150003848021302E05C22E1213A8302D05121DC0C28F
S315000384902D121EE380E322E4FFFE7E017F0090009F
S315000384A018E4F0A3DFFCDEFA7B017A0179A0E9EA9E
S315000384B0E429FFE43AFEE43401FDE433FC787A125E
S315000384C01A4F787E121A67000000087882121A671C
S315000384D0000004257F7A7C017DA812232C22A2AFFB
S315000384E09224C2AF90A3147404F0A37480F0A3E49F
S315000384F0F0A3F0A22492AFA2AF9224C2AF90A3142A
S315000385007404F0A3E4F0A3F0A3F0A22492AFA2AF05
S315000385109224C2AF90A314F0A3F0A3F0A3F0A22475
S3150003852092AF228E488F498C4A8D4B8A4C8B4DE4F1
S31500038530F54EF54FC3E54F954DE54E954C5027E562
S3150003854049254FF582E548354EF583E493FFE54B20
S31500038550254FF582E54A354EF583EFF0054FE54F96
S315000385607002054E80CE227B007A00795EA2AF921E
S3150003857032C2AF9000031219C48F828E83F090002B
S31500038580021219C48F828E83A3F09000011219C4BC
S315000385908F828E83A3A3F01219AB8F828E83A3A33C
S315000385A0A3F0A23292AF227B007A007942A2AF9265
S315000385B032C2AF9000031219C48F828E83F09000EB
S315000385C0021219C48F828E83A3F09000011219C47C
S315000385D08F828E83A3A3F01219AB8F828E83A3A3FC
S315000385E0A3F0A23292AF227B007A0079568F828E55
S315000385F083E0900003121A038F828E83A3E0900018
S3150003860002121A038F828E83A3A3E0900001121A2B
S31500038610038F828E83A3A3A3E01219F1AF59AE5839
S31500038620AD57AC56227B007A0079408F828E83E069
S31500038630900003121A038F828E83A3E09000021226
S315000386401A038F828E83A3A3E0900001121A038F6D
S31500038650828E83A3A3A3E01219F1AF43AE42AD41C9
S31500038660AC4022A2AF9232C2AF90801CE4F0A3F0DA
S31500038670A3F0A3F0A23292AFA2AF9232C2AF908020
S31500038680287408F0A3E4F0A3F0A3F0A23292AFD2C9
S3150003869020788A76037E007F187D06FC121FEF2260
S315000386A01216417F01120F1A7F02120F1A7F03124D
S315000386B00F1A7F81120F1A7F82120F1A7F83121DE0
S315000386C020A2AF9232C2AF90803C740FF0A3E4F0C5
S315000386D0A3740FF0A3E4F0A23292AF22A2AF9232B8
S315000386E0C2AF90801CEFF0A3E4F0A3F0A3F0A23294
S315000386F092AF7F247E8012277FEF54FEF549EEF575
S3150003870048EDF547ECF5468549618E608D5FF55E6C
S315000387107F247E801226FF22A2AF9232C2AF9080C0
S315000387201CE4F0A3F0A3F0A3F0A23292AFA2AF929F
S3150003873032C2AF9080287402F0A3E4F0A3F0A3F052
S31500038740A23292AF122468227F1C7EA31227BD8F0A
S315000387503F8E3E8D3D8C3CE53F54FCFFE53EE53DBB
S31500038760E53CEF4402F545EEF544EDF543ECF54201
S315000387707F1C7EA312273F22020800004401C0008B
S31500038780000000C12EC12DC126C120C129C125C1AA
S3150003879027C128C12CC12AC133C122C130C1A1C1FD
S315000387A02FC131C123009001A2E025E0FFE433FE8F
S315000387B0EF4401FFE48F498E48F547F5468F618EF6
S315000387C06085475F85465E7F087E801226FF1224FA
S315000387D068227F1C7EA31227BD8F3F8E3E8D3D8C64
S315000387E03CE53F4403F545E53EF544E53DF543E504
S315000387F03CF5427F1C7EA312273F229001A3E0FF94
S315000388009001A2E04FFF9001A4E04FFFA3E04FFFCA
S31500038810A3E04FFFA3E04F60041228B0221224689E
S3150003882022E41219F1ED25E025E0900001121A0366
S31500038830EDC413135403900002121A039000037439
S3150003884080121A03220002040408080808101010F4
S31500038850101010101020202020202020202020205F
S3150003886020202020207F011228747F021228747F83
S31500038870031228747F811228747F821228747F83DF
S3150003888012287422C22022001F2A0000BB110300F3
S31500038890DBBF0100B1BF0100B3BF0100BDBF0100D3
S315000388A000000000000000000000000000000000BF
S315000388B000000000F1780200CCAA002000000000AE
S315000388C01859030038590300F85803000000000044
S315000388D0000000000000000000000000000000008F
S315000388E0000000000000000000000000000000007F
S315000388F0000000000000000000000000000000006F
S31500038900000000000000000000000000000000005E
S31500038910000000000000000000000000FF0000004F
S3150003892043000000000000000000000000000000FB
S31500038930000000000000000000000000000000002E
S3150003894043000000000000000000000000000000DB
S31500038950000000000000000000000000000000000E
S3150003896043000000000000000000000000000000BB
S3150003897000000000000000000000000000000000EE
S31500038980430000000000000000000000000000009B
S3150003899000000000000000000000000000000000CE
S315000389A0430000000000000000000000000000007B
S315000389B000000000000000000000000000000000AE
S315000389C0430000000000000000000000000000005B
S315000389D0000000000000000000000000000000008E
S315000389E0430000000000000000000000000000003B
S315000389F0000000000000000000000000000000006E
S31500038A0021C2020049B5020000000000F45703002A
S31500038A10CF3F0300BB110300BB110300BB110300CF
S31500038A20BB110300BB110300BB110300BB11030001
S31500038A30BB110300BB110300FFFFFFFFFFFFFFFF97
S31500038A40FFFFFFFFFFFF00000100415343494900B9
S31500038A50000000000000000000000000000000000D
S31500038A600000000000000000000041534349490094
S31500038A7000000000000000000000000000000000ED
S31100038A80000000000000000000000000E1
S31520240000F7B500224FF0FF3320201146019300F04C
S3152024001097F9064698B143227D4900F0EFF94FF42B
S31520240020FA737C4FF36100237B4C3B703B7843B1BE
S31520240030304600F0D5F9794B186808F045FE03B010
S31520240040F0BD6946304600F009FB05460028EDD16F
S31520240050034600984FF401726F49006803F0E0FAD2
S31520240060009801F0F9F894F8F230012B0FD0032BE5
S31520240070DCD16B49022301F58A7223700B78FF2B7E
S3152024008003D0322B56D0914250D3002153E0022361
S3152024009040F2131229466248237008F0E9FD614B89
S315202400A0042261491B886148CB7008F0F1FD0422A3
S315202400B05F49604808F0ECFD03225F49584808F060
S315202400C0E7FD06225D495E4808F0E2FD06225D49E9
S315202400D05D4808F0DDFD06225C495D4808F0D8FD20
S315202400E006225C495C4808F0D3FD062304225B499A
S315202400F05B4884F8053108F0CBFDFF2384F80F31C3
S3152024010001F09EF84FF48871009001F0B7F84FF46F
S315202401108872214608F0BCFD442301AA0099304662
S3152024012000F0ACF9009801F097F87FE74B7802337A
S315202401301944A3E7023104223C4808F0A9FD40F2E1
S3152024014013120021364808F093FD042238493948F1
S3152024015008F09EFD344B334D1B682A889BB243EA14
S315202401600263120202F47F02134322699A424FF059
S3152024017003021AD03B492A4808F08AFD06222F4931
S315202401802F4808F085FD04220021284808F070FD18
S315202401902D4AFF2302F8013B151B01F051F800904C
S315202401A0A9B201F06BF82A46B3E72F491C4808F078
S315202401B06FFD06222149224808F06AFD062221499C
S315202401C0214808F065FD06222049214808F060FDD3
S315202401D006222049204808F05BFD062304221F49D5
S315202401E01F4884F8053108F053FD2B885A1C91B2F8
S315202401F0D2B2FF2A0ABF663329802B802B881A0A7B
S31520240200FF2A1A4A04BF03F500732B80C1E700BFD7
S315202402109C94242048920120449001204C92012031
S31520240220349101205492012050920120549001208F
S315202402300B8D242030910120128D242056920120CA
S31520240240379101201B8D24203D9101202B8D2420A4
S3152024025043910120158D242049910120218D24208C
S315202402604F9101200F8D2420088D24205391012085
S315202402702DE9F341154BC0F30746C0F307275FFA50
S3152024028080F800229E7083F8008004465F70DA701E
S3152024029033020F4D64330F4A0F4928461380062212
S315202402A008F0F6FCC822230E0C490D486B710D4B21
S315202402B085F8028001930323EF70009323462E7141
S315202402C008F012FD02B0BDE8F08100BF5092012053
S315202402D05692012054920120258D24203C8D2420C1
S315202402E0010024204C920120FA230A6810B50C32EE
S315202402F00B710C4601F0ECF808B994F9040010BDF2
S3152024030000B589B050B90B4808F0FAFC0A4808F021
S31520240310F7FC6FF00F0009B05DF804FB2923009049
S315202403208DF80810694605488DF80930FFF7DCFF5B
S31520240330F1E700BF488D24209AB02420AD11242033
S3152024034030B50D4689B0114600F0C2FD044648B3A7
S315202403500090694615488DF80850FFF7C5FF08B365
S31520240360636813B1124807F067F8236913B9114853
S3152024037007F062F8636913B10F4807F05DF8E36864
S3152024038004F10C0513B90D4807F056F8284607F052
S31520240390A3F904F1100007F08BF821460024072046
S315202403A002F014FD204609B030BD00BF710E242072
S315202403B0648D2420858D24209A8D2420BB8D242071
S315202403C000B589B038B129230090694603488DF8B1
S315202403D00930FFF789FF09B05DF804FB2D1024208E
S315202403E038B5054640B1FFF7EBFF044610B9284639
S315202403F000F0AEFD204638BD0446FBE700B589B0A3
S3152024040050B90C4808F07CFC0B4808F079FC6FF0B6
S315202404100F0009B05DF804FB084B0090002908BFA3
S3152024042019460748ADF80C2002916946FFF75CFF70
S31520240430EFE700BFD48D24209AB024209C94242036
S315202404400511242000B589B050B9094808F058FC74
S31520240450084808F055FC6FF00F0009B05DF804FB3E
S315202404600090029169460448FFF73EFFF5E700BF56
S31520240470138E24209AB024203911242029B102B1A4
S3152024048012688A608B81FFF7DDBF6FF00500704705
S3152024049038B5044648B107F04DF9002394F908509D
S315202404A0237207F05AF9284638BD0546FBE7000093
S315202404B0002373B504460D46019349B9344808F000
S315202404C01FFC344808F01CFC6FF00F0002B070BDEE
S315202404D00B6008B93048F2E7036933B9FFF7D8FF30
S315202404E00028F3D16FF00A00F0E794F8283002F0C0
S315202404F00402103003F00303134302D194F9083085
S3152024050013B301A907F058F8013011D023780198A4
S3152024051003F0F003102B33D10DF1030100F086FCF8
S31520240520D8B19DF9030010F10F0F08BF0020CDE7A5
S315202405302046FFF7ADFF0028C8D194F82830DB07E2
S31520240540D0D46FF00600C1E7E26901A907F00AF8C2
S315202405500130DBD16FF00200B8E7019B1E8907F03A
S31520240560E9F8636A9B1B636207F0F7F8236B1BB1D8
S315202405703246012120469847019B00202B60A5E77F
S3152024058010B9064806F058FF019B1B68E6E700BF12
S315202405902E8E24209AB024204C8E2420678E24202C
S315202405A00369F0B5044689B00F461646002B4BD076
S315202405B090F9285090F82830002D13DA03F07F0381
S315202405C080F82830236B1BB100220121204698472E
S315202405D0636893BB2046FFF75BFF051E08BF6FF0B9
S315202405E00D051EE0FFF764FF0546D0B932073F68A4
S315202405F00CD4CFB13A89237803F0F003102B15D0ED
S31520240600134808F07DFB134808F07AFB4FB9F3060C
S31520240610D8D594F828306FF0060563F07F0384F844
S315202406202830284609B0F0BD0122E4E769460A4865
S3152024063000940292FFF758FEE8E7012120466FF046
S315202406400E05FFF75DFEECE76FF00A05E9E700BF2C
S31520240650EF8D24209AB0242075112420F7B5044642
S315202406600E4651B91D486FF00F0408F049FB1C486B
S3152024067008F046FB204603B0F0BD00270F6008B9DA
S315202406801848F0E7037803F0F003102B21D1062035
S31520240690019702F083FB0546C0B120463A4601A9BC
S315202406A0FFF77EFF044620B12946062002F08EFB62
S315202406B0E0E7019B13B90C4806F0BEFE019BC5E971
S315202406C000330023AB81AB603560D3E74FF0FF3492
S315202406D0D0E73A46FFF7ECFE0446CBE72E8E2420BD
S315202406E09AB024204C8E2420739A242007B50146C0
S315202406F04068019003F0E8F90198094903F0ECF9E0
S315202407000198084903F0FAF901980222064903F0D0
S3152024071023FA0649019803B05DF804EB03F0FEB9E9
S31520240720650B2420C90D2420F50A24200D0C242011
S315202407302DE9F74F8846044610B97B4806F07CFEFF
S315202407406378012B02D0794806F076FEE36A13B942
S31520240750774806F071FE636813B9764806F06CFE76
S31520240760E36AD3E905329A4202D3734806F064FE3B
S31520240770E36A9B8913B9714806F05EFEE36A94F80E
S31520240780287093F81CA007F00207DFF8B4B10AF00A
S3152024079004021743D4F82C90D9F80820D9F810004D
S315202407A0536811681D1A62680144B5F5803FB2F872
S315202407B064602ABF4FF6FF7C1FFA85FC4AF0020AA2
S315202407C0B44575D9002F38D0002E38D1D9F8183011
S315202407D0002B0CBF6FF006050025E36AD3E905320A
S315202407E09A4272D2236B1BB10022032120469847BA
S315202407F094F8283043F0100384F82830002D79D13A
S31520240800E36AD3E905329A4272D0003F18BF012702
S31520240810606805F007FF04307ED16FF00305E36A94
S315202408201D7100251868E5626570B8F1000F79D02E
S315202408300C3006F04FFF284666E04AF0020A304480
S31520240840834204D25846019106F0F6FD01994FF6CB
S31520240850FF739E4202D1B5F5803F06D2ADB2B54292
S3152024086028D1E26A9289012A24D94AF0020A4FF031
S31520240870010953463246606805F0B4F90546E0B9C5
S31520240880E16A8A69886832448A610A691644426818
S3152024089096420E6107D18A89013A92B28A8112B18F
S315202408A008300D618860B9F1000F7FF473AF0AE038
S315202408B06646C4E74FF00009DBE7431CDBB2012B75
S315202408C0ADD84FF0FF35002F87D1636841F21C1233
S315202408D0B3F86410914203D9B3F86630082B8DD926
S315202408E0236B002B8AD0002203212046984785E7B4
S315202408F001278DE76B1C92D1606805F093FE0430A6
S315202409008BD027B94FF0FF3003B0BDE8F08FE36AD0
S315202409109B6923B1002582E7002FFBD1F2E76FF0F4
S3152024092006057CE74046EFE7738E2420808E24201C
S315202409309D8E2420B78E2420CD8E24200C8F2420F7
S31520240940348F24202DE9F84F8946044610B960486F
S3152024095006F072FD237803F0F003102B02D05D48B5
S3152024096006F06AFD6378042B02D05B4806F064FD0A
S31520240970636813B9594806F05FFDE36A13B95848EA
S3152024098006F05AFDE36A65681B7A032B03F0010AF5
S3152024099003F002080FD0BAF1000F05D02B7D5A1F81
S315202409A0012A08D9082B06D0B8F1000F16D06F8B50
S315202409B017F0100704D001270021284603F084F8D5
S315202409C02B7D012B0CD10021284603F0B9F827BB17
S315202409D042465146284603F0A7FC21E04746EFE746
S315202409E0BAF1000F07D00021284603F075F800211C
S315202409F0284603F0A5F8B8F1000F03D00021284695
S31520240A0003F07CF8002FE3D000222846114603F079
S31520240A10A3F80021284603F081F8284603F0AEFBEC
S31520240A20064660B1431C0AD1E36A93F809B0BBF1A8
S31520240A30000F30D11FB15E46284603F029FDE36A14
S31520240A401D681E710023E3626370CEB937B1236B10
S31520240A5066601BB13246042120469847BAF1000F1E
S31520240A6005D0236B1BB10022204611469847B8F1A6
S31520240A70000F05D0236B1BB1002202212046984764
S31520240A80B9F1000F22D0002605F10C0006F022FE33
S31520240A903046BDE8F88F2B7D012B02D1114806F074
S31520240AA0CBFCB8F1000F03D00F49284603F026F8D3
S31520240AB0012228460D4903F04FF828460C4903F015
S31520240AC02DF82146284602F0FFFFE1E74E46DFE7D0
S31520240AD0218E24205F8F24207D8F2420A18F2420E3
S31520240AE09D8E2420B48F2420C90D2420F50A242069
S31520240AF00D0C242010B5044610B9194806F09CFC88
S31520240B00617801291ED12046FFF712FE94F8283059
S31520240B10DA0615D562689AB1B2F8640041F21C113E
S31520240B2088420DD9B2F86620082A09D823F0100362
S31520240B3084F82830236B1BB10022022120469847B3
S31520240B40002010BD0429E1D1E26A1AB1537A0BB1EF
S31520240B50013B537201212046FFF7F4FED6E700BF5E
S31520240B60738E2420F8B5054616461C460F4611B921
S31520240B70214806F061FC65BB204806F05DFC4CBB91
S31520240B806FF005042046F8BD3846318902F04EFF21
S31520240B90304602F047FBF5E7AEB13789314605F1F9
S31520240BA0100006F0ADFC044680B906F0C3FD6B6A3E
S31520240BB03B446B6206F0D1FD2B6BDBB13A462146D2
S31520240BC028469847DEE70E4E0027E7E74FF0FF3406
S31520240BD0D8E724B10B4806F02FFC002DD0D06B6823
S31520240BE0BB4202D0084806F027FC2C69002CD3D11E
S31520240BF0002EC9D10024C5E7D78F2420F98F24209D
S31520240C00099224201890242030902420F8B50D46CB
S31520240C10044610B9384806F00FFC06F08BFD94F8EC
S31520240C2028300026677843F001032572666084F80D
S31520240C302830667006F091FD236B1BB132460421C1
S31520240C4020469847236B1BB10022204611469847FD
S31520240C50236B1BB1002202212046984705F10F035E
S31520240C60DBB2022B37D8254A52F82360236923B1D5
S31520240C70314604F1100006F043FC636923B1314662
S31520240C8004F1140006F03CFC012F02D0FB1E012B9C
S31520240C9029D894F8283023F004025B0784F82820E6
S31520240CA028D4E36A13B9164806F0C6FB042FE36A50
S31520240CB00ABF00221D711A711B6803F10C05DB681B
S31520240CC013B9104806F0B8FB00232846E362BDE892
S31520240CD0F84006F0FFBC25B10B48002606F0ACFBF5
S31520240CE0C4E72E46C2E7E36A23B10848BDE8F840A4
S31520240CF006F0A2BBF8BD00BF738E2420FC912420CD
S31520240D009D8E24205E9024204E902420779024208B
S31520240D102DE9F041044616461F46BDF818800D4697
S31520240D2011B9264806F088FBBCB9254806F084FB71
S31520240D303046BDE8F04102F075BA06F0FBFC636A42
S31520240D403B44636206F009FD236B002B33D03A46DD
S31520240D5031462046BDE8F04118476368AB4202D0AD
S31520240D60184806F069FB06F0E5FC656A06F0F5FCF2
S31520240D702369002BDCD03389226A2B449342D7DC87
S31520240D80062002F00BF805460028D1D0C0E90066DB
S31520240D9007B13F68AF60294604F11000A5F80C80FE
S31520240DA0378906F0ADFB06460028C6D02846BDE87E
S31520240DB0F04100F051BABDE8F08100BF9190242083
S31520240DC0B3902420D290242038B51546044650B911
S31520240DD0154806F031FB002038BD042908D101210D
S31520240DE0FFF7B0FD04E041780129F6D1FFF7A0FCF6
S31520240DF06368002BEFD0B3F8641041F21C129142A1
S31520240E00E9D9B3F86630082BE5D894F8283023F0AE
S31520240E10100384F82830236B002BDCD02A460221A9
S31520240E2020469847D7E700BF738E242038B5054639
S31520240E300C4611B90A4806F0FFFA0A4B9D4203D103
S31520240E40F3230120237038BD074B9D4201D1F22381
S31520240E50F7E7064B9D4201D1F123F2E70020F2E782
S31520240E60F0902420089224200A92242009922420D7
S31520240E7038B50023056804460371686828BB2B7897
S31520240E8003F0F003102B14D0202B1CD106F01EFACD
S31520240E9022686860506850B113780C49222B04BF0D
S31520240EA00123037406F0C2F923685B686BB9FF2318
S31520240EB00AE003F0DBFB686020684368002BF6D049
S31520240EC0FFF714FCF0E7FA23237138BD110D2420F3
S31520240ED070B5054607200E4601F060FF044690B300
S31520240EE0057005F0F0050023102D037243600AD007
S31520240EF0202D08D0154806F09FFA214607200024E5
S31520240F0001F064FF1FE004F110050C21284606F0A9
S31520240F10B1FA01460028F0D104F10C0006F05AFB60
S31520240F2018B1284606F0C4FAE7E74FF0FF3360618C
S31520240F306070A3616FF00043E06184F82800C4E95F
S31520240F400B06C4E90830204670BD00BFFC9024203F
S31520240F50436810B5044613B10C4806F06DFA23698C
S31520240F6013B10B4806F068FA636913B1094806F0F1
S31520240F7063FA04F10C0006F0AFFB00232146072078
S31520240F80E360BDE8104001F021BF00BF2291242058
S31520240F90509124208A9124200369F7B5044663B10D
S31520240FA000F1100501A9284606F006FB013015D1CB
S31520240FB0284606F07DFA00232361636963B104F190
S31520240FC0140701A9384606F0F7FA013019D1384614
S31520240FD006F06EFA0023636103B0F0BD23780198EE
S31520240FE003F0F003102B09D10DF10301FFF71EFFA7
S31520240FF00028D7D1019802F015F9D3E700F02CF96F
S31520241000D0E70DF103010198FFF710FF06460028CB
S31520241010D7D1019D2846FFF7BFFF686810B103F09A
S3152024102037FA6E602846FFF793FFCAE7036870B540
S315202410305D7804464DB11B7803F0F003102B02D0C3
S315202410402D4806F0F9F9022D22D100252068257194
S31520241050FFF7A2FF2268506860B1137803F0F003EB
S31520241060102B1FD0202B02D1C56106F0F5F823685A
S3152024107000225A602068036B13B100221146984738
S315202410802068036B6BB100220221BDE8704018470B
S31520241090032D04D1236893F828305B07D5D4FB236A
S315202410A0237170BDD36A13B1144806F0C5F920689C
S315202410B004230021437003232372C462FFF742FCD6
S315202410C00028EED023685B78042B02D00C4806F047
S315202410D0B3F906F061FB206800210C3006F0A8FA4B
S315202410E006F044FB23685B78002BDAD00448BDE85D
S315202410F0704006F0A1B900BFC6912420DA9124209D
S31520241100F5912420036810B50446586888B11B78C5
S3152024111003F0F003102B07D0202B0AD1A289A16833
S3152024112005F0B8FE207110BDA289A16802F000FC4A
S31520241130F8E76FF00500F5E710B504460068FFF7D9
S31520241140A7F968B92368586888B11B7803F0F00397
S31520241150202B0CD1A268936811681BB906F012F8CB
S31520241160207110BD9389083205F0D2FFF8E76FF07D
S315202411700A00F5E7F8B500230446037103685A6884
S3152024118092B11B7803F0F003102B0DD185684FF60E
S31520241190FF77BD422E46236828BF3E465868B1B203
S315202411A002F044FCAD1BF4D1F8BD000010B5044672
S315202411B00068436863B1037803F0F003102B07D14A
S315202411C0227A4378032A01D0022B01D0032B02D181
S315202411D0F523237110BD012B01D1FB23F9E7D30776
S315202411E001D5FFF7D9FE2368DB6A13B1124806F02E
S315202411F023F92068042300214370C462FFF7A2FB4D
S315202412000028E7D023685B78042B02D00B4806F00D
S3152024121013F906F0C1FA206800210C3006F008FAEA
S3152024122006F0A4FA23685B78002BD3D00348BDE8C4
S31520241230104006F001B900BFDA912420F59124202C
S3152024124010B5062001F0AAFD044618B1102200216B
S3152024125007F00EFD204610BD10B5044660B1006887
S3152024126020B101F0DFFF0023C4E900332146062004
S31520241270BDE8104001F0AABD10BD000038B50D46CA
S31520241280044638B90F4807F03BFD0F4807F038FDD0
S31520241290204638BD006808B101F0C4FF4FF42072FF
S315202412A02946542002F012F820600028F1D04389E0
S315202412B0AB4202D2054806F0BFF82368586863601B
S315202412C0E7E700BF0B9224209AB0242025922420DD
S315202412D01FB5C36902938369019343690093D0E9B7
S315202412E00323D0E9010101F001FE00280CBF6FF091
S315202412F00B00002005B05DF804FB10B5C468034636
S3152024130040681CB12346BDE8104018479B6898477F
S31520241310204610BD10B50D4C88B0002A08BF2246A1
S31520241320002B08BF2346002908BF2146CDE90323E5
S315202413300A9B05930B9BCDE90101069369460C9BD9
S315202413400348079300F0D0F808B010BD9C942420BD
S31520241350D112242000B589B0CDE90101694603487C
S31520241360039200F0C1F809B05DF804FBFB12242097
S3152024137001F058BF07B506F021FA06F0F7F9264BF7
S315202413801B6813B1254A10689847254D06F01EFA86
S3152024139005F05CFC431C04460ED106F0FDF9002220
S315202413A001A9284606F0DEF806F0E0F9019CA4B946
S315202413B01C4806F041F8E9E710B905F023FCE5E7D7
S315202413C006F0EAF9224601A9284606F0CBF8044677
S315202413D006F0CCF90134F0D0E8E72378012B10D09D
S315202413E0022B14D0002BE3D16068D4E9021398474A
S315202413F010B1606801F016FF2146092001F0E6FCB1
S31520241400C4E7D4E90130984721460820F6E7D4E9F1
S3152024141001309847BAE700BF6092012064920120E8
S315202414206892012049922420F8B50F4B07460E4690
S3152024143015461B6813B90D4805F0FEFF092001F057
S31520241440ADFC044668B100230146C5600370C0E99B
S315202414500176054806F054F828B12146092001F0E2
S31520241460B5FC4FF0FF30F8BD689201206792242006
S3152024147091F82D3013F0180F14BF024A024AFFF7B1
S31520241480D3BF00BF09732420912024200E4B1B6830
S3152024149070B506460D4613B90C4805F0CDFF082035
S315202414A001F07CFC044660B1012301460370C0E9A7
S315202414B00165054806F024F828B12146082001F0C4
S315202414C085FC4FF0FF3070BD68920120679224205E
S315202414D013B50446019106F049F90198A04706F070
S315202414E05BF9002002B010BD13B50446019106F025
S315202414F03DF90198A047019006F04EF9019802B0D3
S3152024150010BD000037B505460C4600F0C2F90F4B36
S3152024151020210F481D600F4B1C6005F0ABFF10B136
S315202415200D4805F089FF0D4806F0A4F810B10C48A3
S3152024153005F082FF082300220A4900934FF4806392
S31520241540094806F0D9F803B030BD00BF60920120C7
S315202415506892012064920120749224205C920120B6
S315202415609792242075132420B892242001460148DA
S31520241570FFF78CBF7113242040BA80B2704700BA7B
S31520241580704700002DE9F047234E4FF48877234DEA
S31520241590044607FB00678A4605F130084FF0000908
S315202415A010372B6843B12A7AA24205D16A6851465C
S315202415B038469847C5F800900C354545F1D14FF467
S315202415C08871154A002301FB0461D8B284421CD0B9
S315202415D0907A022819D1D77BCD7BAF4215D104230B
S315202415E0CB734FF4887000FB0464E37B032B0AD867
S315202415F00B4D55F8230005F02FFEE37B002245F8FA
S3152024160023200423E373BDE8F087013302F588728F
S31520241610042BDAD1E5E700BFB49201207C92012085
S315202416206C9201202DE9F04F4FF4887306464E48DC
S3152024163087B003FB06038046DB7A012B02D94B486D
S3152024164005F0FAFE4FF48873494A7343914608EB12
S315202416500307F97A52F8214044B921463046FFF748
S3152024166091FFBC72204607B0BDE8F08F03F1100429
S315202416704444204607F0F4FA12304FF4207281B203
S31520241680542001F023FE0546002869D00C2200218F
S31520241690013C0DEB020007F0EBFA3889FFF76CFFCB
S315202416A001230C22ADF80C008DF80E304FF48073F4
S315202416B00DEB02012846ADF8103001F0F3FF0C2182
S315202416C004F1010A002253461C4613F8010B2E2846
S315202416D00ED18F184FF6FE73A4EB0A0B9F421FFAE6
S315202416E08BFB0ADD28466FF0050401F09BFDB9E744
S315202416F00028EED00132D2B2E6E72846019102F044
S3152024170065F80199BFB25A464B1C284651469BB2CE
S3152024171002F014F8791C227889B2002AD0D12846DE
S31520241720023702F053F84FF0012302A90422029330
S315202417302846BBB202F002F84FF488703523294696
S3152024174000FB06860B48F47BF27A50F8240009EB3A
S31520241750820205F0DDFC0446284601F063FD81E77C
S315202417604FF0FF347EE700BFB4920120C592242097
S31520241770AC9201206C920120032838B5044602D964
S315202417802F4805F059FE2F4D4FF4887303FB04523E
S31520241790927A032A4FD8DFE802F04202224505F046
S315202417A059FE284B80B20022997A022902D119891E
S315202417B08142F4D0013203F58873042AF4D14FF4FC
S315202417C088736343EA1808331D44022310816B80EF
S315202417D00123AB802046BDE83840FFF723BF03FB17
S315202417E004531A7B013AD2B21A73C2B95A7B0132F4
S315202417F0D2B2042A5A7313D1DA7A32B9124A5268E7
S315202418001AB10122DA729A81E4E700212046FFF7F1
S31520241810B9FE4FF48870002300FB0454A37238BD0C
S315202418201A73D7E76343EA58002AF2D0013AEA50DA
S31520241830002AEED0F3E70548BDE8384005F0FCBD84
S31520241840DD922420B4920120AC920120F792242008
S3152024185070470000012804D8044B19B10A6843F8BC
S3152024186020207047024A1268F9E700BFAC92012073
S315202418709C94242008B50020FFF77EFF0120FFF743
S315202418807BFF0220FFF778FF0320BDE80840FFF7FF
S3152024189073BF08B501F0AAFF05F02AFF01F0E8F985
S315202418A001F068FA01F0F0FA05F0E4F901F0D2FF2C
S315202418B0FFF7CEFFBDE8084005F092B92DE9F3479E
S315202418C0894692461E46074610B9304805F0B4FD8F
S315202418D04FF420721C212C20DFF8BC8001F0F6FC6A
S315202418E0054648B9B8F824304FF0FF300133A8F81C
S315202418F0243002B0BDE8F08743891B2B02D8244824
S3152024190005F09AFD6C68BDF83400FFF735FEE080BB
S3152024191097F82C30062B02D01E4805F08DFD314633
S31520241920062204F10800002607F0B2F906220B99B4
S3152024193004F1120007F0ACF904220A9904F10E00EE
S3152024194007F0A6F904220C9904F1180007F0A0F94F
S3152024195001234A4629466370082326703846A370F5
S315202419600623E67023710423637140F6060300934D
S31520241970534605F029FDB8F8183028460133A8F82F
S31520241980183001F04FFC3046B3E700BF21B22420A3
S3152024199016932420479324203C80022070B51826B1
S315202419A00B4D04464643A85918B101F03BFC0023AD
S315202419B0AB511823002203FB04531A755A82C3E918
S315202419C00122044A10689288D8601A8270BD00BF0A
S315202419D0F496012085B0242000234FF00A0C2DE90B
S315202419E0F74F8046019116463B4999469B46E64643
S315202419F06546644600930A2C18B291F814A01CD18B
S31520241A00BAF1000F59D0B8F1000F09D0D8F80070D8
S31520241A104A68974204D1002E42D08F68B7423FD0DD
S31520241A20BAF1010F4F8A43D10A68002A3BD0009A83
S31520241A30BA4205D88446009702E0BAF1000FE2D1D3
S31520241A40013318310A2BD6D1019B012B3DD10A2CE7
S31520241A500DD10A2D33D018231F4A6B43D35813B1E3
S31520241A601E4805F0E9FC2C462846FFF797FF1A4D19
S31520241A70182303FB04531B7D13B1194805F0DCFC02
S31520241A80B8F1000F05D01823D8F8002003FB0453FF
S31520241A905A601823204603FB04550023AE606B822C
S31520241AA003B0BDE8F08FBB45CAD8BB468646C7E7F8
S31520241AB0B945C5D8B9460546C2E70446C0E7BEF1AE
S31520241AC00A0F05D1BCF10A0F04D14FF0FF30E7E706
S31520241AD07546C8E76546C6E7F496012088932420F0
S31520241AE09F9324202DE9F04F0C468BB0074605F012
S31520241AF06DFE44B9574807F003F9574807F000F913
S31520241B000BB0BDE8F08F7E68544D3388B3F5807FC3
S31520241B1008D13379062B05D17279042A02D1738808
S31520241B20082B09D02B8D01332B85EB8B0133EB83AB
S31520241B30384601F077FBE3E76B8B06F10E0108A804
S31520241B400592013306F108096B8307F0A1F8059A5B
S31520241B5006F1180109A807F09BF86368002B5DD0CD
S31520241B60099AD11A4A424A410592089AD01A059BC3
S31520241B70D0F10008C3F1020A48EB00085FFA8AFA7A
S31520241B8094F82C30062B02D0354805F055FC0898BD
S31520241B90002838D0214600F036FC069098BB089BB6
S31520241BA003F0F003E02B2ED02246514608A8FFF757
S31520241BB013FF002827DB1822DFF8A8A0022102FB26
S31520241BC000FB06220AEB0B03184619759C6049462E
S31520241BD00C30079307F05CF8069B5AF80B101A462C
S31520241BE0079B5A8279B14FF400634AF80B2020468A
S31520241BF004F1260200934B46069105F0E5FB06994F
S31520241C00084601F00FFBF388B3F5807F0BD0B3F59C
S31520241C10007F8DD0AB8D0133AB8589E798464FF075
S31520241C20020A0593ACE7059B002B81D0B8F1000F5F
S31520241C307FF47EAF022204F126032046039208AACB
S31520241C401946CDE90192221D00924A46FFF736FE17
S31520241C506EE700BF21B224209AB024203C800220A3
S31520241C60E7932420F49601201FB50246012400F18F
S31520241C7026030432CDE9021404490092019119461F
S31520241C80034AFFF71BFE04B010BD00BF85B02420F5
S31520241C907FB02420F8B5134C002502260427227D64
S31520241CA06AB1638A01339BB2B3F5967F638203D2EA
S31520241CB0012A09D1042B0FD92846FFF76FFE0135B7
S31520241CC018340A2DEBD1F8BD032A01D12775F6E75E
S31520241CD0042AF4D12675F2E7211DA068FFF7C4FF54
S31520241CE0EDE700BFF49601202DE9FF47224D182366
S31520241CF00746884603FB025314461B7D012B02D834
S31520241D001E4805F099FB182204EB440607F1260900
S31520241D1002FB0454F600237D06F10C0A022BAA4466
S31520241D200BD1638AB3F58E7F13D904363846A91985
S31520241D30FFF79AFF08B9032323754FF400634A4615
S31520241D40414638460093534605F03EFB04B0BDE891
S31520241D50F087B3F5877FF0D30123043652464946CC
S31520241D6003932E44064B3846029601933B1D00933B
S31520241D704B46FFF7A3FDDDE7F49601200B942420A0
S31520241D8085B024202DE9F743884606460146154684
S31520241D90D8F8000000F037FB002873D1D8F800309B
S31520241DA003F0F002E02A6DD0002B6BD032460121BD
S31520241DB04046FFF711FE041E08DA1DB13D4A938CD6
S31520241DC00133938460B203B0BDE8F0837E2C02DD18
S31520241DD0394805F031FBE4B2384F182202FB04724D
S31520241DE0137D002B61D14FF00109966082F814905F
S31520241DF041463046FFF738FF48B9182303FB0473BE
S31520241E001A7D012A03D1B9F1000F00D15882002D61
S31520241E10D9D0182303FB0472127D012A10D9284A0B
S31520241E2003FB04732946304614704FF400620C33A6
S31520241E30009206F1260205F0C7FAC4E7A946D7E799
S31520241E40C1D12E46DFF87C80728933899A4204D107
S31520241E50336813B1404605F0EFFA337B5B0614D47E
S31520241E603668002EF0D1284601F0EAFA182303FB1F
S31520241E7004F21E46B85808B101F0D4F97443002060
S31520241E803D51A0E76FF00F009DE72A464FF42071BD
S31520241E902C2001F087FC05460028E7D1054A4FF07F
S31520241EA0FF30938C013393848DE7002DC6D04FF0D9
S31520241EB0FF30AEE73C8002203B942420F496012078
S31520241EC0E497012049942420F0B5044685B00E4693
S31520241ED0154605F07BFC14B93D4805F0ADFA16B934
S31520241EE03C4805F0A9FA15B93B4805F0A5FA214640
S31520241EF0286800F088FA002864D12B6803F0F002C1
S31520241F00E02A1BD10123ADF808305E238DF80A3050
S31520241F106B7803F07F038DF80B30AB788DF80C307B
S31520241F20EB788DF80D3002AB4FF400623146204613
S31520241F30009204F1260205F047FA27E06268A16898
S31520241F405A400A4209D09BB24FF6A962934204D042
S31520241F50E368002B38D004F10C05204918232048A7
S31520241F600A788C4603FB0203187D012810D9996828
S31520241F70A1420DD129685B68994209D11949CB8D93
S31520241F800133CB8531462046FFF7AEFE05B0F0BDA2
S31520241F90134B0021187DCAB2012809D99868A0427A
S31520241FA006D12F685868874202D18CF80020E9E7A9
S31520241FB0013118330A29EDD1324629462046FFF726
S31520241FC0E1FEE3E7084BAFE76FF00300DEE700BF4F
S31520241FD021B224208B9A2420C8932420E4970120FC
S31520241FE0F49601203C8002207FB0242008B590F866
S31520241FF02D30014613F001030BD043684BB1074A19
S315202420005069834207D000F0FEF9003818BF01201A
S3152024201008BD1846FCE70120FAE700BFB481022058
S3152024202038B5044605F0D2FB164B1868A0B9164BD2
S315202420301B6853B193F82D2002F00502052A04D1FA
S315202420405A6812B122787F2A1AD1104AB2F8563009
S315202420500133A2F8563038BD90F82D20D5070DD55A
S3152024206051070BD543684BB1216885684B402B42D9
S31520242070F1D0930702D4C3689942ECD00068D5E7FF
S315202420801846E8E734800220308002203C80022053
S315202420902DE9F047DFF8188204460F4605F096FB13
S315202420A0B8F84A304646D4F804900133A8F84A3082
S315202420B099F800502B09042B0FD0204601F0B2F8B2
S315202420C0B8F85C300133A8F85C30B8F84E300133C8
S315202420D0A8F84E300020BDE8F087B9F8020005F0B4
S315202420E00F05FFF749FA23894FEA850A804683425A
S315202420F0554603D90146204601F056F96389AB4259
S3152024210004D32389434501D3132D0DD8204601F02A
S3152024211089F8B6F852300133A6F85230B6F84E3044
S315202421200133A6F84E30D5E72946484605F0E1FB8B
S3152024213040B1204601F076F8B6F850300133A6F89F
S315202421405030EBE7D9F81030574D6B6103F0F0038C
S31520242150D9F80C20E02B2A611DD197F82D30DB07E6
S3152024216006D499F80930112B30D04FF0000803E01B
S315202421707B68002BF5D0B846286970B3394600F021
S3152024218042F920B92B6903F0F003E02B25D1204610
S3152024219001F048F8C2E73846FFF728FF98B92B7D87
S315202421A07F2BDED0414BD3F80080B8F1000FD8D056
S315202421B0474502D1D8F80080F7E74046FFF716FFB7
S315202421C00028F7D0D8E7002FD5D1CAE709EB0A0390
S315202421D05B88B3F5884FC8D1B846B8F1000F08D12B
S315202421E0B6F84E3020460133A6F84E3001F01AF8C0
S315202421F070E7B9F8063023F0C00343B1204600F037
S3152024220091FA044600283FF465AFD0F80490C5F827
S31520242210089051462046C5E9008799F8003003F0F6
S315202422200F039B00AB8100F0CDFF99F80930062BD4
S3152024223014D0112B06D0012B15D13946204606F071
S3152024224013FC03E03946204604F020FD0023C5E98B
S315202422500033AB60AB81C5E904333BE739462046DE
S3152024226002F068FDF2E74146686900F0CCF860B9CF
S315202422706B6903F0F003E02B07D05146204600F08B
S31520242280C9FF0221204606F0D7FCB6F8583020464E
S315202422900133A6F85830B6F84E300133A6F84E301E
S315202422A000F0C0FFD2E700BFB48102203480022090
S315202422B03C8002202DE9F04F044685B09B461746E4
S315202422C09DF838609DF83C80DDF84090019105F01A
S315202422D07DFAA37B012B02D03D4805F0ADF8DFF82B
S315202422E0FCA0002F65D01421204600F067FF48B1BA
S315202422F0BAF85C306FF001000133AAF85C3005B0DF
S31520242300BDE8F08F63896568132B02D8314805F020
S3152024231093F885F80980452385F808B048EA0B28E0
S3152024232039686E7036022B704FEA28201E430B0C18
S31520242330296140EA082013FA81F1DFF8A4800E44AB
S3152024234016FA80F62089FFF717F9002306446880B9
S31520242350AB71EB71B8F80000FFF70EF9B8F800104E
S31520242360019A83190131A880A8F80010F2B91A49D4
S31520242370096813FA81F3E96003EB114399B201EB5F
S31520242380134303EB1343DB436B81BAF84830013301
S31520242390AAF84830B9F824309BB122899A4210D918
S315202423A03A464946204600F07BFBA8E7019A116865
S315202423B0DFE76389132B9BD9636803AF1B690393D8
S315202423C0E3E7D9F814303A4621464846984796E713
S315202423D0639424206F9424209C9424203C800220DF
S315202423E0E6970120F0B4069C9DF810509DF81460C1
S315202423F01AB109B10F6807B9211D0495CDE90564E1
S31520242400F0BCFFF757BF431E0246033312D891F878
S315202424102D3013F0020010D04B6893420CD08868DC
S315202424205340034208D1C34322EA0000C31A584228
S315202424305841704701207047002070472DE9F0430A
S3152024244085B04A4F0D4602786E460423BE46B446CE
S31520242450D15D11F0040100F08480302A21D1427804
S3152024246002F0DF0158290DBF827801304FF0080988
S31520242470023008BF4FF01009804600241EF80210AF
S31520242480480711D5B9F1080F03D1A2F13000072846
S315202424901BD804FB0924303C98F8012008F10108B4
S315202424A0ECE74FF00A09E7E7B9F1100F0DD111F047
S315202424B0440F0AD001F003010A3202290CBF6121FC
S315202424C04121521A42EA0414E6E72E2A08D1013B76
S315202424D047D008F1010098F8012046F8044BB7E7C5
S315202424E012B111F008003DD0A6EB0C00801001306B
S315202424F0042832D8DFE800F0360B03122000B4F18A
S31520242500807F2ED2009BFF2B2BD844EA03641DB157
S315202425102046FFF734F82860012023E0B4F5803FD5
S315202425201FD2009AFF2A1CD8019BFF2B19D81B04E3
S3152024253043EA02631C43EAE7FF2C12D80099FF29B9
S315202425400FD8019BFF2B0CD8029AFF2A09D81B04EB
S3152024255043EA016343EA0223ECE7054804F06CFFCF
S31520242560D5E7002005B0BDE8F08300BFF55703006A
S315202425702690242038B50A4B04460D461A688242F2
S3152024258007D102681A6021460420BDE8384000F0AD
S315202425901DBC11B9034804F04FFF23682B60F2E7D2
S315202425A0EC970120A494242081422DE9F843044663
S315202425B00E4602D1244804F03FFF2EB13368A342AD
S315202425C002D0224804F038FF67687868838833BBB2
S315202425D00368142204F10801636006F059FB0121E3
S315202425E0384606F02DFB384600F022FF05463846AD
S315202425F000F018FE6768DFF8608097B92046144CEF
S315202426003146FFF7B7FF2388AB4202D2114804F0A4
S3152024261013FF238828465B1B2380BDE8F8830025E7
S31520242620E8E77B683846D3F8009000F001FF05449C
S31520242630B5F5803F02DB404604F0FEFE3846ADB2B7
S315202426404F4600F0EFFDD8E7BD942420C9942420DA
S31520242650E8970120F8942420DB9424202DE9F041C6
S3152024266005460F460026DFF868800024D8F8003077
S315202426702146A446204653B910B1FFF795FF0644B8
S31520242680BE4201DA012CF0DC3046BDE8F081D5F8D3
S315202426900CE05A69724509D1D5F810E09A69724539
S315202426A004D1B3F80CE0AA88964508D0013460B149
S315202426B0C27F93F81FE096459CBF614618461A6848
S315202426C0002A18BF9C461346D5E761461846F6E7E6
S315202426D0EC97012010B5044610B9064804F0ACFE48
S315202426E0606908B100F09EFD21460520BDE8104012
S315202426F000F06CBB1A95242038B5094B00241868A1
S3152024270000B938BDC37F056823B1013BC37704468E
S315202427102846F5E72146FFF747FF2046F7E700BF7F
S31520242720EC9701202DE9F74FBA4E81464568738EE2
S31520242730013373862B7803F00F03052B0CD0B6F8C0
S3152024274044300133A6F84430F38E48460133F386C9
S3152024275000F068FD002625E1E888FEF70DFF0746F0
S315202427606888FEF709FF2B7803F00F03B0EB830F5D
S315202427704FEA8308E8D3A0EB0800A74C83B2484647
S31520242780019300F055FE2388824603440A2B0CDD50
S3152024279001462846FFF762FF18B1238853440A2BA3
S315202427A003DDB38F0133B387CEE79C4B1C68984651
S315202427B01CBB042000F0F2FA044658B95146284698
S315202427C0FFF74CFF8245ECDC042000F0E7FA0446B0
S315202427D00028E6D020220021204606F049FA0F239D
S315202427E0E377D8F80030C8F800402360142229461D
S315202427F004F1080006F04CFA1DE0EB6862699A425F
S3152024280063D12B69A2699A425FD1A289AB889A4265
S315202428105BD1B6F846300133A6F84630E888FEF771
S31520242820ABFEC0F30C0030B9E089FEF7A5FEC0F359
S315202428300C000028DAD1B5F806B0C7F30C081BF033
S3152024284020034FEAC80800930AD1019B43449BB234
S31520242850984500F209814FF6EB72934200F20481E7
S31520242860D9F804506888FEF787FE2A7802F00F02EA
S31520242870B0EB820F4FEA8203C0F0F680C01A1FFA0B
S3152024288080FBE888FEF778FEC0F30C00D9F80470A4
S315202428900025C0003D700BEB00037D70BD701FFA30
S315202428A083FEFD70B8807045FB8000F2DD8063686E
S315202428B04FF0010B1A4652B9002D40F08980002B87
S315202428C076D0574804F0B8FD72E0246870E7516842
S315202428D0B1F804C060456ED23A60002D66D0EA88ED
S315202428E09042C0F0C180E64500F2BE809042C5F8F1
S315202428F0009040F0C980009B23B1A27F12F00102F0
S3152024290000F0A180BBF1000F6ED14FF0000B424F97
S31520242910009B38888244A7F800A03BB9A27F019B5C
S3152024292042F001029844A277A4F81C80BBF1010F3F
S315202429307FF410AFB4F81C801422636804F10801D4
S3152024294008F114085E681FFA88F83046356806F0C0
S315202429509FF94046FEF710FE00237080142130464E
S31520242960B371F371B372F37204F0C3FF7081666896
S31520242970002D6AD1294B1B689C4202D01D46002B70
S3152024298070D120462946FFF7F5FD304600F050FD4C
S315202429903B880446834202D2224804F04DFD3888DF
S315202429A0041B3C80304603B0BDE8F08FE6455BD857
S315202429B0C4F804909FE757D0CA88824254D825B1B8
S315202429C0EA88624518BF4FF0000B0A680D4672E765
S315202429D0EA88824202D9144804F02EFDE988C5F8F3
S315202429E00090BA88914284E76268002A8DD0506884
S315202429F08288002A89D13A68E2B9B84202D10B48A2
S31520242A0004F01AFD3A68002A81D0094804F014FDFE
S31520242A107DE700BF3C800220E8970120EC97012027
S31520242A2044952420AA952420269524207B95242069
S31520242A30889524205168FD888A8895427FF465AF3D
S31520242A400A680F46D8E7934661E7D5F8048014210F
S31520242A50284600F0B7FB2946304600F005FDD8F875
S31520242A60005085E72B6887E76368002B7FF46CAEDC
S31520242A70094B1B689C4202D0084804F0DDFC002147
S31520242A802046FFF777FD5FE6009B002B3FF43DAF02
S31520242A904FF0000B31E700BFEC970120C595242089
S31520242AA08B8C2DE9F04F2DED028B08EE102AB3F1F5
S31520242AB014028BB0054648BFA3F10D028A46C2F301
S31520242AC0CF030593436803931B7803F00F03052B49
S31520242AD04FEA830708D14389132B08D85E4806F08A
S31520242AE00FF95E4806F00CF96FF0050013E0039BFE
S31520242AF00026D888FEF740FDC0F30C032C890293C8
S31520242B0000F40053143C0793059BA4B2DB009BB22C
S31520242B1006932CB920460BB0BDEC028BBDE8F08F72
S31520242B20069B4FF4207214212C20A34228BF23462F
S31520242B30049300F0CBFB804648B34389132B02D859
S31520242B40474804F079FC14220399D8F8040006F0A7
S31520242B509FF8D8F804B0DDF81090B9F1000F3ED0D4
S31520242B606B89DE1BBB42B6B202D23E4804F064FC1B
S31520242B704E4528BF4E4616B92D680027EDE7052079
S31520242B8000F00CF9034628B9404600F04BFB4FF0E1
S31520242B90FF30C0E7019631466A68089000203A44FF
S31520242BA00092412200F0F0FA089B20B9194605200C
S31520242BB000F00CF9E8E7CDE90803A9EB0609284635
S31520242BC000F03EFC099B284A1FFA89F908994046B9
S31520242BD05D611A6100F048FCB9F1000FCCD1029B4B
S31520242BE03744C3F30C00BAF82430BFB2133BA342B4
S31520242BF001DD079B0BB140F40050FEF7BDFC049B7E
S31520242C00ABF8060003F1140080B2FEF7B5FC0023CE
S31520242C101421ABF802008BF80A3058468BF80B3077
S31520242C2004F067FEDAF8143018EE102A4146ABF881
S31520242C300A00504698470D4A4046138E0133138680
S31520242C4000F0F0FA049B059AE41A029B1344A4B2DA
S31520242C509BB202935DE700BFE59524209AB02420F9
S31520242C600096242020962420D52624203C80022029
S31520242C707047704710B505F0EFFF044628B904F0D5
S31520242C8059FD04F06AFD204610BDC31C23F003031E
S31520242C909842F8D0014804F0CFFBF4E72F9624205D
S31520242CA010B5044638B9074804F0C6FB2046BDE8CB
S31520242CB0104005F0E5BFC31C23F003039842F5D04A
S31520242CC00148F1E7539624206096242070B50446C3
S31520242CD004F030FD064623691D689DB12A681A60D2
S31520242CE0AB0702D00A4804F0A7FB62683046D368B3
S31520242CF0116901338B42D36088BF136104F02DFD03
S31520242D00284670BD6268938801339380F6E700BF16
S31520242D107896242038B58B0705460C4602D00848D9
S31520242D2004F08AFB04F006FD6A68D368013BD3606D
S31520242D302B691A6822601C60BDE8384004F00DBD5A
S31520242D409B962420C36800220169033330B523F0DF
S31520242D50030344890A60944204DC436802689C6025
S31520242D601A6030BD0D6801321D6005890B602B4425
S31520242D70F1E7000070B5074E0E24074D56F8040BD4
S31520242D80013CFFF7DFFFA4B2436845F8043B002C3F
S31520242D90F4D170BD9C982420E48002200D2808B507
S31520242DA006D8074B53F82000BDE80840FFF78EBF0E
S31520242DB0044805F0A5FF044805F0A2FF002008BD1D
S31520242DC09C982420BB9624209AB024200D2808B52C
S31520242DD007D9084805F094FF0748BDE8084005F0C0
S31520242DE08FBF31B1054B53F82000BDE80840FFF7CB
S31520242DF091BF08BDD89624209AB024209C982420BC
S31520242E006FF00B007047000038B50D46044610B904
S31520242E100A4804F011FB94F82D3003F00502052A04
S31520242E200BD1EA0709D562683AB11B0705D5211DBE
S31520242E302046BDE83840FEF717BF38BDD498242055
S31520242E4073B5054616460C4611B90E4804F0F4FA15
S31520242E506B6822689A4201D1002010E0336001A9D0
S31520242E603046019201F02EFC01A9304604F036FAB0
S31520242E702368284601216B60FFF7C6FF012002B094
S31520242E8070BD00BF3C8E242070470000F7B51F4636
S31520242E900D461646044604F099FC134B002D08BF14
S31520242EA01D46002E08BF1E46002F08BF1F462B682E
S31520242EB0BBB901AA29462046FFF7C2FF012332685F
S31520242EC0A1688A42E16818BFA2603A688A4218BF7C
S31520242ED0E26023B901AA29462046FFF7B1FF03B0B1
S31520242EE0F0BD0023EBE700BF9C9424202DE9F84F66
S31520242EF004460E4617469846DDF82C9004F066FCC8
S31520242F0044B93D4805F0FCFE3C4805F0F9FE204630
S31520242F10BDE8F88FB9F1000F07D139484C4605F0A2
S31520242F20EFFE364805F0ECFEF1E7364B0025042269
S31520242F3004F12000002E08BF1E46002F08BF1F467E
S31520242F40B8F1000F08BF98462F4B2946E5606361E8
S31520242F50A58484F82D50DFF8B4A0C4E9015505F0E2
S31520242F6087FE0A9B31463A46E36120469AF800308A
S31520242F70564684F830300C9B23614346FFF786FF60
S31520242F802046C847B0BBDFF88880DFF888904746BC
S31520242F9094F830304FF0000BD8F80050FF2BDFF890
S31520242FA078A004BF002384F8303055B994F8303003
S31520242FB0FE2B01D05D1CEDB23B68357023603C604E
S31520242FC0A5E7AC4202D1484604F036FA0BF1010BB0
S31520242FD0BBF1FF0F02DD504604F02EFA94F8302080
S31520242FE095F83030934203D1013384F83030CFE73B
S31520242FF02D68DAE72C468AE7179924209AB02420CC
S31520243000309924209C942420012E242038800220A8
S3152024301034800220529924206699242010B504460F
S3152024302004F0D4FB014B1C6010BD00BF308002206D
S3152024303010B5044604F0CAFB3CB90B4805F060FEE3
S315202430400A48BDE8104005F05BBE94F82D30DA0717
S3152024305009D443F001032046032184F82D30BDE80A
S315202430601040FFF7D1BE10BD949924209AB0242075
S3152024307010B5044604F0AAFB3CB90D4805F040FEE1
S315202430800C48BDE8104005F03BBE94F82D305A0775
S315202430900CD443F00403204684F82D3005F020FA7E
S315202430A020460321BDE81040FFF7AEBE10BD00BF69
S315202430B0B09924209AB0242010B5044604F086FB27
S315202430C05CB1074B186800B910BD90F83030013335
S315202430D0DBB2A342F8D00068F5E72046F4E700BF28
S315202430E03480022010B143898B4202D902B1118047
S315202430F07047C91A006889B2F4E7000038B548B980
S31520243100124804F099F901201FE0002AFBD04268D6
S31520243110511A14E0B1F5803FF5D2A9B103898CB2B6
S3152024312013FA81F39BB29C42EDD890F90C50002DD2
S31520243130EBDA4268511A00F110029142E3D3428914
S315202431404160144403814481002038BD739A24208D
S3152024315022F04003012B70B506460D46144602D0B4
S31520243160084804F069F90C20FFF718FE40B1002323
S315202431700581458143730473C0E900360123C38145
S3152024318070BD00BFD1992420033020F0030070B5F0
S315202431900E18BDF81450049CAE420DD804B1044434
S315202431A018460023C0E90034022301814181437358
S315202431B001230273C38170BD0020FCE70022FFF7A0
S315202431C09DBF000010B570B90F4804F035F90120D1
S315202431D008E09B1A446843812144038941609B1A51
S315202431E00381002010BDB1F5803FF0D20029F8D00C
S315202431F08AB243899342ECD2044805F081FD0448DF
S3152024320005F07EFDE3E700BF739A2420E39924206A
S315202432109AB024200B1E02DA5942FFF7D3BF01228B
S31520243220FFF76CBF2DE9F047044630B925462348DD
S3152024323004F002F92846BDE8F0870025204FDFF860
S315202432408480DFF8849004F075FAA37B824613B930
S31520243250384604F0F1F8A67B5046013EF6B2A67312
S3152024326004F07BFA002EE5D1637B26689B070DD5D7
S31520243270236913B9484604F0DFF823692046984782
S315202432800135EDB2002ED5D03446DCE7237B03F07E
S315202432900F03022B04D121460D20FFF797FDEFE7DC
S315202432A0012B02D121460C20F7E71BB92046FFF734
S315202432B0F7FCE5E7404604F0BFF8E1E7739A2420BB
S315202432C0019A2420389A2420179A2420B2F5C17FE3
S315202432D02DE9F04704460F4610D008D822F04003A3
S315202432E0012B07D10020BDE8F047FFF731BFB2F507
S315202432F0207F37D0294804F09FF80CE0002684B29A
S31520243300DFF8A0903546B0460D20B246FFF746FD9D
S31520243310064630B90DB900251FE02846FFF782FF5F
S31520243320F9E7E21C0444C0F8008022F00302133497
S315202433300781C2F5C16224F00304C0F80C9093B22D
S315202433404460BB4228BF3B4643814DB1CAF80000A6
S31520243350FB1A00249FB2002FD6D12846BDE8F08739
S315202433600546F5E7CB1C033023F0030320F00300A6
S31520243370184410308342CED8FFF77CFC054600281B
S31520243380EBD004440023078113340360044B24F038
S3152024339003044781C3604460DFE700BF4A9A2420A0
S315202433A08000010082000100F8B50D46044610B9BC
S315202433B01B4804F041F82389AB4230D9EE1A194F21
S315202433C06189A94215D3237B1A0720D1A9421ED06D
S315202433D0637B9B071BD461682046091B2944FFF77E
S315202433E048FC90B9104804F027F8104804F024F833
S315202433F00DE023896D1A3344ADB223812468002C31
S31520243400DED1384604F018F8DAE78442EDD1206874
S315202434106581258108B1FFF705FF00232360F8BDC8
S31520243420659A24207D9A2420959A2420B19A2420B2
S315202434300346002290B2013203B970471B68F9E78C
S3152024344010B5044668B104F075F9A37B0133A37340
S3152024345004F083F9A37B23B90248BDE8104003F086
S31520243460EBBF10BDCA9A242038B50D46044600B1B8
S3152024347059B9104805F044FC0F48BDE8384005F0FA
S315202434803FBC29890B442381144622682389002A98
S31520243490F7D162899A4207D0084803F0CDFF2368E2
S315202434A013B1074803F0C8FF2A89238925601344CA
S315202434B0238138BDDC9A24209AB02420119B2420F1
S315202434C03E9B242010B50C46FFF7CEFF2046BDE8B0
S315202434D01040FFF7B5BF00002DE9F84F05461646E4
S315202434E01F460C4611B10B89934209D2394805F05F
S315202434F007FC394805F004FC6FF00F00BDE8F88F6F
S3152024350018B10289BB199A4201DA3448EFE74FF001
S315202435100008DFF8D890DFF8D8A0B5F80AB0628979
S31520243520ABEB070B6168A2EB08026868414493451C
S31520243530384428BF9346B34528BFB3465A465F44EA
S3152024354005F0A6FB6B89A6EB0B00D844BB4286B2BA
S3152024355002D2484603F070FF6389434502D250467F
S3152024356003F06AFF6389434506D8246814B95EB1FB
S315202435701B48BCE74FF000086B89BB4227D12D6836
S3152024358025BBFEB11748B2E7B046F5E73746628930
S3152024359023899A420AD1236843B1134805F0B0FB04
S315202435A00D4805F0ADFB6FF00500A7E735B16A8914
S315202435B02B899A4202D12B68002BEED1002EACD136
S315202435C030469BE7002CE1D1204697E70027002CA4
S315202435D0DDD1ECE74E9B24209AB02420829B242004
S315202435E0E29B2420F19B2420FE9B2420B09B242094
S315202435F0C79B242010B529B100230A89BDE8104091
S31520243600FFF76ABF044805F07BFB044805F078FBE6
S315202436106FF00F0010BD00BF359C24209AB02420C3
S315202436202DE9F84388469146064648B91A4837462E
S3152024363005F066FB194805F063FB3846BDE8F88398
S3152024364041BB1748474605F05BFB144805F058FB59
S31520243650F3E7758953B1AB4208D35B1B9BB236681B
S31520243660B9F1000FE9D0002EF3D1E6E7EC1A716800
S3152024367008EB0700A4B219444C4528BF4C462246E1
S31520243680274405F005FBA9EB0402BFB200231FFA49
S3152024369082F9E4E70027E3E74F9C24209AB02420EC
S315202436A06E9C24202DE9F04789461646054648B9BE
S315202436B01C4805F025FB1C4805F022FB6FF00F0063
S315202436C0BDE8F08709B91948F3E70389934222D242
S315202436D0174805F015FB144805F012FB4FF0FF3070
S315202436E0EEE715B9504603F0A7FE6F8909EB0801CA
S315202436F06868A74228BF27463A46E41B05F0C8FA3D
S31520243700B8442D68002CECD1B04502D0094803F0EA
S3152024371093FE2046D4E714464FF00008DFF818A07D
S31520243720F0E700BF919C24209AB02420A89C242032
S31520243730C39C2420FB9C2420E39C2420F7B50F46FD
S31520243740144619460DF10602FFF7CCFC064610B3A3
S31520243750BDF8063001891A1991421CDB42899A4206
S3152024376002D80F4803F068FEBDF80630394675891D
S315202437707068ED1A1844AC42CCBFADB225462A4611
S3152024378005F086FA621B92B242B179193068FFF7A6
S3152024379089FF03B0F0BD4FF0FF30FAE71046F8E773
S315202437A0119D242038B515460A462989FFF78EFD12
S315202437B0044630B12946FFF71DFF10B1024803F015
S315202437C03BFE204638BD00BF289D242013B5144631
S315202437D00DF10602FFF786FC30B14289BDF806308A
S315202437E09A4284BF4268D45402B010BD7047000068
S315202437F0164A4FF48040F0B54FF6FF7615464FF41F
S315202438004047138801339BB2138013889BB2B3425B
S3152024381000D11780DFF838C004235CF8041B09681C
S3152024382031B9013B13F0FF03F7D1288880B209E090
S315202438302C88B1F816E0A4B2A64504D1013880B26A
S315202438400028DED1F0BDC968EAE700BF388D2420E0
S315202438509CA2242008B503F0FDFD6FEA8040034B8B
S315202438606FEA904080B2188008BD00BF388D24208E
S3152024387010B5037D0446012B02D1044803F0DCFD58
S3152024388021460120BDE81040FFF7A0BA399D242007
S3152024389010B5044610B90C4803F0CEFD03F096FF6C
S315202438A0638B9B050ED5A36F63B15B7F13B9074842
S315202438B003F0C2FDA26F537F013B5377638B23F41E
S315202438C00073638310BD00BF4A9D2420569D242067
S315202438D010B5044610B9154803F0AEFD237D042BFC
S315202438E011D0072B1BD0032B0BD1204602F068FDC9
S315202438F070B92046FFF7CCFF05232046237502F016
S3152024390091FE002010BD204602F05AFD0028F3D057
S31520243910431CF7D1638B43F008036383F1E72046E6
S3152024392002F04EFD0028F3D10923E6E74A9D242000
S31520243930F8B50E460546144603F048FF214B002EC3
S3152024394008BF1E4645B9204805F0DAF91F4805F078
S31520243950D7F96FF00F00F8BD2B7D43B11C4805F035
S31520243960CFF91A4805F0CCF96FF00500F3E734B9FE
S31520243970FFF73EFF044650B96FF00100EBE71549E7
S3152024398051F8042B126872B90133042BF8D1336809
S3152024399003B12B60104BEC821A681D60EA6003F099
S315202439A0E5F80020D7E7D08AA04205D117682FB1A1
S315202439B0306818B1874201D0D268E4E76FF0070057
S315202439C0C9E700BF9C9424206B9D24209AB02420F0
S315202439D0819D24209CA224203881022070B504466F
S315202439E010B9104803F028FD218D46F2CE36E36A1D
S315202439F0628E656AC81AB242284494BF821A821BF0
S31520243A00002A01DB618570BD5D1B02D500206085FF
S31520243A10F9E7B5F5803F02D3034803F00DFD0020D6
S31520243A206585F0E7A99D2420CD9D242038B505461B
S31520243A300C4603F0CBFE3DB9154805F061F915482F
S31520243A40BDE8384005F05CB92B7D012B02D1124804
S31520243A5003F0F2FC2A8D4CF29C73111989B29942F7
S31520243A6013D88A4288BF194628462985FFF7B6FFE8
S31520243A7041F2CF6398420AD96B8B284643F002033E
S31520243A806B83BDE8384002F0CDBD1946ECE738BD3E
S31520243A90E79D24209AB02420FF9D242010B5044697
S31520243AA048B1406808B1FFF7BDFB21460320BDE895
S31520243AB01040FFF78BB910BD10B500B910BD0468AE
S31520243AC0FFF7ECFF2046F8E738B504460D4603F009
S31520243AD07DFE04B1256138BD38B504460D4603F074
S31520243AE075FE3CB1237D012B02D1034803F0A4FCAF
S31520243AF0C4F8805038BD00BF259E242038B50446FE
S31520243B000D4603F063FE34B1237D012B02D10248F6
S31520243B1003F092FCE56738BD4C9E242038B5044634
S31520243B200D4603F053FE3CB1237D012B02D10348DD
S31520243B3003F082FCC4F88C5038BD00BF739E242029
S31520243B4038B504460D4603F041FE1CB1237D012BD6
S31520243B5008BFA56138BD000070B504460E4615463B
S31520243B6003F034FE3CB9094805F0CAF80848BDE8F4
S31520243B70704005F0C5B8237D012B02D1054803F0FA
S31520243B805BFCC4F88860657770BD00BF999E2420AD
S31520243B909AB02420AF9E242010B5044638B9124862
S31520243BA005F0AEF81148BDE8104005F0A9B8037D0C
S31520243BB0012B17D90A2B15D0FFF76AFE606F18B18F
S31520243BC0FFF730FB002363674FF6FF73E06E2386EF
S31520243BD0FFF772FF206FFFF76FFF0023C4E91B3323
S31520243BE0A4F8683010BD00BFCD9E24209AB024208E
S31520243BF02DE9F04FB34E87B0DFF8F8923368C846E4
S31520243C0001333360B04B1A78049301321A70D9F8F1
S31520243C1000400027DFF8E0B26CB9AC4FDFF8DC8235
S31520243C203D68DFF8DC92DFF8DCA2002D40F08D81A0
S31520243C3007B0BDE8F08F237D13B9A54803F0FCFB1C
S31520243C40237D012B02D1A34803F0F6FB237D0A2BE7
S31520243C5002D1584603F0F0FB049BA27F1B789A429C
S31520243C6004D1D4F80CA027465446D5E7227DA37741
S31520243C70022A94F842306FD1052B6FD90125217D54
S31520243C80062909D1638BDB0606D53368226A9B1A5B
S31520243C90282B84BF0135EDB294F809A01AF0080A1E
S31520243CA018D0042902D0072940F0F880236A4FF43B
S31520243CB0FA713268D4F89000D21A00F5242303F638
S31520243CC0B843B3FBF1F39A4240F2D58001354FF045
S31520243CD0010AEDB2237D032B40F0E3803368226A68
S31520243CE09B1A282B02D8002D00F010812046D4F8C8
S31520243CF08C50FFF751FFD8F80030002F00F0D980E0
S31520243D009C4202D1744803F097FBE368FB60BAF126
S31520243D10000F0BD0238B20460293E38A0193231D85
S31520243D2000932346626A216D02F016FC23692046FD
S31520243D30D4F80CA00593FFF79BFD684C0022227033
S31520243D4045B1059B6FF00C011846A8472378002B14
S31520243D507FF45DAF3C4686E70B2B8EE794F895508F
S31520243D60002D3CD0236F13B15D4803F065FBE36E31
S31520243D7013B95C4803F060FB94F896300B2B3FF67E
S31520243D807DAF94F89520584B134413F8012C94F8BE
S31520243D90943093420BD3B4F8601081B1204602F0BC
S31520243DA0CDF988B9204602F03DFC30B10CE0013330
S31520243DB0DBB2934284F89430EDD200255FE7204687
S31520243DC002F01AFE0028F8D194F895300025062B07
S31520243DD084F89450F1D8013384F895304FE7238E14
S31520243DE047F6FE7293429CBF01332386B4F94030B2
S31520243DF0B4F930209A42E0DB204602F009FB28B1B0
S31520243E00236F002BD9D1E36E002BD6D0237D022B12
S31520243E1014D0B4F93C20B4F93E30344903EBE20300
S31520243E2094F842200C2A28BF0C228A5C934047F619
S31520243E30FF729342A8BF1346A4F84030B4F86020FA
S31520243E400020B4F84830B4F832C09A422086A4F828
S31520243E506A00204628BF1A464FEA4C03A4F848C0D5
S31520243E609BB25108B3EB520F98BF0B46A4F84A30A5
S31520243E7002F07CFD03E794F89730DFF88CC00CFB26
S31520243E800303B3FBF1F18A4208D9204602F094FDBC
S31520243E9020B994F89730013384F897304FF0000AEC
S31520243EA018E7092B7FF41FAF3368226A9B1AF02B5D
S31520243EB018E79C4202D00E4803F0BEFAE368C8F8FD
S31520243EC0003024E7408102204581022048810220B7
S31520243ED0E89E2420119F2420CD9F24203481022053
S31520243EE0669F2420989F2420ACA224208EA22420BE
S31520243EF0F89F2420308102203A9F242022A02420A7
S31520243F0078A0242051A02420F8240100237F627F36
S31520243F100133D4F80CA0DBB29A4223773FF6A3AE22
S31520243F201F4FD4F8883025773D701BB9204602F0E0
S31520243F3079FB98E62146206998473B78002B7FF425
S31520243F4066AE00287FF48FAEF0E72B7D0A2B02D0B5
S31520243F50404603F071FA33682A6A9B1AF02B0CD94F
S31520243F602846FFF719FE5CB93B689D4202D0484695
S31520243F7003F062FAEB683B600AE02C46ED6854E6CF
S31520243F803B689D4202D1504603F056FAEB68E36023
S31520243F90D5F80CB02846FFF76BFC5D4645E600BFF6
S31520243FA03481022038B505460C4611B91D4803F044
S31520243FB043FA15B91C4803F03FFA2B68A34212D1C1
S31520243FC0E3682B6000232046E360FFF7E5FD237D8D
S31520243FD00A2B10D1E36E03BB236FD3B1134803F00E
S31520243FE02BFA16E01346002BECD0DA68A242F9D13C
S31520243FF0E268DA60E6E7012B0BD0638BDA07E9D592
S3152024400043F002032046638302F00CFB237D012B1D
S31520244010E0D100232375E38238BD054803F00CFA4A
S31520244020DAE700BF9EA02420BAA02420F2A02420D0
S31520244030DAA0242030B50D4685B0044610B946486A
S3152024404003F0FAF9237D002D3CD0042B01D0072B35
S3152024405038D1626F22B9218D4CF29C72914231D093
S31520244060638BDB0602D43D4803F0E6F9238B2046F6
S315202440700293E38A0193231D00932346626A216DCA
S3152024408002F06AFA2046FFF787FD354A1368A342D1
S3152024409010D1E368136000230122E360314B1A70A8
S315202440A0314B1B68A3421DD101F0ECFB002005B047
S315202440B030BD1346002BEED0DA68A242F9D1E2684D
S315202440C0DA60E8E7012B1AD0022B36D0002B3CD11C
S315202440D0E38A3BB1254A1368A34208D1E3681360D7
S315202440E00023E3602046FFF7C3FBDFE71346002BBC
S315202440F0F6D0DA68A242F9D1E268DA60F0E71C4900
S31520244100002051F8232012688AB90133042BF8D1D0
S3152024411021461848FFF746FF237D012B02D1164856
S3152024412003F08AF921460220FEF750FEBEE7956F5A
S31520244130AC4208BF9067D268E6E721460848FFF7D5
S3152024414031FF084B01221A70CCE7204605B0BDE882
S315202441503040FFF7BDBB00BF0BA124202BA1242078
S315202441603081022034810220788102203881022065
S315202441709CA224203C81022044A1242010B504465C
S3152024418003F024FB64B1237D20460121012B1EBF8D
S31520244190638B43F010036383BDE81040FFF74ABFC7
S315202441A0044804F0ADFD044804F0AAFD6FF00F0086
S315202441B010BD00BF5DA124209AB0242010B5084646
S315202441C0144641B90C4804F09BFD0C4804F098FD94
S315202441D06FF00F0010BD3AB11189FFF727FC204656
S315202441E0FFF720F80020F5E71BB9BDE81040FFF7BC
S315202441F0C5BF1046EEE700BF74A124209AB0242020
S31520244200F8B5044648B91D486FF00F0504F078FD2B
S315202442101B4804F075FD2846F8BD466F0023D0F8C8
S315202442208050777B4367E5B1014632460069A8472B
S315202442300546E8B9BB06EED5238D4CF29C72D4F8FC
S31520244240806093421CBF01332385002EE3D00023B4
S31520244250214620691A46B0470D30DCD16FF00C0573
S31520244260D9E701462B4632462846FFF7A7FFDFE744
S315202442700D35F3D06FF004056667CCE78FA1242093
S315202442809AB024202DE9F8431B4D1C4F2B781C4E25
S3152024429001332B703C684FF000080CB9BDE8F88335
S315202442A02B78A27F9A4224D0A377638BD90709D56A
S315202442B043F002032046638302F0B4F9638B23F090
S315202442C003036383638B1A0705D523F0080320464B
S315202442D06383FFF7FDFA636FD4F80C903BB1204635
S315202442E086F80080FFF78CFF3378002BD2D14C46FA
S315202442F0D3E7D4F80C90FAE74581022030810220B6
S315202443003481022008B5FFF7BDFF064A137801330E
S31520244310DBB21370DB0703D5BDE80840FFF768BC82
S3152024432008BD00BF4481022070B505460E461446BA
S3152024433003F04CFA45B9164804F0E2FC154804F07B
S31520244340DFFC6FF00F0070BD2B7D012B19D096B1A9
S315202443506B8B43F010036B832CB101212846BDE8D7
S315202443607040FFF767BE686F08B90020EBE7FEF7B9
S3152024437059FF6C67F9E7002CF7D0042B04D8022BBD
S3152024438004D86FF00A00DEE7072BFAD10021E5E7EF
S31520244390B5A124209AB024202DE9FF4704460E46B1
S315202443A003F014FA44B9334804F0AAFC324804B082
S315202443B0BDE8F04704F0A4BC237D012B02D12F486D
S315202443C003F03AF8237D0A2B09D121462C48FFF7FE
S315202443D0E9FD204604B0BDE8F047FFF749BAD4F8F2
S315202443E05090D4F824A0D4F88C70D4F81080E58A80
S315202443F09BB93DB1234A1368A34206D1E3681360CF
S315202444000025E5602E460FE01346002BF8D0DA6807
S31520244410A242F9D1E268DA60F2E721461A48FFF788
S31520244420C1FD1A4B01221A70206F08B1FFF744FBF5
S31520244430E06E08B1FFF740FB2046FFF729FA56B174
S31520244440238B524649462046CDE90153231D00930A
S31520244450234602F081F82046FFF70AFA3FB16FF08F
S315202444600C0140463B4604B0BDE8F047184704B04B
S31520244470BDE8F087CFA124209AB02420E8A12420C7
S315202444804881022038810220308102203481022072
S315202444900121FFF781BF000070B50C46054610B9EF
S315202444A0074802F0C9FF04B970BD22682B68E66864
S315202444B09A4202D12046FFF7EBFF3446F3E700BFAA
S315202444C019A224200C4B002219680C4B30B4044624
S315202444D01D68104619B968B130BCFFF75DBF0B7D46
S315202444E0A34205D10B6AEB1A934224BF1A460846E7
S315202444F0C968EFE730BC7047308102204081022012
S31520244500F8B5054603F062F90120FEF747FC044678
S31520244510002850D14B4F3868002870D14A4B014689
S315202445204A4E1B683468002B74D108B1FFF7B0FFBC
S315202445300120FEF733FC0446002836D10920FFF754
S31520244540C1FF0120FEF72AFC044640BB0820FFF7C2
S31520244550B9FF0120FEF722FC0446D0B92B0661D4EC
S315202445605DB12A46013A3B6836680021D2B2002B37
S315202445705AD114B12046FFF78BFF0120FEF70EFCFB
S315202445800446002839D0324BD3F8AC209388013BFB
S3152024459093802F4BD3F8AC209388013B93802C4BCC
S315202445A0D3F8AC209388013B9380294BD3F8AC20B5
S315202445B09388013B938098220021204604F058FBBF
S315202445C042F238236575A4F86430224BA362FF2374
S315202445D0E3720623A4F84030E3871F4B23631B4B47
S315202445E01B6823621D4B1B78A3771D4BA3641D4B8D
S315202445F0C4F880301C4BC4F890302046F8BD438B39
S31520244600C4681A0704D523F008034383FFF760F907
S31520244610204681E71A6AA21A8A4224BF18461146DE
S31520244620DB6880E77F229DE75F7D974204D307D10D
S31520244630186A301A884203D3196A3A461C46711AD4
S31520244640DB6894E7308102204881022040810220C1
S315202446503C8002209CC79CC7FFFF1802458102206C
S3152024466001003822BD41242000DD6D004020FFF7C3
S3152024467047BF000008B510B9044802F0DDFE044BFC
S31520244680044A186812681044186008BD4DA22420D4
S31520244690348D24204081022038B504460D4612B993
S315202446A0074802F0C9FE4DB1AB8C3BB1282B8ABFFB
S315202446B0283B00239BB29C4228BF1C46204638BD5B
S315202446C067A2242038B50D46044680B1036873B109
S315202446D00B4B1968FFF7E0FE0A4B20461968FFF7B3
S315202446E0DBFE25B12B6813B1074B1B6803B938BDF4
S315202446F019682268914204BF2A681A60DB68F5E7A4
S3152024470030810220388102203C810220094A1388E4
S31520244710591C1180084A12681AB1084909888B4203
S3152024472004D2074A12681344187D70475B1ADBB2F9
S31520244730D05C70477C8102208881022084810220DB
S31520244740808102202DE9F843064610B91C4802F040
S3152024475073FE1C4B1F8887B11B4D002340F2B35890
S3152024476040F2B4592B802B88BB4206D2FFF7CEFFCA
S315202447700128F8D0022802D0C8B9BDE8F883FFF76B
S31520244780C5FF0428F9D12B880133BB42F5DAFFF77C
S31520244790BDFF000284B2FFF7B9FF44EA00039BB2AF
S315202447A05A1E92B2424588BF4B467386DBE7FFF7F3
S315202447B0ADFF0128E1D92B88023B18442880D2E773
S315202447C0B3A224208C8102207C81022010B50446A9
S315202447D010B90D4802F030FE0C4B187810F010005A
S315202447E011D0638BDB0606D4D4F88C301BB16FF042
S315202447F00E012069984721460548FFF7D3FB20461A
S31520244800FFF736F8012010BDCDA224207081022086
S31520244810308102202DE9F84F064617460C46DFF84C
S3152024482090A0DFF89080A4B31F4B1D682369586895
S31520244830FCF7A5FE2269B4F8089083469089FCF7F4
S315202448409BFEA5EB090310F00300A3EB0B0518BF71
S3152024485001202D1A002D1DDBD4E900B0FEF7E8FD3A
S3152024486033880546834202D2504602F0E5FD30883D
S31520244870B8F80020451B2046358023891344A8F800
S315202448800030FFF70BF933885BB1BBF1000F08D159
S315202448901FB100242046BDE8F88F044802F0CCFD41
S315202448A0F7E75C46BFE700BF4C8102201AA32420E9
S315202448B0F2A22420688102202DE9F843044610B967
S315202448C0B14802F0B9FD237D032B02D8AF4802F06C
S315202448D0B3FDAF4BAF4E1B78AF4D13F0100F00F046
S315202448E081803268AD4FB4F860103B68D4E9150E48
S315202448F0A0EB020CBCF1000F0CDB904203D1AEEBF3
S315202449000300002806DB9E4513D1A5480068C089EC
S3152024491088420ED9A248B4F862800068C0891FFA5A
S3152024492080FCA4F86000E045C4E9152338BFA4F828
S315202449306200626CD01A0028C0F24681288840BBC7
S31520244940B4F860C07144A06D6044884221D1B4F982
S31520244950301000291DDB9A421BD194F84330FF2BBB
S315202449601CBF013384F8433094F84330032B0FD9EA
S31520244970B4F848204FF6FF71638E13449BB29A42B3
S3152024498088BF0B46A4F84830204601F0B9FD00E044
S31520244990FAD0606B30B3A36B3A689B1A002B21DACA
S315202449A0804B80B2B4F93CC01A88CCF3CF07111AB5
S315202449B0C91B0BB21CFA81F1002B09B2B8BF801A8D
S315202449C0B4F93E20A187B8BFC019A2EBA202B8BF72
S315202449D003B213449BB2E38703EBE103A4F84030EC
S315202449E00023636329883368626A002900F095814D
S315202449F0207D062800F29181D71A012F00F17B8190
S31520244A00581E0844801A0028C0F27581664BD3F8B4
S31520244A1004909846B9F1000F02D1644802F00CFDA7
S31520244A204FF6FE739F4202D9614802F005FDD8F85D
S31520244A300430BFB21B89BB4202D25E4802F0FCFC82
S31520244A40B8F808300022DB1BA8F80830D8F8043040
S31520244A501B89DB1B9BB2B9F80A10B942C0F04281EC
S31520244A6039464846FEF7AEFB636AD8F810203360F1
S31520244A7053603268636AD11A0029C0F24981D1432E
S31520244A80208D1944C14200F143819A4240F040814D
S31520244A90454F3B69B7F808809889FCF76DFD10F0DF
S31520244AA00300238D18BF0120404480B283422880EE
S31520244AB03DD23B699889FCF75FFDC30710D53B6936
S31520244AC0B3F80C80404628F47C58FCF755FD00F0BA
S31520244AD03E00FCF751FD3B6948EA0008A3F80C8008
S31520244AE0238D3B813B699889FCF746FD80077868AE
S31520244AF042BF3B8903F1FF333B813989FEF754FCBE
S31520244B003B69B7F808809889FCF736FD10F0030036
S31520244B10336818BF0120626A404480B22880184432
S31520244B20238D1344984202D0234802F085FC2A88F8
S31520244B30336813446362238D934202D21F4802F0C2
S31520244B407BFC238D20462A889B1A2385FEF746FF45
S31520244B507B681A891AB11A4A136000237B603B6941
S31520244B609889FCF709FDC10741BF164A137843F0FB
S31520244B7020031370638BDA0740F1C58023F00103E9
S31520244B8043F00203C1E000BF3AA3242053A32420E8
S31520244B9050810220748102208E8102204C810220A1
S31520244BA08081022040810220548102206CA324206B
S31520244BB07CA324208BA324209BA32420D1A324209C
S31520244BC06C81022070810220D143D94200F1868053
S31520244BD0216DC91A0029C0F28180618B480709D525
S31520244BE021F004016183B4F84A10A4F84810002166
S31520244BF0A4F86A10B4F93C00E18F636401EBE00168
S31520244C00A4F840100021A4F84210217D032927D995
S31520244C109B1AB4F84810B4F84A209BB28A4215D974
S31520244C20628B12F4006F628E14BF0120022012FBC5
S31520244C3000F292B29A4294BF8B18CB189BB2994217
S31520244C4001D94FF6FF73A4F8483009E0B4F86A2056
S31520244C5013449BB29A422ED899422ED9A4F86A306C
S31520244C6004F16608D4E91B214046FFF7D3FDE16E03
S31520244C70024620674046FFF7CDFD226FE066B2FA52
S31520244C8082F35B095B4223860023237708B9A4F8A1
S31520244C9068002749B4F8643009880B44A4F86430A2
S31520244CA0638B19057FF575AEB2B960B9638B23F48E
S31520244CB0006363836DE64FF6FF735B1AA4F86A30AC
S31520244CC0638E0B44BAE703695868FCF758FCE36CF7
S31520244CD0C01A0028EADA5CE61369F5E7204601F0D3
S31520244CE077FC56E67F1AA9F80830A9F80A20BFB21D
S31520244CF0D9F80090AFE69B1A002BBEBF638B43F0F6
S31520244D0002036383B5E643F001036383BDE8F88396
S31520244D102046BDE8F84301F05BBC991A002904DB40
S31520244D20DB431344228DD342F0D5638B28E700BF7F
S31520244D30688102202DE9F04F064689B002F046FD0F
S31520244D4016B9704802F078FB6F4D704FB5F8923043
S31520244D500133A5F8923073683B607389132B05D8E9
S31520244D60B5F89A300133A5F89A3010E0684C2168BA
S31520244D70A0466069FDF747FB20B9636903F0F00379
S31520244D80E02B0AD1B5F8A0300133A5F8A030B5F828
S31520244D9096300133A5F89630AAE104F114030621AE
S31520244DA03046009304F11003328902F0A0FD04F169
S31520244DB010038246059328B1B5F898300133A5F817
S31520244DC09830E4E73B689889FCF7D6FB810A01F002
S31520244DD0FC011329C4D9338988B28B42C0D3A0F1CC
S31520244DE01403B6F80AC04B4A9BB24B4C84459146D1
S31520244DF0C4F800A01380DFF844A14AD33046AAF889
S31520244E000030FEF7DFF93C682088FCF7B5FB2080CC
S31520244E103C686088FCF7B0FB60803C686068FCF7DF
S31520244E20AEFBD7F8009060603C4C2060A346D9F8AE
S31520244E300800FCF7A4FBD7F800A0C9F80800DFF87F
S31520244E400091C9F80000BAF80E00FCF795FB3B68E0
S31520244E50AAF80E00CA469889FCF78EFB304B00F040
S31520244E603F0210F0030F04931A70328946D0531C44
S31520244E702C499BB29A420B803FF672AF2A4B4FF0B5
S31520244E8000091C68002C5FD1284BDFF8B8901C68D9
S31520244E9044E1336813B9264802F0CEFA1421304669
S31520244EA0FEF790F9B6F80AB0B9F80090304659467C
S31520244EB0AAF800B0FEF786F9A9EB0B0A30681FFA88
S31520244EC08AFA43895345FFF44BAF436851462360FE
S31520244ED0FEF778F933899B447389ABEB090BA6F843
S31520244EE008B013B1134802F0A7FA336832891B8914
S31520244EF09A4288D0104802F09FFA84E7094B1A80F8
S31520244F00BCE700BFEFA324203C800220808102201E
S31520244F10B48102208C81022088810220748102207F
S31520244F20508102208E810220308102204881022055
S31520244F3007A4242017A4242023A424208481022007
S31520244F404C8102200FA52420237D13B9A94802F0E1
S31520244F5073FA237D0A2B02D1A74802F06DFA237D0A
S31520244F60012B02D1A54802F067FA227A3AB1D8F861
S31520244F70043093F830300133DBB29A4275D13B6842
S31520244F80218B1A88914270D1E28A5B889A426CD10D
S31520244F906268D8F810309A4267D12268D8F814303B
S31520244FA09A4262D1E3689C4202D1954802F044FA9F
S31520244FB0B9F1000F53D0E368C9F80C30914B1A6825
S31520244FC01C60E260E3689C4202D18F4802F034FAE6
S31520244FD08E4B002231898E4819813968DFF8508218
S31520244FE019618C491A600A60894688F80020028053
S31520244FF0049A5E601278069012F0080F079303D065
S31520245000737B43F001037373636F002B00F0A0813D
S315202450102046FFF7F5F80D3008D0636F002B00F0FB
S3152024502097817D4B1B88002B00F09281638D13B9C9
S31520245030204601F0CDFAB5F896300133A5F89630FE
S315202450400024764B1C60079BC9F80040586818B189
S31520245050FEF7E8F8079B5C6009B0BDE8F08FB5F849
S31520245060A6300133A5F8A630ACE7A146E46809E7C3
S31520245070237D0A2B02D0484602F0DEF9227A3AB161
S31520245080D8F8043093F830300133DBB29A4244D135
S315202450903B68208B1A8890423FD15A88E38A9342D0
S315202450A03BD16168D8F81020914236D12168D8F8AE
S315202450B01420914231D1049A11784D0718D4564A96
S315202450C015888A071AD5DBF80020616A571A002F1B
S315202450D019DB278D891ACF4215D42A44CDE90130EC
S315202450E0059B204600934E4BDAF8001001F034FA43
S315202450F0304609B0BDE8F04FFEF794B8CF0742BF3B
S31520245100484B1B682362002DF2D0638B204643F044
S315202451100203638301F086FAEAE7E468002CA7D128
S31520245120414BD8F804001A683968D8F814E0914617
S31520245130B9F1000F20D18889FCF71EFA4307D7D46A
S31520245140B5F8A030344A01331188A5F8A030B5F833
S315202451509630DBF8002001330A44A5F896303B68C4
S31520245160188802905B880193059B00932C4BDAF8D0
S315202451700010D8F804003AE099F808C0BCF1000FD2
S3152024518005D090F830300133DBB29C450ED14B88C4
S31520245190B9F816C004939C4508D1D9F800C0F44523
S315202451A000F05783BCF1000F00F053834C46D9F806
S315202451B00C90BDE7D9F80C30E360C9F80C201A4AC4
S315202451C0C2F80090194A1278540791D412F0100488
S315202451D030D0114BDBF800201C88049B09882244FC
S315202451E00193059B029100930D4BDAF8001001F0F0
S315202451F0CFF97DE742A4242069A4242093A4242043
S31520245200BAA4242030810220E5A42420548102201B
S31520245210688102206C8102208E81022078810220DE
S31520245220C8810220408102203C8102205081022014
S315202452307081022093077FF55BAF99F81D2099F89A
S315202452401C309A42BFF454AF99F81500FFF758F949
S31520245250824680B9B5F89C300133A5F89C30D9F81C
S315202452601830002B3FF444AF01464FF0FF32D9F8D3
S31520245270100098473CE799F81D303A68013389F89D
S315202452801D30438B43F400734383D8F814300360D2
S31520245290D8F810304360B9F81630C3821378527880
S315202452A043EA0223038303230375DBF80030013307
S315202452B04362C362FFF7DEF9DBF80030CAF85800F0
S315202452C0013BCAF85000CAF84400CAF85430D9F829
S315202452D01030CAF85C00CAF81030CAF8789099F8C9
S315202452E0093003F00C038AF8093099F808308AF833
S315202452F00830AD4B1A68C3F800A0CAF80C2001F078
S3152024530035FCAA4B012250461A70FFF71BFA3B683C
S315202453100AF10402BAF83250DB8910460492AAF81C
S315202453206030AAF86230FCF77BFE049A01462846B0
S31520245330FFF7B2F91221AAF83200504600F0C0FF36
S3152024534020B121465046FFF727F8D1E65046E1E61C
S31520245350974B1C60049B1A78560739D5217D022940
S3152024536022D1226DDAF800309A4209D198F80030F9
S3152024537043F0080388F80030638B23F0010363830A
S3152024538098F80030190740F1FF81D4F88C301BB1EE
S315202453906FF00D012069984721468348FEF702FEC7
S315202453A02046FEF765FA4BE6636ADBF80020934233
S315202453B008D0D11A0029E3DB218D9B1AD942DFD4C8
S315202453C0638B0CE00029D1D17A4802F035F8CDE759
S315202453D09507638B06D5227D023A012A02D943F00A
S315202453E00203CCE7D80620465EBF734B1B68236294
S315202453F00023A4F89630FFF7A5F9049B1B7813F015
S31520245400020103D0227D023A012AB9D8227D023A0A
S31520245410072AB5D8DFE812F00800910016011A01F0
S31520245420650116017F019F0103F01202122A64D11D
S31520245430626CDAF8001001328A425ED1DBF8003041
S315202454406264591C3A68013B658E6162E162D289A5
S3152024545063650423A4F86020A4F86220E218237547
S3152024546010460492FCF7DCFD049A01462846FFF7F1
S3152024547013F941F21C134200608681009A42154694
S3152024548038BF1D46B5EB800F2BD98BB2A4F84830F4
S31520245490B4F8663013B9494801F0CEFFB4F8663023
S315202454A0256F013BA4F86630FDB9E56E15B944484D
S315202454B001F0C2FF2B68E3662846FEF7EFFA236F36
S315202454C0B3B94FF6FF732386D4F88430002B3FF4E8
S315202454D077AF00222146206998470D307FF470AF9C
S315202454E0AEE59A4288BF93B2D0E72B682367E3E7D9
S315202454F00023238684F84230E6E7D9067FF540AF99
S315202455003B68304A18881188DBF800200290204610
S315202455105B880A440193059B00932B4BDAF80010F1
S3152024552001F01AF894F84230052B3FF629AF0023D0
S315202455302046238601F02EFA22E751B1636ADBF84E
S315202455400020013B93427FF41BAF204600F0A0FFAE
S3152024555016E7DA067FF514AF636CDAF80010DB431E
S31520245560CB425DD4236D5B1A002B59DB0423237590
S31520245570A36F1BB92046FEF78BFF61E59B6913B900
S31520245580124801F059FF2046FEF782F9A36F9B6942
S31520245590002BEFD00022214620699847C0B10D3038
S315202455A03FF44EADE6E700BF30810220348102204D
S315202455B0788102203CA52420408102205CA5242039
S315202455C072A524208E810220C881022085A524202C
S315202455D02046FFF771F9069B1B8813B1013B069AD7
S315202455E01380618E41F21C134A0088009A42154684
S315202455F038BF1D46B5EB810F0ED983B2A4F84830A7
S3152024560098F800309B067FF5BBAE638B43F00203EC
S31520245610638307232375B3E69A4288BF93B2EDE7C3
S31520245620904B914A1B6810881D88DBF80020029530
S315202456305B88024420460193059B00938B4B00F004
S315202456408BFF9DE62046FFF737F9D9E72046FFF75B
S3152024565033F998F8003013F0200F049B1B7831D0AF
S3152024566013F0100F638B28D0216DDAF80020914295
S3152024567023D1E26E0ABB43F0020320466383FEF75E
S315202456808BFA7B4A13689C4209D1E368136008E0AD
S31520245690DA68944202D1E268DA6002E01346002BEB
S315202456A0F6D1744B01221A700A232375724B1A6879
S315202456B01C60E26001F05AFA62E643F00203638337
S315202456C00823A7E7DF067FF55BAE226DDAF80030E4
S315202456D09A427FF455AEE36E002B7FF451AE062317
S315202456E098E72046FFF7E8F898F800309E067FF5DD
S315202456F047AE638B204643F002036383FEF74CFABE
S315202457005B4A13689C42C0D0002BCAD0DA689442E4
S31520245710C1D01346F8E72046FFF7CEF8049B1B7822
S31520245720DD067FF52DAE226DDAF800309A427FF41D
S3152024573027AEE36E002B7FF423AE2046FEF72CFA09
S315202457404B4A13689C42A0D0002BAAD0DA689442F4
S31520245750A1D01346F8E72046FFF7AEF8049B1B7822
S31520245760D8067FF50DAE226DDAF800309A427FF402
S3152024577007AEE36E002B7FF403AE98F8003043F097
S31520245780100388F80030FBE5069B1A8822B1E36FC4
S31520245790D3B90023069A13802046FFF717F800284A
S315202457A07FF44EACD9F8003013B3636F13B133486A
S315202457B001F042FE638BD9F8002013F0100309D0A0
S315202457C01046FDF72FFDD5E62146206998470D3052
S315202457D0DFD135E4D4F880500DB321462069A8477B
S315202457E010F10D0F3FF42CAC10B1D9F800306367BB
S315202457F098F800309A0605D5636FB3B15A7B42F0E8
S3152024580020025A731E4B002220461A60FEF7DEFF22
S3152024581000287FF415AC204600F004FF10E42B4624
S3152024582021462846FEF7CAFCDAE7238D4CF29C72E1
S31520245830D4F8805093421CBF01332385002DE1D018
S315202458400023214620691A46A8470D30DAD1FFF7CE
S31520245850F7BB002C7FF4AEACB5F8A6200132A5F810
S31520245860A620AFE4808102208E810220C8810220D6
S31520245870308102203481022048810220A3A52420BD
S3152024588078810220024A137843F01003137070475C
S315202458907081022010B5044610B9044801F0CCFDCD
S315202458A06368987B013818BF012010BDBDA524202C
S315202458B02DE9F843089D80460C4617461E469DF83A
S315202458C0289015B9184801F0B7FDBC422AD29DF874
S315202458D024309A0709D46B8B5B0623D4B9F1000FA5
S315202458E003D0EB6E0BB92B6FE3B104F2B75525F039
S315202458F00301B9420A4628BF3A4691B24FF4207290
S315202459004046FDF7E3FC054648B1036813B1074832
S3152024591001F092FD6B891B1B33802C816C812846D8
S31520245920BDE8F8832146E9E7E2A5242001A6242020
S315202459302DE9F0470E46904699469DF820A0074625
S3152024594010B92F4801F078FD16B92E4801F074FDC0
S315202459504FEA8A050320FDF721FA044605F00405BB
S3152024596028B93046FDF75EFC2046BDE8F0870023A3
S3152024597080F80CA01FFA85FAC0E900363389AB4299
S3152024598002D2214801F058FD338930461421A3EB55
S315202459900A034FF0000A2381A4F80AA0FDF70EFC7F
S315202459A0064650B1194A20465446B2F8A43001334B
S315202459B0A2F8A430FEF772F8D6E76368AD08F88A11
S315202459C0D3F804A00535C4F810A0FBF7D5FDAAF812
S315202459D00000D4F810A0388BFBF7CEFD2769AAF84F
S315202459E002004846FBF7CBFD786048EA0530276954
S315202459F0FBF7C2FD2369B8819E74DE74B4E700BF29
S31520245A0015A6242035A6242056A624203C80022010
S31520245A102DE9F04385B004460D461646DDF8308040
S31520245A201F46B8F1000F02D1154801F005FDD5F81F
S31520245A30049033462A8906212846009701F057FFE9
S31520245A40A9F81000CCB1E37AA47A0E492846B1F8F5
S31520245A5090200132A1F8902006223146CDF80880E4
S31520245A60CDE900423A46FCF7BDFC04462846FDF71C
S31520245A70D9FB204605B0BDE8F083FF23E5E700BF28
S31520245A806BA624203C80022014312DE9F04189B2D2
S31520245A900646174640204FF420729846FDF716FCFA
S31520245AA0054628B34389132B02D8134801F0C4FC96
S31520245AB06C684046FBF760FD2080BDF81800FBF794
S31520245AC05BFD676060803046FBF759FDA0609DF83A
S31520245AD01C0040F4A040FBF74FFDA081BDF8200018
S31520245AE0FBF74AFD0023E08123746374A374E374D3
S31520245AF02846BDE8F08100BF9CA6242010B5044684
S31520245B0086B030B90B48CDE9041201F095FCDDE9C5
S31520245B100412638D029310230193238B0093E38A2B
S31520245B20606AFFF7B1FF18B1628D636A1344E3629A
S31520245B3006B010BDCAA6242010B9024801F07CBCA8
S31520245B40704700BFEFA624207FB505460C461E4687
S31520245B5012B9104801F070FC16B90F4801F06CFCFC
S31520245B602846FBF70CFD142349F6C7410246204656
S31520245B70CDE90131BDF8243000210093BDF8203031
S31520245B80FFF782FF044608B1FFF7D6FF204604B06C
S31520245B9070BD00BF15A724202FA72420F7B50446BF
S31520245BA017461E460D4611B90D4801F045FC5CB139
S31520245BB0207A48B1FDF780FA50B92846FDF732FB02
S31520245BC06FF0030003B0F0BD3046FCF729FAF3E763
S31520245BD0009033463A4629462046FFF719FFF1E737
S31520245BE04AA724202DE9F04F2DED028B91B00446AF
S31520245BF00A93002309910692ADF83E3060B9AA484B
S31520245C0003F07EF8A94803F07BF86FF00F0011B05B
S31520245C10BDEC028BBDE8F08FB0F86230428E5B0873
S31520245C20934228BF1346002B08BF1346089301F03E
S31520245C30CDFD099B0BB99E48E2E7237D072B03D094
S31520245C40023B022B00F26482069BF3B1B4F8643043
S31520245C50069A934206D2638B43F0800363834FF0E4
S31520245C60FF30D4E7B4F86620112A06D9914AB2F82F
S31520245C709C300133A2F89C30EDE7236FD2B123B9AF
S31520245C80E36E13B98C4801F0D7FBB4F86630E66E80
S31520245C900793B6B9B4F86890B9F1000F00F0CC8117
S31520245CA08648B04601F0C8FB3546B3463746B1464A
S31520245CB0059683E013B9E36E002BE6D08048E2E70D
S31520245CC0059E3368B0460593002BF9D1377B33895B
S31520245CD0BF00089A07F004073B449A4202DA79481F
S31520245CE001F0AAFB089B3589B4F868205D1B7389CB
S31520245CF0ED1B9A42ADB202D0734801F09DFBB4F855
S31520245D006870ADF83E70002F61D0AF4202D96F483B
S31520245D1001F092FBBDF83E30069A9A4228BF1A46D5
S31520245D20AA42174628BF2F46DB1BED1B9BB2ADB2DA
S31520245D30ADF83E3033B1069BBB4200F0EC8164487B
S31520245D4001F07AFB069B9F4280F0E581002D00F02E
S31520245D506E81B8F808B0BBF1000F00F06B81DE1B12
S31520245D600A9BAE42A8BF2E46DB071FFA86F930D5FA
S31520245D7001232A464946002002930A9BCDE9004363
S31520245D800DF13E03FFF794FD8246002800F0BD81E5
S31520245D90099B4A4640680025D919BDF83EB002F031
S31520245DA077FF5046FDF744FB079B03449BB207939A
S31520245DB0B9444646CDF814A01FFA89F90A9B4FF018
S31520245DC0000A03F00103CDF82CA00C93EBE03E4609
S31520245DD0B8E7D8F804A05246DAF800A0BAF1000FA2
S31520245DE0F9D1137B13F0C00F0CD151895368099A2A
S31520245DF00B449A4206D1D7B136484D46D34601F0B4
S31520245E001BFBD5E7012249460020FDF75FFA82468F
S31520245E10002800F07A81099B00253B44AB46436049
S31520245E20FDF706FB079B03449BB20793C0E74D4629
S31520245E30BB46BDE7069B089AA3EB09039BB2934274
S31520245E4028BF13469BB208EE103A0C9B002B45D054
S31520245E50BAFA8AF318EE101A54205B0902930A9B85
S31520245E60CDE900430DF13E03FFF722FD0646002827
S31520245E7051D0438918EE102A934202D2164801F0B3
S31520245E80DBFA099B18EE102A706803EB090102F04D
S31520245E90FFFE3046FDF7CCFA079B03449BB2122B18
S31520245EA0079362D9304634E073A724209AB024205D
S31520245EB08AA724203C800220BBA72420D4A82420DF
S31520245EC0F5A7242027A824203EA824206DA8242012
S31520245ED08DA82420ABA8242003A92420BDF83E3055
S31520245EE013B18F4801F0A8FA012218EE101A542073
S31520245EF0FDF7ECF978B1099A00210D904A444260C5
S31520245F004FF420725420FDF7E1F90D9B064640BB41
S31520245F101846FDF787F9638B824A43F0800363830F
S31520245F20B2F89C300133A2F89C30059B13B1184655
S31520245F30FDF778F9BAF1000F02D05046FDF7BCFDE3
S31520245F40B4F86630002B3FF48AAE236F002B7FF4FF
S31520245F5086AEE36E002B7FF482AE734801F06CFA92
S31520245F607DE61946FDF780FA93E7E36D0022314654
S31520245F7020464B440092FFF7DBFC06460028CAD075
S31520245F80BDF83E304381BAF1000F4ED00B9B13B996
S31520245F90664801F051FA0B9B1E6018EE103A0B96B8
S31520245FA099441FFA89F9069B9945FFF443AFB8F122
S31520245FB0000F07D0BBF1000F04D0B8F80A305B4499
S31520245FC0A8F80A30AFB1D8F80490B9F1000F3AD125
S31520245FD0B8F808303B44A8F80830B8F80A30BB4251
S31520245FE002D2534801F028FAB8F80A30DF1BA8F861
S31520245FF00A70BDF83E30A4F86830059B002B3BD0B0
S31520246000B8F1000F02D14B4801F016FA0599D8F8B9
S315202460100400FDF729FA059AB8F8083012891344A2
S31520246020A8F80830C8F800A048E08246B5E7AB4671
S31520246030B946C3E65D46FBE74D46CB464F46C846A2
S31520246040CDF81490BAE6B9F808303B44A9F80830BC
S31520246050D9F800306BB9D9F804303A46B9F80A0091
S315202460600999184402F014FEB9F80A303B44A9F8D9
S315202460700A30D9F80090A8E7DDB1B8F1000F02D094
S31520246080D8F8043013B92C4801F0D6F9D8F80430BE
S315202460901A8919682A4492B21A8141B95A892A44FA
S315202460A05A81B8F808301D44A8F80850BAE70B4698
S315202460B0EEE7B8F1000FB5D1C4F86CA0E36D069ACB
S315202460C01344B4F86420E365069BD21A079BA4F8EC
S315202460D06420A4F8663033B1236F23B9E36E13B951
S315202460E0114801F0A9F976B1306900283FF48FAD23
S315202460F00A9B13F0020506D184890820FBF73CFA73
S31520246100336920439881002081E54FF0000A02E775
S315202461106FF00A007BE54FF0000A554652E700BF90
S3152024612041A924203C800220F9A924204FA92420F7
S3152024613060A924208CA92420C4A924202DE9F74F42
S315202461400D46064610B9594801F076F9F46E14B96D
S315202461504FF0FF3005E03DB9554801F06DF96FF059
S31520246160050003B0BDE8F08F2389AB4201D8002077
S31520246170F7E7738EAB4202D24E4801F05DF92389AC
S3152024618013B94D4801F058F994F80CB04FF4207205
S31520246190B4F808A054204FEA8B08AAEB050108F08E
S315202461A004081FFA81F918FA81F189B2FDF78EF8CD
S315202461B0074600286CD060682289038979689B1A4F
S315202461C04A4641442B449BB2FDF72AFA484560D1DE
S315202461D023699889FBF7D0F910F008095FFA80F82B
S315202461E023691ABF4FF0080908F0370808F03F083A
S315202461F0586818F0010F1CBF49F0010908F0FE0861
S31520246200FBF7BDF939462B184A463046CDF800B05F
S31520246210FFF78EFB074600283AD06068A5EB0A05CF
S31520246220FDF706F9B6F866301FFA85F9181AA6F886
S3152024623066006068018911FA85F189B2FDF7B4F800
S315202462402389404699442369A4F808909D89FBF71D
S3152024625093F9236928439881002360686381FDF795
S31520246260E7F8B6F866301844A6F866007868FDF78D
S31520246270DFF8B6F8663018442368A6F866003B6033
S315202462802760386800287FF472AFA6F8680068E78C
S3152024629000270A4AB2F89C300133A2F89C30002FFA
S315202462A03FF456AF3846FCF7BDFF51E717AA242002
S315202462B039AA24205BAA242068AA24203C800220F0
S315202462C02DE9F74311F0030804460E4602D135483A
S315202462D001F0B2F814B9344801F0AEF8C6F34007F9
S315202462E04FF4207254204FEA87094946FCF7EEFFE3
S315202462F0054670B9638B4FF0FF302C4A43F0800358
S315202463006383B2F89C300133A2F89C3003B0BDE8F5
S31520246310F08343894B4502D2254801F08DF829463E
S3152024632000973246E36D2046FFF702FB05460028F8
S31520246330E0D003699A0702D01E4801F07DF82B8904
S3152024634013B11D4801F078F8E36E23BBE5660023DC
S31520246350A4F86830B8F1000F02D0E36D0133E36569
S31520246360F307686842BF638B43F020036383FDF7FA
S315202463705FF8B4F86630184480B2A4F86600002882
S31520246380C4D0206F28B9E46E002CBFD10B4801F06D
S3152024639053F80020BAE71A461B68002BFBD1156058
S315202463A0D5E700BF76AA2420CBAA24203C8002202D
S315202463B0EAAA242023AB24203BAB242065AB24202B
S315202463C0F8B5044610B9114801F036F8E56E4DB1FA
S315202463D02F462D68002DFBD13B699889FBF7CCF8F5
S315202463E0430705D020460121BDE8F840FFF768BFC2
S315202463F03B6901209E89FBF7BFF83B69304398818E
S315202464002846638B43F020036383F8BD8DAB242079
S315202464102DE9F041044610B91C4801F00DF8256FEA
S3152024642045B96FF00500BDE8F081FFF733FA00285F
S31520246430F7D12D682B682846002BF6D1FFF72AFAA8
S315202464400028EED1E36E2B6013B96B89A4F868304B
S31520246450236F0026E366638B266743F400636383F6
S315202464602B695868FBF78BF82B690746B5F8088003
S315202464709889FBF781F810F003034744304618BF68
S31520246480012366633B44E364CDE700BFA7AB242006
S31520246490F8B5044610B9194800F0CEFF256F15B972
S315202464A06FF00500F8BD2846FFF7F4F90028F7D148
S315202464B02B6804F16C062367336883B933682B6011
S315202464C035602B680BB9A4F8683094F84230002044
S315202464D0FF2B60631CBF013384F84230E2E71B693B
S315202464E05868FBF74CF82B6907465868FBF747F89A
S315202464F0381A0028E2DA3668DEE700BFCBAB242040
S3152024650038B5044610B9134800F096FF236FFBB123
S31520246510638B5B071CD42046FFF7BAFFC0B9B4F8B7
S315202465206010B4F848302086994228BF1946638ED5
S315202465305D004A10B5EB510F2B4488BF2A461344DD
S31520246540A4F84A20A4F84830638B43F004036383D9
S3152024655038BD00BFE3AB24207FB5BDF824500446C4
S31520246560BDF82860084611461A46089BCDE90056F0
S31520246570CDE90223FFF7E8FA014638B12046DDE9C2
S31520246580022304B0BDE87040FFF708BB04B070BDF9
S31520246590F0B585B00D4604461146BDF82C601A4642
S315202465A0BDF830700A9B88B12846CDE90067CDE92D
S315202465B00223FFF7C9FA014640B100200A94DDE9F7
S315202465C0022305B0BDE8F040FFF722BA05B0F0BD9E
S315202465D038B5044610B9124800F02EFF206DFAF77C
S315202465E0CEFF002102462046FFF788FA054630B919
S315202465F0638B6FF0010043F00303638338BDFFF7F9
S315202466009BFA231D224629462046FFF7C7FA638B89
S3152024661018B143F003036383F0E723F00303FAE777
S3152024662000AC24202DE9F04F044687B001F0CEF8A3
S3152024663014B98D4800F000FF237D012B02D18B480D
S3152024664000F0FAFE8A4B1B68A34200F07281E56EA5
S315202466504DB9638B990740F16881204607B0BDE880
S31520246660F04FFFF7B5BF207A04F10409B4F8488027
S31520246670B4F8606040B3FCF71FFD0746002800F0FD
S31520246680708123680BB9436823602B69B045586809
S3152024669028BFB046FAF773FF2B89626C9B1A1844DD
S315202466A0404515D9B4F860304345D2D1236F002B09
S315202466B0CFD194F89530002BCBD14FF4807284F827
S315202466C09630A4F89420C4E74846FBF7A9FCD4E7DF
S315202466D00023266F84F8953026B133463668002E5B
S315202466E0FBD11E46DFF894A1E5E0237D022B09D0B9
S315202466F02B691020B3F80CB0FAF73EFF2B694BEA2E
S31520246700000098812846FFF7C5F8002875D1D5F8CA
S3152024671010B0606AFAF733FFCBF80800608DD5F8FD
S3152024672010B0FAF729FF628D636AABF80E00134482
S31520246730D5F810B0E3622B7BDB074FD40BF1140B77
S31520246740B4F93030002BBCBF00232386636B3BB9BE
S31520246750484A2B69126862635868FAF710FFA063C7
S315202467606A682B6951685089591A536089B2401A2C
S3152024677050811089411A118100221A745A742A7B55
S31520246780920002F00402143213449B4502D03A4864
S3152024679000F052FE68682346D5F810B006210289F7
S315202467A0CDF8009001F0A3F8BAF89030ABF8100099
S315202467B04A46013302972146AAF8903006230193AC
S315202467C0A37A0093E37A6868FBF70CFEA8B1638B5F
S315202467D043F08003638307B0BDE8F08F4A463946E9
S315202467E040F2B4500BF1180BFDF756FF40F0017020
S315202467F0FAF7C5FE4BF8040CA2E700236B812B681D
S31520246800E366237D022B1EBF638B23F0030363835E
S315202468102B695868FAF7B3FE2A892B698346059291
S315202468209889FAF7A9FE059A10F003039344226D5A
S3152024683018BF01235B44B5F808B0D21A002AB8BF82
S3152024684023652B699889FAF797FE10F0030018BF61
S31520246850012010EB0B0F00F0808000232B60236F88
S3152024686073B925672E4623E020AC242038AC242077
S31520246870788102204081022075AC24203C8002208D
S315202468802B695868FAF77BFE336983465868FAF7EA
S3152024689076FEABEB000000285DDA04F1700BDBF802
S315202468A00030002B47D1DBF800302B60CBF800508A
S315202468B0E56E002D36D02B695868FAF760FE636C96
S315202468C0C01A2B89184440452AD82B699889FAF767
S315202468D053FE420702D5244800F0AEFD236F002B39
S315202468E03FF403AF628B12F0440F7FF4FEAEE36EC7
S315202468F043B1196800297FF4F8AE1989638E994229
S31520246900BFF4F3AEB4F86430002B3FF4EEAEB4F803
S315202469106630112B3FF6E9AE12F0A00F7FF4E5AED8
S31520246920E36E13B90023A4F86830638B23F0800325
S31520246930638300204FE71B695868FAF720FE2A69EB
S3152024694005905068FAF71BFE059B181A0028AADA28
S31520246950DBF800B0A3E7356084E72846FDF79EF8E8
S31520246960A6E76FF0030036E75EAC242010B5044674
S3152024697010B9074800F060FD94F842302046FF2BDA
S315202469801CBF013384F84230BDE81040FFF74ABECD
S3152024699088AC242010B5044610B9064800F04CFDD6
S315202469A02046FFF735FD20B92046BDE81040FFF7E5
S315202469B0DDBF10BDABAC242070B5044610B90D48FC
S315202469C000F03AFD206D0138FAF7D9FD0021024660
S315202469D02046FFF793F8054648B1FFF7ADF8231D67
S315202469E0224629462046BDE87040FFF7D7B84FF007
S315202469F0FF3070BDC7AC24202DE9F041064610B9DE
S31520246A002A4800F019FDF56E002D48D096F89630C8
S31520246A10FF2B1CBF013386F896302B699889FAF709
S31520246A20ABFD10F001042B69304618BF2C895A6817
S31520246A301CBFB4FA84F4640984F00101FFF75EF8DC
S31520246A40074678B3D0F80480F4B1B8F90C40112065
S31520246A50FAF792FD24F47C542043A8F80C002B69E1
S31520246A605868FAF78CFD336D01301B1A002BB8BFFA
S31520246A7030653846FFF760F8331D324639463046AE
S31520246A80BDE8F041FFF78AB8686808F114012A891D
S31520246A9003899B1A01229BB2FCF7C2FDDFE7284615
S31520246AA0BDE8F0814FF0FF30FAE700BFE2AC2420A6
S31520246AB070B504460A200E461546FCF76FF920B910
S31520246AC00F48BDE8704000F0B7BC00230D4A44604F
S31520246AD003601368C0E902650BB9106070BD59685C
S31520246AE0611A002901DA0360F7E719461B681BB1EE
S31520246AF05A68A21A002AF8DA03600860EEE700BF73
S31520246B0005AD24209481022038B54368044698474D
S31520246B1000F0EFFD074B25681B6807492B441A1AFA
S31520246B20002A2246B4BF40191846BDE83840FFF74C
S31520246B30BFBF00BF90810220096B242070B5044674
S31520246B400D46164600F042FEB4F1804F02D3064885
S31520246B5000F072FC00F0CDFD324629462044BDE8E3
S31520246B607040FFF7A5BF00BF42AD242008B500F032
S31520246B702DFE094B1A6872B9084A126812B9084AB6
S31520246B80126842B101220749FA201A600022BDE880
S31520246B900840FFF7D3BF08BD988102203081022008
S31520246BA048810220A96B242008B5FDF7ABFB084BAE
S31520246BB01B6813B9074B1B6833B100220649FA20F8
S31520246BC0BDE80840FFF7BABF044A136008BD00BFDA
S31520246BD03081022048810220A96B2420988102201A
S31520246BE070B5064D0124064E55F8080F013431465A
S31520246BF02A46FFF7A3FF062CF6D170BD78AD2420B4
S31520246C00096B24202DE9F04100F0E0FD0D4E00F023
S31520246C1070FDDFF834800446316889B14B68E21A66
S31520246C20002A0DDB0A680A20C8F800303260D1E930
S31520246C300257FCF7CBF8002DEED03846A847EBE7D1
S31520246C40BDE8F081948102209081022010B5084C61
S31520246C5000F0BCFD23683BB100F04BFD23685B6844
S31520246C60181A48BF002010BD4FF0FF30FBE700BFA5
S31520246C709481022008B500F0EDFB6FEA8040024B98
S31520246C806FEA9040188008BD3A8D24202DE9F04FD4
S31520246C90054687B0894600F099FD15B9744800F059
S31520246CA0CBFBB9F1000F02D1724800F0C5FB724B21
S31520246CB0B3F87A201F460132A3F87A206A89072A54
S31520246CC00FD8B3F882200132A3F88220B3F87E208D
S31520246CD00132A3F87E20284607B0BDE8F04FFCF702
S31520246CE0A1BADFF8AC810026D5F804A0D8F8001084
S31520246CF0D8F81400FBF787FB0290BAF80000FAF7BD
S31520246D003BFC0390BAF80200FAF736FC5B4A33467A
S31520246D1004901468934644B9002E50D1D9F80420FF
S31520246D20D8F814309A424AD0D5E7628A04998A42FE
S31520246D3062D1B9F1000F04D15148059300F07CFBB0
S31520246D40059B217A39B1D8F8042092F830200132D3
S31520246D50D2B2914250D1029A2168002A46D041B11A
S31520246D60D8F81400421C04D04840D9F808201042F0
S31520246D7042D1227C52070FD4002E40D0029A5AB1F7
S31520246D80D8F81420013207D1D9F804003268824277
S31520246D9002D0884208BF2646A28A03998A422BD14A
S31520246DA0616819B1D8F81020914225D14BB3E268F5
S31520246DB0DA60DBF80030CBF80040E3602646BAF8E8
S31520246DC0063023B32F4B11212A8928460093043BCE
S31520246DD000F08DFDD8B1B7F880300133A7F8803084
S31520246DE0B7F87E300133A7F87E3074E70029C0D067
S31520246DF0D8F814208A42BCD02346E4688BE726465A
S31520246E00CAE7B7F88E300133A7F88E30D6E70821A3
S31520246E102846FCF7D7F918B11B4800F00DFBDFE70D
S31520246E206EB1B469002C3FF456AF039B2A463146F3
S31520246E300093164BF069A04707B0BDE8F08F029B5C
S31520246E4083B9D8F8143003F0F003E02B0AD0B8F82D
S31520246E500C102846083109B2FCF7DCF90321284610
S31520246E6001F0EAFEB7F888300133A7F88830B7E76F
S31520246E70A8AD2420C0AD24203C8002209C81022061
S31520246E80D9AD2420C8810220FEAD2420C48102202D
S31520246E90B48102202DE9F04188460746164600F0A3
S31520246EA095FC2B4BB8F1000F08BF98464FB92948BB
S31520246EB001F026FF284801F023FF6FF00F00BDE8DC
S31520246EC0F081264801680D46CDB9002E3DD1244BAC
S31520246ED04FF480444FF6FF7C1E8866450A4616BF2B
S31520246EE001364FF44046B6B27AB91E80D8F800301F
S31520246EF07E823B600DB9F96007600020DFE7BD4242
S31520246F0001D0ED68E0E70125DFE7B2F812E0B645C7
S31520246F1007D1013CA4B2002CDFD11E806FF00700DC
S31520246F20CDE7D268E0E7BB420BD05A8AB24208D1D9
S31520246F30D8F800401A68A242F0D0002CEED0002ABD
S31520246F40ECD0DB68002BEED1D0E70B46FAE700BF66
S31520246F509C94242018AE24209AB024209C8102209C
S31520246F603A8D24202DE9F04F064685B00F469046CB
S31520246F709A46DDE90EB900F029FC5EB942486FF045
S31520246F800F0401F0BDFE414801F0BAFE204605B0AB
S31520246F90BDE8F08F0FB93E48F1E7B8F1000F01D1D3
S31520246FA03C48ECE7B9F1000F01D13B48E7E7BBF1B8
S31520246FB0000F01D13948E2E7728A3AB13A894FF66D
S31520246FC0F7739A420AD94FF0FF34DFE73146304629
S31520246FD0FFF760FF04460028F0D0D7E7082138467B
S31520246FE0FCF7ECF800284DD04FF4207208214020DD
S31520246FF0FCF76CF905460028E5D03B8913B13946C0
S31520247000FCF760FA6B89072B02D8254800F014FA7E
S315202470106C68708AFAF7B0FA20805046FAF7ACFAF0
S3152024702000236080A371E3712889FAF7A5FAA0804A
S31520247030337CDB070DD42A894B4611212846CDF8EB
S31520247040008000F054FC4FF6FF73002808BF184632
S31520247050E08011234246494628460193B37ACDF847
S3152024706008B00093F37AFBF725F9BD42044602D0F3
S315202470702846FCF7D7F80B4AB2F878300133A2F821
S31520247080783083E73D46BDE72EAE24209AB02420CF
S315202470904DAE24206DAE24208FAE2420B1AE2420E4
S315202470A0D2AE24203C80022073B5069C48B91348CE
S315202470B001F026FE124801F023FE6FF00F0002B0E5
S315202470C070BD09B90F48F3E70AB90F48F0E70CB9A0
S315202470D00E48EDE705681DB105F0F006E02E05D132
S315202470E0251DCDE90045FFF73DFFE8E76668B54253
S315202470F001D10546F5E76FF00300E0E700AF242031
S315202471009AB024201BAF242037AF242055AF242027
S31520247110F7B50E4615461F46044648B9144801F0CD
S31520247120EFFD144801F0ECFD6FF00F0003B0F0BD25
S3152024713009B91148F3E70AB91048F0E7007A58B19B
S31520247140FBF7BAFF60B90E4A6FF00300B2F8863017
S315202471500133A2F88630E9E71046FAF761FFF1E712
S3152024716000903B462A4631462046FFF79DFFDDE721
S3152024717072AF24209AB024208AAF2420A3AF2420BF
S315202471803C800220024610B540B9094801F0B8FDDA
S31520247190084801F0B5FD6FF00F0010BD09B9064867
S315202471A0F4E7838A0432BDE81040FFF7B1BF00BF5D
S315202471B0BEAF24209AB02420D4AF242070B5044610
S315202471C00D46164600F002FB44B9144801F098FDFA
S315202471D0134801F095FD6FF00F0070BD0DB91148CD
S315202471E0F4E7628A6AB12B680F4A63601168237CAC
S315202471F00846A68243F00403237448B9E160146048
S31520247200EBE721462046FFF745FE0028EBD0E4E7AE
S31520247210844201D0C068F0E70020DEE7EBAF2420CB
S315202472209AB0242004B024209C81022070B50446E0
S315202472300E46154600F0CAFA3CB9054801F060FD11
S315202472400448BDE8704001F05BBDC4E9066570BD05
S3152024725020B024209AB0242010B5044600F0B6FA93
S315202472603CB90F4801F04CFD0E48BDE8104001F012
S3152024727047BD0D4A1368A34208D1E368136021460B
S315202472800020BDE81040FBF7A1BD1346002BF6D005
S31520247290DA68002AF3D0A242F7D1E268DA60EEE770
S315202472A036B024209AB024209C81022010B500F0E8
S315202472B08DFA0020FBF772FD044628B120220021F6
S315202472C001F0D6FCFF23E372204610BD08B500F05A
S315202472D07DFABDE80840FFF7E9BF000010B538B1B4
S315202472E003682BB121B10B6813B1064B1B6803B974
S315202472F010BD1C680268944204BF0A681A60DB68C1
S31520247300F5E700BF9C81022070B504460D4600F0A7
S315202473105DFA63890E2B04D8294B1A8D01321A85DE
S3152024732027E0E37B1BB995F830300133E37360689B
S3152024733003788689D9070AD5012B21D1437833B9F5
S3152024734083785E2B03D1637B43F010036373082E6B
S3152024735020D0B6F5C16FDFD195F82D301B070BD57C
S315202473600E212046FBF72EFF20B3154B5A8C0132D3
S315202473705A84DA8B0132DA832046FBF753FF17E04F
S315202473800622104901F0A4FC0028E0D1637B43F0B7
S315202473900803DBE795F82D301A07EDD50E21204674
S315202473A0FBF710FF0028E7D129462046FAF770FE7E
S315202473B0002070BD29462046FAF794FBF8E700BF43
S315202473C03C8002207FB024202DE9F0470D46044638
S315202473D0BDF8200017469846FAF7CEF80E218146A6
S315202473E02846FBF7EBFED8B900F0F0F96E680622A2
S315202473F041463046A6F80C9001F04AFC062239462E
S31520247400B01801F045FC94F82C30062B02D00848FD
S3152024741000F012F8A36929462046BDE8F04718470C
S31520247420044A6FF00100538901335381BDE8F08764
S315202474304EB024203C8002200146054808B501F0A0
S315202474405FFC4FF47A7001F04BFC01F00DFCFEE753
S315202474508BB02420054B43F239020549186801FBD9
S3152024746000201860C0F30E40704700BFA081022080
S315202474706D4EC64110B5044600220846042101F06B
S31520247480E3FB206070B1094AB2F8EC30B2F8EE1072
S3152024749001339BB29942A2F8EC3001D2A2F8EE3005
S315202474A0002001E04FF0FF3010BD00BF3C800220B9
S315202474B010B50446006801F003FC80B14FF0200388
S315202474C083F31188BFF36F8FBFF34F8F09490A487F
S315202474D001F0D2FB4FF4FA7001F002FCFAE7074AD6
S315202474E02068B2F8EC30013BBDE81040A2F8EC301D
S315202474F001F0CABB9DB02420B8B024203C800220B1
S315202475001FB5002401910394EFF305830068ABB1E2
S31520247510234603AA01A901F0CFFB012814D1039BFA
S31520247520012B02D0002004B010BD0C4B4FF080520A
S315202475301A60BFF34F8FBFF36F8FF3E71A4601A963
S3152024754001F0B2FB0128EDD0054A4FF0FF30B2F806
S31520247550F0300133A2F8F030E5E700BF04ED00E077
S315202475603C800220F7B50D460646174601F0C0FB9F
S31520247570044605B901AD87B13A462946306801F05B
S31520247580ABFB012804D101F0B3FB001B03B0F0BDF3
S3152024759000234FF0FF302B60F8E74FF0FF322946C7
S315202475A0306801F099FB0128F7D101F0A1FB001BDB
S315202475B0012838BF0120E9E707B501B901A900222E
S315202475C0006801F089FB013818BF4FF0FF3003B063
S315202475D05DF804FB012938B504460D4618D908461A
S315202475E001F05AFB20602068104CB8B115B901214E
S315202475F001F082FBB4F8E030B4F8E22001339BB2E8
S315202476009A42A4F8E03001D2A4F8E23000200CE01B
S3152024761003220021012001F017FBE3E7B4F8E4302C
S315202476204FF0FF300133A4F8E43038BD3C800220EB
S3152024763070B50E46054601F05BFB04464EB1314635
S31520247640286801F059FB012811D101F051FB001BB8
S3152024765070BD4FF0FF31286801F04EFB0128F8D188
S3152024766001F046FB001B012838BF0120F0E74FF02C
S31520247670FF30EDE710B50446012001F011FB0C4A3A
S31520247680206068B1B2F8E630B2F8E81001339BB234
S315202476909942A2F8E63001D2A2F8E830002006E08A
S315202476A0B2F8EA304FF0FF300133A2F8EA3010BDA9
S315202476B03C80022010B504464FF0FF31206801F0AB
S315202476C01BFB0128F8D110BD002300681A46194651
S315202476D001F0EABAFFF7F8BF044A0068B2F8E030AE
S315202476E0013BA2F8E03001F0CFBA00BF3C80022053
S315202476F0704701F0FDBA000030B51C1E054685B042
S31520247700084602DC0948FFF797FE03AB2946019376
S31520247710089B00931346A2B201F0E6FA012801D071
S315202477200348F0E7039805B030BD00BFCAB0242033
S31520247730DCB0242010B5EFF305845CB1EFF311847B
S315202477404FF0200383F31188BFF36F8FBFF34F8F3E
S31520247750204610BD01F088FAFAE7EFF3058313B12A
S3152024776080F31188704701F0A3BA000010B5074CA6
S315202477700748FFF79FFF23781BB901F069FA054BC9
S31520247780186023780133237010BD00BFA8810220FE
S315202477905C920120AC810220054A1378013BDBB29E
S315202477A013700BB9034A13600348FFF78DBF00BF3C
S315202477B0A8810220AC8102205C92012008B501F028
S315202477C047FA014B186008BDB081022008B5EFF3B3
S315202477D0058313B10848FFF72FFE084B1B6853B1C6
S315202477E001F036FA064B1B68834202D1054B1B78DF
S315202477F00BB90548EFE708BDF1B02420B08102205B
S31520247800AC810220A881022018B1242013B500239C
S3152024781010F00104ADF8063007D09942C2BF10F803
S31520247820013B01F1FF318DF807300022012915DCB7
S3152024783004BF03788DF80630BDF80630134498B279
S3152024784000EB134398B200EB134024B10302C0F398
S3152024785007209BB2184380B202B010BD30F8023BF9
S3152024786002391A44E2E72DE9F0411C680746069BB3
S31520247870884616461D682B0C13FA85F3002513FA21
S3152024788084F303EB14439CB204EB13439CB204EB22
S315202478901344C7B925B12302C4F307249BB21C433E
S315202478A04046F9F769FE05463046F9F765FE284431
S315202478B00444A0B200EB1444A0B200EB1440C0430D
S315202478C080B2BDE8F08179897868FFF79FFF7B89AC
S315202478D02044DB0784B204EB104406D52302C4F3E8
S315202478E0072485F001059BB21C433F68D1E7FFF7A7
S315202478F0BABF08B5FFF78AFFC04380B208BD70B56A
S3152024790000260546344645B926B12302C4F3072466
S315202479109BB21C43E04380B270BD69896868FFF737
S3152024792075FF6B890444DB07A0B200EB144406D50B
S315202479302302C4F3072486F001069BB21C432D6838
S31520247940E1E743798B421FBF002341718371038171
S3152024795070470000F8B5871C04460D461646442F6A
S3152024796002D90548FFF768FD330AB8B22B550134EE
S31520247970A4B22E55F8BD00BF3AB12420F8B51E4630
S31520247980023304460D4603441746442B02D90548A0
S31520247990FFF752FD631CA01C2F559BB280B2EE54D8
S315202479A0F8BD00BF75B12420F8B5071D04460D4641
S315202479B01646442F02D90948FFF73EFD330E320CD2
S315202479C02B55631CB8B29BB2EA54A31C0334320A47
S315202479D09BB2A4B2EA542E55F8BD00BFB7B12420D9
S315202479E00346104630B45C1CFF25A2B2CD5411FAAE
S315202479F084F100251446432C0BD9442AC3F1430190
S31520247A0003F1F10388BF0021194430BC89B2FBF766
S31520247A10CBBC013401F8015BA4B2ECE738B5134D95
S31520247A202B78DBB9124C236813B11248FFF704FDD7
S31520247A30FFF73CFC2060B0B1427A0F4942F0200285
S31520247A4042724422FFF726FA43220B492068FFF785
S31520247A50B5FB002209492068FFF7E8FB2B78002094
S31520247A6001332B7038BD4FF0FF30FBE7D081022045
S31520247A70CC810220F1B124209C942420118124201D
S31520247A8023B5054638B9384801F03AF9374801F084
S31520247A9037F902B020BD006A08B93548F4E7002337
S31520247AA04382836A5A1C0CD01E33B3F5701F36BF0B
S31520247AB03C224FF6FF73B3FBF2F39AB2002B3CD051
S31520247AC08282C36A591C0ED01E33B3F5701F36BF6B
S31520247AD03C224FF6FF73B3FBF2F39AB2002B2FD03E
S31520247AE042814389C381036B5A1C0DD01E33B3F5BF
S31520247AF0701F36BF3C224FF6FF73B3FBF2F39AB2C4
S31520247B000BB3828183890382838942899A4202D351
S31520247B100BB100234381C379DB0717D5036A00936E
S31520247B200A21436A0193FFF70CFF01AB00F11C01E4
S31520247B306A462846FBF7AAF9ABE701238382C0E7E6
S31520247B4001234381CDE701238381DBE790F91C20A0
S31520247B50037F002A01DBFF23E1E7BF2B8CBF6FF0D5
S31520247B607F434FF6FF73DAE716B224209AB02420F7
S31520247B702FB2242038B5084D2B7813B90748FFF7A0
S31520247B805BFC2C78013CE4B22C7024B9044D286883
S31520247B90FFF762FB2C6038BDD081022047B2242017
S31520247BA0CC81022037B50023264D0446C0E908336C
S31520247BB0EB7813B1244BDB6883622B79002B34D0EA
S31520247BC0214B1B69E3626B79002B31D01E4B5B69F9
S31520247BD023630B69E361AB79002B2ED01A4B98696A
S31520247BE0F9F7CDFCE379206243F00103E371EB79C5
S31520247BF023B1154BD869F9F7C2FC60622B7A93B16D
S31520247C00114C206AF9F7BBFC01A901900020F9F751
S31520247C1021FE6B7A3BB1606AF9F7B1FC01A9019088
S31520247C200120F9F717FE03B030BDA36A5B08C9E724
S31520247C30A36AC3EBC303DB08CAE7E37923F0010372
S31520247C40D4E700BFD1810220DC8102202DE9F8432C
S31520247C500E4690469946054648B93B482F4601F09C
S31520247C604FF83A4801F04CF83846BDE8F88339B93C
S31520247C703748374601F044F8344801F041F8F3E711
S31520247C804FF420724FF49A715420FBF71FFB0746BA
S31520247C900028E9D04389B3F59A7F02D22D48FFF7ED
S31520247CA0CBFBB8F1030F02D17379032B07D1B37918
S31520247CB0294C13B9FFF7CEFB2060236833607C68F8
S31520247CC04FF49A720021204600F0D2FF012323701C
S31520247CD0637095F82C30A3703068F9F750FCB8F10E
S31520247CE0040F60600AD0A8F10703012B06D9B8F146
S31520247CF0030F05D17379043B012B01D86B68E3600C
S31520247D0005F1260304F11C022C3513F8011B9D4290
S31520247D1002F8011BF9D163236FF07D0284F8F280E7
S31520247D2084F8EC3084F8EF30352384F8ED20532280
S31520247D3084F8F030012384F8EE2084F8F1300323EC
S31520247D40A9F8003090E700BF6BB224209AB02420F3
S31520247D508AB22420A8B22420048202202DE9F04FBE
S31520247D60074685B058B957486FF00F0500F0C8FF6D
S31520247D70554800F0C5FF284605B0BDE8F08F046AB3
S31520247D8044B952486FF0050500F0BAFF4E4800F07A
S31520247D90B7FFF0E701212046FFF7D3FD0DF10E03AF
S31520247DA0032221463846FFF751FF0646002800F0D5
S31520247DB08680456802233922BDF80E00F035DFF887
S31520247DC020A12946FFF7DAFDBA8C2946ADF80E0004
S31520247DD0FFF7C0FD042332222946ADF80E00FFF713
S31520247DE0CDFD8046ADF80E00E069F9F7C8FB29469B
S31520247DF002464046FFF7D8FD042336222946ADF80D
S31520247E000E00FFF7BBFD8046ADF80E00A069F9F7FA
S31520247E10B6FB294602464046FFF7C6FD04233722F1
S31520247E202946ADF80E004FF00408FFF7A7FDADF85C
S31520247E300E002748BDF80E901AF801BBB9F1430F5E
S31520247E4002D9FFF7F9FA224809F1010308F1FF388C
S31520247E5005F809B09BB218F0FF08ADF80E30E9D129
S31520247E60294618463246FFF7BBFD1A4B1A48314697
S31520247E701A4ACDE9007343230068FFF773F80546B1
S31520247E803046FBF7CFF9A379FF2B1CBF0133A3710F
S31520247E90A279052A97BF01234EF660239340C3EB8C
S31520247EA0431298BF03EB82034FF4FA729CBFDB0084
S31520247EB09BB203F2F313B3FBF2F323815BE74FF078
S31520247EC0FF35E0E7E8B224209AB0242003B3242007
S31520247ED01DB324209C942420CC810220A0942420E9
S31520247EE0BCB324202DE9F04F056A85B0074603212B
S31520247EF02846FFF726FD0DF10E0303222946384690
S31520247F00FFF7A4FE0646002872D0446802233922AD
S31520247F10BDF80E00F034DFF8ECA02146FFF72EFD45
S31520247F204FF410722146ADF80E00FFF713FD0423FB
S31520247F3032222146ADF80E00FFF720FD8046ADF80B
S31520247F400E00E869F9F71BFB214602464046FFF757
S31520247F502BFD042337222146ADF80E004FF00408CA
S31520247F60FFF70CFDADF80E002348BDF80E901AF845
S31520247F7001BBB9F1430F02D9FFF75EFA1E4809F176
S31520247F80010308F1FF3804F809B09BB218F0FF0862
S31520247F90ADF80E30E9D1214618463246FFF720FDAA
S31520247FA0164800974323164A31460068FFF77CF883
S31520247FB004463046FBF736F9AB792046FF2B1CBF07
S31520247FC00133AB71AB79092B96BFC3EB431242F233
S31520247FD0107303EB82034FF4FA729CBFDB009BB22F
S31520247FE003F2F313B3FBF2F32B8105B0BDE8F08F34
S31520247FF04FF0FF34E0E700BF1DB32420CC810220BC
S31520248000A0942420BCB324202DE9F04F0023046A15
S3152024801085B0074606212046E361FFF792FC0DF141
S315202480200E03012221463846FFF710FE0546002876
S3152024803044D0466802233922BDF80E00F036DFF8F4
S31520248040CCA04FF004083146FFF798FCBA8C314671
S31520248050ADF80E00FFF77EFC042337223146ADF817
S315202480600E00FFF78BFCADF80E002448BDF80E90C9
S315202480701AF801BBB9F1430F02D9FFF7DDF91F48DE
S3152024808009F1010308F1FF3806F809B09BB218F06C
S31520248090FF08ADF80E30E9D118462A463146FFF7B7
S315202480A09FFC174B17482946174ACDE900734323CB
S315202480B00068FEF757FF2846FBF7B4F8A37900207B
S315202480C0FF2B1CBF0133A371A279052A97BF012355
S315202480D04EF660239340C3EB431298BF03EB8203EF
S315202480E04FF4FA729CBFDB009BB203F2F313B3FB6B
S315202480F0F2F3238105B0BDE8F08F00BF1DB3242001
S315202481009C942420CC810220A0942420BCB3242017
S31520248110AA4B2DE9F04FD3F8048089B09246D8F89B
S3152024812020B0BBF1000F62D09BF80430002B5ED028
S3152024813053892B2B5BD952681378022B57D198F865
S315202481402C4008F1260002F11C010023DDB2AC42AA
S3152024815001D9062B44D15068F9F711FADBF80030FF
S31520248160984244D10A220021954800F081FDBAF88C
S315202481700A302B2B3BD90023BAF808900193F023FD
S3152024818000935746009C7B89A34236D97B68029369
S315202481904C4503D2029B195DFF2938D1884A13788E
S315202481A01046002B40F01281019B002B40F01681B3
S315202481B04378E3B1834ADAF804101379052B40F087
S315202481C021819BF8053003F0FD02012A40F0158118
S315202481D0D8F82000FFF7E6FC4046FFF751FC06E0DE
S315202481E010F8016B013311F8015BAE42AED0504634
S315202481F0FBF718F809B0BDE8F08FE41AA9EB0309B8
S315202482003F68A4B21FFA89F9002FBCD1EFE7A31C3B
S315202482109BB2A342EBD3651C7A8995420DDA029A46
S3152024822022445278062919D8062900F29C80DFE8B0
S3152024823001F09D1E9A629A9A69003A68002A00F0F3
S31520248240168152681278EDE7082800F28C80DFE840
S3152024825000F0656B757B8A8A8A818300A1F13300BD
S31520248260C6B2082EF0D94FF0FF36002503E0042AA3
S31520248270BDD11546062614444FF6FD718C42B6DC34
S315202482809C18A4B2002D72D0002207924C4A324464
S315202482900392092E04D94C480493FFF7CDF8049B66
S315202482A0039A1278002A62D1042D2A4607A9384631
S315202482B028BF0422CDE90423FBF7B2F9049A82428B
S315202482C095D1042D65D9AB0791D1039B012207981B
S315202482D0043D03F8012B0393F9F751F9394BEDB2F9
S315202482E043F82600059B1A1D92B293423FF67FAF90
S315202482F001361346CDE7032A7FF679AF07260425D0
S31520248300B9E7002291077FF472AF082A154628BFC1
S31520248310082595423FF66BAF0826ACE7042A7FF45E
S3152024832066AF15460326A6E7012A7FF460AF009997
S31520248330F0297FF45CAF154600269CE7012A7FF4BA
S3152024834056AF1546164696E7042A7FF450AF1546AF
S31520248350022690E7042AF2E7042A7FF448AF15463A
S31520248360052688E7002200297FF47DAFACB27B89DD
S31520248370A3423FF60DAFE41AA9EB0309A4B21FFAD0
S3152024838089F94C45BFF433AF3F68002F7FF4FEAE06
S315202483902DE70BD10798F9F7F2F807900123084A1D
S315202483A09355079B074A42F82630E0E7012D7FF4B0
S315202483B01EAF9DF81C300793F0E700BFB48102203E
S315202483C0D1810220DC81022052B32420424B002179
S315202483D01B681170012B0CD0022B05D100234FF0E2
S315202483E06C0901932C23CBE6032B7FF4DDAE0123EA
S315202483F001934FF0EC096C23C2E6043B012B3FF694
S31520248400F6AEE5E6062B16D19BF80530DA1E022AAF
S3152024841002D9012B7FF4EBAED8F820000C21FFF7EC
S3152024842090FA2E4B40461A461946FAF72FFD404617
S31520248430FFF7EAFDDBE6022B7FF4D9AE9BF8053065
S31520248440062B7FF4D4AE8378002B3FF4D0AED8F815
S315202484502040019B906823810091F9F790F8009998
S31520248460A06140460B69E361FFF778FCBFE6062945
S3152024847014D806293FF676AF01A252F821F000BF80
S315202484806D832420EF81242065832420EF812420DA
S31520248490658324206583242003832420A1F13300AB
S315202484A0C6B2082E3FF6DFAE08283FF65BAF01A200
S315202484B052F820F0EF812420EF812420EF812420FC
S315202484C0EF8124206583242065832420658324202A
S315202484D0EF812420EF812420DC8102209C942420F7
S315202484E038B5056A0446DDB16B79052B09D8022BEC
S315202484F009D8ABB100232046AB71BDE83840FFF73D
S3152024850083BD0A2B06D100232046AB71BDE8384013
S31520248510FFF7E8BC0C2BEDD90248FEF78DFFE9E7DF
S3152024852038BD00BF87B324202DE9F04F046A85B0D7
S315202485300746FFF74BF905212046FFF702FA0DF1EE
S315202485400E03032221463846FFF780FB05460028E2
S3152024855060D0466802233922BDF80E00F036DFF8B3
S31520248560C4A04FF004083146FFF708FABA8C3146E6
S31520248570ADF80E00FFF7EEF9042337223146ADF885
S315202485800E00FFF7FBF9ADF80E002448BDF80E9037
S315202485901AF801BBB9F1430F02D9FEF74DFF1F4844
S315202485A009F1010308F1FF3806F809B09BB218F047
S315202485B0FF08ADF80E30E9D1314618462A46FFF792
S315202485C00FFA17480097432304F118022946006816
S315202485D0FEF76AFD06462846FAF724FEA379304696
S315202485E0FF2B1CBF0133A371A379092B96BFC3EBA1
S315202485F0431244F6206303EB82034FF4FA729CBFA2
S315202486001B019BB203F2F313B3FBF2F3238105B0D0
S31520248610BDE8F08F4FF0FF36E0E700BF1DB32420DE
S31520248620CC810220BCB3242050B1006A40B14079C9
S315202486300A2806D0043801288CBF00200120C0B285
S3152024864070470120FBE70000F0B5046A87B0054691
S31520248650FFF7BCF8002C53D06379002B50D0A369A4
S31520248660284605930023C4E90633C4E90833C4E91C
S315202486700B33A362E3812361A382FFF7D5FF01464F
S3152024868000283FD019462046FFF75BF90DF1120347
S31520248690072221462846FFF7D9FA064620B3416801
S315202486A004233622BDF81200F0310391FFF766F930
S315202486B00746ADF812000598F8F761FF039902469C
S315202486C03846FFF771F932460399ADF81200FFF7C1
S315202486D087F90E484323009505AA31460068FEF7FC
S315202486E0E3FC3046FAF79EFD094B28461A461946DE
S315202486F0FAF7CCFB23791BB1FFF73CFA002323712D
S3152024870007B0F0BD2046FFF71CF9F3E7CC81022001
S315202487109C94242038B50446FFF758F84CB92248AF
S3152024872000F0EEFA214800F0EBFA6FF00F02104623
S3152024873038BD94F82D30DA0701D41D48F0E7A38CF0
S31520248740256AB3F5107F02D24FF0FF32EFE7DDB969
S315202487503420FAF78FFA05460028F5D020623422F1
S315202487600021284600F084FAFFF758F9024600280B
S31520248770EAD101232B7194F82D305B070AD40221E8
S315202487802846FFF7DEF8D2E72B79002BE7D0FFF730
S31520248790F1F9E4E72046FFF737FC02460028C6D045
S315202487A02046FFF751FFCFE721B224209AB0242078
S315202487B09BB32420604B2DE9F04F1D6889B05F4E72
S315202487C05F4FDFF8848115B909B0BDE8F08F2C6A94
S315202487D07CB163796BB1A18A69B1628A013292B282
S315202487E09142628207D12846FFF72EFF2846FFF7BB
S315202487F091FF2D68E7E7228A002A00F08180511E06
S31520248800012A21827CD1013BDBB2092BF1D840F20B
S31520248810192222FA03F3DB07EBD504212046FFF79E
S3152024882090F80DF11E03032221462846FFF70EFA5F
S315202488308146002843D0416802233922BDF81E00F0
S3152024884001F1F00A4FF0040B5146FFF797F8AA8C52
S315202488505146ADF81E00FFF77DF8372204235146F2
S31520248860ADF81E00FFF78AF8364AADF81E00BDF88B
S315202488701E3012F8011B432B08D930460393CDE929
S315202488800412FEF7D9FD039BDDE90412581C0BF1D3
S31520248890FF3B0AF8031080B21BF0FF0BADF81E0035
S315202488A0E5D14A465146FFF79BF84323424649469B
S315202488B038680095FEF7F8FB4846FAF7B3FCA37907
S315202488C0FF2B1CBF0133A371A379092B96BFC3EBBE
S315202488D0431242F2107303EB82034FF4FA729CBFC5
S315202488E0DB009BB203F2F313B3FBF2F3628A2381F8
S315202488F0A38A9B1A012B7FF77CAF5B10238278E710
S31520248900E289002A3FF475AF511E012AE1817FF4C2
S3152024891070AF03F0FB02012A02D00A2B7FF469AF41
S315202489202846FFF701FEA389628A9B1A012BC4BF1E
S315202489305B10E3815DE700BF348002201DB3242031
S31520248940CC810220BCB32420A094242038B5184BF3
S3152024895000251C6804B938BD236A23B11A89012A43
S3152024896003D9013A1A812468F4E7FCD15A791D8166
S315202489700C2A01D0062A03D12046FFF745FBF2E72D
S31520248980012A0CD19B792046052B02D8FFF7E6F93C
S31520248990E9E7FFF759FE2046FFF7BCFEE3E7032A63
S315202489A0E1D19B792046012BE7D8FFF79BFADAE71A
S315202489B0348002202DE9F047B0F8088086B0074697
S315202489C08946B8F11C0F16464FF040004FF420720A
S315202489D028BF4FF01C0808F10804A1B2FAF776FC48
S315202489E00546002838D04389A34202D21C48FEF7E4
S315202489F023FD6C683946D7F804A008236670002620
S31520248A004246284684F8009026716671A671E6713E
S31520248A10FAF762FDDAF80C3005A80593F9F700FB7E
S31520248A200746B0B169892046A670E670FEF761FF35
S31520248A300C4A60803146B2F8603028460133A2F8C9
S31520248A406030012305AA0297CDE90063FF23F9F7B5
S31520248A50C9FC2846FAF7E6FB06B0BDE8F08700BF36
S31520248A60C0B324203C8002202DE9F04FDFF8C481B6
S31520248A7087B004460F46B8F8623046460133A8F834
S31520248A806230684BD3F808B09A469BF8005005F01C
S31520248A900F05AD00132D40F2BC804289032A40F2F3
S31520248AA0B88042681278002A00F09980082A40F07B
S31520248AB0A580586900F0F002E02A35D01968F9F724
S31520248AC0A2FC88BB2389072B40F2A3802046FEF7ED
S31520248AD016FF50B12046FAF7A5FBB8F868300133C3
S31520248AE0A8F8683007B0BDE8F08F05F12C012046A0
S31520248AF01FFA85F80591FAF761FB0599002874D0A9
S31520248B00238903EB080189B28B420DD84FF42072B6
S31520248B102C20FAF7DBFB814630B1428905F1080384
S31520248B209A420AD2FAF77EFB2046FAF77BFBB6F85E
S31520248B3074300133A6F87430D4E759462A4640685F
S31520248B4000F0A6F829464846FAF73CFB20B13648D9
S31520248B50FEF772FC4846E5E721464846FAF74AFDE1
S31520248B600028F7D120464C46FAF75CFB29462046B6
S31520248B70D4F80490FAF722FB88BB65684FF6F7727F
S31520248B80DAF814304146EB60DAF810304FF0FF0A59
S31520248B902B61B9F8023089F80000284693428CBF0D
S31520248BA0093308339BB2A9F802304FF0000985F81F
S31520248BB008A085F80A9085F80B90FEF79AFEB6F859
S31520248BC0602001236881013218492046A6F86020B6
S31520248BD04A460297CDE900935346F9F703FC2046EB
S31520248BE007B0BDE8F04FFAF71DBB2046FAF7EAFA9C
S31520248BF00028BBD00E48FEF71FFC95E7B8F8703046
S31520248C000133A8F87030B8F866300133A8F86630F6
S31520248C10E5E72046FAF706FBB6F86A300133A6F8CC
S31520248C206A305FE7B4810220ECB32420C881022075
S31520248C3020B424203C8002200A460321FFF7BABE12
S31520248C400A460B21FFF7B6BE5FF800F0E51E0100A9
S31520248C505FF800F0354001005FF800F0B97E02008D
S31520248C605FF800F0A51700005FF800F02519010031
S31520248C705FF800F0457F02005FF800F0058C0200C3
S31520248C805FF800F0C97E02005FF800F0CD280100CD
S31520248C905FF800F0F57E02005FF800F07D1F0100EA
S31520248CA05FF800F01D2201005FF800F0E51F0100A7
S31520248CB05FF800F0811901005FF800F041220100DD
S31520248CC05FF800F03D2801005FF800F00937010025
S31520248CD05FF800F0D97E02005FF800F085240100B9
S31520248CE05FF800F0A53501005FF800F00933010094
S31520248CF05FF800F0753301005FF800F005260100C7
S31520248D005FF800F0D9B70000350105638253633537
S31520248D1001063501023604080808083304000151E7
S31520248D20801A0205DC3604000000000104FFFFFF40
S31520248D30000000006E19000000C000C044484350C3
S31520248D4020746872656164006E6574636F6E6E5FED
S31520248D50636C6F73653A20696E76616C69642063EF
S31520248D606F6E6E0066726565696E6720636F6E6EC0
S31520248D7020776974686F75742066726565696E6775
S31520248D802070636200636F6E6E20686173206E6F3D
S31520248D9020726563766D626F7800636F6E6E2D3EEA
S31520248DA06163636570746D626F782073686F756C08
S31520248DB0646E277420657869737400636F6E6E20E1
S31520248DC0686173206E6F206F705F636F6D706C6542
S31520248DD0746564006E6574636F6E6E5F62696E641B
S31520248DE03A20696E76616C696420636F6E6E006EBC
S31520248DF06574636F6E6E5F726563765F7463705F8E
S31520248E00706275663A20696E76616C696420636F38
S31520248E106E6E006E6574636F6E6E5F73656E643AF4
S31520248E2020696E76616C696420636F6E6E006E6550
S31520248E3074636F6E6E5F726563763A20696E7661AF
S31520248E406C696420706F696E746572006E657463D4
S31520248E506F6E6E5F726563763A20696E76616C6991
S31520248E606420636F6E6E0062756620213D204E5508
S31520248E704C4C00636F6E6E20213D204E554C4C0089
S31520248E80636F6E6E2D3E7374617465203D3D204E56
S31520248E904554434F4E4E5F575249544500636F6E97
S31520248EA06E2D3E63757272656E745F6D73672021B5
S31520248EB03D204E554C4C00636F6E6E2D3E70636282
S31520248EC02E74637020213D204E554C4C00636F6ECA
S31520248ED06E2D3E63757272656E745F6D73672D3E5B
S31520248EE06D73672E772E6F6666736574203C2063B8
S31520248EF06F6E6E2D3E63757272656E745F6D7367C9
S31520248F002D3E6D73672E772E6C656E00636F6E6EA5
S31520248F102D3E63757272656E745F6D73672D3E6D1B
S31520248F2073672E772E766563746F725F636E7420F3
S31520248F303E2030006C7769705F6E6574636F6E6E49
S31520248F405F646F5F77726974656D6F72653A2069A5
S31520248F506E76616C6964206C656E67746821007412
S31520248F6068697320697320666F7220746370206E1B
S31520248F706574636F6E6E73206F6E6C7900636F6E8B
S31520248F806E206D75737420626520696E20737461FA
S31520248F907465204E4554434F4E4E5F434C4F5345A4
S31520248FA00070636220616C726561647920636C6FE2
S31520248FB073656400436C6F73696E672061206C69E6
S31520248FC07374656E20706362206D6179206E6F7470
S31520248FD0206661696C2100726563765F74637020F4
S31520248FE06D757374206861766520612070636220B4
S31520248FF0617267756D656E7400726563765F7463DE
S3152024900070206D757374206861766520616E206189
S315202490107267756D656E740065727220213D2045D8
S3152024902052525F4F4B20756E68616E646C65640086
S31520249030726563765F7463703A2072656376206600
S315202490406F722077726F6E67207063622100756E4F
S3152024905068616E646C6564206572726F7200696ED5
S3152024906076616C6964206F705F636F6D706C657454
S3152024907065645F73656D00636F6E6E2D3E637572D6
S3152024908072656E745F6D7367203D3D204E554C4C42
S3152024909000726563765F756470206D7573742068BD
S315202490A061766520612070636220617267756D65C3
S315202490B06E7400726563765F756470206D75737443
S315202490C0206861766520616E20617267756D656E94
S315202490D07400726563765F7564703A207265637670
S315202490E020666F722077726F6E672070636221000C
S315202490F065727220213D204E554C4C006E6574635A
S315202491006F6E6E5F616C6C6F633A20756E646566F4
S31520249110696E6564206E6574636F6E6E5F74797094
S315202491206500504342206D75737420626520646502
S31520249130616C6C6F6361746564206F757473696484
S315202491406520746869732066756E6374696F6E0012
S31520249150726563766D626F78206D7573742062658F
S31520249160206465616C6C6F636174656420626566D6
S315202491706F72652063616C6C696E6720746869738D
S315202491802066756E6374696F6E006163636570749F
S315202491906D626F78206D75737420626520646561B5
S315202491A06C6C6F6361746564206265666F7265207A
S315202491B063616C6C696E6720746869732066756E4A
S315202491C06374696F6E006E6574636F6E6E2073743C
S315202491D0617465206572726F7200616C7265616458
S315202491E0792077726974696E67206F7220636C6F39
S315202491F073696E6700737461746521000992242053
S315202492000A922420089224200000006E6574627538
S31520249210665F616C6C6F633A20696E76616C6964F3
S315202492202062756600636865636B207468617420A8
S31520249230666972737420706275662063616E206815
S315202492406F6C642073697A650074637069705F74C7
S3152024925068726561643A20696E76616C6964206DF2
S3152024926065737361676500496E76616C6964206DE8
S31520249270626F78006661696C656420746F206372FE
S31520249280656174652074637069705F746872656142
S3152024929064206D626F78006661696C656420746FE2
S315202492A020637265617465206C6F636B5F74637071
S315202492B069705F636F72650074637069705F746828
S315202492C07265616400646E7320736572766572209C
S315202492D06F7574206F662061727261790061727273
S315202492E0617920696E646578206F7574206F662095
S315202492F0626F756E647300756E6B6E6F776E206405
S315202493006E735F7461626C6520656E7472792073E6
S31520249310746174653A00636865636B20746861744C
S3152024932020666972737420706275662063616E206C
S31520249330686F6C64207374727563742065746861B5
S3152024934072705F686472006E657469662D3E6877F4
S31520249350616464725F6C656E206D757374206265BA
S31520249360207468652073616D652061732045544897
S315202493705F4857414444525F4C454E20666F7220C5
S3152024938065746861727021006172705F7461626CA9
S31520249390655B695D2E71203D3D204E554C4C006108
S315202493A072705F7461626C655B695D2E737461741F
S315202493B065203D3D204554484152505F53544154E5
S315202493C0455F454D5054590069706164647220216B
S315202493D03D204E554C4C006574685F72657420217F
S315202493E03D204E554C4C006E657469662D3E68773B
S315202493F0616464725F6C656E203D3D204554485FF0
S315202494004857414444525F4C454E006172705F7404
S3152024941061626C655B6172705F6964785D2E7374BA
S31520249420617465203E3D204554484152505F535433
S315202494304154455F535441424C450074797065200C
S315202494406F766572666C6F77006E6F207061636BC2
S3152024945065742071756575657320616C6C6F77658D
S31520249460642100702D3E726566203D3D20310063C7
S315202494706865636B207468617420666972737420CE
S31520249480706275662063616E20686F6C64207374C5
S31520249490727563742069705F68647200000000002E
S315202494A0FFFFFFFF73616E69747920636865636BC0
S315202494B0206C696E6B6564206C69737400707265A8
S315202494C07620213D2069707200707265762D3E6E5D
S315202494D0657874203D3D20697072007062756673CC
S315202494E05F6672656564202B20636C656E203C3D27
S315202494F0203078666666660069705F72656173736C
S315202495005F70627566636F756E74203E3D2070624F
S315202495107566735F66726565640070637220213D8B
S31520249520204E554C4C00636865636B2066726167D8
S315202495306D656E747320646F6E2774206F766572E2
S315202495406C6170006E6F2070726576696F757320FA
S31520249550667261676D656E742C2074686973206DDC
S3152024956075737420626520746865206669727374C5
S3152024957020667261676D656E74210073616E6974ED
S315202495807920636865636B0076616C6964617465B0
S315202495905F646174616772616D3A6E6578745F7019
S315202495A0627566213D4E554C4C0069705F7265612B
S315202495B073735F70627566636F756E74203E3D208B
S315202495C0636C656E006E6F74206669727374616C49
S315202495D074686F756768206A75737420656E7175F3
S315202495E065756564006970345F6672616728293AF7
S315202495F0207062756620746F6F2073686F72740092
S3152024960074686973206E6565647320612070627541
S315202496106620696E206F6E652070696563652100FA
S31520249620702D3E6C656E203E3D20706F6666006D03
S31520249630616C6C6F632829206D7573742072657430
S3152024964075726E20616C69676E6564206D656D6FB9
S31520249650727900726D656D20213D204E554C4C004B
S31520249660726D656D203D3D204D454D5F414C4947EA
S315202496704E28726D656D29006D656D705F6D616C08
S315202496806C6F633A206D656D702070726F70657291
S315202496906C7920616C69676E6564006D656D705F99
S315202496A0667265653A206D656D2070726F7065727D
S315202496B06C7920616C69676E6564006D656D705F79
S315202496C06D616C6C6F633A2074797065203C204DF3
S315202496D0454D505F4D4158006D656D705F667265CE
S315202496E0653A2074797065203C204D454D505F4D58
S315202496F0415800504255465F504F4F4C00504255DA
S31520249700465F5245462F524F4D004E455444420003
S315202497105359535F54494D454F555400544350494A
S31520249720505F4D53475F494E504B54005443504944
S31520249730505F4D53475F415049004E4554434F4E49
S315202497404E004E455442554600465241475F5042AC
S3152024975055460052454153534441544100544350A5
S315202497605F534547005443505F5043425F4C49530F
S3152024977054454E005443505F504342005544505F55
S315202497805043420049972420A87E022018000F0027
S31520249790F0970120F87F022042972420C07E0220C1
S315202497A0100002005B990120FC7F02203A97242096
S315202497B0D87E0220340004007E99012000800220D5
S315202497C00A972420F07E022034010100519A012098
S315202497D004800220FD962420087F022010000F00FA
S315202497E0D370022008800220F3962420207F022092
S315202497F018062300889B01200C80022053972420BE
S31520249800387F022020000500C67102201080022005
S3152024981010972420507F022010000A00697202200B
S31520249820148002202C972420687F022010001E00FA
S315202498300C730220188002201C972420807F02206B
S3152024984010000800EF7402201C8002207497242024
S31520249850987F022098000A00357602202080022054
S3152024986065972420B07F02202000060072750220EE
S31520249870248002205D972420C87F0220140016000D
S31520249880287C0220288002207C972420E07F022026
S3152024989020000600E37D02202C80022088982420A4
S315202498A04C9824206098242074982420FC972420E3
S315202498B08497242098972420AC9724202498242005
S315202498C03898242010982420C0972420D497242004
S315202498D0E89724206E657469665F69737375655F7E
S315202498E07265706F7274733A20696E76616C6964DE
S315202498F0206E65746966006E657469665F73657427
S315202499005F6970616464723A20696E76616C6964F9
S31520249910206E65746966006E657469665F61646429
S315202499203A20696E76616C6964206E657469660076
S315202499306E657469665F6164643A204E6F20696E31
S3152024994069742066756E6374696F6E20676976659F
S315202499506E006E6574696620616C72656164792017
S31520249960616464656400746F6F206D616E79206E06
S3152024997065746966732C206D61782E2073757070DA
S315202499806F72746564206E756D62657220697320AA
S31520249990323535006E657469665F7365745F7570DC
S315202499A03A20696E76616C6964206E6574696600F6
S315202499B06E657469665F7365745F6C696E6B5F75BB
S315202499C0703A20696E76616C6964206E6574696666
S315202499D000696E76616C696420706275665F74793D
S315202499E0706500696E6372656D656E745F6D6167FF
S315202499F06E6974756465203C3D20702D3E6C656EC1
S31520249A0000706275665F667265653A20702D3E72B7
S31520249A106566203E20300070632D3E637573746F17
S31520249A206D5F667265655F66756E6374696F6E2099
S31520249A30213D204E554C4C00696E76616C6964201C
S31520249A4070627566207479706500706275665F61D0
S31520249A506C6C6F633A206572726F6E656F757320B6
S31520249A607479706500706275665F7265616C6C6F5F
S31520249A70633A207020213D204E554C4C007062754F
S31520249A80665F7265616C6C6F633A207120213D207C
S31520249A904E554C4C006D656D5F7472696D207265F0
S31520249AA07475726E65642072203D3D204E554C4C53
S31520249AB0006D656D5F7472696D2072657475726E42
S31520249AC06564207220213D207100706275662072A3
S31520249AD06566206F766572666C6F7700286820210C
S31520249AE03D204E554C4C2920262620287420213DC5
S31520249AF0204E554C4C29202870726F6772616D6DEB
S31520249B0065722076696F6C6174657320415049298A
S31520249B1000702D3E746F745F6C656E203D3D207001
S31520249B202D3E6C656E20286F66206C6173742070C0
S31520249B3062756620696E20636861696E2900702DBE
S31520249B403E6E657874203D3D204E554C4C00706207
S31520249B5075665F636F70795F7061727469616C5F1B
S31520249B60706275663A20636F70795F6C656E2062C9
S31520249B706967676572207468616E20736F75726376
S31520249B806500706275665F636F70795F7061727449
S31520249B9069616C5F706275663A2074617267657458
S31520249BA0206E6F742062696720656E6F7567680002
S31520249BB06F66667365745F746F203C3D20705F7496
S31520249BC06F2D3E6C656E006F66667365745F667274
S31520249BD06F6D203C3D20705F66726F6D2D3E6C65E7
S31520249BE06E00705F66726F6D20213D204E554C4C61
S31520249BF000705F746F20213D204E554C4C007062BE
S31520249C0075665F636F70795F7061727469616C5F6A
S31520249C1070627566282920646F6573206E6F7420A0
S31520249C20616C6C6F77207061636B657420717565C8
S31520249C307565732100706275665F636F70793A204B
S31520249C40696E76616C696420736F757263650070C2
S31520249C506275665F636F70795F7061727469616C17
S31520249C603A20696E76616C6964206275660070623A
S31520249C7075665F636F70795F7061727469616C3A1F
S31520249C8020696E76616C6964206461746170747273
S31520249C9000706275665F74616B653A20696E7661C1
S31520249CA06C69642062756600706275665F74616B88
S31520249CB0653A20696E76616C69642064617461708A
S31520249CC0747200706275665F74616B653A20627582
S31520249CD066206E6F74206C6172676520656E6F7561
S31520249CE0676800706275665F74616B653A20696E79
S31520249CF076616C6964207062756600646964206E7E
S31520249D006F7420636F707920616C6C206461746138
S31520249D1000636865636B20706275665F736B697018
S31520249D2020726573756C7400706275665F636F70DC
S31520249D3079206661696C6564007463705F667265F8
S31520249D40653A204C495354454E0070636220213D88
S31520249D50204E554C4C00616363657074735F706547
S31520249D606E64696E6720213D2030007463705F62C3
S31520249D70696E643A20696E76616C696420706362C8
S31520249D80007463705F62696E643A2063616E206F2B
S31520249D906E6C792062696E6420696E207374617496
S31520249DA06520434C4F534544007463705F7570643B
S31520249DB06174655F7263765F616E6E5F776E643AF7
S31520249DC020696E76616C696420706362006E6577A3
S31520249DD05F7263765F616E6E5F776E64203C3D2092
S31520249DE0307866666666007463705F72656376652E
S31520249DF0643A20696E76616C6964207063620064BB
S31520249E006F6E27742063616C6C207463705F726537
S31520249E106376656420666F72206C697374656E2D13
S31520249E207063627300696E76616C696420736F63F4
S31520249E306B657420737461746520666F72207265F5
S31520249E4063762063616C6C6261636B00696E7661F4
S31520249E506C696420736F636B657420737461746595
S31520249E6020666F722073656E742063616C6C6261E8
S31520249E70636B00696E76616C696420736F636B65AE
S31520249E807420737461746520666F722065727220E3
S31520249E9063616C6C6261636B007463705F706F6C5A
S31520249EA06C3A20696E76616C6964207063620069FD
S31520249EB06E76616C696420736F636B65742073742A
S31520249EC061746520666F7220706F6C6C0074637089
S31520249ED05F7063625F70757267653A20696E76611A
S31520249EE06C696420706362007463705F736C6F772F
S31520249EF0746D723A20616374697665207063622D6D
S31520249F003E737461746520213D20434C4F53454450
S31520249F10007463705F736C6F77746D723A2061631B
S31520249F2074697665207063622D3E7374617465202E
S31520249F30213D204C495354454E007463705F736C05
S31520249F406F77746D723A20616374697665207063C5
S31520249F50622D3E737461746520213D2054494D45FC
S31520249F602D57414954007463705F736C6F777469FD
S31520249F706D723A2070657273697374207469636B89
S31520249F80696E67207769746820696E2D666C6967A7
S31520249F9068742064617461007463705F736C6F7776
S31520249FA074696D723A20706572736973742074694A
S31520249FB0636B696E67207769746820656D70747920
S31520249FC02073656E6420627566666572007463709C
S31520249FD05F736C6F77746D723A206D6964646C65F7
S31520249FE02074637020213D207463705F61637469DB
S31520249FF076655F70636273007463705F736C6F77CA
S3152024A000746D723A20666972737420706362203D7F
S3152024A0103D207463705F6163746976655F706362E3
S3152024A02073007463705F736C6F77746D723A205407
S3152024A030494D452D57414954207063622D3E7374F2
S3152024A040617465203D3D2054494D452D5741495441
S3152024A050007463705F736C6F77746D723A206D69C8
S3152024A06064646C652074637020213D207463705F62
S3152024A07074775F70636273007463705F736C6F7739
S3152024A080746D723A20666972737420706362203DFF
S3152024A0903D207463705F74775F70636273007463AA
S3152024A0A0705F7063625F72656D6F76653A20696E44
S3152024A0B076616C696420706362007463705F706378
S3152024A0C0625F72656D6F76653A20696E76616C691A
S3152024A0D064207063626C69737400756E73656E7424
S3152024A0E0207365676D656E7473206C65616B696E0C
S3152024A0F06700756E61636B6564207365676D656E35
S3152024A1007473206C65616B696E67007463705F631A
S3152024A1106C6F73655F73687574646F776E3A2069A4
S3152024A1206E76616C696420706362007063622D3E72
S3152024A130666C61677320262054465F5258434C4FE1
S3152024A140534544007463705F667265655F6C6973FA
S3152024A15074656E3A20214C495354454E00746370DD
S3152024A1605F636C6F73653A20696E76616C696420CF
S3152024A170706362007463705F726563765F6E756C5C
S3152024A1806C3A20696E76616C69642070636200740F
S3152024A19063705F70726F636573735F7265667573C0
S3152024A1A065645F646174613A20696E76616C696462
S3152024A1B020706362007463705F73687574646F774C
S3152024A1C06E3A20696E76616C6964207063620074CD
S3152024A1D063705F6162616E646F6E3A20696E766128
S3152024A1E06C69642070636200646F6E2774206361D7
S3152024A1F06C6C207463705F61626F72742F746370E9
S3152024A2005F6162616E646F6E20666F72206C697303
S3152024A21074656E2D70636273007463705F6E6574EB
S3152024A22069665F69705F616464725F6368616E6783
S3152024A23065645F7063626C6973743A20696E7661B3
S3152024A2406C6964206F6C645F6164647200746370EB
S3152024A2505F6E6578745F6973733A20696E76616C74
S3152024A260696420706362007463705F6566665F73D9
S3152024A270656E645F6D73735F6E657469663A206973
S3152024A2806E76616C6964206473745F697000010260
S3152024A2900304050607070707070707003C81022052
S3152024A2A038810220308102204881022003060C189E
S3152024A2B03060787463705F70617273656F70743AFE
S3152024A2C020696E76616C69642070636200746370A1
S3152024A2D05F696E7075745F64656C617965645F63AC
S3152024A2E06C6F73653A20696E76616C69642070633D
S3152024A2F062007063622D3E736E645F717565756549
S3152024A3006C656E203E3D20706275665F636C656E5B
S3152024A310286E6578742D3E7029007463705F72658B
S3152024A32063656976653A2076616C69642071756502
S3152024A3307565206C656E677468007463705F7265DA
S3152024A34063656976653A20696E76616C69642070E6
S3152024A3506362007463705F726563656976653A200B
S3152024A36077726F6E6720737461746500696E736586
S3152024A370672E7020213D204E554C4C00696E73610A
S3152024A3806E65206F6666736574210070627566201B
S3152024A390746F6F2073686F727421007463705F7298
S3152024A3A06563656976653A207365676D656E742085
S3152024A3B06E6F74207472696D6D656420636F72721A
S3152024A3C06563746C7920746F207263765F776E640C
S3152024A3D0007463705F726563656976653A20746379
S3152024A3E0706C656E203E207263765F776E6400748F
S3152024A3F063705F696E7075743A20696E76616C69D4
S3152024A40064207062756600702D3E6E6578742021F6
S3152024A4103D204E554C4C00702D3E6C656E203D3DA6
S3152024A420203000702D3E746F745F6C656E203D3D28
S3152024A43020702D3E6E6578742D3E746F745F6C6526
S3152024A4406E007463705F696E7075743A20616374EC
S3152024A450697665207063622D3E737461746520214C
S3152024A4603D20434C4F534544007463705F696E709E
S3152024A47075743A20616374697665207063622D3E13
S3152024A480737461746520213D2054494D452D5741CF
S3152024A4904954007463705F696E7075743A206163E1
S3152024A4A074697665207063622D3E737461746520A9
S3152024A4B0213D204C495354454E007463705F696E88
S3152024A4C07075743A207063622D3E6E6578742021EF
S3152024A4D03D2070636220286265666F726520636101
S3152024A4E063686529007463705F696E7075743A2099
S3152024A4F07063622D3E6E65787420213D20706362E0
S3152024A50020286166746572206361636865290074F6
S3152024A51063705F696E7075743A2054494D452D5782
S3152024A520414954207063622D3E7374617465203DC5
S3152024A5303D2054494D452D57414954007463705F3D
S3152024A540696E7075743A207063622D3E73746174DB
S3152024A5506520213D20434C4F534544007063622D92
S3152024A5603E736E645F71756575656C656E203E20DD
S3152024A57030006E6F207365676D656E7420746F204E
S3152024A58066726565007063622D3E6C697374656EB0
S3152024A59065722D3E61636365707420213D204E557E
S3152024A5A04C4C007063622D3E726566757365645FDC
S3152024A5B064617461203D3D204E554C4C007463707B
S3152024A5C05F6F75747075745F7365676D656E745F80
S3152024A5D0627573793A20696E76616C696420736535
S3152024A5E067007463705F706275665F707265616CF4
S3152024A5F06C6F633A20696E76616C6964207063623D
S3152024A600006E65656420756E636861696E65642075
S3152024A61070627566007463705F6372656174655FCA
S3152024A6207365676D656E743A20696E76616C6964AC
S3152024A63020706362007463705F6372656174655F02
S3152024A6407365676D656E743A20696E76616C69648C
S3152024A650207062756600702D3E746F745F6C656E13
S3152024A660203E3D206F70746C656E007463705F6F3E
S3152024A67075747075745F636F6E74726F6C5F7365B7
S3152024A680676D656E745F6E657469663A206E6F2099
S3152024A6906E6574696620676976656E00636865638E
S3152024A6A06B20746861742066697273742070627575
S3152024A6B0662063616E20686F6C6420737472756380
S3152024A6C074207463705F686472007463705F6F753E
S3152024A6D0747075745F616C6C6F635F6865616465A3
S3152024A6E0723A20696E76616C6964207063620074A4
S3152024A6F063705F6F75747075745F66696C6C5F6F59
S3152024A7007074696F6E733A20696E76616C69642001
S3152024A71070627566007463705F7273743A20696E12
S3152024A72076616C6964206C6F63616C5F69700074F8
S3152024A73063705F7273743A20696E76616C696420E3
S3152024A74072656D6F74655F6970007463705F6F7571
S3152024A750747075745F636F6E74726F6C5F736567E4
S3152024A7606D656E743A20696E76616C6964207062B8
S3152024A7707566007463705F77726974653A20696EB2
S3152024A78076616C696420706362007463705F77728B
S3152024A7906974653A20617267203D3D204E554C4CA4
S3152024A7A0202870726F6772616D6D65722076696F6D
S3152024A7B06C617465732041504929007463705F77F6
S3152024A7C0726974653A207062756673206F6E207183
S3152024A7D075657565203D3E206174206C65617374B2
S3152024A7E0206F6E65207175657565206E6F6E2D657B
S3152024A7F06D707479007463705F77726974653A201A
S3152024A8006E6F207062756673206F6E207175657504
S3152024A81065203D3E20626F74682071756575657369
S3152024A82020656D707479006D73735F6C6F63616CD2
S3152024A83020697320746F6F20736D616C6C00756E44
S3152024A84073656E745F6F76657273697A65206D6938
S3152024A850736D6174636820287063622076732E205A
S3152024A8606C6173745F756E73656E742900696E638B
S3152024A8706F6E73697374656E74206F7665727369EF
S3152024A8807A652076732E20737061636500696E6302
S3152024A8906F6E73697374656E74206F7665727369CF
S3152024A8A07A652076732E206C656E007463705F77CC
S3152024A8B0726974653A20524F4D20706275667320F2
S3152024A8C063616E6E6F74206265206F76657273691C
S3152024A8D07A656400756E73656E745F6F76657273C0
S3152024A8E0697A65206D69736D617463682028706345
S3152024A8F0622D3E756E73656E74206973204E554C99
S3152024A9004C29007463705F77726974653A20636892
S3152024A91065636B2074686174206669727374207011
S3152024A9206275662063616E20686F6C642074686526
S3152024A93020636F6D706C657465207365676C656EB6
S3152024A940006F76657273697A65203D3D20300070EC
S3152024A9507265765F73656720213D204E554C4C00E9
S3152024A9606C6173745F756E73656E742D3E6F766538
S3152024A9707273697A655F6C656674203E3D206F76B6
S3152024A980657273697A655F75736564007463705F35
S3152024A99077726974653A2063616E6E6F7420636F73
S3152024A9A06E636174656E617465207768656E207048
S3152024A9B063622D3E756E73656E7420697320656D92
S3152024A9C0707479007463705F77726974653A206550
S3152024A9D07874656E73696F6E206F662072656665FE
S3152024A9E072656E63652072657175697265732072EE
S3152024A9F065666572656E6365007463705F777269D8
S3152024AA0074653A2076616C69642071756575652054
S3152024AA106C656E677468007463705F73706C697498
S3152024AA205F756E73656E745F7365673A20696E769B
S3152024AA30616C6964207063620043616E277420739D
S3152024AA40706C6974207365676D656E7420696E7485
S3152024AA506F206C656E67746820300073706C69741F
S3152024AA60203C3D206D737300757365672D3E6C65A0
S3152024AA706E203E2030007463705F656E7175657537
S3152024AA80655F666C6167733A206E656564206569C7
S3152024AA9074686572205443505F53594E206F722038
S3152024AAA05443505F46494E20696E20666C61677315
S3152024AAB0202870726F6772616D6D65722076696F5A
S3152024AAC06C617465732041504929007463705F65F5
S3152024AAD06E71756575655F666C6167733A20696EFC
S3152024AAE076616C696420706362007463705F656E3E
S3152024AAF071756575655F666C6167733A20636865F1
S3152024AB00636B207468617420666972737420706222
S3152024AB1075662063616E20686F6C64206F70746C18
S3152024AB20656E007365672D3E746370686472206E4B
S3152024AB306F7420616C69676E6564007463705F65E9
S3152024AB406E71756575655F666C6167733A20696E8B
S3152024AB5076616C6964207365676D656E74206C6597
S3152024AB606E677468007463705F656E71756575654C
S3152024AB705F666C6167733A20696E76616C696420BE
S3152024AB807175657565206C656E677468007463706D
S3152024AB905F73656E645F66696E3A20696E76616C52
S3152024ABA0696420706362007463705F7265786D696E
S3152024ABB0745F72746F5F707265706172653A206912
S3152024ABC06E76616C696420706362007463705F7250
S3152024ABD065786D69743A20696E76616C6964207033
S3152024ABE06362007463705F7265786D69745F6661F1
S3152024ABF073743A20696E76616C696420706362008E
S3152024AC007463705F73656E645F656D7074795F615C
S3152024AC10636B3A20696E76616C6964207063620086
S3152024AC207463705F6F75747075743A20696E76617B
S3152024AC306C69642070636200646F6E27742063617C
S3152024AC406C6C207463705F6F757470757420666F76
S3152024AC5072206C697374656E2D706362730052530F
S3152024AC6054206E6F742065787065637465642068DB
S3152024AC7065726521006F7074696F6E73206E6F74B0
S3152024AC802066696C6C6564007463705F7265786D88
S3152024AC9069745F72746F5F636F6D6D69743A20692E
S3152024ACA06E76616C696420706362007463705F726F
S3152024ACB065786D69745F72746F3A20696E76616CFB
S3152024ACC0696420706362007463705F6B656570616C
S3152024ACD06C6976653A20696E76616C696420706346
S3152024ACE062007463705F7A65726F5F77696E646FD2
S3152024ACF0775F70726F62653A20696E76616C6964DB
S3152024AD0020706362007379735F74696D656F7574DF
S3152024AD103A2074696D656F757420213D204E554CFB
S3152024AD204C2C20706F6F6C204D454D505F535953DA
S3152024AD305F54494D454F555420697320656D707471
S3152024AD40790054696D656F75742074696D652074F6
S3152024AD506F6F206C6F6E672C206D6178206973204D
S3152024AD604C5749505F55494E5433325F4D41582FE5
S3152024AD7034206D7365637300FA0000000543242094
S3152024AD80E8030000F9262420E8030000951C24204B
S3152024AD9060EA0000B5872420F40100004D89242090
S3152024ADA0E8030000751824207564705F696E707539
S3152024ADB0743A20696E76616C6964207062756600C7
S3152024ADC07564705F696E7075743A20696E76616CED
S3152024ADD06964206E65746966007564705F696E7037
S3152024ADE075745F6C6F63616C5F6D617463683A2000
S3152024ADF0696E76616C6964206E657469660070621A
S3152024AE0075665F72656D6F76655F68656164657268
S3152024AE10206661696C6564007564705F62696E641E
S3152024AE203A20696E76616C69642070636200756469
S3152024AE30705F73656E64746F5F69665F7372633A5D
S3152024AE4020696E76616C6964207063620075647013
S3152024AE505F73656E64746F5F69665F7372633A208D
S3152024AE60696E76616C69642070627566007564709B
S3152024AE705F73656E64746F5F69665F7372633A206D
S3152024AE80696E76616C6964206473745F6970007579
S3152024AE9064705F73656E64746F5F69665F737263D3
S3152024AEA03A20696E76616C6964207372635F697077
S3152024AEB0007564705F73656E64746F5F69665F7313
S3152024AEC072633A20696E76616C6964206E65746952
S3152024AED06600636865636B20746861742066697292
S3152024AEE0737420706275662063616E20686F6C644B
S3152024AEF020737472756374207564705F686472003D
S3152024AF007564705F73656E64746F5F69663A2069D1
S3152024AF106E76616C696420706362007564705F73F9
S3152024AF20656E64746F5F69663A20696E76616C69B2
S3152024AF30642070627566007564705F73656E6474D0
S3152024AF406F5F69663A20696E76616C6964206473E2
S3152024AF50745F6970007564705F73656E64746F5F67
S3152024AF6069663A20696E76616C6964206E657469B7
S3152024AF7066007564705F73656E64746F3A20696EBB
S3152024AF8076616C696420706362007564705F736592
S3152024AF906E64746F3A20696E76616C69642070627F
S3152024AFA07566007564705F73656E64746F3A206984
S3152024AFB06E76616C6964206473745F69700075644D
S3152024AFC0705F73656E643A20696E76616C6964205D
S3152024AFD0706362007564705F73656E643A20696E6F
S3152024AFE076616C69642070627566007564705F632F
S3152024AFF06F6E6E6563743A20696E76616C6964201F
S3152024B000706362007564705F636F6E6E6563743AF5
S3152024B01020696E76616C696420697061646472004B
S3152024B0207564705F726563763A20696E76616C69A1
S3152024B0306420706362007564705F72656D6F7665D7
S3152024B0403A20696E76616C696420706362006E654D
S3152024B0507469662D3E6877616464725F6C656E20C0
S3152024B0606D757374206265203620666F7220657430
S3152024B0706865726E65745F6F75747075742100FFD0
S3152024B080FFFFFFFFFF0000000000004C5749505FE0
S3152024B0904153534552543A2025730D0A00282075CE
S3152024B0A06C4D6573736167657357616974696E67DF
S3152024B0B0203D3D2030202900636F6E666967415309
S3152024B0C0534552542025730D0A00696E76616C69A6
S3152024B0D06420737461636B73697A65007461736B1E
S3152024B0E0206372656174696F6E206661696C65641C
S3152024B0F00046756E6374696F6E2063616C6C65643B
S3152024B1002066726F6D20696E7465727275707420F4
S3152024B110636F6E746578740046756E6374696F6E9A
S3152024B1202063616C6C656420776974686F757420FC
S3152024B130636F7265206C6F636B00646863705F6FE6
S3152024B1407074696F6E5F73686F72743A206F70744F
S3152024B150696F6E735F6F75745F6C656E202B2032FA
S3152024B160203C3D20444843505F4F5054494F4E5332
S3152024B1705F4C454E00646863705F6F7074696F6EB0
S3152024B1803A206F7074696F6E735F6F75745F6C6528
S3152024B1906E202B2032202B206F7074696F6E5F6C8B
S3152024B1A0656E203C3D20444843505F4F5054494FC0
S3152024B1B04E535F4C454E00646863705F6F707469AC
S3152024B1C06F6E5F6C6F6E673A206F7074696F6E73E3
S3152024B1D05F6F75745F6C656E202B2034203C3D2078
S3152024B1E0444843505F4F5054494F4E535F4C454E2D
S3152024B1F000646863705F696E635F7063625F726503
S3152024B20066636F756E7428293A206D656D6F727921
S3152024B210206C65616B00646863705F62696E643A52
S3152024B220206E6574696620213D204E554C4C006461
S3152024B2306863705F62696E643A2064686370202153
S3152024B2403D204E554C4C00646863705F7063625F8A
S3152024B250726566636F756E7428293A2072656663F3
S3152024B2606F756E74206572726F7200646863705F86
S3152024B2706372656174655F6D73673A206E65746960
S3152024B2806620213D204E554C4C00646863705F63D4
S3152024B29072656174655F6D73673A20646863702094
S3152024B2A0213D204E554C4C00646863705F63726563
S3152024B2B06174655F6D73673A20636865636B207478
S3152024B2C0686174206669727374207062756620635F
S3152024B2D0616E20686F6C6420737472756374206445
S3152024B2E06863705F6D736700646863705F73656CF1
S3152024B2F06563743A206E6574696620213D204E5517
S3152024B3004C4C00646863705F73656C6563743A2083
S3152024B3106468637020213D204E554C4C006468633C
S3152024B320705F6F7074696F6E5F627974653A206F8F
S3152024B3307074696F6E735F6F75745F6C656E203C75
S3152024B34020444843505F4F5054494F4E535F4C45F9
S3152024B3504E00636865636B206465636F64655F690B
S3152024B3606478006E6574696620616C72656164799F
S3152024B37020686173206120737472756374206468F5
S3152024B38063702073657400696E76616C69642064C9
S3152024B3906863702D3E7374617465006E6574696686
S3152024B3A0206973206E6F742075702C206F6C642036
S3152024B3B07374796C6520706F72743F0001031C06C8
S3152024B3C0636865636B20746861742066697273741C
S3152024B3D020706275662063616E20686F6C642069B4
S3152024B3E0636D70206D6573736167650069636D7025
S3152024B3F05F696E7075743A206D6F76696E672072F8
S3152024B4002D3E7061796C6F616420746F2069636D41
S3152024B4107020686561646572206661696C65640064
S3152024B42069636D705F696E7075743A207265737482
S3152024B4306F72696E67206F726967696E616C20709E
S3152024B4402D3E7061796C6F6164206661696C6564D8
S3092024B45000000000AE
S3152024B4580EB403B503AA036852F8041B9B68019209
S3152024B468984702B05DF804EB03B070470CB407B5CF
S3152024B47804AA036852F8041B9B680192984703B0D0
S3152024B4885DF804EB02B0704720B1012814BF0020D0
S3152024B498022070470120704708B508B90AF004FA33
S3152024B4A80029FBD0002AF9D0002BF7D008BD036841
S3152024B4B85B68184710B50C2104460AF0B1F910B177
S3152024B4C823182058184410BD08B503461046102BB7
S3152024B4D830D8DFE803F00D09171B1F232513271D52
S3152024B4E81129212B2D1915000A230B70002301E07D
S3152024B4F801220A70184608BD0B23F6E70723F4E72A
S3152024B5081123F2E70223F0E71023EEE70323ECE7DF
S3152024B5180923EAE70423E8E70D23E6E70523E4E7F6
S3152024B5280623E2E70823E0E70C23DEE70E23DCE7FD
S3152024B5380F23DAE700220A701A460249FFF788FF02
S3152024B5480123D7E7C05925200020704700207047BB
S3152024B55800220A2108B50AF067F908BDF8B5144669
S3152024B56805461F46FFF798FF236800260122022155
S3152024B5781B68204698470670467004462846FFF7D7
S3152024B588E7FF0F2816D12846FFF794FF054688B1EA
S3152024B598324608210AF048F9801B32464FF00A0120
S3152024B5A818BF0120207028460AF03EF9801B18BFB0
S3152024B5B80120607000203C60F8BD38B50546144645
S3152024B5C80AF02EF900B12C56204638BDF8B5144673
S3152024B5D805461E46FFF760FF23680027012202211D
S3152024B5E81B68204698470770477004462846FFF765
S3152024B5F8AFFF0B2817D12846FFF75CFF054690B1E5
S3152024B6083A460421FFF7D9FF0621C2B22846531EFB
S3152024B618042B88BF3A46227001220AF005F9C01B5A
S3152024B62818BF0120607000203460F8BDF8B5144690
S3152024B63805461F46FFF730FF236804221821204693
S3152024B6481B6898471822002104460AF025F928461B
S3152024B658FFF77EFF012806462FD12846FFF72AFF23
S3152024B668054650B300220421FFF7A7FFC0B2FFF7EF
S3152024B6780BFF00220621207028460AF06DF90022A5
S3152024B6880821606028460AF067F900220A21A0606A
S3152024B6982846FFF792FF0C21C2B22846531E042BB4
S3152024B6A888BF0022227332460AF056F93246206190
S3152024B6B80E2128460AF050F9606100203C60F8BD26
S3152024B6C870B5144605461E46FFF7E6FE236804226F
S3152024B6D81C2120461B6898471C22002104460AF070
S3152024B6E8DBF82846FFF734FF022835D12846FFF70A
S3152024B6F8E1FE054680B300220421FFF75EFFC0B28F
S3152024B708FFF7C2FE00220621207028460AF024F9D3
S3152024B71800220821606028460AF01EF900220A2100
S3152024B728A06028460AF018F900220C21E060284651
S3152024B738FFF743FF0122C0B20E21431E042B88BFE4
S3152024B7480020207428460AF007F901226061102176
S3152024B75828460AF001F9A0610020346070BD000053
S3152024B7682DE9F84F1746054689469846FFF794FE4D
S3152024B7783B684FF0000B01221B6804213846984762
S3152024B788C0F800B004462846FFF7E2FE0828824679
S3152024B79838D12846FFF78EFE054698B35A46042103
S3152024B7A8FFF70BFF5A46C6B251462846731E042B6A
S3152024B7B888BF5E4626700AF037F8B0EB0B005A4647
S3152024B7C84FF00A0118BF0120A07028460AF02CF849
S3152024B7D8B0EB0B005A464FF0060118BF0120E07043
S3152024B7E82846FFF7EAFE60B101280AD007494846C9
S3152024B7F8FFF72EFE38462146FFF759FE0120BDE8DD
S3152024B808F88F60700020C8F80040F8E7E45925200E
S3152024B818F8B5144605461E46FFF73EFE2368012240
S3152024B828002720461B681146984707700446284651
S3152024B838FFF78EFE15280DD12846FFF73BFE48B183
S3152024B8483A460421FFF7B9FEC2B2531E042B88BFF9
S3152024B8583A46227000203460F8BD70B51446054651
S3152024B8681E46FFF719FE23680422282120461B6832
S3152024B87898472822002104460AF00EF82846FFF77E
S3152024B88867FE05282FD12846FFF714FE054650B310
S3152024B89800220421FFF791FEC0B2FFF7F5FD00220E
S3152024B8A80621207028460AF057F8002208216060CD
S3152024B8B828460AF051F800220A21A06028460AF0D0
S3152024B8C84BF800220C21E06028460AF045F800228D
S3152024B8D820610E212846FFF770FEC0B2431E042B92
S3152024B8E888BF002020750020346070BD836B10B576
S3152024B8F80BB909F0D9FF3C21BDE81040184708B5F3
S3152024B908D0E90B239A4201DD09F0CEFF4268802A2A
S3152024B918FADC83687F33FF2BF6D87F32F4DB08BD25
S3152024B9280B692DE9F04706468A462DED048B82B00D
S3152024B9380BB909F0B9FF4B69002BFAD0C568002248
S3152024B9482B6828469B699847814668B95F4B746952
S3152024B9580093DF2330465E4A5E49A047012002B081
S3152024B968BDEC048BBDE8F0872B6801225146284676
S3152024B9789B699847804620B9574B74690093E223DC
S3152024B988E8E72B68002251462846DB69984707466C
S3152024B99820B9524B74690093E523DBE74146484690
S3152024B9A8DAE9044A07F0E0FF3B7880F00100092B06
S3152024B9B8207001D0072B6ED1D9F81020072B99EDAA
S3152024B9C8030A4FF00103C2F1000298ED036A97EDAA
S3152024B9D8035A04F10401A262B4EEC60AD8F8102048
S3152024B9E8B7EEC55A04F11400C2F10002E2623A699C
S3152024B9F822630CBF0F221422F1EE10FA03FA02F363
S3152024BA08626254BFB0EE407AB0EE467AB7EEC66A82
S3152024BA18B7EEC00AB7EEC77A37EE077B86EE079BC2
S3152024BA2806EE103AB8EEC66B80EE070B26EE056BAB
S3152024BA3887EE068B07F05CFD04F1080104F1180053
S3152024BA48B0EE490B07F054FD04F1200104F11C0043
S3152024BA58B0EE480B07F04CFD04F110039AF80010B9
S3152024BA683A460093304604F10C0307F0F7FD0028E4
S3152024BA787FF475AF2B68494628465B6A98472B6816
S3152024BA88414628465B6A98472B68284639465B6A86
S3152024BA989847002063E7012BECD19AF80030012B34
S3152024BAA803D1002363630E4B04E0032B04D1002324
S3152024BAB863630C4BA363DDE7022B04D10A4B636330
S3152024BAC84FF07E53F6E76FF40003EBE7785A2520E8
S3152024BAD80E5A2520615A25208A5A25209C5A252003
S3152024BAE8FFFF7F7F0000C040000080BF002908B5E3
S3152024BAF801DA09F0D9FE03688B42FADD00EB8100CE
S3152024BB08406808BDF8B51546126804460160914276
S3152024BB1801DA09F0C9FE061DA1EB020C00203746DE
S3152024BB28604505D08842F4DA013046F8043BF7E725
S3152024BB389200291D07EB800009F01EFF2046F8BD38
S3152024BB4870B50468049D042C01D009F0ADFE446820
S3152024BB58A4B90029F9D18468ACB9002AF5D1C668D4
S3152024BB68B6B9002BF1D10069B8B9002DEDD101FB66
S3152024BB78042206FB023300FB035070BD0029E4DBB4
S3152024BB888C42E8DCE1E7002ADFDB9442E7DCDCE7C9
S3152024BB98002BDADB9E42E6DCD7E7002DD5DBA8424C
S3152024BBA8E5DCD2E770B50D46164609F089FE04462B
S3152024BBB8284609F085FE0546304609F081FEAC4222
S3152024BBC801D009F071FE8442FBD170BD884238B574
S3152024BBD803462BD100F100404442444183FB010112
S3152024BBE8002871F100031E4BA8BF4FF08043FCB9EF
S3152024BBF8C01841EBE3710028044671F100030D4671
S3152024BC0806DA6FF00043C4184FF0000343EB05050A
S3152024BC18E00F40EA4501002AC2F100040BDD114B4E
S3152024BC2840F27111104A114809F042FE0024D5E742
S3152024BC386FF00041EFE71F3204DA0D4B4FF4B97148
S3152024BC48094AF0E70123A340013B03EA01005B10DC
S3152024BC5803EBD17321419842D4BF0846481C38BDEA
S3152024BC68010000C0AE5A2520BC5A2520335B252046
S3152024BC786C5B2520936970B51446956852682944C7
S3152024BC88104401FA03F59840D4E90712FFF79EFFDA
S3152024BC9806462846D4E90912FFF798FF3044D4E902
S3152024BCA80412FFF793FFE3681844E36A9842B8BF5F
S3152024BCB81846236B9842A8BF184640B270BD00295F
S3152024BCC870B5049C02DB05688D4201DC09F0ECFD85
S3152024BCD8002AFBDB45689542F8DD002BF6DB8568D0
S3152024BCE89D42F3DD002CF1DBC568A542EEDDD0E9C3
S3152024BCF804656A4306FB01218269C06902FB031194
S3152024BD0800FB041070BD00002DE9F74F044600926D
S3152024BD1808461946D4E90BBAD34501DD09F0C4FDF2
S3152024BD280D9AFFF73FFFD4F804801E4B8146984589
S3152024BD38F4DB47F6FE72A3689045EFDC1A444FF6E7
S3152024BD48FC718A42EAD80025A94528DD0C9A019354
S3152024BD5832F91560A7691E44009B33F91500BE40A5
S3152024BD684044D4E90712B840FFF730FF0746304647
S3152024BD78D4E90912FFF72AFF3844D4E90412FFF735
S3152024BD8825FFE2680E9B10445845B8BF58465045AF
S3152024BD98A8BF504623F815000135019BD4E703B0E4
S3152024BDA8BDE8F08F0280FFFF2DE9F0410B688CB0A7
S3152024BDB804680E4615469C42B8BF1C4604232146D1
S3152024BDC81370024601236846FFF79CFE0123324658
S3152024BDD8214606A8FFF796FE009A069B9A420AD180
S3152024BDE8920007A901A809F027FD20B901232B7061
S3152024BDF80CB0BDE8F081013C2646002E10DB3146E6
S3152024BE086846FFF773FE0746314606A8FFF76EFEF7
S3152024BE18874201D1013EF0E7012F07D102232B7057
S3152024BE282B789A1E012A09D909F03EFD012801D129
S3152024BE380323F4E704232B700120D9E7032B4FF09F
S3152024BE48010307BF0DF118086E46E84606AE2B6691
S3152024BE58C5E91433C5E91633002CEDDB21464046C3
S3152024BE68FFF744FE074621463046FFF73FFE874222
S3152024BE7804D1286E013C47432F66EDE721464046E8
S3152024BE88FFF734FE01280AD121463046FFF72EFE35
S3152024BE98EB6D013C00FB03F0E865EFD2CCE72146A5
S3152024BEA84046FFF723FE074621463046FFF71EFE67
S3152024BEB8874206D1A86D013C07FB00F7AF65EED271
S3152024BEC8BAE721463046FFF711FE01280AD1214632
S3152024BED84046FFF70BFE6B6D013C00FB03F06865BB
S3152024BEE8EFD2A9E721464046FFF700FE074621461A
S3152024BEF83046FFF7FBFD87429CD1286D013C07FB82
S3152024BF0800F72F65EED297E710B50446034B044A6B
S3152024BF18044904F00CFB204610BD00BFB9C42420D4
S3152024BF2829B92420F5B82420F8B5064601F10C05AC
S3152024BF380324012721463046FFF7D8FD214645F814
S3152024BF48040930466F61FFF7D1FD013C00FB07F752
S3152024BF58F0D2F8BD2DE9F0430C468DB01E46154681
S3152024BF680AB909F0A1FC002BFBD00246012304219F
S3152024BF786846FFF7C7FD224600240123042106A884
S3152024BF88FFF7C0FD4FF0100829466846A146FFF75B
S3152024BF98CBFF314606A8FFF7C7FF21466846FFF799
S3152024BFA8A5FD0746214606A8FFF7A0FD874205D00A
S3152024BFB8012F0BD145F8089045F82400013408F1BF
S3152024BFC80408042CE9D10DB0BDE8F0830128C8D192
S3152024BFD846F8089046F82470F0E72DE9F04F99B0F2
S3152024BFE88146924608460DF120081946002410ABAE
S3152024BFF84246FFF7AFFF0123239A042102A8FFF71D
S3152024C00881FD029B002B01DC09F04EFC039B9C42FC
S3152024C0183DDA0025029B012BF6DD049B9D4234DA6A
S3152024C0280027029A022AEFDD059A97422BDA002660
S3152024C038029A032AE8DD069A964222DA3B462A46BB
S3152024C048214600964046FFF73AFE3B4683462A4633
S3152024C0582146009610A8FFF732FE229B4A461956F7
S3152024C0681AF90B00269B98473B46834600962A4670
S3152024C078214602A80136FFF763FD249B03F800B066
S3152024C088D6E70137CDE70135C4E70134B9E719B036
S3152024C098BDE8F08F2DE9F04F2DED048B9DB0044695
S3152024C0A8924608460DF13009194614AB00264A460D
S3152024C0B8FFF750FF01232B9A042106A8FFF722FD18
S3152024C0C894ED0D9AD4ED0E8ADDE906830493089B14
S3152024C0D80393099B02930A9B0593B8F1000F01DC6D
S3152024C0E809F0E2FB049B9E4252DA4FF0000BB8F18A
S3152024C0F8010FF5D0039B9B4548DA0027B8F1020F98
S3152024C108EED0029B9F423EDA0024B8F1030FE7D0F3
S3152024C118059B9C4235DA3B465A4631460094484686
S3152024C128FFF7CDFD3B4605465A463146009414A8CA
S3152024C1380AEB8505FFF7C3FD2A9B95ED008A5A4607
S3152024C14803EB800031463B46D0ED007A06A80094BE
S3152024C158013438EE278AB4EE498AF1EE10FA48BF1C
S3152024C168B0EE498AF4EE488AF1EE10FA48BFB0EECA
S3152024C178688AFFF7E5FC2C9B03EB800080ED008A78
S3152024C188C3E70137BAE70BF1010BB0E70136A4E779
S3152024C1981DB0BDEC048BBDE8F08F2DE9F04F9FB080
S3152024C1A80446084619460DF1380B16AB0692002686
S3152024C1B85A46FFF7CFFE0123299A042108A8FFF718
S3152024C1C8A1FCDDE908A305930A9B04930B9B0393FF
S3152024C1D80C9B0293BAF1000F01DC09F065FB059B41
S3152024C1E89E4267DA0027BAF1010FF6D0049B9F42B4
S3152024C1F85EDA4FF00008BAF1020FEED0039B984579
S3152024C20854DA4FF00009BAF1030FE6D0029B994578
S3152024C21849DA43463A463146CDF800905846FFF740
S3152024C2284EFD069B3A46314633F9105016A86368C4
S3152024C238CDF800901D444346FFF741FD289BA2686C
S3152024C24833F91030D4F818C0134405FA0CF003FA3D
S3152024C2580CF3D4E907120793FFF7B8FC079B054686
S3152024C268D4E909121846FFF7B1FC2844D4E9041264
S3152024C278FFF7ACFC43460546CDF800903A463146AE
S3152024C28808A809F10109FFF75BFCE3681D44E36A62
S3152024C2989D42B8BF1D46236B9D42A8BF1D462A9B97
S3152024C2A823F81050AFE708F10108A4E701379AE7E5
S3152024C2B801368FE71FB0BDE8F08F00002DE9F04F37
S3152024C2C81C46D7B04B6A1546804636A842938B6AB5
S3152024C2D8609F3D934B6943934B684493CB6A3E9323
S3152024C2E88B6945938B6846930B6B3F93CB69409315
S3152024C2F80B6A4193D1E903232946CDE9472304F040
S3152024C3084DF9214630A804F049F93CAA30A936A883
S3152024C318FFF74AFD0646387A072879D0092840F0B7
S3152024C328B5802EB3294636A804F038F90DB909F074
S3152024C338BBFA214630A82D6804F030F9002CF6D013
S3152024C34826682AAC3946204604F028F9554B2A462D
S3152024C35836A904933CA8544B03933B680096CDE90D
S3152024C368014330ABFFF739FE002057B0BDE8F08FE4
S3152024C378002DDCD0D5F80080002CD8D0439B294624
S3152024C38836A8D4F800901793449BDDF8F4A00D938F
S3152024C3983E9BDDF820B10E93459B0F93469B109325
S3152024C3A8429B11933B6816933F9B1293409B13936E
S3152024C3B8419B1493479B159304F0F0F8214630A803
S3152024C3C804F0ECF839462AA804F0E8F82AAA30A971
S3152024C3D836A8FFF7E7FB159B524649460993149B33
S3152024C3E80893139B0793129B0693169B0593119BDD
S3152024C3F80493109B03930F9B02930E9B01930D9BEF
S3152024C408CDE90AB000934046179B09F03DFAABE7DD
S3152024C4182946E6B12AA804F0C1F8002D87D021465A
S3152024C42824A82D6804F0BAF8002C80D0394636A8DA
S3152024C438246804F0B3F83B682A462AA93CA8029320
S3152024C44836ABCDE9004324ABFFF7A7FE8CE71EA81D
S3152024C45804F0A4F8002D3FF46AAF214618A82D68C5
S3152024C46804F09CF8002C3FF462AF394636A8246899
S3152024C47804F094F83B682A461EA93CA8029336ABB6
S3152024C488CDE9004318ABFFF73FFC6DE7D8F81440F5
S3152024C49806F08EFF3B7A024604494046A0470120EF
S3152024C4A863E700BF7DBC242007B924207B5B252095
S3152024C4B82DE9F0438846074600222DED028BBDB090
S3152024C4C804F05CF8012241460546384604F056F81D
S3152024C4D8414606460022384604F052F8D8F8101069
S3152024C4E8044609B909F0E0F9007A012861D14A6B92
S3152024C4F80DF170098B6B0F7829462F92309307B349
S3152024C50804A804F04BF8002DECD031460AA82D684F
S3152024C51804F044F8002EE5D021464846366804F02F
S3152024C5283DF823682A4604A922A80096CDE9019332
S3152024C5380AABFFF7AFFD00203DB0BDEC028BBDE86A
S3152024C548F08310A804F02AF8002DCBD0314616A85B
S3152024C558D5F8008004F022F8002EC3D02146356869
S3152024C568484604F01BF84A4616A910A8FFF71AFBD2
S3152024C578DDED2F8A9DED308A414624682A463B469E
S3152024C5889842D8DDF1EC017A0133B2EC017A77EEC0
S3152024C598877AF4EE678AF1EE10FA78FEA77AB4EE53
S3152024C5A8678AF1EE10FA48BFF0EE487AE4EC017A6D
S3152024C5B8E6E7092801D0072806D133462A463846ED
S3152024C5C80094FFF77BFEB7E77D6906F0F1FE237A10
S3152024C5D8024602493846A8470120ADE77B5B252039
S3152024C5E8836B10B50BB909F05FF93821BDE81040E3
S3152024C5F81847002910B501DA09F056F90468A1422A
S3152024C608FADA00EB8100002B4168F5DB10688342B7
S3152024C618F2DA02EB830250688842EDD110BD00007D
S3152024C6282DE9F04F0F69ADB0044688460FB909F0B5
S3152024C6383BF9D1F814B0BBF1000FF8D0C568724A7B
S3152024C6482B68284612689B699847064668B96F4B13
S3152024C658656900933B234FF001086D4A6D492046AE
S3152024C668A84740462DB0BDE8F08F2B6841466A4A34
S3152024C67828469B6912689847824620B9674B65697C
S3152024C68800933E23E7E72B684146654A2846DB691B
S3152024C69812689847814620B9624B656900934123DD
S3152024C6A8D9E7B16817A851F8042B1692920009F0F5
S3152024C6B863F9D9F808101DA851F8042B1C92920066
S3152024C6C809F05AF900231CAA16A81946FFF791FF40
S3152024C6D8B3680A909A68DB680B920C93169B032BF3
S3152024C6E8A5DD1C9B1A99032B0D91A0DDDAF80830B9
S3152024C6F8DDF880C09A6812900F92DA68CDF838C08F
S3152024C708CDE91021D9F8081032788868092AC96809
S3152024C7181390CDE9141C01D0072A0FD1424A20466A
S3152024C728126803EB82035968A36B890009919847F9
S3152024C738A36B7862204609999847B862069741469A
S3152024C74833785A4620460593139B0493149B0393C4
S3152024C7580F9B0293109B01930B9B00930C9B01F038
S3152024C768EDFF804600287FF47CAF3378092B01D04F
S3152024C778072B39D13269092BC2F100022292D9F822
S3152024C78810202392DBF808202592DBF80420249213
S3152024C798DBF814202992DBF8102028927A6827922D
S3152024C7A83A682692FA6A2A923A6B2B9210D112ABBD
S3152024C7B80EAA0AA922A809F0E3F8002811DD0146C1
S3152024C7C8236C07F134022046984768B1804648E707
S3152024C7D8072B06D112AB0EAA0AA922A809F0A8F873
S3152024C7E8EBE74FF0FF337B632B68494628465B6A81
S3152024C7F898472B68314628465B6A98472B685146C2
S3152024C80828465B6A98472CE7F0622520EB5B25208F
S3152024C818975B2520615A2520F8622520FC5B252054
S3152024C828F46225209C5A2520FC6225202DE9F04FE8
S3152024C8381D46C1B04B690746DDF830A11EA83D9395
S3152024C84814460B693C9313695B4236939369379351
S3152024C8588B6839934B68389353683B9313683A9378
S3152024C868D36A3E93136B3F93536ADDE94AB60A93F8
S3152024C878936A59460B9303F091FE294624A803F07C
S3152024C8888DFE51462AA803F089FE314630A803F0A6
S3152024C89885FEDDE93E239A4201DD09F005F8249B2D
S3152024C8A8042BFAD11E9B042BF7D12A9B042BF4D1D3
S3152024C8B800232AAA24A81946FFF79BFE03231EAA87
S3152024C8C88046194624A8FFF794FE032381462AAADC
S3152024C8D800211EA8FFF78DFE0346002EDDD03268E0
S3152024C8E832B1099030A808F0EBFF099B8342D4D1B2
S3152024C8F8269A616B0F92279A1293CDF83880CDF811
S3152024C9086880CDE91029209A1392219ACDE91429F1
S3152024C9180122CDE91823CDE916222C9A1B922D9A89
S3152024C928CDE91C2300239942CDE90C3303DB7B6C08
S3152024C938384698470C90002DAFD02B68BBF1000FB2
S3152024C948ABD0DBF800203168BAF1000FA5D0DAF88D
S3152024C958000006901AA8CDE9041016A90CA8CDE93A
S3152024C968022112AA36A9CDE900320EAB0AAA08F06A
S3152024C978D7FF002891D141B0BDE8F08F2DE9F04F9B
S3152024C9881D46C1B04B690746DDF830A11EA83D9344
S3152024C99814460B693C9313695B4236939369379300
S3152024C9A88B6839934B68389353683B9313683A9327
S3152024C9B8D36A3E93136B3F93536ADDE94AB60A93A7
S3152024C9C8936A59460B9303F0E9FD294624A803F0D4
S3152024C9D8E5FD51462AA803F0E1FD314630A803F0A7
S3152024C9E8DDFDDDE93E239A4201DD08F05DFF249B27
S3152024C9F8042BFAD11E9B042BF7D12A9B042BF4D182
S3152024CA0800232AAA24A81946FFF7F3FD03231EAADE
S3152024CA188046194624A8FFF7ECFD032381462AAA33
S3152024CA2800211EA8FFF7E5FD0346002EDDD0326837
S3152024CA3832B1099030A808F043FF099B8342D4D108
S3152024CA48269A616B0F92279A1293CDF83880CDF8BF
S3152024CA586880CDE91029209A1392219ACDE91429A0
S3152024CA680122CDE91823CDE916222C9A1B922D9A38
S3152024CA78CDE91C2300239942CDE90C3303DB7B6CB7
S3152024CA88384698470C90002DAFD02B68BBF1000F61
S3152024CA98ABD0DBF800203168BAF1000FA5D0DAF83C
S3152024CAA8000006901AA8CDE9041016A90CA8CDE9E9
S3152024CAB8022112AA36A9CDE900320EAB0AAA08F019
S3152024CAC847FF002891D141B0BDE8F08F2DE9F04FDA
S3152024CAD81C46B0F90A3088462DED048B9DB0D0ED3E
S3152024CAE80C8A90ED0D9A0B93B0F90C30DDF8B4A08E
S3152024CAF80C93B0F90E301B920D93B0F910300E9387
S3152024CB08B0F902301093B0F9043011930B68042B32
S3152024CB1801D008F0C9FE2368042BFAD1DAF80030AC
S3152024CB28042BF6D10023524640461946FFF761FDC9
S3152024CB3803231490524600212046FFF75AFD2C9BA6
S3152024CB48D8F8105008902BB12B9808F0B9FE089BDA
S3152024CB589842DED1D8F808301393D8F80C30159398
S3152024CB68A3681693E368179323690793079A95FB73
S3152024CB78F3F302FB1355002DCBD1089AA946DFEDF2
S3152024CB885C9A92FBF3F31893DAF808301993DAF8B7
S3152024CB980C301293149B994580F2A480119B5B42F6
S3152024CBA80A9300230493049B199A934280F297802C
S3152024CBB8109B5B42099300230593059B129A934263
S3152024CBC880F285800025089B9D4278DA189B079A4F
S3152024CBD80A9E9FED478A95FBF3F353431A93002322
S3152024CBE80693069B169A934242DA099F4FF0000B26
S3152024CBF8179B9B4536DA002F2FDB159BBB422CDD52
S3152024CC08002E2ADB139BB34227DD00230393039BA1
S3152024CC18079A934221DA1A9A4946404613443246B9
S3152024CC2800933B46FEF78CFF039B069A29460F90D2
S3152024CC38204600935B46FEF783FF0F9A1B9B03EB44
S3152024CC4882032A9A02EB800093ED007A039BD0ED87
S3152024CC58007A0133A7EE278AD8E70D9B0BF1010B1F
S3152024CC681F44C5E7069B013306930E9B1E44B8E74B
S3152024CC782C9B0BB303EB8503D3ED007A38EE278A56
S3152024CC880095494650460135B4EE688ADDE90423E1
S3152024CC98F1EE10FA48BFB0EE688AB4EE489AF1EE5F
S3152024CCA810FA48BFB0EE498AFEF74AFF2E9B03EBBB
S3152024CCB8800080ED008A86E7F0EE697ADEE7059B18
S3152024CCC80B9A01330593099B1344099375E7049B0F
S3152024CCD80C9A013304930A9B13440A9363E709F1B4
S3152024CCE8010957E71DB0BDEC048BBDE8F08F00BFC2
S3152024CCF800000000534B2DE9F04F1A68B5B00F46B3
S3152024CD08044603F03BFC504B064639461A6820460F
S3152024CD1803F034FC3D6880464DB12B68032B11D192
S3152024CD284A4B394620461A6803F028FC0546484BC0
S3152024CD38394620461A6803F023FC7969814619B9AD
S3152024CD4808F0B2FD0025F2E73A69002AF8D0337AAA
S3152024CD58007A83420ED03F4A3F49CDE902303F4BE1
S3152024CD68204601933E4B009340F291136569A847C8
S3152024CD78012050E098F80800834208D0072B01D1D7
S3152024CD8809280BD06369204636499847F0E7092BAA
S3152024CD9844D04CD8012B0AD0072B48D133462046D9
S3152024CDA8CDF80080CDE90159FFF7E8FD33E026A820
S3152024CDB801F090FC314608A803F0F0FBD6F800A031
S3152024CDC814AE41460EA803F0E9FB29463046D8F886
S3152024CDD8008003F0E3FB002DB2D0D5F800B01AADBD
S3152024CDE8494620AF2846002403F0D8FBD9F80090DA
S3152024CDF80021384603F0D2FB26A80EAB524608A9B2
S3152024CE08CDF80080CDE90574CDE90359CDE9016B28
S3152024CE18FFF75CFE204635B0BDE8F08F3346204622
S3152024CE28CDF80080CDE90159FFF700FDF3E7184630
S3152024CE38656906F0BDFA337A02460B492046A84787
S3152024CE4896E700BFF0622520F8622520EC6225208B
S3152024CE58F4622520975B25200E5C2520285C252036
S3152024CE68355C2520415C25207B5B252010B504468E
S3152024CE78034B044A044903F05AFB204610BD00BF3D
S3152024CE88FDCC242029C62420E9C52420836B10B56B
S3152024CE980BB908F009FD3821BDE8104018472DE9BB
S3152024CEA8F04F1E46C1B08B698046DDF830911DA807
S3152024CEB83D9314464B693C9313695B423593936996
S3152024CEC836938B6839934B68389353683B93136806
S3152024CED83A93D36A3E93136B3F93CB683793536A1B
S3152024CEE8DDE94AA70993936A51460A9303F056FB28
S3152024CEF8314623A803F052FB494629A803F04EFBC2
S3152024CF0839462FA803F04AFBDDE93E239A4201DD60
S3152024CF1808F0CAFC002329AA23A81946FFF769FB87
S3152024CF280323834629AA19461DA8FFF762FB05462B
S3152024CF38002FEDD03B6823B12FA808F0C1FC8542E9
S3152024CF48E6D1239BCDF834B0012BE1DD259A022B9B
S3152024CF580E92DDD0269A032B0F92D9D0279B109395
S3152024CF681D9B002BD4DD1E9A012B1192D0D01F9AFB
S3152024CF78022B1292CCD0209BCDF864B0CDE9133560
S3152024CF880123CDE91533CDE91735299B012BBFDD9F
S3152024CF982B9A022B1A92BBD02C9B616BCDE91B357D
S3152024CFA800239942CDE90B3304DBD8F84430404694
S3152024CFB898470B90002EABD03368BAF1000FA7D030
S3152024CFC8DAF800203968B9F1000FA1D0D9F8000081
S3152024CFD8069019A8CDE9041015A90BA8CDE9022194
S3152024CFE811AA35A9CDE900320DAB09AA08F09CFC73
S3152024CFF800288DD141B0BDE8F08F2DE9F0431D4698
S3152024D008C1B0836916463D9343693C930B695B42B9
S3152024D01835938B69369383683993436838934B6859
S3152024D0283B930B683A93CB6A3E930B6B3F93C36827
S3152024D0381DA837934B6A09938B6A2946DDE94898B4
S3152024D0480A9303F0ABFA314623A803F0A7FA4146FC
S3152024D05829A803F0A3FA49462FA803F09FFADDE965
S3152024D0683E239A4201DD08F01FFC002329AA23A87F
S3152024D0781946FFF7BEFA0323074629AA19461DA8E7
S3152024D088FFF7B7FA0446B9F1000FECD0D9F8009087
S3152024D098B9F1000F04D02FA808F012FC8442E2D15B
S3152024D0A8239B0D97012BDEDD259A022B0E92DAD0AF
S3152024D0B8269A032B0F92D6D0279B10931D9B002BA1
S3152024D0C8D1DD1E9A012B1192CDD01F9A022B1292B2
S3152024D0D8C9D0209B1997CDE913340123CDE91533DB
S3152024D0E8CDE91734299B012BBDDD2B9A022B1A92C5
S3152024D0F8B9D02C9BCDE91B340023CDE90B33002E44
S3152024D108B1D03368002DAED02A68B8F1000FAAD042
S3152024D118D8F800100BA8069119A9CDE9049115A9C8
S3152024D128CDE9022111AA35A9CDE900320DAB09AAE8
S3152024D13808F01AFC002896D141B0BDE8F0830000F7
S3152024D1482DE9F04F9A46B0F90A3089462DED048BFD
S3152024D1589BB0D0ED0C8A90ED0D9A0B93B0F90C3038
S3152024D1682B9E0C93B0F90E3019920D93B0F91030EA
S3152024D1780E93B0F902300F93B0F904301093B0F916
S3152024D188123007930B68042B01D008F08DFBDAF8AC
S3152024D1980030042BF9D13368042BF6D100233246E8
S3152024D1A848461946FFF725FA03233246149019468A
S3152024D1B85046FFF71EFAD9F80830079A1893D9F853
S3152024D1C80C301793D9F810300A93DAF808301693C6
S3152024D1D8DAF80C301593B3681293F36813930A9BE1
S3152024D1E803FB02F48442D0D1299808F069FBA04293
S3152024D1F8CBD10025DFED589A149B9D4280F2A68038
S3152024D208109B5B42089300230293029B129A934213
S3152024D21880F29A800F9B5B42099300230393039BF6
S3152024D228139A934280F288804FF0000BCDF810B0E1
S3152024D238049B0A9A934277DA5C46A4EB0B03079A53
S3152024D2489A426BDD0023089F9FED438A0593059B0D
S3152024D258169A93423BDA0023DDF824800693069B0C
S3152024D268159A93422DDAB8F1000F24DB179B98459B
S3152024D27821DA002F1FDB189B9F421CDA049B3A468F
S3152024D2882946484600934346FEF75AFC0021119026
S3152024D29850460094DDE90523FEF752FC119A199B82
S3152024D2A803EB8203289A02EB800093ED007AD0EDD3
S3152024D2B8007AA7EE278A069B013306930D9B98446A
S3152024D2C8CDE7059B013305930E9B1F44BFE72A9B75
S3152024D2D80BB303EB8403D3ED007A38EE278A009424
S3152024D2E8294630460134B4EE688ADDE90223F1EE74
S3152024D2F810FA48BFB0EE688AB4EE489AF1EE10FACE
S3152024D30848BFB0EE498AFEF71BFC2C9B03EB800012
S3152024D31880ED008A91E7F0EE697ADEE7049B0133F3
S3152024D3280493079B9B4483E7039B0B9A013303931C
S3152024D338099B1344099372E7029B0C9A013302939F
S3152024D348089B1344089360E7013555E71BB0BDECC9
S3152024D358048BBDE8F08F00BF000000002DE9F04FB4
S3152024D368D1F810B0AFB005460F46BBF1000F01D156
S3152024D37808F09AFAD1F814A0BAF1000FF8D03D4B48
S3152024D3881A6803F0FDF83C4B394681461A68284624
S3152024D39803F0F4F8394B064639461A68284603F02A
S3152024D3A8EDF83C6880464CB12368032B42D1344B94
S3152024D3B8394628461A6803F0E1F80446307A0728BD
S3152024D3C845D0092838D001284AD15A4651461EA87C
S3152024D3D801F0A6FA314606A803F0E0F841460CA83F
S3152024D3E8366803F0DBF8B8F1000FC1D012AD214618
S3152024D3F8D8F80070284603F0D1F8002CB8D0D4F8F1
S3152024D408008018AC4946204603F0C8F8B9F1000F25
S3152024D418AED0D9F80030324606A91EA80097CDE901
S3152024D4280343CDE901580CABFFF78AFE00202FB021
S3152024D438BDE8F08F0024C1E733465A46514628468C
S3152024D448CDF80080CDE90149FFF729FDEEE74346CB
S3152024D458324659465046CDE90049FFF7CEFDE5E741
S3152024D4686C6905F0A5FF337A024606492846A04763
S3152024D4780120DCE764632520606325206863252052
S3152024D4885C6325207B5B252010B5044611B90160F1
S3152024D498204610BD896851F8042B40F8042B9200A5
S3152024D4A808F06AFAF4E700002DE9F04FD1F8109035
S3152024D4B8BDB004468A46B9F1000F01D108F0F4F923
S3152024D4C8D1F814B0BBF1000FF8D0C668984A33684F
S3152024D4D8304612689B699847804660B9954B65699A
S3152024D4E800934623944A20469449A847012528464A
S3152024D4F83DB0BDE8F08F33685146914A30469B6942
S3152024D50812689847074620B98E4B656900934923A4
S3152024D518E8E7336851468C4A3046DB6912689847CF
S3152024D528099020B9894B656900934C23DAE7D8F802
S3152024D538083098F80020D9689B68092A0F910E93F9
S3152024D548BB68D9680A9199680B9109998968C8682A
S3152024D55889680C900D9101D0072A61D197F830500B
S3152024D568012D0DD07A4B0126734A20460193794BF7
S3152024D578794900935723CDE902566569A847B5E723
S3152024D588796B41B9754B666900935E236A4A2046AE
S3152024D5986A49B047ABE7086820B9714B6669009396
S3152024D5A85F23F3E7D1F804C0BCF1000F04D16D4BF7
S3152024D5B8666900936023E9E7016801290BD06A4844
S3152024D5C8006803EB80004068814204D0674B666973
S3152024D5D800936123DAE7DCF8000081420CD0644BFF
S3152024D5E866690193634B544A00936523CDE9021057
S3152024D5F859492046B0477AE75B492046119209685B
S3152024D60803EB81035968A36B890010919847A36B70
S3152024D618C9F82400204610999847119AC9F8280051
S3152024D6280D9B5146204604930C9B03930B9B0293F4
S3152024D6380A9B01930E9BCDE9052900935A460F9BF5
S3152024D64801F0A4F9054600287FF451AF98F8003054
S3152024D658092B5DD141461FA8FFF716FF099925A84E
S3152024D668FFF712FF39462BA8FFF70EFF1F9B042B23
S3152024D6787FF424AF2B9B042B7FF420AF259B042BEC
S3152024D6887FF41CAF2B4625AA29461FA8FEF7B1FFEF
S3152024D698032382462BAA194625A8FEF7AAFFBAF100
S3152024D6A8010F7FF40BAF0E9B13A917AACDF84CA014
S3152024D6B814930F9BCDF86CA01593239BCDE9163A8A
S3152024D6C80B9B18930A9BCDE919300D9B1C930C9B15
S3152024D6D8CDE91D30D9F8043031A83793D9F800304C
S3152024D6E83693DBF818303993DBF8143038931BAB90
S3152024D6F808F0D6F8011E07DD236C09F134022046EA
S3152024D708984728B10546F2E64FF0FF33C9F8343056
S3152024D7183368304609995B6A9847336841463046C8
S3152024D7285B6A98473368394630465B6A9847DEE60B
S3152024D73860632520EB5B2520C65C2520615A25209D
S3152024D74868632520FC5B2520646325209C5A252094
S3152024D758245D25203E5D25200E5C2520585D252028
S3152024D7686C5D2520875D25206C632520A75D2520D3
S3152024D778295E25204F5E252010B50446034B044AEE
S3152024D788044902F0D4FE204610BD00BF65D32420C8
S3152024D798B1D4242095CE2420836B10B50BB908F058
S3152024D7A883F83821BDE810401847002938B505687C
S3152024D7B801DBA94201DB08F077F800220124031DA6
S3152024D7C8914218BF53F8220002F1010208BF012012
S3152024D7D8AA4200FB04F4F3DB204638BD2DE9F04F9A
S3152024D7E80E69A3B0044689460EB908F05DF84B693C
S3152024D7F80693002BF9D0C568744A2B6828461268E4
S3152024D8089B699847804660B9714B65690093402384
S3152024D818704A20467049A8470127384623B0BDE8D0
S3152024D828F08F2B6849466D4A28469B691268984783
S3152024D838824620B96A4B656900934323E8E72B6817
S3152024D8484946684A28469B69126898472B68664A37
S3152024D85849468346DB69126828469847814620B973
S3152024D868624B656900934823D2E798F8000099F813
S3152024D8780030834213D0666905F09AFD054699F847
S3152024D888000005F095FD5A4B524A0193594B5A49A3
S3152024D89800934A23CDE902502046B047BCE7514697
S3152024D8A810A8FFF7F1FD494616A8FFF7EDFD169BAC
S3152024D8B810A80593109B013B19460793FEF716F9E2
S3152024D8C8059B012208905F1E16A83946CDE9092210
S3152024D8D8FEF70CF9079B0B9010A81946FEF706F9B4
S3152024D8E83946306316A8FFF760FF3946F06216A832
S3152024D8F8FEF7FCF84FF0FF3370632046B362069B8D
S3152024D90898F8002019784346CDE90296CDE900AB4C
S3152024D91802F0D2FD074600287FF47FAF98F800301E
S3152024D928072B0DD108A808F01BF800280ADD014684
S3152024D938236C06F128022046984718B107466CE737
S3152024D948092B18D02B68494628465B6A98472B68A2
S3152024D958414628465B6A98472B68514628465B6A7F
S3152024D9689847BBF1000F3FF458AF2B6859462846F1
S3152024D9785B6A984751E741461CA8FFF785FD059B16
S3152024D988023B022B3FF631AF059B022B19D0336B72
S3152024D9989B0716D1716B2046A36B89009847716B18
S3152024D9A8A36B3062890020469847F36A70620CA8D4
S3152024D9B80C930123CDE90D33336B0F9307F0D8FF4E
S3152024D9C8B3E708A807F0F0FFAFE700BF686925206A
S3152024D9D8EB5B2520705E2520615A25207069252039
S3152024D9E8FC5B2520646925206C6925209C5A2520E2
S3152024D9F8285C2520355C2520CF5E252010B50446B5
S3152024DA08034B044A044902F092FD204610BD00BF68
S3152024DA183DDD2420E5D72420A1D7242008B508B91C
S3152024DA2807F042FF006808BD2DE9F04FB7B0044639
S3152024DA380D469A4626A89346DDE94089494602F0AA
S3152024DA48ADFD269EB31E022B01D907F02DFF2B6888
S3152024DA582A6B0B936B68E96A0C9301231191CDE900
S3152024DA6814226A6BCDE91233CDE91633CDE918236E
S3152024DA78CDE91A33CDE91C21CDE91E33A96A002321
S3152024DA8820929942CDE90D3303DB636C20469847CF
S3152024DA980D90B8F1000F01D0D8F800806A69022EBB
S3152024DAA8D5F81CC0C2F10002D5E9027065D02B6BCB
S3152024DAB813F0030361D10121CDE92C2CCDE93211B0
S3152024DAC86A6ACDE92E11296A10920F91CDE930334D
S3152024DAD8CDE93470686B984207DD0B9841F823000A
S3152024DAE80C9842F823000133F4E75846FFF796FFAB
S3152024DAF809905046FFF792FFB9F1000FA5D0D9F81F
S3152024DB0800201DAF099B19AE15AD069200930FAAC6
S3152024DB1811AB2CA90195CDE90206CDE904870DA8D8
S3152024DB2807F096FE30B3636958460993FFF776FFC4
S3152024DB3883465046FFF772FFD9F800300FAA2CA93E
S3152024DB48CDF800B0CDE90573CDE9015011AB0DA868
S3152024DB58CDE9036807F07CFE00232D4A2D49CDE91B
S3152024DB6802032D4B2046099C01932C4B0093E0233A
S3152024DB78A047012037B0BDE8F08F00232192CDF8A5
S3152024DB888CC02293CDE924705846FFF747FF0746D1
S3152024DB985046FFF743FFB9F1000F3FF456AFD9F8A3
S3152024DBA800301DAD19AE0BAA069315AB21A9CDE9D4
S3152024DBB80206CDE900730DA811ABCDE9048507F03B
S3152024DBC84FFE0028D6D058466769FFF727FF834695
S3152024DBD85046FFF723FFD9F800300BAA21A9029033
S3152024DBE80DA8CDE9055315ABCDE90368CDE900B3D6
S3152024DBF811AB07F035FE0023054A0649CDE9020371
S3152024DC08054B20460193064B0093F023B847B0E7EB
S3152024DC18705E25200E5C2520E95E2520FE5E2520C3
S3152024DC28106025202DE9F04F0E46A3B099460B689F
S3152024DC381546326B099304464B68C96A0A9301230D
S3152024DC480D91CDE91022726BCDE90E33CDE912332D
S3152024DC58CDE91423CDE91633CDE91821CDE91A3394
S3152024DC68B16A00231C929942DDE92C8ACDE90B332B
S3152024DC7802DB436C98470B90B8F1000F01D0D8F8F3
S3152024DC88008073695B421D93F3691F9300231E93B7
S3152024DC98B3682093F36821930DB907F005FE484607
S3152024DCA8D5F800B0FFF7BAFEBAF1000FF5D0DAF8A6
S3152024DCB8003019AF15AE09AA069311AB1DA9CDE9D3
S3152024DCC80206CDE900B30BA80DABCDE9048707F0EE
S3152024DCD8B7FD18B34846D4F814B0FFF79FFEDAF8F0
S3152024DCE8003009AA1DA902900BA8CDE9057311AB0A
S3152024DCF801932B68CDE9036800930DAB07F0A0FDAB
S3152024DD080023084A0849CDE90203084B20460193F3
S3152024DD18074B00934FF48B73D847012023B0BDE8D3
S3152024DD28F08F00BF705E25200E5C2520E95E252015
S3152024DD38126125202DE9F04F4F6904460E462DED14
S3152024DD48028BA9B00FB907F0AFFD694B1A6802F008
S3152024DD5815FC684B314605461A68204602F00EFC07
S3152024DD68654A314602901268204602F007FC634A27
S3152024DD78314680461268204602F002FC31698146E3
S3152024DD880029E0D0287A029B072800F09F800928BA
S3152024DD9800F09580012840F0A080B8F1000F65D0C6
S3152024DDA8D8F8006039781EA8029302F067FB294622
S3152024DDB806A802F0F3FB2B680CA80593029B1946A8
S3152024DDC802F0ECFB029B002BBDD01B68414612A80F
S3152024DDD8049302F0E3FB494618A802F0DFFBB9F1C5
S3152024DDE8000FB0D0189C18A8D9F80030013C0C9DF7
S3152024DDF8039321469DED258AFFF7D7FCA91E029079
S3152024DE080CA8FDF773FE8046214618A8FDF76EFE5A
S3152024DE188045DDED268A044695D1691E0CA8FDF792
S3152024DE2865FE0023DFED366A1D469C46029A624526
S3152024DE383FDD039A02EB8508059A02EB830B002221
S3152024DE481146A14230DA049FDA464FF0000EDFED60
S3152024DE582C7A07EB820970450ADDBAEC016A0EF1A1
S3152024DE68010EB9EC017AE6EE077AF4E7464699E7F5
S3152024DE78BEB106EB810E9EED007A77EE877A0131C4
S3152024DE880244B4EE678AF1EE10FA78FE277AF4EE85
S3152024DE98678AF1EE10FA48BFF0EE687AE8EC017A40
S3152024DEA8CFE7B0EE667AE8E70CF1010C2544034463
S3152024DEB8BCE7002029B0BDEC028BBDE8F08F2A46AA
S3152024DEC82046CDE90089FFF7AFFDF3E72A46204609
S3152024DED8CDE90089FFF7A6FEECE7666905F068FA1E
S3152024DEE82B7A024607492046B0470120E2E700BF9D
S3152024DEF86869252070692520646925206C69252070
S3152024DF08000000007B5B252010B50446034B044AF9
S3152024DF18044902F00CFB204610BD00BF85E22420CC
S3152024DF283D092520110725202DE9F04FB1B01C469F
S3152024DF38064601230D9214A80A460421FDF7E2FD7C
S3152024DF480DF1800822460024012304211AA80DF164
S3152024DF58A009FDF7D7FD1027414614A8A246FDF7A8
S3152024DF68E3FF49461AA8FDF7DFFF214614A8FDF743
S3152024DF78BDFD054621461AA8FDF7B8FD854206D0DB
S3152024DF88012D40F0998048F807A048F82400013448
S3152024DF980437042CE9D101233B9A21460EA8FDF700
S3152024DFA8B1FDDDE90EB30A93109B0893119B089AB9
S3152024DFB80593129B0393059B5343039A53430B932D
S3152024DFC8059B53430C9300231F460493BBF1000F50
S3152024DFD874DD0A9B9F4280F2B380049B4FF000088D
S3152024DFE80793BBF1010F69D0089B984580F2A2803C
S3152024DFF8079B4FF0000A0693BBF1020F5ED0059BC0
S3152024E0089A4580F290803C9BBBF1030F069A4FF0E9
S3152024E01800091344099351D0039B99457CDA534626
S3152024E0284246394620A8CDF80090FDF748FE0D9B98
S3152024E038424639461D5628A87368CDF800901D44B3
S3152024E0485346FDF73CFE3A9BD6F80CC01C56B368BB
S3152024E0581C44D6E904236C4323EAE375002B04FAEB
S3152024E06805F4D4BF5B420023A2422ED102F10040FC
S3152024E0784142414184FB0245002C75F10002324A73
S3152024E088A8BF4FF0804211BBA41845EBE275002C9B
S3152024E09875F1000204DA6FF00042A41845F1000550
S3152024E0A8E20F42EA45021F2B14DD284B4FF4B9719F
S3152024E0B8274A284807F0FCFB012801D007F0F4FB5F
S3152024E0C849F807A049F8245061E70021D2E76FF0E0
S3152024E0D80042E8E70121F46A994042FA03F3013918
S3152024E0E801EA0200491001EBD2718842C8BF0133E4
S3152024E0F89C44A445B8BFA446346BA445A8BFA446CB
S3152024E108BBF1040F4FFA8CFCD8D1099B09F10109DC
S3152024E11803F801CB09937FE7069B0AF1010A039AA0
S3152024E1281344069368E7079B08F101080C9A1344BD
S3152024E138079356E7049B01370B9A1344049345E720
S3152024E14831B0BDE8F08F00BF010000C06C5B2520EC
S3152024E158BC5A2520335B25202DE9F04FCDB0074620
S3152024E1680D4614460021682232A81E4607F094FB41
S3152024E178BB6829462CA83D93FB683E933B6A40936B
S3152024E1883B685B4233937B685B4234933B69359384
S3152024E1987B693693BB69379302F000FA214626A871
S3152024E1A802F0FCF932AA26A92CA8FDF7FDFD10B306
S3152024E1B829462CA802F0F2F90DB907F075FB214659
S3152024E1C826A82D6802F0EAF9002CF6D0276820AC78
S3152024E1D83146204602F0E2F9002EEED033682A464C
S3152024E1E82CA932A80097CDE9014326ABFFF79CFE3C
S3152024E1F84DB0BDE8F08F002DDFD02F68002CDCD061
S3152024E208339A349BD4F800800D920C93002ED4D0C4
S3152024E218336829461AA8DDF8DC900B93359B099395
S3152024E228369BDDE93DAB0A9302F0B8F9214614A8BA
S3152024E23802F0B4F931460EA802F0B0F91AA807F06C
S3152024E2483FFB044614A807F03BFB05460EA807F017
S3152024E25837FBAC42B1D18442AFD10A9B41463846DA
S3152024E2680293099B01930B9BCDE905B40093CDE931
S3152024E278039ADDE90C3207F0DBFAB9E72DE9F043F6
S3152024E288D1F8149085B004460D46B9F1000F01D172
S3152024E29807F00AFBD1F81080B8F1000FF8D0204BEC
S3152024E2A81A6802F06BF91F4B064629461A68204637
S3152024E2B802F064F91C4B074629461A68204602F0C0
S3152024E2C85FF90346307A022816D009280BD001286C
S3152024E2D81BD14A46294620460096CDE90173434652
S3152024E2E802F03BFC04E03A4631464046FFF734FF29
S3152024E2F8002005B0BDE8F083CDE9007342463346B5
S3152024E3082946204602F0A6FCF2E7656905F050F86E
S3152024E318337A024605492046A8470120E9E700BF63
S3152024E328E0692520E4692520E86925207B5B2520CA
S3152024E338836B10B50BB907F0B7FA2421BDE8104032
S3152024E348184710B50C4603F051FD18B923694FF028
S3152024E358FF321A6210BD00002DE9F0438DB08046A5
S3152024E368894603F043FD0646002844D1D8F80C40B4
S3152024E37849462A4A2368204612689B69984723686F
S3152024E388274A0746DB6949461268204698473B7838
S3152024E3980546092B36D1B96801A851F8042B0092D1
S3152024E3A8920007F0E9FA009B042B01D007F07CFAA7
S3152024E3B80DB90695FAE7A96807A851F8042B0692F9
S3152024E3C8920007F0D9FA069B042BEFD1032306AA39
S3152024E3D868461946FEF70DF90146099807F090FA7A
S3152024E3E8011ED9F810200ADDD8F8403020324046BC
S3152024E3F8984738B1064630460DB0BDE8F0834FF02D
S3152024E408FF3313622368294620465B6A9847236884
S3152024E418394620465B6A9847EDE700BFF46C2520E9
S3152024E428F86C25202DE9F043D1F81480A5B00446AC
S3152024E4388946B8F1000F01D107F036FA0D69002D67
S3152024E448FAD03E4B1A6802F099F83D4B07464946BE
S3152024E4581A68204602F094F80646387A01280AD003
S3152024E468092814D0656904F0A3FF364902462046B4
S3152024E478A847012008E020462B4642464946CDE9AE
S3152024E488007603F031FD002025B0BDE8F083394617
S3152024E49812A802F083F8129B042BCDD1314618A852
S3152024E4A802F07CF8189B042BC6D1032318AA12A899
S3152024E4B81946FEF79EF80123129A06939A42BBDD43
S3152024E4C81499022A0791B7D0159A296A0A93CDE96D
S3152024E4D808201A9A0B921B9ACDE90C20D8F80820E2
S3152024E4E81F92D8F804201E926A6821922A680E93CD
S3152024E4F820922A6922926A692392D8F810200F92A8
S3152024E508D8F80C20CDE9102300239942CDE90433E9
S3152024E51803DB636C2046984704903B68002E8BD0F7
S3152024E52832681EA904A802920AAA01920EAA009267
S3152024E53806AA07F0D1F90028A6D07DE7F46C252071
S3152024E548F86C2520176225202DE9F043D1F814806C
S3152024E558A5B004468946B8F1000F01D107F0A4F9DD
S3152024E5680D69002DFAD03E4B1A6802F007F83D4B68
S3152024E578074649461A68204602F002F80646387A9B
S3152024E58801280AD0092814D0656904F011FF3649D0
S3152024E59802462046A847012008E020462B46424624
S3152024E5A84946CDE9007603F0CEFC002025B0BDE807
S3152024E5B8F083394612A801F0F1FF314618A801F054
S3152024E5C8EDFF032318AA12A81946FEF712F80123E9
S3152024E5D8129A06939A42C1DD1499022A0791BDD02C
S3152024E5E8159A0A93CDE90820189A9A42B6DD1A99DB
S3152024E5F8022A0B91B2D01B9A296ACDE90C20D8F885
S3152024E60808201F92D8F804201E926A6821922A6824
S3152024E6180E9320922A6922926A692392D8F8102086
S3152024E6280F92D8F80C20CDE9102300239942CDE95E
S3152024E638043303DB636C2046984704903B68002EFA
S3152024E6488CD032681EA904A802920AAA01920EAA7C
S3152024E658009206AA07F060F90028A7D07EE700BF13
S3152024E668F46C2520F86C25204062252010B5044614
S3152024E678034B044A044901F05AFF204610BD00BF23
S3152024E6882DE4242061E3242039E3242010B50446EC
S3152024E698034B044A044901F04AFF204610BD00BF13
S3152024E6A851E524204BE3242039E3242023B10128CF
S3152024E6B804D0022807D00023184670471944013964
S3152024E6C891FBF3F3F8E7013A0098194450430130B3
S3152024E6D8091AF5E70B7B012B70B504460D46164619
S3152024E6E803D100232363124B04E0032B15D10023E3
S3152024E6F80363104B6363287801F061FF3368207025
S3152024E708204663807368A3806B686381AB68A38182
S3152024E7182B69E3816B69238270BD022B04D1064BB6
S3152024E72803634FF07E53E5E76FF40003DAE700BF6F
S3152024E738FFFF7F7F0000C040000080BF2DE9F04FF7
S3152024E7489B460B688FB007461B6888461E9E023B4D
S3152024E7580A92012B0AD9694B694A0093562344699C
S3152024E7686849A04701200FB0BDE8F08F4B681C6884
S3152024E778012C0CD0644B0125614A0193634B6449CF
S3152024E78800935723CDE902454469A047EAE70A9B23
S3152024E7985946199A93F800A0D3E901595B6950463A
S3152024E7A80B930A9B1B690C9300932B46FFF77EFF3A
S3152024E7B80B9B1A9A18990D90504600934B46FFF7AF
S3152024E7C875FF1A9B0B9A0138013B414653430C9AF1
S3152024E7D8013309FB0039189BA9EB0309199B013B33
S3152024E7E829EAE97953430D9A0133501E002205FB61
S3152024E7F80035A5EB0B0B2BEAEB7B4FEA6B030BF0CF
S3152024E808010533604FEA6903B560736009F0010393
S3152024E818F360FD682B6828469B699847824640B949
S3152024E8283C4B7D6900936423354A38463549A847A5
S3152024E83898E72B682246414628469B69984781466D
S3152024E84820B9354B7D6900936723EDE72B6841462C
S3152024E858022228469B6998472B6841468346DB69CA
S3152024E868002228469847804620B92C4B7D69009358
S3152024E8786C23D9E79DF87430012B1ED1DAF8103091
S3152024E888514628463361D9F810307361D8F81030A8
S3152024E898B3612B685B6A98472B68494628465B6A86
S3152024E8A898472B68414628465B6A98472B6828460A
S3152024E8B859465B6A9847002055E7D9F808305146C7
S3152024E8C80A9A5B680C320893B36A0793736A069389
S3152024E8D806F13003059306F12C03049306F120034D
S3152024E8E8039306F11C03CDE9000202934A465B46AC
S3152024E8F8384604F03BFF0028C0D034E7B3622520ED
S3152024E90861622520615A2520795B2520D762252016
S3152024E9180E5C2520EB5B2520FC5B25209C5A252094
S3152024E9280B7C012B70B504460D46164603D10023CD
S3152024E9382363134B04E0032B17D100230363114BC2
S3152024E9486363287801F03BFE336820702046638071
S3152024E9587368A3806B686381AB68A3816B69E38141
S3152024E968AB692382EB68638270BD022B04D1064BE4
S3152024E97803634FF07E53E3E76FF40003D8E700BF21
S3152024E988FFFF7F7F0000C040000080BF2DE9F04FA5
S3152024E9989B460B688FB006461B68884617461E9DDD
S3152024E9A8023B012B0AD96A4B6A4A009357234469A6
S3152024E9B86949A04701200FB0BDE8F08F4B681B6832
S3152024E9C8012B0A930CD00124624A6449CDE90234E6
S3152024E9D8634B0193634B009358234569A847E9E77A
S3152024E9E89369594692F800A00B9353695046D2E965
S3152024E9F801490C93199A00932346FFF757FE0B9B3C
S3152024EA081A9A18990D90504600934B46FFF74EFEB6
S3152024EA181A9B0B9A0138013B414653430C9A0133DE
S3152024EA2809FB0039189BA9EB0309199B013B29EA01
S3152024EA38E97953430D9A0133501E4B4A04FB00347B
S3152024EA481268A4EB0B0B2BEAEB7B4FEA6B030BF038
S3152024EA5801042B604FEA6903AC606B6009F001035B
S3152024EA68EB60F468236820469B699847824638B920
S3152024EA783E4B746900936523364A3046364998E7CF
S3152024EA88236841463A4A20469B6912689847814614
S3152024EA9820B9384B746900936823EDE723684146E7
S3152024EAA8354A20469B69126898472368334A414643
S3152024EAB88346DB69126820469847804620B9304B1E
S3152024EAC8746900936D23D7E79DF87430012B1ED1E2
S3152024EAD8DAF81030514620462B61D9F810306B616C
S3152024EAE8D8F81030AB6123685B6A9847236849466F
S3152024EAF820465B6A98472368594620465B6A984786
S3152024EB082368204641465B6A9847002053E7D9F86C
S3152024EB18083010374A4651461B690893AB6A07932F
S3152024EB286B6A069305F13003059305F12C030493A8
S3152024EB3805F12003039305F11C03CDE9000702936D
S3152024EB4830465B4604F012FE0028C1D033E700BFC6
S3152024EB58B362252000632520615A25200E5C2520B2
S3152024EB68795B2520D7622520F0622520EB5B25209A
S3152024EB78F8622520FC5B2520EC622520F4622520DA
S3152024EB889C5A2520836B10B50BB906F08DFE2021BF
S3152024EB98BDE81040184738B504680B689C4201D054
S3152024EBA806F082FE012304395A1E944207DD50F8C2
S3152024EBB82320013351F823509542F5D0F0E7034614
S3152024EBC800220120944204DD53F8041F01324843CD
S3152024EBD8F8E738BDF0B50E6907460C462DED028BAD
S3152024EBE88FB00EB906F060FE002201F0C7FC21463C
S3152024EBF805460022384601F0C3FC077A0446287ABB
S3152024EC08012F7ED1072847D0092823D003286CD161
S3152024EC18294602A801F0C2FC214608A82F6801F03B
S3152024EC28BDFC08A902A8B568FFF7B5FF216800220C
S3152024EC3896ED008B904252DDBB5C01325B1B07EEBE
S3152024EC48103AB8EEC77B27EE087BB7EEC77BA1EC34
S3152024EC58017AEFE7294602A801F0A0FC214608A854
S3152024EC682F6801F09BFC08A902A8B568FFF793FF33
S3152024EC782168002296ED008B904230DDBB56013266
S3152024EC885B1B07EE103AB8EEC77B27EE087BB7EE58
S3152024EC98C77BA1EC017AEFE7294602A801F07EFC7E
S3152024ECA8214608A82F6801F079FC08A902A8B56886
S3152024ECB8FFF771FF2168002296ED008B90420EDD26
S3152024ECC837F9123001325B1B07EE103AB8EEC77BB0
S3152024ECD827EE087BB7EEC77BA1EC017AEEE700275F
S3152024ECE838460FB0BDEC028BF0BD04F061FB0190D1
S3152024ECF8207A04F05DFB01990246084803F078FE41
S3152024ED08EEE704F055FB0190207A012704F050FB06
S3152024ED1801990246014803F06BFEE1E7706325203A
S3152024ED2810B50446034B044A044901F000FC204646
S3152024ED3810BD00BFDDEB242049ED24208DEB2420B3
S3152024ED482DE9F043D1F8109085B005468846B9F1C7
S3152024ED58000F01D106F0A8FD0B6813B11A68012A01
S3152024ED6812D06E6903B11B680124CDE90234374BCE
S3152024ED780193374B00932123364A28463649B047F0
S3152024ED88204605B0BDE8F0834B6813B11C68012CD6
S3152024ED980BD06E6903B11B680124CDE902342B4BB1
S3152024EDA801932E4B00932223E6E7C6680022336874
S3152024EDB830469B699847074640B9294B6E69009384
S3152024EDC82823244A28462749B047D9E73368414681
S3152024EDD800223046DB699847804620B9224B6E6943
S3152024EDE800932A23EDE73B78092B08D003F0FB036D
S3152024EDF8032B04D01D4B6E6900932C23E1E798F846
S3152024EE080030012B09D01A4B28466C6900932F23EE
S3152024EE18104A1449A0470124B2E73B69394697ED9D
S3152024EE28037A3046C9F808300024D8F81030B7EECB
S3152024EE38C77AC9F81830336889ED007B5B6A984706
S3152024EE483368414630465B6A984799E7795B25209B
S3152024EE58EB632520936325200E5C2520FB63252040
S3152024EE68EB5B2520615A25209C5A25200C642520D5
S3152024EE78656425200B682DE9F04F044689B08A4617
S3152024EE8813B11F68032F12D0656903B11B680322A7
S3152024EE98CDE902327D4B01937D4B00939E23204658
S3152024EEA87C4A7D49A847012009B0BDE8F08FC66869
S3152024EEB800220D69336830469B69984733680122B6
S3152024EEC851469B69049030469847336802228046E7
S3152024EED89B69514630469847049B81469A6813680D
S3152024EEE8032B08D06569CDE90237684B01936B4B10
S3152024EEF80093A623D3E7D8F808100968032908D04D
S3152024EF086569CDE90213614B0193654B0093A723C9
S3152024EF18C5E783681B68022B09D002226569CDE9D7
S3152024EF280232604B0193604B0093A823B7E7DAF8A3
S3152024EF38043013B1196804290BD0656903B11B68F9
S3152024EF480422CDE90232594B0193594B0093AA2323
S3152024EF58A5E76B69D2F808B005F12C020593049B22
S3152024EF6859464FEA8B07DB68AB65049B1B69EB651F
S3152024EF78D8F80C302B66D8F810306B66C368AB6685
S3152024EF8803692046EB66236C9847236C05F13002E7
S3152024EF984FEA0B1120469847D8F808302046D3E95B
S3152024EFA80221236C514305F1340289009847236CA6
S3152024EFB805F13802394620469847236C05F13C0248
S3152024EFC83946204698472B4605F14002204653F8D1
S3152024EFD8441B01FB0BF106938900236C98472B4687
S3152024EFE8069A204653F8481B01FB0BF10793890000
S3152024EFF8236C9847079B394620461A46236C9847FC
S3152024F0082A46236C204652F84C1B01FB0BF1890017
S3152024F01898472A46059B204652F8501B9942B8BF42
S3152024F0281946236C0BFB01F1890098472A46236C41
S3152024F038204652F8541B5945A8BF59460BFB01F1C3
S3152024F04889009847DAF8043013B11A68042A0BD0B1
S3152024F058656903B11B680422CDE90232134B019357
S3152024F068134B0093DD231AE73368304604995B6AE9
S3152024F07898473368414630465B6A98473368304612
S3152024F08849465B6A984700200EE700BF616A252017
S3152024F098EB632520846425200E5C2520E064252026
S3152024F0A803652520036B25202A652520087D252010
S3152024F0B8FB632520036803EB820003EB810390ED91
S3152024F0C8007AD3ED007AB4EEE77AF1EE10FA05D475
S3152024F0D806DC9142ACBF00200120704701207047EE
S3152024F0E8002070472DE9F84F02F1FF3A1F460546BE
S3152024F0F888460AEBDA7A1646DDF828900C464FEA33
S3152024F1086A0A6FF04043A24516DD621C48464FEA38
S3152024F118420B03EB420255F82B1055F82220FFF711
S3152024F128C9FF6FF0404308B10BF1FF3B55F82B205C
S3152024F13845F824205C46E6E7F3070ED4023E06EB80
S3152024F148D676B4EB660F08D1631C5A0005EBC303A5
S3152024F15853F8043C45F82430541E661E06EBD6760E
S3152024F1687610A0454FEA840B05EB840A0EDA55F867
S3152024F17826103A464846FFF79DFF38B1731E344673
S3152024F18845F80B1003EBD3735E10EAE7CAF8007030
S3152024F198BDE8F88F2DE9F04303EB810185B01C46A1
S3152024F1A8984600230390414503D048F8043B01336D
S3152024F1B8F9E7930042F31D0604EB8207042B14DC9B
S3152024F1C83D460DF10C09A84522D803AD3B1B042B3B
S3152024F1D82FDD57F8043D0021226820463A603A1B41
S3152024F1E800959210FFF77EFFF0E7B51E0DF10C0966
S3152024F1F805EBD5756D1054F8253032462946204618
S3152024F208CDF80090FFF76EFF002DD9D0013DF2E707
S3152024F218296848462268FFF74DFF40B12A600B46E5
S3152024F228324600212046CDF80090FFF75BFF0435AF
S3152024F238C9E705B0BDE8F08308B501F0DF03413BF3
S3152024F248192B05D9064B3721064A074806F030FBE1
S3152024F258484010F0DF0F0CBF0120002008BD00BF56
S3152024F26847652520576525208365252010B50A4C12
S3152024F2782378BFF35B8FDB070CD4204606F000FBEC
S3152024F28840B10648064B074A074901F050F920465B
S3152024F29806F0FEFA014810BD14900120189001208A
S3152024F2A89DFD24207DEE2420FDF62420F7B5064650
S3152024F2B817461D460C4631B9224B4FF48F71224AE4
S3152024F2C8224806F0F5FA002A1ADC0A46104612F8CD
S3152024F2D8013B53B1A3F130010929F7D8302B04D1A6
S3152024F2E858214078FFF7A8FF38B92B460A22214609
S3152024F2F83046FFF7DBFF03B0F0BD2B461022F6E796
S3152024F3081BB106F005FB002303603A4601A92046D3
S3152024F318019406F041FB019BC6E900011A780AB933
S3152024F328A34205D1002200230020C6E90023E2E7D0
S3152024F33835B106F0EDFA0068B0FA80F04009DAE72C
S3152024F3480120D8E7C2652520C66525208365252082
S3152024F358F7B5064617461D460C4631B9224B4FF4B7
S3152024F3688F71224A224806F0A3FA002A1ADC0A4672
S3152024F378104612F8013B53B1A3F130010929F7D8D5
S3152024F388302B04D158214078FFF756FF38B92B461D
S3152024F3980A2221463046FFF7DBFF03B0F0BD2B4671
S3152024F3A81022F6E71BB106F0B3FA002303603A4687
S3152024F3B801A92046019406F05FFA019BC6E90001BB
S3152024F3C81A780AB9A34205D1002200230020C6E9C7
S3152024F3D80023E2E735B106F09BFA0068B0FA80F0FC
S3152024F3E84009DAE70120D8E7C265252021662520A9
S3152024F3F883652520032907D8012994BF90F900007D
S3152024F408B0F90000C1177047072901D80068F9E721
S3152024F418D0E90001704710B504680179204606F022
S3152024F42873FA201A10BD000038B58B7904460D4688
S3152024F438093B012B0BD80846FFF7EDFF6B79206093
S3152024F4482046237106F044FAA060204638BD024B94
S3152024F458036001230371F5E7646925208B79052B3D
S3152024F46870B504460D460BD10846FFF7D4FF6B79B1
S3152024F47820602046237106F02BFAA060204670BD12
S3152024F488042B09D10846FFF7C6FF6D79064606F0F0
S3152024F49833FA25712660F0E7034B1B6803600123A2
S3152024F4A8037100238360E9E79CAA002003290AD84C
S3152024F4B8012994BF90F90030B0F9003000EE103AB3
S3152024F4C8B8EEC00B7047072904D890ED000AB7EE8A
S3152024F4D8C00A704790ED000B704710B50446807912
S3152024F4E886B0022802D12179206815E00A280AD86C
S3152024F4F860B1431E092B08D8DFE803F011071C073F
S3152024F5082A170A2507391A28EDD0002001460AE0A9
S3152024F5182046FFF780FF617906F0F6F903E0217982
S3152024F5282068FFF767FF06B010BD2046FFF773FF54
S3152024F5386179F6E721792068FFF7B8FF51EC100B9B
S3152024F54806F026FAEFE72046FFF765FF6179F3E709
S3152024F558214603A8FFF782FF01230A220399684636
S3152024F568FFF7F6FE0028D1D0DDE90001DBE72146A6
S3152024F57803A8FFF759FF05980021D4E78379012B9F
S3152024F58810B5044686B002D12179206815E00A2BC5
S3152024F5980BD8012B0BD9023B082B08D8DFE803F01C
S3152024F5A8101A07270A16230736001A2BECD0002010
S3152024F5B8014609E0FFF72FFF6179FFF71BFF03E0D8
S3152024F5C80179006806F0A0F906B010BDFFF723FFDD
S3152024F5D86179F7E701790068FFF768FF51EC100B8A
S3152024F5E806F086F9F0E7FFF716FF6179F4E7014676
S3152024F5F803A8FFF733FF01230A2203996846FFF756
S3152024F60855FE0028D4D0DDE90001DDE7014603A80C
S3152024F618FFF70AFF05980021D6E70000000000001E
S3152024F6281FB583790446032B05D101790068FFF792
S3152024F6383DFF04B010BD0A2B0AD85BB1013B092B28
S3152024F64808D8DFE803F00E48070723171B0A073FC5
S3152024F6581A2B40D09FED220BEBE7FFF7DCFE6179CE
S3152024F668E5E701790068FFF7C5FE06F025F941ECA0
S3152024F678100BDEE7FFF7CFFE6179F4E7FFF7CBFE21
S3152024F688617906F041F906F0DFF8F0E7014601A88A
S3152024F698FFF7E4FE019C34B9134B40F23711134A81
S3152024F6A8134806F005F969462046009406F078F9A9
S3152024F6B8009B9C42CED01B789FED097B002B00FE15
S3152024F6C8070BB6E7014601A8FFF7AEFEDDED037A60
S3152024F6D8B8EE670BADE721792068D2E7AFF300802F
S3152024F6E8000000000000000085662520906625205D
S3152024F6F88365252070B5866B86B005460EB906F037
S3152024F708D3F80A4412F8023C911E12F8010C01225D
S3152024F71803F003049B10091A8DF8080002FA04F44E
S3152024F728092B0191E4B28DF80A308DF8094040F06E
S3152024F738898001A8FFF76FFE8DF81040039003A84F
S3152024F74806F0C6F8702105902846B047514A044643
S3152024F75803A901A806F088F801A8FFF70FFF4E4A47
S3152024F76803A9206001A806F07FF801A8FFF706FF61
S3152024F7784A4A606003A901A806F076F89DF80A305B
S3152024F788002B64D16423A360454A03A901A806F063
S3152024F7986BF89DF80A30002B63D1237603A9414AB6
S3152024F7A801A806F061F801A8FFF73AFFB7EEC00BC7
S3152024F7B803A93D4A01A884ED030A06F055F801A8B1
S3152024F7C8FFF72EFFB7EEC00B384A03A901A884ED0C
S3152024F7D8040A06F049F801A8FFF7D0FE03A9344AFB
S3152024F7E8606101A806F040F801A8FFF719FFB7EED3
S3152024F7F8C00B03A92F4A01A884ED070A06F034F87A
S3152024F80801A8FFF70DFFB7EEC00B03A92A4A01A8C2
S3152024F81884ED080A06F028F801A8FFF701FFB7EEB9
S3152024F828C00B264A03A901A884ED090A06F01CF868
S3152024F83801A8FFF7F5FEB7EEC00B204684ED0A0A89
S3152024F84806B070BD1E4B8DF81020039377E7134A14
S3152024F85803A901A806F008F801A8FFF78FFEA060DF
S3152024F86892E70F4A03A901A805F0FEFF9DF80A305E
S3152024F8781A2B0AD19DF80810019806F045F850EA63
S3152024F888010314BF0123002387E701A8FFF725FED8
S3152024F898F5E700BFD7662520E666252000672520BC
S3152024F8A81567252025672520396725204B67252098
S3152024F8B8576725205F672520676725206F672520BA
S3152024F8C8BC19030008B508B905F0EEFF006808BD81
S3152024F8D888422DE9F0410446174613D0914278D020
S3152024F8E80B1A121A9B109510C3EBA20293420CD121
S3152024F8F80B461868226844F8040BA14243F8042BC3
S3152024F908F7D10F463846BDE8F0817A1A6FF0030CF2
S3152024F9188718EE1A9E422DDD012B0ED12146AA00E8
S3152024F92804EB850551F8046BA94203D0043A2046F2
S3152024F93805F09EFF45F8046CE4E704EB83000022D7
S3152024F948964209DD54F822E050F8221044F8221071
S3152024F95840F822E00132F3E795FBF3F226EAE6762D
S3152024F96803FB125504EB8604002DCBD01E465B1BC5
S3152024F9783546CEE7012E0FD105F18045013D04EB0E
S3152024F9888503AA0054F82550A34203D02146201DD6
S3152024F99805F06EFF2560B5E704EB85040022A4EB69
S3152024F9A8860001469A4209DA51F804ED013254F8C0
S3152024F9B8048DC1F80080C4F800E0F3E723EAE37451
S3152024F9C895FBF6F306FB13530CFB0404002BCFD12B
S3152024F9D898E7074696E7132A2DE9F84304460E4660
S3152024F9E815461F464FEA82092BDC81440146894560
S3152024F9F861D00D1B2046AD10002D1ADD6B103E68F4
S3152024FA080A6800EB830E06EB820C50F8232006EBBB
S3152024FA1882069CED007AD6ED007AB4EEE77AF1EEEA
S3152024FA2810FA04DCED1A0EF10400013DE4E71D4624
S3152024FA38E2E70D1D4FF000032A46FFF749FF294622
S3152024FA48D5E74FEA62084246FFF7C5FF3B46A5EBB2
S3152024FA580802314604EB8800FFF7BDFF0022414601
S3152024FA681346904514DD8D4254F822E01FDDD7F83D
S3152024FA7800C054F821000CEB80000CEB8E0C90ED82
S3152024FA88007ADCED007AB4EEE77AF1EE10FA0EDD90
S3152024FA9854F82100013146F8230001339D42E0D150
S3152024FAA84A4631462046BDE8F84305F065BF01326B
S3152024FAB846F823E0F1E7BDE8F88300002DE9F04F66
S3152024FAC82DED028B87B0164600229946044600F06F
S3152024FAD855FD149B002B0ADAA84B00934FF4DC73AC
S3152024FAE865692046A64AA749A847012019E196ED23
S3152024FAF8048AB5EEC08AF1EE10FA06DDF7EE007A0E
S3152024FB08B4EEE78AF1EE10FA05D99F4B009340F21A
S3152024FB18BB136569E5E743682046316BD3F808A00B
S3152024FB28636CD6ED038A98470022034602909245B1
S3152024FB3840F3FC8093ED007A1946D3ED027AB4EE8D
S3152024FB48E77AF1EE10FA80F2138191ED017A1033D7
S3152024FB5853ED017AB4EEE77AF1EE10FA80F20881B1
S3152024FB680132E4E7636C2046F16C03929847039AA2
S3152024FB7880468344002305920246934503D042F8BF
S3152024FB88043B0133F9E705AB2A4639464046FFF7B5
S3152024FB9822FF00231A4653450BDAF9EC017AF4EEB0
S3152024FBA8E87AF1EE10FAA4BF47F82230013201335D
S3152024FBB8F1E7149B2046139AAB42A8BF2B469946B5
S3152024FBC800231360636CF16A98470122034641197E
S3152024FBD88B4202D003F8012BFAE700222B46DFEDCD
S3152024FBE86B4A9446AA4200F09B80002B00F098800A
S3152024FBF81399D1F800E0CE4580F29280815C02F1F7
S3152024FC08010B01295C4640F0898058F822100EF110
S3152024FC18010A139E013B57F82110C6F800A0129E0C
S3152024FC2846F82E1000F802C0AC4277D0015D01298F
S3152024FC386FD158F82210029E57F8211006EB011E80
S3152024FC4858F82410DEED023ADEED002A9EED034A0A
S3152024FC589EED013A73EEE26A57F8211074EE437A40
S3152024FC6806EB011166EEA76A91ED005AD1ED027AC8
S3152024FC7891ED037AF5EEC06AD1ED015AF1EE10FA28
S3152024FC8849D937EEC56A37EE652A26EE026AB5EED5
S3152024FC98C06AF1EE10FA3ED9F4EEC52A76EE866AC3
S3152024FCA8F1EE10FAB4EEE53A58BFB0EE625AF1EE08
S3152024FCB810FAF4EEE73A58BFF0EE435AF1EE10FA6A
S3152024FCC8B4EEC74A77FEA37A77EEC57AF1EE10FA10
S3152024FCD8F5EE407A37FE047A37EE657AF1EE10FA95
S3152024FCE8B5EE407A48BFF0EE647AF1EE10FA48BFB2
S3152024FCF8B0EE647A67EE877A76EEE76A87EEA67A96
S3152024FD08B4EEC78AF1EE10FA44BF03F1FF3300F8A4
S3152024FD1804C0013488E7B0EE647AF1E75A4661E7ED
S3152024FD28002007B0BDEC028BBDE8F08F636C20461B
S3152024FD38B16C9847636CF16B074620469847002395
S3152024FD48024649461D469A454FEA850B7FF70AAF50
S3152024FD58F1EC017AF4EEE78AF1EE10FA9FBF02EB72
S3152024FD680B000135C0ED007A47F80B300133EAE75A
S3152024FD78074B009340F2C1136569B2E677672520BD
S3152024FD8884642520615A25208D67252000000000BB
S3152024FD98E76725202DE9F04F002204460E460D69F3
S3152024FDA82DED0E8B95B000F0E9FB436881465F68FC
S3152024FDB8012F0ED0AA4B012566690193A94B0093DE
S3152024FDC84FF48273CDE90275A74A2046A749B0473E
S3152024FDD80BE0DA68032A10DCA54B204665690093D4
S3152024FDE84FF48373A04AA349A8474FF001084046F5
S3152024FDF815B0BDEC0E8BBDE8F08F02223146204685
S3152024FE08B6EE009BD3F80880002700F0B7FBD5ED83
S3152024FE1807EA824695ED08EAD5ED09CAD5ED0A8A78
S3152024FE28B84540F3FB8299F80830012BDDD1D9F85F
S3152024FE380430DA68D9F800307A4303EB820393ED49
S3152024FE48005A93ED017AD3ED026A93ED038ABAF127
S3152024FE58000F01D105F028FDB7EEEE3ADAF8003086
S3152024FE68B7EEC55A4FEA071B03EB0713B7EEC77A33
S3152024FE78013785EE034B93ED020A93ED00AAB7EEDC
S3152024FE88C0DA93ED030AB7EECAAAB7EEC0BAB7EE1C
S3152024FE98EC0AA4EE0DABB7EECE4A87EE045B93EDBF
S3152024FEA8017AB7EEC77AB7EECACBA5EE0B7BF7EE67
S3152024FEB8C7ABB7EEE67A87EE000B05F079FD20EE80
S3152024FEC8090BB7EEC87A20EE0D0BB7EEC0ABB7EE0A
S3152024FED8E80A87EE000B05F06BFD626C296B204639
S3152024FEE820EE090B20EE0B0BB7EEC08B90477CEE49
S3152024FEF84A7A00EB0B033CEE0A0AC3ED007A7AEE23
S3152024FF08C87A83ED020A3AEE880AC3ED017A83ED8C
S3152024FF18030A85E7524B012566690193564BCDE999
S3152024FF280285009340F2EB234EE76A69DB68991A27
S3152024FF38012909DD514B6569009340F2F1234A4A88
S3152024FF4820464C49A84752E79A4205DD4C4B656919
S3152024FF58009340F2F223F2E790F80880B8F1010FD3
S3152024FF687FF443AF03682F7E0793002F00F0618127
S3152024FF7800223146204600F001FB4246314681467E
S3152024FF88204600F0FBFA002231460746204600F098
S3152024FF98F7FA424631460AEE100A204600F0F0FACD
S3152024FFA8022231460AEE900A204600F0E9FA032274
S3152024FFB80BEE100A3146204600F0E2FAAB680BEE27
S3152024FFC8900A002B0B9305DC2E4B6569009340F28F
S3152024FFD81E23B4E7D9F804302046A96B9B680F93CF
S3152024FFE86B690A932B680A9A0C937B680027DB682B
S3152024FFF804939B1A0593636C9847636C296D089020
S3152025000820469847636C296C824620469847636C18
S31520250018E96C834620469847636C8146696C204659
S315202500289847049B0D909B001093059B0693DDE925
S3152025003805239B1A0A9A9342099380F2898008995F
S31520250048DDE9062303EB820300220F9890421DDD66
S315202500581868013241F8040B10980344F5E700BFC8
S315202500680F6825201A682520846425200E5C2520DE
S315202500783D682520615A252070682520C8682520B1
S31520250088F96825202669252000000000002320461A
S315202500981393636C696D98470B9B0E902A4602939A
S315202500A813AB0090314601932046089BFFF706FDA2
S315202500B8804600287FF49BAE0AEB87000BEB870C3E
S315202500C8139B08EB0701434514DD04990E9B0A4625
S315202500D8099953F8283008F1010803FB0211059AD6
S315202500E81144089A02EB830340F8041B1B684CF835
S315202500F8043BE5E70C9B58468B42A8BF0B461F4673
S315202501084B463A46FFF746F80D9900238C46BB42BF
S315202501180DDB5A460023BB4216DA59F823004AF83E
S315202501282300013351F8040B42F8040BF3E759F859
S3152025013823205AF822000BEB8202126849F823005D
S3152025014801334CF8042BE2E7069B013306936EE729
S3152025015800261FED338A0C9BB3425DDDB7424FEA55
S3152025016806194FEA86083FDD049A5AF8263093FB66
S31520250178F2F300EE103AB8EEC00B05F005FCFDEEBD
S31520250188C09B049A20465AF8263019EE901A01FB68
S315202501981233059A296B9B1A09EE103A0BEB08039D
S315202501A8D3ED008A636C984719EE903A00EB031332
S315202501B81AEE100A0693FFF785FB069B81440FCB7B
S315202501C889E80F001AEE900AFFF77CFBF8EEC97A24
S315202501D84044C0ED007A1BEE100AFFF773FB404416
S315202501E8C0ED008A0136B6E71AEE100AFFF76AFB34
S315202501F810220021484405F04FFB1AEE900AFFF7F6
S3152025020861FB404480ED008A1BEE100AFFF75AFB56
S31520250218404480ED008AE5E71BEE900A4FF000085A
S31520250228FFF750FB07EE907AF8EEE77AC0ED007ACD
S31520250238DDE53A463146204600F0A0F942463146C4
S315202502488246204600F09AF93A4631468146204686
S3152025025800F096F94246314608EE900A204600F0E7
S315202502688FF90222314609EE100A204600F088F930
S31520250278032209EE900A3146204600F081F96B685B
S315202502880AEE100A002B05DC774B656900934FF497
S31520250298297354E6DAF804202046D5F814A092685E
S315202502A85345A96B0492D9F80420A8BF5346D2688A
S315202502B89B46636C0592A2EB0A0208929847636CC3
S315202502C88046296D20469847059B0990C1469B005F
S315202502D80693DDE9073203EB82004FEA8A030A9360
S315202502E8099B049ABA4213DD5A4651460C9301377F
S315202502F80B90FEF74FFF0C9B0B981A6800EB820292
S31520250308126849F8042B069A10440A9A1344E8E7F2
S31520250318002320461393636C696D98472B680A90AA
S315202503282A46029313AB009031460193204643462D
S31520250338FFF7C4FB804600287FF459AD0BF101034E
S31520250348074604901A019B000E920F932BEAEB730E
S315202503581093139BBB4256DD0A9B059A53F82730E3
S31520250368089903FB02120C921A0103FB0AF30D9234
S31520250378049A02FB0BF6099A02EB83034FEA061920
S315202503880B93B60000230693069B9B4535DD296BE3
S315202503982046636C98470D9BC31818EE900A11932F
S315202503A8FFF790FA119B00EB090C0FCB8CE80F0071
S315202503B80B9B19EE100AB3EC018A0B93FFF782FAE9
S315202503C818EE103A0C9AF8EEC87A30441344079A50
S315202503D802EB8303C0ED007A19EE900A93ED008A85
S315202503E8FFF770FA069B3044013380ED008A069381
S315202503F80E9B99440F9B1E44C6E7049B0137109AEA
S3152025040813440493A5E71AEE100AFFF75BFADDEDE8
S31520250418047AF8EEE77AC0ED007AE8E40022314638
S31520250428204600F0ABF8012207463146204600F043
S31520250438A5F84368D3F80480B8F1010F7FF46AAD8F
S315202504487A6891689A6891423FF46FAD074B2046A2
S3152025045865690193064BCDE90221009340F2ED23E8
S31520250468044A0549A847C2E44369252097682520D3
S31520250478A1682520846425200E5C2520012903D101
S315202504880023C361094B04E0032904D10023C36152
S31520250498074B03627047022904D1064BC3614FF0E7
S315202504A87E53F6E76FF40003EBE700BFFFFF7F7F58
S315202504B80000C040000080BF012A2DE9FF47DDF84E
S315202504C830A0074688461E46DDE90E952DD0002202
S315202504D800233146CDE9022302AB5246CDE90093C6
S315202504E80D9B03F079F80446D8B9291D28469DED94
S315202504F8020B02F0C1FF33696B61DAF810300BB1B4
S3152025050805F0D2F9D9F810304A46AC614146EB6157
S3152025051805F10C033846009305F1080303F09EF8E8
S315202505280446204604B0BDE8F0870024F9E7016093
S31520250538002110B5C0E90112C0E90331C0E905112A
S31520250548C0E9071110BD70B508B905F0ADF9002920
S31520250558FBD00B68002A194651F8045B0CDB95421B
S315202505680ADD51F82210002906DB03EB8202436DAA
S315202505785168BDE870401847002070BDFFF7E3BFD6
S3152025058810B508B905F090F90029FBD04968436DBF
S3152025059801EB8202BDE810405168184710B504467C
S315202505A809B1496819B900232360204610BD51F899
S315202505B8042B40F8042B920005F0DEF9F5E70128EF
S315202505C802D0022818BF002070472DE9F047D0F819
S315202505D800900446D1F800800E464D460127C14590
S315202505E8A8BF45467B1E9D4210DDA9EB070120465F
S315202505F8FBF77CFA8246A8EB07013046FBF776FA05
S31520250608824507F10107EDD005F04EF92F4609F168
S31520250618FF3A4F450BDB08F1FF37454510DA791B9D
S315202506283046FBF763FA0128EED10135F5E7AAEB23
S3152025063807012046FBF75AFA0128E5D10137E8E7CD
S31520250648204605F03DF9BDE8F08770B516460546DE
S31520250658FFF7BBFF044631462846FFF7B6FFA042DB
S3152025066801D005F021F970BD70B522EAE274002A79
S3152025067800FA04F0D4BF52420022884227D101F13C
S3152025068800435E425E4180FB0145002C75F100033F
S31520250698194BA8BF4FF08043DEB9E41845EBE3751F
S315202506A8002C75F1000306DA6FF00043E4184FF0A5
S315202506B8000343EB0505E10F41EA45011F2A0BDD1A
S315202506C80E4B4FF4B9710E4A0E4805F0F1F800265F
S315202506D8D9E76FF00041F1E70123934041FA02F269
S315202506E8013B03EA01005B1003EBD1739842D4BF83
S315202506F81046501C70BD00BF010000C06C5B25202C
S31520250708BC5A2520335B2520836B10B50BB905F0FC
S31520250718CBF82421BDE81040184700002DE9F04FD5
S31520250728C7681C4685B006463B6893463846002248
S315202507389B690D469847814658B96E4B746900932F
S315202507482C236D4A30466D49A047012005B0BDE8C2
S31520250758F08F3B680122294638469B69984780466B
S3152025076820B9674B746900932F23EAE73B68002253
S3152025077829463846DB699847824620B9614B7469EC
S3152025078800933223DDE72B6813B11A68022A0FD086
S31520250798746903B11B6802225B493046CDE90232CA
S315202507A85A4B554A01935A4B00933423A047CCE7F5
S315202507B86B6813B11D68012D0FD0756903B11B68A8
S315202507C801244D4A50493046CDE90234514B0193EF
S315202507D8514B00933523A847B7E799F8000098F891
S315202507E80030834213D0776902F0E2FD044698F853
S315202507F8000002F0DDFD494B3F4A0193484B494904
S3152025080800933723CDE902403046B8479DE79AF825
S3152025081800309BF80010092B3AD104F10C035246D7
S315202508283046009304F1080302F018FF00288DD1DD
S3152025083899ED037A04F1180198ED030A04F11400B9
S31520250848B7EEC77AB7EEC00A27EE007B9AED030ADC
S31520250858B7EEC00A87EE000B02F00EFED9F8103047
S315202508682360D8F810306360DAF8103023613B68A6
S31520250878494638465B6A98473B68414638465B6A07
S3152025088898473B68384651465B6A984700205DE776
S31520250898022B17D101294FF0000303D1A3606FF04E
S315202508A8004303E0032903D1A3600623E360DEE79B
S315202508B8022904D14FF0FF33A3600123F6E74FF031
S315202508C80043EBE7012903D10023E361164B04E016
S315202508D8032904D10023E361144B2362C7E70229A0
S315202508E804D1134BE3614FF07E53F6E76FF40003EB
S315202508F8EBE700BF785A252074692520615A2520DB
S315202509088A5A25209C5A25200E5C2520036B2520CE
S31520250918EB632520795B2520FB632520C5692520C2
S31520250928D2692520CF5E2520FFFF7F7F0000C04086
S31520250938000080BF4A6910B50AB904F0B5FF0B69CE
S31520250948002BFAD0BDE81040FFF7E8BE2DE9F04F79
S315202509581D469FB0C36A90460C46299A0693036B73
S3152025096805930B68042B01DD04F09EFF2B68042BC9
S31520250978FADC1368042BF7DC0EAF0123042108A81B
S31520250988FBF7C0F816AB3A46294620464FF000090C
S31520250998FBF7E0FADDE9086304930A9B03930B9B8F
S315202509A802930C9B0793002EDEDD049B994545DA99
S315202509B84FF0000A012ED7D0039B9A453BDA4FF0F4
S315202509C8000B022ED0D0029B9B4531DA0025032E1B
S315202509D8CAD0079B9D4228DA5B465246494600954A
S315202509E83846FBF76CF95B46044652464946009538
S315202509F816A8FBF764F9289A58F82430494652F858
S31520250A0820405246009508A85C43069B01359C4202
S31520250A18B8BF1C46059B9C42A8BF1C465B46FBF7D0
S31520250A288FF82A9B43F82040D1E70BF1010BC8E71D
S31520250A380AF1010ABEE709F10109B4E71FB0BDE8A5
S31520250A48F08F2DE9F04F1D460B6890460C46042B52
S31520250A582DED048B9DB090ED0D9AD0ED0E8A2B9A0F
S31520250A6801DD04F021FF2B68042BFADC1368042BFF
S31520250A78F7DC0CAF0123042106A8FBF743F814ABB2
S31520250A883A46294620464FF00009FBF763FADDE961
S31520250A9806630493089B0393099B02930A9B059354
S31520250AA8002EDEDD049B994552DA4FF0000A012EE9
S31520250AB8D7D0039B9A4548DA4FF0000B022ED0D083
S31520250AC8029B9B453EDA0024032ECAD0059B9C42D1
S31520250AD835DA5B465246494600943846FBF7EFF801
S31520250AE85B46054652464946009414A808EB8505D3
S31520250AF8FBF7E5F82A9B95ED008A524603EB8000FD
S31520250B0849465B46D0ED007A06A80094013428EE9E
S31520250B18278AB4EE498AF1EE10FA48BFB0EE498AFB
S31520250B28F4EE488AF1EE10FA48BFB0EE688AFBF74C
S31520250B3807F82C9B03EB800080ED008AC4E70BF190
S31520250B48010BBBE70AF1010AB1E709F10109A7E774
S31520250B581DB0BDEC048BBDE8F08FF0B52DED028BCD
S31520250B68C3B01E466822002128A84C9FDDE94A5491
S31520250B7804F092FEF36929461CA83593336A3693E1
S31520250B88FFF70CFD214622A8FFF708FD22A928AA4A
S31520250B981CA8FBF709F92946064610B304A8FFF72A
S31520250BA8FDFC0DB904F080FE21460AA82D68FFF71D
S31520250BB8F5FC002CF6D0266810AC39462046FFF7DA
S31520250BC8EDFC002FEED03B682A4604A928A80096D6
S31520250BD8CDE901430AABFFF734FF43B0BDEC028BC1
S31520250BE8F0BD16A8FFF7DAFC002DDBD021461CA878
S31520250BF82D68FFF7D3FC002CD4D0394622A82468A3
S31520250C08FFF7CCFC002FCDD022AA1CA916A8DDEDEE
S31520250C18358AFFF71AFD9DED368A3F6829462246ED
S31520250C2833469842D9DDF1EC017A0133B2EC017AC3
S31520250C3867EE877AF4EE678AF1EE10FA78FEA77AB8
S31520250C48B4EE678AF1EE10FA48BFF0EE487AE7EC5B
S31520250C58017AE6E72DE9F043E7B017460021682211
S31520250C684CA81E46DDE96E4504F016FEBB683146BE
S31520250C7840A85793FB6858933B6A5A933B685B422F
S31520250C884D937B685B424E933B694F937B69509383
S31520250C98BB695193FFF782FC214646A8FFF77EFCC0
S31520250CA84CAA46A940A8FBF77FF8337A8146092B13
S31520250CB864D13146F8B104A8FFF770FC21460AA865
S31520250CC83668FFF76BFC0CB904F0EEFD276810ACE7
S31520250CD829462046FFF762FC002DF5D02B6832469B
S31520250CE804A94CA80097CDE901430AABFDF71CF9C1
S31520250CF867B0BDE8F08316A8FFF750FC21461CA847
S31520250D083668FFF74BFC002CDED0294622A8276813
S31520250D18FFF744FC002DD7D02D68DDE957239A42C5
S31520250D28D2DC16A804F0CCFD80461CA804F0C8FD04
S31520250D38044622A804F0C4FDA045C5D18045C3D1C3
S31520250D48C145D5DA16F909304D984E9A034417F92F
S31520250D5809001044DDE950125843FFF785FC4F9AC0
S31520250D68024457988242B8BF024658988242A8BF5D
S31520250D78024605F8092009F10109E1E7022BB7D131
S31520250D883146E0B128A8FFF709FC21462EA8366862
S31520250D98FFF704FC002C97D0276834AC2946204633
S31520250DA8FFF7FCFB002D8FD02B68324628A94CA8A7
S31520250DB80097CDE901432EABFFF7C8FD98E73AA85A
S31520250DC8FFF7ECFB214640A83668FFF7E7FB002C02
S31520250DD83FF47AAF294646A82768FFF7DFFB002D7B
S31520250DE83FF472AF46AA40A93AA82C68FFF72DFCEE
S31520250DF84B46DDE9578598427FF77AAF56F8231073
S31520250E0857F823204A434245B8BF4246AA42D4BF6B
S31520250E1844F8232044F823500133ECE7836B10B597
S31520250E280BB904F041FD3821BDE8104018470000CC
S31520250E382DE9F04F0B698FB00446894606930BB9E1
S31520250E4804F032FD0B68ABB11B68023B012B11D888
S31520250E584B68EBB9666903B11B680125A64AA749DC
S31520250E682046CDE90235A64B0193A64B009334237C
S31520250E78B04707E0A44B6569009333239E4A20464D
S31520250E88A249A8474FF0010840460FB0BDE8F08F84
S31520250E981E68012EDED1C56800222B6828469B6947
S31520250EA89847824620B99A4B656900933823E5E702
S31520250EB82B683246494628469B699847074620B9CE
S31520250EC8944B656900933B23D8E7D9F800604EB142
S31520250ED83368032B13D12B680222494628469B695A
S31520250EE8984706462B68002249462846DB699847AF
S31520250EF8834630B9884B656900934223BEE7002689
S31520250F08F0E79AF80030027893420CD06569CDE946
S31520250F180232824B0193824B00934423764A2046FC
S31520250F287649A847AEE7DAF808201268052A04DDA7
S31520250F387C4B656900934723A0E7002E37D0327866
S31520250F48934208D06569CDE90232774B0193744BD4
S31520250F5800934B23E2E7B16800204FF001084FF0B4
S31520250F68000951F804EB86450CDD51F804CB0130F0
S31520250F786246D31708FB03F30CFB0933A8FB0C8918
S31520250F889944F0E7B9F1000F08BFB8F1010F0ED043
S31520250F985B4B0125666920460193644B564A009387
S31520250FA84D2356490495CDE90289B0476AE739463E
S31520250FB808A8FCF769FA08A804F082FCDBF80830AB
S31520250FC81A68B0EB420F079213D0394608A86569E7
S31520250FD8FCF75AFA08A804F073FCDBF808301B68D6
S31520250FE85B00CDE90203524B0193524B00935123C3
S31520250FF894E797F81480B8F1010F04D04E4B65690C
S31520251008009357233AE7D7F8049003F1040E0023D3
S3152025101809F10400079A9A421EDDDAF808205EF8B7
S31520251028041B02EB8302D2F804C059F833209444D2
S3152025103850F83320624491420CD0404B6569019380
S315202510483F4B00935D23CDE902122B4A20462B4997
S31520251058A84719E70133DDE70223069A394608A862
S3152025106882F83030FCF710FA08A804F029FC08285D
S315202510780FD1D9F8003063B9D9F804304BB9D9F846
S31520251088183033B9D9F81C301BB90123069A82F8AA
S315202510983030DAF8083009F1040006991B685AB267
S315202510A80A700A76591E069A02EB8303002908DB5D
S315202510B859F8312043F8042950F831200139DA61C5
S315202510C8F4E79AF80030092B6AD1DBF81030002E80
S315202510D83CD113F1800F08DA1A4B656900937523DD
S315202510E8054A20460949A847CEE67F2B56DD164BC5
S315202510F8656900937723F3E7EC6925200E5C25207F
S31520251108795B2520FB632520366A2520615A2520EB
S31520251118EB5B2520636A25209C5A2520285C2520DB
S31520251128355C2520776A2520BB6A2520D16A252086
S31520251138EE6A2520056B2520296B2520446B25203D
S31520251148516B25205C6B25209C6B252032699A427C
S3152025115808D06569CDE902321D4B01931D4B0093B5
S315202511687C2372E79BED037A96ED036AB4EE467ADD
S31520251178F1EE10FA12D0184BB7EEC66AB7EEC77A33
S31520251188656901932046154B154A00937E231549F3
S315202511988DED046B8DED027BA84775E6069A53637C
S315202511A82B68514628465B6A98472B683946284630
S315202511B85B6A984726B12B68314628465B6A984745
S315202511C82B68594628464FF000085B6A98475BE600
S315202511D8DC6B2520FF6B2520196C25204C6C2520BA
S315202511E8EC6925200E5C252010B50446034B044AB8
S315202511F80449FFF79CF9204610BD00BF7D182520F8
S31520251208390E2520250E25202DE9F04FA7B006468F
S315202512181D46012301921AA80A460521FAF772FCCA
S315202512280123309A052120A8FAF76CFC96F9007037
S31520251238052F01DD04F038FB96F918100529F9DC68
S315202512486FF0030226A8002306F1040C02FB0702E9
S315202512581493443ACDE91033CDE912339F4214DC51
S315202512686FF0030226A800231C3602FB01021993D8
S31520251278303ACDE91533CDE9173399420BDD56F8A2
S31520251288230042F823000133F7E75CF8230042F8C8
S3152025129823000133E2E7209B002BCBDD012BDDF84C
S315202512A884A0C7D0022BDDF88890C3D0032BDDF880
S315202512B88C80BFD0042BDDF890E0BBD0109B259AD7
S315202512C80293119B296800250393129B0493139B4C
S315202512D80593149B0693169B0793179B0893189B90
S315202512E80993199B0A9322EAE2739B000B93159B74
S315202512F8AAEB03030F93554550DA079B0026A9EB3E
S3152025130803030E934E4547DA0027474542DA089BBD
S315202513184FF0000CA8EB03030C93099BAEEB0303B4
S315202513280D93F44534DA0A9B0020A2EB030B904251
S3152025133827DA029B9D4222DB0F9BAB421FDD039BAF
S315202513489E421CDB0E9BB34219DD049B9F4216DB6E
S315202513580C9BBB4213DD059B9C4510DB0D9B6345EA
S315202513680DDD069B98420ADB834508DD019C54F84A
S31520251378043B0194319C44F820300130D7E70B46AD
S31520251388F8E7319B0CF1010C0B9803443193C8E7F8
S315202513980137BAE70136B5E70135ACE727B0BDE809
S315202513A8F08F2DE9F04FA5B0064614461D460A4668
S315202513B80123052118A8FAF7A5FB01232E9A05212D
S315202513C81EA8FAF79FFB96F90070052F01DD04F074
S315202513D86BFA96F918100529F9DC6FF0030224A86B
S315202513E8002306F1040C02FB07021293443ACDE9A1
S315202513F80E33CDE910339F4214DC6FF0030224A85F
S3152025140800231C3602FB01021793303ACDE9133304
S31520251418CDE9153399420BDD56F8230042F82300EA
S315202514280133F7E75CF8230042F823000133E2E786
S315202514381E9B002BCBDD012BDDF87C80C7D0022B0C
S31520251448DDF880E0C3D0032BDDF884C0BFD0229AEF
S31520251458042B0092BBD00E9B239F01930F9B139998
S315202514680293109BA8EB010195ED007A0393119B16
S315202514780D910493129B0593149B0693159B07930D
S31520251488169B0893179B099327EAE7739B000A93CC
S31520251498002343454EDA06980021AEEB00000C9032
S315202514A8714545DA0020604540DA079E0025009AD1
S315202514B8ACEB06060B96089EA2EB060A009A9542E1
S315202514C832DA099A0026DDF8BC90A7EB020BBE4234
S315202514D824DA019A93421EDB0D9A9A421BDD029A3B
S315202514E8914218DB0C9A8A4215DD039A904212DB23
S315202514F80B9A82420FDD049A95420CDBAA450ADD12
S31520251508059A964207DBB34505DDF4EC017A0136C3
S31520251518E9EC017ADBE7F0EE477AF8E72F9A0135E9
S315202515280A9E32442F92C9E70130BCE70131B7E735
S315202515380133AEE725B0BDE8F08F2DE9F04FA7B0EA
S3152025154806461D46012300921AA80A460521FAF7BA
S31520251558D9FA0123309A052120A8FAF7D3FA96F93C
S315202515680070052F01DD04F09FF996F91810052935
S31520251578F9DC6FF0030226A8002306F1040C02FBEA
S3152025158807021493443ACDE91033CDE912339F4205
S3152025159814DC6FF0030226A800231C3602FB010261
S315202515A81993303ACDE91533CDE9173399420BDD11
S315202515B856F8230042F823000133F7E75CF8230081
S315202515C842F823000133E2E7209B002BCBDD012BB4
S315202515D8DDF88490C7D0022BDDF88880C3D0032B6D
S315202515E8DDF88CE0BFD0042BDDF890A0BBD0109B6E
S315202515F8259A0193119B95F9001000250293129B94
S315202516080393139B0493149B0593159B0693169B6B
S315202516180793179B0893189B0993199B0A9322EAE4
S31520251628E2730F934D4553DA069B0026A9EB030350
S315202516380E9346454ADA079B0027A8EB03030D9305
S31520251648774541DA089B4FF0000CAEEB03030C9344
S31520251658D44537DA099B0020AAEB03030B930A9B6B
S31520251668A2EB030B904226DA019B9D4221DB0E9B9A
S31520251678AB421EDD029B9E421BDB0D9BB34218DD2A
S31520251688039B9F4215DB0C9BBB4212DD049B9C4585
S315202516980FDB0B9B63450CDD059B984209DB8345B0
S315202516A807DD009C14F9013B0094319C2354013015
S315202516B8D8E70B46F9E7319B0CF1010C0F98034423
S315202516C83193C5E70137BBE70136B2E70135A9E7E7
S315202516D827B0BDE8F08F2DE9F04FA7B006461D4661
S315202516E8012301921AA80A460521FAF70BFA01239E
S315202516F8309A052120A8FAF705FA96F90070052FBC
S3152025170801DD04F0D1F896F918100529F9DC6FF0D2
S31520251718030226A8002306F1040C02FB07021493CC
S31520251728443ACDE91033CDE912339F4214DC6FF0C4
S31520251738030226A800231C3602FB01021993303AF8
S31520251748CDE91533CDE9173399420BDD56F8230014
S3152025175842F823000133F7E75CF8230042F82300F3
S315202517680133E2E7209B002BCBDD012BDDF884A076
S31520251778C7D0022BDDF88890C3D0032BDDF88C80C3
S31520251788BFD0042BDDF890E0BBD0109B259A029379
S31520251798119BB5F9001000250393129B0493139BDF
S315202517A80593149B0693169B0793179B0893189BBB
S315202517B80993199B0A9322EAE2735B000B93159BDF
S315202517C8AAEB03030F93554550DA079B0026A9EB69
S315202517D803030E934E4547DA0027474542DA089BE9
S315202517E84FF0000CA8EB03030C93099BAEEB0303E0
S315202517F80D93F44534DA0A9B0020A2EB030B90427D
S3152025180827DA029B9D4222DB0F9BAB421FDD039BDA
S315202518189E421CDB0E9BB34219DD049B9F4216DB99
S315202518280C9BBB4213DD059B9C4510DB0D9B634515
S315202518380DDD069B98420ADB834508DD019C34F994
S31520251848023B0194319C24F810300130D7E70B460A
S31520251858F8E7319B0CF1010C0B9803443193C8E723
S315202518680137BAE70136B5E70135ACE727B0BDE834
S31520251878F08F00002DE9F0410F69D0B080460D463E
S315202518880FB904F011F80022FEF778FE2C680646D3
S3152025189844B12368032B17D1022229464046FEF751
S315202518A86DFE0446294600224046FEF769FE054672
S315202518B8307A431E082B00F2B580DFE803F0079718
S315202518C8B3B3B3B378B33E000024EBE704B3236858
S315202518D81B680693314697F83030012B1AD108A86C
S315202518E80EACFEF75BFE3268294620460392FEF7A4
S315202518F855FE002DC5D02B6808A9039ACDE90043A6
S3152025190806AB3846FFF74DFD002050B0BDE8F081DF
S315202519180023DEE714A81AACFEF740FE32682946CE
S3152025192820460392FEF73AFE002DAAD02B6814A945
S31520251938039ACDE9004306ABE3E7FCB997F934309A
S315202519488DF81530314697F83030012B1AD120A835
S3152025195826ACFEF723FE3268294620460392FEF753
S315202519681DFE002D8DD02B6820A9039ACDE900438D
S315202519780DF115033846FFF7E0FDC5E7236893F9EA
S315202519880030DDE72CA832ACFEF708FE326829465A
S3152025199820460392FEF702FE002D3FF472AF2B68F0
S315202519A82CA9039ACDE900430DF11503E2E714B1D5
S315202519B82368B3F90040314638A8ADF816403EAC21
S315202519C8FEF7ECFD3268294620460392FEF7E6FD0A
S315202519D8002D3FF456AF2B6838A9039A3846CDE90A
S315202519E800430DF11603FFF776FE8DE70CB1236824
S315202519F81C68314644A807944AACFEF7CFFD3268C1
S31520251A08294620460392FEF7C9FD002D3FF439AF16
S31520251A182B6844A9039A3846CDE9004307ABFFF737
S31520251A28F3FB71E7D8F8144001F0C2FC02490246B7
S31520251A384046A047012068E7766C25202DE9F04FFA
S31520251A481E460B6804460D46042B2DED048B95B0B2
S31520251A58129201D003F028FF3368042BFAD10023EC
S31520251A6832462846B7EE009A19464FF0000BFAF764
S31520251A78C0FD03230990324619462846FAF7B9FDAB
S31520251A88AB680A900B93EB680C93B3680F93F368AE
S31520251A981093E3680D9323690E93099B9B4580F242
S31520251AA895804FF0000AD1460F9B994580F28B8069
S31520251AB84FF00008CDF81080049B109A93427DDAC2
S31520251AC800230393039B0A9A934271DAB4F9027089
S31520251AD8B4F90420A8EB07039FED408A0793AAEBC0
S31520251AE802030799A2EB0A020593A7EB0803F0EE52
S31520251AF8488A23EAE37306930C9B581AA369059902
S31520251B089842A8BF18460B9B1190581A6369984284
S31520251B18A8BF18460B46002AA8BF9B1808901A4620
S31520251B28059B0899D31A99421ADD069F119B9F4230
S31520251B3814DA039B5946284613920093079B3B4460
S31520251B480137F9F7FDFF129B38EE098A139A03EB1D
S31520251B588000D0ED007A78EEA78AE7E70132DFE71D
S31520251B68B5EE408AF1EE10FA36D088EE887A94EDCD
S31520251B78098AD4ED0A7A4A46039B59463046009364
S31520251B88049BB4EEC78AF1EE10FA38FE078AF4EEDE
S31520251B98487AF1EE10FA48BFB0EE678AF9F7D0FFF2
S31520251BA8229B03EB8000039B80ED008A013388E77F
S31520251BB8049B013304930E9B98447DE70D9B09F1DD
S31520251BC801099A4470E70BF1010B66E7012015B048
S31520251BD8BDEC048BBDE8F08F0020F8E70000000057
S31520251BE82DE9F04F1E460B6804460D46042B2DED90
S31520251BF8028B97B0119201D003F056FE3368042B39
S31520251C08FAD10023324628461946FAF7F2FC032349
S31520251C180790324619462846FAF7EBFCAB68002189
S31520251C2808900993EB680C93B3680D93F3680E9384
S31520251C38E3680A9323690B93079B994280F2978039
S31520251C484FF0000BDA460D9B9A4580F28E804FF091
S31520251C580008C1460E9B994580F28280002303936E
S31520251C68039B089A934276DAB4F90270B4F90420CC
S31520251C78A8EB07030693ABEB02030698A2EB0B0208
S31520251C880593A7EB080323EAE37304930C9B181AF9
S31520251C98A3699842A8BF1846099B0F900598181A34
S31520251CA863699842A8BF18466FF400031593059BC8
S31520251CB81090002AA8BF9B181A46059B1098D31A58
S31520251CC8984222DD049F0F9B9DED158A9F421ADA9D
S31520251CD8039B28460093069B3B440137CDE91212E0
S31520251CE8F9F72EFF119B03EB800015ABD0ED007A73
S31520251CF8F4EEC87ADDE91212F1EE10FAD8BF1846A5
S31520251D0803681593DFE70132D7E79DED157A524605
S31520251D1894ED098A3046D4ED0A7AB4EEC87A039B1F
S31520251D28049100934B46F1EE10FA58BFB0EE478A38
S31520251D38F4EE487AF1EE10FA48BFB0EE678AF9F73D
S31520251D48FFFE229B049903EB8000039B013380ED3C
S31520251D58008A039384E70B9B09F10109984479E7BF
S31520251D680A9B0AF1010A9B446DE7013164E717B0FE
S31520251D78BDEC028BBDE8F08F93682DE9F04FD3E9AA
S31520251D880285D1E9017AD1E9036985B091F800B0B0
S31520251D9801243B463246294600945846FCF786FCBC
S31520251DA853464A464146039058460094FCF77EFCFE
S31520251DB8039B01380E9A5C1E0AFB0099002007FB17
S31520251DC80466A9EB0808751B28EAE87825EAE57547
S31520251DD86B1005F0010513604FEA6803956053607B
S31520251DE808F00103D36005B0BDE8F08F2DE9F34748
S31520251DF8D1F814A005460F46BAF1000F01D103F0F4
S31520251E0853FD0C69002CFAD0C66800223368304663
S31520251E189B699847814660B92C4B6C6900933D236D
S31520251E2801272B4A2B492846A047384602B0BDE824
S31520251E38F0873368002239463046DB69984780463D
S31520251E4820B9254B6C6900934023E9E703464A4682
S31520251E58514628460094FFF78FFF07460028E4D1E8
S31520251E6899F80030012B22D19AF81430012B03D169
S31520251E780023A361194B04E0032B0ED10023A3616C
S31520251E88174BE3613368494630465B6A984733687A
S31520251E98414630465B6A9847C7E7022B04D1114B42
S31520251EA8A3614FF07E53ECE76FF40003E1E7092B96
S31520251EB8E8D104F114039AF81410424628460093CB
S31520251EC804F1100301F0CAFBDCE700BFEB5B2520F4
S31520251ED89E6C2520615A25209C5A2520FFFF7F7F29
S31520251EE80000C040000080BF30B591689DB0149190
S31520251EF805A8516815911169D268169117925A68BD
S31520251F08ADF848201A68DDE92054ADF846209A69A7
S31520251F182946DB691A921B93FEF740FB0DB903F078
S31520251F28C3FC2A6821460BA80392FEF737FB002C0B
S31520251F38F5D0236805A9039A11A800930BABFFF7BB
S31520251F487DFD1DB030BD30B591689DB0149105A88D
S31520251F58516815911169D268169117925A68ADF864
S31520251F6848201A68DDE92054ADF846209A6929467D
S31520251F78DB691A921B93FEF711FB0DB903F094FC26
S31520251F882A6821460BA80392FEF708FB002CF5D0D4
S31520251F98236805A9039A11A800930BABFFF720FE02
S31520251FA81DB030BD0B682DE9F04F054687B00F4685
S31520251FB823B1D3F800A0BAF1020F13D06C6903B167
S31520251FC81B680222CDE90232464B0193464B0093E4
S31520251FD82323464A28464649A0470124204607B0B2
S31520251FE8BDE8F08F4B6813B11C68012C0FD06E699C
S31520251FF803B11B680124CDE902343E4B01933E4BA0
S3152025200800932423394A28463949B047E6E7C6683E
S315202520180022336830469B6998473368834622468B
S315202520289B69394630469847336800228046DB69BE
S31520252038394630469847DBF8082003461268042A8D
S3152025204809D004236E69CDE902232C4B01932C4B09
S3152025205800932D23D6E7D8F80820D2F80090B9F191
S31520252068010F08D0234B6E690193264BCDE902949F
S3152025207800932E23C6E798F80020022A08D0224B5B
S315202520886C690193214BCDE9022A00933023A0E7D9
S3152025209898F814409BF80020012C027004D06B690F
S315202520A828461B49984798E77A69517831B1127895
S315202520B822B16B692846174998478FE732685946CA
S315202520C805933046526A0024904732684146304661
S315202520D8526A90473268059B3046526A1946904778
S315202520E87CE700BF036B2520EB632520FC6C252088
S315202520F80E5C2520795B2520FB632520087D252058
S31520252108526D2520676D25207B6D2520886D2520F8
S31520252118936D2520106E252008B3F6EE007A70EEED
S31520252128277ABEEE000AA7EEA00AF0EE400AFBFEA5
S31520252138607AFDEEE77AC2ED000AFAFE600AFDEE20
S31520252148E00A013917EE902A22EAE2721A6010EE81
S31520252158902A009B8A42D4BF1A601960704760EE80
S31520252168200AE4E710B5029C48432AB101EBD17130
S3152025217800EB6100A0F5007010F5806F206015DD55
S315202521880028B8BF00F2FF308012039A013B106061
S31520252198216801F2FF32002AB8BF01F2FE7204999E
S315202521A892129A42D4BF0A600B6010BD0020ECE734
S315202521B810B50446034B044A0021FEF7B8F92046F4
S315202521C810BD00BFA5272520AD1F25202DE9F04FB9
S315202521D81D464378064617462DED0E8BA1B0DDE91B
S315202521E838481BB103780BB103F05EFB0B68042B2B
S315202521F8FADC2B68042BF7DCD8F80030042BF3DC23
S315202522080A46012304210EA8F9F77CFC01232A4630
S31520252218042114A8F9F776FC0123424604211AA895
S31520252228F9F770FC00231AAA0EA81946FAF7E1F938
S315202522380E9B0690012BD7DD109A022B0492D3D01C
S31520252248119B1AAA0EA8059303231946FAF7D1F93D
S31520252258149B0790032BC7DD159B012BC4D1169BF1
S31520252268012BC1D1179B012BBED1189B022BBBD184
S31520252278002314A81A4619460093F9F761FC54F841
S315202522882030012214A802930023009219461A46C3
S31520252298F9F756FCDDED027A54F82030B8EEE77AC0
S315202522A8DDED047A0393F8EEE77AC7EE879A07EEEB
S315202522B8903A3378B8EEE77ADDED057AF8EEE77ABF
S315202522C887EE879A0BB3029B012B0DDD049B013BD9
S315202522D807EE103A029B013BB8EEC77A07EE903AED
S315202522E8F8EEE77AC7EE279A039B012B0DDD059B8A
S315202522F8013B07EE103A039B013BB8EEC77A07EE5A
S31520252308903AF8EEE77A87EE279A0024DFED55AA44
S31520252318069B9C4280F2A0804FF00008029B984598
S3152025232880F298800AAB07EE908A4FF00009F0EEE6
S31520252338690A0093B8EEE70A09AB08AA04997078C2
S31520252348FFF7EAFE039B994580F281800DAB07EEC0
S31520252358909AF0EE490A0BAA0093B8EEE70A0CAB39
S3152025236805997078B7EE00AAFFF7D6FE099BDDED0D
S3152025237808BA00250EEE103A0C9B9DED0BBA0EEEEB
S31520252388903ADDF828A0DDF834B0079B9D425BDA24
S315202523981EEE903A1EEE102A214600950EA8F9F72C
S315202523A8CFFBF8EECE8A07EB8000B8EEEECA1EEEF6
S315202523B8903A524690ED00DA214600950EA8F9F76F
S315202523C8BFFB7BEEE88A07EB80003BEE4CCA5B46D3
S315202523D81EEE102A90ED008A7AEE68CA7AEE4CDA35
S315202523E8214628EE888A00952CEE8DDA0EA8F9F74F
S315202523F8A7FB5B4628EE2D8A07EB80005246214609
S31520252408D0ED007A0EA8ADEE2D8A00956CEEA7CADA
S31520252418F9F796FB07EB80004B4642462146D0ED39
S31520252428007A1AA800950135ACEE2C8A68EEA78A7B
S31520252438F9F786FB3A9B03EB8000ACEE288A78EEE3
S315202524482A7AC0ED007AA0E709F101097AE708F189
S31520252458010863E701345BE721B0BDEC0E8BBDE8A7
S31520252468F08F00BF000000002DE9F04F1D46437868
S315202524782DED028BB5B0DDE940460A9013921BB1A6
S3152025248803780BB103F010FA0B68042BFADC2B68BA
S31520252498042BF7DC3368042BF4DC0A4601230421B4
S315202524A822A8F9F72FFB01232A46042128A8F9F77C
S315202524B829FB0123324604212EA8F9F723FB0023DD
S315202524C82EAA22A81946FAF794F8229B1A90012BA8
S315202524D8D8DD249A022B1492D4D0259B2EAA22A85D
S315202524E8159303231946FAF784F8289B1B90032B63
S315202524F8C8DD299B012BC5D12A9B012BC2D12B9B14
S31520252508012BBFD12C9B022BBCD1002328A81A46E8
S3152025251819460093F9F714FB0023012254F8208045
S31520252528194628A800921A46F9F70AFB149B54F847
S3152025253820909A02149908EBD87315985B1003EB0B
S31520252548812309EBD971491001EB802191FBF9F1FA
S3152025255893FBF8F318910A9919930978159B9B02E9
S31520252568B9B1B8F1010F08DD08F1FF31A2F580626E
S3152025257802EB610292FBF1F21992B9F1010F08DDFE
S3152025258809F1FF32A3F5806303EB620393FBF2F38C
S31520252598189300241A9B9C4280F2F78000264645EC
S315202525A880F2F1801EAB0A9A0027199902931DAB52
S315202525B8304601931CAB0093149B5278FFF7D2FD26
S315202525C84F4580F2DE8021AB0A9A18993846029320
S315202525D820AB002501931FAB0093159B5278FFF757
S315202525E8C1FD1D9B0B93209B0B9A12931C9BA3EB3A
S315202525F8822216920B9AC3EB8223129A03F58063BD
S3152025260817931F9BC3EB822202F58062D1171046AA
S315202526181E9A08EE102A219A08EE902A129AA3EBDA
S315202526288223CDE90601DA171946CDE908121B9B1F
S315202526389D4280F2A480129B21460B9A22A80095BA
S31520252648F9F77EFA139B1A5622A8179B009582FB23
S3152025265803AB079B069A0AFB03F1069B03FB0B1381
S31520252668AAFB0212CDE90C120D9A2146134418EE1F
S31520252678102A0D93129BF9F763FA139B1A5622A84B
S31520252688169B009582FB03AB079B069A0AFB03F14B
S31520252698069B03FB0B13AAFB0212CDE90E120F9AF2
S315202526A8214613440B9A0F9318EE903AF9F748FAD0
S315202526B8139B089A214613F900A022A8179B009553
S315202526C88AFB03AB099B0AFB03F302FB0B33AAFB05
S315202526D802AB18EE102A9B4418EE903AF9F730FAF1
S315202526E8139B1A56169B099982FB0323089800954E
S315202526F8514300FB0311A2FB00230E980B440C998A
S3152025270809180D9884460F984CEB000011EB0A0101
S3152025271840EB0B005118434110912EA821461193C1
S31520252728DDE91023012A324673F100033B46B5BF5E
S315202527384FF0FF3B4FF0000BDFF85CA04FF4002A43
S31520252748F9F7FEF9109B1AEB03030493119B4BEB20
S3152025275803030593DDE90423002A73F1000308DA28
S31520252768049B1A460B4BD3180493059B43F1000368
S315202527780593049B0135429A1B0D135457E70137B8
S315202527881EE701360BE7013404E735B0BDEC028B8D
S31520252798BDE8F08FFFFF0F000000F8FF2DE9F04177
S315202527A80E460746A4B00022D1F81480FDF7E6FE8A
S315202527B83146012205463846FDF7E0FE00223146F8
S315202527C804463846FDF7DCFE027A0646012A29D133
S315202527D898F80030294606A88DF8103098F8013043
S315202527E88DF81130FDF7DAFE0DB903F05DF821468F
S315202527F80CA82D68FDF7D2FE002CF6D027681EAC2E
S3152025280831462046FDF7CAFE33682A4606A904A876
S315202528180097CDE901430CABFFF7D8FC002024B05F
S31520252828BDE8F081092A25D198F80030294612A82D
S315202528388DF8143098F801308DF81530FDF7AEFE51
S31520252848002DD2D0214618A82D68FDF7A7FE002CE5
S31520252858CBD027681EAC31462046FDF79FFE336828
S315202528682A4612A905A80097CDE9014318ABFFF7F3
S31520252878FBFDD3E738467B69014998470120CEE7F2
S315202528884C6E25204B1E0344B3FBF1F301FB03F0C5
S315202528987047B0FBF1F048437047431E0B44B3FB02
S315202528A8F1F301FB03F0704701380F2815D8DFE827
S315202528B800F00C0C100E1410080E10080E120E0C13
S315202528C8140C022300200B6070470423FAE70823FB
S315202528D8F8E70123F6E71023F4E7012070472DE9C9
S315202528E8F3410E46016817461A46411AB1F800C023
S315202528F8BCF1040F29D98B88C4186BB1C358012577
S3152025290854F803801C440023434506D054F804EF85
S3152025291801330EFB05F5F7E70125BCF1060F15D979
S31520252928CC8804B104570DF10701E0B2F8F7CCFDA0
S3152025293840B939469DF80700FFF7B6FF10B93B6819
S315202529485D43356002B0BDE8F08101250024EAE71C
S3152025295873B50C4609B902F0A7FF436853B153F856
S31520252968046B002101228E4205DD53F8045B0131D3
S315202529786A43F8E7012201A9007AFFF795FF10B9DE
S31520252988019B5A43226002B070BD704700B5C1B07D
S3152025299802460B464FF48071684600F073FB68465D
S315202529A800F0DBFC024800F0D8FC41B05DF804FBBA
S315202529B8776E252010B50446042102F04DFF2046C2
S315202529C810BD000000B5C1B013460A464FF48071E4
S315202529D8684600F057FB684600F0BFFC034800F020
S315202529E8BCFC002041B05DF804FB00BF776E25208E
S315202529F80FB407B504A951F8040B0191FFF7C6FFB3
S31520252A0803B05DF804EB04B070470000044B1A6840
S31520252A181AB9044A04491A6011601868704700BF14
S31520252A283C90012040900120846E2520C0680368AB
S31520252A389B681847C0680368DB681847C068036819
S31520252A481B691847C06803685B691847C068036807
S31520252A589B6A1847C3685869704700002DE9F341D2
S31520252A68099F00F10C081E4604460D468760C0E9D5
S31520252A7800125C220021404602F00EFF3A460899AC
S31520252A88304601F0ABF804F16C070A9A034641460D
S31520252A98A066009238462A46264601F099FF4FF425
S31520252AA880730025A16EA4F88C303B4656F89C2BBE
S31520252AB8C4F898503046C4E9245501F03FFD074B04
S31520252AC82046A6612362064B84F88D50E365054B7F
S31520252AD823660B9B236402B0BDE8F081E7452520B4
S31520252AE84D2A2520552A252008B50368994206D337
S31520252AF8064B40F20111064A064802F0D9FE043053
S31520252B0800EB810250F82100104408BD906E25203F
S31520252B18AF6F2520696F252010B5044602F080FE63
S31520252B2810B123182058184410BD08B50821FFF7D9
S31520252B38F3FF0021FFF7D8FF062102F0C5FE00681E
S31520252B4808BD000038B50C4605460068FFF7EDFF99
S31520252B58A042034606D822460549A868F8F778FCF0
S31520252B68002038BDD5F8943053F82400F9E700BF5E
S31520252B78A970252008B50821FFF7CEFF0021FFF7E4
S31520252B88B3FF082102F0A0FE006808BD38B50C461B
S31520252B9805460068FFF7EEFFA042034606D82246DB
S31520252BA80549A868F8F754FC002038BDD5F898308B
S31520252BB853F82400F9E700BFD47025202DE9F04FD6
S31520252BC804464FF0000A2DED028B8BB004F16C00DC
S31520252BD801F0DBFE504540F3FC8025680821284670
S31520252BE8FFF79AFF5146FFF77FFF804608B902F07F
S31520252BF85BFE0621284602F013FE50B32B182858CB
S31520252C0803440193A06E002701F096F908EE100AD1
S31520252C18404600F0B2FE04904FEACA030293049B6D
S31520252C289F4200F0D3800A21404602F0F9FD00286C
S31520252C3800F0D18008EB000158F800208B188A5817
S31520252C48974208D3654B40F20111654A654802F03B
S31520252C582FFE0190D6E70433042103EB870553F885
S31520252C6827301D44284602F0DBFD50B12E58019BFE
S31520252C781B68B34207D831465B48FFF7B9FE0123BF
S31520252C8827E00646F3E7019B4FF02C09029A0433E1
S31520252C9809FB07F903EB860B53F826309B44E36F8C
S31520252CA89B5858464B44D4E90112283300F08CFB0F
S31520252CB8A8B10190584600F033FB9928019B96BF69
S31520252CC84A4A4B4952F820104A480193FFF790FE65
S31520252CD8019B18460BB0BDEC028BBDE8F08FE26F41
S31520252CE8029952584A44926A12B931464248C4E74B
S31520252CF892F814B00E2109902846BBF1200F3FD112
S31520252D0802F08EFD002833D14FF0000BCDF80CB0FC
S31520252D180621284602F0D8FD00F064FE08210590F4
S31520252D28284602F0D1FD00F05DFE029AE36F0021C8
S31520252D3806909B58282203EB09060793304602F06E
S31520252D48ABFD079B059A1421284643F80920069B9F
S31520252D587360099B7361039BC6E9063B02F0B4FDA4
S31520252D6820B1036813B100F03DFEB060013756E760
S31520252D782A182B58D11852F803B004310391C7E7DE
S31520252D8802F04EFD40B1BBF1990F1C4896BF174B53
S31520252D98174953F82B1070E76068594603689B6ACC
S31520252DA89847064640B9BBF1990F154896BF0F4B4C
S31520252DB80F4953F82B1060E709AB18EE102AA1689E
S31520252DC82846B047034600289ED082E70AF1010AFD
S31520252DD8FCE600237DE70368FFDE00BF906E2520ED
S31520252DE800712520696F2520FA7125203C7A252012
S31520252DF8796E252024722520517225207272252048
S31520252E08B87225202DE9F74F01680446806E00F013
S31520252E1813FF014658B96849A068F8F719FB012018
S31520252E2884F88D000125284603B0BDE8F08F04F1E6
S31520252E386C06304601F00AFD2046FFF7BFFE0546FB
S31520252E480028F0D15D4B60636364C4E913003046DE
S31520252E5801F0F2FB05460028E5D1594B3046E364B7
S31520252E68584B636301F046FC05460028DBD1564BB3
S31520252E786064E064236504F19003E26F2168A06EFF
S31520252E8801F068F905460028CDD1D4F8901004F12B
S31520252E989C0001F0A2FBA76E2068FFF746FE3B683B
S31520252EA8810038465B699847C4F8940040B920685C
S31520252EB8FFF73BFE45498200A068F8F7C9FAB1E72E
S31520252EC8AA4627683846FFF730FED4F86880A842F0
S31520252ED8D8F8009023D908213846FFF71DFE00216A
S31520252EE8FFF702FE062102F0EFFC294602F024FD13
S31520252EF8CDF800A00346D9F80090E26F394640461A
S31520252F08D4F894B0C847D4F894304BF8250053F80C
S31520252F18253013B92A462E49CEE70135D1E7384635
S31520252F28FFF728FED9F81430810040469847C4F87B
S31520252F38980028B92068FFF71DFE26498200BBE799
S31520252F480025A94627683846FFF714FEA84227D91B
S31520252F5808213846FFF7E0FD0021FFF7C5FDD4F8FF
S31520252F686880082102F0B0FC294602F0E5FCD8F84D
S31520252F7800200346CDF800903946D2F800B04046C1
S31520252F88E26FD4F898A0D847D4F898304AF825007F
S31520252F9853F8253013B92A460F498DE70135D1E748
S31520252FA8304601F055FC054600287FF43CAF012321
S31520252FB884F88C3037E700BFD5722520352A252079
S31520252FC83D2A25205D2A2520452A2520F8722520D3
S31520252FD84173252066732520B073252090F88D30DA
S31520252FE810B504462BB10A498068F8F731FA01202D
S31520252FF810BD90F88C3033B104F16C000021BDE862
S31520253008104001F0C1BBFFF7FDFE0028F4D0EFE7FD
S31520253018D673252030B503460446204614F8015B89
S31520253028002DFAD10139013A0B4412F8011F21B195
S31520253038984202D200F8011BF7E70023037030BD1A
S3152025304870B50C46B0FBF2F602FB1605EBB2092D38
S31520253058254694BF303357338242DBB205F8013BE8
S315202530680AD900232B708C4209D90B78227801F8A6
S31520253078012B04F80139F6E72C463046E2E728469F
S3152025308870BD00002DE9F04F904697B01D4601F1F9
S31520253098FF3900240290029A214698F800301619FD
S315202530A863B34C452ADA252B08F1010240F0218104
S315202530B898F80130662B59D009D8632B00F01C8146
S315202530C8642B17D0252B00F012819046E3E7752B24
S315202530D827D0782B2ED0732BF7D155F8042B013AE8
S315202530E812F8013FD3B10231013406F8013B49458F
S315202530F8F6DB13E0A9EB04030A2B01DC013400E1F6
S3152025310855F8040B31460A220028BEBF2D234042F6
S3152025311801F8013BFFF794FF801B044408F10202BE
S31520253128D3E7A9EB04030A2BE8DD0A22314655F80D
S31520253138040BEFE7A9EB0401621C092906DC002309
S3152025314814463370204617B0BDE8F08F4FF030016E
S315202531583170A61C02998C198B54102255F8040B0C
S315202531682146FFF76DFF001B8419D7E7A9EB040332
S31520253178B2EE0C7A07EE903AF8EEE77AF4EEC77AAD
S31520253188F1EE10FABAD4073506F12F03042204A93D
S3152025319825F0070505A80193B5EC027BB7EEC77B75
S315202531A88DED047A02F0E8FB059BC3F3C752002B65
S315202531B8C3F3160E3346A2F17F0A0392BCBF2D22EE
S315202531C803F8012B0022BAF1800F1A700ED1019A25
S315202531D8D11ABEF1000F07D14D4A1846FFF71AFF17
S315202531E80746BE1B344499E74A4AF6E74A4A06AFB4
S315202531F802F1080B1068083252F8041CBC465A45B9
S31520253208ACE803006746F5D1106806AF1279CCF8E5
S31520253218000070468CF80420002217F9011B01327C
S315202532282EFA01F10D2A0844F7D131229F1C1A704E
S315202532382E225A7000229A70019AA2EB070BBBF10F
S31520253248070FCEDD3A4608334FF0300102F8011F25
S315202532589342F9D10A220AA9FFF7F2FE0AAA594664
S315202532683846FFF7D7FEC31B4FF03002D3F10701A7
S31520253278027012D00246A0EB020C634508DD12F82F
S3152025328801CD02F801C04FF0300C82F800C0F2E7D4
S3152025329823EAE373C3F1070318440346184613F8AC
S315202532A8012D302A01D19F42F8D300231B4A0370CA
S315202532B8019B191AFFF7AEFEBAF1000F019B0746A7
S315202532C8B4BF0DF129010AA9A3EB000BB8BF2D23FD
S315202532D84FF00A02BEBF8DF82830039BC3F17F0A1B
S315202532E85046FFF7ADFE0AAA5946384676E708F12D
S315202532F8020201343370E8E6A9EB04030134002BD6
S3152025330802DC002333701DE755F8043B337005E7A7
S31520253318A87C2520AC7C2520B47C2520B07C25209E
S3152025332808B508B902F0C0FA0268821A11880A294E
S315202533380DD9538903B1C3580429DBB209D99288F3
S315202533484AB18056C0B2984238BF184608BD0023D0
S31520253358F2E70020F6E71046F4E702F0F5BA013041
S315202533688000704730B518B9B1FA81F0400930BDCB
S3152025337803688B420DD1043000238B4207DA50F897
S31520253388045B52F82340A54203D10133F5E70120F2
S31520253398EDE70020EBE7884205D030B131B10A1D8B
S315202533A80968FFF7DFBF0120704770470846704731
S315202533B811289ABF024B53F820000248704700BFB0
S315202533C83C7D2520C27C25202DE9F34198460023DE
S315202533D804460E46C8F800301746FFF7A1FF23688E
S315202533E80546E31A198808290DD91A895AB1A258E2
S315202533F8992D0AD92A461C493846F8F729F801204D
S3152025340802B0BDE8F0810122F2E7202D12D03368DB
S315202534182946019230461B689847019AC8F8000024
S31520253428F8B91346114A1249384652F82520F8F78D
S315202534380FF8E4E706290FD9DB88E11863B1E358A5
S3152025344830461944336804315B689847C8F8000024
S31520253458B0FA80F04009D3E706493846F7F7F8FF4A
S31520253468CDE70020CCE700BF847D25203C7A252082
S31520253478D87D25207A7E2520B5EE400B38B5F1EE68
S3152025348810FA05460C4603D1002303600B6038BD88
S31520253498084602F029FA9FED147B20EE070B02F049
S315202534A8BBF951EC100B02F023FA02464FF00040E7
S315202534B80B460021904271EB030C01DA02F0F4F950
S315202534C88B4201BF824223684FF08042013308BFD1
S315202534D8236021681F31BEBF0023002223602A606E
S315202534E8D5E700BFAFF30080000000000000E041CB
S315202534F8B7EE006B13B5B4EEC60B0C46F1EE10FAF3
S3152025350801D402F0D1F9B5EEC00BF1EE10FAF8DDAB
S3152025351801A9FFF7B1FF019B002BF2DC236002B03E
S3152025352810BD0000C0EE807A9FED117A13B5F8FEFE
S31520253538677AF4EEC77AF1EE10FA0FDB9FED0D7A4E
S31520253548F4EEC77AF1EE10FA08D8FDEEE77A0020D0
S3152025355817EE903A0B44136002B010BD064B074A66
S3152025356800934FF4AD7344690549A0470120F3E735
S31520253578000000CF0000004FFD7E2520B17E2520A6
S31520253588615A252091ED037AD2ED037A27EE277AFB
S3152025359813B5B5EEC07AF1EE10FA0ADA0B4B0C4ABA
S315202535A800934FF4A67344690A49A047012002B01F
S315202535B810BD93ED036AB7EEC77A049B0020B7EEB4
S315202535C8C66A87EE065B83ED005BF0E7237F252019
S315202535D8B17E2520615A252091ED037A92ED036A3D
S315202535E8B7EEC77AB7EEC66A73B527EE067B0446C5
S315202535F8DDE90656A3B193ED036AB7EEC66A37EE1B
S31520253608467B95ED036AB7EEC66AB0EEC77B87EE8D
S31520253618065B9FED0D7BB4EEC75BF1EE10FA07D856
S315202536282B462046069602B0BDE87040FFF7AABF6E
S31520253638074B084A009340F23F1344690649A04799
S31520253648012002B070BD00BF7B14AE47E17A943FB6
S315202536583C7F2520B17E2520615A25202DE9F0415C
S315202536681F46137886B00646032B8C460C9D0FD00D
S31520253678092B26D0072B28D0374B384A00934FF4C9
S31520253688C97344693649A047012006B0BDE8F081AB
S31520253698FF244FF00008BCF1010F92ED030A1169AA
S315202536A818D105AADFED2F0A3046FFF73BFF00285C
S315202536B8EBD1059B4345ACBF3B60C7F800802C6002
S315202536C8E3E77F246FF07F08E5E747F6FF74DFF801
S315202536D89880E0E7BCF1030F21D105AADFED210A61
S315202536E8304603918DED020AFFF71CFF0028CCD121
S315202536F8F1EE080A059B05AA4345ACBF3B60C7F8EA
S315202537080080039930469DED020AFFF70BFF002816
S31520253718BBD1059BA342D4BF2B602C60B5E7BCF152
S31520253728020F14D1FFEE000A05AA304603918DED26
S31520253738020AFFF7F7FE0028A7D1059BF7EE000A10
S3152025374805AA4345ACBF3B60C7F80080D9E7C7F82B
S31520253758008000202C6098E75E7F2520B17E2520D5
S31520253768615A2520000000000080FFFF2DE9F04F33
S3152025377891F8309005460E461746B9F1010F2DEDDD
S31520253788028B8BB0DDF858A0DDF8788011D0684BF0
S315202537980124684A0193684B68490093DB23CDE9C0
S315202537A802944569A84720460BB0BDEC028BBDE897
S315202537B8F08F92F83040012C0CD05D4B5D4A019351
S315202537C85F4B5E490093DD23CDE902494469A0472D
S315202537D84C46E8E7516B39B95A4B0093E823456996
S315202537E8544A5949A847DEE7D1F80090B9F1000F80
S315202537F804D1564B0093E9234569F1E7D9F800B05A
S31520253808BBF1010F35DD3278092A06D0072A04D0DF
S315202538184F4B0093ED234569E2E73A78092A0DD0DF
S315202538280923CDE902234B4B01934B4B0093EF23D9
S315202538386E69404A28464149B047B4E7D84508D055
S31520253848464B0193464BCDE902B80093F0236E6982
S31520253858EFE7BA68896802EB81025268904508D055
S31520253868404B01933D4BCDE902820093F1236E69A6
S31520253878DFE7D6ED038A09F104029AED038A0024A7
S31520253888A04523DDBBF1010FB7EEE80A08A907A84D
S31520253898CCBF92ED007A99ED017AB7EEC77ACDE9B4
S315202538A8042327EE007BB7EEC80A87EE000BFFF721
S315202538B8E3FD07991C9B049A43F824101D9B043283
S315202538C8089943F824100134059BD9E73278032A29
S315202538D819D10020002108AACDE90801CDE900A2A1
S315202538E831463A462846FFF777FE044600287FF4D0
S315202538F85AAF07A918989DED080BFFF7BDFD079B1D
S31520253908199A5B4213603378092B03D003F0FB03FE
S31520253918032B0AD11B9B52461799284600931A9B97
S315202539280978FFF79BFE04463DE700243BE700BFC1
S31520253938245D2520B17E2520647F25200E5C252023
S315202539483E5D2520585D2520615A25206C5D25203C
S315202539587D7F2520B77F2520C37F2520D07F25203D
S315202539684F5E2520DD7F25208968806808B5FFF7E5
S3152025397812FD003818BF012008BD0368C31A1A8806
S315202539880A2A05D95B89C21813B1C358D058704756
S31520253998002070470368C31A1A88082A10B518D92B
S315202539A81B89C418ABB1C258A318A258914206D36D
S315202539B8094B40F20111094A094801F079FF0433D8
S315202539C803EB810053F82130BDE810401844FFF752
S315202539D8D4BF00231B68FFDE906E2520AF6F2520D8
S315202539E8696F252070477047406803689B68184784
S315202539F8704770478068102203689B681847406877
S31520253A0803685B691847406803681B6918478068F7
S31520253A180422402103689B681847704770B50546D8
S31520253A280C4609B901F040FF91F83030012B0CD10D
S31520253A384E6B002EF6D0406871680368DB68984778
S31520253A48686831460368DB689847002368682146F5
S31520253A58636384F83030C4E901330368BDE87040D0
S31520253A68DB68184710B50446282101F0F5FE2046BF
S31520253A7810BD10B50446082101F0EEFE204610BDDE
S31520253A8838B513460C4609B901F00EFFC26932B17D
S31520253A9880689900026895680422A8472060002036
S31520253AA838BD10B50821044601F0BAFE10B12318F1
S31520253AB82058184410BD10B50A21044601F0B0FE39
S31520253AC810B123182058184410BD10B506210446D0
S31520253AD801F0A6FE00B12056C0B210BD10B50821AA
S31520253AE8044601F09DFE10B123182058184410BD10
S31520253AF838B50C460821054601F092FE00B128580E
S31520253B082368834206D80C4B40F201110B4A0C48F0
S31520253B1801F0CEFE0434042104EB800354F820401A
S31520253B281C44204601F07CFE28B122182358D0585B
S31520253B38D11800B1081D38BD906E25201A8025205C
S31520253B48696F2520F7B51C4600230F460192264680
S31520253B580546C4E9003346F8083FFFF7B6FF314640
S31520253B68019AF7F7B1FC064678B939462846FFF76C
S31520253B78BFFF04212060284601F052FE40B12A18AD
S31520253B8828581044FFF72EFF6060304603B0F0BD55
S31520253B98014B6360F9E700BF0086252070B50E46E0
S31520253BA81546044608B901F07FFE002AFBD00029D0
S31520253BB8F9D00368042228215B6B9847064AC0E971
S31520253BC8002400220434C0E9046584600276426212
S31520253BD8C0E9072270BD00BF2486252073B50E4669
S31520253BE80446154610213444FEF74CFE0146221A72
S31520253BF8284601F03BF80368044604225B6B2C21F2
S31520253C089847019001F0D2F82A460199204602B014
S31520253C18BDE87040FFF7C2BF00230422902110B5C6
S31520253C280446C361406803689B6998472062B0FAB1
S31520253C3880F0400910BD000070B504460E4609B926
S31520253C4801F032FE037E2BB11D494069F7F700FCAA
S31520253C58002521E0012304220821037680680368AC
S31520253C689B689847A368174AC0E90023E060204641
S31520253C78FFF7D2FF0028EBD1A5683046FFF72EFFA0
S31520253C8801682B6828460422C9009B68984705465B
S31520253C9820B90D48FEF7ACFE284670BD2368024696
S31520253CA8314620465B6A98470028D1D123682A467B
S31520253CB8314620461B6A98470028EDD0C8E700BF1D
S31520253CC8108125200C862520658125200421006A3A
S31520253CD8FEF7D8BD2DE9F8430446894690461F4662
S31520253CE80C26FFF7F3FFE169054600224E4300EB34
S31520253CF8060C654505D06B680C35013308BF01329E
S31520253D08F7E70B2A07D90C2209496069F7F7A0FB9B
S31520253D180120BDE8F8834FF0FF3340F806900020B0
S31520253D28C5E901383960E3690133E361F1E700BF65
S31520253D3893812520036870B5DB6804460D46984788
S31520253D48C8B92046FFF7C2FFE3690C225A438318D0
S31520253D58984206D041680C30013108BF40F8085CE6
S31520253D68F6E760689032216A0368DD690423AC4644
S31520253D78BDE87040604770BD2DE9F04F1F4693B0CA
S31520253D8843691646426805460A930023CDE9081253
S31520253D98C16908A8119301F0F3FC0446002838D1F7
S31520253DA8069006A908A801F007FA0446002830D166
S31520253DB83246069908A801F059FC044648BB2846E8
S31520253DC8FFF784FF214602463B4608A8009601F0C0
S31520253DD8CDFA0446E8B90C9B1021686804930B9BF9
S31520253DE8039303681B6B9847064668681022314655
S31520253DF803689B689847074678B94C4B0124696917
S31520253E08019340F26A334A4A08460093494BF7F705
S31520253E182DFB204613B0BDE8F08F28693246394652
S31520253E28A2460368DB699847DDF80C80D5E9049B0B
S31520253E384646049B53454AD0337D1BB90AF1010AC8
S31520253E481836F6E710213068FEF727FD3169024630
S31520253E584B1CD9F800300AD1F168484600915946B5
S31520253E689C68B368A04704460028E7D0D1E7019186
S31520253E784846F16800915946DC68B368A047F2E7B9
S31520253E8808A801F08BF9686839460368DB689847DE
S31520253E98686803685B69984704460028B9D1686825
S31520253EA8296A03681B6A984704460028B1D12869D8
S31520253EB803681B6998476B6A1022834238BF686254
S31520253EC86868696A03689B6A98470446A1E768680B
S31520253ED84FF0180A4FF0FF3B03685B6AD5E904962D
S31520253EE898470590DDE903230AFB032A0022C245C4
S31520253EF8C6D098F81430ABB1D9F8003031464846A3
S31520253F08CDF81CB09C6907AB0392A0470446002828
S31520253F187FF47FAF079B059AD8F804001344039AA4
S31520253F280132036008F11808E1E700BF178225202A
S31520253F38615A2520C9812520C068704708B5036898
S31520253F48994206D3054B40F20111054A054801F049
S31520253F58AFFC00EBC101D1E9010108BD906E2520F2
S31520253F6830822520696F25202DE9F74FDDE90D9526
S31520253F780746884692461E460DB901F095FC4022ED
S31520253F880021284601F088FC3046FFF79EFD4A4643
S31520253F982946F7F799FA044600285FD10E21304697
S31520253FA801F03EFC00B1345C003C0C99304618BF24
S31520253FB8012485F82D40FFF79BFD0028686001AA76
S31520253FC80CBF0223012305F1180130462B754B46D4
S31520253FD8FEF785FC0446002840D10421304601F009
S31520253FE81FFC00283ED0321830581044FFF7FAFC1B
S31520253FF8A8600C21304601F013FC78B332183658C0
S3152025400816443046FFF74DFD834638B303682BB350
S315202540183046FFF750FD08B30368FBB1DBF80430BB
S315202540283046EB60FFF747FD0021FFF787FF28611C
S315202540383046FFF736FDD0F800B0BAF1000F14D078
S31520254048D8F8003004220C2140469B68984782469A
S31520254058F8B9314901244846F7F7FAF9204603B035
S31520254068BDE8F08F2D4BAB60C3E73B6804220C21B6
S3152025407838469B68984782460028EAD03B685846A2
S31520254088D3F80880FFF76BF9042201463846C0473E
S3152025409809E0D8F8003058469F68FFF760F90422CA
S315202540A801464046B847CAF8040008B91C49D1E74D
S315202540B830464FF00008FFF7F4FCFFF794FCDAF8B2
S315202540C80470CAF80000C7F800B0C34515DD304688
S315202540D8FFF7F1FC81463046FFF7E3FCD9F80020A7
S315202540E8036848469A420CBF41460021FFF726FF1A
S315202540F808F1010847F8040FE7E71021304601F0B3
S315202541088FFB00B130580123CAF80800C5F834A01A
S3152025411885F83030A2E700BF08832520008625208C
S315202541283683252008B50368994206D3064B40F2DF
S315202541380111064A064801F0BBFB043000EB810233
S3152025414850F82100104408BD906E2520648325202B
S31520254158696F25202DE9F0479846037E04460E46A5
S31520254168174633B91A494069F7F772F90120BDE888
S31520254178F087002502F104093046FFF7AFFC0368CE
S315202541889D4219D22946FEF7AFFC824608B901F089
S315202541988BFB23684146E26920469B6B9847002876
S315202541A8E5D12368514659F8352020469B6A9847F4
S315202541B80028DCD10135DFE723683A4631462046F3
S315202541C85D6BD8F80030A8470028D0D12076CEE7D1
S315202541D85A8425202DE9F84306460F4615460AB959
S315202541E801F062FB00244FF02C083846FFF776FCB1
S315202541F80368A3421BD92146FEF776FC0028EFD073
S31520254208FFF7BBFBB36808FB00F11A681846D2F8F6
S3152025421808900422C84730B906497069F7F718F96E
S315202542280120BDE8F88345F834000134DDE7002070
S31520254238F7E700BFA58425202DE9F74FDDF830902F
S3152025424805460846884616461F46FFF747FC49462B
S31520254258FEF74AFC08B901F027FB2B6828464FF0BC
S31520254268000ADB6A98472B680446024641462846B3
S31520254278CDE9009AD3F830B03B46D84740B15446C5
S315202542880A496869F7F7E4F8204603B0BDE8F08FB0
S31520254298002EF9D006EBC9060C20726800FB07F319
S315202542A8D118D35863604B68A360EDE7DB842520B6
S315202542B82DE9F347DDF8289006460846884615460B
S315202542C81F46FFF70BFC4946FEF70EFC08B901F0F9
S315202542D8EBFA70680422402103689B68984733685F
S315202542E8012204464146CDE900920246D3F830A05C
S315202542F830463B46D04740B100240B497069F7F72D
S31520254308A7F8204602B0BDE8F087002DF9D005EBA1
S31520254318C9050C206A6800FB07F3D118D3586360B2
S315202543284B68A360EDE700BF2585252010B50446F3
S3152025433801F076FA10B123182058184410BD00002C
S315202543482DE9F74305460F46164600244FF00C0956
S3152025435804213846FFF7EAFF03689C4226D22146E0
S31520254368FFF7E0FE0E21804601F05AFAE0B118F84B
S315202543780030CBB109FB04F801A906EB0800FEF7A6
S31520254388E7FA70B9A8681022019903689B689847A7
S3152025439846F8080040B9019A05496869F7F758F893
S315202543A8012003B0BDE8F0830134D1E70020F8E7E2
S315202543B8698525202DE9F74F04460D4600920AB929
S315202543C801F072FA00272846FFF788FB0368BB42C7
S315202543D849D93946FEF788FB81460028F0D004219D
S315202543E84FF00C0AFFF7A2FFD0F800B0A0680422E8
S315202543F80AFB0BF6036831469B689847804640B9E1
S3152025440832461A496069F7F723F8012003B0BDE833
S31520254418F08F0026CDF804A0B3451ED004214846A2
S31520254428FFF784FF3146FFF77DFE0C218246284675
S3152025443801F0F6F968B1291828580144019B5046F8
S31520254448626903FB0683FFF77DFB20B132460849BF
S31520254458D8E70146F2E70136DEE7009B043343F821
S3152025446837800137AFE70020D0E700BF978525207D
S31520254478DE8525202DE9F04387B006461C4691463C
S315202544880D46D0E901870846FFF728FB0E99FEF742
S315202544982BFB0421FFF74AFF2146FFF743FE0C2174
S315202544A80590284601F0BCF9059B044610B1281825
S315202544B82C590444726941463846CDF80890CDE9E9
S315202544C800429DF83C20FFF74FFD07B0BDE8F08355
S315202544D87047406803685B691847036953F82100C4
S315202544E8704737B5D0E901420B46556921680095AD
S315202544F84D681269C1682046A84703B030BD406873
S3152025450803689B6818478268D2E9043003EBC00301
S315202545180C205B6800FB0130704710B5044618212E
S3152025452801F09AF9204610BD10B4846813464068D0
S3152025453862695DF8044BFFF7CDBB000030B5C0E9AD
S315202545480232034D0023C0E90051C0E9043330BDAA
S3152025455868862520002904DB914202DA53F82100B2
S3152025456870474FF0FF3070470B4611461A6810B52D
S31520254578131D12680446FFF7EDFF011E05DB236888
S3152025458820465B69BDE810401847002010BD0B461C
S3152025459811465A6810B5131D12680446FFF7DAFF27
S315202545A8011E05DB236820465B69BDE810401847B0
S315202545B8002010BD0B4611469A6810B5131D1268A2
S315202545C80446FFF7C7FF011E05DB236820465B69DE
S315202545D8BDE810401847002010BD016170470EB46C
S315202545E80FB505AB53F8041B01910393FEF70EFA75
S315202545F80368039A9B680199984704B05DF804EBEC
S3152025460803B070474369202B01D180697047DBB2F7
S31520254618992B9ABF024A52F823000248704700BFB1
S315202546283C7A2520796E2520704710B50446202109
S3152025463801F012F9204610BD2DE9F84F0446D0F889
S31520254648149000264FF02C0AE3691B689E4220D237
S315202546583146A06866614FEAC60BFFF79BF9002706
S315202546688046474513D0236953F80B500AFB07552F
S31520254678AB6A69695A691B68202A0CBFD5E90612CF
S31520254688002213B16068984728610137E9E7013682
S31520254698DAE70020C4F81490BDE8F88F2DE9F0470D
S315202546A80446D0F8148000254FF02C09E3691B68A9
S315202546B89D421AD22946A06865614FEAC50AFFF7A1
S315202546C869F900260746BE420DD0236953F80A30D4
S315202546D809FB06339A6A22B1526812B119696068AC
S315202546E890470136EFE70135E0E70020C4F8148026
S315202546F8BDE8F0872DE9F74F0446D0F81490002514
S315202547084FF02C0AE3691B689D422DD22946A068BD
S3152025471865614FEAC50BFFF73DF9002680464645D4
S3152025472820D0236953F80B100AFB06118B6A9A6841
S3152025473801938AB160689047019B074660B1184660
S31520254748FFF760FF3B46014632460948FEF750F9F2
S31520254758012003B0BDE8F08F3146E0680136FFF722
S31520254768E9FADCE70135CDE70020C4F81490F0E70F
S315202547789486252010B50446406818B10368216813
S31520254788DB689847204610BDC269436912682DE91A
S31520254798F04F914285B081460C460193416107D356
S315202547A801262848FEF724F9304605B0BDE8F08FBE
S315202547B800258068FFF7EEF84FF02C0A0746E40017
S315202547C8AB46BD4239D0D9F8102016590AFB0566BD
S315202547D8D6F828804046FFF715FFD9F80420014644
S315202547E8506BCDE902B018B10268926890470290BD
S315202547F8D8F80C200AB901F057F83146D9F804001B
S3152025480890470646D9F80C000268D2689047012EAB
S315202548180CD14046FFF7F6FE334601462A460A4876
S31520254828FEF7E6F802A8FFF7A5FFBDE7002EF9D182
S3152025483802A80135FFF79EFFC3E7019B0026C9F885
S315202548481430B1E7CA862520FC86252001617047C4
S315202548582DE9F74F05460027E86903689F4269D25F
S3152025486839464FEAC709FEF73FF90026804604212F
S31520254878404600F0D5FF002865D008EB000158F8FA
S315202548880030CA18CB589E4252D2043202EB8601F2
S3152025489852F8263001EB030B0E21584600F0C0FFAF
S315202548A800283FD01BF80020002A3BD02A690C2354
S315202548B801A94A4403FB06FA50685044FEF748F8EE
S315202548C8044600283BD10621584600F0A9FF58B3AF
S315202548D81BF90020092A29D10C21584600F0A0FFCA
S315202548E8A8B10BEB00025BF8004014440A212046A8
S315202548F800F096FF38B322182358D118D35843B930
S31520254908124B40F20111124A124800F0D1FF0446F3
S31520254918ECE749682B69019A4B445B6853F80A00EA
S3152025492800F0BAFF0136A2E70146F3E72146F1E76B
S31520254938013791E7A86908B100F079F800242046BF
S3152025494803B0BDE8F08F0368FFDE00BF906E2520F3
S3152025495830822520696F252070B50C460546082105
S3152025496880681646FEF7D8F82146FEF7BDF80621B3
S3152025497800F0AAFF314600F0DFFF29690C2201EB5A
S31520254988C404636802FB003070BD0821806808B519
S31520254998FEF7C2F8006808BD10B50C4680680821C0
S315202549A8FEF7BAF82146FEF79FF8082100F08CFF76
S315202549B8006810BD10B50C4680680821FEF7ACF8AE
S315202549C82146FEF791F8062100F07EFF006810BDE6
S315202549D810B504460848C4E902230023C4E904334C
S315202549E8029BC4E90001A36122B108211046FEF7DE
S315202549F893F8E061204610BD3887252070B50C46EA
S31520254A080546082180681646FEF786F82146FEF7CC
S31520254A186BF8082100F058FF314600F08DFF2969EB
S31520254A280C2201EBC404636802FB003070BD38B53F
S31520254A3805460024AB68A34209DD2B68002103EB34
S31520254A4804130134DA68986800F026FFF2E7002077
S31520254A5838BD70470368002210B4DC690123A446B3
S31520254A685DF8044B6047036A5940436A013B016256
S31520254A7843627047C06870474269C368C0698242E5
S31520254A8834BFC01AD01A704702698069101A704730
S31520254A98A0F10400FFF7F8BF10B50446282100F039
S31520254AA8DBFE204610BDA0F10400FFF7F5BFF7B5BC
S31520254AB804460E46C06811460192FDF7E3FE226894
S31520254AC805460146019BD76920463246B847002820
S31520254AD80CBF2846002003B0F0BD73B504460D4605
S31520254AE8C06811460192FDF7CDFE22680146019B35
S31520254AF82046D6692A46B44602B0BDE870406047A6
S31520254B0837B504460D46C0691146FDF7BBFEA36990
S31520254B181B1AAB4209D2EA1A0849A06800922A46E6
S31520254B28F6F796FC002003B030BD236A054443409A
S31520254B38E5612362636A01336362F4E76887252082
S31520254B4837B504460D4680691146401BFDF7A1FE5B
S31520254B58636983420AD91B1A2A4605490093EB1A03
S31520254B68A068F6F775FC002003B030BDA061FBE7E9
S31520254B78B1872520A0F10400FFF7E2BF70B50446CA
S31520254B880E46C069FDF77EFE05463146A069FDF726
S31520254B9880FE401B70BD0000D0E9082108B551EAE2
S31520254BA8020307D0B2FA82F203485209FDF720FFFD
S31520254BB8002008BD0120FCE7FA872520036810B5C3
S31520254BC81B690446984720B90448FDF711FF01209B
S31520254BD810BD63690020E361FAE700BF3C882520DC
S31520254BE87FB504460E46C068194615460393FDF734
S31520254BF849FE6269E3699A4202D1B042039906D0F1
S31520254C080D49A068F6F724FC012004B070BDE0689C
S31520254C18FDF738FEA3691B1A9D4207D9EA1A0749C3
S31520254C28A06800922A46F6F713FCEDE7284460612A
S31520254C38E0610020E9E700BF81882520EF88252027
S31520254C48043870471344C26170B5074DC0E903235C
S31520254C5805F108064C35C0E9052300230660C0E979
S31520254C680151C0E9083370BD3489252000B513467E
S31520254C788BB008B900F018FE0029FBD00A46014654
S31520254C886846FFF7DFFF042228216846FFF758FFE5
S31520254C980B4A026044324260029A8260039AC260B5
S31520254CA8049A0261059A4261069A8261079AC26127
S31520254CB8089A0262099A42620BB05DF804FB00BF86
S31520254CC83C89252010B50124C160002380F8284079
S31520254CD828248360B2FBF4F201EB02110C244260EE
S31520254CE8016101EB8201416101EB820104FB02127C
S31520254CF881614262184610BD7047F7B5089F04683A
S31520254D08D0E902650097A468A04728B905EB0615BA
S31520254D18099B6B6003B0F0BD0120FBE780687047CF
S31520254D2810B504462C2100F097FD204610BD00001D
S31520254D3870B504460846D4E901158D4205DB0A4691
S31520254D480B49F6F785FB012070BDE0682E0100EB9F
S31520254D5805118251013500208B60049BCB604FF0CD
S31520254D68FF334B600123A56084F82830ECE700BF84
S31520254D7890892520F0B504460B460125002695421F
S31520254D8810DA0135D4E9007C6745BCBFC4E900C7DC
S31520254D98D3E9006704F10404BCBFC3E900760126DC
S31520254DA80433ECE7002EE6D1F0BD0000014B036065
S31520254DB8704700BF288A252010B54C68C16801EBA5
S31520254DC804118868984205DCC8689042B4BF00203B
S31520254DD8012010BD0020FCE770B5054689B9046A6F
S31520254DE8A9690C200C2600FB041421462846FFF722
S31520254DF8E3FF50B9A468611C09D0A96906FB0414E8
S31520254E08F3E78C68601CEBD10024204670BD044648
S31520254E18FBE790F828302DE9F04F044685B0002B7E
S31520254E2800F0AE808568002D00F0AA800023D0E901
S31520254E3804761A4680F82830D4F808C04FEA820E18
S31520254E4807EB82009C4506EB82011EDDD4F80CC0B3
S31520254E5819010CEB03105CF801C0616AD0F80480AF
S31520254E68B8F1FF3F08D1013D47F825C046F825303A
S31520254E7841F823800133DFE747F80EC0013246F88B
S31520254E880E30406841F82300F4E7ACEB02020127EF
S31520254E98FFF770FF01230022A669D4F80C80D4F8E1
S31520254EA824B0B246C4E907324FF0FF33B3606369AD
S31520254EB801931B6808EB031173604968013108BF04
S31520254EC84BF823205BF823303360A368BB4257DD94
S31520254ED8019B53F8279008EB09134FEA09125D68B9
S31520254EE8691C20D158F802200020D3ED037A029296
S31520254EF805469A680146039017EE903A2046FFF70D
S31520254F086BFF039949B14B6809684FEA031C58F882
S31520254F180CC08C446545B8BF654620B10168029BFF
S31520254F28491B8B42E6DC4BF829500C22E36902FB08
S31520254F3803F175507218591CC2F80490E161DAF804
S31520254F480010A94205DD216A924691602362013720
S31520254F58BBE751468868B0F1FF3F04D18B60906046
S31520254F68F5E77146F6E74FF00C0C0CFB00FC06EB33
S31520254F780C0E56F80CC0AC45F3DD90608B60E6E741
S31520254F8805B0BDE8F08F70B50446FFF742FFA06847
S31520254F98A8B1A5690C22236A002002FB035373B105
S31520254FA85968E668090171581E689B683144884204
S31520254FB838BF0846591C02D002FB0353EFE770BDBC
S31520254FC82DE9F04F00255E4F9FB00446FFF721FFB8
S31520254FD8A668AE4223DD092D15DC05F13001C9B2B7
S31520254FE8E368280103EB0512D66802969268019292
S31520254FF8626A52F8252000922A461B5838460135DA
S31520255008FDF7F6FCE4E7232D02DC05F15701E6E753
S315202550183D2D02DC05F11D01E1E72A21E0E70023E4
S31520255028502798469E4211DD1D01E168626A01EBEB
S315202550380310495952F8232001330A449742B8BF09
S315202550481746C2689045B8BF9046EBE7002509A9BB
S3152025505800222E200B46013201F8010B502AFAD1BF
S31520255068A1680592069100218C46069888424DDD31
S31520255078E6684FEA011E06EB0119D9F80800A84269
S3152025508842DCD9F80C00A8423EDB606A50F821900C
S31520255098B9F1FF3F38D056F80E6001F1300A059A46
S315202550A801F11D0EB4445FFA8AFA02FB09F0B144D0
S315202550B85FFA8EFE02FB09F990FBF7F099FBF7F6C6
S315202550C801F1570907961E185FFA89F9079A90421A
S315202550D81ADA96F800B0BBF12E0F11D1092905DC6D
S315202550E8D34686F800B001300136EFE7232901DCBF
S315202550F8CB46F6E73D29D4BFF3464FF02A0BF0E7F2
S315202551084FF021023270EEE70131AEE700220D4934
S315202551180D488DF874200D4A092DD8BF11460CF255
S31520255128FF32002AB8BF0CF2FE72921200922A4646
S315202551380135FDF75DFCA84589DA1FB0BDE8F08F56
S31520255148AD892520796E2520E88925204F722520A9
S31520255158F8B5144605460F461E46FFF75AFE002C77
S3152025516802DBAB68A34207DCAB68224605493846ED
S31520255178F6F76EF90120F8BD6B6A002053F824301E
S315202551883360F8E7F789252008B58B68934201DD32
S3152025519800F08AFB013308BF8A6008BD10B504468E
S315202551A840680368E168DB68984760686169036831
S315202551B8DB689847002010BD2DE9F84305460F469C
S315202551C80068102100F02CFB002864D00026DFF883
S315202551D8E4802C681021204600F022FB00285CD08C
S315202551E8211822588B188A58964254D204330421DA
S315202551F803EB860953F826309944484600F010FBD8
S3152025520840B309EB000459F800000444404600F051
S3152025521873FB41460246201D00F092FB002838D113
S315202552282C680C21204600F0FBFAA8B1231824580F
S315202552381C440621484600F0F3FA08B159F800001F
S31520255248236883420AD8174B40F20111164A174874
S3152025525800F02EFB0446D9E70446EAE70434042160
S3152025526804EB800354F820401C44204600F0D8FA45
S31520255278A8B1225823181344DA6810333B60EB6902
S31520255288934206D00A49A868F6F7E2F80120BDE830
S31520255298F88301369DE70020F9E70368FFDEC36812
S315202552A8FCE700BF906E25201A802520696F2520CA
S315202552B84C8A2520168C252008B50368994206D3BD
S315202552C8064B40F20111064A064800F0F1FA043049
S315202552D800EB810250F82100104408BD906E252048
S315202552E800712520696F25202DE9F34708460C46A8
S315202552F817460025FEF741FB4FF0FF380646B542EF
S3152025530830D00A21204600F08BFA10B122182058D1
S31520255318104429464FF0000AFFF7CEFF814614216F
S31520255328484600F0D1FA88B103689A450ED25146E7
S3152025533800F002FB0C2301A9CDF8048003FB00709D
S31520255348FDF706FB20B102B0BDE8F0870135D6E783
S31520255358019921B10448FDF74BFB0120F3E70AF112
S31520255368010ADCE70020EEE7978A25202DE9F04F6C
S3152025537889460446082100684FF018084FF0000B87
S315202553882DED028B89B0CDE90323FDF7C5FB4946CB
S31520255398FDF7AAFBE36806460293636953F8297045
S315202553A8029B08FB0737FEF7E8FA059006213046C3
S315202553B800F08AFA054678B103689B450BD25946EB
S315202553C80BF1010B00F0B8FA626A08FB007120463A
S315202553D8FFF7DAFEEAE700254FF0180B059B9D42D5
S315202553E800F09380636A0A2130460133636200F010
S315202553F817FA10B133183058184429464FF0000AA1
S31520255408FFF75AFF80460821404600F05DFA10BB73
S31520255418636A4FF0000A4146204608EE103A149B47
S315202554280093DDE9032300F08DF80621404600F098
S315202554384BFA034618B303689A451FD2514600F0FE
S315202554487BFA002817DB0BFB0070636AC1688B4241
S3152025545810DA00F029FA02689245D9D251460AF17E
S31520255468010A00F069FA626A0BFB00712046FFF7EC
S315202554788BFEC8E7C3600AF1010AD6E7002308216F
S315202554884046069300F020FA18B10268069B9342F7
S315202554982BD3029BA169DDF80C800BFB0131002358
S315202554A8226A9A422FD9D8F80420AA4218D1D8F8A0
S315202554B80820914514D10498D8F8002000EB8300BC
S315202554C806910793C1E9002018EE102A2046FFF7F2
S315202554D85BFE0699626AC8688242BADB079BCA6060
S315202554E80133183108F10C08DAE71946069300F036
S315202554F823FA0BFB0070626AC1688A42A9DB069BE0
S31520255508C2600133BBE7013568E700254FF0180847
S315202555180821304600F0D8F970B103689D420BD290
S31520255528294600F009FA08FB0070636AC268934287
S315202555388FDB0135C360EBE7002009B0BDEC028B74
S31520255548BDE8F08F2DE9F743046806460D46062162
S31520255558204617469846DDF8289000F061F990B13F
S31520255568231824581C440421284600F059F900B14B
S3152025557828582368834208D8394B40F20111394ADD
S31520255588394800F095F90446EDE7043400220A2126
S3152025559804EB800C54F82000604400F0DDF9C0B2F5
S315202555A8772851D0812837D0762847D100220A2135
S315202555B8284600F039F95C284DD128460C2100F0DB
S315202555C88FF9054600220421284600F0C5F9044608
S315202555D800222846062100F0BFF9621C05460BD075
S315202555E8736A3A46214630460133CDF800907362D0
S315202555F84346FFF7BBFE10BB6B1C1FD0736A3A4682
S31520255608294630460133CDF828907362434603B0A0
S31520255618BDE8F043FFF7AABE00220A21284600F056
S3152025562803F967280ED10C21284600F059F90421BB
S31520255638002200F091F9411C04460ED1002003B022
S31520255648BDE8F0830020F2E700220A21284600F04B
S31520255658EBF85D28B0E70025B4E74FF0FF35BFE71F
S31520255668906E2520D38A2520696F25202DE9F74F89
S315202556780546D0F80CA00027CDE900120821286870
S31520255688FDF74AFA03689F425BD23946FDF72CFA7D
S31520255698019B804601460433284653F837606B69B3
S315202556A8324653F82740FFF71FFE00285FD11823D7
S315202556B8834603FB04A404214046FEF737FE0268E9
S315202556C893453CD2214630466660FDF741F90028A8
S315202556D84DD14FF0FF33D6F80090C4E90233B9F1FE
S315202556E8000F1CD104214046FEF720FE01688B4574
S315202556F806D3204B40F201111F4A204800F0D8F83E
S3152025570804304A460E2100EB8B0C50F82B006044BA
S3152025571800F08AF870B92068003818BF0120009B48
S3152025572820754BB153F82B2022610BF1010B183428
S315202557380C36C0E74846F2E74FF0FF32F4E7013743
S315202557489CE7AB691822286A012102FB03AA0023B4
S315202557584FF0FF3298420AF1180A07D001330AF882
S31520255768041C4AF8082C4AE90422F3E7002003B04A
S31520255778BDE8F08F906E252064832520696F252026
S315202557882DE9F8430446884600680821FDF7C4F91B
S31520255798056860680422AD00036829469B689847F2
S315202557A80746606150B30026D4F80090354608216F
S315202557B84846FDF7B1F903689E420FD247F8265089
S315202557C808214846FDF7A8F93146FDF78DF9042124
S315202557D8FEF7ACFD036801361D44E8E71821606805
S315202557E80422C4F820800368C4E9065545449B68E5
S315202557F825614D4329469847E06038B92A46044904
S31520255808A068F5F725FE0120BDE8F8830020FBE7EB
S31520255818D58B2520000000005FF800F0F1770200DF
S315202558285FF800F0111900005FF800F059D2010041
S315202558385FF800F0852202005FF800F0D97E020085
S315202558485FF800F0593C02005FF800F0F1120000DD
S315202558585FF800F0332502005FF800F0B7690200EB
S315202558685FF800F0BB2702005FF800F025AE01009F
S315202558785FF800F0117F02005FF800F0099F02000B
S315202558885FF800F0BF6902005FF800F0E11C02000E
S315202558985FF800F0D76902005FF800F0457F02001F
S315202558A85FF800F0892702005FF800F0F1780200FA
S315202558B85FF800F0017902005FF800F00113000077
S315202558C85FF800F0DDD001005FF800F005B401008F
S315202558D85FF800F015AE01005FF800F0C533020029
S315202558E85FF800F099D201005FF800F07977020079
S315202558F85FF800F0B51300005FF800F0A517000043
S315202559085FF800F06F3502005FF800F0EBAD010077
S315202559185FF800F0A17902005FF800F073350200E0
S315202559285FF800F0992502005FF800F0E5260200C9
S315202559385FF800F0BB3802005FF800F06DD2010051
S315202559485FF800F0579002005FF800F0058C0200FA
S315202559585FF800F0493802005FF800F08FD1010082
S315202559685FF800F0C93C02005FF800F0F138020024
S315202559785FF800F0952502005FF800F0F57E020015
S315202559885FF800F0692602005FF800F069760200C4
S315202559985FF800F0E91300005FF800F0C19D0200CA
S315202559A85FF800F07D9C02005FF800F023280200AE
S315202559B85FF800F0E1730200556E737570706F728B
S315202559C87465642064617461207479706520256402
S315202559D820696E2074656E736F720A00556E68612C
S315202559E86E646C65642066756C6C792D636F6E6E36
S315202559F86563746564207765696768747320666F3F
S31520255A08726D61742E002F636F72616C6D69637276
S31520255A186F2F74686972645F70617274792F7466E2
S31520255A286C6974652D6D6963726F2F74656E736FD6
S31520255A3872666C6F772F6C6974652F6D6963726FC3
S31520255A482F6B65726E656C732F636D7369735F6EC5
S31520255A586E2F6164642E63630025733A2564202599
S31520255A687320776173206E6F7420747275652E0086
S31520255A78696E7075743120213D206E756C6C707435
S31520255A887200696E7075743220213D206E756C6C96
S31520255A98707472006F757470757420213D206E752B
S31520255AA86C6C707472006578706F6E656E74203EA6
S31520255AB83D203000496E7465676572547970652076
S31520255AC867656D6D6C6F77703A3A526F756E646936
S31520255AD86E674469766964654279504F5428496EBC
S31520255AE87465676572547970652C204578706F6E54
S31520255AF8656E745479706529205B776974682049A1
S31520255B086E746567657254797065203D206C6F6E55
S31520255B186720696E743B204578706F6E656E745460
S31520255B28797065203D20696E745D002F636F7261DB
S31520255B386C6D6963726F2F74686972645F706172A0
S31520255B4874792F67656D6D6C6F77702F66697865A3
S31520255B5864706F696E742F6669786564706F696E6F
S31520255B68742E68006578706F6E656E74203C3D20AE
S31520255B7833310054797065202573202825642920FA
S31520255B886E6F7420737570706F727465642E002F0E
S31520255B98636F72616C6D6963726F2F74686972643D
S31520255BA85F70617274792F74666C6974652D6D6959
S31520255BB863726F2F74656E736F72666C6F772F6C31
S31520255BC86974652F6D6963726F2F6B65726E656C47
S31520255BD8732F636D7369735F6E6E2F636F6E762E63
S31520255BE8636300696E70757420213D206E756C6C13
S31520255BF87074720066696C74657220213D206E75F5
S31520255C086C6C7074720025733A25642025732021BF
S31520255C183D2025732028256420213D20256429001B
S31520255C286F75747075742D3E7479706500696E70FC
S31520255C3875742D3E74797065002F636F72616C6D4E
S31520255C486963726F2F74686972645F70617274797B
S31520255C582F74666C6974652D6D6963726F2F7465EB
S31520255C686E736F72666C6F772F6C6974652F6D6985
S31520255C7863726F2F6B65726E656C732F636D73698F
S31520255C88735F6E6E2F636F6E762E636320487962F7
S31520255C98726964206D6F64656C7320617265206EE8
S31520255CA86F7420737570706F72746564206F6E209B
S31520255CB854464C697465204D6963726F2E002F638F
S31520255CC86F72616C6D6963726F2F74686972645F10
S31520255CD870617274792F74666C6974652D6D696324
S31520255CE8726F2F74656E736F72666C6F772F6C69FA
S31520255CF874652F6D6963726F2F6B65726E656C730C
S31520255D082F636D7369735F6E6E2F646570746877FC
S31520255D186973655F636F6E762E6363006B54664C75
S31520255D28697465416666696E655175616E74697AA9
S31520255D386174696F6E0066696C7465722D3E71751E
S31520255D48616E74697A6174696F6E2E7479706500CF
S31520255D58616666696E655F7175616E74697A617447
S31520255D68696F6E00616666696E655F7175616E74A9
S31520255D78697A6174696F6E2D3E7363616C650061FE
S31520255D886666696E655F7175616E74697A6174690F
S31520255D986F6E2D3E7A65726F5F706F696E740061BE
S31520255DA86666696E655F7175616E74697A617469EF
S31520255DB86F6E2D3E7363616C652D3E73697A6520FA
S31520255DC83D3D2031207C7C20616666696E655F7144
S31520255DD875616E74697A6174696F6E2D3E73636118
S31520255DE86C652D3E73697A65203D3D2066696C7400
S31520255DF865722D3E64696D732D3E646174615B6B96
S31520255E08446570746877697365436F6E76517561D5
S31520255E186E74697A656444696D656E73696F6E5D9E
S31520255E2800616666696E655F7175616E74697A61EA
S31520255E3874696F6E2D3E7A65726F5F706F696E74A1
S31520255E482D3E73697A6500616666696E655F71752B
S31520255E58616E74697A6174696F6E2D3E7363616CA0
S31520255E68652D3E73697A65002F636F72616C6D693E
S31520255E7863726F2F74686972645F70617274792F83
S31520255E8874666C6974652D6D6963726F2F74656E7A
S31520255E98736F72666C6F772F6C6974652F6D69635E
S31520255EA8726F2F6B65726E656C732F636D7369734D
S31520255EB85F6E6E2F66756C6C795F636F6E6E656324
S31520255EC87465642E63630025733A2564202573201B
S31520255ED8213D2025732028257320213D202573291A
S31520255EE80041524D5F434D5349535F4E4E5F53559F
S31520255EF843434553530061726D5F636F6E766F6CAE
S31520255F0876655F3178315F73385F666173742820CB
S31520255F18266374782C2026636F6E765F706172618E
S31520255F286D732C20267065725F6368616E6E656C4D
S31520255F385F7175616E745F706172616D732C202631
S31520255F48696E7075745F64696D732C2074666C69C7
S31520255F5874653A3A6D6963726F3A3A47657454653A
S31520255F686E736F72446174613C696E74385F743ED2
S31520255F7828696E707574292C202666696C74657255
S31520255F885F64696D732C2074666C6974653A3A6DFD
S31520255F986963726F3A3A47657454656E736F7244AE
S31520255FA86174613C696E74385F743E2866696C74C1
S31520255FB86572292C2026626961735F64696D732C45
S31520255FC820626961735F646174612C20266F7574FC
S31520255FD87075745F64696D732C2074666C69746535
S31520255FE83A3A6D6963726F3A3A47657454656E73A2
S31520255FF86F72446174613C696E74385F743E286F8C
S31520256008757470757429290061726D5F66756C6C57
S31520256018795F636F6E6E65637465645F7338282050
S31520256028266374782C202666635F706172616D738A
S315202560382C20267175616E745F706172616D732C63
S315202560482026696E7075745F64696D732C20746655
S315202560586C6974653A3A6D6963726F3A3A4765741D
S3152025606854656E736F72446174613C696E74385FCA
S31520256078743E28696E707574292C202666696C7479
S3152025608865725F64696D732C2074666C6974653ACC
S315202560983A6D6963726F3A3A47657454656E736FBC
S315202560A872446174613C696E74385F743E286669EA
S315202560B86C746572292C2026626961735F64696D03
S315202560C8732C20626961735F646174612C20266F45
S315202560D875747075745F64696D732C2074666C6924
S315202560E874653A3A6D6963726F3A3A4765745465A9
S315202560F86E736F72446174613C696E74385F743E41
S31520256108286F757470757429290061726D5F667597
S315202561186C6C795F636F6E6E65637465645F7331C6
S31520256128362820266374782C202666635F7061724C
S31520256138616D732C20267175616E745F706172612D
S315202561486D732C2026696E7075745F64696D732C42
S315202561582074666C6974653A3A6D6963726F3A3A42
S3152025616847657454656E736F72446174613C696EB4
S315202561787431365F743E28696E707574292C2026ED
S3152025618866696C7465725F64696D732C2074666C98
S315202561986974653A3A6D6963726F3A3A47657454F4
S315202561A8656E736F72446174613C696E74385F7469
S315202561B83E2866696C746572292C20266269617366
S315202561C85F64696D732C20626961735F646174618C
S315202561D82C20266F75747075745F64696D732C20F1
S315202561E874666C6974653A3A6D6963726F3A3A478B
S315202561F8657454656E736F72446174613C696E74F7
S3152025620831365F743E286F7574707574292900494F
S315202562186E707574207479706520257320697320AE
S315202562286E6F742063757272656E746C79207375BA
S3152025623870706F7274656400547970652025732093
S315202562486E6F742063757272656E746C792073759A
S3152025625870706F727465642E002F636F72616C6D12
S315202562686963726F2F74686972645F706172747955
S315202562782F74666C6974652D6D6963726F2F7465C5
S315202562886E736F72666C6F772F6C6974652F6D695F
S3152025629863726F2F6B65726E656C732F636F6E765F
S315202562A85F636F6D6D6F6E2E6363006861735F62C2
S315202562B8696173207C7C206E6F64652D3E696E70BE
S315202562C87574732D3E73697A65203D3D2032006E9F
S315202562D86F64652D3E6F7574707574732D3E73695D
S315202562E87A6500000200000000000000000000007A
S315202562F801000000000000002F636F72616C6D6934
S3152025630863726F2F74686972645F70617274792FEE
S3152025631874666C6974652D6D6963726F2F74656EE5
S31520256328736F72666C6F772F6C6974652F6D6963C9
S31520256338726F2F6B65726E656C732F6465707468C2
S31520256348776973655F636F6E765F636F6D6D6F6E45
S315202563582E636300020000000000000000000000F4
S315202563680100000003000000496E7075742025730E
S315202563782C206F7574707574202573206E6F742084
S31520256388737570706F727465642E002F636F7261D2
S315202563986C6D6963726F2F74686972645F70617238
S315202563A874792F74666C6974652D6D6963726F2F80
S315202563B874656E736F72666C6F772F6C6974652F2B
S315202563C86D6963726F2F6B65726E656C732F646545
S315202563D87175616E74697A655F636F6D6D6F6E2EE3
S315202563E86363004E756D496E70757473286E6F6478
S315202563F86529004E756D4F757470757473286E6F83
S3152025640864652900696E7075742D3E7479706520CA
S315202564183D3D206B54664C697465496E7438207CDD
S315202564287C20696E7075742D3E74797065203D3D86
S31520256438206B54664C697465496E743136207C7C8C
S3152025644820696E7075742D3E74797065203D3D20C2
S315202564586B54664C69746555496E7438006F757426
S315202564687075742D3E74797065203D3D206B546674
S315202564784C697465466C6F61743332002F636F726D
S31520256488616C6D6963726F2F74686972645F706158
S315202564987274792F74666C6974652D6D6963726F4C
S315202564A82F74656E736F72666C6F772F6C6974653A
S315202564B82F6D6963726F2F6B65726E656C732F648A
S315202564C86574656374696F6E5F706F737470726FA8
S315202564D8636573732E6363004E756D44696D656EAA
S315202564E873696F6E7328696E7075745F626F785FCE
S315202564F8656E636F64696E677329004E756D446989
S315202565086D656E73696F6E7328696E7075745F63B2
S315202565186C6173735F70726564696374696F6E7372
S3152025652829004E756D44696D656E73696F6E73287E
S31520256538696E7075745F616E63686F7273290069F9
S31520256548735F616C70686128616C70686129006267
S315202565586F6F6C20666C6174627566666572733AB0
S315202565683A69735F616C7068615F636861722863D5
S315202565786861722C206368617229002F636F7261A6
S315202565886C6D6963726F2F74686972645F70617246
S3152025659874792F666C6174627566666572732F6960
S315202565A86E636C7564652F666C617462756666653F
S315202565B872732F7574696C2E680073747200626FF6
S315202565C86F6C20666C6174627566666572733A3A75
S315202565D8537472696E67546F496E74656765724917
S315202565E86D706C28542A2C20636F6E73742063680B
S315202565F861722A2C20696E742C20626F6F6C292073
S315202566085B776974682054203D206C6F6E67206CF3
S315202566186F6E6720696E745D00626F6F6C20666C7D
S315202566286174627566666572733A3A537472696ED1
S3152025663867546F496E7465676572496D706C285401
S315202566482A2C20636F6E737420636861722A2C2026
S31520256658696E742C20626F6F6C29205B7769746844
S315202566682054203D206C6F6E67206C6F6E672075D1
S315202566786E7369676E656420696E745D00737472BE
S315202566882026262076616C00626F6F6C20666C61E9
S3152025669874627566666572733A3A537472696E675B
S315202566A8546F466C6F6174496D706C28542A2C205A
S315202566B8636F6E737420636861722A29205B7769F4
S315202566C874682054203D20646F75626C655D006D65
S315202566D861785F646574656374696F6E73006D612F
S315202566E8785F636C61737365735F7065725F6465C4
S315202566F874656374696F6E00646574656374696F00
S315202567086E735F7065725F636C61737300757365ED
S315202567185F726567756C61725F6E6D73006E6D73DA
S315202567285F73636F72655F7468726573686F6C646F
S31520256738006E6D735F696F755F7468726573686FB0
S315202567486C64006E756D5F636C6173736573007910
S315202567585F7363616C6500785F7363616C65006838
S315202567685F7363616C6500775F7363616C65002869
S315202567786D61785F646574656374696F6E73203E91
S315202567883D2030290028696E74657273656374699E
S315202567986F6E5F6F7665725F756E696F6E5F7468EB
S315202567A8726573686F6C64203E20302E30662920EA
S315202567B826262028696E74657273656374696F6EDB
S315202567C85F6F7665725F756E696F6E5F74687265C1
S315202567D873686F6C64203C3D20312E30662900561F
S315202567E8616C6964617465426F786573286465632D
S315202567F86F6465645F626F7865732C206E756D5F2F
S31520256808626F78657329006B426174636853697A68
S315202568186500696E7075745F626F785F656E636FE4
S3152025682864696E67732D3E64696D732D3E64617444
S31520256838615B305D00696E7075745F626F785F6520
S315202568486E636F64696E67732D3E64696D732D3E1D
S31520256858646174615B325D203E3D206B4E756D43C8
S315202568686F6F7264426F7800696E7075745F636C9A
S315202568786173735F70726564696374696F6E732D4E
S315202568883E64696D732D3E646174615B305D006E6F
S31520256898756D5F626F78657300696E7075745F6351
S315202568A86C6173735F70726564696374696F6E73DF
S315202568B82D3E64696D732D3E646174615B315D007F
S315202568C8286E756D5F636C61737365735F776974FD
S315202568D8685F6261636B67726F756E64202D206EA3
S315202568E8756D5F636C6173736573203C3D20312913
S315202568F800286E756D5F636C61737365735F776941
S3152025690874685F6261636B67726F756E64203E3D3E
S31520256918206E756D5F636C617373657329006E755B
S315202569286D5F646574656374696F6E735F70657270
S315202569385F636C617373203E203000286D61785F14
S3152025694863617465676F726965735F7065725F6168
S315202569586E63686F72203E203029000002000000F1
S315202569680000000000000000010000002F636F7260
S31520256978616C6D6963726F2F74686972645F706163
S315202569887274792F74666C6974652D6D6963726F57
S315202569982F74656E736F72666C6F772F6C69746545
S315202569A82F6D6963726F2F6B65726E656C732F6D8C
S315202569B8756C5F636F6D6D6F6E2E636300696E7080
S315202569C87574322D3E7479706500696E70757431CB
S315202569D82D3E747970650000000000000100000036
S315202569E8000000002F636F72616C6D6963726F2FCB
S315202569F874686972645F70617274792F74666C69BC
S31520256A0874652D6D6963726F2F74656E736F7266E3
S31520256A186C6F772F6C6974652F6D6963726F2F6B11
S31520256A2865726E656C732F7061642E6363004E756F
S31520256A386D496E70757473286E6F646529203D3D82
S31520256A482032207C7C204E756D496E70757473288E
S31520256A586E6F646529203D3D203300706164646925
S31520256A686E677320213D206E756C6C707472004E8E
S31520256A78756D44696D656E73696F6E7328696E7059
S31520256A88757429203C3D207265666572656E636539
S31520256A985F6F70733A3A5061644B65726E656C4DBB
S31520256AA8617844696D656E73696F6E436F756E740B
S31520256AB8282900636F6E7374616E745F76616C75B1
S31520256AC865732D3E74797065004E756D456C656DBB
S31520256AD8656E747328636F6E7374616E745F7661E1
S31520256AE86C75657329006F75747075742D3E646988
S31520256AF86D732D3E73697A65202A20320047657481
S31520256B0854656E736F725368617065287061646405
S31520256B18696E6773292E466C617453697A652829A7
S31520256B28004973436F6E7374616E7454656E736F03
S31520256B38722870616464696E677329006578706543
S31520256B48637465645F64696D006F75747075745FA9
S31520256B5864696D006F75747075742D3E70617261E8
S31520256B686D732E7A65726F5F706F696E74203E3DE0
S31520256B78207374643A3A6E756D657269635F6C69BC
S31520256B886D6974733C696E74385F743E3A3A6D69DB
S31520256B986E2829006F75747075742D3E7061726123
S31520256BA86D732E7A65726F5F706F696E74203C3DA2
S31520256BB8207374643A3A6E756D657269635F6C697C
S31520256BC86D6974733C696E74385F743E3A3A6D61A3
S31520256BD878282900636F6E7374616E745F76616C8D
S31520256BE87565732D3E706172616D732E7A65726F28
S31520256BF85F706F696E74006F75747075742D3E702D
S31520256C086172616D732E7A65726F5F706F696E74A6
S31520256C18007374617469635F636173743C646F750B
S31520256C28626C653E28636F6E7374616E745F7661D8
S31520256C386C7565732D3E706172616D732E736361F4
S31520256C486C6529007374617469635F636173743C29
S31520256C58646F75626C653E286F75747075742D3EE4
S31520256C68706172616D732E7363616C652900547921
S31520256C787065202573206E6F742063757272656E14
S31520256C88746C7920737570706F7274656420627957
S31520256C98205061642E002F636F72616C6D69637253
S31520256CA86F2F74686972645F70617274792F746640
S31520256CB86C6974652D6D6963726F2F74656E736F34
S31520256CC872666C6F772F6C6974652F6D6963726F21
S31520256CD82F6B65726E656C732F706F6F6C696E6717
S31520256CE85F636F6D6D6F6E2E636300000000000075
S31520256CF8000000002F636F72616C6D6963726F2FB8
S31520256D0874686972645F70617274792F74666C69A8
S31520256D1874652D6D6963726F2F74656E736F7266D0
S31520256D286C6F772F6C6974652F6D6963726F2F6BFE
S31520256D3865726E656C732F726573697A655F62698C
S31520256D486C696E6561722E6363004E756D44696D37
S31520256D58656E73696F6E7328696E70757429004E12
S31520256D68756D44696D656E73696F6E732873697A57
S31520256D786529006B54664C697465496E74333200EF
S31520256D8873697A652D3E74797065002F636F7261F4
S31520256D986C6D6963726F2F74686972645F7061722E
S31520256DA874792F74666C6974652D6D6963726F2F76
S31520256DB874656E736F72666C6F772F6C6974652F21
S31520256DC86D6963726F2F6B65726E656C732F72652D
S31520256DD873697A655F62696C696E6561722E63630C
S31520256DE8204E6F6E20636F6E7374616E742073697F
S31520256DF87A652074656E736F72206E6F742073752D
S31520256E0870706F727465640049662068616C665F68
S31520256E18706978656C5F63656E74657273206973AE
S31520256E2820547275652C20616C69676E5F636F7255
S31520256E386E657273206D7573742062652046616C44
S31520256E4873652E004F757470757420747970652056
S31520256E5869732025642C207265717569726573207E
S31520256E68666C6F6174206F7220696E74382E000DDA
S31520256E780A000000000000000000000093292520B4
S31520256E88BD292520CD29252069203C2073697A65A9
S31520256E98282900666C6174627566666572733A3A46
S31520256EA8566563746F723C543E3A3A7265747572A8
S31520256EB86E5F7479706520666C6174627566666521
S31520256EC872733A3A566563746F723C543E3A3A471A
S31520256ED8657428666C6174627566666572733A3A56
S31520256EE8756F66667365745F742920636F6E737410
S31520256EF8205B776974682054203D206C6F6E672047
S31520256F08696E743B20666C617462756666657273F4
S31520256F183A3A566563746F723C543E3A3A726574AA
S31520256F2875726E5F74797065203D206C6F6E67204B
S31520256F38696E743B20666C617462756666657273C4
S31520256F483A3A756F66667365745F74203D206C6F53
S31520256F586E6720756E7369676E656420696E745DC4
S31520256F68002F636F72616C6D6963726F2F74686900
S31520256F7872645F70617274792F666C617462756646
S31520256F88666572732F696E636C7564652F666C6189
S31520256F9874627566666572732F666C61746275662A
S31520256FA8666572732E6800666C6174627566666599
S31520256FB872733A3A566563746F723C543E3A3A72FE
S31520256FC8657475726E5F7479706520666C617462F6
S31520256FD87566666572733A3A566563746F723C545C
S31520256FE83E3A3A47657428666C61746275666665A5
S31520256FF872733A3A756F66667365745F742920636A
S315202570086F6E7374205B776974682054203D2066DB
S315202570186C6174627566666572733A3A4F666673ED
S3152025702865743C74666C6974653A3A537562477219
S315202570386170683E3B20666C61746275666665720A
S31520257048733A3A566563746F723C543E3A3A72657A
S315202570587475726E5F74797065203D20636F6E73C3
S31520257068742074666C6974653A3A537562477261F9
S3152025707870682A3B20666C617462756666657273CC
S315202570883A3A756F66667365745F74203D206C6F12
S315202570986E6720756E7369676E656420696E745D83
S315202570A800496E70757420696E646578202564207C
S315202570B86F7574206F662072616E676520286C65EA
S315202570C86E67746820697320256429004F75747046
S315202570D8757420696E646578202564206F757420FB
S315202570E86F662072616E676520286C656E67746881
S315202570F82069732025642900666C61746275666625
S315202571086572733A3A566563746F723C543E3A3AB9
S3152025711872657475726E5F7479706520666C617494
S31520257128627566666572733A3A566563746F723CFC
S31520257138543E3A3A47657428666C61746275666664
S315202571486572733A3A756F66667365745F74292016
S31520257158636F6E7374205B776974682054203D208D
S31520257168666C6174627566666572733A3A4F6666A9
S315202571787365743C74666C6974653A3A4F706572A2
S3152025718861746F723E3B20666C61746275666665AE
S3152025719872733A3A566563746F723C543E3A3A721C
S315202571A8657475726E5F74797065203D20636F6E80
S315202571B873742074666C6974653A3A4F7065726182
S315202571C8746F722A3B20666C617462756666657271
S315202571D8733A3A756F66667365745F74203D206CBD
S315202571E86F6E6720756E7369676E656420696E7420
S315202571F85D004D697373696E672072656769737457
S31520257208726174696F6E20666F72206F70636F6402
S31520257218655F696E6465782025640A004661696C10
S31520257228656420746F206765742072656769737431
S31520257238726174696F6E2066726F6D206F70206318
S315202572486F64652025730A2000536B697070696EF3
S3152025725867206F7020666F72206F70636F64655F15
S31520257268696E6465782025640A00556E7375707075
S315202572786F72746564206265686176696F723A20D3
S31520257288666F756E64206275696C74696E206F7079
S31520257298657261746F7220257320776974682063F7
S315202572A87573746F6D206F7074696F6E732E0A00EF
S315202572B8446964206E6F742066696E642061207027
S315202572C8617273657220666F72202573004661691F
S315202572D86C6564207374617274696E67206D6F643A
S315202572E8656C20616C6C6F636174696F6E2E0A00FC
S315202572F84661696C656420746F20616C6C6F636167
S315202573087465206D656D6F727920666F7220636F3F
S315202573186E746578742D3E696E7075745F74656EA6
S31520257328736F72735F2C20256420627974657320A8
S315202573387265717569726564004661696C65642034
S31520257348746F20696E697469616C697A6520696EBE
S315202573587075742074656E736F7220256400466176
S31520257368696C656420746F20616C6C6F63617465C4
S31520257378206D656D6F727920666F7220636F6E74C6
S315202573886578742D3E6F75747075745F74656E7324
S315202573986F72735F2C202564206279746573207239
S315202573A865717569726564004661696C65642074C2
S315202573B86F20696E697469616C697A65206F757441
S315202573C87075742074656E736F7220256400496EF6
S315202573D8766F6B6528292063616C6C6564206166E8
S315202573E874657220696E697469616C697A617469D4
S315202573F86F6E206661696C65640A004144440041C4
S315202574085645524147455F504F4F4C5F32440043BE
S315202574184F4E434154454E4154494F4E00444550BD
S315202574285448574953455F434F4E565F3244004487
S31520257438455054485F544F5F535041434500444572
S315202574485155414E54495A4500454D42454444498E
S315202574584E475F4C4F4F4B555000464C4F4F520089
S3152025746846554C4C595F434F4E4E4543544544004B
S31520257478484153485441424C455F4C4F4F4B5550F4
S31520257488004C325F4E4F524D414C495A4154494F33
S315202574984E004C325F504F4F4C5F3244004C4F4381
S315202574A8414C5F524553504F4E53455F4E4F524D93
S315202574B8414C495A4154494F4E004C4F47495354FC
S315202574C84943004C53485F50524F4A454354494FE8
S315202574D84E004D41585F504F4F4C5F324400524520
S315202574E84C555F4E315F544F5F310052454C5536CA
S315202574F8005245534841504500524553495A455F00
S3152025750842494C494E4541520053504143455F54C3
S315202575184F5F444550544800535644460054414EDF
S315202575284800434F4E4341545F454D4245444449BF
S315202575384E475300534B49505F4752414D004341CF
S315202575484C4C00435553544F4D00454D42454444D4
S31520257558494E475F4C4F4F4B55505F5350415253D9
S315202575684500554E49444952454354494F4E414C69
S315202575785F53455155454E43455F524E4E0047412B
S31520257588544845520042415443485F544F5F53500F
S315202575984143455F4E440053504143455F544F5F11
S315202575A842415443485F4E44004D45414E0053556C
S315202575B8420053515545455A4500554E4944495249
S315202575C8454354494F4E414C5F53455155454E43A6
S315202575D8455F4C53544D00535452494445445F53B3
S315202575E84C494345004249444952454354494F4EFF
S315202575F8414C5F53455155454E43455F524E4E00A6
S3152025760845585000544F504B5F56320053504C49DD
S3152025761854004C4F475F534F46544D4158004445D7
S315202576284C454741544500424944495245435449C6
S315202576384F4E414C5F53455155454E43455F4C5317
S31520257648544D0043415354005052454C55004D4105
S3152025765858494D554D004152475F4D4158004D4992
S315202576684E494D554D004C455353004E45470050E0
S3152025767841445632004752454154455200475245C2
S31520257688415445525F455155414C004C4553535F0E
S31520257698455155414C0053454C4543540053494E75
S315202576A8005452414E53504F53455F434F4E560033
S315202576B85350415253455F544F5F44454E534500D9
S315202576C854494C4500455850414E445F44494D53ED
S315202576D8004E4F545F455155414C004C4F4700525B
S315202576E85351525400504F57004152475F4D494EEA
S315202576F80046414B455F5155414E54005245445508
S3152025770843455F50524F44005245445543455F4DA6
S315202577184158004C4F474943414C5F4F52004F4EE5
S31520257728455F484F54004C4F474943414C5F414E8E
S3152025773844004C4F474943414C5F4E4F5400554EC4
S315202577485041434B005245445543455F4D494E00CC
S31520257758464C4F4F525F444956005245445543455A
S315202577685F414E5900535155415245005A45524F6E
S31520257778535F4C494B450046494C4C00464C4F4F88
S31520257788525F4D4F440052414E4745005245534975
S315202577985A455F4E4541524553545F4E45494748BC
S315202577A8424F52004C45414B595F52454C55005343
S315202577B85155415245445F444946464552454E43CF
S315202577C845004D4952524F525F5041440053504C23
S315202577D849545F5600554E49515545004345494C10
S315202577E800524556455253455F5632004144445F1B
S315202577F84E004741544845525F4E4400434F530057
S3152025780857484552450052414E4B005245564552FA
S3152025781853455F53455155454E4345004D41545291
S3152025782849585F44494147004D41545249585F5369
S3152025783845545F4449414700524F554E44004841D7
S3152025784852445F5357495348004946005748494C9F
S3152025785845004E4F4E5F4D41585F53555050524522
S315202578685353494F4E5F5634004E4F4E5F4D415820
S315202578785F5355505052455353494F4E5F56350001
S31520257888534341545445525F4E440053454C454332
S31520257898545F56320044454E534946590053454769
S315202578A84D454E545F53554D0042415443485F4DEF
S315202578B841544D554C00504C414345484F4C444521
S315202578C8525F464F525F475245415445525F4F5066
S315202578D85F434F4445530043554D53554D0043412A
S315202578E84C4C5F4F4E43450042524F4144434153EA
S315202578F8545F544F0052464654324400434F4E5601
S315202579085F334400494D4147005245414C00434F7A
S315202579184D504C45585F41425300484153485441A0
S31520257928424C4500484153485441424C455F4649B7
S315202579384E4400484153485441424C455F494D5091
S315202579484F525400484153485441424C455F534968
S315202579585A45005245445543455F414C4C00434FB3
S315202579684E565F33445F5452414E53504F5345002C
S315202579785641525F48414E444C4500524541445F45
S315202579885641524941424C450041535349474E5F3A
S315202579985641524941424C450042524F4144434162
S315202579A853545F415247530052414E444F4D5F53DE
S315202579B854414E444152445F4E4F524D414C00420C
S315202579C855434B4554495A450052414E444F4D5FE0
S315202579D8554E49464F524D004D554C54494E4F4DBF
S315202579E849414C0047454C550044594E414D49433C
S315202579F85F5550444154455F534C494345005245AC
S31520257A084C555F305F544F5F3100554E534F525476
S31520257A1845445F5345474D454E545F50524F440084
S31520257A28466C61744275666665727320312E3132CD
S31520257A382E30000003742520077425201774252049
S31520257A482F7425202574252037742520467425202E
S31520257A58517425206274252068742520787425205C
S31520257A68897425209A742520A5742520C274252055
S31520257A78CB74252046762520DA742520BA78252024
S31520257A8851762520E6742520F3742520F97425209A
S31520257A9801752520047625201E7625201175252075
S31520257AA820752520257525202A7525203C752520F0
S31520257AB8467525204B75252052752520D1772520D5
S31520257AC86A752520867525208D7525209F7525205F
S31520257AD86E792520B1752520B67525205E77252032
S31520257AE8BA752520C2752520DF752520ED75252013
S31520257AF8087625200C762520147625201A76252005
S31520257B08267625202F7625204B7625205076252046
S31520257B18567625205E762520667625206E7625209E
S31520257B2873762520777625207D762520857625202A
S31520257B38937625209E762520E7752520A57625204A
S31520257B48A9762520B8762520C8762520CD76252000
S31520257B588D762520D9762520E3762520E2782520B9
S31520257B68E8762520E7762520FB742520ED76252021
S31520257B78F1762520F97625200477252010772520C6
S31520257B88487725201B772520267725202E772520FB
S31520257B983A772520467725204D772520587725207D
S31520257BA8627725206D772520747725207F772520D0
S31520257BB8847725208E77252094772520AC77252030
S31520257BC8B7772520CA7725201E792520D5772520FC
S31520257BD8DD772520E4772520E9772520F4772520C4
S31520257BE8FA77252004782520087825200E7825203B
S31520257BF8ED792520137825202478252048742520D5
S31520257C083078252040782520467825205178252026
S31520257C18547825205A782520717825208878252076
S31520257C28937825209D782520A5782520B178252087
S31520257C38BE782520DF782520E6782520F07825208A
S31520257C48FD782520047925200C79252011792520CC
S31520257C5816792520227925202C7925203B7925203A
S31520257C684C7925205B792520667925207879252044
S31520257C788379252091792520A1792520B079252054
S31520257C88C7792520D1792520E0792520EC79252045
S31520257C98F1792520067A2520127A2520000000004C
S31520257CA8496E66004E614E002A325E000304080B93
S31520257CB80D0E1112131415161700556E6B6E6F7748
S31520257CC86E2074797065004E4F5459504500464CA0
S31520257CD84F415433320055494E543800535452494E
S31520257CE84E4700424F4F4C00434F4D504C45583632
S31520257CF83400464C4F4154313600464C4F41543674
S31520257D083400434F4D504C45583132380055494E4D
S31520257D18543634005245534F555243450056415201
S31520257D2849414E540055494E5433320055494E54EF
S31520257D3831360000CF7C2520D67C25202E7D252072
S31520257D48DE7C2520167D2520E47C2520EB7C252018
S31520257D58357D2520F07C2520DF7C2520FA7C2520CD
S31520257D68027D25200A7D2520157D25201C7D25207B
S31520257D78257D25202D7D2520347D25204F702062A3
S31520257D8875696C74696E5F636F6465206F75742079
S31520257D986F662072616E67653A2025642E204172AA
S31520257DA86520796F75207573696E67206F6C6420D9
S31520257DB854464C6974652062696E617279207769A3
S31520257DC87468206E65776572206D6F64656C3F00D3
S31520257DD84469646E27742066696E64206F702066F0
S31520257DE86F72206275696C74696E206F70636F6413
S31520257DF86520272573272076657273696F6E202758
S31520257E082564272E20416E206F6C64657220766541
S31520257E187273696F6E206F66207468697320627520
S31520257E28696C74696E206D6967687420626520732C
S31520257E387570706F727465642E2041726520796F0E
S31520257E4875207573696E6720616E206F6C64205462
S31520257E58464C6974652062696E61727920776974E2
S31520257E68682061206E65776572206D6F64656C3F25
S31520257E780A004F70657261746F722077697468205D
S31520257E88435553544F4D206275696C74696E5F63EB
S31520257E986F646520686173206E6F20637573746FB0
S31520257EA86D5F636F64652E0A002F636F72616C6D33
S31520257EB86963726F2F74686972645F7061727479E9
S31520257EC82F74666C6974652D6D6963726F2F746559
S31520257ED86E736F72666C6F772F6C6974652F6B65F9
S31520257EE8726E656C732F6B65726E656C5F757469BA
S31520257EF86C2E6363006E6F5F696E74656765725F46
S31520257F086F766572666C6F775F66726F6D5F717552
S31520257F18616E74697A6174696F6E00696E7075749D
S31520257F285F70726F647563745F7363616C65203ED9
S31520257F383D2030007363616C655F64696666202F12
S31520257F48206F75747075745F7363616C65203C3D0D
S31520257F5820302E30320066616C736500696E707527
S31520257F68742D3E7175616E74697A6174696F6E2E8A
S31520257F787479706500696E7075742D3E747970658F
S31520257F88203D3D206B54664C697465496E743820AE
S31520257F987C7C20696E7075742D3E74797065203DBC
S31520257FA83D206B54664C697465496E743136006B71
S31520257FB854664C697465496E74380066696C7465AF
S31520257FC8722D3E74797065006E756D5F6368616E76
S31520257FD86E656C730066696C7465722D3E64696D71
S31520257FE8732D3E646174615B616666696E655F7132
S31520257FF875616E74697A6174696F6E2D3E717561C6
S315202580086E74697A65645F64696D656E73696F6E6A
S315202580185D00666C6174627566666572733A3A5652
S315202580286563746F723C543E3A3A72657475726EFE
S315202580385F7479706520666C61746275666665728B
S31520258048733A3A566563746F723C543E3A3A476595
S315202580587428666C6174627566666572733A3A75B4
S315202580686F66667365745F742920636F6E737420D3
S315202580785B776974682054203D20666C6174627527
S3152025808866666572733A3A4F66667365743C746696
S315202580986C6974653A3A4275666665723E3B206612
S315202580A86C6174627566666572733A3A5665637449
S315202580B86F723C543E3A3A72657475726E5F74795E
S315202580C87065203D20636F6E73742074666C6974A1
S315202580D8653A3A4275666665722A3B20666C6174EE
S315202580E8627566666572733A3A756F6666736574E0
S315202580F85F74203D206C6F6E6720756E7369676E79
S31520258108656420696E745D004D6963726F416C6C78
S315202581186F6361746F723A204D6F64656C20616C4C
S315202581286C6F636174696F6E20737461727465648C
S31520258138206265666F72652066696E697368696EE1
S31520258148672070726576696F75736C7920616C6C9A
S315202581586F6361746564206D6F64656C004661691B
S315202581686C656420746F20616C6C6F6361746520FF
S315202581786D656D6F727920666F72206D6F64656C7B
S31520258188206D657461646174612E00536372617410
S315202581986368206275666665722072657175657372
S315202581A87420657865656473206C696D697420709B
S315202581B86572206F70657261746F7220282564290F
S315202581C8002F636F72616C6D6963726F2F7468698E
S315202581D872645F70617274792F74666C6974652D03
S315202581E86D6963726F2F74656E736F72666C6F77A0
S315202581F82F6C6974652F6D6963726F2F6D6963722C
S315202582086F5F616C6C6F6361746F722E6363007028
S315202582186C616E6E65725F6172656E6120213D2087
S315202582286E756C6C70747200666C617462756666A0
S315202582386572733A3A566563746F723C543E3A3A78
S3152025824872657475726E5F7479706520666C617453
S31520258258627566666572733A3A566563746F723CBB
S31520258268543E3A3A47657428666C61746275666623
S315202582786572733A3A756F66667365745F742920D5
S31520258288636F6E7374205B776974682054203D204C
S315202582986C6F6E67206C6F6E6720696E743B2066DF
S315202582A86C6174627566666572733A3A5665637447
S315202582B86F723C543E3A3A72657475726E5F74795C
S315202582C87065203D206C6F6E67206C6F6E67206900
S315202582D86E743B20666C6174627566666572733A40
S315202582E83A756F66667365745F74203D206C6F6E6C
S315202582F86720756E7369676E656420696E745D007F
S31520258308556E61626C6520746F20616C6C6F636134
S3152025831874652054664C697465416666696E65512F
S3152025832875616E74697A6174696F6E2E0A00556E49
S3152025833861626C6520746F20616C6C6F63617465EE
S31520258348207175616E74697A6174696F6E2D3E7AAE
S3152025835865726F5F706F696E742E0A00666C61741C
S31520258368627566666572733A3A566563746F723CAA
S31520258378543E3A3A72657475726E5F7479706520C3
S31520258388666C6174627566666572733A3A56656374
S31520258398746F723C543E3A3A47657428666C617404
S315202583A8627566666572733A3A756F66667365741D
S315202583B85F742920636F6E7374205B7769746820D0
S315202583C854203D20666C6174627566666572733ABB
S315202583D83A4F66667365743C74666C6974653A3A71
S315202583E854656E736F723E3B20666C617462756642
S315202583F8666572733A3A566563746F723C543E3A8B
S315202584083A72657475726E5F74797065203D20633E
S315202584186F6E73742074666C6974653A3A54656E02
S31520258428736F722A3B20666C6174627566666572FF
S31520258438733A3A756F66667365745F74203D206C4A
S315202584486F6E6720756E7369676E656420696E74AD
S315202584585D004D6963726F416C6C6F6361746F72D1
S315202584683A204D6F64656C20616C6C6F6361746905
S315202584786F6E2066696E6973686564206265666FA6
S315202584887265207374617274696E6720616C6C6F6E
S31520258498636174696E67206D6F64656C00466169D2
S315202584A86C656420746F20616C6C6F6361746520BC
S315202584B86D656D6F727920666F72206E6F64655F44
S315202584C8616E645F726567697374726174696F6EAC
S315202584D8732E004661696C656420746F20706F70F1
S315202584E8756C61746520612070657273697374650E
S315202584F86E742054664C69746554656E736F722044
S315202585087374727563742066726F6D20666C6174D8
S3152025851862756666657220646174612100466169A3
S315202585286C656420746F20706F70756C6174652016
S31520258538612074656D702054664C69746554656E22
S31520258548736F72207374727563742066726F6D20CB
S31520258558666C6174627566666572206461746121CC
S31520258568004661696C656420746F20616C6C6F6345
S31520258578617465207661726961626C652074656EA1
S31520258588736F72206F662073697A65202564004685
S3152025859861696C656420746F20616C6C6F63617486
S315202585A865206D656D6F727920666F7220636F6E93
S315202585B8746578742D3E6576616C5F74656E736F08
S315202585C872732C20256420627974657320726571EF
S315202585D87569726564004661696C656420746F20C7
S315202585E8696E697469616C697A652074656E736FBD
S315202585F8722025640000000000000000000000000D
S3152025860800000000F1392520F9392520233A25208F
S315202586187B3A252000000000000000004142252045
S31520258628B9422520253A2520073A25200F3A2520FF
S31520258638FD392520FB3925206D3A2520DD412520A4
S31520258648BD43252049432520173A25207D44252025
S31520258658813D2520893A25200000000000000000BC
S31520258668D944252023452520DB4425203145252089
S31520258678E3442520EB4425207145252097452520AB
S31520258688BD452520074525200F4525204E6F6465A0
S3152025869820257320286E756D6265722025646629C6
S315202586A8206661696C656420746F207072657061B7
S315202586B872652077697468207374617475732025AB
S315202586C86400416363657373696E67207375626792
S315202586D87261706820256420627574206F6E6C79A6
S315202586E82025642073756267726170687320666FAA
S315202586F8756E64004E6F646520257320286E756D0A
S3152025870862657220256429206661696C65642074F2
S315202587186F20696E766F6B65207769746820737408
S315202587286174757320256400000000000000000090
S31520258738314625203346252041462520FD46252018
S31520258748A54625209147252059482520BD49252058
S3152025875861492520A1492520054A252093492520F3
S315202587684661696C656420746F20616C6C6F6361E2
S3152025877874652074656D70206D656D6F72792E20F0
S315202587885265717565737465643A2025752C206143
S315202587987661696C61626C652025752C206D6973F7
S315202587A873696E673A202575004661696C6564206C
S315202587B8746F20616C6C6F63617465207461696C54
S315202587C8206D656D6F72792E205265717565737466
S315202587D865643A2025752C20617661696C61626C01
S315202587E8652025752C206D697373696E673A202552
S315202587F875004E756D626572206F6620616C6C6F8B
S3152025880863617465642074656D7020627566666516
S3152025881872733A2025642E20436865636B73756DBC
S315202588282070617373696E67207374617475733AE2
S3152025883820256400416C6C2074656D7020627566F0
S3152025884866657273206D75737420626520667265F8
S315202588586564206265666F72652063616C6C696ED6
S315202588686720526573657454656D70416C6C6F63AA
S315202588786174696F6E73282900496E7465726E61F5
S315202588886C206572726F723A2065697468657220E4
S31520258898627566666572206973206E6F74207265A7
S315202588A873697A61626C65206F7220526573657467
S315202588B854656D70416C6C6F636174696F6E73282E
S315202588C829206973206E6F742063616C6C6564201A
S315202588D86265666F726520526573697A6542756623
S315202588E866657228292E004661696C656420746F31
S315202588F820726573697A65206275666665722E208B
S315202589085265717565737465643A2025752C2061C1
S315202589187661696C61626C652025752C206D697375
S3152025892873696E673A20257500000000000000004F
S31520258938000000005B4A2520A14A2520094B252031
S315202589486F4A2520A14B2520C54B2520B74A25200A
S31520258958E94B25205D4A25207D4A2520E34A2520E1
S31520258968814A2520854B2520494B2520914A252096
S31520258978FCFFFFFF00000000494C2520AF4A252093
S315202589887D4B2520994A2520546F6F206D616E7958
S31520258998206275666665727320286D6178206973ED
S315202589A820256429002563202869643D2564293ADC
S315202589B82073697A653D25642C206F6666736574F0
S315202589C83D25642C2066697273745F757365643DCD
S315202589D82564206C6173745F757365643D25640011
S315202589E8257325643A202573202825646B2900625A
S315202589F8756666657220696E6465782025642069A2
S31520258A0873206F7574736964652072616E67652036
S31520258A183020746F20256400000000000000000027
S31520258A28014D2520294D2520394D2520034D252045
S31520258A388F4F2520254D252059512520CD4C2520BC
S31520258A48C94F25204E6272206F66206F66666C692F
S31520258A586E6520627566666572206F6666736574AF
S31520258A6873202825642920696E206D6574616461C3
S31520258A787461206E6F7420657175616C206E6272C3
S31520258A882074656E736F727320282564290A00441D
S31520258A986F6573206E6F7420737570706F7274206E
S31520258AA8696E7465726D6564696174652074656E11
S31520258AB8736F722077697468206E6F6E2D7A65724A
S31520258AC86F2073697A653A20256400666C6174621D
S31520258AD87566666572733A3A566563746F723C5441
S31520258AE83E3A3A72657475726E5F7479706520663A
S31520258AF86C6174627566666572733A3A56656374EF
S31520258B086F723C543E3A3A47657428666C6174629E
S31520258B187566666572733A3A756F66667365745FA8
S31520258B28742920636F6E7374205B77697468205463
S31520258B38203D20666C6174627566666572733A3A5D
S31520258B484F66667365743C74666C6974653A3A4FE4
S31520258B5870657261746F72436F64653E3B20666CDF
S31520258B686174627566666572733A3A566563746F7B
S31520258B78723C543E3A3A72657475726E5F74797092
S31520258B8865203D20636F6E73742074666C697465E1
S31520258B983A3A4F70657261746F72436F64652A3BE2
S31520258BA820666C6174627566666572733A3A756F66
S31520258BB866667365745F74203D206C6F6E672075B5
S31520258BC86E7369676E656420696E745D0046616992
S31520258BD86C656420746F20616C6C6F636174652085
S31520258BE86D656D6F727920666F72206D656D6F72F2
S31520258BF87920706C616E6E696E672C2025642062DB
S31520258C0879746573207265717569726564004F6616
S31520258C18666C696E654D656D6F7279416C6C6F638F
S30D20258C286174696F6E000000DE
S70500000CBD31
