:1008000000000420BD0C0000CF390100C9390100EF
:10081000490D0000490D0000490D000000000000D6
:100820000000000000000000000000007104010052
:10083000490D00000000000041050100A505010070
:10084000610D0000650D0000690D00006D0D0000D8
:10085000710D0000750D0000790D00007D0D000088
:10086000810D0000850D0000890D00008D0D000038
:10087000910D0000950D0000990D00009D0D0000E8
:10088000A10D0000490D0000490D0000490D0000B8
:100890007553000083530000915300009F530000E4
:1008A000AD530000BB530000C9530000D7530000F4
:1008B000C50D0000C90D0000CD0D0000D10D0000D8
:1008C000D50D0000D90D0000DD0D0000E10D000088
:1008D000E50D0000E90D0000ED0D0000F10D000038
:1008E000F50D0000F90D0000FD0D0000010E0000E7
:1008F000050E0000090E00000D0E0000110E000094
:10090000150E0000190E0000490D0000490D0000F1
:10091000490D0000490D0000490D0000490D00007F
:1009200001860100490D0000490D0000490D00003D
:10093000490D0000AD590100490D0000490D0000AE
:10094000490D0000490D0000490D0000490D00004F
:10095000490D0000490D0000490D0000490D00003F
:10096000490D0000490D0000490D00001D0E00005A
:10097000210E0000250E0000290E00002D0E0000A3
:10098000310E0000350E0000390E0000490D000048
:10099000490D0000490D0000490D0000490D0000FF
:1009A000490D0000490D0000490D0000490D0000EF
:1009B000490D0000C1590100490D0000490D00001A
:1009C000490D00003D0E0000490D0000490D0000DA
:1009D000490D0000490D00006D59010081590100C9
:1009E000490D00008559010099590100490D000089
:1009F000490D0000490D0000410E0000450E0000A9
:100A0000490D0000490D0000490D0000490D00008E
:100A1000490D0000490D0000ED390100A54B010012
:100A2000591C0000490D0000490D0000490D00004F
:100A3000490D0000490D0000490D0000490D00005E
:100A4000490D0000490D0000490E00004D0E000048
:100A5000490D0000510E0000550E000035990100AF
:100A6000D9780100590E00005D0E0000610E0000F3
:100A7000650E0000690E00006D0E0000490D0000BB
:100A8000490D0000490D0000490D0000490D00000E
:100A9000490D0000490D0000490D0000490D0000FE
:100AA000490D0000490D0000490D0000490D0000EE
:100AB000490D0000490D0000490D0000490D0000DE
:100AC000490D0000490D0000490D0000490D0000CE
:100AD000490D0000490D0000490D0000490D0000BE
:100AE000490D0000490D0000490D0000490D0000AE
:100AF000490D0000490D0000490D0000490D00009E
:100B0000490D0000490D0000490D0000490D00008D
:100B1000490D0000490D0000490D0000490D00007D
:100B2000490D0000490D0000490D0000490D00006D
:100B3000490D0000490D0000490D0000490D00005D
:100B4000490D0000490D0000490D0000490D00004D
:100B5000490D0000490D0000490D0000490D00003D
:100B6000710E0000750E0000790E00007D0E000071
:100B7000490D0000490D0000490D0000490D00001D
:100B8000490D0000490D0000810E0000850E000097
:100B9000890E00008D0E0000490D0000490D000077
:100BA000910E0000950E0000B9390100B93901001D
:100BB000B9390100B9390100B9390100B939010069
:100BC000B9390100B9390100B9390100B939010059
:100BD000B9390100B9390100B9390100B939010049
:100BE000B9390100B9390100B9390100B939010039
:100BF000B9390100B9390100B9390100FFFFFFFF20
:100C000010B5054C237833B9044B13B10448AFF346
:100C100000800123237010BD80AE00200000000082
:100C2000E887020008B5034B1BB103490348AFF343
:100C3000008008BD0000000084AE0020E8870200AC
:100C4000A3F5803A704700BF174B002B08BF134B2A
:100C50009D46FFF7F5FF00218B460F461348144AC7
:100C6000121A1DF0E5F90E4B002B00D098470D4BE2
:100C7000002B00D098470020002104000D000D48F3
:100C8000002802D00C48AFF300801DF063F920006B
:100C9000290013F041FA1CF0CBFE00BF0000080051
:100CA00000000000000000000000042080AC0020D4
:100CB0003C020220000000000000000072B616484E
:100CC000164901600A6882F308881548804715496B
:100CD000154A164B9A42BEBF51F8040B42F8040B5A
:100CE000F8E7134A134B9A42BEBF51F8040B42F87F
:100CF000040BF8E7104B00209A42BCBF42F8040BEB
:100D0000FAE70E490E4A00209142BCBF41F8040B9D
:100D1000FAE762B60B48804708ED00E000080000E3
:100D2000F51D0000D08802000080002074AC002077
:100D300000000020000000207840002080AC00204F
:100D40003C020220490C000012F036BE5248004717
:100D5000524800475248004752480047524800470F
:100D600052480047524800475248004752480047FF
:100D700052480047524800475248004752480047EF
:100D800052480047524800475248004752480047DF
:100D900052480047524800475248004752480047CF
:100DA00052480047524800475248004752480047BF
:100DB00052480047524800475248004752480047AF
:100DC000524800475248004752480047524800479F
:100DD000524800475248004752480047524800478F
:100DE000524800475248004752480047524800477F
:100DF000524800475248004752480047524800476F
:100E0000524800475248004752480047524800475E
:100E1000524800475248004752480047524800474E
:100E2000524800475248004752480047524800473E
:100E3000524800475248004752480047524800472E
:100E4000524800475248004752480047524800471E
:100E5000524800475248004752480047524800470E
:100E600052480047524800475248004752480047FE
:100E700052480047524800475248004752480047EE
:100E800052480047524800475248004752480047DE
:100E90005248004752480047CF390100C939010084
:100EA0007104010041050100A50501006970000001
:100EB000A1700000D970000011710000497100009C
:100EC00081710000B9710000F17100002972000009
:100ED0006172000099720000D17200000973000075
:100EE0004173000079730000B1730000490D0000E8
:100EF000718C0000918C0000B18C0000D18C00003E
:100F0000F18C0000118D0000318D0000518D00002A
:100F1000718D0000918D0000B18D0000D18D000019
:100F20005D870000698700007587000081870000E9
:100F30008D87000099870000C5870000F9870000B1
:100F40002D8800006188000095880000C988000095
:100F5000490D0000490D0000490D0000490D000039
:100F6000490D0000490D0000490D0000490D000029
:100F7000490D0000490D0000490D0000490D000019
:100F8000490D0000490D0000490D0000490D000009
:100F9000490D0000717C0000490D0000490D000062
:100FA000490D00004575000059750000817500006D
:100FB000957500006D750000A9750000490D0000D1
:100FC000490D0000858E0000490D0000490D00000C
:100FD000490D0000490D0000490D0000490D0000B9
:100FE000490D000053B94AB9002908BF00281CBFA9
:100FF0004FF0FF314FF0FF3000F082B9ADF1080C37
:101000006DE904CE00F01AF8DDF804E0DDE9022312
:1010100004B07047430803F05533C01A830803F047
:10102000333300F03330184400EB101000F00F3071
:1010300000EB002000EB0040000E70472DE9F04768
:10104000089D04468C46002B40F083808A42174658
:1010500047D9B2FA82F242B1C2F1200024FA00F07C
:101060009140974040EA010C94404FEA1748230C06
:10107000BCFBF8F61FFA87FE08FB16C143EA0143E2
:1010800006FB0EF1994209D9FB1806F1FF3080F0FA
:101090001981994240F21681023E3B445B1AA4B288
:1010A000B3FBF8F008FB103344EA034400FB0EFEE8
:1010B000A64509D93C1900F1FF3380F00581A6450A
:1010C00040F2028102383C4440EA0640A4EB0E04A0
:1010D00000261DB1D4400023C5E900433146BDE8D8
:1010E000F08702B9FFDEB2FA82F2002A50D1CB1BA0
:1010F0004FEA174E1FFA87F80126B3FBFEFC210CBE
:101100000EFB1C3341EA034108FB0CF38B4207D969
:1011100079180CF1FF3002D28B4200F2E98084464C
:10112000C91AA3B2B1FBFEF00EFB101143EA014451
:1011300008FB00F8A04507D93C1900F1FF3302D2A3
:10114000A04500F2D9801846A4EB080440EA0C4000
:10115000BFE78B4209D9002D00F0B1800026C5E918
:10116000000130463146BDE8F087B3FA83F6002E21
:101170004AD18B4202D3824200F2B880841A61EBDA
:10118000030101208C46002DA8D0C5E9004CA5E73D
:10119000C2F1200320FA03F6974001FA02F04FEA69
:1011A000174ED9403043030CB1FBFEF61FFA87F807
:1011B0000EFB161143EA014306FB08F1994204FABB
:1011C00002F409D9FB1806F1FF3C80F08D809942AA
:1011D00040F28A80023E3B445B1A81B2B3FBFEF0D0
:1011E0000EFB103341EA034100FB08F38B4207D9A1
:1011F000791800F1FF3C73D28B4271D9023839441F
:10120000CB1A40EA064678E7C6F1200C03FA06F44A
:1012100022FA0CF31C4320FA0CF701FA06F34FEA0A
:10122000144E21FA0CF11F433B0CB1FBFEF91FFADF
:1012300084F80EFB191143EA014109FB08FA8A45BB
:1012400002FA06F200FA06F308D9611809F1FF3034
:1012500048D28A4546D9A9F102092144A1EB0A01E5
:10126000BFB2B1FBFEF00EFB101147EA014700FBD5
:1012700008F8B84507D9E71900F1FF312ED2B84573
:101280002CD90238274440EA0940A7EB0807A0FB05
:1012900002894F45C64649461AD317D05DB1B3EB14
:1012A0000E0267EB010707FA0CFCF2404CEA02025F
:1012B000F740C5E9002700263146BDE8F0872E46F5
:1012C00028460BE70646E9E61846FDE64345E5D223
:1012D000B8EB020E69EB04010138DFE70846D2E7FC
:1012E00060468DE78146B9E7664675E730464AE7CE
:1012F000ACF1020C394413E702383C4424E700BF48
:10130000704700BF00000000000000000000000067
:1013100001F0FF01102A2BDB10F0070F08D010F8A6
:10132000013B013A8B422DD010F0070F42B3F6D1AA
:10133000F0B441EA012141EA014122F007047FF0C3
:1013400000070023F0E80256083C85EA010586EA1A
:10135000010685FA47F5A3FA87F586FA47F6A5FA56
:1013600087F68EB9EED1F0BC01F0FF0102F0070262
:1013700032B110F8013B013A83EA010313B1F8D10D
:101380000020704701387047002D06BF35460338EE
:10139000073815F0010F07D1013015F4807F02BF27
:1013A000013015F4C03F0130F0BC0138704700BF78
:1013B00010F8012B11F8013B012A28BF9A42F7D0FF
:1013C000D01A7047034613F8012B002AFBD1181AD4
:1013D0000138704710B504460B68116898472046DD
:1013E00010BD012A03D0022A03D0002070470160FB
:1013F000FBE70B680360F8E77047836810B50446A5
:1014000013B1032201469847204610BD70B50D4E1A
:101410003378BFF35B8F13F0010410D130461CF01A
:101420008AF860B1084D3046084B85F8544F2B6060
:101430001CF08DF8064A284606491CF071F802484F
:1014400070BD00BF9CAE0020A0AE0020A4610200D1
:1014500000800020F913000000F1080373B5044672
:101460000D460360E1B10846FFF7ACFF0F2805EB1E
:101470000006019007D9002201A920461CF042F97C
:10148000019B2060A3603246294620681CF096F933
:10149000019B2268002120466360D15402B070BDD8
:1014A00001481CF022F900BFB01402002DE9F043FE
:1014B00097B006460D4602AA06A8FFF7CDFF07988B
:1014C0000EAF0A2829D803AA29463846FFF7C4FFD9
:1014D0000F9816282BD90E9B173865491844FFF72B
:1014E00067FFB0FA80F4640938461CF02DF906A8AD
:1014F0001CF02AF906AAE4B15E493846FFF7ACFFB2
:10150000394630461CF09BF90123384633761CF0EF
:101510001BF9304617B0BDE8F0830B38069B5649DF
:101520001844FFF745FF0028CDD10124DFE7002450
:10153000DAE729463846FFF78FFF0F980D2808D9BC
:101540000E9B0E384D491844FFF732FFB0FA80F475
:10155000640938461CF0F8F8002C00F08180012165
:10156000084612F0F5FA002017F050F84FF4C8338F
:1015700003FB00F4002C02DA41481CF0B9F854D007
:1015800020461BF0E7FF2246002180461CF050FD5C
:101590002022002106A806AC1CF04AFD3D46FFF7BC
:1015A00035FF4FF4A0730322CDF830800A938146B3
:1015B000CDE9082301238DF834300FCC0FC594E812
:1015C0000F0085E80F0000232020CDE903330593A9
:1015D0001BF0C0FFBC4600F1200E04460390CDF87E
:1015E00014E0CDF810E0BCE80F000FC495E80F0040
:1015F00084E80F0003A9484617F0B4FC044603989A
:1016000008B11BF092FF94B91E481DF06FFB1C221D
:10161000214630461CF00CFD3476B8F1000F3FF443
:1016200078AF40461BF081FF73E7A046B0E74FF468
:10163000A07200244B234046114600971094CDE938
:101640000E4414F091FE2146012012F081FA0E9B07
:1016500033600F9B7360109BB36002233376DCE72B
:101660001C22214630461CF0E3FC347651E700BFD3
:10167000E614020091150200DA1402009D15020022
:10168000FE1402002F15020013B50B4602466C46ED
:10169000D0E9000184E8030093E8030082E8030036
:1016A00094E8030083E8030002B010BD2DE9F8437D
:1016B000074688461646154604464FF0000944453D
:1016C0001AD029462046C5F808901035FFF7DCFFF0
:1016D000A36855F8082C2046103444F8082C45F827
:1016E000083C55F8042C54F8043C44F8042C45F804
:1016F000043CFFF782FEE2E7E01B3044BDE8F883DC
:1017000070B506248EB0384D2978002081F0010193
:10171000297012F01DFA4FF4FA7010F0FBFC013C36
:10172000F2D132481DF0E2FAFFF770FE012117F006
:1017300095FEFFF76BFE012117F078FE0AAB08A8B3
:101740008DF82840CDE9083413F098FA18B10899BB
:1017500027481DF0CBFA274B0025274E1020049375
:10176000264B03950793264B00960693CDE901552A
:101770001BF0F0FE04460146856004A8FFF784FFD5
:10178000A268069B294606922846E268A360079B4A
:1017900007922246E360FFF789FF294600F1100215
:1017A0002846FFF783FFCDE90140103404A80394D5
:1017B000FFF723FE684614F05DFC284610F074FF26
:1017C0000096DDE90145A54204D020461034FFF71C
:1017D00014FEF8E7019808B11BF0A7FE08A81BF05B
:1017E000B3FF0EB070BD00BFF8BD00205115020060
:1017F00079150200AD14000008590200D51300004D
:10180000E313000010B5044640F658711BF08FFE3C
:10181000204610BD13B5019011F0E0FF044618B149
:10182000019A00211CF004FC204602B010BD11F00A
:10183000D7BFEFF305835BB1EFF311834FF02002C5
:1018400082F31188BFF36F8FBFF34F8F0360704730
:101850000EF020BEEFF3058313B180F311887047BB
:101860000EF046BE10B5044630B9084B40F2ED11FB
:10187000074A08481CF0A6F804200FF087FA10B1B8
:101880002060002010BD43F2DD70FBE7141602005B
:1018900060160200BF15020008B530B90B4B40F2CC
:1018A0000A210B4A0B481CF08DF84B1C00681EBF28
:1018B0004FF47A735943B1FBF3F10FF049FD00285F
:1018C00043F2DE7018BF002008BD00BF14160200EE
:1018D00070160200BF15020008B530B9074B40F280
:1018E0002A21074A07481CF06DF800680FF024FA17
:1018F000002843F2DD7018BF002008BD1416020056
:101900007E160200BF15020008B530B9054B4FF432
:101910001071054A05481CF055F800680FF08EFD5F
:10192000002008BD141602008E160200BF1502002A
:1019300038B50D46044630B9084B4FF41471084AC7
:1019400008481CF03FF80EF0A3FB206010B1002007
:10195000257138BD43F2DD70FBE700BF2816020099
:101960009F160200BF15020037B50025019530B95A
:10197000144B40F26A21144A14481CF023F8006802
:10198000E8B1EFF30584B4B101AA0EF0CBFC012855
:1019900004D00F4B4FF41E710B4AEDE7019840B194
:1019A0000C4B4FF080521A60BFF34F8FBFF36F8F15
:1019B000284603B030BD0EF02BFC2046F9E743F279
:1019C000DD70F6E728160200AF160200BF15020010
:1019D0003C16020004ED00E073B5069D30B9114BD2
:1019E00040F2E121104A11481BF0ECFF066821F09B
:1019F0007F449EB101793046009313460A1E21466A
:101A000018BF01220EF052FB204005B128600028CB
:101A100043F2DE7018BF002002B070BD43F2DD70EB
:101A2000FAE700BF28160200BC160200BF1502002C
:101A300008B530B9074B40F21731074A07481BF089
:101A4000C1FF006818B10EF03FFC002008BD43F252
:101A5000DD70FBE728160200CA160200BF1502005F
:101A600010B504460846114634B9084B40F22D31F2
:101A7000074A08481BF0A6FF00220EF0EBFF10B14A
:101A80002060002010BD43F2DD70FBE74D16020020
:101A9000DB160200BF15020013B530B9144B40F23B
:101AA0004931144A14481BF08DFF0024006801944A
:101AB000EFF305839BB1234601AA0FF079F90128C2
:101AC00012D1019B13B9002002B010BD0B4B4FF097
:101AD00080521A60BFF34F8FBFF36F8FF3E71A4640
:101AE0000FF038F80128EED043F2DD70ECE700BFCC
:101AF0004D160200EA160200BF15020004ED00E0D8
:101B000008B530B90B4B40F271310B4A0B481BF052
:101B100059FF531C00681EBF4FF47A735A43B2FB3F
:101B2000F3F20FF067FA012843F2DE7008BF0020DD
:101B300008BD00BF4D160200F6160200BF150200D8
:101B400008B530B9054B40F2A131054A05481BF0F4
:101B500039FF00680FF072FC002008BD4D1602002E
:101B600002170200BF15020007B5186C01A99A639D
:101B70000FF0B6F9019B3BB1054B4FF080521A6054
:101B8000BFF34F8FBFF36F8F03B05DF804FB00BF4F
:101B900004ED00E02DE9F0410D4616461F460446CF
:101BA00030B329B3442200211CF042FA04200FF084
:101BB000EDF8E06348B10322002101200EF04AFF56
:101BC000206420B9E06B0FF039FC01200EE0A04644
:101BD0003A463146284648F8045B06F047FB28465B
:101BE0002346044A414606F0C7FB0020BDE8F081C9
:101BF0000420FBE7691B00004FF0FF31C06B0FF0C2
:101C0000A7BBC06B0FF098B837B504460191FFF73A
:101C1000F3FF012813D1019A211D206806F0E8FB8B
:101C2000054628B12046FFF7ECFF284603B030BD3B
:101C30004FF0FF31206C0FF09DFAA56BF2E74FF4E7
:101C40006175F2E70123024A1370024A93607047FC
:101C500000BE002000000F40FFF7F4BF2DE9F8435D
:101C60002C4B1C68844228BF044604B32A4E2B4DDB
:101C70003368DFF8B49023F00103D9F800803360B3
:101C80002B6823F001032B6072B6BFF34F8FBFF3B5
:101C90006F8F10F065FF224F58B9AB686B602B68EF
:101CA00043F001032B603B68013B6B6062B6BDE80B
:101CB000F883013C08FB04F33361336843F001030C
:101CC0003360BFF34F8F30BFBFF36F8F154B0022D0
:101CD0001A7062B600BF1978B1B11A700E4A0F4D72
:101CE000136823F0010313600EF0D4FB2B68204629
:101CF00043F001032B6010F0EFFB3B68013B6B608E
:101D0000BDE8F8430EF0F4BB746AD9F80000B4FBE8
:101D1000F0F4E3E708BE002000000F4010E000E010
:101D200004BE002000BE0020FCBD00200C4B64223D
:101D30001A6002220B4B1A606FF000420A4B1A60C5
:101D40000A4B4FF08072DA60002243F8F02C43F81F
:101D5000E82C632243F8EC2C032243F8F02C704764
:101D600004BE0020FCBD002008BE002000E100E011
:101D70000B1E10DD00F01F011944BFF34F8F064A00
:101D80000144C2F85C0220300B1A002BF9DCBFF3CF
:101D90004F8FBFF36F8F704700ED00E00B1E10DD1B
:101DA00000F01F011944BFF34F8F064A0144C2F8E7
:101DB000680220300B1A002BF9DCBFF34F8FBFF302
:101DC0006F8F704700ED00E00B1E10DD00F01F016B
:101DD0001944BFF34F8F064A0144C2F87002203005
:101DE0000B1A002BF9DCBFF34F8FBFF36F8F7047D7
:101DF00000ED00E03C4A08B5D2F8883043F47003A7
:101E0000C2F88830394A1388580705D5138823F05B
:101E100004031B041B0C1380354A1388590705D58E
:101E2000138823F004031B041B0C1380314B1A6826
:101E300092044CD5304A5A604FF6FF729A601A6885
:101E400022F0A00242F020021A602C4B1A68900483
:101E500043D5294A5A604FF6FF729A601A6822F0F9
:101E6000A00242F020021A60254B1A68D10703D560
:101E70001A6822F001021A601B4B5A69920315D4AA
:101E80005A6912F4003211D1BFF34F8FBFF36F8F35
:101E9000C3F85022BFF34F8FBFF36F8F5A6942F4DC
:101EA00000325A61BFF34F8FBFF36F8F154A136F24
:101EB00023F4005313670C4A536943F01003536132
:101EC000BFF34F8FBFF36F8F00F04AF808BD4CF29D
:101ED00020525A604DF62812ADE74CF220525A605B
:101EE0004DF62812B6E700BF00ED00E00000034009
:101EF000004003400080034020C528D90000C140B5
:101F000010E000E000400E4010B5C4010E4A04F19C
:101F1000814402EBC00004F598042368C3F3022354
:101F2000C05C04F0BDFB23680246DBB201339A4279
:101F3000B0FBF3F006D2054B40F6C501044A054854
:101F40001BF040FD10BD00BF9A17020012170200DF
:101F5000831702001717020000487047CCBE00200C
:101F600008B511F09FFC08BD10B592B00420FFF732
:101F7000CBFF14220446002101A81CF059F830229E
:101F8000002106A81CF054F801A807F047FB012324
:101F900001A919488DF8043007F068FB04234FF0BD
:101FA000004216498DF818304FF480331248CDE9BD
:101FB000072303F10133124A03F102230993114B62
:101FC000B2FBF4F2CDE90A131E2300218DF8303064
:101FD000A023534306AA0D9341F68463CDE90F3342
:101FE00040F20123ADF84430234607F0FDFBB0FA80
:101FF00080F0400912B010BD00400D401212780F61
:1020000000CA9A3B2A2A463C7FB5684603F086FC04
:10201000074B694607480093074B0193074B029310
:10202000074B039303F0C0FD07B05DF804FB00BF4E
:102030000CBE0020000044403CBE00206CBE0020CE
:102040009CBE002010B5E4B04FF49E72002115AC88
:1020500020461BF0EDFF1420FFF756FF4FF400332E
:1020600030212060A3600223009402A8E38140F2A3
:10207000033323820C23E3744FF40063C4E9093370
:102080004023E3622023C4E90D13074C019405F0BB
:10209000BFFB02A9204605F001FB0449684602F097
:1020A0006FFA64B010BD00BF00C00C40CCBE002071
:1020B00038B5044611F006FC02F0DEF800F056FBDD
:1020C00001F0A8FD0CB101F099FDFFF74DFF10B92B
:1020D0000B481CF00BFE0B4D0B4C0C480C4A641BC0
:1020E0000C49121A1BF07CFF2246002128461BF0E7
:1020F0009FFFFFF789FFBDE83840FFF7A3BF00BF90
:102100006517020000000081406806810000008120
:102110000000008144B502004B78C0018A781B02A0
:10212000013A03F4E063D2B213430A78002A0CBFE9
:1021300000224FF080721343034A1350BFF34F8FB6
:10214000BFF36F8F704700BF0000CC402DE9F7430D
:10215000EC4C00232046ADF804308DF8063004F036
:10216000DBFEE94BE94AD3F800199142224640F0E0
:10217000D882D3F81039DBB20B2B40F0D2826369DE
:1021800023F000536361636823F4F85343F4B053BE
:102190006360A368002BFCDADB4BDD4ED3F87038AC
:1021A000DB48DA06C3F300114ABF002201221146C0
:1021B00006F024FF0121304606F09EFE0121304644
:1021C00006F0E0FE022004F011FAD6F8C03043F029
:1021D0000203C6F8C03004F0EDFA336D43F0020399
:1021E0003365336943F002033361336943F080732D
:1021F0003361336A43F010033362336A5B00FCD50A
:102200000024012501A9022720468DF805408DF8FC
:102210000650FFF781FF01A908208DF805404FF017
:1022200006088DF80650FFF777FFBA484FF01809F7
:1022300003F0B8FEB84804F07FF9B84803F028FF6F
:1022400021461B22022003F0B5FF1322294602205B
:1022500003F0B0FF02211822084603F0ABFF202252
:102260000321022003F0A6FF04F050F821460D22BE
:10227000032003F09FFF11222946032003F09AFF59
:1022800020220221032003F095FF03211622084695
:1022900003F090FFD6F81032A14823F00803C6F8E7
:1022A0001032042604F0C6F82946052004F07EF812
:1022B00004F01CF920460DEB06018DF805608DF841
:1022C0000650FFF729FF0DEB060138468DF8056033
:1022D0008DF80670FFF720FF03230DEB0601304653
:1022E0008DF805808DF80630FFF716FF0DEB06011F
:1022F00005208DF805408DF80650FFF70DFF0723E8
:102300000DEB060140468DF806608DF80530FFF7AD
:1023100003FFF0230DEB060108208DF805408DF832
:102320000630FFF7F9FE0DEB06010E208DF8054093
:102330008DF80650FFF7F0FE0DEB06010F208DF82B
:1023400005408DF80690FFF7E7FE0DEB0601102023
:102350008DF805408DF80690FFF7DEFE0DEB0601C7
:1023600011208DF805408DF80650FFF7D5FE0DEBD6
:10237000060112208DF805408DF80650FFF7CCFEBF
:102380000DEB060113208DF805408DF80650FFF780
:10239000C3FE0DEB060119208DF805408DF806509F
:1023A000FFF7BAFE0DEB06011A208DF805408DF8F7
:1023B0000650FFF7B1FE0DEB06011B208DF805401E
:1023C0008DF80650FFF7A8FE0DEB06011C208DF8D6
:1023D00005408DF80650FFF79FFE0DEB06011D200E
:1023E0008DF805408DF80650FFF796FE0DEB0601BF
:1023F0001E208DF805408DF80650FFF78DFE0DEB81
:1024000006011F208DF805408DF80650FFF784FE69
:102410000DEB060120208DF805408DF80650FFF7E2
:102420007BFE0DEB060121208DF805408DF806504E
:10243000FFF772FE0DEB060122208DF805408DF8A6
:102440000650FFF769FE0DEB060123208DF80540CD
:102450008DF80650FFF760FE0DEB060124208DF885
:1024600005408DF80650FFF757FE0DEB06012520BD
:102470008DF805408DF80650FFF74EFE0DEB060176
:1024800026208DF805408DF80650FFF745FE0DEB30
:10249000060127208DF805408DF80650FFF73CFE19
:1024A0000DEB060128208DF805408DF80650FFF74A
:1024B00033FE0DEB060129208DF805408DF80650FE
:1024C000FFF72AFE0DEB06012A208DF805408DF856
:1024D0000650FFF721FE0DEB06012B208DF805407D
:1024E0008DF80650FFF718FE0DEB06012C208DF835
:1024F00005408DF80650FFF70FFE0DEB06012D206D
:1025000010E000BF0080CA4000C0CA406959AC5703
:102510000040C8402C1A0200C01C0200CC1C020063
:10252000341A02008DF805408DF80650FFF7F4FDCF
:102530000DEB06012E208DF805408DF80650FFF7B3
:10254000EBFD0DEB06012F208DF805408DF80650B0
:10255000FFF7E2FD0DEB060130208DF805408DF808
:102560000650FFF7D9FD0DEB060134208DF805600C
:102570008DF80660FFF7D0FD0DEB060135208DF8D4
:1025800005408DF80650FFF7C7FD0DEB060136201C
:102590008DF805408DF80650FFF7BEFD0DEB0601E6
:1025A00037208DF805408DF80650FFF7B5FD0DEB8F
:1025B000060138208DF805408DF80650FFF7ACFD78
:1025C0000DEB060139208DF805408DF80650FFF718
:1025D000A3FD0DEB06013A208DF805408DF806505D
:1025E000FFF79AFD0DEB06013D208DF805408DF8B3
:1025F0000650FFF791FD0DEB06013E208DF805809A
:102600008DF80670FFF788FD0DEB060140208DF870
:1026100005408DF80650FFF77FFD0DEB06014120C8
:102620008DF805408DF80650FFF776FD0DEB06019D
:1026300042208DF805408DF80650FFF76DFD0DEB3B
:10264000060143208DF805408DF80650FFF764FD24
:102650000DEB06014C208DF805408DF80650FFF774
:102660005BFD3A4B3A4C1A6822F007021A601A686E
:1026700022F0380242EA09021A601A6822F0C00207
:102680001A605A6822F003025A609A6822F0030224
:102690009A60DA6822F49F6222F00702DA601A690F
:1026A00022F002021A615A6922F0050232435A618D
:1026B0005A6922F002025A619A6922F002029A6172
:1026C0009A6922F001029A619A6D22F001029A65DC
:1026D000DA6D22F00102DA651A6E22F001021A6642
:1026E0005A6E22F001025A669A6E22F001029A6630
:1026F000DA6E22F00102DA662368164AC3F3022377
:10270000D05C03F0CDFF2368DBB22B449842B0FBD2
:10271000F3F215D2104B40F6C501104A10481BF0D9
:1027200051F9536923F000535361536823F4F8536C
:1027300043F4A85353600B4A9368002BFCDA2BE553
:10274000094B1A6003B0BDE8F08300BF00400E40A3
:102750000000CC40481A020012170200121A0200B0
:10276000171702000080CA4004800020FFF7EEBC6B
:10277000104642B100231373536833B11B6823B171
:102780000A4602211847032070470120704710466F
:1027900042B100235373536833B11B6823B10A4617
:1027A0000121184703207047012070472DE9F043AD
:1027B000044687B018B9012007B0BDE8F083837BD9
:1027C000002BF8D04268926851799942F3D303F113
:1027D000005312680C2740F6024C013B02EBC30683
:1027E00012F8335000239D42E5D907FB03F27068CD
:1027F0008118825A62453BD10D7A00239D422DD823
:102800000026CB782374002ED5D000250120DFF8D8
:1028100070802F46DFF86C90A6603379AB42CBD93D
:102820000623B2688DF808706B43D118D25C8DF81E
:102830000620D2094B88ADF804304B788DF807306C
:1028400018D0022B02D12773CDF80C9003AA01A94E
:1028500020680135049408F033F8DEE71A0148686F
:1028600000EB0316805CE27B9042CAD00133C5E7DF
:102870000133B8E7022B04BF6773CDF80C80E5E79E
:102880008F27000071270000836870B5044693B15C
:10289000002501200626A3681A79954202D3002359
:1028A000A36070BD9A6806FB05F320680135D15C12
:1028B00008F025F8EFE70120F3E7000070B50A4CB7
:1028C0000E46154623685BB9214601F00FFD30B96D
:1028D00023683BB14FF47F436660E3812C6070BD99
:1028E0000220FCE70320FAE70000002010B50446B0
:1028F00030B1FFF7C9FF0023C4E90033E38110BD05
:102900000320FCE77FB504461546002A60D0002866
:102910005ED0CBB2013B032B54D8DFE803F01E029C
:10292000064000238373012414E04368002BFAD08F
:102930002A78837B9A42F6D0FFF7A6FF2B782046B1
:10294000A3730023E373FFF731FF044610B121485E
:1029500007F022FD204604B070BD2B68227C197957
:1029600098889142DFD12E1DADF808005888009656
:1029700005F10806ADF80A00287B01968DF80C00D9
:102980005B78222B07D163686A460B2120461B68BF
:1029900098470446DEE7104807F0FEFCC3E74368AB
:1029A000002BC0D02D88037CB3EB152FBBD1EDB22B
:1029B000C37BAB42B7D0FFF767FF2046E573FFF755
:1029C000F5FEE6E70A460548054907F0E5FCAAE7F3
:1029D0000324BFE7D81C0200F21C0200241D0200E1
:1029E000371D020038B5044648B1057B4DB90120BA
:1029F0002073206807F050FF00B1257338BD032015
:102A0000FCE70220FAE738B5044648B1457B4DB9EA
:102A100001206073206807F045FF00B1657338BD81
:102A20000320FCE70220FAE72DE9F04390F8943008
:102A300087B004461BB9012007B0BDE8F0834268A7
:102A4000926851799942F6D31268002AF3D003F1C3
:102A500000530C27013B02EBC30612F8335000234E
:102A60009D42E8D907FB03F270688118825C082A4E
:102A70002CD10D7A00239D421DD80027CB7884F8F5
:102A80009530002FD7D000260120DFF88C80354606
:102A9000DFF88890A7603B79B34219D80123E5603D
:102AA000C4F88450C4F8883084F88C5084F88F506F
:102AB00084F89650C0E71A01486800EB0317805C61
:102AC00094F893209042D9D00133D4E70133C7E77B
:102AD0000623B9688DF8085073430136CA18107977
:102AE0008DF80900CB5C20688DF806305188ADF870
:102AF000041001A9527804948DF80720DA0903AA7A
:102B000015BF84F8913084F89230CDF80C90CDF850
:102B10000C8007F0D5FEBEE72D310000712F0000BC
:102B2000836870B5044693B1002501200626A3688A
:102B30001A79954202D30023A36070BD9A6806FB00
:102B400005F320680135D15C07F0D9FEEFE70120DD
:102B5000F3E70000F8B5214C0F4616462568002D16
:102B60003AD104F198032146A36104F1B803E3616B
:102B700004F1C803236204F1DC03E36304F1E4031A
:102B8000236404F1F003236501F0B0FB30B184F855
:102B9000945084F89350C4E90055F8BD236833B9C4
:102BA000606084F8940084F893000320F5E7FF2325
:102BB000702284F8940084F89330236A606167601F
:102BC0001A700A229870DA711873587384F88D009D
:102BD00084F88E003460E0E70220DEE71400002075
:102BE00010B5044648B1FFF79BFF0023C4E900334A
:102BF00084F8943084F8933010BD0320FCE7F0B5DE
:102C000004468FB01646002A00F06F81002800F0BD
:102C10006C81C9B20139052900F26B81DFE811F03E
:102C200034010600430067008C00BC00002301AAA9
:102C3000052180F8943043681B689847019B05463E
:102C4000002B00F05481013B01AE4FF0010C04F168
:102C5000440E84F89030B3681BB373680BB3331D14
:102C60000EEB0C170FCB87E80F0094F890205FFA5B
:102C70008CF39A4205D30CF1010C1036BCF1040F11
:102C8000E9D1226A702313700A23D3710023937051
:102C90001373537384F88D3084F88E3028460FB048
:102CA000F0BD0125E1E74368002B00F0228190F898
:102CB000943012789A4200F005810BB1FFF730FF93
:102CC0003378204684F89430002384F89330FFF75B
:102CD000ABFE05460028E1D11F23A26994F89210AB
:102CE000206807F0DFFD012384F88D30D6E74368C4
:102CF000002B00F0FE80168890F89530B3EB162F6D
:102D000040F0F780F6B290F89330B34200F0DA80EA
:102D1000FFF706FF2046FFF787FE054648B91F2349
:102D2000A26994F89210206807F0BCFD012384F892
:102D30008D3084F89360B1E74368002B00F0D980B0
:102D40008368002B00F0D58090F886307BB911782D
:102D500090F891200120914207D184F8860084F8F0
:102D60008E302068317807F001FE054600E001252D
:102D700094F88730002B91D1317894F892209142C9
:102D80008CD1012284F88D30206884F88720317836
:102D900007F0ECFD054681E74368002B00F0A980B1
:102DA0008368002B00F0A58090F88950012D3FF436
:102DB00075AF90F88650012D40D1127890F891307F
:102DC0009A4209D1002380F8863080F88E3000685E
:102DD000317807F0DCFD054694F88730012B0ED1E1
:102DE000327894F892309A4209D10023206884F80E
:102DF000873084F88D30317807F0C9FD054694F8A6
:102E00008F30023B012B29D894F88A30012B17D13F
:102E1000B4F88630002B7FF441AF94F88D20206801
:102E2000012A94F8921084F88A3025D184F88D30E4
:102E300007F03CFD002384F88F302FE70125CBE716
:102E400094F88E302068012B94F891100CD184F8FE
:102E5000963007F02BFD002384F88F3094F88A30E9
:102E6000012B7FF41BAFD3E70D23E26907F014FDBC
:102E7000012384F88E30EEE71F23A26907F012FDCC
:102E8000012384F88D30D5E713681A7802F01F0506
:102E9000012D2ED190F89500197988427FF4FEAE6D
:102EA0005978FE2903D0FF290ED00525F6E659886A
:102EB0000029FAD1DB88012BF7D11206F5D5903421
:102EC000C6E901450025E9E659880029EDD1DB88EE
:102ED000002BEAD11306E8D440F20112A4F888507E
:102EE00084F88A50A4F88620ECE70325D6E604256A
:102EF000D4E60125D2E630B5036985B00025044645
:102F00000093836902955A7BC36800EB02118DF828
:102F10000C20B3F5803F6A46C96D28BF4FF480335B
:102F20008B4294BF01930191042143681B68984729
:102F3000A36922695B7B94F8911004EB03135B6D2A
:102F40009A4206D22068DDE9013207F0A5FC05B0FF
:102F500030BD0123206884F88B5084F8863002232A
:102F600084F8855084F88F3007F000FD2846EEE79E
:102F70007FB54B6814460E465A1C2CD194F8853008
:102F8000A3B163681D688DB1A269D37B03F07F0391
:102F9000282B0BD1002309682046029101210193BF
:102FA0000093537B6A468DF80C30A84794F89650EE
:102FB000012D03D00125284604B070BD0023E2692D
:102FC00094F8911084F896300D23206807F064FC83
:102FD000A4F88E50EFE7E26894F88B5093429CBFC0
:102FE000D21AE260012D0CD1002394F891102068D0
:102FF00084F88B3084F8865084F8853007F0B6FC6E
:10300000D9E794F88520BAB90D2BD3D10B6819688C
:10301000264B9942CED1012584F88E201F23A26928
:1030200094F89210206884F8885007F03BFC84F8EC
:103030008D50C0E701252AE062681568002DB9D0DF
:1030400001933368029323690093A3695A7B8DF837
:103050000C20DB7B03F07F03282B03D16A46012180
:103060002046A847E368002BE4D0A36920465A7B9A
:10307000736804EB0212926DB3FBF2F223691344FE
:103080002361FFF738FFE3680546002B93D1002347
:10309000E26994F8911084F885300123206884F85F
:1030A0008E300D2307F0F8FB85E700BF55534253E0
:1030B00030B5036985B00025044600938369029505
:1030C0005A7BC36800EB02118DF80C20B3F5803FEA
:1030D0006A46096E28BF4FF480338B4294BF019338
:1030E0000191032143681B689847A36922695B7BB0
:1030F00094F8921004EB03135B6D9A4206D2206899
:10310000DDE9013207F0CEFB05B030BD01232068B8
:1031100084F88C5084F88730022384F8845084F833
:103120008F3007F023FC2846EEE700007FB51446F9
:103130004A680E46531C2CD194F88430A3B16368BE
:103140001D688DB1A269D37B03F07F032A2B0BD1BD
:103150000023096820460291022101930093537BCA
:103160006A468DF80C30A84794F88D50002D40F039
:10317000AB81B4F886304BB91F23A26994F8921042
:10318000206807F08FFB012384F88D30284604B0B7
:1031900070BDE3689A429CBF9B1AE360A369DB7B26
:1031A00003F0BF03152B06D163681B681BB1002217
:1031B0000B212046984794F88C30012B0CD1002528
:1031C00094F89210206884F8873084F88450A4F82A
:1031D0008C5007F0CBFBD9E794F88450002D37D002
:1031E000736801933368029323690093A3695A7B40
:1031F0008DF80C2062681568CDB1DB7B03F07F038E
:103200002A2B03D16A4602212046A847E5688DB1E2
:10321000A36920465A7B736804EB0212926DB3FBDC
:10322000F2F2236913442361FFF742FF0546E36886
:10323000002BABD1002384F884300D23E26994F88D
:103240009110206807F028FB012384F88E309DE759
:1032500094F88830002B00F01E8173681F2B40F01B
:103260001A81A369994A1968914240F014815E7BE2
:1032700016F0F00F40F00F81997B11F0E00240F062
:103280000A8194F890000130864280F0048101396F
:103290000F2900F20081E1698D4884F88D20E260F9
:1032A000086058688A60486084F8882093F90C00A8
:1032B0009E680028197B02DB321E18BF01220028FD
:1032C00084F8842008DA3EB1012094F8862084F83E
:1032D000850022B1054659E7002284F88520DB7B72
:1032E000032B04D0226A0020907010735073CA0917
:1032F0002F2B666284F8392050D8112B0CD8032B61
:1033000000F09480042B00F09D80002B00F0928050
:10331000204600F039FC57E0123B1D2BF8D801A2E3
:1033200052F823F0C33300001133000011330000C2
:103330005534000011330000113300001133000038
:1033400011330000AB33000075340000113300006E
:10335000653400003D3400001133000011330000DB
:1033600011330000113300005D3400001133000000
:103370004D340000113300001133000025340000EB
:1033800011330000BB330000113300001133000083
:1033900011330000113300006D3400009E2B55D016
:1033A00007D8552B56D05A2BB2D1204600F054FAEC
:1033B0000AE0A82B36D0AA2BAAD1204600F0FCF9AF
:1033C00002E0204600F0AFF9236A05469B7843B13E
:1033D000E3691A7B2AB9A269D27B032A1CBF0122A6
:1033E0001A73052D0ED194F88430012B46D194F830
:1033F00087200AB984F88C30002384F884300223B3
:1034000084F88F3094F88430002B7FF4BFAE94F8AA
:103410008530002B7FF4BAAE94F88B30002B7FF40C
:10342000B5AE0AE7204600F0A2F9CDE7204600F04D
:1034300059F9C9E7204600F0E4F9C5E7204600F055
:103440003CFBC1E7204600F019FBBDE7204600F039
:1034500053FAB9E7204600F023FAB5E7204600F01A
:1034600093FAB1E7204600F049FBADE7204600F0B3
:10347000E9F9A9E7204600F062FBA5E794F885305A
:10348000012BBCD194F886200AB984F88B30002334
:1034900084F88530B3E794F89210206807F066FA54
:1034A00094F89110206807F061FA002384F88D30B9
:1034B000012384F88F3040F20113A4F886304FF4D2
:1034C0008073A4F8883061E600255FE655534243D7
:1034D0005553425330B484690129647B00EB0414D2
:1034E000A56D5468126804FB05F40261C46002D142
:1034F00030BCFFF700BD30BCFFF7DABDD0E90932C0
:1035000070B504464BB9C1698B6012B910460A7395
:1035100070BD022218460A73FAE790F839100029A4
:103520006ED0C56942B9AB60134694F89110E26A57
:10353000206807F0B1F90FE090F83A10002954D054
:10354000934290F8381013D99B1A0129AB60EBD144
:1035500000F13002FFF7BEFFE36908B918735CE0C1
:1035600001221A730322236A9A7011221A7354E0FB
:103570004FF00002AA6010D1012907D100F13002FA
:10358000FFF7A8FFE36940BB1873C1E7C26A90F870
:103590009110006807F080F9F4E7012916D18269DB
:1035A000527B00EB0212966DB3FBF6F206FB123370
:1035B000426300F13002AB60FFF78CFFE36960B952
:1035C00094F83820012ADFD102220CE0C26A90F878
:1035D0009110006807F060F9F0E701221A730322E6
:1035E000236A9A7011221A7392E7C26AAB600B4683
:1035F00090F89110006807F04FF9E3690222B5E7EF
:103600006AB990F89210006807F0B0F9636AE2694D
:1036100093600123137384F88730052078E790F8CE
:103620003A1059B190F89210006807F09FF9E369D9
:10363000626A9A6002221A730123ECE79342C56919
:1036400090F8386019D99B1A012EAB600DD100F1AA
:103650003002FFF73FFFE36900283FF47FAF01220C
:103660001A730322236A9A7080E7134690F8921027
:10367000C26A006807F016F9EDE7A96016D1012EBD
:103680000DD100F13002FFF725FFE36900283FF478
:103690007BAF01221A73236A03229A70A3E7C26ADE
:1036A00090F89210006807F0FDF8EEE7012E12D1B5
:1036B0008269527B00EB0212966DB3FBF6F206FBB9
:1036C0001233426300F13002AB60FFF703FF0028C2
:1036D000E1D1E36974E7C26A90F89210006807F0DC
:1036E000E1F8F4E710B5036A86B0044604938369F1
:1036F00003F10F025B7B8DF81430436801921B6865
:1037000013B101AA0F21984712232046A362012377
:1037100084F83A30236AE362002384F83830FFF7F4
:10372000EDFE06B010BD10B5036A86B004460493E2
:10373000836903F10F025B7B8DF8143043680192BB
:1037400000221B68CDE9022213B101AA0821984783
:10375000029B2046A362012384F83A30039BE36274
:10376000002384F83830FFF7C9FE06B010BD826927
:1037700010B4D37BD2F81110282B09BA15D1D38AF3
:103780005BBA9BB2012480F83A40527B00EB0212F4
:10379000926D80F838405A435DF8044B82620022F3
:1037A000C0E90C13C262FFF7A9BEA82B0ABFD2F86A
:1037B000153000231BBAE5E7826910B4D37B0024DF
:1037C000D2F811102A2B09BA14D1D38A5BBA9BB252
:1037D00080F83A40527B00EB0212926D5A43C0E9E6
:1037E0000A24012280F838205DF8044BC0E90C134C
:1037F000FFF784BEAA2B0ABFD2F8153023461BBAA6
:10380000E6E730B5036A87B004460493836903F1A1
:103810000F025B7B019201228DF81430002380F8A7
:103820003A208362C36280F83830FFF767FE63682E
:1038300005461B681BB101AA072120469847284668
:1038400007B030BD00220121826280F83A10C262C6
:1038500080F83820FFF752BE10B5036A86B00446E0
:103860000493836903F10F025B7B8DF81430436886
:10387000019200221B68CDE9022213B101AA09219D
:103880009847029B2046A362012384F83A30039BA9
:10389000E362002384F83830FFF730FE06B010BD35
:1038A00010B5036A86B004460493836903F10F02DE
:1038B0005B7B8DF814304368019200221B68CDE9D0
:1038C000022213B101AA0A219847029B2046039ABB
:1038D000A3620023E26284F83A3084F83830FFF7BC
:1038E0000DFEA3691B7CDB0704D5236A05229A70B1
:1038F00024221A7306B010BD836930B585B05D7B94
:10390000002304468DF80C50CDE9013343681B6851
:1039100013B101AA1021984794F89030AB423FBFF1
:10392000236A052200259A70029931B1019B13B3D5
:1039300004EB0515C5E915310821A069437BC07B5F
:103940000533252804EB03135A68A16202F1FF3204
:1039500012BA12D1E16B0A609B681BBA4B6001235B
:103960002046E16284F83A30002384F83830FFF7CB
:10397000C5FD05B030BD1946DFE7216C4A609B6884
:103980001BBA8B60EBE7000070B53B4B044688B078
:103990001868A36900905D7B0023CDE90533636857
:1039A0008DF81C501B681BB105AA112120469847B1
:1039B00094F89030AB423FBF236A052200259A70ED
:1039C000069B2BB1059A1AB104EB0515C5E9152321
:1039D000A36994F84C50997DDA7D42EA0121002DCB
:1039E00048D06269002A14BF022003205B7B002DAF
:1039F0004FEAC00503F105038DF8035004EB0313F0
:103A00005A689E6812BA33BA0392049314BF4FF0F7
:103A100000734FF0807301920C22334302EBC0021B
:103A20001BBA8A42029328BF0A46236D9DF80010F4
:103A300019709DF80110236D59709DF80210236DC7
:103A4000997001A9236DDD70042311F8015B206DCD
:103A5000C55401330C2BF8D101232046A26284F80F
:103A60003A30236DE362002384F83830FFF746FDD7
:103A700008B070BD2846B9E72814020070B50025CB
:103A800001260446856280F83A60C56280F83850A5
:103A9000FFF734FDE3691A7B022A0DD0A269127C7C
:103AA00002F01F02172A1DBF05221E73236A1D7311
:103AB0001EBF9A7024221A7370BD30B5036A87B096
:103AC00004460493836903F10F025B7B0192012298
:103AD0008DF81430002380F83A208362C36280F8A6
:103AE0003830FFF70BFD636805461B681BB101AA60
:103AF0000C2120469847284607B030BD30B5036AF0
:103B000087B004460493836903F10F025B7B019243
:103B100001228DF81430002380F83A208362C362BA
:103B200080F83830FFF7EAFC636805461B681BB174
:103B300001AA0D2120469847284607B030BD30B570
:103B4000036A87B004460493836903F10F025B7B29
:103B5000019201228DF81430002380F83A2083620C
:103B6000C36280F83830FFF7C9FCE36905461B7B68
:103B7000022B06D063681B681BB101AA0E212046E8
:103B80009847284607B030BD10B4C169002201240F
:103B90008A600C730521036A8262997020215A732E
:103BA00019735DF8044BFFF7A9BC000010B50E4C6B
:103BB0000E4BD4F8002FC2F30222134493F8F00006
:103BC00002F06EFDD4F8003F0246DBB201339A42A8
:103BD000B0FBF3F006D2064B40F6C501054A064895
:103BE00019F0F0FE10BD00BF0000CC402F1E0200F7
:103BF00012170200081E02001717020010B5FFF787
:103C0000D5FF012203464FF4E1310620BDE8104004
:103C100006F09EBA984B99495A69084612F4003F3B
:103C20002DE9F041964D2E460ED0BFF34F8FBFF3D6
:103C30006F8F5A6922F400325A610022C3F8502271
:103C4000BFF34F8FBFF36F8F8B4A5369DB0324D5CC
:103C50000023C2F88430BFF34F8F536923F48033BD
:103C60005361BFF34F8FD2F8803043F6E07CC3F34B
:103C7000C907C3F34E335B0103EA0C083C4648EA2C
:103C8000847E013CC2F874E2F9D2203B13F1200F8C
:103C9000F2D1BFF34F8FBFF36F8FBFF35F8F764AC1
:103CA000536A23F480335362764B5A6822F0010240
:103CB0005A60BFF34F8FBFF36F8F1022724CDA60E0
:103CC000724A1A61724ADA60724A1A61DC601A61D9
:103CD0001322714CDA60714A1A611422DA60704A58
:103CE0001A61DC601A616F4ADA606F4A1A616F4AC2
:103CF000DA606F4A1A616F4ADA606F4A1A616F4A76
:103D0000DA606F4A1A61002225FA02F4012C0CD8FD
:103D10004AB36C4CB4FBF5F705FB17453DB16A4B54
:103D2000B1216A4A6A4819F04DFE0132ECE70125DB
:103D30009540B54203D0674BB221644AF2E7042AAA
:103D400003D8654BB321614AECE7013A24F01F0424
:103D5000520044F01A0402F03E02DC6042F042726B
:103D600042F001021A615D4A5D4CDA605D4A1A61F7
:103D70005D4ADA605D4A1A615D4ADA605D4A1A613D
:103D8000DC601A61002221FA02F4012C0AD82AB35D
:103D9000594CB4FBF1F501FB154129B1574BD52125
:103DA0004A4ABFE70132EEE701219140814203D048
:103DB000534BD621454AB5E7042A03D8464BD721B1
:103DC000424AAFE7013A44F01F045200DC6002F0BF
:103DD0003E0242F0447242F001021A61BFF35F8F6B
:103DE00005225A60244B5A6A42F480325A62BFF369
:103DF0004F8FBFF36F8F5A6912F4803223D1C3F80B
:103E00008420BFF34F8FD3F8802043F6E074C2F3D1
:103E1000C900C2F34E32520102EA0406014646EAE4
:103E200081750139C3F86052F9D2203A12F1200F9E
:103E3000F2D1BFF34F8F5A6942F480325A61BFF317
:103E40004F8FBFF36F8F0C4B5A6912F4003211D1B0
:103E5000BFF34F8FBFF36F8FC3F85022BFF34F8F65
:103E6000BFF36F8F5A6942F400325A61BFF34F8F2C
:103E7000BFF36F8FBDE8F08100ED00E0002000008F
:103E80000080000090ED00E0120000603F00100094
:103E90001100008039001003150000203B001003C2
:103EA00023000303160020202700030317003020FF
:103EB00025000303180000302F00030619000080BE
:103EC00033000303000000204D1D02001F1E0200EE
:103ED000651D02009D1D0200B81D02001B00004070
:103EE0001E0080412F0010031C0000412900100318
:103EF0001D0040412700100300002C20BF1D0200C0
:103F0000E31D0200C64A46F22063D158C9072DE9D5
:103F1000F0410BD40121D150BFF34F8FBFF36F8F0E
:103F200002F5CC4230321368DB07FCD50A22BD4BC8
:103F3000052402251A60042143F8042C012043F8CB
:103F4000082C4FF00C0C43F80C2C1527B64BB74E31
:103F50001C601D6443F8044CDD63B54BDFF80CE3D3
:103F60001960C3F8F0030023DFF804833360B14E17
:103F700037600327C6F840C0A6F50B26A6F6EC76F8
:103F80003260C6F840C046F8200C376246F81C0C78
:103F9000C6F894307762A84E3060C6F8FC520E44E2
:103FA0003060C6F8E4520E443060C6F8E4520E4465
:103FB0003060C6F8E4520E443060C6F8E4520E4455
:103FC0003060C6F8E4520E443060F83EC6F8FC009B
:103FD000C6F80001C6F80401C6F80801C6F80C01CD
:103FE000C6F8E45335607560C6F8C403443E3260D9
:103FF00072603266C6F84412C6F84812C6F8A45277
:104000001026CEF80060CEF87830CEF80460CEF8F6
:1040100074304FF0200EC8F800E0C8F804E0DFF874
:1040200054E2CEF80030CEF8B4348E44CEF80030EE
:104030000EF5107ECEF86C32CEF80050CEF804505B
:10404000AEF5407ECEF80070CEF804700E27CEF8A4
:104050004472CEF848720EF58E7E784F3960A7F51F
:10406000BA77C7F87811C7F8B833C7F8BC33243724
:1040700047F8243C47F8203C47F81C3C47F8183CDC
:1040800047F8143C47F8103C47F80C3C47F8083C0C
:1040900047F8043C3B607B60BB60FB603B617B613D
:1040A000BB61FB613B627B62BB62FB623B637B6328
:1040B000BB63FB6340373B607B60BB60FB603B6185
:1040C0007B61BB61FB613B627B62BB62FB623B630A
:1040D0007B63BE63C7F88C301127CEF80070CEF832
:1040E0000470CEF8A8030EF1080ECEF80070CEF8DA
:1040F00080038E44CEF80070CEF880038E44CEF854
:104100000070CEF880038E44CEF800704C4F3860BB
:104110004C484D4F0260A0F53D70C0F8F822C0F841
:10412000FC22C0F80023C0F80423C0F80823026072
:1041300040F8342C40F8202C3C60444F39607960C2
:10414000B960F96039617961B961F961396279629F
:1041500047F8041C47F8081C40F8202CC0F8806081
:10416000C0F88460C0F88860C0F88C60C0F89060C7
:10417000C0F894608267C0F81421C0F81021344858
:10418000046034480260C0F8B420C0F8B82012229D
:10419000C0F8A420C0F8A8201322C0F8AC20C0F8B2
:1041A000B0202D4A1160903242F88CCC42F8881C25
:1041B00042F8841C42F8801C42F87C1C42F8983C6F
:1041C0005360136002F53A0202F53C421560234A3F
:1041D0001360C2F8B4C0C2F8B8C0C2F8A430C2F8C4
:1041E000A830C2F8AC30C2F8B0301D4B1C6043F8A8
:1041F0000C4C1C4B1C605C6043F8684C43F8644CEE
:1042000043F8D44C43F8D04C43F87C4C43F8804CF2
:10421000154B1C60DC601C615C61BDE8F08100BF77
:104220000000CC40F8800E401840C94058830E4032
:1042300014810E400C40C940E4810E4084810E4040
:1042400060850E4010840E402040C94044810E40DD
:104250003040C94098810E40E0830E40DC830E4020
:104260002480C0408C810E401C80C0401080C04023
:104270005080C0406C810E40FFF744BE73B50024EF
:10428000064601A80D460194FDF7D3FA074B1A68BC
:10429000964206D101982B60FDF7DCFA204602B069
:1042A00070BD0198FDF7D6FA0420F8E72801002038
:1042B00037B50024054601A80194FDF7BAFA0A4B68
:1042C0001A685AB19A7BAA4208D101989C73C3E933
:1042D0000044FDF7BFFA204603B030BD0198FDF75A
:1042E000B9FA0420F8E700BF2801002073B50024C4
:1042F000064601A80D460194FDF79BFA084A13688B
:104300004BB1927BB24206D101982B60FDF7A2FA25
:10431000204602B070BD0198FDF79CFA0420F8E732
:10432000280100202DE9F7430F46154622B9042342
:10433000184603B0BDE8F08301A9FFF79FFF0028EE
:10434000F5D1044601264FF00C08DFF85890019B88
:10435000E0B25B681A7A824201D83346E8E71B680C
:1043600008FB003083681B79012B15D0022B15D078
:10437000032B15D0042B0DD1032309EB03132A467D
:10438000394640689B68984705280346D0D00028E6
:1043900008BF00260134DAE70023EEE70123ECE74B
:1043A0000223EAE7A820020073B50D4601A90446DE
:1043B0001646FFF763FF88B9012D08D10199204601
:1043C0000BF0A0FD019A02212046FFF7ABFF019BF5
:1043D0003246294620465B685B68984702B070BD4C
:1043E0002DE9F74F07460C469046002A5DD000297C
:1043F0005BD04B68002B58D0002301A80193FDF738
:1044000018FA2B4B01981E681D461EB39B7BBB42BE
:1044100020D10124FDF71EFA204603B0BDE8F08F3D
:10442000DFF89490AF73C5F80890FDF713FA6C604D
:10443000A9F110021F49384606F0BAF9044678B9C6
:104440006B685FFA86F91B7A4B4510D82B68C8F861
:104450000030E1E7002EE3D00224FDF7FBF9DBE7B3
:10446000286806F084F93846FFF722FFD4E70C23CA
:10447000DFF848A04FF0000B03FB09F96B681968DF
:1044800049448B681A799AF80C309A4204D1DAF8C8
:1044900000300A1D384698470BF1010B0AF1100A4B
:1044A000BBF1050FEAD10136CAE70424B4E700BF27
:1044B00028010020A943000038010020A8200200A4
:1044C00070B586B00B78012506468DF80C300223B6
:1044D0000C4602928DF80D3040F201130595ADF8AF
:1044E0000E3001AB049302A9304603F065FB58B9C6
:1044F0006388A18805FA03F3019A39B1934314BF85
:1045000001230023002BEED106B070BD1342F6E765
:1045100070B51E4686B00B7801250C4602A98DF8B1
:104520000C30022302928DF80D3040F209130595EC
:10453000ADF80E3001AB049303F03EFB38B9A3682D
:10454000019A1340E268934208BF0546357006B0F1
:1045500070BD7FB500238DF80C1002A9CDE90133A1
:1045600003238DF80D304FF48673ADF80E3001AB98
:1045700004930123059303F01FFB07B05DF804FBD0
:10458000F8B50D46064628B9324B9121324A3348D8
:1045900019F018FA19B9324B92212F4AF7E704683B
:1045A00004220021284619F043FD2E4B706804F1C7
:1045B0003C07218E28605980618EEB619980616B88
:1045C00094F820209960A16B1A70D960214603F0FD
:1045D000ABF94FF480720021384619F029FD40F202
:1045E0000641214A214BE1662149DFF898E0C4F8F1
:1045F0008C104FF401517068C4E90F2342F201435B
:104600001C4AC4E927E1C4E91323C4E933231A4946
:104610001A4AC4F8DC100331C4E91723184A4FF4CE
:104620000053C4F8BC100021C4E93F2340233A469C
:1046300003F0FCF973681A6842F001021A60186806
:1046400010F00100FBD1636AAB60A36AEB60E36A20
:104650002B61F8BDDC21020056210200F820020087
:10466000CD210200ECBE00200304100C0830802491
:10467000D80418080F04C004100418089F0400048C
:104680001F04A0040204100C2DE9F0439046826838
:1046900087B0C66951431F46002396F800904D002D
:1046A00004468DF80D304FF4847302A9006802951A
:1046B0008DF80C90ADF80E3003F07EFA10BB2A4650
:1046C00031462068FFF7FCFEE0B9022302A920680A
:1046D0008DF80D304FF4807302958DF80C90ADF885
:1046E0000E30CDE9048703F067FA58B90DF10703DE
:1046F0002A4631462068FFF70BFF18B99DF80700DE
:1047000080F0010007B0BDE8F0832DE9F043914649
:1047100087B0C66998460023044637788DF80D3077
:1047200040F203138DF80C70ADF80E30D0E902257D
:1047300000682A4401FB02F502A9029503F03CFA45
:1047400080BB032302A920688DF80D304FF48373DA
:1047500002958DF80C70ADF80E30CDE9049803F099
:104760002BFAF8B94FF485738DF80D0002A9206873
:1047700002958DF80C70ADF80E3003F01DFA88B973
:104780002A4631462068FFF79BFE58B90DF1070312
:104790002A4631462068FFF7BBFE18B99DF807008E
:1047A00080F0010007B0BDE8F083F0B5836885B004
:1047B000C66904465943056937784D430068394650
:1047C000FFF7C7FE00236D0069468DF8053040F203
:1047D0000313206800958DF80470ADF8063003F0DF
:1047E000EBF990B940F205138DF805006946206891
:1047F00000958DF80470ADF8063003F0DDF920B9AE
:104800002A4631462068FFF75BFE05B0F0BD10B5C3
:10481000EFF3108472B6438902890BB19A420ED02D
:1048200052B901600023013248600B60416002818F
:10483000184684F3108810BD43681960F2E743F20C
:104840007A70F6E7EFF3108172B660B103896BB14D
:10485000013B02689BB2038103B9436000235360AC
:1048600013680360104681F3108870471846FAE712
:104870000068704710B50446C430FFF7F9FF50B127
:10488000A378012B07D1C268816804F10C00BDE850
:10489000104000F05FBB43F2215010BDF7B5054654
:1048A000FFF7E8FF002705F1D0063046FFF7E0FFED
:1048B0000446C4B9EFF3108272B66B6882F31088B5
:1048C0007BB19A686AB11869D968884209D30092A5
:1048D0009C601A69DC6901921CB1DA8A6946186A1F
:1048E000A04703B0F0BD3046FFF7ACFFA368A76058
:1048F000009323690193E3691BB1E28A6946206A48
:1049000098473046FFF7B4FF0446D2E731B18378C9
:10491000012B03D100210C3000F033BB43F22150B6
:1049200070472DE9F0470D46044600B9FEE701B98E
:10493000FEE7EFF3108772B64A68D0F8BC30D0F8C3
:10494000B81013448B4280F09080D0F8BC3043F212
:104950002358D0F8B4002968184419F041FBD4F862
:10496000BC306A681344C4F8BC3028E0D4F8BC20DA
:104970002E68501CC4F8BC00D4F8B400F65C865411
:10498000D4F8BC20D4F8B800824201D3C4F8BC10DB
:10499000D4F8BC60D4F8C02096420CD1D4F8C02022
:1049A0000132C4F8C020D4F8C020904201D8C4F825
:1049B000C01043F2265801336A689A42D6D8D4F818
:1049C000BC30D4F8B820D4F8C06013449B1BB3FBB0
:1049D000F2F602FB163663680BB363689B68F3B1AB
:1049E0006368DA6863681B699A420CD963680021BE
:1049F000DB688A46626812699B1AB34228BF334655
:104A00008B4237D8F61A6368DA6863681B699A4282
:104A100005D863681B7D002B51D162689360616883
:104A200032462046FFF772FF76B10023C5E9003613
:104A300063684BB16368DB6933B1636842466068A1
:104A40002946DB69006A9847228848F641739A42F2
:104A500007D1D4F8B82020466168013A921BFFF7CD
:104A600055FF87F31088BDE8F087002343F22358F1
:104A70001946A1E7D4F8C0E0D4F804906268D2F8EF
:104A800010C0D4F8B42012F80EE0D9F8082002F8CB
:104A90000CE0D4F8C020D4F8B8000132C4F8C0202B
:104AA000D4F804C0DCF810200132CCF81020D4F87F
:104AB000C020824201D3C4F8C0A00131A0E76368DE
:104AC00000222046DA82FFF7E9FEA8E72DE9F0414F
:104AD0000E461746054600B9FEE701B9FEE700F1AC
:104AE000C4084046FFF7C4FE0446B8B14046FFF78D
:104AF000A9FE2846FFF7BEFE7368E7822361237D87
:104B0000012B09D1214605F1D000FFF780FE284690
:104B1000BDE8F041FFF7C2BE0023A360BDE8F0810D
:104B2000704700002DE9F8431E46044600B9FEE731
:104B300001B9FEE702B9FEE7856905B9FEE7406AFB
:104B4000224B9842FDD1012E02D1E369002BFCD00B
:104B5000EFF3108872B6A3682BB188F3108843F284
:104B60002250BDE8F88305F1C409E260A160236129
:104B700048462675FFF77CFE214607464846FFF764
:104B800046FE88F3108847B12EB905F10C06E2689D
:104B900023699A4207D80020E3E72846FFF76AFE18
:104BA0000028F1D0DDE7EFF305835BB1EFF3108769
:104BB00072B6AB78012B02D1304600F0F8F987F3DA
:104BC0001088E4E70120FFF7ABFFE0E75457BBAAEA
:104BD000704700002DE9F341089D0E461F4604462C
:104BE00000B9FEE701B9FEE702B9FEE7806900B946
:104BF000FEE7616A514B9942FDD1012F02D1E36971
:104C0000002BFCD0EFF3108872B6A16831B188F3A5
:104C1000108843F2225002B0BDE8F081012AE26020
:104C2000A6602161277527D1D0F8BC20D0F8C0300C
:104C30009A4218D0D0F8C0202369D0F8B4C003F14C
:104C4000010EC4F810E01CF80220F254D0F8C03075
:104C50000133C0F8C030D0F8B830D0F8C0209A4244
:104C600001D3C0F8C010002D47D0236900202B606D
:104C7000A06088F31088CEE7D0F8B8E0D0F8BC3058
:104C8000D0F8C0C073442161A3EB0C03B3FBFEFC5E
:104C90000EFB1C338E469A4228BF1A462369934264
:104CA00011D3D0F8B830D0F8BC20D0F8C0101A44D6
:104CB000521AB2FBF3F103FB1122013B21469A1A6F
:104CC000FFF724FECFE7D0F8C030D0F8B410D4F806
:104CD00010C0CB5C06F80C30D0F8C030D0F8B8105B
:104CE0000133C0F8C030D0F8C0308B4201D3C0F8D7
:104CF000C0E0236901332361D0E72269E3689A4267
:104D000010D3A56088F31088012F0FD1E3690BB988
:104D1000002080E722696946206A01922A460096AF
:104D20009847F5E788F31088002FF1D1E2682369EE
:104D30009A42EDD90120FFF74BFFF7E74452AABB97
:104D400070B504460D4601B9FEE700B9FEE70B68F1
:104D500003B9FEE74B6803B9FEE74FF492720021F6
:104D600019F066F96B8923802B7AA370012B2A68CE
:104D7000C4F8B4206A68C4F8B82013D104F10C0652
:104D8000E968304600F0C4F8054648B922460749AC
:104D9000304600F000F922460549304600F001F99E
:104DA000284670BD43F22155FAE700BFCD4A000006
:104DB0002349000038B50D46044600B9FEE701B9A5
:104DC000FEE7EFF3108272B683680133836082F3EB
:104DD000108848F6417302889A4202D18861002007
:104DE00038BD2C220021284619F022F9014BAC6174
:104DF0006B62F4E75457BBAAF8B50C46054600B9F8
:104E0000FEE701B9FEE7028848F641739A4202D1F3
:104E100088610020F8BDEFF3108772B6466866B966
:104E200041602C223146204619F002F9044B3046ED
:104E3000A561636287F31088ECE743F22250F9E73B
:104E40004452AABB0123FFF76DBE002307B50093B0
:104E50000123FFF7BFFE03B05DF804FB10B500B9F6
:104E6000FEE7446A034B9C42FDD1C0E907120020D3
:104E700010BD00BF5457BBAA10B500B9FEE7446A85
:104E8000034B9C42FDD1C0E90712002010BD00BFBA
:104E90004452AABB13B5144602B9FEE742F6AC73FE
:104EA00099420FD1104600F027FA236F43B104F165
:104EB0007A026946606F00920122019200229847AF
:104EC00002B010BD42F6AB739942F9D192F86C3042
:104ED000002BF5D00022636E84F86C20002BEFD0FD
:104EE000E16DA06E0091216E01916946E7E7012214
:104EF00000F17A0110B580F87820044600F080F9BE
:104F000020B1002343F2215084F8783010BD000016
:104F100070B504460E4601B9FEE700B9FEE700F0A1
:104F2000C1F80546002DFDD1B37A22460849204636
:104F300084F8793000F046F994F87930012B04D1E7
:104F40002046BDE87040FFF7D2BF284670BD00BFC5
:104F5000954E000070B500B9FEE701B9FEE702B951
:104F6000FEE790F86C604EB90126C0E9171280F890
:104F70006C6000F083F90028FDD170BD43F222502F
:104F8000FBE700B9FEE790F87930012B01D1FFF77C
:104F9000AEBF0020704700B9FEE7C0E9191200203B
:104FA000704700B9FEE7C0E91C120020704700B945
:104FB000FEE700F0CBB90000354B70B553F8204048
:104FC00034B9344B40F24711334A344818F0FAFCF4
:104FD000334B53F82050284603F020FE8202064649
:104FE0002BD5284603F004FE830226D5E36823B3BD
:104FF000E1686269531C6361AB69180507D423F447
:10500000FD6323F005031B051B0D022B3CD1EB694F
:1050100003F07F038B54626923699A420DD34FF0EA
:105020000261284603F0C7FD0023E360636823B1F3
:10503000A26842F6AC712046984732021ED5284637
:1050400003F0D6FD030219D5A369BBB1A269236A97
:10505000591C2162D35CEB61226AE3699A420DD349
:105060004FF40001284603F0A6FD0023A361636806
:1050700023B1A26842F6AB712046984731462846D4
:10508000BDE8704003F0D6BDEB69DBB2C2E700BFFC
:10509000FCBE0020662102009A2202007921020053
:1050A0003423020070B50C4686B0054630B93A4B41
:1050B00040F21D21394A3A4818F084FC21B9394B95
:1050C00040F21E21354AF6E78B7B0C2B04D9364B78
:1050D00040F21F21314AEEE7344E56F8233023B90F
:1050E000334B4FF408712D4AE5E701A803F02CFD7E
:1050F0006368226801A90193237A8DF80830637AE6
:105100008DF80B30A37A003B18BF01238DF81530C2
:10511000E37A003B18BF01238DF81430237B003B5A
:1051200018BF01238DF80E30637B003B18BF0123AD
:105130008DF80F3040F20113ADF81230A37B56F812
:10514000230003F00FFCA0B9A37B1A492B70E27B6C
:105150006A70194A42F8235031F9132031F813309C
:10516000002A0ADA03F00F03144A1A4420231376A4
:1051700001E042F6AF7006B070BD114C2025A118B9
:1051800081F80053012103F01F03520901FA03F3D0
:1051900044F82230EFE700BFC5210200B22202002E
:1051A00079210200D4210200E3210200342302000D
:1051B0002C22020068230200FCBE0020FCEC00E070
:1051C00000E100E008B530B9094B40F23231094A3C
:1051D000094818F0F7FB4378012B04D1074B40F244
:1051E0003631044AF4E7C0E90112002008BD00BFCF
:1051F000C5210200BF2202007921020073220200B1
:1052000010B530B9164B4FF45071164A164818F0C5
:10521000D9FB21B9154B40F24131124AF6E722B9C8
:10522000134B40F242310F4AF0E74378012B04D18F
:10523000104B40F246310B4AE8E7C46864B902619A
:105240000D4B02784461C1604FF0026153F82200B7
:1052500003F098FC204610BD42F6AA70FBE700BFA1
:10526000C5210200D7220200792102005A22020041
:1052700067220200732202003423020010B530B905
:10528000164B40F25B31164A164818F09BFB21B9C9
:10529000154B4FF45771124AF6E722B9134B40F2FF
:1052A0005D310F4AF0E74378012B04D1104B40F2F7
:1052B00061310B4AE8E7846964B9C2610D4B027839
:1052C000046281614FF4000153F8220003F05AFC9C
:1052D000204610BD42F6A970FBE700BFC5210200C1
:1052E000F2220200792102005A2202006722020003
:1052F000732202003423020010B5044630B90E4B6D
:1053000040F292310D4A0E4818F05CFB4378012BB5
:1053100004D10C4B40F29631084AF4E7C3684BB114
:10532000094B4FF00261027853F8220003F043FC6E
:105330000023E360002010BDC52102000A23020003
:1053400079210200732202003423020008B530B92B
:10535000054B40F2DB31054A054818F033FB007875
:10536000BDE80840FFF728BEC52102001F23020048
:1053700079210200012008B5FFF71EFEBFF34F8F11
:1053800008BD022008B5FFF717FEBFF34F8F08BD19
:10539000032008B5FFF710FEBFF34F8F08BD0420B0
:1053A00008B5FFF709FEBFF34F8F08BD052008B50C
:1053B000FFF702FEBFF34F8F08BD062008B5FFF7C9
:1053C000FBFDBFF34F8F08BD072008B5FFF7F4FDC5
:1053D000BFF34F8F08BD082008B5FFF7EDFDBFF301
:1053E0004F8F08BD10B506281FD8DFE810F0070062
:1053F00036007800C00008014C017A01D048B1B1F4
:10540000D0F8201821F48031C0F82018D0F82018E6
:1054100021F0FF010A43C0F82028C0F83038D0F846
:10542000003583F48033C0F80035002014E0D0F854
:10543000203843F48033C0F82038D0F8203823F0E7
:10544000FF031A43C0F82028D0F8003583F48033D6
:10545000C0F80035D0F8400810BDB948F9B1D0F80F
:105460005048D0F8501804F4007421F48031C0F88A
:105470005018D0F8501821F0FF010A43C0F8502806
:10548000C0F86038D0F8503883F48073C0F85038D2
:10549000D0F8503803F400739C42F9D0C5E7D0F837
:1054A0005018D0F8503801F4007143F48033C0F83C
:1054B0005038D0F8503823F0FF031A43C0F8502872
:1054C000D0F8503883F48073C0F85038D0F8503892
:1054D00003F400739942F9D0D0F87008BCE79848FB
:1054E00029B3D0F88048D0F8801804F4007421F46F
:1054F0008031C0F88018D0F8801821F0FF010A43ED
:10550000C0F88028C0F89038D0F8803883F48073D1
:10551000C0F88038D0F8803803F400739C42F9D08A
:10552000D0F8803823F48033C0F880387DE7D0F895
:105530008018D0F8803801F4007143F48033C0F84B
:105540008038D0F8803823F0FF031A43C0F8802851
:10555000D0F8803883F48073C0F88038D0F8803871
:1055600003F400739942F9D0D0F8A00874E77448A6
:1055700029B3D0F8B048D0F8B01804F4007421F47E
:105580008031C0F8B018D0F8B01821F0FF010A43FC
:10559000C0F8B028C0F8C038D0F8B03883F48073B1
:1055A000C0F8B038D0F8B03803F400739C42F9D09A
:1055B000D0F8B03823F48033C0F8B03835E7D0F8ED
:1055C000B018D0F8B03801F4007143F48033C0F85B
:1055D000B038D0F8B03823F0FF031A43C0F8B02831
:1055E000D0F8B03883F48073C0F8B038D0F8B03851
:1055F00003F400739942F9D0D0F8D0082CE7504852
:1056000001B3D0F82049D0F8201904F4007421F433
:105610008031C0F82019D0F8201921F0FF010A4389
:10562000C0F82029C0F83039D0F8203983F48073CD
:10563000C0F820390346D3F8202902F400729442BE
:10564000F9D0F2E6D0F82019D0F8203901F4007131
:1056500043F48033C0F82039D0F8203923F0FF0319
:105660001A43C0F82029D0F8203983F48073C0F899
:1056700020390346D3F8202902F400729142F9D070
:10568000D3F84009E8E62E48A9B1D0F8E01821F493
:105690008031C0F8E018D0F8E01821F0FF010A438B
:1056A000C0F8E028C0F8F038D0F8003483F40043A4
:1056B000C0F80034B9E6D0F8E03843F48033C0F8DD
:1056C000E038D0F8E03823F0FF031A43C0F8E028B0
:1056D000D0F8003483F40043C0F80034D0F8100947
:1056E000BAE61748A9B1D0F8E01821F48031C0F823
:1056F000E018D0F8E01821F0FF010A43C0F8E028D4
:10570000C0F8F038D0F8703583F00103C0F8703578
:105710008BE6D0F8E03843F48033C0F8E038D0F8B6
:10572000E03823F0FF031A43C0F8E028D0F87035C2
:1057300083F00103C0F87035D0F800098CE600BF93
:105740000040C84013460A460121FFF74BBE002324
:105750000A461946FFF746BE2DE9F041DDF81880EC
:10576000144605460E4604FA08F41F46FFF7EFFFFD
:105770003146444004EA070242402846BDE8F04171
:10578000FFF7E0BF2DE9F041EFF3108572B64F4C03
:10579000636913F4803325D00023C4F88430BFF349
:1057A0004F8F636923F480336361BFF34F8FD4F865
:1057B000803043F6E07CC3F3C907C3F34E335B018B
:1057C00003EA0C083E4648EA867E013EC4F874E2CD
:1057D000F9D2203B13F1200FF2D1BFF34F8FBFF36B
:1057E0006F8F012359B93A4E3A4F34683F6847F8F2
:1057F0002420621C032A88BF0A4632600BE001297C
:1058000013D1354E354F34683F6847F824200134B2
:10581000032C16D83460BFF36F8FBFF34F8FB9B925
:1058200000F580300122C2611EE0022903D12C4E16
:105830002C4F3468E8E7032905D12B4E2B4F3468F1
:10584000E2E70022D9E785F310880420BDE8F08163
:10585000012906D0022935D0032905D100F5802081
:10586000E0E700F50030C16143B3184A536913F40F
:10587000803323D1C2F88430BFF34F8FD2F8803009
:1058800043F6E074C3F3C900C3F34E335B0103EA8C
:105890000407014647EA81760139C2F86062F9D20D
:1058A000203B13F1200FF2D1BFF34F8F536943F424
:1058B00080335361BFF34F8FBFF36F8F85F3108831
:1058C0000020C3E700F54030ACE700BF00ED00E08A
:1058D00040BF002030BF002044BF002034BF002064
:1058E00048BF002038BF00204CBF00203CBF002034
:1058F000094AC0B213684340D9070BD500F0010331
:105900001360BFF34F8FBFF36F8F103213684340A4
:10591000DB07FBD4704700BF0065CC4070B50B4E71
:1059200086B01822002104466D4618F081FB0FCE88
:105930000FC596E8030085E803006D460FCD0FC440
:1059400095E8030084E8030006B070BD2C14020043
:105950002DE9F04F85B004469B46574E04F5802A4A
:10596000564F04F54038DFF858C1DFF858E1CDE96B
:105970000212002210461146029B1B788BBB04F5D5
:105980008035ED6B9DB3EFF31082019272B6002B60
:105990003AD1DEF8002004F580301032C06B0028C8
:1059A0007ED04FF0000952F82900039D854263D153
:1059B00009F1010052F8200028B100F07F42B2F155
:1059C000405F18BF0120ABBBDEF80050012205EBA1
:1059D0008905C5E9043304F580335A6301220023A5
:1059E00052E0012B07D0022B08D0032B09D0BBF1CA
:1059F000010FC1D14EE004F50035C2E7D8F83C50A4
:105A0000C0E7DAF83C50BDE7012B05D1DCF80020F7
:105A100004F500301032C1E7022B04D13A68D8F8FF
:105A20003C001032BBE7032B40D13268DAF83C006F
:105A30001032B4E7012B09D1DCF8002002EB890217
:105A4000C2E9041104F500325363C7E7022B08D101
:105A50003B6803EB89090123C9E90411C8F8343014
:105A6000BCE7032BBAD1336803EB8903C3E9041104
:105A70000123CAF83430B1E709F10209B9F1080F7E
:105A800091D1002201231046019D85F31088BBF1BE
:105A9000010F07D10AB941F69C0005B0BDE8F08FAF
:105AA0000246EFE7002B7FF467AFF6E7BBF1010F8B
:105AB000F1D0042000225FE73CBF002038BF002067
:105AC00034BF002030BF0020F0B5C1B017460446F7
:105AD000E8220D4606A800211E4618F0A9FA144A2D
:105AE000144B012FCDE90023134A736814BF1349E7
:105AF0001349039232680293049205910AB9114A3C
:105B0000039293B1059B43F4806305936A46297819
:105B10002046FFF737FE03460028F7D16A4629469C
:105B20002046FFF715FF41B0F0BD064B0193EDE7AE
:105B3000060080B02000201204008212060050826D
:105B400016005082020000A070B5C0B01646044690
:105B5000F0220D4604A8002118F06AFA0E4B0F4AF5
:105B60000296CDE900230E4B03938EB103F500633B
:105B700003936A4629782046FFF704FE034600286F
:105B8000F7D16A4629462046FFF7E2FE40B070BDD5
:105B9000044B0193EDE700BF20002012040080B009
:105BA00000105082020000A02DE9F041044686B0AA
:105BB00001200D46FFF79CFE4FF00043286863600C
:105BC0004FF0104363604E4B636030B94D4B40F271
:105BD000BE614D4A4D4817F0F5FE4D4E3022002172
:105BE0000027306018F024FA4A4B326804261F6000
:105BF00004F5803368685A601032DE605A62DE62F3
:105C000090B1DFF82C8130223946C8F8000018F036
:105C10000FFA414BD8F800201F6004F500335A609A
:105C20001032DE605A62DE62A86888B13B4E3022D4
:105C30000021306018F0FCF9394B002204211A6071
:105C400004F5403332685A601032D9605A62D96222
:105C5000E86898B1334E30220021306018F0E8F93E
:105C6000314B002204211A6004F1041332681A60D7
:105C700004F580231032D9605A62D9622B4B00227E
:105C8000C4F800366B7C297C9B008DF80C2001F059
:105C9000030103F00C030B4343F48053CDE90122CD
:105CA000C4F80036D4F8C02612F003020ED0D4F89F
:105CB0000034ABB12B7D0020AA7C5B0243EAC223F7
:105CC000AA7D02F003021343E36006E001AB03A9DF
:105CD0002046FFF7F9FE0028E9D006B0BDE8F081C4
:105CE000D4F82034002BE5D1D4F84024002AE1D1A7
:105CF00003A92046FFF728FF0028DBD0EDE700BF0F
:105D00000023080082230200EB2302009E230200EE
:105D100030BF002040BF002044BF002038BF00201B
:105D200048BF00203CBF00204CBF002041100100B4
:105D300034BF00202DE9F84F1C4605460E46184694
:105D400017461E4924229DF83080DDF834B0DDE985
:105D50000AA918F045F9236843F009022260BBF153
:105D6000000F1DD06369C4F808B043F40063636199
:105D7000012FC4F8109002BF636943F01003636100
:105D8000B8F1020FC4E907A910D1636943F4807325
:105D90006361224631782846BDE8F84FFFF7F2BC30
:105DA00043F4403343F009032360E1E7B8F1010F06
:105DB000EFD1636943F40073EAE700BFF823020000
:105DC0002DE9F041C6B0044615461F469DF83461E2
:105DD00041F69C084E9B2A4620460591CDE9026378
:105DE0004C9BCDE9007306ABFFF7A4FF4045059936
:105DF000F0D020B9034606AA2046FFF7A9FD46B019
:105E0000BDE8F08100294FF4803214BF042108213D
:105E1000FFF798BC00294FF4004214BF0421082169
:105E2000FFF790BC000000000238002138B5C4B272
:105E30002DED028B2046FFF78AFC302105462046D7
:105E4000FFF785FC202108EE100A2046FFF77FFCB3
:105E500007EE900AB8EE488B05F07F03B8EE675B5B
:105E6000012006EE103AC5F3426585EE087B00FA84
:105E700005F5B8EEC66BBDEC028B37EE066B9FEDF9
:105E8000087B26EE076B07EE905AB8EEE77B86EEAE
:105E9000075BFCEEC57B17EE900A38BDAFF30080C0
:105EA0000000000060E37641094A46F66063D1587D
:105EB000C9070BD40121D150BFF34F8FBFF36F8FB0
:105EC00002F5DC4270321368DB07FCD5704700BF77
:105ED0000000CC4010B54FF4005204460421FFF7F7
:105EE00031FC0649E12000F05FFD20464FF40052EE
:105EF0000821BDE81040FFF725BC00BF00CA9A3B4F
:105F000001282DE9F74304460E4617461D46DDE9F4
:105F10000A8904D04FF480420821FFF713FCB9F13D
:105F2000000F0DD0B9F802001021B9F80020C0F31D
:105F30000E0040EA0242204642F40042FFF702FC13
:105F4000424630212046FFF7FDFB3A4620212046FD
:105F5000FFF7F8FB00217F23324620460091FFF730
:105F6000FBFB012C08D019232A4600212046009370
:105F70004FF06063FFF7F0FB4FF4800220460421EE
:105F8000FFF7E0FB0649642000F00EFD4FF4C0422D
:105F90000421204603B0BDE8F043FFF7D3BB00BFA8
:105FA00000CA9A3B426838B5A2F168030546682BDF
:105FB00005D9314B7821314A314817F003FD314B77
:105FC000D3F80012880422D5D3F800128A431ED1D8
:105FD000D3F800222978D24302EAC13212F4C03F3A
:105FE00015D1D3F80022510405D4D3F8002242F48D
:105FF0008042C3F80022234BD3F80022520005D57B
:10600000D3F8002222F08042C3F8002238BD1D4C94
:10601000204602F055FFD4F8003213F4C04F23F0AD
:10602000005322D12C782A79E403164D04F4C034AD
:106030001443154A1A40144344F0804343F4005378
:10604000C5F80032BFF34F8FBFF36F8F0F491E208B
:1060500000F0AAFCD5F800329B00FBD524F0804468
:1060600044F4C044C5F80042D0E723F4C04343F0F1
:106070008043C4F80032D5E71C240200B125020099
:106080008D2402000040C840007FFEDF00CA9A3B1A
:1060900038B5414B0446D3F8402212022AD598B1B4
:1060A000D3F86032027A1D0400D46AB161683A4BB9
:1060B0000D88D3F860024B88C3F30E0343EA05430F
:1060C00043EAC233834215D1334BD3F840229004C4
:1060D00005D4D3F8402242F40052C3F84022D3F84A
:1060E0004022510005D5D3F8402222F08042C3F867
:1060F000402238BD284D284602F0E2FED5F8703225
:10610000264A43F08033C5F87032D5F84032134246
:1061100007D023F4000323F4005343F08043C5F871
:1061200040329CB1237A8BB162687AB123681A49F4
:1061300023F040431088C1F8A0325388C3F30E0304
:1061400043EA004343F40043C1F86032124C1E207E
:10615000134B1449C4F8403200F026FC124B11498D
:10616000FA20C4F8403200F01FFC104BC4F8403253
:106170002346D3F840229200FBD50D4AC3F84022B3
:1061800002F14042C3F84022D3F8702202F07F327D
:10619000C3F87022ADE700BF0040C8400020800077
:1061A0000800004000CA9A3B080880400800804070
:1061B00008208040232AF7B506D92B4B40F2351131
:1061C0002A4A2B4817F0FEFB0B2A04D8294B4FF420
:1061D0009B71264AF5E7022806D0032841D0264BBA
:1061E0004FF4A271214AECE7244E254BCC003F2707
:1061F0001D688020A740D3F800C0A0403D40E54086
:10620000AA4206D108250CEA000CCD403CFA05F55F
:1062100025D04025D3F800C0A240A5400CEA050CCB
:10622000CDF804C0D3F800C040EA0C0CC3F800C09D
:10623000D3F800C02CEA07071F601F683A431A60B2
:106240000222346802FA01F1614031601A6822EAE0
:10625000000018601A6801992A408A42FAD003B0F7
:10626000F0BD084E084BC1E7DB240200C225020046
:106270008D240200F9240200172502005042C84074
:106280007042C8402042C8403042C84008B5831E12
:10629000DBB2012B06D9154B4FF4C371144A1548D4
:1062A00017F090FBC9003F230328134A03FA01F3B8
:1062B0000BD0D2F870021840104BC8400B2809D8F8
:1062C0000F4B40F29B110A4AE9E7D2F8300218401E
:1062D0000C4BF2E7232804D90B4B4FF4CE71044A40
:1062E000DDE7B3FBF0F01223584308BD1D25020083
:1062F000D02502008D2402000040C84000A4781F71
:106300005025020000389C1C6F25020010B5214C5E
:10631000D4F8103213F4001F234614D0D4F81022FE
:10632000910405D4D4F8102242F40052C4F810228B
:10633000D3F81022520005D5D3F8102222F0804263
:10634000C3F8102210BD204602F0BAFDD4F8303256
:1063500011491E2043F08033C4F830320F4BC4F88B
:10636000103200F021FB0E4B0B491E20C4F81032F6
:1063700000F01AFB0B4BC4F81032D4F810329B001B
:10638000FBD5094BC4F8103203F14043C4F8103276
:10639000D8E700BF0040C84000CA9A3B1000004048
:1063A00010082040100020401820204008B5052883
:1063B00031D8DFE800F0030F14202C2E194AD2F850
:1063C000003221B143F40033C2F8003208BD23F497
:1063D0000033F9E70120BDE80840FFF713BD114A7B
:1063E000D2F8403221B143F48033C2F84032EDE7B5
:1063F00023F48033F9E70B4AD2F8103221B143F489
:106400008033C2F81032E1E723F48033F9E7022049
:10641000E1E70320DFE7044B40F22521034A04486B
:1064200017F0D0FA0040C84017250200E12502000D
:106430008D24020073B52C4D0446284602F040FD21
:10644000D5F800630121022006F02026FFF7DAFCD0
:10645000B6F1202F1BD1D5F800330021022023F400
:106460000053C5F80033D5F8003343F48043C5F832
:106470000033FFF7CFFC4FF4804208210220FFF7E2
:1064800061F94FF4800208210220FFF75BF9164AF8
:10649000207CD2F8003343F40053C2F80033217853
:1064A00062686378A56800B1E0680F4CCDE90050E0
:1064B0000220FFF725FD0220FFF70CFDD4F8003382
:1064C0009B00FBD501210220FFF7A4FCD4F8003388
:1064D0000021022023F48043C4F8003302B0BDE859
:1064E0007040FFF78FBC00BF0040C84008B5114B9B
:1064F00000210320D3F8502322F40052C3F8502384
:10650000D3F8502342F48042C3F85023FFF782FCB3
:106510004FF4804208210320FFF714F900210320E3
:10652000FFF778FC4FF4800208210320BDE8084003
:10653000FFF708B90040C84037B52A4C0546204649
:1065400002F0BEFC01210846FFF75CFCD4F8C03223
:1065500043F40053C4F8C0322B7A13B16B68002B9C
:106560003DD100236FF07042292101201D4CCDE95F
:1065700000231D4AFFF7C4FC0120FFF7ABFCD4F851
:10658000C0329B00FBD501210846FFF743FCD4F83D
:10659000C03223F48043C4F8C0322B78ABB9D4F8AE
:1065A000C03223F000736A78C4F8C0320D4B8AB948
:1065B000D3F8C02222F0806200210120C3F8C0225B
:1065C00003B0BDE83040FFF71DBCD4F8C03243F043
:1065D0000073E8E7D3F8C02242F08062ECE703B032
:1065E00030BD00BF0040C840AAAAAA0A10B50446A0
:1065F00030210420FFF7ABF820F4A0623CB942F44C
:10660000807230210420BDE81040FFF79BB8012CB8
:1066100008BF42F48062F4E708B5052823D8DFE814
:1066200000F00503292B1C20144808BD144B022040
:10663000D3F80022D3F80032C3F3C133013300FA98
:1066400003F31048B0FBF3F0D3B258430028ECD169
:106650000D4B40F2D1510D4A09E00420FFF7E4FB55
:10666000F4E70520FAE70A4B40F2CE51074A094801
:1066700017F0A8F90848D8E70848D6E700CA9A3BB7
:106680000040C84000366E018E250200F42502004D
:10669000172502008D24020000A4781F00389C1CDE
:1066A00010B51E2860D8DFE800F0106769656969D9
:1066B000121216161823252729292B30333537397E
:1066C000393B3D444446464848002D4810BD002013
:1066D000FFF7A2FF05E00220FAE700210220FFF702
:1066E000D5FD0028F2D1274B4FF4C861264A3FE080
:1066F0000121F3E70221F1E70321EFE70320E7E7B8
:106700000320FFF789FF4008EBE700210320E6E7BD
:106710000121FBE70221F9E70321F7E70120D7E791
:106720000120EEE70120FFF777FF0523B0FBF3F030
:10673000D7E70420CCE70520CAE7144C144A2368A5
:10674000C3F30223D05CFFF7ABFF23680246DBB242
:1067500001339A42B0FBF3F0C3D20E4B40F6C501B1
:106760000D4A0E4817F02EF90D4B40F23D61064AD6
:106770000C48F7E70C48A9E70C48A7E70C48A5E741
:106780000024F4008E250200052602000000CC4003
:1067900013260200121702009A25020017170200A2
:1067A000172502008D2402000084D717006CDC023C
:1067B00000366E01044B1A6D22F001021A651A6E42
:1067C00042F001021A6670470040C840012070473D
:1067D00008B50846FFF768FB294B4FF000422949EE
:1067E0009A63294AC3F8A420B1FBF0F200FB12100F
:1067F000002843D192B21E2A0FD80C2A0FD90D3A85
:10680000112A3BD8DFE802F00E3A312E3A3A3A2B01
:106810003A283A3A0C3A3A3A3A34F02A2BD008BDA0
:106820004FF0A070D3F8A0104FF4803221F0E07147
:106830000843C3F8A000C3F8A8204022C3F8A4204E
:106840004FF080429A6300225A600D4AD2F8A0307D
:10685000002BFBDA0120E2E74FF08070E2E74FF413
:106860004000DFE74FF40000DCE74FF48000D9E799
:106870004FF0C070D6E74FF0E070D3E70020CEE7CE
:106880000040434000389C1C00102000012070474D
:1068900008B50846FFF708FB294B4FF0004229498D
:1068A0009A63294AC3F8A420B1FBF0F200FB12104E
:1068B000002843D192B21E2A0FD80C2A0FD90D3AC4
:1068C000112A3BD8DFE802F00E3A312E3A3A3A2B41
:1068D0003A283A3A0C3A3A3A3A34F02A2BD008BDE0
:1068E0004FF0A070D3F8A0104FF4803221F0E07187
:1068F0000843C3F8A000C3F8A8204022C3F8A4208E
:106900004FF080429A6300225A600D4AD2F8A030BC
:10691000002BFBDA0120E2E74FF08070E2E74FF452
:106920004000DFE74FF40000DCE74FF48000D9E7D8
:106930004FF0C070D6E74FF0E070D3E70020CEE70D
:106940000080434000389C1C0010200038B5431ED6
:106950004D420C460B442B40984201D9002038BDD3
:106960006FF00402521A9A42F8D3081D184417F027
:1069700019FB0028F2D0033443F2390304442C40BD
:10698000201A24F8043C24F8020C2046E7E730F8EB
:10699000041C43F23902914204D130F8023CC01A7F
:1069A00017F008BB7047000038B5002845D0A0FBA1
:1069B0000145224A002320462946FAF713FB0B46DD
:1069C0001F4902464FF0FF30A94208BFA04205D23E
:1069D0001C4BC5211C4A1D4816F0F4FF1C49C86811
:1069E000C50103D4C86840F08070C86019490868C0
:1069F000840103D5184B8221184AECE70868C007C8
:106A000003D4086840F0010008604968114C52182E
:106A100043F10003012B08BF002A08D3013243F1E0
:106A2000FF33002160688B4208BF8242F9D3002106
:106A30006068994208BF9042F9D338BD40420F00C8
:106A40003F420F008B280200452902009F280200C8
:106A5000F0ED00E0001000E0F22802002F29020013
:106A6000F8B5866905460C4606F4C0138661B3F591
:106A7000C01F3AD0002B38D04B7F06F48016022B73
:106A800021D1087D4A7DC3B29042D1B236BF5A1D92
:106A90005A1A521AD2B2032A15D83EB3EA6A44F8F7
:106AA00023200133276ADBB2052B28BF002323757F
:106AB000637F013BDBB263772FB1636A40F65732E5
:106AC00021462846B847637F012B0ED8237F8BB120
:106AD000A269237F013BDBB223771368A3613EB138
:106AE000EA62637F0133DBB26377F8BDAA6AD6E757
:106AF000AA62F6E716B9EB6AAB62F6E7AB6AEB623D
:106B0000F3E70000B0F1814F08B505D0034BB52184
:106B1000034A044816F056FF002008BD5829020019
:106B2000C62902007A2902000A4947F2A002C0B22F
:106B30008B584340DB070BD500F001038B50BFF3AC
:106B40004F8FBFF36F8F044A13684340DB07FBD4BA
:106B5000704700BF0000CC40B070CC4011F0010F76
:106B600010B508BF0023046818BF2023890724F448
:106B7000807248BF43F0400302601A43026002681B
:106B80001A42FCD1046010BD11F0010F0CBF0023AC
:106B90004FF480438A07826848BF43F400531A4386
:106BA000826082681A42FCD170470000836C23F037
:106BB00000438364836823F48053836000238360ED
:106BC000836843F4004310B58360846814F4004480
:106BD000FBD10321FFF7C2FF0321FFF7D5FF836934
:106BE0008361054B03604FF45043446084608364C9
:106BF0000463446310BD00BF0008004070B5044644
:106C00000D4631B9364B40F21911364A364816F066
:106C1000D9FE0B880E7A5E4373075BD14B89590707
:106C200058D1FFF76FFF0120FFF77EFF2046FFF7E7
:106C3000BDFF6A68AB891343EA7B42BB43F48073B0
:106C40002360AA7B2B7A2ABB022B45D12A88534387
:106C50006A8842EA0343720663636B89A3EB060307
:106C60004FEAD3032363A36843F00103A3601FD15A
:106C70004FF040436360A36823F0700343F02003A8
:106C800020460121A360FFF77FFF002070BD43F085
:106C90008043D3E7042B03D1A36C43F00803A36420
:106CA000012A03D1A36843F00803A3600123CDE7C1
:106CB000B30608D14FF000436360A36823F070036C
:106CC00043F01003DCE74FF080436360A36823F0D8
:106CD0007003D5E70420D9E7042BE7D1DCE700BF38
:106CE000D4210200D62902007A2902000B0C026886
:106CF0001B0413430360CBB282688909134301F478
:106D00007F718360836C19438164704710B50C0CEC
:106D10000268240422EA0402CCB289090260826873
:106D200001F47F7122EA04028260826C22EA01018E
:106D30008164FFF7E7FE054B4FF08072C3F88420B3
:106D4000BFF34F8FBFF36F8F10BD00BF00E100E0B6
:106D5000F8B5054617461E460C4631B90E4B40F2B3
:106D600082210E4A0E4816F02DFE282200212046D0
:106D700017F05EF92846C4E90876FFF7C3FE094B11
:106D8000094A43F82040094B1A60094B4FF08072C2
:106D90005A600020F8BD00BFC5210200DF290200B3
:106DA0007A29020050BF0020616A000054BF002011
:106DB00000E100E038B50C4631B91D4B40F2A92185
:106DC0001C4A1D4816F0FEFD0B7F012B2CD9836C4D
:106DD00023F4402323F0300343F0300383648A69B3
:106DE0000B7F013BDBB20B7713688B6182628A6990
:106DF0000B7F013BDBB20B7713688B610223C2620E
:106E00004B770121FFF7C0FE01234FF4C011A37798
:106E1000FFF76CFF836843F480538360836C43F017
:106E200000438364002038BD40F65430FBE700BFC8
:106E3000C5210200F82902007A29020038B505466A
:106E40000C4631B9144B40F2DD21144A144816F0B7
:106E5000B9FD836C4FF4C01123F000438364836851
:106E600023F480538360FFF751FF617F0023C9B291
:106E7000A3776377DAB28A4201D3002038BD4AB1E2
:106E8000EA6AA06901331060A261227F0132D2B2A6
:106E90002277EFE7AA6AF4E7C52102000A2A020076
:106EA0007A29020010B5046824F4C01303608B69CA
:106EB00013608A610B7F0133DBB20B770460002023
:106EC00010BD10B54C7D0B7D9C4211D0046824F49C
:106ED000C01303604B7D51F8233013604B7D0133A9
:106EE000DBB2052B28BF00234B750460002010BDCA
:106EF00040F65530FBE70000054A4FF0814008B5E9
:106F0000044B11681B689847BFF34F8F08BD00BF43
:106F100050BF002054BF0020836823F0806323F01B
:106F200001038360C36823F01003C360C36843F0A8
:106F30000803C360036923F4606343F420630361BF
:106F4000436923F4C0134361436943F480234361DD
:106F5000704700001F2910B506D90D4B40F20131D2
:106F60000C4A0D4816F02EFD00EB411241F21C03B5
:106F7000D45AC36A406ACB40C8405B00800003F02B
:106F8000020300F004000343C4F3C010184310BD13
:106F90008B2A0200152B02003E2A02002DE9F04147
:106FA000044630B92D4B4FF4AF612D4A2D4816F0F1
:106FB00009FD037C41F21C078168CB7701EB43118B
:106FC000C368CA5B056802F08006C2F3C01233B919
:106FD000002D2DD0AC464168BDE8F041604741F23C
:106FE00018000858CF5BC11ABFB24B0916B3DBB209
:106FF000617C58B28B4226D1E37C217D994201D03D
:10700000FF0628D4E37C5BB26074E17CC91A49B204
:10701000E17415B161682046A8474EB1A36841F2FA
:107020001C01227C03EB4210415AC90600D51A7795
:10703000BDE8F0811F2901D9013BD8E7237D013B41
:1070400003F0FF03D4E7617C49B25B1ADCD5217DF4
:1070500043FA81F3D8E70023D6E700BFE92A02000C
:10706000302B02003E2A020000210B4808B5FFF732
:1070700071FF420703D5094B1868FFF78FFF1021F6
:107080000548FFF767FF430703D5044B186CFFF76C
:1070900085FFBFF34F8F08BD0000074058BF002099
:1070A00001210B4808B5FFF755FF420703D5094BEF
:1070B0005868FFF773FF11210548FFF74BFF43079F
:1070C00003D5044B586CFFF769FFBFF34F8F08BD22
:1070D0000000074058BF002002210B4808B5FFF709
:1070E00039FF420703D5094B9868FFF757FF122174
:1070F0000548FFF72FFF430703D5044B986CFFF7B4
:107100004DFFBFF34F8F08BD0000074058BF002060
:1071100003210B4808B5FFF71DFF420703D5094BB4
:10712000D868FFF73BFF13210548FFF713FF43071C
:1071300003D5044BD86CFFF731FFBFF34F8F08BD69
:107140000000074058BF002004210B4808B5FFF796
:1071500001FF420703D5094B1869FFF71FFF1421F0
:107160000548FFF7F7FE430703D5044B186DFFF7FB
:1071700015FFBFF34F8F08BD0000074058BF002028
:1071800005210B4808B5FFF7E5FE420703D5094B7B
:107190005869FFF703FF15210548FFF7DBFE43079A
:1071A00003D5044B586DFFF7F9FEBFF34F8F08BDB1
:1071B0000000074058BF002006210B4808B5FFF724
:1071C000C9FE420703D5094B9869FFF7E7FE162170
:1071D0000548FFF7BFFE430703D5044B986DFFF743
:1071E000DDFEBFF34F8F08BD0000074058BF0020F1
:1071F00007210B4808B5FFF7ADFE420703D5094B41
:10720000D869FFF7CBFE17210548FFF7A3FE430718
:1072100003D5044BD86DFFF7C1FEBFF34F8F08BDF8
:107220000000074058BF002008210B4808B5FFF7B1
:1072300091FE420703D5094B186AFFF7AFFE1821EC
:107240000548FFF787FE430703D5044B186EFFF789
:10725000A5FEBFF34F8F08BD0000074058BF0020B8
:1072600009210B4808B5FFF775FE420703D5094B06
:10727000586AFFF793FE19210548FFF76BFE430795
:1072800003D5044B586EFFF789FEBFF34F8F08BD3F
:107290000000074058BF00200A210B4808B5FFF73F
:1072A00059FE420703D5094B986AFFF777FE1A216A
:1072B0000548FFF74FFE430703D5044B986EFFF7D1
:1072C0006DFEBFF34F8F08BD0000074058BF002080
:1072D0000B210B4808B5FFF73DFE420703D5094BCC
:1072E000D86AFFF75BFE1B210548FFF733FE430713
:1072F00003D5044BD86EFFF751FEBFF34F8F08BD87
:107300000000074058BF00200C210B4808B5FFF7CC
:1073100021FE420703D5094B186BFFF73FFE1C21E6
:107320000548FFF717FE430703D5044B186FFFF717
:1073300035FEBFF34F8F08BD0000074058BF002047
:107340000D210B4808B5FFF705FE420703D5094B91
:10735000586BFFF723FE1D210548FFF7FBFD430790
:1073600003D5044B586FFFF719FEBFF34F8F08BDCD
:107370000000074058BF00200E210B4808B5FFF75A
:10738000E9FD420703D5094B986BFFF707FE1E2165
:107390000548FFF7DFFD430703D5044B986FFFF760
:1073A000FDFDBFF34F8F08BD0000074058BF002010
:1073B0000F210B4808B5FFF7CDFD420703D5094B58
:1073C000D86BFFF7EBFD1F210548FFF7C3FD43070F
:1073D00003D5044BD86FFFF7E1FDBFF34F8F08BD16
:1073E0000000074058BF002008B5084B984209D05C
:1073F000A3F58043984207D0054BB821054A0648BB
:1074000016F0E0FA002008BD0120FCE700404240F1
:10741000982B0200BB2B02004B2B020070B50546D7
:107420004668FFF7E1FF0446AB681E4016F0406F68
:1074300009D0134B53F820302BB11249002251F8D8
:1074400020102846984716F0407F09D00E4B53F87D
:1074500024302BB10B490022284651F824109847BC
:107460000A4B1E420AD00A4B53F8243033B1054A66
:10747000284652F82410BDE87040184770BD00BF80
:10748000F0BF0020D8BF0020E8BF002000007C60D3
:10749000E0BF002070B504464668FFF7A5FF05462B
:1074A000A3681E4016F00C0F09D00C4B53F8203087
:1074B0002BB10B49012251F8201020469847B30701
:1074C0000BD0084B53F825303BB10549204601222B
:1074D00051F82510BDE87040184770BDF0BF00207E
:1074E000D8BF0020E8BF002070B504464668FFF70B
:1074F0007BFF0546A3681E4016F0C00F09D00D4B58
:1075000053F820302BB10C49022251F820102046AC
:10751000984716F0300F0BD0084B53F825303BB18D
:1075200005492046022251F82510BDE87040184751
:1075300070BD00BFF0BF0020D8BF0020E8BF002012
:10754000FFF752BF034808B5FFF768FFBFF34F8F3F
:1075500008BD00BF00404240034808B5FFF7F0FFF8
:10756000BFF34F8F08BD00BF00404240034808B53D
:10757000FFF754FFBFF34F8F08BD00BF000042402C
:10758000034808B5FFF786FFBFF34F8F08BD00BF64
:1075900000004240034808B5FFF7A6FFBFF34F8F36
:1075A00008BD00BF00004240034808B5FFF7C8FF10
:1075B000BFF34F8F08BD00BF00004240036843F097
:1075C000010303600368DB07FCD47047D0F8E030A8
:1075D00013F0020304D0D0F8E00000F0010070477F
:1075E0001846704708B5034A7421034B034816F048
:1075F000E9F900BF5A2C0200CC2B0200D82B020064
:1076000008B568B1084B984209D003F58043984209
:1076100007D0064B8B21064A064816F0D3F9012005
:1076200008BD0220FCE700BF00C00C40282C02006F
:10763000692C0200D82B020008B540F60A030B4063
:1076400024D00A0509D40A071AD48A071BD4104B80
:10765000E521104A104816F0B5F941F65932416952
:107660000B434361D0F8BC3043F00103C0F8BC3099
:10767000D0F8B83043F00103C0F8B830104608BD68
:1076800041F65A32EBE741F65B32E8E71A46F5E796
:10769000172502007D2C0200D82B0200F8B50D46FC
:1076A0000446FFF7ADFF564B564A1B5C5B01D158B1
:1076B000C9070AD40121D150BFF34F8FBFF36F8F99
:1076C00010321A441368DB07FCD5236820464E4F5E
:1076D00023F002032360FFF771FFAB7AEA78002002
:1076E0001B0443EA02332A78120102F030021343EA
:1076F0002A7C43EA02636A7843EA82332A7943EABE
:10770000C223AA7843EA4233AA7B43EAC213EA7B44
:1077100043EA82132A8943F0020323606B8A43EA17
:1077200002436360394BA1682A7D0B4043EA026340
:107730006A7943EAC243AA7943EAC23395F84620FC
:1077400043EAC22395F84720A360E36823F0780357
:1077500043EA821395F8482043EA421395F84920FA
:1077600043EA021395F84A2043EAC2032A46E3603B
:1077700004EB8006917E01300632336A082803EA62
:10778000070343EAC173117C4FEA016101F0E06134
:1077900043EA0103517C4FEA014101F4702143EABD
:1077A0000103518AC1F3C90143EA01033362DFD106
:1077B000D4F8B83023F07C03C4F8B8302B7BD4F86D
:1077C000B820DB08013B9B0003F07C031343C4F8A3
:1077D000B830D4F8BC3023F07C03C4F8BC30EB7A6A
:1077E000D4F8BC20DB08013B9B0003F07C0313436F
:1077F000C4F8BC30002323666366A366E366F8BD65
:10780000AA2C02000060CC4000FCF078FF77F70063
:1078100038B508B9FFF7E6FE00F14C010246002337
:1078200002F8013B9142FBD14FF4807240F6FF0118
:10783000038042804FF6FF7283808371418108216B
:10784000C38120230281017300210274428200F16E
:107850004602037500F1160303F8011B9A42FBD19F
:10786000034600F1240401210F25002299760633F6
:107870005D745A82A342F9D14FF4807380F83E10B0
:1078800080F844108387A0F842304FF00003A0F83E
:107890004620A0F8482080F84A3038BD10B552087C
:1078A00004462046FFF792FE0028FAD02368C3F36F
:1078B0000113032B31D10B797BBB0868194B98421C
:1078C0002ED88B7C4FF47A704B215843B0FBF1F3E8
:1078D0005943884288BF01335B0203F4FC4343F4FD
:1078E000807302F13001002A44F8213008BF0322DE
:1078F000216818BF4FF44032DB0721F002012160FC
:107900000AD5D4F8E83032EA0303FAD1642300BF81
:10791000013B13F0FF03FAD110BD4FF48073E0E791
:107920007923DEE7FFE0F505F8B504460D46560875
:107930002046FFF74BFE0028FAD0AB6804EB82002C
:10794000E98903666B7CB5F81AC003F01F03354F55
:1079500043EA0143297D07EA0C4743EA8123297B57
:10796000C90389B20B43297C490101F478710B43A7
:10797000E97CC90201F4F0410B432B490367D0F8BD
:10798000803019406B7E1B0703F0E0433B430B4301
:10799000A97D41B16F7D01393F02490307F470674A
:1079A00089B239430B43297E39B10139EF7D490151
:1079B00007F00F07C9B239430B43C0F8803029469E
:1079C0002046FFF76BFF23682A7F43F00203236002
:1079D000D4F89430D2B123F00103C4F89430D4F831
:1079E0009430B6B923F00403C4F89430D4F894303A
:1079F00043EA8203C4F89430236823F0020323602F
:107A00002046FFF7E3FD0028FAD0F8BD43F001035C
:107A1000E3E723F00803C4F89430D4F8943043EA41
:107A2000C203E7E70000FF0F101000803F2970B588
:107A300004461E4606D9104B4FF40B710F4A1048EE
:107A400015F0C0FF2046FFF7C1FD0028FAD08031B5
:107A50000C4D0223002004EB8101A561E361B042DB
:107A600003D10123A561E36170BD52F8203041F8D4
:107A700020300130F3E700BF4E2C0200982C0200AA
:107A8000D82B0200F05AF05A2DE9F843D0F8BC3058
:107A900006460F461446C3F3840301335D004FEAE4
:107AA000C3080CBF4FF00409C14614B92046BDE815
:107AB000F88371694B06FCD53046FFF7BDFD002801
:107AC000F5D1A04511D8034657F8232003F16001F2
:107AD000013346F821209D42F6D84F44A4EB080418
:107AE000736943F040037361DFE703340346A4087E
:107AF00057F8232003F16001013346F821209C420E
:107B0000F6D107EB84070024EAE72DE9F843D0F823
:107B1000B850044688469146C5F384050135EE0009
:107B20006D0014BF37460427B9F1000F01D1484654
:107B30000DE04E4512D9D4F8F030DBB2B9EBC30FEB
:107B40000FD961692046FFF777FD0028F3D0BDE823
:107B5000F8832046FFF770FD0028F8D161698B0695
:107B6000F7D561692046FFF767FD0028EFD14E4544
:107B700010D800F1400354F8233048F82030013089
:107B80008542F6D8B844A9EB0609636943F020039F
:107B90006361C9E709F103094FEA990900F140035C
:107BA00054F8233048F8203001308145F6D108EBF5
:107BB00089084FF00009E8E738B50B790D4604460F
:107BC00000EB8303D3F8802042F00042C3F880200A
:107BD000436943F01E0343610B68C0F8A030D0F83E
:107BE000BC3043F00103C0F8BC30D0F8B83043F0EB
:107BF0000103C0F8B8304979AA794B1E1204022B50
:107C0000EB7902F4702203F1FF3394BFA8890020BE
:107C10001B0603F0E06313430343C4F8A430D4F815
:107C2000B03043F00103C4F8B03001F0FD03012B84
:107C300012D12046D5E90212FFF726FF0246204660
:107C4000FFF7C4FC0028FAD06B797BB96169204644
:107C5000BDE83840FFF7F0BC022905D12046D5E940
:107C60000212FFF752FFE9E70022E8E7104638BDAD
:107C7000044A0548516808B5044B1B689847BFF390
:107C80004F8F08BDF8BF002000C00C4004C000208A
:107C90001F2908B505D9084B7121084A084815F075
:107CA00091FE012303FA01F112B9C0F8881008BD52
:107CB000C0F88410FBE700BFAD2C0200382D020095
:107CC000B72C020010B50124C3690F2902F1FF325D
:107CD00004FA01F488BF103923EA0403C36194BF96
:107CE00000F10C0300F11003042A0BD8DFE802F0C6
:107CF000030B151D2400480003211A68814022EA65
:107D00000101196010BD4C0003201A680121A04038
:107D100022EA0002A1401143F3E74C0003201A6855
:107D20000221A04022EA0002F4E749000322186879
:107D300002FA01F10143E4E7C3691C43C461E1E7CE
:107D400073B5002316460446204A52F8040B8442B9
:107D500012D00133102BF8D11D4B39211D4A1E487A
:107D600015F030FE727820460191FFF791FF6368AD
:107D700001991D43656022E00D2B13D8174AD35C8F
:107D80008A2B0FD05B01164AD058C0070AD40120B5
:107D9000D050BFF34F8FBFF36F8F10321A44136868
:107DA000DB07FCD5012562698D4022EA0502EB4321
:107DB00062613278002AD5D1626813406360B2787C
:107DC000204602B0BDE87040FFF77CBF482D02009E
:107DD000042D0200272D0200B72C0200882D02007E
:107DE0000060CC4040010A4BC9B21A584A40D20741
:107DF0000CD501F001021A50BFF34F8FBFF36F8F04
:107E0000044A024413684B40DB07FBD4704700BFB1
:107E10000060CC401060CC4008B5034A2E21034BD3
:107E2000034815F0CFFD00BF9D2E0200962D0200E5
:107E3000B82D020038B504460D4629B9334B3C2114
:107E4000334A344815F0BEFD334A002352F8041B70
:107E50008C4214D00133072BF8D1FFF7DDFF2268E5
:107E60009B0122F4B86203F4E073134342E06368B9
:107E700023F47F6323F00F031343636038BD274A65
:107E80000121D05CFFF7AEFF00232360236843F499
:107E900000432360226812F40042FBD12B7A697AF6
:107EA000002B14BF4FF400730023002914BF0821D6
:107EB00000210B43A97A002914BF202100210B4384
:107EC000E97A002914BF102100210B43297B0029E6
:107ED00014BF042100210B43697B002918BF022233
:107EE000134323602B78052BB9D1236823F4B8639F
:107EF00043F4A86323606A68013AB2F5805FB6D3A1
:107F0000074BDB21074A08489CE700BF042E02000C
:107F1000AD2E0200B82D0200CC2E0200E82E020089
:107F2000172E0200892E02003D2E020010B50446D5
:107F300028B9094B7221094A094815F043FD10225E
:107F4000002116F075F8012323706360054BA360D0
:107F50004FF48073A38110BDD4210200B62E02001D
:107F6000B82D020000010100002808DB01234209AE
:107F700000F01F0003FA00F0014B43F822007047A5
:107F800000E100E040010A4BC9B21A584A40D2074A
:107F90000CD501F001021A50BFF34F8FBFF36F8F62
:107FA000044A024413684B40DB07FBD4704700BF10
:107FB0000060CC401060CC4038B5036904460D46E3
:107FC000DA0706D50A4B1B681BB10A4A52F8211082
:107FD0009847D4F81031DB0707D5074B1B6823B14E
:107FE000064A204652F825109847BFF34F8F38BDF8
:107FF00024C0002008C0002044C0002028C0002069
:1080000038B5049D08BB124B9321124A124815F053
:10801000D9FC6400013D002DFBD10A25B0FBF4F42E
:108020004FF47A706943B4FBF0F40C48B0FBF4F4FD
:10803000B1FBF4F10531B1FBF5F18A4238BF0A46D4
:10804000934228BF1346184638BD0124E3E700BF1A
:10805000EF2E0200EA2F0200032F020040420F0021
:1080600008B5084A0346002052F8041B994208D07C
:1080700001300728F8D1044B8421044A044815F044
:10808000A1FC08BD80300200512F0200D82F020051
:10809000032F020010B511F4705402461BD08B045C
:1080A00010D40B0511D44B0512D411F4805F40F2AB
:1080B00087330CBF002018465461136943F44073A2
:1080C000136110BD40F28A30F6E740F28930F3E7E1
:1080D00040F28630F0E72046F3E7436903F040734F
:1080E000B3F1007F0CBF4FF46170002070470000B7
:1080F0001C22002110B5044615F09AFF40F201132E
:10810000054A236000232371C4E90223C4E9043330
:108110000123237610BD00BFA08601002DE9F74F93
:10812000836A002704694FF00A0AC3F303434FF040
:10813000010C04F001044FF0FF3BB946BE46009429
:1081400065460469023324F0010404610AFB01F46A
:108150000194019CB4FBF5F4B4FBF2F4B3FBF5F825
:108160000534C8F1FE06B4FBFAF43444C8F17806CD
:10817000E4B2B4425FD96D00EDB20EF1010E5FFAC8
:108180008EFEBEF1080FE4D1342464267D1C4C43DE
:10819000B4FBF2F4B4FBFCF4B3FBFCF3B4FBF6F475
:1081A000FB1A2C1BC3F34703A3425CD81425B1FB75
:1081B000F2F1B1FBFCF4B1FBF5F162080CF1020540
:1081C000A408013AA94204F1FF34D2B2E4B211D9B1
:1081D000856A0239C5F30365A1EB0C0C816A65451C
:1081E00021F0706138BF5FFA8CF52D0605F07065DF
:1081F0000D4385621204FF1A240609F007091902CB
:1082000002F47C1204F07C5407F03F0701F47C5127
:1082100022430A4317438764436A23F0070343EA70
:1082200009034362009B1BB1036943F0010303612F
:1082300003B0BDE8F08FB1FBF5F608F10208A044E9
:10824000B6FBF8F6B2428CBF961BB61A5E4508D252
:108250002746F146AC46002E96D06D00B346EDB2EF
:108260008BE75E46F9E7013BDBB29DE72DE9F34181
:1082700004460D461646FFF7F3FE3D4B0121185C00
:10828000FFF780FE0223002023616B78206183F0DA
:108290000102AB78DB0043EA8203AA7D2361216AF5
:1082A0002B7E21F007015B000A4303F002031A430F
:1082B000EB7D9B0003F004031343EA782362636AB7
:1082C00023F0E06323F4007343EA42222B791B0678
:1082D00003F0E06313436362A065297DA76A39B1A7
:1082E00000900F2301223046FFF78AFE60F31B67E0
:1082F000697D41B100230122304600930F23FFF72F
:108300007FFE60F313473146AA682046A762FFF755
:1083100005FF636AE96803F0070849B140F6FF7397
:1083200001223046CDF80080FFF76AFE60F30B07AC
:108330002969A76291B140F6FF730122090A30460C
:10834000CDF80080FFF75CFEE26A0A4B03EA0020EA
:1083500022F47F2323F470631843E06223692A78B0
:1083600023F001031343236102B0BDE8F08100BF95
:108370009C30020000FF0F00F8B5054617461E4668
:108380000C4631B9134B4FF47F71134A134815F063
:1083900019FB34220021204615F04AFE2846FFF73B
:1083A0005FFE0F4B0F4A43F820400F4B1A60AB693A
:1083B00023F4785323F00303C4E90B76AB610B4B32
:1083C00033F9100010F1800F03D0BDE8F840FFF73B
:1083D000CBBDF8BDC521020002300200032F020010
:1083E00008C000205D85000024C00020A4300200E9
:1083F0002DE9F04106460C4631B9464B40F2515149
:10840000454A464815F0DEFA22B9454B40F2525132
:10841000414AF6E7D368042B04D9424B40F253514A
:108420003D4AEEE79379012B03D15369B3F5806F91
:108430006AD894F80080B8F1000F68D13046FFF791
:108440004CFE844600282CD1B369154604F114076C
:1084500023F4785323F00303B361336943F4407387
:1084600033610FCD0FC7636995E80300DB0787E829
:10847000030019D5A37E012B0CBF02230323237015
:10848000636A6360A36A63804FF4FE437361736A37
:1084900023F480737362B36943F4785343F00303A6
:1084A000B3616046BDE8F081236A04F108000BB9AE
:1084B00094F81A80228B48EA420242F480622281B8
:1084C00003B307461946013915D20133A26A6AB1CE
:1084D000A27E012A0AD1B8F1000F07D1218B40F208
:1084E000014242EA410220F8132001330122638055
:1084F00060602270C8E7E269CD00EA40D2B227F896
:10850000022FE0E70123E1E74FF0040CC9E74FF445
:10851000617CC6E7C521020041300200032F020042
:10852000742F0200852F02000B78A3B1836923F416
:10853000785323F003038361036943F440730361B9
:10854000054B42691340B3F1807F02D14FF40073B1
:10855000036600230B707047000200012DE9F14F04
:1085600005460C4631B9784B40F2EF51774A7848CE
:1085700015F028FA0878002800F0BE806969638841
:10858000EE6DEF6D06F007065BB9A36A4BB136B12D
:10859000012E06D1052804D163695B0701D421F4BB
:1085A00080612846FFF776FD8046002840F0C680AF
:1085B000C7F30242C6F104034FF005094FF0040C63
:1085C0004FF0030E40F2FF1A2678013E042E00F20F
:1085D000B080DFE806F0033F52778B005F1E002B70
:1085E00000F08980636893F801B013F8026B46EAE3
:1085F0000B262E6663606388013B9BB2638023BBBE
:10860000A36A23B3666A84F800E06660A67E63808E
:10861000012E1AD1AE6926F00106AE611E46EF6D3D
:1086200007F00707042FFAD0B6F5807F04D9A6F526
:108630008076C5F860A0F2E7013B6FF0FF0B1E0AE1
:108640000BFB063646F480762E663B46BCE784F884
:1086500000C0FAE75F1E002B4DD0A36A013BDBB2DE
:1086600043F480732B66A37E84F800E0012BECD1E9
:10867000AB6923F00103AB61E7E7A67EB6B95F1EE5
:10868000002B38D063685E1C66601B782B6663889D
:10869000013B9BB26380002BD7D1A67E84F800C03B
:1086A000B6FA86F67609002ECFD024E0561E12B315
:1086B00062682F6F02F1010BC4F804B017703246E4
:1086C0001F46E4E7666916F0040609D15F1E93B100
:1086D0004FF400732B663B461F4684F80090E2E798
:1086E000A67E012E0CBF30460126F5E763695E07C2
:1086F00005D48A0509D440B901B0BDE8F08FA37E46
:10870000002BF8D1EB6D5B07F5D1AB69E66A23F47A
:10871000785323F00303AB6100232370002EEBD0CA
:10872000236B424621462846B44601B0BDE8F04FCF
:108730006047084B4FF49F61074A18E721462846D7
:10874000FFF7F2FEE1E700BFBE2F0200613002003A
:10875000032F0200172502002330020001210148E7
:10876000FFF72ABC0040104002210148FFF724BC5B
:108770000080104003210148FFF71EBC00C01040DC
:1087800004210148FFF718BC0000114005210148F1
:10879000FFF712BC0040C34006210148FFF70CBCA4
:1087A0000080C34008B5436ADB074CBF034B044B52
:1087B0001B689847BFF34F8F08BD00BF64C00020FF
:1087C00068C0002008B5074B596831B9064B40F620
:1087D0009D01064A064815F0F5F80648BDE8084030
:1087E000FFF7E0BF48C000200F310200A5310200B2
:1087F000C13002000040114008B5074B996831B9FB
:10880000064B40F6A601064A064815F0DBF8064876
:10881000BDE80840FFF7C6BF48C00020283102006D
:10882000BD310200C13002000080114008B5074B85
:10883000D96831B9064B40F6AF01064A064815F033
:10884000C1F80648BDE80840FFF7ACBF48C00020AB
:1088500041310200D5310200C130020000C0114098
:1088600008B5074B196931B9064B40F6B801064AFD
:10887000064815F0A7F80648BDE80840FFF792BF84
:1088800048C000205A310200ED310200C130020020
:108890000000124008B5074B596931B9064B40F644
:1088A000C101064A064815F08DF80648BDE80840A3
:1088B000FFF778BF48C00020733102000532020084
:1088C000C130020000C0C24008B5074B996931B9F8
:1088D000064B40F6CA01064A064815F073F80648EA
:1088E000BDE80840FFF75EBF48C000208C310200A1
:1088F0001D320200C13002000000C34040010A4B9B
:10890000C9B21A584A40D2070CD501F001021A50D8
:10891000BFF34F8FBFF36F8F044A024413684B407D
:10892000DB07FBD4704700BF0060CC401060CC4038
:1089300008B5084A0346002052F8041B994208D0A3
:1089400001300D28F8D1044B7B21044A044815F06E
:1089500039F808BD88330200843202005133020026
:10896000353202002DE9F84F04460D4629B96D4B0A
:10897000F2216D4A6D4815F025F80B681BB96C4B58
:10898000F321694AF6E7097A032903D9694BF521EE
:10899000654AEFE7697A032903D9674BF621624AF2
:1089A000E8E74FF00A0E00264FEA830998460EFBCF
:1089B00002FA4FF0040C37465FFA8CFBBAFBF9F170
:1089C00005319944B1FBFEF189B2012938BF01217B
:1089D0000CFB01F00CF1010CB2FBF0F0834234BF50
:1089E000C01A181A40459EBF80465E460F46BCF12D
:1089F000210FE1D16422B3FBF2F303EB43034345C0
:108A0000C0F08D802046C7F30C07FFF791FF4B4B5A
:108A10000121185CFFF772FFA368321F013E43F08B
:108A20000203032A4FEA0666A360A36806F0F8561D
:108A300023F00203A360236998BF43F4003323F0BB
:108A40001F2323F0FF031E433E432661236923F0C7
:108A500000532361A269EB7B22F4E26229791B02B5
:108A600022F0070203F4E0630A431A43AB7B9B0046
:108A700003F0040313436A79012A4BD1002946D03D
:108A800023F40063A361EB7922695B0322F40052B3
:108A900003F40053134323616A7A2B7A43EA0243B7
:108AA000E362A36A43F08803A362A36A43F44043EA
:108AB000A3626B7B2A7B1B01616A520103F01003E6
:108AC00002F0200213430B436362AB7A1BB1636A6B
:108AD00043F008036362EB7A1BB1636A43F001035E
:108AE0006362A979164B174A002918BF1A466369B1
:108AF00013432A7C6361A3690AB143F400236A7CAF
:108B00000AB143F480230020A361BDE8F88F43F449
:108B10000063B7E70029B5D043F01003B2E740F295
:108B20002150F2E7D4210200643302003532020002
:108B3000A9320200C33202000A330200BC33020031
:108B400000C01FE000C01FC010B5044630B90A4B7A
:108B500040F20621094A0A4814F034FF1422002189
:108B600015F066FA00234FF4E1322382C4E90023B2
:108B7000C4E9023310BD00BFD421020070330200EB
:108B8000353202000B02026903F44043134301F43F
:108B9000407221F070410361836A21F4732123F450
:108BA000403321F47F61134321F00F018362836915
:108BB0001943816170470A02036902F4404223EAC3
:108BC000020301F4407221F070410361836A21F4D1
:108BD000732123EA020321F47F6123F4403321F05F
:108BE0000F018362836923EA0101816170470000FC
:108BF00081690269084B120A0B4002F040021A43D5
:108C00000369806A1B0A00F4407003F08003134379
:108C100023F440731843704700C3F00F4269836A1E
:108C200003481B0C03F0C30313431840704700BFF5
:108C3000C3C0FFC110B58B070C4C04EA010407D078
:108C4000826A230422F4703203F4403313438362B4
:108C5000436903F0785323434361FFF7DFFF20426A
:108C600040F21A5008BF002010BD00BF03C01FC053
:108C7000044A0548516808B5044B1B689847BFF380
:108C80004F8F08BD6CC0002000C00740A0C000206E
:108C9000044A0548916808B5044B1B689847BFF320
:108CA0004F8F08BD6CC0002000000840A0C000200D
:108CB000044A0548D16808B5044B1B689847BFF3C0
:108CC0004F8F08BD6CC0002000400840A0C00020AD
:108CD000044A0548116908B5044B1B689847BFF35F
:108CE0004F8F08BD6CC0002000800840A0C000204D
:108CF000044A0548516908B5044B1B689847BFF3FF
:108D00004F8F08BD6CC0002000C00840A0C00020EC
:108D1000044A0548916908B5044B1B689847BFF39E
:108D20004F8F08BD6CC0002000000940A0C000208B
:108D3000044A0548D16908B5044B1B689847BFF33E
:108D40004F8F08BD6CC0002000400940A0C000202B
:108D5000044A0548116A08B5044B1B689847BFF3DD
:108D60004F8F08BD6CC0002000800940A0C00020CB
:108D7000044A0548516A08B5044B1B689847BFF37D
:108D80004F8F08BD6CC0002000C00940A0C000206B
:108D9000044A0548916A08B5044B1B689847BFF31D
:108DA0004F8F08BD6CC0002000000A40A0C000200A
:108DB000044A0548D16A08B5044B1B689847BFF3BD
:108DC0004F8F08BD6CC000200040C240A0C00020F2
:108DD000044A0548116B08B5044B1B689847BFF35C
:108DE0004F8F08BD6CC000200080C240A0C0002092
:108DF00008B5034A2A21034B034814F0E3FD00BFE2
:108E000061340200C9330200FF330200094AC0B2D4
:108E100013684340D9070BD500F001031360BFF37B
:108E20004F8FBFF36F8F103213684340DB07FBD4C3
:108E3000704700BF8062CC4008B5054B984201D016
:108E4000FFF7D6FF0120BDE80840FFF7DFBF00BFF6
:108E50000080C440032910B505D9074B5621074AA5
:108E6000074814F0AFFD4FF40003CB40046A1C42E6
:108E7000FCD040F8212010BD4A34020070340200BA
:108E8000FF33020008B5084B196831B9074B40F2AF
:108E90004E31074A074814F095FD074B07481B68F9
:108EA0009847BFF34F8F08BDA4C00020E9340200EB
:108EB000003502009D340200A8C000200000C2401E
:108EC000002110B504460846FCF741FC40F20512AB
:108ED00090420DD000210846FCF734FC05490120E2
:108EE000FDF762FDD4F8703543F01003C4F8703517
:108EF00010BD00BF00CA9A3B10B5D0F8103504462B
:108F0000D1B923F005031E49C0F810354FF47A702B
:108F1000FDF74AFDD4F8103519494FF47A7023F063
:108F20002003C4F81035FDF73FFDD4F8103523F4C5
:108F30000023C4F8103510BD23F001031049C0F818
:108F400010354FF47A70FDF72FFDD4F810350C4929
:108F50004FF47A7043F40023C4F81035FDF724FD74
:108F6000D4F8103506494FF47A7043F02003C4F862
:108F70001035FDF719FDD4F8103543F00403D8E798
:108F800000CA9A3B10B5D0F830350446D1B143F44D
:108F900000331949C0F830354FF47A70FDF704FDFD
:108FA000D4F8303514494FF47A7043F48023C4F870
:108FB0003035FDF7F9FCD4F8303523F00403C4F85C
:108FC000303510BD43F004030B49C0F830354FF481
:108FD0007A70FDF7E9FCD4F8303507494FF47A7020
:108FE00023F48023C4F83035FDF7DEFCD4F83035A7
:108FF00023F40033E3E700BF00CA9A3B002A46D0BF
:1090000001291AD002292DD0002948D1D0F8503595
:1090100023F0010343F00203C0F85035D0F8603567
:1090200023F4E05343F0807343F48063C0F8603569
:10903000D0F860355901FBD57047D0F8503523F092
:109040000303C0F85035D0F8603523F4E05343F003
:10905000807343F40063C0F86035D0F860355A017E
:10906000FBD57047D0F8503523F00303C0F85035D6
:10907000D0F8603523F4E05343F0807343F4805319
:10908000C0F86035D0F860355B01FBD57047D0F88B
:10909000603523F0807323F4E053C0F860357047E7
:1090A00040010A4BC9B21A584A40D2070CD501F008
:1090B00001021A50BFF34F8FBFF36F8F044A02446F
:1090C00013684B40DB07FBD4704700BF0060CC4007
:1090D0001060CC4008B5034A4B21034B034814F001
:1090E00071FC00BFB63502001B3502003D350200A1
:1090F000F8B506460F4614462AB95C4B5D215C4A1A
:109100005C4814F05FFCD378022B02D1002900F0F8
:10911000AA80E079012802D1002F00F0A58086B155
:10912000554B9E4261D003F580439E425FD003F5CC
:1091300080439E425DD003F580439E425BD0FFF7A3
:10914000C9FF33464D4A0121602502EB830305FB2D
:109150000765D85DFFF7A4FFB6F88E3120789BB283
:1091600043F00F03A6F88E31E378A98803F00303D8
:10917000627A01F4E65143EAC03360790B436178C7
:10918000012843EA81334FEAC20101F0380143EA82
:109190000103A1784FEA012101F4407143EA010380
:1091A000E1794FEA81019BB201F0040143EA010336
:1091B00023D002282CD0002835D143F40053AB80B3
:1091C000EB88217A23F074031B051B0D43EA01335E
:1091D000217909019BB201F070010B43A1790329A8
:1091E0003DD8DFE801F0242F34390123AAE7022318
:1091F000A8E70323A6E70423A4E7B6F888C10C3741
:109200001FFA8CFCB8402CEA0000A6F88801D6E7CB
:109210000C370121B6F8880101FA07F70743BFB2FE
:10922000A6F88871CBE7164B8D21114A68E743F009
:109230000403EB8022B9AB889BB243F04003AB80C0
:10924000002011E023F4806343F40063F1E723F48A
:10925000006343F48063ECE743F44063E9E7084BC1
:10926000AB21034A4CE70120F8BD00BFDC2102001E
:10927000C63502003D35020000C01840F13502003D
:109280001725020010B5044628B90B4BDE210B4A06
:109290000B4814F097FB0A22002114F0C9FE0023AA
:1092A00023706370E371E3702371A37063722372A0
:1092B000A371637110BD00BFDC210200CF35020035
:1092C0003D3502002DE9F04F87B004919DF8401024
:1092D0000591DDE9114132B98A4B4FF48B718A4A0D
:1092E0008A4814F06FFB24B9894B40F21711864A63
:1092F000F6E723B9874B4FF48C71834AF0E721B925
:10930000854B40F21911804AEAE7022B00F2F78000
:109310006027049D083207FB0507FE88C6F3021686
:1093200021FA06F6B6FBF4F6C6F34E0C00241FFA3B
:1093300086F8013ECCF10001A646A146B6B289B23C
:1093400003910CF1FF3189B20291394612F8075CA2
:109350004FF0640A08FB05F5B5FBFAF50195059D8C
:10936000BDF804A0032D00F28F80DFE805F00210A5
:10937000697A2CB9039DE6467D80029D4C81CD81A2
:109380004FEA5A05C5F1000A1FFA8AFA0CE01CB927
:109390007C80A1F80AC0CE81BDF80450A8EB050A74
:1093A0004544CAF34F0A6D0812F808BCBBF1010F1F
:1093B00053D1A1F812A0CD8212F8085C32F804ACA7
:1093C000012D66D1A1F830A04FF00A0B4D8C25F08D
:1093D00030052D042D0C4D8412F8025CB1F822A04A
:1093E0002D011FFA8AFA05F0300545EA0A054FF00B
:1093F000080A4D84012505FA0BF512F806BC2DB2BA
:10940000BBF1000F75D1B1F822B01FFA8BFB2BEA2C
:1094100005054D840832049DB0F880B1AA440125A9
:1094200005FA0AFA2C444AEA0B0AE4B21FFA8AFA4D
:10943000A342A0F880A189D1002007B0BDE8F08F39
:109440002CB9039DE6467D80029D4C81CD81AAEB1F
:109450000E05CEF1000AADB296E7A1F81AA0CD83B1
:10946000AAE71CB97C80A1F80AC0CE8112F8085C7A
:10947000012D04D1A1F81290A1F816A09CE7A1F843
:109480001A90A1F81EA097E7244B4FF4CD711E4A05
:1094900026E7022DA1F832A017D025D84D8C25F053
:1094A0000C052D042D0C4D8412F8025CB1F822A09D
:1094B000AD001FFA8AFA05F00C0545EA0A054FF0DF
:1094C000090B4FF0040A4D8494E74D8C25F00305F9
:1094D0002D042D0C4D84B1F822A012F8025C1FFA65
:1094E0008AFA05F00305E8E70C4B4FF4E071064AF1
:1094F000F6E6B1F822B045EA0B05ADB289E70120E6
:109500009BE700BF89350200E43502003D350200CB
:10951000943502009F350200AA350200172502008B
:10952000054B064AD3F80038DB064CBF044B054B0D
:109530001B681360704700BF0040C840ACC00020EB
:109540001C0021001C002000014B1B681B681847F1
:10955000ACC000207047000008B5034A8121034BCE
:10956000034814F02FFA00BFDB3602000536020074
:1095700028360200021F084B9A4209D80023C0086F
:109580000B7000B970470B78400801330B70F8E797
:1095900042F21370704700BFFCFF3F0010B529B9BD
:1095A0000C4BA0210C4A0D4814F00CFA0C4B4FF454
:1095B0007A72B1FBF3F1B3FBF1F102FB00F300228D
:1095C000D0B2013201FB00F49C42F9D308B101385A
:1095D000C0B210BD75360200EC360200283602001B
:1095E00040420F000C4946F22042C0B28B58434023
:1095F000DB070FD500F001038B50BFF34F8FBFF394
:109600006F8F02F1814202F59802103213684340D5
:10961000DB07FBD4704700BF0000CC4010B5044608
:1096200028B90E4BFC210E4A0E4814F0CBF9142237
:10963000002114F0FDFC4FF47F43012223801F23FF
:109640002271A370A368227303F07F4343F4821353
:1096500043F08503A360044B236110BD88360200EC
:10966000FF360200283602008524604038B50C46DB
:1096700031B91E4B4FF490711D4A1E4814F0A2F9E7
:109680001D4DA8422FD10120FFF7ACFF00231A4641
:10969000191D0133092B45F82120F9D10123164A60
:1096A0002B601368DB07FCD4237811689B0003F060
:1096B00004030B43617843EA0143A178090601F0F2
:1096C000F8510B4343F002031360237903B1A368FD
:1096D0009360227B084B02B12269DA601A6822F09B
:1096E00002021A6038BDFFF737FF00BF973602004D
:1096F000153702002836020000400D4010B5C46B3B
:1097000044F00104C463C0F8902003F00F02042960
:109710004FD8DFE801F044342F032F00062A27D06A
:1097200003F00D01A1F1080CDCF1000141EB0C018B
:10973000072A32D003F00D02092A14BF00220122A9
:1097400012B1029AC0F8A02043F0254343F4B403B9
:10975000C0F89C30C36BDB07FCD5C36B43F001033F
:10976000C363C36B13F002032AD181BB084610BD4B
:109770000121DDE7941E61426141032ADDE7022AEF
:1097800009D0A2F1040CDCF1000141EB0C01032A29
:1097900003D0052AD1E70121F9E70122D0E7A2F1A0
:1097A0000804093A61426141012A8CBF002201226A
:1097B000C6E70A4B40F28C41094A0A4814F002F904
:1097C000C36B43F00203C36342F21170CFE7D0F8DA
:1097D000B0101846039A1160C9E700BF17250200B0
:1097E00033370200283602002DE9F04F054689B0D4
:1097F00088461E46144632B99A4B4FF4BC719A4AB9
:109800009A4814F0DFF823B9994B40F27911964A3F
:10981000F6E792F82C3023B9964B4FF4BD71924A7B
:10982000EEE7536803F10043B3F1C04F80F01181BC
:1098300013780593002B00F00F81D2F81CA08E4AFC
:109840004FEA1A17B2FBF6F2B7FBF2F7BAB2B2F56B
:10985000807F00F20481636A0DF11F01D0F804904B
:109860000393A36AA068D4F820B00493FFF782FEA4
:10987000002840F0EB8062689DF81F1022F47F60A2
:10988000059B490020F00F0001F03E01014308F163
:10989000040041F0010145F82010617BA07B090123
:1098A00094F80CC0042801F0700EE17B0CF0030C5E
:1098B00018BF00024FEA812118BF00F4407001F484
:1098C000406141EA0E010BBF41EA0C0141EA0C0183
:1098D00041F0800101432964B8F1000F0AD004214E
:1098E00001FA03F3217829EA030908FA01F149EAA8
:1098F000010169606B683F02059223F00F03BFB25C
:109900006B6094F82D30D5F85011013B21F03F01E8
:109910005B0003F03E030B43314643F00103C5F8FF
:109920005031207CFFF73AFE314600F00F09607C91
:10993000FFF734FE80463146A07CFFF72FFE31460C
:109940004FEA081800025FFA88F800F4F85048EA75
:109950000008E07CFFF722FE3146400348EA09098F
:1099600080B240EA0909207DFFF718FE3146000465
:1099700000F4702040EA0909607DFFF70FFE3146D0
:10998000000500F4700040EA09006864A07DFFF75C
:1099900005FE31468046E07DFFF700FE31468146F8
:1099A000207EFFF7FBFD049A0221BBFBFAFB48EA8D
:1099B0000B6848EA092949EA0040A864284694F857
:1099C0002C30013B5B0003F00E033B43B2FBFAF784
:1099D000039A43EA0763B2FBFAFA0AF1FF3A059ADF
:1099E0004FEA0A4A0AF47F0A43EA0A03EB64234B6C
:1099F000C3F894100021C3F898100F23CDE900118B
:109A0000FFF77CFE10BB01460C23CDE90000284681
:109A10006268FFF773FEC8B901460C23CDE9000068
:109A200028466268FFF76AFE80B901900146E27B32
:109A30002846637B43EA021300930A236268FFF718
:109A40005DFE18B9EB6C43F00103EB6409B0BDE8AF
:109A5000F08F42F21A70F9E742F21770F6E742F21D
:109A60001B70F3E7883602001F3702002836020019
:109A7000A9360200BB36020000CA9A3B00400D40E6
:109A800008B531B9114B40F21711114A114813F0C2
:109A900099FF436843F0004343608B6882681B0171
:109AA00022F0F002DBB2134383600B7863B14B68A2
:109AB00082689B0222F4F84203F4F8431343836064
:109AC000836843F48073836008BD00BF883602005A
:109AD000A73702005737020010B5044630B9084BCB
:109AE00040F24711074A084813F06CFF0C2200218E
:109AF00014F09EFA00232370C4E9013310BD00BFA7
:109B000088360200B83702005737020010B5044605
:109B100030B9074B4FF4AA71064A074813F052FFB9
:109B20000822002114F084FA00232370636010BD22
:109B30008836020037380200D5370200013909297A
:109B400015D8DFE801F0050A0E151A1F24292E3357
:109B5000836C23F4007383647047836C23F4806305
:109B6000F9E7D0F8A03023F00103C0F8A030704727
:109B7000D0F8A03023F00203F7E7D0F8A03023F0AC
:109B80000403F2E7D0F8A03023F00803EDE7D0F8A3
:109B9000A03023F01003E8E7D0F8A03023F0200332
:109BA000E3E7D0F8A03023F04003DEE7D0F8A030A0
:109BB00023F08003D9E7C36C013943F40073C36415
:109BC000092915D8DFE801F0050A0E151A1F242906
:109BD0002E33C36C43F40073C3647047C36C43F407
:109BE0008063F9E7D0F8A43043F00103C0F8A43053
:109BF0007047D0F8A43043F00203F7E7D0F8A43060
:109C000043F00403F2E7D0F8A43043F00803EDE793
:109C1000D0F8A43043F01003E8E7D0F8A43043F0C4
:109C20002003E3E7D0F8A43043F04003DEE7D0F8A8
:109C3000A43043F08003D9E707B531B9124B4FF494
:109C40008F71124A124813F0BDFE0B7863B14B6856
:109C5000826B9B0222F4F84203F4F84313438363BC
:109C6000836B43F48073836301220A48D1B201916C
:109C7000FFF764FF0199FFF79EFF01320B2AF5D130
:109C800003B05DF804FB00BF8836020025380200EF
:109C9000D53702000000C940064B80B2C3F8E00887
:109CA000C3F8F018D3F8002482F40042C3F800246B
:109CB000704700BF0040C84080B2074B40F480307E
:109CC000C3F8E008D3F8002482F40042C3F800246B
:109CD000D3F81009704700BF0040C84010B50446D3
:109CE00028B90A4B94210A4A0A4813F06BFE102245
:109CF000002114F09DF90023192223706380502362
:109D0000C4E901231423E36010BD00BFDC2102007D
:109D1000B43802005538020010B500F11004204696
:109D2000FFF7CAFF01432046BDE81040FFF7B4BF6C
:109D300007EE901ADFED326A9FED327A012AF8EED3
:109D4000E77A314B9FED316AA7EEA67ADFED307AE4
:109D5000D3ED006A76EEA76ADFED2E7A70B5E6EEF7
:109D6000C67A0446D7EE077A87EE867AFDEEC77A82
:109D700017EE905A19D0022A29D0CABB00F120064A
:109D80003046FFF799FF244920F07F6001EA054142
:109D900020F4702001433046FFF77EFF4FF480210E
:109DA0002046BDE87040FFF7B7BF00F130063046EF
:109DB000FFF782FF20F47F60C5F30B0120F00F0056
:109DC00001433046FFF768FF4FF40021E8E72030F9
:109DD000FFF772FF20F47F60C5F30B0120F00F0046
:109DE000014304F12400FFF757FF4FF40031D7E798
:109DF0000A4B40F217110A4A0A4813F0E3FD00BF6C
:109E00006F1283BBE17AAC40B0C000206F12033CFC
:109E10009A990543B36AE8410000FF0F1725020035
:109E2000CC3802005538020038B505460C4629B931
:109E3000164B3021164A174813F0C4FD164B10304C
:109E4000D3F83034C3F38B2307EE903A134BF8EE7C
:109E5000E77AC3ED007A0B78012B0CBF498800210B
:109E600041F48031FFF718FF616828460022FFF7B0
:109E70005FFFA16828460122FFF75AFFE1682846E4
:109E80000222BDE83840FFF753BF00BFD4210200D3
:109E9000A8380200553802000040C840B0C0002079
:109EA00008B548B1054B984205D0054B4621054AF7
:109EB000054813F087FD012008BD00BF00C0034026
:109EC000E038020052390200043902000C4946F21F
:109ED0006052C0B28B584340DB070FD500F001033E
:109EE0008B50BFF34F8FBFF36F8F02F1814202F5AA
:109EF0009802103213684340DB07FBD4704700BF61
:109F00000000CC4008B5FFF7CBFF0120BDE80840BA
:109F1000FFF7DCBFC2F3460302F0010213B530F8CD
:109F20001340ADF8044002AC224402F8041CBDF812
:109F3000042020F8132002B010BD38B50446EFF31A
:109F4000108572B6D0F83021D0F82C319A422CD03E
:109F5000D0F82C21D0F830319A4210D9D0F82C21E9
:109F6000D0F83031D0F83011D21A01F59A7104F2DC
:109F700034702144FAF766FF85F3108838BDD0F8B5
:109F80003031D0F82821D0F83011D21AD0F82C3145
:109F9000002BEAD001F59A71014400F5EC60FAF764
:109FA00051FFD4F82C210021DFE743F22150E3E7F1
:109FB00078B171B1D0F830314A681344C0F830310B
:109FC000D0F82831D0F830219A4202D30023C0F8CB
:109FD00030317047D8B1D1B1D0F8303149680B4435
:109FE000C0F83031D0F82831D0F83011994202D37E
:109FF0000023C0F830310AB9FFF79FBF43F2245362
:10A000009A4204D10023C0F83031C0F82C31704797
:10A0100030B129B122B9034B1146186806F060BF70
:10A02000704700BF0CC1002001460122074810B54F
:10A03000FAF70BFF044638B9054B4FF0FF311868AB
:10A0400007F098F8204610BD0124FBE7CC0800205B
:10A050000CC10020F8B500B9FEE701B9FEE7EFF347
:10A06000108572B6244BD3F82C41D3F8302194429A
:10A0700018D0D3F82861D3F82C21D3F830413244DA
:10A08000121BB2FBF6F406FB14220126D3F828714A
:10A090007C1EA21A914221D985F310884FF0FF341B
:10A0A0002046F8BD00263246F0E7D3F82C4104F1F3
:10A0B000010E1C44C3F82CE110F802E084F834E1EE
:10A0C000D3F82C41A74201D8C3F82CC101329142E8
:10A0D0000C46EADC2EB185F31088E1E700229446B5
:10A0E000F5E70548FFF729FF85F31088002818BF1A
:10A0F0004FF0FF34D4E700BF4001002010B5044604
:10A1000000B9FEE7104B1B68DBB1EFF305832BB9F9
:10A110000E4B4FF0FF31186807F02CF82046FFF780
:10A1200083FF00280CBF01244FF0FF34EFF30583B9
:10A130002BB906481A461946006806F00BFD204662
:10A1400010BD4FF0FF34FAE7B4C00020B8C00020C3
:10A1500030B58BB00025344C012A8DF81020ADF8B5
:10A160001250CDE9063140F20113CDE90855ADF8A2
:10A17000223004F54D738DF8260002934FF480636E
:10A1800003934ED106AB29464FF4F7622046059360
:10A1900013F04EFF4FF40073201D02A9C4F82831BC
:10A1A0002060FAF7CDFD0546002DFDD11F490120A5
:10A1B00006F0ACFD1E4B29462A46186003230120F9
:10A1C00000931C4B06F0C4FB1B4B1C491860206815
:10A1D000FAF7F0FD0028FDD1134A194902F2347054
:10A1E000FAF73CFE17492068FAF7E4FD0028FDD194
:10A1F0000D4A154902F5EC60FAF730FE1349206864
:10A20000FAF7FAFD0546002DFDD1074A104902F282
:10A210008C70FAF731FE22680E4B1A6028460BB09C
:10A2200030BD43F22155F9E740010020BCC00020B9
:10A23000B8C0002010C100200CC10020740800200C
:10A24000D59F0000A0080020B19F0000CC0800208E
:10A2500011A00000B4C0002010B50B4CD4F82C2184
:10A26000D4F830319A4201D1002010BDEFF30583BC
:10A270003BB908F09DFC0228F0D1012007F04AFF0D
:10A28000ECE70120F1E700BF400100202DE9F84391
:10A2900007460D4600B9FEE700293BD01E4B186863
:10A2A000A0B31E4E0C46B046EFF3108972B6D6F836
:10A2B0002C21D6F830319A422AD0D6F82821D6F867
:10A2C0002C11D6F830311144C91AB1FBF2F302FB5C
:10A2D0001313D8F82821013AD11A0ED0A14201D285
:10A2E00094420AD3A142A5EB040028BF214638447A
:10A2F000FFF7B0FE0028C8BF241A89F3108824B1E4
:10A30000FFF7AAFF80B20028CED0281BBDE8F88353
:10A310000023DEE70846F9E7B4C000204001002032
:10A320002DE9F843002506460C4690461F46A946EF
:10A33000BD4201DBBDE8F88321684B1C7F2B04D9AB
:10A340003046FFF7A3FFC4F800902368013506F8F4
:10A350000380236801332360EAE7000030B5A1B031
:10A360000D46002104467C2201A8009113F060FEF6
:10A37000074B186848B12946064B6A46204600F04C
:10A3800060F801466846FFF781FF21B030BD00BF8D
:10A39000B4C0002021A300000FB407B504A951F8F0
:10A3A000040B0191FFF7DAFF03B05DF804EB04B092
:10A3B0007047002307B50DF107008DF80730FFF750
:10A3C0009DFE0028CCBF9DF807004FF0FF3003B082
:10A3D0005DF804FBF8B514461D462022431A0134EB
:10A3E000DDE9066739463046A84714F8012D02B961
:10A3F000F8BD012339463046A847F6E7F0B50024FA
:10A4000004700C6824B93023437001231846F0BD52
:10A41000002B00F1010514BF3727572726460135C9
:10A42000B4FBF2F402FB1463092B94BF03F1300177
:10A43000F9182B46B24203F8011DA3EB0003EDD936
:10A44000E4E72DE9F0471F4690B000230546164685
:10A450000C464FF00A0A039305932A78002A00F06D
:10A46000AC80252A38D0012303A930460135B847EE
:10A47000F3E70AFB08381546A8F130086B786A1C28
:10A48000A3F130010929F4D92E2B05D1154612F874
:10A49000013F303B092BF9D9A946013599F8012034
:10A4A00002F0FB03682BF7D0642A01D0692A16D189
:10A4B00054F8043B0A2204A90493012307A8FFF7D8
:10A4C0009DFF03AB07AA014602444046CDE9006365
:10A4D0003B46FFF77FFF0AE04FF00008CEE702F0AF
:10A4E000DF03462B06D1073424F00704083409F1B2
:10A4F0000205B2E7582B17D154F8043B05A907A869
:10A500000593B2F178034FF0100218BF0123FFF753
:10A5100075FF03AB07AA014602444046CDE900633C
:10A520003B46FFF757FFE2E76F2A1BD0622A19D09C
:10A53000702A0BD0752A15D0632A23D154F8042B26
:10A540000123D2B203A93046B847D0E754F8043B00
:10A55000042206A905A8069313F042FD1022012348
:10A5600005A9ABE754F8043B6F2A059306D0622A8D
:10A5700006D0702A0CBF10220A22F0E70822EEE76C
:10A580000222ECE7732A16D154F8045B002DAED0FA
:10A590002846013DF6F716FF2022A8EB000303A989
:10A5A0003046B84715F8012F002AA0D0012303A98F
:10A5B0003046B847F6E70123C4E7039810B0BDE87A
:10A5C000F08720B1436823B15B6900681847032016
:10A5D000704706207047F0B50C4685B0002105464F
:10A5E000CDE90032039168B3416869B3E6090C27ED
:10A5F00046EA4406F6B207FB0607397F31BB03A8DB
:10A60000F7F717F9012103983977F7F723F914F0D1
:10A61000800F6968286814BF8F68CF682146DDE91C
:10A620000032B847044650B103A8F7F702F90C20EE
:10A63000002300FB065503982B77F7F70BF920460C
:10A6400005B0F0BD0324FAE70624F8E70224F6E794
:10A650007FB50B7A0446112B35D0122B38D0102B36
:10A660003AD10126002580F8A76001A80195F7F7E7
:10A67000E0F8019884F8A860F7F7ECF82A460E2174
:10A680002046FFF79EFF01A8F7F7D3F8019884F85A
:10A69000A850F7F7DFF8022304F1900284F8A450E1
:10A6A00084F8A63023461D77C3E905550C339A423A
:10A6B000F9D123690022012120469847002084F81F
:10A6C000A75004B070BD0369002202219847F8E743
:10A6D000036900220321F9E703F00F02052A1ED8BF
:10A6E000DB0943EA42030C2202FB03025069B0B1CA
:10A6F000086801904868497A02908DF80C1061B1A1
:10A700000022227784F828200C2201A9204602FB8F
:10A710000343D3E90552A847D3E71177F4E70120B3
:10A72000CFE703460A4610B5C9B1C0B10469C4B148
:10A7300090F8A84054B10C7A14F00F0F06D014F022
:10A74000700F03D1BDE81040FFF782BF1146D868F3
:10A75000F7F7A2F900280CBF0020022010BD03204B
:10A76000FCE70120FAE700221146FFF72ABF37B5C0
:10A770000446D0B1436823B15B6800689847002362
:10A780006360E06818B1F7F7DBF90023E3600025A8
:10A7900001A80195F7F74DF80198256084F8A550B8
:10A7A000F7F758F8284603B030BD0320FBE7000058
:10A7B0002DE9F74306460F469046002A64D0002351
:10A7C00001A80193F7F735F8304B01981D681C4636
:10A7D00065B393F8A530B34228D1F7F73BF80125CC
:10A7E00029E084F8A560F7F735F82761274B2A465A
:10A7F0002F4684F8A56084F8A45084F8A75001324D
:10A800001F770C2AC3E9057703F10C03F7D1B31EB8
:10A81000012B14D901A80197F7F70BF801982760CD
:10A82000062584F8A570F7F715F804E0002DD8D0B8
:10A830000225F7F70FF8284603B0BDE8F083144B64
:10A840000821144F63603846E760F7F709F981463D
:10A8500020B1A7F10800FFF78AFFC0E7C8F8004061
:10A86000A7F108026368304611461B689847054601
:10A8700030B1A7F10800FFF77AFFC8F80090DAE7D7
:10A88000022384F8A630D6E70325D4E7F808002091
:10A89000643902000009002001F00F0141F080013D
:10A8A000FFF799BE01F00F01FFF795BE20B1436895
:10A8B00023B11B69006818470320704706207047C2
:10A8C00070B4B8B1C9B1C2B18C7804F00F05052DD0
:10A8D00013D8E4090C2644EA45041568526806FBBF
:10A8E00004039A6100225D611A770A46022170BC56
:10A8F000FFF767BE032070BC70470420FBE72DE91B
:10A90000FF4100270C4601F00F0805468DF807109F
:10A91000039738B303A8F6F78CFF0123039885F853
:10A92000A830F6F797FF0DF1070203212846FFF73D
:10A9300048FE064603A8F6F77CFF039885F8A87042
:10A94000F6F788FFB8F1050F0ED8E4090C2344EAA6
:10A95000480403FB0453C3E905771F77304604B06E
:10A96000BDE8F0810326F9E70426F7E707B58DF87F
:10A97000071001F00F01052907D80DF10702042186
:10A98000FFF71FFE03B05DF804FB0420FAE707B5EC
:10A990008DF8071001F00F01052907D80DF1070206
:10A9A0000521FFF70EFE03B05DF804FB0420FAE773
:10A9B000DAB1023906291AD8DFE801F004071113C9
:10A9C000090E15000F21FFF7FCBD1021FBE790F8E1
:10A9D000A63000201370704790F8A430F9E70621E4
:10A9E000F1E70721EFE70921EDE704207047012097
:10A9F000704703390B292BD8DFE801F0062A2A0912
:10AA00000F2A2A2628222A241121FFF7DABDFAB1BB
:10AA1000137880F8A6300020704790F8A630032BFA
:10AA20000AD0AAB11378142100F1A40280F8A4304E
:10AA3000032380F8A630E8E700F1A4020821E4E748
:10AA40000A21E2E70B21E0E70C21DEE70D21DCE73C
:10AA5000012070471FB5044678B100234FF0FF3244
:10AA600001A9C068ADF80C30CDE90133F7F748F81B
:10AA700018B901A92046FFF7EBFD04B010BD4369EA
:10AA800003F1200203F500718361F0B51A602032F2
:10AA90001B688A42FAD10022056900F11C0400F10A
:10AAA0004C071A6010234FF0010E4FF0400C80F855
:10AAB0007C304368D3F8401121F47F01C3F8401182
:10AAC000D3F84011C3F84011D3F8A81141F00801A0
:10AAD000C3F8A811D3F8A81121F00401C3F8A811F4
:10AAE0002946C1F808E0403151F8406C6CF31A4631
:10AAF00041F8406C11F8086C44F8042BA74262F34B
:10AB00000006E26201F8086CEBD140F24711C3F88D
:10AB10005851C3F85421C3F8481180F87E20F0BD85
:10AB20002DE9F04F0D4689B01F46CB094900044678
:10AB30000393002301F01E010592079341EAD51B00
:10AB4000002800F0FA8003694FEA8B1803EB8B139F
:10AB500093F8386016F0010600F0F18090F87E302E
:10AB6000A3B907F57F5307A83F33B3F5804F2CBF38
:10AB70004FEA93394FF00109F6F75BFE94F87CC079
:10AB8000CC4507D202260798F6F764FE304609B096
:10AB9000BDE8F08F4FF00009D4F818A004EB8B014A
:10ABA000CE46DAF80020B7F5804F02983B46019276
:10ABB000524628BF4FF480430497BEF1000F08BFF0
:10ABC0001046DDF804A00CF1FF3CFF1A02904FF094
:10ABD00001005FFA8CFC10604FF000005060059897
:10ABE00070449060906800F5805020F47F6020F001
:10ABF0000F00D060D06800F580501061106900F53A
:10AC000080505061506900F580509061506863F346
:10AC10001E405060D069D2F808B063F31E30CBF309
:10AC20000B0BD06120F0004020F47F6020F00F007B
:10AC300040EA0B00D06103D1506840F400405060FE
:10AC400050684FF0800B9E446BF307005060C86C57
:10AC500000283BD00260CA64002FA2D1019A15F0EF
:10AC60000F0184F87CC0A2611CD1039AD2B1226981
:10AC700002EB080090F83800800713D5049888B1DB
:10AC8000D08E98420ED952F80800C0F30A40B3FBA8
:10AC9000F0FC00FB1C332BB952F8083067F35D73EE
:10ACA00042F80830ED08012305F010050D4303FAC2
:10ACB00005F5B9F1000F21D16368D3F8B0212A421C
:10ACC00008D007980026F6F7C5FD5FE7B146CA61D0
:10ACD000CA64C1E7D3F8402142F48042C3F840215E
:10ACE000D3F8B811D3F840215204F3D5D3F840215A
:10ACF0000D4222F48042C3F84021E2D123699844F6
:10AD0000029BC8F808300023C8F80C30BFF34F8FFF
:10AD10000C4A6368C3F8B051D3F8B8112942D0D1B6
:10AD2000013A03D10798F6F795FD2FE7D3F8BC1148
:10AD30002942C6D1C3F8B051EEE7032626E7012623
:10AD400024E700BF809698002DE9FF4702EB4109F8
:10AD5000002541EAC212064600EB8908DFF8B4A0DC
:10AD60004FEA8919D8F81C40D7B224F01F04CDE966
:10AD7000015514B904B0BDE8F087019B3BB9A36845
:10AD8000A28B03EA0A03C2F30B0213430193636825
:10AD90001A0638D4E2696168C2F31233029AC1F329
:10ADA0000E415B1A1344D8F84C200293D8F81C309B
:10ADB00093422BD1C8F81C500122C8F84C5033697B
:10ADC0004B449A60DD6063681B0404D4D8F81C30DF
:10ADD00033F01F0309D101A930688DF80C708DF88C
:10ADE0000D50FFF79EFCCDE90155B3696560236006
:10ADF00096F87C30B461013386F87C30D8F81C407A
:10AE000024F01F04B5E74FF0FF33CCE71B68C8F808
:10AE10001C30D8E700F0FFFF2DE9F041304B86B041
:10AE2000054688460193A3F58043174602932D4BB0
:10AE300093E8070006AB03E90700AB1EDAB2012A6C
:10AE400048D8294A1678002E46D10121274C284699
:10AE50001170274A84F87F50013D626102F500625B
:10AE6000EDB2226106AA02EB830353F8143C63603F
:10AE700005F06EF806ABA06003EB850555F80C3CB9
:10AE8000E3606368D3F8402142F00202C3F8402136
:10AE9000D3F840219207FBD4D3F8242102F01F02FB
:10AEA000052A84F87D2019D9D3F8A8210F4822F06B
:10AEB0000302C4F80080C3F8A821D3F8A82142F007
:10AEC0000202C3F8A821FFF7DAFD3C60304606B065
:10AED000BDE8F0810626F9E70326F7E70126F5E746
:10AEE0000000434044140200E4C1002060C100207F
:10AEF0000010002008B9032070470B4B984202D184
:10AF00000A4B00221A7043680020C3F84801D3F8A6
:10AF1000402122F00102C3F84021D3F8402142F041
:10AF20000202C3F84021704760C10020E4C1002044
:10AF300001F00F0141F08001FFF7F2BD01F00F01B8
:10AF4000FFF7EEBD2DE9FF474FEAD10801F00F03EF
:10AF50004C00002608F010080F4604F01E040546B9
:10AF600048EA03034FF0010844EAD114009608FAB6
:10AF700003F8002800F084806846F6F75AFC4FF08A
:10AF8000FF330FFA84FE019605EB84040293E26915
:10AF900022F01F0213468BB919461E46DFF8E490D3
:10AFA0009C469AB901B101932B6903EB8E1E0123D4
:10AFB000CEF808300023CEF80C3050E0D97F41F0B5
:10AFC0008001D9771B6823F01F03E4E792F91F0083
:10AFD000002842DA5068000627D43BB99168938B69
:10AFE00001EA0901C3F30B030B430121D4F81CA0B0
:10AFF000E06C82452BD1C4F81CC0C4F84CC050682A
:10B00000000428D4E06930F01F0008BF0126A869B9
:10B01000C2F804C01060AA6195F87C20013285F85E
:10B020007C20E26922F01F02BBE76868D0F8B4A177
:10B030004AEA080AC0F8B4A1D0F8B4A11AEA080F85
:10B04000FAD1D0F8B8A11AEA080FEFD1C5E7DAF8BB
:10B050000000E061D3E70126D9E701B10193009830
:10B06000F6F7F8FB46B1002601A928688DF80C70A8
:10B070008DF80D60FFF755FB304604B0BDE8F08752
:10B080000326F9E700F0FFFFCA0803692DE9F04144
:10B0900002F0100201F00F04012605462243CF09F9
:10B0A0009640620042EAD11203EB82134FEA821803
:10B0B00093F838206FF3000283F83820FFF742FF3F
:10B0C0006B68D3F8B021324224D1D3F8B821324092
:10B0D00020D1296941F808206CB9002FD3F8C0218C
:10B0E00014BF6FF40D016FF08D010A40C3F8C02149
:10B0F0002046BDE8F08103EB8404002FD4F8C03172
:10B1000014BF6FF40D016FF08D010B40C4F8C03116
:10B110001446EDE70224EBE72DE9F74F0C461646FF
:10B120000546002800F0AC81142900F2AB81DFE86D
:10B1300011F0150020002900B900C200E900190132
:10B140001F012700A901A901A9015101A9018F012E
:10B15000A201A901A901A901A90147014268D2F8E8
:10B16000403143F00103C2F84031204603B0BDE84E
:10B17000F08F4268D2F8403123F00103C2F8403129
:10B180000024F2E7002A00F07D8192F802A092F8F4
:10B1900003B04FEADA090AF00F08514609F0100926
:10B1A00049EA08034FF0010909FA03F913880193EA
:10B1B000FFF7C8FE6F68D7F8B02119EA020FD4D1A3
:10B1C000D7F8B82119EA0209CFD1019B4FEA48010B
:10B1D0002A694FEADA1CC3F30A0E0BF0030341EAB3
:10B1E000DA11012B4FEA811002EB81112BD1348847
:10B1F000BEF5806F1558C4F3C12428BF4FF4806E8C
:10B20000013464F39F751550145891F838506EF35B
:10B210001A441450347964F3410581F83850B8F178
:10B22000000F15D1145844F000541450145844F42D
:10B2300000441450D7F8C021BCF1000F1ED19B0070
:10B2400043F0C0031DE0145869F39F741450DBE70A
:10B25000B4FA84F41558640964F35D7515501458F4
:10B260006FF3CF34145007EB8802D2F8C001BCF161
:10B27000000F10D19B0043F0C0030FE09B0443F488
:10B2800040031343C7F8C03191F8383043F001034D
:10B2900081F8383074E79B0443F440030343C2F859
:10B2A000C031F1E7002A00F0ED80117803B0BDE86D
:10B2B000F04FFFF7E9BE002A00F0E480167816F0A0
:10B2C0000F040ED12146FFF73DFE80212846FFF7EF
:10B2D00039FE6A68D2F8C03143F00113C2F8C031B8
:10B2E00043E73146FFF72EFE6B68F20903EB840457
:10B2F00014BF4FF480320122D4F8C0311343C4F894
:10B30000C0313DE7002A00F0BD8011786B6811F074
:10B310000F024FEAD1100ED10028D3F8C02114BF7C
:10B320006FF480306FF0010002402846C3F8C0215E
:10B33000FFF708FE24E7002803EB820318BF6FF431
:10B340008030D3F8C02108BF6FF0010002EA00028C
:10B3500014BF4FF480004020C3F8C021D3F8C021AF
:10B360000243E2E7002A00F08D8000241480FCE60E
:10B37000002A00F08780137803F00F04052C00F2F8
:10B380008180DB09426874B16F34002B02EB8402C8
:10B3900014BF4FF48033012352681A4214BF0123B3
:10B3A00000237380ECE6002BD2F8C02114BF4FF4C9
:10B3B000803301231A4214BF012300237380D4E693
:10B3C000002A5FD0337842685B0643F08073C2F88E
:10B3D0005431D5E64268D2F8A43143F4FE03C2F8F2
:10B3E000A4314FF0FF3283681A60AB681C6B14F015
:10B3F00000542BD16A68D2F8441141F08001C2F8A0
:10B400004411D3F8C41041F48021C3F8C410D2F819
:10B41000841141F40001C2F884111A6BE96842F406
:10B42000600242F400721A630A6842F0005242F469
:10B4300040320A600A6842F480620A601A6B42F085
:10B4400080421A63012385F881308EE600BFCCE785
:10B45000002464F07F01E6B228460134C9B2FFF748
:10B4600013FE31462846FFF70FFE062CF1D1284681
:10B47000FFF705FB84E62AB190F8803013707FE671
:10B48000032472E6012470E62DE9F04F87B000280E
:10B4900000F08E800468E268636811684D050CD581
:10B4A0001168002909DAD3F8841121F40001C3F8E6
:10B4B0008411116821F480611160D3F84411D3F82C
:10B4C000482101EA020818F0400FC3F8448118D05F
:10B4D000D3F8AC214FF0FF11C3F8AC21D3F8BC2155
:10B4E000C3F8BC21C3F8B411D3F8B02112F0FF1F88
:10B4F000F8D1D3F8843113F480735CD0012384F83D
:10B500007E3018F0010F0CD06368D3F8AC61002EC8
:10B510005BD16268D2F8BC31C2F8BC31002B40F07C
:10B520009B8018F0040F31D000238DF8153062682D
:10B53000D2F8845115F48075CDE9033314D1D2F8D3
:10B54000843113F4007F14BF0223002384F8803079
:10B5500094F87E3043B1102303A98DF8143020688D
:10B56000FFF7DFF884F87E5094F8813073B1636898
:10B57000D3F8843113F0800308D184F8813012238A
:10B5800003A98DF814302068FFF7CBF818F4807FFA
:10B590000ED06368D3F884311B0609D5002303A9B4
:10B5A000CDE903331123ADF814302068FFF7B9F863
:10B5B00007B0BDE8F08FCDE90333102303A9ADF840
:10B5C00014302068FFF7ADF89BE70025012726FA25
:10B5D00005F35FFA85F9D8073AD52369494620462D
:10B5E0004FEAC51A03EBC51B1BF8302FD209009296
:10B5F000FFF7AAFB009A2046494682F00102FFF7B6
:10B60000A3FB08238DF8149007FA05F28DF8157046
:10B6100004936368CDF80CB0C3F8AC21226952449E
:10B62000D2E90A0CD3F8401141F40051C3F840119B
:10B63000D3F840118904F5D503A9C2E90C0CD3F85D
:10B640004021206822F40052C3F84021FFF769F836
:10B650000135062DBBD15CE74FF0000B23FA0BF24E
:10B660005FFA8BF7D60705D40BF1010BBBF1200F66
:10B67000F4D156E7BBF10F0F85BF103F0122002226
:10B68000FFB2052FF0D802EB470900215FFA89F9D4
:10B69000CDE9031167B95AB1216991F8780085079E
:10B6A00006D5086C800003D4086C40F00050086494
:10B6B00004EB89064FF0000A47EAC211F56907EB6F
:10B6C000021701224FEA891925F01F05009102FA9D
:10B6D00007F7002DC8D0F56925F01F052A465AB195
:10B6E0005168090602D4516808046DD551680906ED
:10B6F000BAD452681204B7D5002DB5D069680806CF
:10B70000E7D4039949B9A968A88B21F47F61C0F3F4
:10B710000B0021F00F01014303916868E969C0F350
:10B720000E40C1F31231091A04980144F06C0491DF
:10B73000F16981424CD1C6F81CA00122C6F84CA088
:10B74000216949448A60C1F80CA06968090403D4DE
:10B75000F16931F01F020CD1019303A9009B8DF810
:10B7600015A08DF814302068FEF7DBFF019BCDE9B2
:10B7700003AAA169C5F804A0296094F87C10A5610A
:10B78000013184F87C10F16931F01F013FF46CAF96
:10B7900048680D460206AFD56268C2F8B071D2F8AB
:10B7A000B8010742A8D1D2F8B0010742FBD1D2F8C4
:10B7B000B80117EA000E9FD1206948448160C0F8A3
:10B7C0000CE0C2F8B07197E7126822F01F0286E71A
:10B7D0000968F161B9E770B51346066900220446AD
:10B7E0000D46826116B111464069B047294620686E
:10B7F000BDE8704003F0EDB92DE9F3410F46164660
:10B800001D46BDF82080044648B301A9006803F036
:10B81000C3F930BB0A9B019A23610B9BD06963611A
:10B82000099BC2E90138104BC2E904340770467025
:10B83000A36845809B6CE1689B78A0F806808380B4
:10B84000206803F045F938B10199206803F0C1F987
:10B85000012002B0BDE8F081019BA361F9E703205C
:10B86000F7E70220F5E700BF6DB8000070B513469A
:10B870000669002204460D4682611EB1CA6840690D
:10B880004968B04729462068BDE8704003F0A1B977
:10B89000F7B506461C200F46F5F7BCFF0446A0B1DD
:10B8A000002501AA082146608560304603F0A9F909
:10B8B000019B01AA09212360304603F0A2F9019BF4
:10B8C0002846E3603C6003B0F0BD0C20FBE70000BD
:10B8D000F7B5089F14461E460546002834D08160FF
:10B8E000406801F0CBFA002830D144B926B1234694
:10B8F000224621463846B047204603B0F0BD01A994
:10B90000286803F049F918BB019A40F60131114B40
:10B91000C5E90467C2E90435D3691980A968896C4F
:10B9200089785C809980D880E968C2E9010028683C
:10B9300003F0CEF8044610B9019BAB61DCE7019936
:10B94000286803F046F9D7E70424D5E70446D3E78F
:10B950000124D1E7D7B7000070B50D460646C8B13F
:10B96000A1B1C96871B1AA6972B1286803F003F97D
:10B970000446A968304601F0BDFA2846F5F757FF9E
:10B98000204670BD0C46F4E71446F2E72C4601F061
:10B99000B1FAF5E70324F3E71FB5CDE9022300224E
:10B9A000CBB22121CDE90022FFF726FF05B05DF8DB
:10B9B00004FB1FB5079C9BB20394069C0093CBB27B
:10B9C0002121CDE901240122FFF716FF04B010BDAB
:10B9D0001FB5079C9BB20394069C00930B46A121C4
:10B9E000CDE901240222FFF707FF04B010BD1FB507
:10B9F000CDE90223062301910322A1210093002314
:10BA0000FFF7FAFE05B05DF804FB70B5066A044660
:10BA10000D4613461EB1CA68406A4968B0472946B8
:10BA20006068BDE8704003F0D4B8406803F0D1B856
:10BA300070B51346866A002204460D46C2611EB1E7
:10BA4000CA68C06A4968B04729466068BDE8704066
:10BA500003F0BFB82DE9F3411D46C36904460F4604
:10BA60001646BDF8288043BB01A9406803F094F84E
:10BA7000E0B90B9B019AA3620C9BD069E362099B1E
:10BA8000C2E901380E4BC2E90434BDF8203007701A
:10BA9000467045808380A0F806802169606803F0C5
:10BAA00017F828B10199606803F093F8012001E0CC
:10BAB000019BE36102B0BDE8F0810220FAE700BF1C
:10BAC00031BA0000F7B5002506464C200F46F5F7C1
:10BAD000A1FE0195044678B320210820FAF736FF2D
:10BAE000202160630420FAF731FF20212064042024
:10BAF000FAF72CFF2021E0630120FAF727FF01AAC3
:10BB00000821A0633046C4E9026503F07AF8019B7E
:10BB100001AA09216360304603F073F8019B01AA72
:10BB200007212361304603F06CF8019B284684F816
:10BB300032303C6003B0F0BD0C20FBE72DE9F04350
:10BB40000E4685B090461F460546002860D0C1606D
:10BB5000806801F093F904468146002852D1696952
:10BB600051B10246686803F006F86969686802F036
:10BB7000A6FF0446C5F8149096F854C000234FF071
:10BB80000C0EDAB294450AD8B8F1000F39D1002F63
:10BB900038D04346424641460C98B84732E00EFB47
:10BBA00003F2B05890F90210827800292EDAC17899
:10BBB00001F00301032929D1AB68009302F00F03C0
:10BBC0006A468DF8093083798DF808304379017918
:10BBD000686841EA032140F20133ADF80A300023DE
:10BBE000C1F30A018DF80C3040F6B833ADF80610F9
:10BBF00005F11401ADF8043002F058FF04460028A6
:10BC0000C2D00124204605B0BDE8F0830133B8E777
:10BC10000324F7E770B50C46064680B359B349696B
:10BC200039B30022606802F0A6FF6169606802F023
:10BC300046FF002305466361216929B1E2691AB113
:10BC4000606802F098FF0546E168304601F052F95D
:10BC5000606BFAF79CFE206CFAF799FEE06BFAF73E
:10BC600096FEA06BFAF793FE2046F5F7E0FD284616
:10BC700070BD0D46E0E7254601F03CF9F7E70325E6
:10BC8000F5E70000F7B50E4615461F460446C0B15D
:10BC900001A9406802F080FF88B9089B019A63629D
:10BCA000094B276261696068C2E90165C2E9043431
:10BCB00002F03CFF30B10199606802F08AFF012078
:10BCC00000E0032003B0F0BD0BBA000037B50D460D
:10BCD0000446F0B101A9406802F05EFFD8B9019AAC
:10BCE00040F223310D4BC2E90434D369C2E90100AB
:10BCF00019800421D8805980606821699D8002F0F4
:10BD0000E7FE20B10199606802F063FF012003B0F3
:10BD100030BD0320FBE70220F9E700BF2BBA00008B
:10BD200010B586B0089CCDE903340023CDE901129B
:10BD30000622A0210093FFF78DFE06B010BD7FB54F
:10BD4000CDE9032300230122CDE9013300930B4603
:10BD50002021FFF77FFE07B05DF804FB10B586B029
:10BD6000089CCDE903340023CDE901121A46A02135
:10BD70000093FFF76FFE06B010BD10B586B0089CAB
:10BD800000912321CDE903340023CDE9013313468B
:10BD90000322FFF75FFE06B010BD10B586B0089C09
:10BDA00000912321CDE903340023CDE9013313466B
:10BDB0000122FFF74FFE06B010BD10B586B0099CFA
:10BDC0000494089CCDE902340023CDE900121A4600
:10BDD000A321FFF73FFE06B010BD000013B50446D7
:10BDE00078B190F8483063B990F84520064BD208F6
:10BDF0000090816B0132FFF745FF10B9032384F8EF
:10BE0000483002B010BD00BFB1C100002DE9F043C1
:10BE100090F8471085B0D0F81890044601F100580A
:10BE200008F1FF3809EBC80559F838202B79002AAA
:10BE300040F09180023B0392082B4CD8DFE803F0DE
:10BE400005156E474E54566E700003232B71204625
:10BE5000794B226C009304230194FFF7AEFF002876
:10BE600039D1022384F848301EE0036C1B68DE03DE
:10BE700008D5042310222B716F4B00902046FFF74A
:10BE80008CFFECE7D80712D50623042220462B713D
:10BE9000694B0094FFF771FFE8B9022384F848303A
:10BEA0006B790BB1013B6B7105B0BDE8F083DA0231
:10BEB00009D49F0309D41E030DD5132202232B712D
:10BEC0005D4B0094DAE71422F8E71122F6E7036CE1
:10BED0001B68D807D8D402232B7134E007232B71B9
:10BEE0002046FFF77BFFDFE70823AFE7036C1B6803
:10BEF000DA02F0D56A7972B90A225F052A7105D58E
:10BF00000223AB714C4B14220094B7E713F4007377
:10BF100018BF0123F5E709232B71F3E7052395E704
:10BF200003AA0121806802F06CFE94F83230A979EE
:10BF300001339DF80C206068DBB20195009394F802
:10BF4000473000F06DFE00233C4A84F847305360D0
:10BF500001236B71C4E70A3B4768062B12D8DFE860
:10BF600003F004194042545604000B232B71324B4A
:10BF7000226C0093042301942046FFF71EFF002843
:10BF80003FF46FAF0A232D4A2B710023536084F8CE
:10BF90004730A5E7226C0C2013682871DE0306D514
:10BFA000254B102200942046FFF7F7FEE7E79803A1
:10BFB00003D5214B11220094F5E75B030AD51E4BF4
:10BFC000122220460094FFF7E8FE0028DAD10E2363
:10BFD0002B7146E70D232B71174B0194009304231B
:10BFE000CAE70D23C2E7236C1E6816F00106C9D10B
:10BFF0000223114638462B7100F0E9FE0F4B49F839
:10C0000038605E6084F847606AE70F23AEE7226C11
:10C010007B681668D7F8DC0216F0040605D01022FB
:10C0200000212A7107229847ACE70A2231462A717B
:10C030009847C7F8DC62A5E741C00000F0C10020C6
:10C040007FB590F849200446012A2CD04BB100233B
:10C05000554A80F84830536080F84730FFF7BEFEFD
:10C0600021E090F84820012A40F0968080F848307E
:10C07000039390F84430023B052B00F28B80DFE8FD
:10C0800003F0031489306A4E0323072280F84430FA
:10C09000464B0090616B2046FFF742FE002879D1A5
:10C0A000012384F8483004B070BD456B03AA0C210D
:10C0B000806802F0A6FDEB78BDF80C20C3F34113B5
:10C0C0000133DB00039313442386AB78072B84F8FA
:10C0D0004530E8D805230822009484F84430334BD7
:10C0E000D8E785694DB990F84500C000F5F792FB97
:10C0F000A06100284ED084F8465094F8461094F879
:10C100004520914210D20131284B08222046C9B265
:10C11000009484F84610FFF730FE0028C0D00023BA
:10C12000204684F8443099E700234FF4817519467E
:10C13000184684F8473003939A4203D80029EED07A
:10C140000392ECE7A16901EBC30641F83300013328
:10C150000121B580F0E7C26BD178937843EA0123DF
:10C160000021DA07039380F844100DD503460F4AE7
:10C170002046FFF7E4FD0028D1D1012384F84830A0
:10C18000072384F844308EE79B07C8D50346074A47
:10C190000121EDE70123F4E7022A84D180F8483039
:10C1A000FFF734FE7FE700BFF0C1002041C0000070
:10C1B0002DE9F34190F849200446012A3DD00022A0
:10C1C00080F848205BB1C369002B36D1274A80F83C
:10C1D0004730536002B0BDE8F041FFF7FFBD1D4698
:10C1E000224E0627DFF88880A36BC5F3C401EAB2AC
:10C1F000595C05F00703D940CB0714D57368FAB929
:10C2000023B19C420FD194F8473063B943460422CE
:10C21000E16B204684F844700094FFF79FFD48B11D
:10C22000002384F84430013594F84520EBB29A425B
:10C23000DAD20FE0012384F8483002B0BDE8F08183
:10C2400033B19C42EFD194F847300BB19342EAD11D
:10C25000E3690BB12046BDE72046746084F84720AF
:10C2600002B0BDE8F041FFF7D1BD00BFF0C1002032
:10C2700041C00000DBB22DE9F043022B85B04FF046
:10C2800000040D461746CDE9024400F08780032BD9
:10C290002AD0012B24D0204605B0BDE8F08309FB4D
:10C2A0000676B36C5A79092A10D19C7974B903AA1D
:10C2B0000721284602F0A5FC039B052B06D8684BF6
:10C2C0001D60684B1E60684B1F60E4E708F10108C1
:10C2D00097F8C2315FFA88F6B342E0D80824DAE76B
:10C2E000A0464FF05809F3E75D4F3A680AB90024B9
:10C2F000D1E75C4E3368002BF9D003AA072128460A
:10C3000002F07FFC03995948FEF746F803AA012181
:10C310002846574D02F075FC03995648FEF73CF845
:10C32000EC6834B905F11000E860F5F79BFA00B14C
:10C33000EC60386802A9FFF7C5FB0446E868029F75
:10C3400018B14FF0FF31F5F7A7FAAB68E8683B602A
:10C35000AF6008B1F5F7C0FA4FF44073A7F84A3060
:10C36000414B1B68D3F8B831DB799B0644BF0123EE
:10C3700087F84A30002C8ED10223012522460298EC
:10C3800087F8443087F848503B4B00973168FFF7F7
:10C39000D5FB0028ABD087F844507CE7344FF868D1
:10C3A00018B14FF0FF31F5F777FABB689A681C684F
:10C3B000AA4240D1BC601C46F86808B1F5F78CFA77
:10C3C0005CB37B6803AA0721A068A3424FF0000674
:10C3D00008BF0023B14608BF7B6002F012FC03993E
:10C3E0002648FDF7D9FF03AA0121284602F009FCDF
:10C3F00003992048FDF7D0FF012384F8493094F8D1
:10C4000045305FFA86F8A06943451CD808B1F5F7B6
:10C410000EFA21462846FFF7FDFBBC68002C7FF48E
:10C4200066AFF86800283FF462AFF5F76DFAFC607C
:10C4300031E723461446002CBED0A1682268A942E9
:10C44000F7D11A60B8E740B150F8381029B16068E8
:10C4500000F0BDFCA36943F838900136CFE700BF78
:10C46000ECC1002004C20020E8C100207C39020099
:10C47000F0C100209339020041C00000A039020041
:10C48000002373B501930E46134B15469C6814B9EF
:10C49000012002B070BD01AA0121A06802F0B1FB29
:10C4A000019B9E4201D02468F1E705F10053A16988
:10C4B0000022013B41F8332001EBC300012303714B
:10C4C00094F84730AB4201D184F8472029462046F2
:10C4D000FFF7FCFBDCE700BFF0C10020002337B50D
:10C4E000CDE90033104B0D469C6814B9204603B0CB
:10C4F00030BD6A460121A06802F083FB009B9D428B
:10C5000004D02468F1E701950198F0E76A46042118
:10C51000A06802F076FB009B022BF4D001AA052153
:10C52000A06802F06EFBEFE7F0C10020002373B5B6
:10C53000CDE90033114B0E4615469C6814B92046D0
:10C5400002B070BD6A460121A06802F05AFB009B50
:10C550009E4204D02468F1E701950198F0E76A460D
:10C560000421A06802F04DFB009B022BF4D001AA2D
:10C570000521A06802F045FBEFE700BFF0C10020F5
:10C58000002337B501930D46084B9C6814B920462B
:10C5900003B030BD01AA0121A06802F032FB019B6B
:10C5A0009D4201D02468F1E7208EF1E7F0C1002020
:10C5B00090B189B1D0F8D8229142136805D1C0F862
:10C5C000D832002070471A460346002BF9D08B4220
:10C5D0001868F8D11060F4E70320704707B58DF8AC
:10C5E000071050B1D0F8D4320DF1070202210068D3
:10C5F0009B69984703B05DF804FB0320FAE738B560
:10C600000C4605464FF0FF318068F5F745F9611E8D
:10C61000012305EBD10201F007018B4092F8E912EA
:10C6200021EA030182F8E912A868BDE83840F5F76D
:10C6300053B92DE9F041804642EA034546680C466D
:10C6400001B3002391F8CA1104F1500C4FF0580EB9
:10C650001A461F46D8B281421AD886B3012A00D0A2
:10C6600009BB2A4604F108012046B04706461FB31D
:10C670002B4604F1080221464046FFF7FBFDA6B910
:10C68000002003E02A460846B0470320BDE8F081B9
:10C690000EFB03F001335CF800004079092814BF59
:10C6A00001220127D6E70126E1E70028E8D0012D85
:10C6B0000CBF08200120E9E7002EF8D1E0E7002FA9
:10C6C000F5D03E46D4E7000030B590F8E45185B08F
:10C6D0000446082D61D06946406802F05DFA0028E2
:10C6E00067D10099023D344BC1E90434CB6918701D
:10C6F0009880D8805880052D26D8DFE805F0031EE5
:10C70000032735421222ADF80C2094F8E421022AC6
:10C7100004BF0822ADF80C20D4F8CC2102920122EB
:10C72000ADF80420002220468DF806204FF4D06298
:10C730001A8001AA02F01DF906E0052220465A706F
:10C7400004F5F47202F00EF905B030BDD4F8D8212A
:10C75000029202228DF8042094F8E3218DF805203E
:10C760000922ADF80C20DDE7D4F8D4210292022290
:10C770008DF8042094F8E3218DF80520B4F8DC212D
:10C78000EFE7D4F8C021204652795A8009225A7026
:10C7900000231A4602F0D2F8D6E70146002303220E
:10C7A0004068FFF746FF0028CED1092384F8E43122
:10C7B000CAE70120C8E700BFBDC700002DE9F0416E
:10C7C000154604464068CF6802F003FA7DB901239C
:10C7D000254E84F8E63194F8E431013B06EBC302C0
:10C7E00052685ABB16F8333084F8E43107E00A2D5A
:10C7F00012D194F8E6318BB1013B84F8E631204642
:10C80000FFF762FF70B301252B46214660680522C1
:10C81000BDE8F041FFF70DBF0E2DF5D00B2594F8C4
:10C82000E531002BF0D0013B84F8E531012384F899
:10C83000E631002384F8E3310223D5E73946204668
:10C840009047054618B994F8E431013BCAE7092836
:10C8500006D194F8E43106EBC30616F8073CC3E7AB
:10C860000828DCD1BDE8F081B83902002DE9F84F85
:10C87000D0F8D0210446436890F8E4010238042837
:10C8800014D8DFE800F003151E234E00082903D05A
:10C8900001252846BDE8F88FD4F8CC11C9799181DB
:10C8A000D3F8D4128C6905211868A0470025F0E759
:10C8B00094F8E81184F8E911D3F8D4128C690421B2
:10C8C000F2E7B1F1120518BF0125E2E70929DFD12E
:10C8D000D4F8D821D4F8D401D178937843EA01234D
:10C8E000A4F8DC3120B1FAF752F80023C4F8D431AF
:10C8F000B4F8DC01A0F10903B3F59C5FC8D283074B
:10C900001BBF20F00300202120210430FAF71EF87D
:10C91000C4F8D401D4F8D431002B14BF00250C2561
:10C92000B7E7B4F8DC318B42B2D1D4F8D4311B7AFA
:10C93000FA2BADD894F8E33104F2CB120021013385
:10C9400084F8E331E31D03F8011F9A42FBD1D4F8C8
:10C95000D431B4F8DC21581CA4F8DE111A44A4F830
:10C96000E01184F8E211824292D91D78092D8FD10D
:10C97000587802288CD1C4F8C0310933A4F8C81102
:10C98000C4F8C41184F8CA119A4206D80021582666
:10C990004FF00C0E4FF0000C67E0591C8A42F5D99D
:10C9A00059780429F2D0D4F8C40108B9C4F8C431C4
:10C9B00000293FF46DAF197800293FF469AFB4F84E
:10C9C000C8010B440844A4F8C801DDE7581C8242A2
:10C9D0007FF65EAF587804287FF45AAF03F1090060
:10C9E0008242FFF455AFD878002840F0928094F846
:10C9F000CA91B9F1040F3FF64BAF19FB06F809F1E4
:10CA0000010708F1080184F8CA71A04406FB094730
:10CA1000214488F85B0088F85C003B65A8F8580062
:10CA20007865987888F85A00187800283FF430AF75
:10CA300003449A421CD806FB09F904EB090ADAF808
:10CA40005000007988B15F1CBA427FF621AF5F7851
:10CA5000052F7FF41DAF06283FF61AAFDAF85070A5
:10CA600098F85C003F7987421CD89A42AED867E0BC
:10CA7000581C8242DFD993F801A0AAF104000128D2
:10CA8000D9D9786D00B97B65BAF1000F3FF400AFDA
:10CA9000187800283FF4FCAEB8F858A08244A8F8F3
:10CAA00058A0C5E75F1CBA427FF6F2AE5F78052F4B
:10CAB0007FF4EEAE0EFB00901F7820448360A0F858
:10CAC00010C0C0F80CC0002F3FF4E2AE3B449A42C5
:10CAD00005D898F85C00013088F85C00BEE75F1C60
:10CAE000BA42F6D993F801B0ABF10407012FF0D99F
:10CAF000C76807B9C360BBF1000F3FF4C9AE1F7828
:10CB0000002F3FF4C5AEB0F810B0BB44A0F810B091
:10CB1000DCE700293FF4BCAE91F85300013081F806
:10CB20005300C86C00B9CB64187800283FF4B0AE4D
:10CB3000B1F85070034407449A42A1F8507012D8DB
:10CB4000184804F5EF7394F8CA110126001BC218A7
:10CB5000914213D80023012221466068FFF769FD46
:10CB600078B9054695E6581C82427FF67EAF587824
:10CB700004283FF47AAF0028D6D189E603F8016B88
:10CB8000E5E7D4F8CC3194F8E3215B7C9A42FFF4DA
:10CB900080AE00230422214660680825FFF749FD86
:10CBA00077E600BF22FEFFFFD0F8DC328B4208BFE1
:10CBB000002370B50C4608BFC0F8DC3291F8E911CB
:10CBC000054619B12846FFF71AFD03E094F8E8116D
:10CBD0000029F7D1D4F8D01159B10022284601F02C
:10CBE000CAFFD4F8D011284601F069FF0023C4F829
:10CBF000D031D4F8D40108B1F9F7C9FE94F8EF6147
:10CC0000D4F8CC01F9F7C3FE2046F4F710FE012E4C
:10CC100005D128460321BDE87040FFF7DFBC70BD99
:10CC20002DE9F04F85B0894690469B469DF838A087
:10CC300005460F9F002800F0C180D0F8D8626EB979
:10CC40004FF4F870F4F7E6FD0446C0B931460C2302
:10CC5000052228460C26FFF7ECFC0AE096F8EB319B
:10CC600043450AD196F8EC315B4506D100230226F4
:10CC70003B60304605B0BDE8F08F3668DFE7012342
:10CC800003224560202180F8E63180F8EA3180F8FF
:10CC9000E79180F8E52180F8E9611B20F9F756FE5D
:10CCA0000346C4F8CC0128B9F9F771FE2046F4F721
:10CCB000BEFDCBE71233B9F1020F84F8EB81C4F863
:10CCC000D83184F8ECB184F8EFA131D0BAF1010F7A
:10CCD0002ED941462846FFF701FC5A4684F8ED015B
:10CCE00041462846FFF722FC84F8EE014FF0FF3161
:10CCF000A868F4F7D1FD05F2E922002312F8011B20
:10CD0000DEB2FF2919D10133082BF7D1A868F4F757
:10CD1000E3FDD4F8CC010126F9F739FE2046F4F7FB
:10CD200086FD0123052200212846FFF782FCA0E7AB
:10CD300084F8ED8184F8EEB1D8E7002221FA02F8F8
:10CD4000D0B218F0010826D14FF001092B4409FA9E
:10CD500002F20A4383F8E92200EBC6034B4484F84D
:10CD6000E831D5F8D8322360C5F8D84284F8E49188
:10CD7000A868F4F7B1FD124B6A4604F5E87128463D
:10CD800000948DF80C80CDE9013801F08FFE064645
:10CD900028B13C60BDE70132082ACFD1B6E70223B3
:10CDA000204684F8E431FFF78FFC28B14B4605227A
:10CDB00021462846FFF73DFC3C605AE7032658E72A
:10CDC000B80B0800022380F8E431FFF77DBC70B592
:10CDD0000C460546E8B1E1B1002691F8E42181F85E
:10CDE000EA617AB1082A0FD8D1F8D01111B13246D0
:10CDF00001F0C1FE21462846FFF7DAFB2846FFF77F
:10CE0000D3FE0022104670BD33460222FFF711FC0C
:10CE1000F7E70322F6E7F8B50E4617460546D8B100
:10CE20004FF0FF318068F4F737FDD5F8D8424CB9A0
:10CE3000A868F4F751FD8CB121462846BDE8F840BA
:10CE4000FFF7C5BF94F8EB31B34203D194F8EC314E
:10CE5000BB42EDD02468EAE70320F8BD2046FCE79A
:10CE600041B1D0F8D8323BB18B4201D1002070479C
:10CE70001B68F8E70420704701207047F8B50F469B
:10CE8000044670B369B346684FF0FF31B068F4F7F9
:10CE900003FD174B93F8F952012D24D19E4222D164
:10CEA00021463046FFF7DCFF0346B06823B994F80B
:10CEB000CA5104F1080204E0F4F70EFD2846F8BD5B
:10CEC0005832D9B28D4208D99742194603F101036D
:10CED000F6D10C44022384F8DE310025F4F7FCFC83
:10CEE000ECE70325EAE7B0680125F4F7F5FCE5E790
:10CEF00010C200202DE9F04188460446002850D099
:10CF000047684FF0FF312A4EB868F4F7C5FC96F831
:10CF1000F952012D47D1B74245D121463046FFF79E
:10CF20009FFF28B1B868F4F7D7FC2846BDE8F08128
:10CF3000B8F1000F0FD094F8CA1104F10803C2B27F
:10CF4000914208D99845024600F1010012D1A31878
:10CF5000032283F8DE2194F8EA31F3B994F8CA0188
:10CF600004F5EF72D9B2884206D821461048FFF77F
:10CF70001FFB07E05833E2E712F8011B01330229D7
:10CF8000F0D10025B068F4F7A7FC012DCDD12146E2
:10CF90006068FFF709FE0025C7E7B068F4F79CFC5E
:10CFA000F9E70325C1E7B8680125F4F795FCBCE76C
:10CFB00010C200202DE9F843054680B379B34B68D1
:10CFC00083422ED1FFF74CFF064660BB91F8E43157
:10CFD00091F8EB8191F8EC9191F8EF7181F8EA0109
:10CFE00023B1082B28460ED8FFF7F1FE012F10D1F0
:10CFF00039462846FFF7F2FA02212846FFF7EEFAF3
:10D000003046BDE8F883FFF7D3FA2846FFF7CCFD9A
:10D01000ECE74A4641462846FFF732FAF0E7032696
:10D02000EEE70426ECE70026EAE7000010B54DF62F
:10D03000C024012904FB03F34FF00604B3FBF4F30F
:10D040004FF47A7403F65F43B3FBF4F319D102286B
:10D050000DD140F62300584300F51B2000F23C7030
:10D06000174B98422AD91749B0FBF1F010BD28BBE5
:10D070001548012A00FB03F30CBF14481448184458
:10D08000EEE7022807D140F62300584300F5602060
:10D0900000F6D410E4E730B90B48584300F50B0014
:10D0A00000F57970DCE7012808D1012A07BF09499A
:10D0B00009480549064801FB0300D1E70120D5E7EF
:10D0C0003F420F0040420F00544601004CF46E00F6
:10D0D00054A65F003E530A009CB1DB03836AD3F879
:10D0E000442111041AD4D3F84421D3F8401102F496
:10D0F000004201F020010A43B2F5004FF3D0202A8C
:10D10000F1D0C26AC3F85821D3F8402142F020027E
:10D11000C3F84021D3F844211204FBD57047836A39
:10D12000D3F8442152041ED4D3F84421D3F840113B
:10D1300002F4804201F010010A43B2F5804FF3D0AF
:10D14000102AF1D08268C3F85421D3F84021D106C7
:10D1500005D4D3F8402142F01002C3F84021D3F89F
:10D1600044215204FBD57047F8B500231546044608
:10D170000E4613600A46AA421BD16F894FF0FF3159
:10D18000E06BC7F30E071F44F4F786FB94F8653095
:10D19000ABB92661656194F86530AE4203F10103D5
:10D1A000DBB284F865300DD1E06BF4F795FB3846BF
:10D1B000F8BD51891268C1F30E010B44DBE76369C6
:10D1C0001E60E7E73668E6E72DE9F043002385B007
:10D1D00006460C46C06B4FF0FF31CDE90033CDE978
:10D1E0000233F4F759FBF5681DB12B6823F01F03D8
:10D1F000F360F06BF4F770FB002D5ED005F1400298
:10D200002B460021A56143F8041B9342FBD1012367
:10D2100001AA042160682B606B612C63C5E90333AC
:10D220003223EB6301F0EDFC227D019E032A42D004
:10D2300067890F2F94BF3F074FF070472AB9022E1E
:10D2400018BF47F0006747F48047A37C01216A4676
:10D2500060684FEA0328B4F80C90360301F0D1FC63
:10D26000009B4FEA094901993343022943EA090324
:10D2700043EA080343EA07036B6020D1637D03AAF6
:10D2800060689E0701F0BDFC02AA0321606801F0FE
:10D29000B8FC039B0020029A1B0443EAC25394F893
:10D2A0002720134394F8282043EA02233343AB603A
:10D2B00005B0BDE8F0830027C7E70120F8E703AA1F
:10D2C000052160684FF0804601F09BFC02AA062110
:10D2D000606801F096FCDCE7D0F84431D0F84021DA
:10D2E00003F4004302F020021343B3F5004FF3D0E0
:10D2F000202BF1D0D0F8403123F02003C0F840318A
:10D30000D0F844311B04FBD4704770B58D690646D4
:10D310000C46C06B4FF0FF31F4F7BEFAEB682A6998
:10D32000D20701D5DB0715D42B6813F001031BD1FD
:10D33000227D032A03D0B06AFFF7CEFF012301222A
:10D34000EA602A61AA6922F0FF02AA6113B130469D
:10D35000FFF7C4FE00236C6BF06BAB636B63F4F7F9
:10D36000BBFA1CB9204670BD0023E8E7D4E90912D6
:10D3700030462568FFF7F8FEA36821460E22984242
:10D3800094BF181A00202369E06060692C46984712
:10D39000E7E7D0F84431D0F8402103F4804302F0AD
:10D3A00010021343B3F5804FF3D0102BF1D0D0F817
:10D3B000403123F01003C0F84031D0F844315B0411
:10D3C000FBD47047F7B515460E460023023A05F127
:10D3D0000E01019322F8023F9142FBD104680CB97F
:10D3E00003B0F0BD237D03F0FD03012B20D101AA82
:10D3F00004216068E78901F004FC019B022BE38BA8
:10D4000023D1B34214D8082F94F8260019D9F31A5F
:10D41000B0EBC30F4FEAC30213D8121A013F3A42CE
:10D4200006D100B2228C35F81030134425F81030A4
:10D430002468D4E735F81030228C134425F81030D6
:10D44000384480B20728F5D9F2E79E42F0D3F31AA8
:10D45000013F3B40ECD194F82720DA40D10741BF8F
:10D4600035F81320618C521825F8132094F82820E1
:10D47000DA40D20741BF35F81320A18C521825F8A5
:10D4800013200133082BE6D1D2E72DE9F74F0746E9
:10D49000866B4FF0010B16B903B0BDE8F08F337DFA
:10D4A00013B1023B012B04D8B5694FF0000A6C6B35
:10D4B0000CB93668EFE72368A26A009348F280034C
:10D4C000D2F80890D5F8188009EA0303B3F5004FA5
:10D4D00042D109F07E03616A38460193FFF744FEAA
:10D4E000A268019B904294BF101A00202268E0605D
:10D4F0006A633222A5F83EA0AA877BB118F0800F9C
:10D5000003D1AB6923F0FF03AB6119F03E0FD4E9FF
:10D51000043014BF0B220A2221460EE0337D43B9AA
:10D52000E0690388B3F5817F03D183780BB9BB6BC6
:10D530002BB9236900222146606998471DE0D97CF8
:10D540009A7C42EAC11201798A4203D15968726811
:10D5500091423CD01B68EBE718F0800FA9D118F07E
:10D560007E0FA6D0D5F81880EB6813F0010900D122
:10D570002BB9AB6923F0FF03AB61009C98E7996876
:10D58000090402D41B68002BF9D1C5F810B0C5F806
:10D590000CB0A96921F0FF01A9610BB11B682B61D7
:10D5A000616A3846FFF7E0FDA368984298BFA3EB95
:10D5B0000009236818F03E0FC4F80C906B634FF01D
:10D5C0003203A5F83EA0AB87D4E90430A1E71A7D69
:10D5D000023A012AADD89A69936923F00043936116
:10D5E000A7E700002DE9F0438C4B89B0871E8146E8
:10D5F0000093A3F58043012F88461646019300F25D
:10D600000981002568201560F4F704F90446002814
:10D6100000F002810323C0F8008080F860904FEA98
:10D62000870880F8613008AB80F8665003EB870309
:10D6300053F8203C8362484602F08AFCDFF8F4C1CC
:10D6400002ABA065B9F1010F9CE807000DF1200CB9
:10D6500083E807000CE907001CD80023E3650222D9
:10D66000A36AC3F84021D3F840219007FBD4D3F834
:10D67000A82142F00302C3F8A821D3F8083194F896
:10D680006030012B1DD82046F4F7D1F8012009B0F5
:10D69000BDE8F0831A46FFB22B46294652F8040B28
:10D6A00028B108AD05EB8305013345F80C0C0131B9
:10D6B0000329F3D19F42D0D808AB984458F80C3CCA
:10D6C000CCE7574B1A78002A58D101221A70554BD3
:10D6D000A360554B03F54072184603F5007103F142
:10D6E00040056360E3602161226340F8805BC4E928
:10D6F0000622C4E90822186403F1C000C3F88000C0
:10D7000003F58070C3F8C00003F5A070C3F80001F2
:10D7100003F5C070C3F8400103F5E07003F508732A
:10D7200043F8A00C002043F8600C0120013043F8BE
:10D73000203C20330828F9D10B46002184F86500ED
:10D7400043F8E01F626301226361384B013243F802
:10D750002C3C2C33102AF9D104F14000E063F4F79B
:10D7600081F800288FD104F1480001216064F4F7AA
:10D77000DFF838B1E06BF4F7C7F884E7A368002B53
:10D78000A7D180E7E3681A6843F00201E36222F060
:10D790001F02E2605A68196042F400425A60012296
:10D7A000C3E903225A61A368191F03F6FC7341F809
:10D7B000042F8B42FBD1A36AD3F80421D10607D5ED
:10D7C000D3F8842122F02A0242F48052C3F8842143
:10D7D000D3F80821920703D5D3F84021C3F840219C
:10D7E000D3F84021002022F47F02C3F84021D3F86F
:10D7F000402142F00102C3F840210D4AC3F88020C5
:10D80000D3F8482142F0807242F03702C3F8482131
:10D8100034603CE706203AE70C2038E7000043403C
:10D820000CC2002000300020002000202C2300200B
:10D830009F860100501402000023826A816810B59F
:10D84000C2F848310446C2F84031084AC06B9142E0
:10D8500004BF074A1370F4F757F8606CF4F7E8F860
:10D860002046F3F7E4FF002010BD00BF0030002089
:10D870000CC200202DE9F04F95B082460023C06B0A
:10D8800007914FF0FF3115460993F4F705F8DAF8E0
:10D89000344014B12368CAF83430DAF83C00F4F7A5
:10D8A0001BF8002C00F0AF8204F12C02234600216B
:10D8B00043F8041B9342FBD12868042109AA606045
:10D8C0006B7AA374AB7AE3742B7AE381EB88A38140
:10D8D000EB7A23752B7B0133DBB2032B88BF032349
:10D8E0006375AB88638100236374A36101F089F9D8
:10D8F000267D0999012E2AD0032E2DD10229E289F5
:10D900002DD1013A012303FA02F2E281E389022ECA
:10D91000A38302D0032E63D02EB921465046FFF7D1
:10D9200053FC002841D001254FF0FF31DAF83C00CC
:10D93000F3F7B2FFDAF83430DAF83C002360CAF8C3
:10D940003440F3F7C9FF284615B0BDE8F08FE389EE
:10D95000013B06FA03F3E381022910D1D6E7D3B2E3
:10D96000012B0BD913F0F00F0DD0100615D459066A
:10D9700015D413F0200F14BF20231023E381E38973
:10D98000DB009BB2C3E71A070BD45F070BD413F07D
:10D99000020F14BF02230123F0E78023EEE74023A8
:10D9A000ECE70823EAE70423E8E7DAF82C20A36988
:10D9B0001168196043F0020313604FF0FF31DAF889
:10D9C0003C00F3F769FFDAF83830DAF83C0000255C
:10D9D0002360CAF83840F3F77FFF079B1C60B2E76B
:10D9E0009AF8628000256068B8F1020F40F0A581C6
:10D9F0000AAA0421CDE90A55CDE90C55CDE90E5509
:10DA000001F0FFF8DDF82890627D3146A3895FFAC6
:10DA100089F05343E27CFFF709FBB9F1020F074697
:10DA200077D10AF1380010AA2946B4F81CB0019049
:10DA3000CDE91055CDE91255FFF7C4FC2A46BBB21B
:10DA400001980093B64B1FFA85F8D84537D30F25B8
:10DA50006AE7C6F3CF09914506D010AA494601905E
:10DA6000FFF7B0FCAE4B019806F0070114AA02EBD9
:10DA70004102595C32F810CC009A62448A4200F3A9
:10DA8000C4815E444A46B6B2B6F5005FE1D3A28BCC
:10DA90004FEAD80805F00705072AA4F81E8084F885
:10DAA00026500ED80023012101FA05F01544EDB2ED
:10DAB0000343072DDBB2F7D984F8273006E046464A
:10DAC000E2E7012303FA05F584F82750278421466D
:10DAD0005046FFF779FB00287FF425AFE18B4FF02C
:10DAE000010CB1F5806FBFF468AFDAF80820A369C4
:10DAF000A08B02EB810242B11668F50740F17281FA
:10DB0000C3F800C043F002031360073001EBD001FB
:10DB1000E7E70AAA0C21606801F073F80A98482325
:10DB20000BAAC0EBC0000521B0FBF3F0C31960687D
:10DB3000049301F066F8E389E27C0593A38942BB74
:10DB400031464046FFF772FA013001231FFA80F98F
:10DB50000093734B0226012502930CAB0393B71E6F
:10DB60004FF00008BFB21FFA88F30193019A059B9A
:10DB7000934200F2B480002D40F0B780039B013641
:10DB80000233072E0393029B03F101030293E6D1B4
:10DB90005DE70122314640464FF00109FFF746FAA2
:10DBA000013083B20093D4E70B9BDAF83850069328
:10DBB00000231093CDE90C33CDE90E335DBB5948FA
:10DBC0000CAA072532F8023B10F8011B8B4206D93C
:10DBD000B2F800C022F8021C63445B1A1380013DB6
:10DBE00015F0FF05EED1731E711CDBB28B4254D9C8
:10DBF0000CAA59460AF13800FFF7E4FB039B029A8E
:10DC00001B8811784B448B4200F30281334606F1A6
:10DC1000020C0CAA5AE02B7D03F0FD03012B08D166
:10DC200010AA0521686800F0ECFF109B069A9A4242
:10DC300001D02D68C2E710AA0421686800F0E1FF56
:10DC4000109B022BF5D0EB8B9B45F2D3EA89ABEB13
:10DC50000303013A1A42ECD195F826100CAB2A8C3A
:10DC6000013133F811000244287D92B2012823F8D3
:10DC70001120DED095F82620288C023233F81210BD
:10DC8000014423F8121095F82620288C033233F82B
:10DC90001210014423F81210CBE714AA049802EBE7
:10DCA000430232F8202C02441E48C05C824200F23B
:10DCB000AF800133DBB299E732F8130000990844D2
:10DCC0001749595C0133884200F3A280634501D8AB
:10DCD000082BF1D1059B9B441FFA8BFB01E0DDF87B
:10DCE00004B0BBF5806FFFF45FAF019B0122E383BB
:10DCF000FBB202FA07F1043784F82630023384F8C5
:10DD000027100021DBB284F828109F4201D3082B92
:10DD10000AD1049BA4F822902384009BA384D6E616
:10DD2000F8390200F039020002FA03F094F82810E2
:10DD30000133014384F82810E7E70CAA0C210C9565
:10DD4000A846109500F05DFF0C9A48216068C2EB70
:10DD5000C203B3FBF1F31344042110AA0C9300F0A7
:10DD600050FFA389E27C217D9DF84000FFF75EF91A
:10DD70000C9BB4F80EC01844B4F81CE0A9B28E4550
:10DD80007FF665AEC9080B46B3F5806F0AD305F080
:10DD90000705E18384F8278084F8265084F82880DA
:10DDA000208494E6DAF83820002632B90644B6F525
:10DDB000617F30D863449BB2E6E7177D07F0FD072B
:10DDC000012F0DD1D78BBB420AD3B2F80E90DF1BC7
:10DDD00009F1FF3919EA070F02BF178CF619B6B21D
:10DDE0001268E2E726F01F07BB423FF48EAE06F052
:10DDF0000605022D05D13D6BAD8B854201D81E6015
:10DE000080E63A4677E602259DE501354A461AE660
:10DE100008F10108A7E60135B0E700BF70B50B7D3A
:10DE200004460D46022B03D0032B4CD0002B30D1DF
:10DE3000E06AAA69036823F01F0393420AD1A06A2B
:10DE4000FFF74AFAAB691A68E36A1A602046FFF7DF
:10DE500045F90CE001460B68DE0708D423F01F03E8
:10DE60009A4258D0984254D01946002BF3D1AE694B
:10DE70000123336029462046FFF747FA4FF0FF3170
:10DE8000E06BF3F709FDE368E06B3360E660F3F7FE
:10DE900023FD4FF0FF31E06BF3F7FEFCA36B9D42D7
:10DEA0002FD12B68A363E06BF3F716FD4FF0FF3122
:10DEB000E06BF3F7F1FC636BE06B2B606563F3F7EA
:10DEC0000BFD002070BDC98BAE69B1F5806F03D327
:10DED000336843F00103CCE7A36803EB810343B14C
:10DEE0001A68D00705D422F01F02964206D1326884
:10DEF0001A60AB8B073301EBD301E6E71346EEE77D
:10DF00001346002BCFD01A68AA42F9D12A681A60AA
:10DF1000C9E79A42ABD1A06AFFF7DEF9AB691B688B
:10DF20000B6093E72DE9F74F14460A7D05468946B5
:10DF30001AB1931E012B00F29E80A368002A40F0C4
:10DF40009C80002B0CBF4FF002084FF003084FF0ED
:10DF5000FF31E86BD9F81870F3F79EFC95F865303F
:10DF60004345C0F09C80A3EB08032E690020DBB280
:10DF7000324685F86530B8F101081168106040F04C
:10DF80008B80296103B96B61E86BF3F7A5FC99F805
:10DF90001430A168002B40F090806C4B4FF0010CC6
:10DFA0006B4AC6E901C3E36903F58050F360104092
:10DFB000306103F500501040706103F5405003F5E7
:10DFC000804310401340B061F361002971D0326882
:10DFD0000B04C2F804C043F0004394F8200000286A
:10DFE00064D143F0800393606368594803F5805C13
:10DFF000D3600CEA000CC2F810C003F5005C0CEA18
:10E00000000CC2F814C003F5405C03F580430CEA31
:10E01000000C0340C2F818C0D361136801225A6093
:10E020000022DA60002946D094F82000494A4A4983
:10E03000002818BF0A469A601A6842F001021A6066
:10E04000C4E90963002323607B6B002B76D1BC639A
:10E050007C634FF0FF31E86BF3F71EFC07F1100211
:10E060003B690BB1D9076DD5E86B1660F3F734FC4B
:10E070002846FFF733F8002015E0C3F30D089B0B8B
:10E08000B8F1000F0CBF984603F10108B8F1010F79
:10E0900038BF4FF001085AE711600A466BE7E86B9A
:10E0A000F3F71AFC012003B0BDE8F08F43F4C0730E
:10E0B00099E73246B1E7274ABDE794F820304FF0A0
:10E0C000010B626899F811E0019302EB010A4FEA33
:10E0D000CE7E33461E4802F5804CC3F804B0D445CA
:10E0E000E14628BFD146A9EB02014EEA0148019959
:10E0F000D9B948F4486102F5805808EA0008C3E934
:10E100000212C3F8108002F5005802F5405208EAE6
:10E1100000080240C3F814809A610CEA0002DA6138
:10E120001A682AB113464A46D5E748F45861E2E72F
:10E13000012241F400411A60996081E7BB6B1C60C9
:10E14000BC6386E71A461B688BE700BF80020800A5
:10E1500000F0FFFF8081008080800080FFF7E2BE3A
:10E160000023F7B5154604460093002800F05681B9
:10E17000C9B20139042900F25381DFE811F005002A
:10E180007D00100117012C0117683B7D13B1023B84
:10E19000012B02D8BE69736B0BB90020D5E06D6806
:10E1A000002D64D09D4202D1B36B9D425FD04FF0F1
:10E1B000FF31E06BF3F770FBF368D907019324D4C8
:10E1C0009B681A0621D53B7D032B02D0A06AFFF77E
:10E1D00083F8F36843F00103F360336943F001030C
:10E1E00033613B7D032B02D02046FEF777FF6B6A3D
:10E1F00001A90A68D70703D49A422DD11A680A6088
:10E20000AA6A934205D01B68F2E733690193DB07E2
:10E21000D9D5736B9D4222D12B687363E06BF3F702
:10E220005BFB2046D5E90912FEF79EFFAB680E2284
:10E230002946984294BF181A00202B69E860686943
:10E240009847B36923F0FF03B361019B002BA4D06F
:10E25000D807A2D43361A0E71146CAE71346002BC2
:10E26000DCD01A689542F9D12A681A60D6E7394697
:10E270002046FFF74AF890E71378013B052B2ED88C
:10E28000DFE803F003111C222867826AD2F8843188
:10E2900023F02A0343F48073C2F88431D2F8843126
:10E2A000D905FBD479E7032380F86130A26AD2F85C
:10E2B000483143F00403C2F848316EE790F861300A
:10E2C000032B7FF46AAFF1E7826AD2F8483123F07A
:10E2D0000403F0E7806AD0F88431DB0701D4012021
:10E2E00033E04FF47A73C0F88830D0F88C3043F0C4
:10E2F0004143C0F88C30FEF7EFFFA06AFFF749F802
:10E30000A36AD3F8440110F4404020D1D3F884210B
:10E310000026002722F48012C3F88421D3F8842138
:10E3200042F40012C3F88421D3F8842142F0800221
:10E33000C3F88421D3F8482142F00072C4E914677D
:10E34000C3F84821012384F8663003B0F0BD00BF54
:10E35000D6E7836AD3F8842122F08002C3F88421AF
:10E36000D3F8842122F40002C3F8842190F86120BC
:10E37000032AB4D0C16D032280F866200A6822F413
:10E3800080620A60D3F8402142F00102C3F84021C4
:10E39000D3F8842142F04002C3F88421FDE6836A69
:10E3A000D3F84C31C3F3CA031360F6E69669012132
:10E3B0006A46686800F025FC7368009A43F6F071BD
:10E3C0001343A26A7360D2F84C01D2F84C311B1A85
:10E3D0000B42FAD0E1E64FF0FF31C06B9669F3F7DC
:10E3E0005BFAA06A0F49D0F8443113F4004F0ED005
:10E3F000FEF772FF7368AA8920460B4043EA024386
:10E400007360FEF76BFEE06BF3F766FAC5E67368C0
:10E41000AA890B4043EA02437360F4E7032094E7C0
:10E42000082092E7FFFF00F82DE9F04F87B00028A1
:10E430006ED0046804AB0022FF2100934FF0FF333D
:10E44000606CF3F7C9FA002862D1049B180726D53F
:10E45000A36AD3F8842191075DD4D3F8841194F88A
:10E46000612011F0010102F1FF32D2B269D1012A1B
:10E4700015D884F86610D3F8482122F00072C3F84A
:10E48000482194F8600001F0D0FDA06AFEF724FF57
:10E49000A06AFEF77EFF0421606CF3F765FA049B27
:10E4A000DD0600F19C80049B980614D594F8613039
:10E4B000032B00F08C8194F86630012B40F05B81D7
:10E4C0002068D4E9142352EA030140F00D81D0E919
:10E4D000B823C4E9142394F86130022B40F0818101
:10E4E000049B9D0702D52046FEF7CFFF049B5807EB
:10E4F0000ED5A26A2068D2F8483123F00403C2F88E
:10E5000048310323002284F861301146FEF783FC72
:10E5100007B0BDE8F08FD3F84C11D3F884219207EF
:10E5200007D5D3F8842122F02A0242F00202C3F870
:10E530008421D3F84C21521AC2F30D02082AECD9D7
:10E540008BE7012AABD9002243F6F87084F86620E5
:10E55000D3F8482122F00072C3F848216522D3F88D
:10E560004C51D3F84C11491B0142FAD0D3F8841115
:10E57000CF0740F15181013AF1D1D3F8842122F043
:10E580002A0242F48072C3F88421D3F88421D6058C
:10E59000FBD4D3F88431C3F38163022B84F8623057
:10E5A00004D1012194F8600001F03FFDA26AD2F885
:10E5B0004C11D2F84C315B1AC3F30D03572BF8D929
:10E5C0000121606CF3F7D0F9A26AD2F8843043F0ED
:10E5D0004143C2F88430012384F861305FE7D4F806
:10E5E00038A04FF0320BBAF1000F3FF45CAF9AF84D
:10E5F000143013F0FD0F4DD1DAF81850D5F83480EF
:10E60000B8F1000F46D094F86130022B30D00123CE
:10E61000D8F828902B61AB6923F0FF03AB61A96B9D
:10E62000B9F1000F0AD0D9F80820D9F80030120447
:10E6300001D4494556D1DA0700D42B612046D8E9E8
:10E640000912FEF791FDD8F808300B224146984296
:10E6500094BF181A0020D8F80030C8F80C006B637B
:10E66000D8F81400D8F81030A5F83CB0984711E05D
:10E67000AB69190611D5D5F80C9005F1180211688F
:10E68000EB8FC1F30E419BB299420BD089B2A5F832
:10E690003CB0E987DAF800A0A5E7D8F8289009F19E
:10E6A0000802ECE7AB8F013B9BB2AB87AB8F9BB211
:10E6B000002BEFD1A06A0392FEF70EFE039A1368B7
:10E6C000C3F30E43994203D02046FEF707FDE1E76E
:10E6D000012320462B61AB6923F0FF03AB61FEF7FA
:10E6E000FDFC9CE799469BE7D0E9B889B8EB0206A8
:10E6F00069EB0307002F08BF052EFFF4ECAEA36AF9
:10E70000D3F8402122F00102C3F84021D3F844217C
:10E7100042F08002C3F84421A26DD2F8C41041F443
:10E720008021C2F8C410D3F8841141F40001C3F869
:10E7300084114FF0FF331360A56D296B11F0005168
:10E7400017D1E26D136843F0005343F44033136074
:10E75000136843F48063136007222B6B43F08043FC
:10E760002B634368D0F8DC029847022384F86630B4
:10E77000B1E600BFE0E7032B7FF4ADAEA36AD3F8A8
:10E78000842157063FF5A7AED3F88421256822F4EB
:10E790000012C3F88421D3F88431DE0704D5204663
:10E7A000FEF79CFCFEF7BBFC6B680A220021D5F843
:10E7B000DC0298470023A26AC5F8DC3284F8663090
:10E7C000D2F8483123F00073C2F8483183E60023C1
:10E7D000A26A84F86630D2F8483123F00073C2F898
:10E7E0004831049BD9077FF593AE2046FEF776FCAF
:10E7F000FEF795FC05AB94F862100193012300939A
:10E80000002320681A46FEF70BFA00287FF480AE3A
:10E81000022384F861307BE60323DDE670B500282F
:10E8200031D00468E36D1A68510522D51A680021B9
:10E83000206822F480621A6009224368D0F8DC0262
:10E840009847A36AD3F88431DA0704D52046FEF747
:10E8500045FCFEF764FCA26AD2F8403143F00103A4
:10E86000C2F8403194F86630022B04BF032384F8C9
:10E870006630A26A294DD2F84431D2F848211340BB
:10E880002B602B6803B970BDA26AC2F844319B07A4
:10E8900003D00221606CF3F767F82B685E0728D578
:10E8A000A36AD3F8842150061FD594F86620012A64
:10E8B0001BD1D3F884312668D90704D52046FEF74A
:10E8C0000DFCFEF72CFC736806220021D6F8DC0252
:10E8D00098470023A26AC6F8DC3284F86630D2F882
:10E8E000483123F00073C2F848310821606CF3F717
:10E8F0003BF82B68DA0103D51021606CF3F734F88C
:10E900002B689B0103D52021606CF3F72DF8A26AD8
:10E91000D2F84431D2F84821B1E700BF08C2002044
:10E92000826AD2F8843123F02A0343F48073C2F858
:10E930008431D2F88431DB05FBD4704738B50C46FE
:10E94000C9690546CB80D0F8D0114068C4E90123DD
:10E95000224600F0BDF820B12146686800F039F980
:10E96000012038BDCB6912785A8000231A46FFF780
:10E97000E5BF10B41388CC695BBA63809378A38039
:10E9800013895DF8044B5268FFF7D8BF37B50025EF
:10E99000044601A80195F2F74CFF019884F8F9525A
:10E9A000F2F758FF03B030BD2DE9F74300253B4C8B
:10E9B000074601A80E4690460195F2F73AFF94F8F3
:10E9C000F932012B25D0A14622462B462946013398
:10E9D00002F8011BB3F5407FF9D10123019884F8B7
:10E9E000F932F2F737FF2E4A0023013349F82C2F72
:10E9F0002032102BF9D1BB1E012B9CBF294BC4F830
:10EA0000D432D4F8D4325BB92448FFF7BFFF0620D4
:10EA100003E00198F2F71EFF032003B0BDE8F08386
:10EA20001A68E2B15A68D2B19A68C2B1DA68B2B172
:10EA30001A69A2B15A6992B19B6983B11A4D002338
:10EA400084F8FA722846C4F80480C4F8D832A56065
:10EA5000F2F708FF28B1A5F10C00FFF797FF01209E
:10EA6000DBE704350F23C4F8D052013B2C3513F0FB
:10EA7000FF0345F82C5CF8D1D4F8D4323846074A65
:10EA80001B681146984708B9236823B9A068F2F7B4
:10EA90003BFF0248E1E73460BFE700BF10C200203F
:10EAA00080AC0020003A02001CC2002028B122B134
:10EAB000D0F8D43200689B6818470320704728B10B
:10EAC00021B1D0F8D4320068DB68184703207047C2
:10EAD00070B50E461446054630B329B322B3002361
:10EAE0004FF0FF3182F82130D3601360D3691B7877
:10EAF000DB0982F820308068F2F7CEFE0821E06959
:10EB0000F3F74CF9A16811B16068F3F75DF9D5F836
:10EB1000D4322246314628681B6998470446A868C3
:10EB2000F2F7DAFE204670BD0324FBE770B50E460F
:10EB300014460546E8B1E1B1DAB100234FF0FF31E8
:10EB4000D360012382F820308068F2F7A5FEA16827
:10EB500011B16068F3F738F9D5F8D432224631465E
:10EB600028685B6998470446A868F2F7B5FE204616
:10EB700070BD0324FBE707B560B159B1D0F8D432BA
:10EB800000689B69CDE900126A460121984703B0ED
:10EB90005DF804FB0320FAE738B50D460446B0B132
:10EBA000A9B14FF0FF318068F2F776FED4F8D03289
:10EBB0002B603BB11B68A068C4F8D032F2F78CFE22
:10EBC000002038BDA068F2F787FE0120F9E7032096
:10EBD000F7E738B50C46054678B181B14FF0FF3103
:10EBE0008068F2F759FED5F8D032A8682360C5F8DE
:10EBF000D042F2F771FE002038BD0320FCE7084642
:10EC0000FAE710B51446002848D0002A46D0C9B209
:10EC100001390E2927D8DFE801F0081114281A1D40
:10EC2000170F0C2B3220373B3E0090F8E931236060
:10EC300019E0D0F8D031FAE74368F8E790F8EB3103
:10EC4000F5E790F8EC31F2E790F8EF31EFE790F864
:10EC5000ED31ECE790F8EE31E9E790F8EB11406820
:10EC6000FDF78EFC2060002019E090F8E731DEE728
:10EC7000D0F8CC21D17A937A43EA0123D7E7D0F8B0
:10EC8000CC21517A137AF7E790F8E331013BCEE7D4
:10EC9000D0F8D431CBE7B0F8DC31C8E7042010BDA0
:10ECA00010464AB1002382F84A30536833B11B68DA
:10ECB00023B10A46032118470320704701207047FB
:10ECC00010464AB1002382F82230536833B11B68E2
:10ECD00023B10A46012118470320704701207047DD
:10ECE00010464AB1002382F83630536833B11B68AE
:10ECF00023B10A46022118470320704701207047BC
:10ED00002DE9F04F044687B018B9012007B0BDE8DF
:10ED1000F08F002390F84C600393002EF5D04268EA
:10ED200092685179B142F0D306F10056D2F80090C2
:10ED30000C27013E09EBC60A19F836509D42E4D96A
:10ED400007FB03F2DAF804008118825C022A69D119
:10ED50000F7A00239F425AD80025CB7884F84D3093
:10ED6000002DD2D0002701204FF0060BA560B84639
:10ED70002A79554BBA4257D819F8367000234FF00C
:10ED80000C0C9F420DD90CFB03F2DAF80460B118A9
:10ED9000B25C0A2A40F0838091F808C000239C45A9
:10EDA00072D80027DFF82481DFF824913E46E56021
:10EDB0002B79BB42AAD906238DF80860A9687B434A
:10EDC000CA1810798DF80900CB5C8DF8063051888F
:10EDD000ADF80410D90952788DF8072063D0022AC3
:10EDE0000DD103F00F0384F8226084F8206084F8CA
:10EDF00021306FF00103E661A361CDF80C9003AA06
:10EE000001A9206801370494FBF75AFDD0E71A01E5
:10EE1000486800EB0315805C94F84E2090429CD02B
:10EE2000013397E7013389E78DF808800BFB07F280
:10EE3000A868811891F804C08DF809C0825C8DF82B
:10EE400006204888ADF80400D00949788DF80710ED
:10EE50000FD003290DD102F00F0284F84A8084F804
:10EE6000488084F849206FF00102C4F8448022648D
:10EE7000039303AA01A920680494FBF721FD00284D
:10EE80007FF444AF013773E71A014E6806EB0317AE
:10EE9000B65C94F84E20964203D001337FE70133ED
:10EEA0006FE73D467DE7022AA9D103F00F0384F8FE
:10EEB000366084F8346084F835306FF001032663DF
:10EEC000E362CDF80C809AE7A1EC0000E1EC0000D1
:10EED000C1EC0000836870B5044623B3C36813B364
:10EEE000002501200626A3681A79954209D300253A
:10EEF0000626E3681A7995420CD30023C4E902334D
:10EF000070BD9A6806FB05F320680135D15CFBF7FC
:10EF1000F6FCE8E79A6806FB05F320680135D15C4A
:10EF2000FBF7EDFCE5E70120EAE72DE9FF470546A1
:10EF30001646002A00F0B081002800F0AD81C9B269
:10EF40000139052900F2AA81DFE811F01801060055
:10EF50000B00210036007C00002085F84C000024C6
:10EF600048E04368002B00F09981127890F84C300B
:10EF70009A42F4D0FFF7AEFF337885F84C30002387
:10EF800085F84E302846FFF7BBFE044632E0436862
:10EF9000002B00F08381148890F84D30B3EB142FD0
:10EFA00040F07C81E4B290F84E30A342D7D0FFF716
:10EFB00091FF85F84E40E5E74368002B00F06E8135
:10EFC0008368002B00F06A81C368002B00F0668123
:10EFD000012400274FF00608A146AB681A79BA420F
:10EFE0000CD800274FF006084FF00109EB681A799A
:10EFF000BA4213D8204604B0BDE8F087996808FBF0
:10F0000007F33278CB5C9A4206D185F8489028689D
:10F010003178FBF7ABFC04460137DEE7996808FB63
:10F0200007F33278CB5C93420AD1DB09286814BF1E
:10F0300085F8203085F834903178FBF797FC04464A
:10F040000137D3E74368002B00F028818368002B49
:10F0500000F02481C368002B00F0208100270124E8
:10F060004FF006096FF0010AB846AB681A79BA4248
:10F0700038D84FF000084FF0060A6FF001094746F4
:10F08000EB681A794245B5D999680AFB08F33278DA
:10F09000C95C914223D12868FBF779FC3378044698
:10F0A000DB094CD095F82030CBB1AA6985F82070E7
:10F0B000911C14D0EB6995F821102868FBF7ECFB44
:10F0C000044650B1AB692A46694628680093EB694B
:10F0D0008DF808700193FFF7F3FDC5E9069708F175
:10F0E0000108CDE7996809FB07F33278C95C9142C2
:10F0F00023D12868FBF74BFC33780446DB091CD08E
:10F1000095F84830CBB12A6C85F84880901C14D013
:10F110006B6C95F849102868FBF7BEFB044650B1AC
:10F120002B6C2A466946286800936B6C8DF8088022
:10F130000193FFF7C5FDC5E910A8013795E795F8DC
:10F140003430002BCBD0EA6A85F83470931CC6D0DB
:10F150002B6B95F835102868FBF7A4FB044650B1DB
:10F16000EB6A2A466946286800932B6B8DF8087075
:10F170000193FFF7B5FDC5E90B97B0E713681A785F
:10F1800002F01F04012C40F0898090F84D7018792E
:10F19000998887427FF42EAF301DADF8081059884A
:10F1A000009006F10800ADF80A10317B01908DF84F
:10F1B0000C10597804290BD92039C8B2032801D979
:10F1C000052417E70329FBD8DFE801F0483E525C2D
:10F1D000013952B2032903D8DFE801F00E18222CBE
:10F1E000002AEDDBDB88002BEAD06B686A4604213D
:10F1F0001B6828469847C8E6002AE1DADB88002B1E
:10F20000DED06B686A4605211B68F2E7002AD7DB6F
:10F21000DB88002BD4D06B686A4606211B68E8E7C0
:10F22000002ACDDADB88002BCAD06B686A4607213A
:10F230001B68DEE7002AC3DBDB88002BC0D16B68CC
:10F240006A4608211B68D4E71406B9D5DB88002B71
:10F25000B6D06B686A4609211B68CAE71006AFD4AE
:10F26000DB88002BACD06B686A460A211B68C0E7BC
:10F270001106A5D4DB88002BA2D16B686A460B214E
:10F280001B68B6E712069BD4DB88002B98D16B680D
:10F290006A460C211B68ACE70324ABE60124A9E60F
:10F2A000F8B5144C0F4616462368F3B92146F5F716
:10F2B0001DF80546B8B92368CBB1FF2384F84C008C
:10F2C00004F11400676084F84E302061F2F7CAFA46
:10F2D00004F128006062F2F7C5FA04F13C00A06373
:10F2E000F2F7C0FA34602846F8BD0225FBE7032593
:10F2F000F9E700BF0040002010B5044698B100694E
:10F30000F2F702FB606AF2F7FFFAA06BF2F7FCFA81
:10F310002046FFF7DFFD0023C4E9003384F84C30BA
:10F3200084F84E3010BD0320FCE738B5F0B190F8FA
:10F3300021408C420CD100F11004A57C012D19D084
:10F340000125A574257C55B10020C4E9022338BDF0
:10F3500090F849408C420BD100F13804EDE7006889
:10F36000FBF79AFA0028F2D0A574F0E70320EEE745
:10F370000120ECE70220EAE7F8B50446A8B190F8CE
:10F380003600012813D0012094F8347084F8360038
:10F390001FB10020C4E90B23F8BD2068FBF782FAF7
:10F3A0000028F9D084F83670F6E70320F4E702204D
:10F3B000F2E710464AB1002382F82130536833B196
:10F3C0001B6823B10A46012118470320704701201A
:10F3D000704710464AB1002382F82230536833B197
:10F3E0001B6823B10A4602211847032070470120F9
:10F3F000704700002DE9F043037F87B004461BB936
:10F40000012007B0BDE8F0834268926851799942C3
:10F41000F6D31268002AF3D003F100530C27013B06
:10F4200002EBC30612F8335000239D42E8D907FBD4
:10F4300003F270688118825C032A49D10D7A002397
:10F440009D423BD80026CB786377002ED8D000258C
:10F450000120DFF880802F46DFF87C90A6603379AA
:10F46000AB42CED90623B1688DF808706B430135E5
:10F47000CA1810798DF80900CB5C20688DF8063029
:10F48000DB0951886FF00103ADF8041001A952782F
:10F4900018BFE3608DF8072003AA19BF84F8237012
:10F4A0002761636184F824700ABFA761CDF80C90CE
:10F4B000CDF80C800494FBF703FAD0E71A014868F2
:10F4C00000EB0316805CA27F9042BCD00133B7E70B
:10F4D0000133AAE7D3F30000B3F30000836870B5EB
:10F4E000044693B1002501200626A3681A799542A7
:10F4F00002D30023A36070BD9A6806FB05F3206861
:10F500000135D15CFBF7FBF9EFE70120F3E72DE9CB
:10F51000F04F054687B01646002A00F04F810028BC
:10F5200000F04C81C9B200230139CDE9003305292F
:10F5300000F24681DFE811F0C60006000E0022004E
:10F5400034005D00037780F8213080F8223083603A
:10F55000002436E04368002B00F03281037F3278CC
:10F560009A42F5D00BB1FFF7B9FF33782B77002320
:10F57000AB772846FFF73EFF044622E04368002BA6
:10F5800000F01E813488437FB3EB142F40F01881C4
:10F59000E4B2837FA342DBD0FFF7A0FFAC77E8E7BC
:10F5A0004368002B00F00C818368002B00F0088179
:10F5B000012400274FF00608A146AB681A79BA4229
:10F5C00003D8204607B0BDE8F08F9A6808FB07F320
:10F5D000D25C337893420AD1DB09286814BF85F8DE
:10F5E000233085F824903178FBF7C0F904460137C1
:10F5F000E3E74368002B00F0E3808368002B00F012
:10F60000DF804FF0000801244FF0060B6FF0010A75
:10F610004746AB681A794245D3D90BFB08F99B687A
:10F62000327813F80910914227D12868FBF7AFF917
:10F6300033780446DB09AB6822D095F82320E2B189
:10F64000EA6885F82370901C17D09B68286813F827
:10F6500009102B6901F00F01FBF71EF9044650B1A8
:10F66000EB682A4603A9286803932B698DF8147068
:10F670000493FFF79EFEC5E903A708F10108C8E758
:10F6800095F82420002AF8D06A6985F82470911C26
:10F69000F3D09B68286813F80910AB6901F00F01DB
:10F6A000FBF700F9044650B16B692A4603A92868A4
:10F6B0000393AB698DF814700493FFF78AFEC5E9D4
:10F6C00005A7DAE733681A7802F01F04012C77D116
:10F6D000407F197988427FF474AF597801390A293B
:10F6E00070D8DFE801F0061A2C6F6F6F6F6F385219
:10F6F0005F00120666D5DA88002A63D05B886A4606
:10F7000003215BBAADF808306B681B682846984740
:10F71000009B04467360019B0FE0170652D5DB88FF
:10F72000002B4FD005F11F076B6804211B683A4678
:10F7300028469847012304467760B36041E71406E2
:10F7400040D5DB88002B3DD005F120076B680521F3
:10F750001B683A46ECE7100634D4DA88002A31D028
:10F760005B88317B5BBAB268ADF808306B681B68A8
:10F7700019B1019209216A46C8E77168CDE9001202
:10F780006A46062128469847F6E611061AD4DA8812
:10F79000C2B95B882A4607211B0A02F81F3F6B6823
:10F7A0001B68EFE712060DD4DA885AB95B882A463F
:10F7B000082102F8203F6B681B68E3E7032400E799
:10F7C0000124FEE60524FCE670B50A4C0E461546FB
:10F7D00023685BB92146F4F789FD30B923683BB152
:10F7E000FF2366602077A3772C6070BD0220FCE7C2
:10F7F0000320FAE75040002010B5044638B1FFF767
:10F800006DFE0023C4E900332377A37710BD0320E6
:10F81000FCE72DE9FF411C46002307460E468DF804
:10F820000330154691F90030002B03DB052004B0AE
:10F83000BDE8F081B1F802800DF1030206210068F5
:10F84000FBF7B6F89DF80330022BEFD84FEA1821EA
:10F85000F2885FFA88F30129029211D1327802F01E
:10F860001F02134352D1B388002B4FD101AA0B21A1
:10F870003868F4F799FD019B2B60029B2360D6E763
:10F880000229CAB20AD13278D1063FD1B288002A01
:10F890003CD101AA0C218DF80C30E9E7032A0AD1EA
:10F8A0003278D20632D18DF80E3001AAB3880D21FC
:10F8B000ADF80C30DCE7212A0BD1327802F01F02C0
:10F8C000012A23D113BBB38801AA0E218DF80C3075
:10F8D000CEE7222A0BD1327802F01F02012A15D17D
:10F8E000A3B9B38801AA0F218DF80C30C0E7232AF1
:10F8F0000CD1327802F01F02012A07D18DF80C30AA
:10F9000001AAB38810218DF80D30B1E70520B2E7C8
:10F910007FB591F90020002305460C46002A8DF89A
:10F920000F300B7802DA052004B070BDDB06FAD187
:10F930008B88002BF7D1CE88002EF4D10DF10F0269
:10F9400006210068FBF734F89DF80F30012BEAD848
:10F950000DF10F02062128688DF80F60FBF749F8BA
:10F96000638843B901230DF10F02062128688DF841
:10F970000F30FBF73EF8A21C032128680192F4F730
:10F98000D1FC019A09212868F4F70EFDCCE773B584
:10F9900091F90020002305460C46002A8DF8073017
:10F9A0000B7802DA052002B070BDDB06FAD18B8835
:10F9B000002BF7D1CE88002EF4D10DF107020621DD
:10F9C0000068FAF7F5FF9DF80730032B0BD0022BE8
:10F9D000E8D863880DF1070207218DF80730286801
:10F9E000FBF707F8DFE7324607212868FBF701F845
:10F9F0000028D8D101230DF1070206218DF8073028
:10FA0000EDE7002337B58DF8063005468DF8073051
:10FA10000C4691F90030002B02DA052003B030BD0E
:10FA2000CB88002BF9D10DF1060206210068FAF708
:10FA3000BFFF9DF80630012BEFD86378032B04BF7E
:10FA400001238DF80730237813F01F0309D1638851
:10FA5000012BE2D10DF1070214212868F4F7A4FC70
:10FA6000DCE7022BD9D16388002BD6D1A1880B0704
:10FA700006D19DF80730C9B2286853B1FAF776FF6E
:10FA80009DF80730221D286833B10521F4F74AFCA0
:10FA9000C4E7FAF77CFFF3E70621F7E72DE9F34126
:10FAA000174691F900201E460023002A05468DF8CE
:10FAB00007300C460B7803DB052002B0BDE8F0816F
:10FAC00003F01F03022BF7D14B88002BF4D1B1F8C0
:10FAD0000680B8F1020FEFD10DF107020621006890
:10FAE000FAF766FF9DF80730002BE5D1A3882C4676
:10FAF0000821286824F80C3F2246FAF759FF3C6099
:10FB0000C6F80080D9E72DE9F74F1E4600230546C9
:10FB10008B468DF80330174691F90030002B03DB3C
:10FB2000052003B0BDE8F08F4C88002CF8D1B1F867
:10FB300006A0BAF1020FF3D10DF10302062100680D
:10FB4000FAF736FF9DF80330012BE9D89BF80090B7
:10FB500005F10C0819F01F090DD14246042128684F
:10FB6000FAF726FFAB8903F00303AB81C6F800A0C8
:10FB7000C7F80080D5E7B9F1010F04D1AC81204668
:10FB8000C6F800A0F4E7B9F1020F12D1BBF80430B7
:10FB900001AA052128688DF80430ADF80640FAF76F
:10FBA00007FFBDF8063003F00303AB81C6F80090F1
:10FBB000DEE70520DCE737B591F900200023054694
:10FBC0000C46002A8DF807300B7802DA052003B0C6
:10FBD00030BD03F01F03012BF8D1CB88002BF5D1EA
:10FBE0000DF1070206210068FAF7E2FE9DF80730E2
:10FBF000002BEBD1A2880421A3782C46286843EA85
:10FC0000022324F80C3F2246F4F78CFB22460A21FB
:10FC10002868F4F7C9FBDAE72DE9F341164691F9B4
:10FC200000201F460023002A05468DF807300C46A9
:10FC30000B7803DB052002B0BDE8F08103F01F0361
:10FC4000012BF7D14B88002BF4D1B1F80680B8F125
:10FC5000010FEFD10DF1070206210068FAF7A8FEA7
:10FC60009DF80730002BE5D1A38805F10C02C7F8F9
:10FC7000008016211B0232602868AB81F4F794FBE8
:10FC8000D9E7F7B5154691F900201E460023002A52
:10FC900004468DF807300B7802DB052003B0F0BD79
:10FCA000DB06FAD14B88002BF7D18B88002BF4D1DF
:10FCB000CF88012FF1D10DF1070206210068FAF774
:10FCC00077FE9DF80730012BE7D804F10C0237606E
:10FCD00015212A602068F4F767FBDFE770B50D4651
:10FCE000114604461A460529049B04D10021BDE8AB
:10FCF0007040FAF73BBEE8881E68864288BF1860ED
:10FD000089B91B6812682046FAF7C6FD78B995F9DB
:10FD10000030002B0BDA0346024601462046BDE8C0
:10FD20007040FAF7BFBD00231A461946EBE770BDD5
:10FD30004B682DE9F04101338AB04FF000080546C9
:10FD40000E4617468DF80F80CDE9048803D10520B3
:10FD50000AB0BDE8F081002AF9D0946806210DF1BF
:10FD60000F02FAF725FE317A002900F08B807368C4
:10FD7000082BECD13268002AE9D05388638093883D
:10FD8000A380D388E38050786070127812F01C0F43
:10FD9000227004D041462846FAF7E8FDD7E712F072
:10FDA00060011CD10C280FD90520059B1BB1049BB9
:10FDB000002B08BF052005AB0246214628460093CC
:10FDC00004ABFFF78BFFC3E74D4B53F82060002EC9
:10FDD000EAD005AB04AA21463846B047E5E7002B38
:10FDE0002FD012062DD420291CD100220121284613
:10FDF0000694079206AA8DF824100893F4F792FA55
:10FE0000089B0593079B04930028CDD1E38800212C
:10FE1000059A2846934238BF0593DDE90423FAF793
:10FE200041FD95E74029BFD10022132128460694C1
:10FE30000792012208938DF8242006AAF4F7B4FA59
:10FE4000DEE720290FD100220121284606940792DF
:10FE500006AA8DF824100893F4F764FA089B05931A
:10FE6000079B0493A1E740299ED100221321284635
:10FE700006940792012208938DF8242006AAF4F72D
:10FE800093FAEBE79DF80F30032B0AD16378052B2B
:10FE90007FF45DAF05AB04AA21463846FFF777FD36
:10FEA00056E77268002A3FF452AFE388002B3FF414
:10FEB0004EAF94F9000023780028FFF648AF03F016
:10FEC0006003202B0BD1336828468DF824100121C4
:10FED000089206AA07930694F4F724FA6BE7402BDE
:10FEE0000BD1336828468DF824101321089206AAF6
:10FEF00007930694F4F758FA5DE705205BE700BF27
:10FF00001C3A020030B5104B87B0054603AACDE974
:10FF100003310E4B01A901930123ADF80830FAF724
:10FF2000CFFC044660B98DF8060003AA01A9284653
:10FF3000FAF7C6FC044618B180212846FAF7DFFC20
:10FF4000204607B030BD00BF31FD000040008000FA
:10FF500030B51A4B87B005466C46012D93E8070073
:10FF600006AB84E8070003E9070002D8002007B0C9
:10FF700030BDAB1EDBB2012B09D9AB1FDBB2012BAD
:10FF800005D9A5F10A03DBB2012B88BF2B4600225D
:10FF9000114654F8040B28B106AD05EB8205013279
:10FFA00045F80C0C01310329F3D19342DED806AA9F
:10FFB00002EB830353F80C0CD9E700BF5C1402007A
:10FFC00038B51446FFF7C4FF58B31F230022C0F80A
:10FFD0003031836B43F480238363036B43F4C0139A
:10FFE0000363036B43F480430363036B43F40043F5
:10FFF00003630260BCB16378A5781B0401692D021C
:020000021000EC
:10000000247803F4702321F00F1105F4706504F0D7
:100010000F0421F470612B4323430B43036110460B
:1000200038BD0120FCE72046FAE710B50C46FFF783
:100030008FFF20B1036B1CB143F00203036310BDBB
:1000400023F00203FAE70000034B0360034B0B604D
:100050005A231360704700BF10C50020F0C5002070
:10006000034B0360034B0B60B4231360704700BF66
:1000700058C7002038C80020024808B5FAF78CF9A4
:10008000FEE700BF503A020081B2082003F0F4BB43
:1000900038B5202003F0A2FB044628B1002540F823
:1000A000045B00F047F92577204638BD2DE9F0477D
:1000B000DDF820900C4617469846064680B94FF06A
:1000C000200383F31188BFF36F8FBFF34F8F4A492B
:1000D0004A480EF00BFE4FF4FA7002F01BF8FAE7F4
:1000E00011F07F4A10D04FF0200383F31188BFF343
:1000F0006F8FBFF34F8F424940480EF0F7FD4FF42A
:10010000FA7002F007F8FAE781B94FF0200383F3A1
:100110001188BFF36F8FBFF34F8F3A4937480EF006
:10012000E5FD4FF4FA7001F0F5FFFAE702F040FD4B
:1001300098B9B9F1000F10D04FF0200383F3118864
:10014000BFF36F8FBFF34F8F2F492C480EF0CEFDBA
:100150004FF4FA7001F0DEFFFAE701F0BBFE3568FC
:1001600004EA0503B8F1000F15D1B3B9B9F1000FD6
:100170000FD0002F0CBF00214FF08071B8F1000F9D
:1001800001D041F0806100254A462143301D02F034
:100190002FFBCA4605E09C42E8D117B125EA0403CB
:1001A000336001F033FFBAF1000F1AD038B9174BA2
:1001B0004FF080521A60BFF34F8FBFF36F8F02F082
:1001C00029FE830105460AD400F064F9356804EA83
:1001D0000503B8F1000F07D143B900F089F925F004
:1001E0007F452846BDE8F0879C42F6D1002FF4D029
:1001F00025EA04043460F0E7AE3A02007C3A0200DB
:10020000BA3A0200F33A0200083B020004ED00E0B3
:100210002DE9F0410D46044680B94FF0200383F3E9
:100220001188BFF36F8FBFF34F8F234923480EF020
:100230005DFD4FF4FA7001F06DFFFAE711F07F46B3
:1002400010D04FF0200383F31188BFF36F8FBFF3FB
:100250004F8F1B4919480EF049FD4FF4FA7001F019
:1002600059FFFAE700F10C0701F034FE216820691C
:10027000294321608742216807D121EA06012160D4
:1002800001F0C4FE2068BDE8F081D0E9002822F02A
:100290007F4312F0806F03EA010502D11DB9404689
:1002A000E8E7AB42FBD1D20141F0007148BF1E43E9
:1002B00002F060FBF3E700BFAE3A02007C3A0200B6
:1002C0005E3B0200FFF7A4BF38B5044601F002FE12
:1002D00004F10C05636843B9237F13B9204603F08A
:1002E0007FFABDE8384001F091BE2069A84210D1E4
:1002F0004FF0200383F31188BFF36F8FBFF34F8F4D
:10030000064907480EF0F2FC4FF4FA7001F002FFC4
:10031000FAE74FF0007102F02DFBDBE7933B0200A0
:100320007C3A020013460A460146014803F0FAB936
:10033000C502010000F108034FF0FF324360036182
:10034000C0E9022300230360704700230361704764
:1003500043689A684B608A609A6851609960036844
:10036000086101330360704730B50C68631C0AD123
:1003700003695A684A6091608B605960036808613C
:100380000133036030BD00F108021346526815685E
:10039000A542FAD9EDE70369D0E901128A605160FC
:1003A0005968814208BF5A60002202611A68013A06
:1003B0001A6018687047000008480068006880F3F9
:1003C00008884FF0000080F3148862B661B6BFF36E
:1003D0004F8FBFF36F8F00DF00BF000008ED00E01C
:1003E000DFF80C00016841F4700101607047000003
:1003F00088ED00E0002307B50193114B1B68013322
:1004000010D04FF0200383F31188BFF36F8FBFF339
:100410004F8F0C490C480EF069FC4FF4FA7001F054
:1004200079FEFAE74FF0200383F31188BFF36F8F53
:10043000BFF34F8F019B002BFCD003B05DF804FB92
:1004400008800020F93B02007C3A02004FF08073E4
:1004500021F0010140F8202C44380364034BC163B0
:1004600083636FF002030362704700BFF50301006E
:10047000074B19680868B0E8F04F80F30988BFF3AC
:100480006F8F4FF0000080F311887047AFF300804A
:1004900050CB002008B54FF0200383F31188BFF341
:1004A0006F8FBFF34F8F0E4A13680133012B136018
:1004B00015D10C4B1B6813F0FF0F10D04FF0200329
:1004C00083F31188BFF36F8FBFF34F8F064907483F
:1004D0000EF00CFC4FF4FA7001F01CFEFAE708BDB8
:1004E0000880002004ED00E0133C02007C3A02008A
:1004F0000D4A08B5136883B94FF0200383F31188C0
:10050000BFF36F8FBFF34F8F084909480EF0EEFB22
:100510004FF4FA7001F0FEFDFAE7013B13600BB9EE
:1005200083F3118808BD00BF08800020483C02000A
:100530007C3A020000000000000000000000000003
:10054000EFF30980BFF36F8F154B1A681EF0100F81
:1005500008BF20ED108A20E9F04F10602DE9090056
:100560004FF0200080F31188BFF34F8FBFF36F8FE0
:1005700002F038F84FF0000080F3118809BC1968C8
:100580000868B0E8F04F1EF0100F08BFB0EC108AFA
:1005900080F30988BFF36F8F704700BFAFF300800F
:1005A00050CB002008B54FF0200383F31188BFF330
:1005B0006F8FBFF34F8F01F09BFC18B1034B4FF0CF
:1005C00080521A60002383F3118808BD04ED00E017
:1005D000434B444A13B51968914210D14FF02003A0
:1005E00083F31188BFF36F8FBFF34F8F3E493F48AE
:1005F0000EF07CFB4FF4FA7001F08CFDFAE71A68FC
:100600003B4B9A4210D14FF0200383F31188BFF384
:100610006F8FBFF34F8F374934480EF067FB4FF4AD
:10062000FA7001F077FDFAE7334B00211A78D2B265
:100630000192FF221A701B78304ADBB28DF803302A
:100640009DF8033003F02003137007232C4A136036
:100650009DF803005C1E000614D411B1032B136037
:1006600019D04FF0200383F31188BFF36F8FBFF3CE
:100670004F8F24491D480EF039FB4FF4FA7001F0FA
:1006800049FDFAE79DF8033001215B00DBB28DF8EC
:1006900003302346DCE74FF4407300241360019BD2
:1006A000154ADBB21370184B1A6842F470021A60D4
:1006B0001A6842F070421A60F1F738FB134B1C6065
:1006C000FFF78EFE124A136843F040431360FFF7B2
:1006D00073FE01F087FFFFF78DFE204602B010BDCC
:1006E00000ED00E071C20F415A3C02007C3A02006A
:1006F00070C20F417D3C020000E400E008CB002006
:100700000CCB0020A03C020020ED00E0088000207F
:1007100034EF00E008B5EFF305830F2B16D9184A24
:100720009B5C184A12789A4210D94FF0200383F349
:100730001188BFF36F8FBFF34F8F134913480EF02B
:10074000D5FA4FF4FA7001F0E5FCFAE7104B114AC4
:100750001B68126803F4E063934210D94FF0200342
:1007600083F31188BFF36F8FBFF34F8F0A49074898
:100770000EF0BCFA4FF4FA7001F0CCFCFAE708BDB9
:10078000F0E300E008CB0020E23C02007C3A0200EB
:100790000CED00E00CCB00200C3D020010B504462F
:1007A000FFF778FEA46BFFF7A3FEB4FA84F04009CC
:1007B00010BDF8B51546026C0446866B52B9076841
:1007C00047BB806802F052FA0546A760013628460A
:1007D000A663F8BD65B940680DF002FC6368226C41
:1007E0001344A26893426360F0D323686360EDE72B
:1007F000C0680DF0F5FB226CE36851429B1A226839
:100800009342E3603EBFA3685B18E360022D01D111
:1008100016B1013E0025D9E73546D7E7034608461D
:100820001A6C10B462B1DC68996814448C42DC60C4
:100830005DF8044B24BF1968D960D9680DF0D0BBAE
:100840005DF8044B704770B50446FFF723FE94F83B
:10085000455004F124066DB2002D14DCFF2304F191
:10086000100684F84530FFF743FEFFF713FE94F8B7
:1008700044506DB2002D12DCFF2384F84430BDE8F3
:100880007040FFF735BE636A002BE7D0304602F0B8
:100890001BF808B102F05EF9013D6DB2DCE7236997
:1008A000002BE9D0304602F00FF808B102F052F9FF
:1008B000013D6DB2DEE7000038B50D46044680B953
:1008C0004FF0200383F31188BFF36F8FBFF34F8F77
:1008D0001C491D480EF00AFA4FF4FA7001F01AFC98
:1008E000FAE7FFF7D7FD2268D4E90F3162604B4386
:1008F000D0185B1A1344A0600020E360FF23A063BC
:1009000084F8443084F8453095B9236963B104F123
:10091000100001F0D9FF38B10C4B4FF080521A6033
:10092000BFF34F8FBFF36F8FFFF7E2FD012038BD9C
:1009300004F11000FFF7FEFC04F12400FFF7FAFCBD
:10094000F2E700BF4E3D02007C3A020004ED00E0F9
:1009500013B51C4680B94FF0200383F31188BFF311
:100960006F8FBFF34F8F354935480EF0BFF94FF405
:10097000FA7001F0CFFBFAE783B94FF0200383F35D
:100980001188BFF36F8FBFF34F8F2E492C480EF0A5
:10099000ADF94FF4FA7001F0BDFBFAE78AB111BB73
:1009A0004FF0200383F31188BFF36F8FBFF34F8F96
:1009B000254923480EF09AF94FF4FA7001F0AAFB8A
:1009C000FAE781B14FF0200383F31188BFF36F8FF3
:1009D000BFF34F8F1D491A480EF088F94FF4FA7093
:1009E00001F098FBFAE750230193019B502B10D0A4
:1009F0004FF0200383F31188BFF36F8FBFF34F8F46
:100A000013490F480EF072F94FF4FA7001F082FBAF
:100A1000FAE7002908BF2246019B0123226084F8DF
:100A20004630C4E90F0119462046FFF745FF9DF8FF
:100A30001030204684F84C3002B010BD563D020004
:100A40007C3A0200783D02008E3D0200C63D020065
:100A5000FE3D0200F8B50D461746064680B94FF038
:100A6000200383F31188BFF36F8FBFF34F8F1C49AF
:100A70001C480EF03BF94FF4FA7001F04BFBFAE71B
:100A80004843A1B1B0FBF1F3B34210D04FF02003C3
:100A900083F31188BFF36F8FBFF34F8F1249114853
:100AA0000EF024F94FF4FA7001F034FBFAE75030FD
:100AB00002F094FE044670B1002380F8463065B120
:100AC00000F15003012120462360C4E90F65FFF7C0
:100AD000F3FE84F84C702046F8BD0346F2E700BFF1
:100AE000563D02007C3A0200193E020010B50C4649
:100AF00080B94FF0200383F31188BFF36F8FBFF3EA
:100B00004F8F114911480EF0F1F84FF4FA7001F0CF
:100B100001FBFAE7884210D24FF0200383F31188DB
:100B2000BFF36F8FBFF34F8F094908480EF0DEF80F
:100B30004FF4FA7001F0EEFAFAE702220021FFF713
:100B400089FF00B1846310BD683E02007C3A020058
:100B5000783E02002DE9FF4788461F460446019271
:100B600080B94FF0200383F31188BFF36F8FBFF379
:100B70004F8F604960480EF0B9F84FF4FA7001F0F9
:100B8000C9FAFAE791B9036C83B14FF0200383F3FC
:100B90001188BFF36F8FBFF34F8F584956480EF03F
:100BA000A5F84FF4FA7001F0B5FAFAE7022F13D165
:100BB000E36B012B10D04FF0200383F31188BFF3B8
:100BC0006F8FBFF34F8F4E494B480EF08FF84FF4A5
:100BD000FA7001F09FFAFAE701F0EAFF064690B9D1
:100BE000019B8BB14FF0200383F31188BFF36F8F0C
:100BF000BFF34F8F434940480EF078F84FF4FA7036
:100C000001F088FAFAE700264FF00009DFF8F8A0B3
:100C100037E0019D1DB9FFF76BFC002050E016B9CD
:100C200002A801F02DFFFFF763FC01F053F9FFF775
:100C300031FC94F84430FF2B01D184F8449094F8AF
:100C40004530FF2B01D184F84590FFF751FC01A9F5
:100C500002A801F021FF002846D1FFF71BFCA26B80
:100C6000E36B9A422FD1FFF743FC019904F1100086
:100C700001F098FD2046FFF7E6FD01F0C7F950B3FB
:100C80000126FFF707FCA26BE36B9A4201D3022F08
:100C9000BFD13A4641462046FFF78BFD636A1BB140
:100CA00004F1240001F010FE38B1174B4FF08052D0
:100CB0001A60BFF34F8FBFF36F8FFFF719FC01204E
:100CC00004B0BDE8F087FFF713FC2046FFF7BBFD3B
:100CD00001F09CF9D4E74FF08053CAF80030BFF31D
:100CE0004F8FBFF36F8FCBE72046FFF7ACFD01F0CE
:100CF0008DF992E74E3D02007C3A0200953E0200DB
:100D0000E53E0200083B020004ED00E000220B4635
:100D100013B5114600900120FFF71AFE044638B1C2
:100D200000231A46194683600360C360FFF712FF71
:100D3000204602B010BD000038B5044680B94FF01F
:100D4000200383F31188BFF36F8FBFF34F8F0D49DB
:100D50000D480DF0CBFF4FF4FA7001F0DBF9FAE724
:100D6000856801F01FFF85420AD1E368013BE3601B
:100D700023B91A4619462046FFF7ECFE012000E091
:100D8000002038BD2C3F02007C3A020002460021C0
:100D9000012010B5FFF75EFE044638B100231A4665
:100DA000194683600360C360FFF7D4FE204610BD80
:100DB0002DE9F843894690461F46044680B94FF016
:100DC000200383F31188BFF36F8FBFF34F8F3F4929
:100DD0003F480DF08BFF4FF4FA7001F09BF9FAE7F2
:100DE00091B9036C83B14FF0200383F31188BFF3F3
:100DF0006F8FBFF34F8F374935480DF077FF4FF4B2
:100E0000FA7001F087F9FAE7022F13D1E36B012B97
:100E100010D04FF0200383F31188BFF36F8FBFF31F
:100E20004F8F2D492A480DF061FF4FF4FA7001F001
:100E300071F9FAE7FFF76EFCEFF311864FF020032C
:100E400083F31188BFF36F8FBFF34F8FA26BE36BF8
:100E50009A4201D3022F36D194F845503A4649467A
:100E600020466DB2A36BFFF7A4FC6B1C13D1636A21
:100E70000BB901200BE004F1240001F025FD00284E
:100E8000F7D0B8F1000FF4D00120C8F8000086F3C5
:100E90001188BDE8F8837F2D10D14FF0200383F334
:100EA0001188BFF36F8FBFF34F8F0C4908480DF0C7
:100EB0001DFF4FF4FA7001F02DF9FAE701356DB21C
:100EC00084F84550D5E70020E1E700BF4E3D020021
:100ED0007C3A0200953E0200E53E0200343F0200EB
:100EE00070B50D46044680B94FF0200383F3118896
:100EF000BFF36F8FBFF34F8F39493A480DF0F6FEBD
:100F00004FF4FA7001F006F9FAE7036C83B14FF081
:100F1000200383F31188BFF36F8FBFF34F8F3249E4
:100F200030480DF0E3FE4FF4FA7001F0F3F8FAE701
:100F3000036893B9836883B14FF0200383F311886A
:100F4000BFF36F8FBFF34F8F284926480DF0CEFEB9
:100F50004FF4FA7001F0DEF8FAE7FFF7DBFBEFF38E
:100F600011864FF0200383F31188BFF36F8FBFF317
:100F70004F8FA26BE36B93422FD994F84510013247
:100F8000FF294BB2A26310D1636A0BB9012009E0BB
:100F900004F1240001F098FC0028F7D0002DF5D0D2
:100FA0000120286086F3118870BD7F2B10D14FF08F
:100FB000200383F31188BFF36F8FBFF34F8F0C496A
:100FC00008480DF093FE4FF4FA7001F0A3F8FAE729
:100FD00001335BB284F84530D8E70020E2E700BF78
:100FE0004E3D02007C3A02004D3F0200663F020087
:100FF000343F02002DE9F04385B00F4604460192CC
:1010000080B94FF0200383F31188BFF36F8FBFF3D4
:101010004F8F534953480DF069FE4FF4FA7001F0B9
:1010200079F8FAE791B9036C83B14FF0200383F3A9
:101030001188BFF36F8FBFF34F8F4B4949480DF0B5
:1010400055FE4FF4FA7001F065F8FAE701F0B0FDD3
:10105000064690B9019B8BB14FF0200383F31188B2
:10106000BFF36F8FBFF34F8F40493E480DF03EFEF8
:101070004FF4FA7001F04EF8FAE700264FF000083E
:10108000DFF8EC903BE0019D1DB9FFF731FA00203D
:1010900052E016B902A801F0F3FCFFF729FA00F0BC
:1010A00019FFFFF7F7F994F84430FF2B01D184F8CA
:1010B000448094F84530FF2B01D184F84580FFF738
:1010C00017FA01A902A801F0E7FC00283DD120464B
:1010D000FFF764FB98B3019904F1240001F062FB6F
:1010E0002046FFF7B0FB00F091FF38B94FF0805376
:1010F000C9F80030BFF34F8FBFF36F8F0126FFF7A2
:10110000C9F9A56B002DBED0013D39462046FFF739
:1011100085FBA563236963B104F1100001F0D4FBE2
:1011200038B1134B4FF080521A60BFF34F8FBFF3AB
:101130006F8FFFF7DDF9012005B0BDE8F083204691
:10114000FFF781FB00F062FFD8E72046FFF77BFB4B
:1011500000F05CFF2046FFF721FB0028CED096E789
:10116000CD3F02007C3A0200D93F0200083B02005A
:1011700004ED00E02DE9FF410446019180B94FF0F4
:10118000200383F31188BFF36F8FBFF34F8F6A493A
:101190006A480DF0ABFD4FF4FA7000F0BBFFFAE7C0
:1011A000056C85B14FF0200383F31188BFF36F8F77
:1011B000BFF34F8F624961480DF098FD4FF4FA700C
:1011C00000F0A8FFFAE701F0F3FC064690B9019B96
:1011D000ABB14FF0200383F31188BFF36F8FBFF3E0
:1011E0004F8F584955480DF081FD4FF4FA7000F0CB
:1011F00091FFFAE72E460027DFF8508159E00546B7
:10120000F9E7019BA3B985B14FF0200383F311885F
:10121000BFF36F8FBFF34F8F4B4948480DF066FD0A
:101220004FF4FA7000F076FFFAE7FFF761F95EE03D
:1012300016B902A801F024FCFFF75AF900F04AFEA3
:10124000FFF728F994F84430FF2B01D184F844705B
:1012500094F84530FF2B01D184F84570FFF748F929
:1012600001A902A801F018FC00284AD12046FFF786
:1012700095FA00283FD023683BB9FFF70BF9A06827
:1012800001F0A6FC0546FFF733F9019904F12400AB
:1012900001F088FA2046FFF7D6FA00F0B7FE38B919
:1012A0004FF08053C8F80030BFF34F8FBFF36F8FFC
:1012B0000126FFF7EFF8A36B002BA2D0013BA3633D
:1012C000236813B901F0B2FDA060236963B104F192
:1012D000100001F0F9FA38B11C4B4FF080521A603F
:1012E000BFF34F8FBFF36F8F0125FFF701F928463A
:1012F00004B0BDE8F0812046FFF7A5FA00F086FEB5
:10130000D6E72046FFF79FFA00F080FE2046FFF761
:1013100045FA0028CCD0002DE9D0FFF7BBF8616A70
:1013200019B1236B1968C1F10501A068002501F00E
:1013300001FDFFF7DDF8DAE7CD3F02007C3A02005D
:101340004D3F0200083B02002C40020004ED00E08B
:1013500037B5044680B94FF0200383F31188BFF3FB
:101360006F8FBFF34F8F0F490F480DF0BFFC4FF445
:10137000FA7000F0CFFEFAE78568019101F012FCE7
:101380008542019905D1E36801200133E36003B090
:1013900030BD2046FFF7EEFE0028F8D0E3680133A9
:1013A000E360F4E72C3F02007C3A020013B50446E8
:1013B00080B94FF0200383F31188BFF36F8FBFF321
:1013C0004F8F094909480DF091FC4FF4FA7000F075
:1013D000A1FEFAE7FFF75EF8A06B0190FFF788F82F
:1013E000019802B010BD00BF4F3D02007C3A0200E0
:1013F0000023074A10B552F833402CB942F8331095
:1014000002EBC303586010BD0133082BF3D1FAE798
:1014100010CB00200023084A10B502EBC3014C6832
:10142000844204D1002042F83300486010BD0133EB
:10143000082BF2D1FAE700BF10CB002010B504460C
:1014400080B94FF0200383F31188BFF36F8FBFF390
:101450004F8F0A490A480DF049FC4FF4FA7000F02A
:1014600059FEFAE7FFF7D6FF94F8463023B9204635
:10147000BDE8104002F0B4B910BD00BF4E3D0200FF
:101480007C3A020070B504460D461646FFF702F896
:1014900094F84430FF2B02D1002384F8443094F8B0
:1014A0004530FF2B02D1002384F84530FFF720F8A8
:1014B000A36B2BB93246294604F1240001F0DAF976
:1014C0002046BDE87040FFF7BEB9826843680068F7
:1014D0001344181A824298BF801A704793422DE92C
:1014E000F84328BF13460646894690461C46002B03
:1014F00053D0056883685F1BA74228BF2746BA42BE
:1015000010D24FF0200383F31188BFF36F8FBFF326
:101510004F8F234923480DF0E9FB4FF4FA7000F098
:10152000F9FDFAE7EA19934210D24FF0200383F352
:101530001188BFF36F8FBFF34F8F1B4919480DF010
:10154000D5FB4FF4FA7000F0E5FDFAE781693A4601
:10155000484629440CF044FDBC4218D9A04510D29D
:101560004FF0200383F31188BFF36F8FBFF34F8FCA
:101570000E490C480DF0BAFB4FF4FA7000F0CAFDAA
:10158000FAE7E21BB16909EB07000CF029FD2544DD
:10159000B368AB4298BFED1A35602046BDE8F883CA
:1015A0004C4002007C3A0200664002009E4002006D
:1015B0002DE9F0410E4604465521904630461F461F
:1015C0000CF036FDB042054610D04FF0200383F3F7
:1015D0001188BFF36F8FBFF34F8F0B490B480DF08E
:1015E00085FB4FF4FA7000F095FDFAE72422002104
:1015F00020460CF01DFD9DF81830A5612377C4E945
:101600000287BDE8F08100BFB24002007C3A0200D0
:101610002DE9F041836816464568044688465F1BFD
:10162000974228BF1746EA19934210D24FF0200381
:1016300083F31188BFF36F8FBFF34F8F19491A4897
:101640000DF054FB4FF4FA7000F064FDFAE7806986
:101650003A4628440CF0C4FCBE4219D9F21BA368D8
:101660009A4210D94FF0200383F31188BFF36F8F94
:10167000BFF34F8F0D490C480DF038FB4FF4FA7053
:1016800000F048FDFAE708EB0701A0690CF0A8FCA0
:101690003544A36830469D4228BFED1A6560BDE819
:1016A000F08100BFFA4002007C3A020032410200A1
:1016B00037B504460D4601923BB3017FC90716D4E6
:1016C0009A4294BF01920193019ACAB94FF0200344
:1016D00083F31188BFF36F8FBFF34F8F0D490E480F
:1016E0000DF004FB4FF4FA7000F014FDFAE7069ACF
:1016F00093420DD304220DEB0201FFF789FFE3E7CC
:1017000029462046FFF784FF0346184603B030BD44
:101710000023FAE7674102007C3A020030B585B049
:101720000D461946089C83B94FF0200383F31188B6
:10173000BFF36F8FBFF34F8F354936480DF0D6FAA0
:101740004FF4FA7000F0E6FCFAE784B94FF020039A
:1017500083F31188BFF36F8FBFF34F8F2E492D484E
:101760000DF0C4FA4FF4FA7000F0D4FCFAE78542A9
:1017700010D94FF0200383F31188BFF36F8FBFF3AD
:101780004F8F264923480DF0B1FA4FF4FA7000F05C
:10179000C1FCFAE7002A14BF03230223042810D84F
:1017A0004FF0200383F31188BFF36F8FBFF34F8F88
:1017B0001B4918480DF09AFA4FF4FA7000F0AAFC91
:1017C000FAE724220392039A242A10D04FF0200330
:1017D00083F31188BFF36F8FBFF34F8F11490D480B
:1017E0000DF084FA4FF4FA7000F094FCFAE7012D42
:1017F0000246009320462B4638BF0123FFF7D8FE50
:10180000237F204643F00203237705B030BD00BF9D
:10181000EC4102007C3A020007420200C54102008E
:101820007D4102001C42020008B580B94FF0200340
:1018300083F31188BFF36F8FBFF34F8F09490A48B5
:101840000DF054FA4FF4FA7000F064FCFAE7826885
:1018500003684168D0180138401A824298BF801A44
:1018600008BD00BF3E4202007C3A02002DE9F04371
:1018700087B0044617468946039381B94FF0200389
:1018800083F31188BFF36F8FBFF34F8F4D494E48DD
:101890000DF02CFA4FF4FA7000F03CFCFAE780B936
:1018A0004FF0200383F31188BFF36F8FBFF34F8F87
:1018B000464945480DF01AFA4FF4FA7000F02AFC38
:1018C000FAE7037FDB0734D5161DB24210D34FF081
:1018D000200383F31188BFF36F8FBFF34F8F3C4911
:1018E00039480DF003FA4FF4FA7000F013FCFAE7F0
:1018F0008368B34234BF00230123039AFAB9204618
:10190000FFF792FF05462B463A4649462046009689
:10191000FFF7CEFE054640B12046FFF7D6FDE3684F
:10192000984202D32046FEF7AFFB284607B0BDE839
:10193000F08386680123964228BF1646DDE7002B18
:10194000DDD004A801F074F8FEF7A4FD2046FFF7EF
:101950006BFF8642054631D90021084601F08AFC1A
:10196000D4F81480B8F1000F10D04FF0200383F3A7
:101970001188BFF36F8FBFF34F8F164912480DF0D8
:10198000B5F94FF4FA7000F0C5FBFAE701F00AF977
:101990006061FEF7ADFD039B414642460093404621
:1019A000434601F04FFA03A904A8C4F8148001F0DB
:1019B00073F80028C8D0002DA1D0A4E7FEF798FD49
:1019C000F9E700BF4D4202007C3A02003E420200AD
:1019D00056420200784202002DE9F043044685B0E9
:1019E00016469946884681B94FF0200383F3118843
:1019F000BFF36F8FBFF34F8F444945480DF076F921
:101A00004FF4FA7000F086FBFAE780B94FF020033C
:101A100083F31188BFF36F8FBFF34F8F3D493C486D
:101A20000DF064F94FF4FA7000F074FBFAE7037FED
:101A300013F0010F14BF04270027B9F1000F30D0B5
:101A4000FEF728FD2046FFF740FD8742054619D3E3
:101A50000021084601F00EFC236983B14FF02003FA
:101A600083F31188BFF36F8FBFF34F8F2A49284844
:101A70000DF03CF94FF4FA7000F04CFBFAE701F07E
:101A800091F82061FEF734FDAF4214D30023CDF866
:101A900000901A461946184601F0D4F90023204652
:101AA0002361FFF712FDB842054604D800252846F9
:101AB00005B0BDE8F08377B12B463A4603A920462E
:101AC000D4F80090FFF70AFD039BED1B9E421BD24A
:101AD0000026C4F800902B46324641462046FFF7C8
:101AE000FDFC05460028E1D000F0F4F9636943B13C
:101AF00000266069334632463146009601F012FAFC
:101B0000666100F083FAD2E71E46E4E7A3420200D2
:101B10007C3A02003E420200AC42020073B5044629
:101B200080B94FF0200383F31188BFF36F8FBFF3A9
:101B30004F8F124912480DF0D9F84FF4FA7000F0A7
:101B4000E9FAFAE7EFF311864FF0200383F31188E7
:101B5000BFF36F8FBFF34F8F0069002548B1206935
:101B60002B462A46CDE90051294601F0A1FA012071
:101B7000256186F3118802B070BD00BF3E420200AD
:101B80007C3A02002DE9F0410446FEF783FC314B1C
:101B9000314D1A68314E01321A602A68002A4FD13D
:101BA0002C601B68012B25D12D48FEF7C3FB2D4867
:101BB000FEF7C0FB2C48FEF7BDFBDFF8DC802B48AE
:101BC000FEF7B8FB2A4F2B48FEF7B4FB4046FEF762
:101BD000B1FB3846FEF7AEFB2748FEF7ABFB2748C4
:101BE000FEF7A8FB2648FEF7A5FB264BC3F80080AE
:101BF000254B1F60254A2649136808680133136086
:101C0000E3640123E26A9340034314200B60211D27
:101C1000134B00FB0230FEF79BFBFEF769FC3368B9
:101C200063B12B68DA6AE36A9A4207D2194B4FF024
:101C300080521A60BFF34F8FBFF36F8FBDE8F08102
:101C40003368002BD6D12B68DA6AE36A9A42D1D87E
:101C50002C60CFE7C8CB002050CB002024CC002044
:101C60005CCB002070CB002084CB002098CB0020E0
:101C7000F0CB0020ACCB002010CC00203CCC0020CE
:101C800028CC002054CB002058CB0020D4CB0020FF
:101C9000D8CB002004ED00E0DCCB0020F8B51D4FD0
:101CA00000221D4B04460E461D683B68386883F8C9
:101CB000DF200430FEF76FFB3B4640B93968174818
:101CC000CF6A01210268B94022EA01020260621C67
:101CD00007D136B1196812480431BDE8F840FEF763
:101CE00037BB2C191A68546007D30E4A106819685C
:101CF000BDE8F8400431FEF737BB0B4A106819689D
:101D00000431FEF731FB094B1A68A24200D91C606E
:101D1000F8BD00BF50CB002050CC0020D8CB002015
:101D200028CC002058CB002054CB002004CC00202D
:101D3000094B0A4A1B681268D06A58B9084A1268E7
:101D4000012A08D8012B06D8064B1868064B1B68D9
:101D5000C01A704700207047D8CB002050CB00201D
:101D60005CCB002004CC002050CC0020064A136835
:101D70001968064B19B94FF0FF321A6070471268A4
:101D8000D2681268F9E700BF54CB002004CC0020D1
:101D90002DE9F0474FEA820A07460D46A521524633
:101DA0009846AAF1040ADDE90994206B0CF040F989
:101DB000226B92442AF0070AC4F848A0002D51D0A3
:101DC0006B1E04F13402133513F8011F02F8011BD6
:101DD000197809B1AB42F7D1002384F84730089E47
:101DE0000025201D042EA56528BF0426E662666531
:101DF000C6F10506FEF7A9FA04F11800FEF7A5FAE8
:101E00001422294604F15C002461A66164622567FE
:101E10000CF00EF90822294604F1D4000CF008F960
:101E20000222294604F1DC000CF002F96022294666
:101E300004F174000CF0FCF80C4B42463946A367E1
:101E400050460B4B84F8DF50E3670A4BC4F88030F0
:101E5000FEF7FCFA2060B9F1000F01D0C9F800408C
:101E6000BDE8F08784F83450B9E700BF1085020060
:101E700030850200F08402002DE9F043074685B06A
:101E8000900088461646994601F0A8FC0546E8B140
:101E9000E02001F0A3FC0446A8B10023056332460C
:101EA000414680F8DE300D9B0290384601930C9B32
:101EB00000934B46FFF76CFF2046FFF763FE0120BF
:101EC00005B0BDE8F083284601F08AFC4FF0FF30F2
:101ED000F6E70000024A136801331360704700BF41
:101EE000D0CB0020014B1868704700BF50CC0020B9
:101EF0002DE9F84F384B1B68002B67D1374B1E6814
:101F000001361E60FEB9364B1A68126882B14FF076
:101F1000200383F31188BFF36F8FBFF34F8F3149D5
:101F200031480CF0E3FE4FF4FA7000F0F3F8FAE7F2
:101F30002E4A19681068186011602D4A1368013321
:101F40001360FFF713FF2B4F00243B689E4207D21C
:101F5000294B1B68002B18BF01242046BDE8F88FD1
:101F6000DFF87C90DFF89C80DFF89CA0D9F8003087
:101F70001B681BB94FF0FF333B60E9E7D9F800302D
:101F8000DB68DD686B689E42F6D305F1040B5846AA
:101F9000FEF701FAAB6A1BB105F11800FEF7FBF979
:101FA000EA6A0123D8F800101420934000FB02A035
:101FB0000B435946C8F80030FEF7CAF90F4BEA6ADE
:101FC0001B68DB6A9A4228BF0124CFE70C4A002431
:101FD000136801331360C0E7D0CB002050CC002041
:101FE00054CB0020DA4202007C3A020058CB002099
:101FF00008CC002004CC002054CC002050CB002082
:102000000CCC0020D8CB00205CCB00202DE9F34184
:10201000354C236883B94FF0200383F31188BFF355
:102020006F8FBFF34F8F314931480CF05FFE4FF493
:10203000FA7000F06FF8FAE7FEF72CFA2368013B1C
:102040002360246834B10024FEF752FA204602B01F
:10205000BDE8F081274B1B68002BF4D0264D274E9E
:10206000DFF8AC801FE0EB680127DC6804F11800A2
:10207000FEF791F9211D08460191FEF78CF9E26AFD
:10208000306807FA02F301990343142000FB028031
:102090003360FEF75DF91A4BE26A1B68DB6A9A420D
:1020A00001D3184B1F602B68002BDCD10CB1FFF75C
:1020B0005DFE154D2C6844B1124E0127FFF718FF45
:1020C00000B13760013CF9D12C600E4B1B68002B2E
:1020D000B9D00E4B4FF080521A60BFF34F8FBFF351
:1020E0006F8F0124B0E700BFD0CB00200543020072
:1020F0007C3A0200C8CB002010CC0020D8CB0020B6
:1021000050CB002054CC00200CCC002004ED00E08B
:102110005CCB002008B540B9124B4FF080521A60DA
:10212000BFF34F8FBFF36F8F08BD0F4B196881B19D
:102130004FF0200383F31188BFF36F8FBFF34F8FEE
:102140000A490B480CF0D2FD4FF4FA70FFF7E2FF9A
:10215000FAE7FFF7BFFEFFF7A1FDFFF757FF0028E3
:10216000DAD0E1E704ED00E0D0CB00201A43020012
:102170007C3A020070B586B0DDE90B5485B94FF0AA
:10218000200383F31188BFF36F8FBFF34F8F214973
:1021900021480CF0ABFD4FF4FA70FFF7BBFFFAE7F4
:1021A00084B94FF0200383F31188BFF36F8FBFF31F
:1021B0004F8F1A4918480CF099FD4FF4FA70FFF749
:1021C000A9FFFAE7E0260596059EE02E10D04FF015
:1021D000200383F31188BFF36F8FBFF34F8F104934
:1021E0000D480CF083FD4FF4FA70FFF793FFFAE708
:1021F00025630225059E84F8DE5004AD0294019506
:102200000A9D0095FFF7C4FD2046FFF7BBFC04982C
:1022100006B070BD344302007C3A02004B4302001A
:102220006043020010B5044674300CF085FD94F84C
:10223000DE303BB9206B01F0D3FA2046BDE81040F8
:1022400001F0CEBA012BF8D0022B10D04FF02003B2
:1022500083F31188BFF36F8FBFF34F8F0449054895
:102260000CF044FD4FF4FA70FFF754FFFAE710BD8D
:10227000794302007C3A0200F8B504462D4DFEF782
:1022800009F904B92C68261D3046FEF784F860B9B8
:10229000E76A1420284B78431B5833B92749012299
:1022A0000B68BA4023EA02030B60A36A1BB104F176
:1022B0001800FEF770F8224A1368013313602B6888
:1022C000A34223D131461F48FEF742F81E4A136845
:1022D00001331360FEF70CF91C4B1B6843B32B68EA
:1022E000A34225D11A4B1B68D3B14FF0200383F3CF
:1022F0001188BFF36F8FBFF34F8F164916480CF04C
:10230000F5FC4FF4FA70FFF705FFFAE7134A204691
:102310001368013B1360FFF785FFFFF727FDD9E73F
:102320000F4B4FF080521A60BFF34F8FBFF36F8F88
:10233000F8BD00BF50CB00205CCB0020D8CB0020E4
:10234000D4CB00203CCC0020CCCB002024CC0020DF
:10235000D0CB00201A4302007C3A0200C8CB0020F8
:1023600004ED00E073B5054680B94FF0200383F318
:102370001188BFF36F8FBFF34F8F234923480CF0B1
:10238000B5FC4FF4FA70FFF7C5FEFAE7FEF7C2F9A5
:10239000EFF311864FF0200383F31188BFF36F8FA3
:1023A000BFF34F8F1A4B6A699A422AD1AC6A194817
:1023B000844226D02CBB184B1B68FBB9174B291D38
:1023C000EC6A1B6808460191DB6A9C4234BF00241A
:1023D0000124FDF7E0FFEA6A11480123019905682D
:1023E00093402B43036014200E4B00FB0230FDF79B
:1023F000AFFF86F31188204602B070BD05F11801C9
:10240000F5E70024F5E700BFBF4302007C3A020075
:1024100028CC002010CC0020D0CB002050CB0020B6
:10242000D8CB00205CCB002010B588B0002407AAD0
:1024300006A905A8CDE90544FDF706FE059B079A08
:102440000293069B1B491C48CDE900432346FFF736
:1024500091FED0B100F08EFF012818D14FF020037B
:1024600083F31188BFF36F8FBFF34F8F134B144A61
:102470001B68743313604FF0FF32124B1A60124B1B
:102480001860124B1C60FEF7A3F808B010BD0130B5
:10249000FBD14FF0200383F31188BFF36F8FBFF39D
:1024A0004F8F0B490B480CF021FC4FF4FA70FFF7EB
:1024B00031FEFAE7CD4302002525010050CB002074
:1024C000A0AA002004CC002024CC002050CC002066
:1024D000D24302007C3A020008B50E4B0E491A683E
:1024E000096802448A4210D94FF0200383F311880F
:1024F000BFF36F8FBFF34F8F084909480CF0F6FB0D
:102500004FF4FA70FFF706FEFAE71A6810441860F5
:1025100008BD00BF50CC002004CC002003440200C2
:102520007C3A02002DE9F041254E264F264C274DDE
:1025300023683BBB264B1B68012B06D94FF0805309
:102540003B60BFF34F8FBFF36F8FFFF7F1FB09289D
:10255000ECD9FFF7BFFC1F4B1A681F4B1B689A4250
:1025600025D24FF0200383F31188BFF36F8FBFF3A1
:102570004F8F1A491A480CF0B9FB4FF4FA70FFF765
:10258000C9FDFAE7FDF786FFF368D3F80C8008F180
:102590000400FDF700FF2B68013B2B602368013B23
:1025A0002360FDF7A5FF4046FFF73CFEC0E7FFF7BD
:1025B000BFFB092801D9EFF751FBFFF727FDB5E76E
:1025C0003CCC002004ED00E0CCCB0020C8CB0020A8
:1025D0005CCB002004CC002050CC00203944020009
:1025E0007C3A020038B5264B1A68264B12B10122FC
:1025F0001A6038BD1A6002F0E9FA234B23491860CB
:102600000C681A68A24206D9214A1D681068026F38
:10261000121B2A4402671B680B601E4B1B68B3FA2F
:1026200083F3DBB214221C49C3F11F035A438C58B5
:10263000881884B94FF0200383F31188BFF36F8F9C
:10264000BFF34F8F154916480CF050FB4FF4FA704A
:10265000FFF760FDFAE74468083264680A44944270
:10266000446004BF62684260142202FB03135B688B
:10267000DA68074B1A601B680A4A74331360B8E7BC
:10268000D0CB002054CC0020C4CB0020C0CB0020F5
:1026900050CB0020D8CB00205CCB00205C44020053
:1026A0007C3A0200A0AA0020F8B50446334EFDF79C
:1026B000F1FE04B93468251D2846FDF76CFE60B9AB
:1026C000E76A14202E4B78431B5833B92D49012259
:1026D0000B68BA4023EA02030B60A36A1BB104F142
:1026E0001800FDF758FE29462748FDF731FE94F8FB
:1026F000DC30012B02D1002384F8DC3094F8DD308B
:10270000012B02D1002384F8DD30204DFDF7F0FECF
:102710002A682AB1FDF7BEFEFFF728FBFDF7E8FEA9
:102720003368A3421DD12B68E3B1194B1B6883B1F9
:102730004FF0200383F31188BFF36F8FBFF34F8FE8
:10274000144915480CF0D2FA4FF4FA70FFF7E2FC86
:10275000FAE7124B4FF080521A60BFF34F8FBFF36E
:102760006F8FF8BD084A11680D4A1268914201D175
:102770003360F6E7BDE8F840FFF734BF50CB0020E8
:102780005CCB0020D8CB002028CC002024CC00201B
:10279000D0CB00201A4302007C3A020004ED00E096
:1027A000C8CB002010B50C4680B94FF0200383F34E
:1027B0001188BFF36F8FBFF34F8F0A490A480CF09F
:1027C00095FA4FF4FA70FFF7A5FCFAE7074B196882
:1027D0001831FDF7C9FD20460121BDE81040FFF783
:1027E0005DBA00BFA34402007C3A020050CB002037
:1027F00010B5144680B94FF0200383F31188BFF35E
:102800006F8FBFF34F8F164916480CF06FFA4FF4D5
:10281000FA70FFF77FFCFAE7134B1B6883B94FF0A0
:10282000200383F31188BFF36F8FBFF34F8F0F49DE
:102830000C480CF05BFA4FF4FA70FFF76BFCFAE708
:102840000B4B41F000411A68916119681831FDF78E
:102850007FFD20460121BDE81040FFF71FBA00BFF1
:10286000A34402007C3A0200D0CB0020AF44020017
:1028700050CB002038B50D46144680B94FF02003E8
:1028800083F31188BFF36F8FBFF34F8F0B490C4851
:102890000CF02CFA4FF4FA70FFF73CFCFAE7094B06
:1028A00019681831FDF754FD002C21460CBF28464D
:1028B0004FF0FF30BDE83840FFF7F0B9A344020005
:1028C0007C3A020050CB0020C36837B5DC6884B97D
:1028D0004FF0200383F31188BFF36F8FBFF34F8F47
:1028E0001C491D480CF002FA4FF4FA70FFF712FC75
:1028F000FAE704F1180108460191FDF74CFD174B6A
:1029000001991B68FBB9211D08460191FDF743FDA4
:10291000E26A134801230199056893402B43036041
:102920001420104B00FB0230FDF712FDFFF71EFADA
:102930000D4BE26A1B68DB6A9A4208D901200B4BF7
:10294000186003B030BD0A48FDF702FDF0E7002033
:10295000F7E700BFC94402007C3A0200D0CB002058
:10296000D8CB00205CCB002050CB002054CC0020E2
:1029700010CC0020264A126873B582B94FF02003AC
:1029800083F31188BFF36F8FBFF34F8F2149224824
:102990000CF0ACF94FF4FA70FFF7BCFBFAE741F02A
:1029A0000041C468016084B94FF0200383F31188AB
:1029B000BFF36F8FBFF34F8F184917480CF096F98C
:1029C0004FF4FA70FFF7A6FBFAE7FDF7E4FC0125E8
:1029D000FFF7CCF9211D08460191FDF7DCFCE26A06
:1029E0000F4805FA02F30199066833430360142087
:1029F0000C4B00FB0230FDF7ABFC0B4BE26A1B6893
:102A0000DB6A9A4201D9094B1D6002B070BD00BF5C
:102A1000D0CB0020D84402007C3A0200C944020016
:102A2000D8CB00205CCB002050CB002054CC002021
:102A300010B5044680B94FF0200383F31188BFF32B
:102A40006F8FBFF34F8F0A490A480CF04FF94FF4CC
:102A5000FA70FFF75FFBFAE7FDF71CFD064B1B68FA
:102A60002360064B1B686360BDE81040FDF740BD66
:102A7000F84402007C3A020008CC002050CC002030
:102A8000034B1B680360034B1B684360704700BF28
:102A900008CC002050CC002070B50E46054680B909
:102AA0004FF0200383F31188BFF36F8FBFF34F8F75
:102AB000224923480CF01AF94FF4FA70FFF72AFB69
:102AC000FAE781B94FF0200383F31188BFF36F8FCA
:102AD000BFF34F8F1B491A480CF008F94FF4FA70F6
:102AE000FFF718FBFAE7FDF7D5FC174B1968174BF2
:102AF0001A6892F8DF4044B11B68002283F8DF2097
:102B00000124FDF7F5FC204670BD33685A1CF8D04F
:102B10000F482C6800686A68844204D08A4202D850
:102B200000233360ECE7881A8342F9D95B1A284600
:102B3000002413443360FFF7A3FFE2E7F8440200E8
:102B40007C3A02000245020050CC002050CB00200D
:102B500008CC0020014B01221A60704754CC0020A1
:102B60000B4B1B687BB90B4A106870B90A4B1B688A
:102B700063B90A4B18680A4B1B68013B984214BFA3
:102B8000012002207047002070471846704700BFA0
:102B900010CC002054CC00200CCC002028CC0020ED
:102BA000C8CB0020014B1868704700BF50CB0020F5
:102BB000054B1B6833B1054B1B68002B0CBF022073
:102BC000002070470120704724CC0020D0CB00208B
:102BD000F7B50446002832D0214AC36A1168164668
:102BE000C96A8B4233D28269002A04DB3268D26A16
:102BF000C2F10502826114221A4D02FB035362697D
:102C00009A421ED1211D08460191FDF7C4FB164BC7
:102C1000019930B9E76A01201A68B84022EA000237
:102C20001A6032681E68D26AE262012404FA02F075
:102C300030431860142000FB0250FDF789FB20464A
:102C400003E033680120DB6AE36203B0F0BD136880
:102C5000406DDC6AA0422CBF00200120F5E700BFD8
:102C600050CB00205CCB0020D8CB002037B50446E9
:102C700010B9002003B030BD284B1B68834210D030
:102C80004FF0200383F31188BFF36F8FBFF34F8F93
:102C9000234924480CF02AF84FF4FA70FFF73AFA67
:102CA000FAE79B6D83B94FF0200383F31188BFF3DC
:102CB0006F8FBFF34F8F1C491A480CF017F84FF471
:102CC000FA70FFF727FAFAE7C16A013B426D8365A4
:102CD0009142CED0002BCCD1011D08460191FDF7C9
:102CE0005AFB124A019930B9E56A01201368A840DD
:102CF00023EA00031360636D1568C3F10500E36206
:102D0000A061012404FA03F0284310601420084A4B
:102D100000FB0320FDF71CFB2046ABE750CB002057
:102D2000104502007C3A020026450200D8CB002064
:102D30005CCB002037B5044600285CD0826D82B998
:102D40004FF0200383F31188BFF36F8FBFF34F8FD2
:102D50002A492B480BF0CAFF4FF4FA70FFF7DAF953
:102D6000FAE7436D994238BF1946C36A8B4242D095
:102D7000012A40D1234A1268824210D14FF0200329
:102D800083F31188BFF36F8FBFF34F8F1E491C4829
:102D90000BF0ACFF4FF4FA70FFF7BCF9FAE7826969
:102DA0001A4D002A4FF01402C16202FB0353A8BF60
:102DB000C1F105014269A8BF81619A421BD1011D81
:102DC00008460191FDF7E7FAE46A114A019928B92A
:102DD00001201368A04023EA000313600123106858
:102DE000A3400343142000FB0450136003B0BDE86C
:102DF0003040FDF7ADBA03B030BD00BF264502003C
:102E00007C3A020050CB00203B4502005CCB002006
:102E1000D8CB0020044B1A68196890691A68CB6AED
:102E2000C3F105039361704750CB0020044B1A682F
:102E30001AB119688A6D01328A651868704700BF37
:102E400050CB002001282DE9F843DDF8208004460E
:102E5000894617461E4610D94FF0200383F3118888
:102E6000BFF36F8FBFF34F8F2A492B480BF03EFF04
:102E70004FF4FA70FFF74EF9FAE7284DFDF70AFB19
:102E80002B68234493F8DC30022B1BD02B680121E4
:102E900003EB8403D3F8D42022EA0902C3F8D42038
:102EA0002B68234483F8DC10B8F1000F0AD04046A9
:102EB000FEF7F4FE1A4B4FF080521A60BFF34F8FAB
:102EC000BFF36F8FFDF714FBFDF7E4FA36B12B6803
:102ED00004F1340203EB82035B6833602B68234404
:102EE00093F8DC30022B13D12B68012603EB84030B
:102EF000D3F8D42022EA0702C3F8D4202B681C445C
:102F0000002384F8DC30FDF7F3FA3046BDE8F8839F
:102F10000026F3E7514502007C3A020050CB002026
:102F200004ED00E001292DE9F341089E05460C4619
:102F300090461F4610D94FF0200383F31188BFF34A
:102F40006F8FBFF34F8F504950480BF0CFFE4FF4B7
:102F5000FA70FFF7DFF8FAE780B94FF0200383F348
:102F60001188BFF36F8FBFF34F8F494947480BF06C
:102F7000BDFE4FF4FA70FFF7CDF8FAE7FDF78AFAD5
:102F80002EB104F1340305EB83035B6833602B1926
:102F9000022293F8DC6083F8DC20F6B2042F25D8F7
:102FA000DFE807F00B03141E1C0005EB8404D4F8C3
:102FB000D42042EA0802C4F8D420012E2BD00126E6
:102FC000FDF796FA304602B0BDE8F08105EB8404C7
:102FD000D4F8D4300133C4F8D430EEE7022E51D007
:102FE000343405EB8404C4F80480E6E7294B1B68FD
:102FF000002BE2D04FF0200383F31188BFF36F8FD3
:10300000BFF34F8F244921480BF070FE4FF4FA7044
:10301000FFF780F8FAE7291D08460191FDF7BBF993
:10302000EA6A1E4806FA02F3019904682343036022
:1030300014201B4B00FB0230FDF78AF9AB6A83B109
:103040004FF0200383F31188BFF36F8FBFF34F8FCF
:1030500014490E480BF04AFE4FF4FA70FFF75AF885
:10306000FAE7FEF783FE104BEA6A1B68DB6A9A42B6
:10307000A5D90E4B4FF080521A60BFF34F8FBFF3AC
:103080006F8F9DE700269BE7874502007C3A020090
:10309000BF45020050CC0020CD450200D8CB002017
:1030A0005CCB0020EC45020050CB002004ED00E09A
:1030B0002DE9F3470C4692461D468046DDE90A9706
:1030C00080B94FF0200383F31188BFF36F8FBFF3F4
:1030D0004F8F5C495C480BF009FE4FF4FA70FFF724
:1030E00019F8FAE7012910D94FF0200383F311886A
:1030F000BFF36F8FBFF34F8F544953480BF0F6FD6A
:103100004FF4FA70FFF706F8FAE7FDF703FBEFF369
:1031100011864FF0200383F31188BFF36F8FBFF345
:103120004F8FB9F1000F06D004F1340308EB83038D
:103130005B68C9F8003008EB040292F8DC305FFAF3
:1031400083F9022382F8DC30042D26D8DFE805F06D
:103150000B03141F1C0008EB8404D4F8D42042EAAB
:103160000A02C4F8D420B9F1010F2BD0012086F354
:10317000118802B0BDE8F08708EB8404D4F8D4309D
:103180000133C4F8D430EEE7B9F1020F57D034342C
:1031900008EB8404C4F804A0E5E72D4B1B68002B62
:1031A000E1D04FF0200383F31188BFF36F8FBFF39B
:1031B0004F8F284924480BF099FD4FF4FA70FEF721
:1031C000A9FFFAE7D8F8283083B14FF0200383F342
:1031D0001188BFF36F8FBFF34F8F1F491A480BF051
:1031E00085FD4FF4FA70FEF795FFFAE71B4B1B685D
:1031F0000BBB08F1040108460191FDF7CCF8184813
:10320000D8F82C20046809FA02F3019923430360DB
:103210001420144B00FB0230FDF79AF8124BD8F83B
:103220002C201B68DB6A9A42A0D9012307B13B60BE
:103230000E4A13609AE708F118010D48ECE70020E8
:1032400095E700BFBF4502007C3A020087450200B7
:1032500050CC0020CD450200EC450200D0CB002030
:10326000D8CB00205CCB002050CB002054CC0020D9
:1032700010CC0020012938B504460D4610D94FF076
:10328000200383F31188BFF36F8FBFF34F8F0D4976
:103290000D480BF02BFD4FF4FA70FEF73BFFFAE7F9
:1032A00008B90A4B1C68FDF7F5F86119002491F87C
:1032B000DC30022B02D181F8DC400124FDF718F943
:1032C000204638BD2A4602007C3A020050CB00203E
:1032D000F7B5114CFDF7DEF82568BDB90F4F104E5C
:1032E0003846FDF727F83046FDF724F80D4B0E4A17
:1032F00010211F600A200D4B1E600D4B0095FDF73D
:1033000027FB206010B10B49FEF772F803B0BDE84F
:10331000F040FDF7EDB800BF7CCD002000CD0020CF
:1033200014CD002058CC002060CC00205CCC0020C4
:103330002CCD002088460200914208B54160006112
:103340000AD8D21A83699A420DD2011D074B186818
:10335000FDF70AF8002008BD9A4201D2994202D234
:10336000011D034BF3E70120F5E700BF5CCC002013
:1033700058CC002010B588B0FFF7AAFF164B1B6889
:10338000B3B1002407AA06A905A8CDE90544FCF7B6
:1033900067FE059B079A0293069B1049019304233D
:1033A0000F4800932346FEF7E5FE0E4B186080B9E8
:1033B0004FF0200383F31188BFF36F8FBFF34F8F5C
:1033C00009490A480BF092FC4FF4FA70FEF7A2FE8E
:1033D000FAE7012008B010BD7CCD0020A94602000C
:1033E000F134010080CD0020B14602007C3A020099
:1033F0007FB5164604461A4680B94FF0200383F382
:103400001188BFF36F8FBFF34F8F114911480BF035
:103410006DFC4FF4FA70FEF77DFEFAE70E4D28685A
:1034200078B105290294CDE900160CDCFFF7C0FB4A
:1034300000230228694628680CBF089A1A46FDF73F
:1034400089FB04B070BD00236946FDF7B1FCF8E7C5
:10345000B94602007C3A02007CCD0020F0B5204D38
:1034600085B000272B681A682AB91E4A11681360B4
:10347000296005B0F0BDDB68DC681E68211D0846C8
:103480000391FCF788FF236A2046984794F8283078
:10349000039913F0040FE5D0A36933449E4205D28B
:1034A000286863602461FCF75FFFDBE70023324696
:1034B000204600971946FFF79BFF0028D2D14FF016
:1034C000200383F31188BFF36F8FBFF34F8F06493B
:1034D00006480BF00BFC4FF4FA70FEF71BFEFAE700
:1034E00058CC00205CCC0020C04602007C3A020090
:1034F0002DE9F04F834F87B0DFF824A2B9463B682F
:10350000D3F800B0BBF1000F28D0DB680024D3F85B
:1035100000B07D4EFEF7DEFCFEF7E4FC05463368A6
:10352000B04698421CD330601CB3784B1B681C68B3
:10353000B4FA84F46409764B2246ABEB05011868B3
:10354000FDF7A0FFFEF762FD78B94FF08053CAF88F
:103550000030BFF34F8FBFF36F8F06E00124D8E731
:10356000FFF77CFF3560FEF751FD694E4FF0000B11
:103570003DE08345DFD8FEF749FDD9F80030DB6830
:10358000DE68301DFCF707FF96F82830580720D575
:10359000B1695B462A4630465944FFF7CDFEE0B19B
:1035A00023465A46214630460094FFF721FFA0B932
:1035B0004FF0200383F31188BFF36F8FBFF34F8F5A
:1035C000544955480BF092FB4FF4FA70FEF7A2FDF8
:1035D000FAE723F0010386F82830336A304698472B
:1035E000C3E7039B05999847029B002B0ADA002248
:1035F00002A93068FDF7FEFC002880D0029B0498E9
:10360000002BEEDB049C6369A3B9FEF76BFCD8F8D2
:1036100000300546984201D2FFF720FF029BC8F810
:103620000050092BE3D8DFE803F00909093C4364A3
:1036300009093C43201DFCF7AEFEE6E794F828306C
:103640002A46A169204643F0010384F82830039BF1
:103650001944FFF771FE0028C9D0236A2046984715
:1036600094F828305907C2D5A2690023039920464F
:10367000CDF800B00A441946FFF7BAFE0028B6D1CB
:103680004FF0200383F31188BFF36F8FBFF34F8F89
:10369000204921480BF02AFB4FF4FA70FEF73AFD5F
:1036A000FAE794F8283023F0010384F828309EE7E5
:1036B00094F82830039943F00103A16184F828307D
:1036C00081B94FF0200383F31188BFF36F8FBFF3ED
:1036D0004F8F124910480BF009FB4FF4FA70FEF7B8
:1036E00019FDFAE72B462A4629442046FFF724FE17
:1036F0007DE794F828309A07D5D4204600F070F87A
:1037000075E700BF58CC002028CD00205CCC0020FD
:103710007CCD0020C04602007C3A0200C846020070
:1037200004ED00E01FB514461A466FF00103CDE921
:10373000003005480023CDE9021469460068FDF712
:1037400037FB04B010BD00BF7CCD002038B50C465F
:10375000FEF7C0FB0B4B0C491D682A198A4205D99C
:103760004FF0FF35FCF788FC284638BD1A60074A41
:1037700013681B1B1360064B196821441960FEF780
:1037800045FCF1E70C800020000000811080002043
:1037900084CD002008B5EFF305831BB9BDE80840D0
:1037A000FEF798BB4FF0200383F31188BFF36F8FB0
:1037B000BFF34F8F044905480BF098FA4FF4FA70A5
:1037C000FEF7A8FCFAE700BFED4602007C3A0200D3
:1037D000FEF71CBCFEF77EBBFEF718BC0AF0E2BB8E
:1037E0000AF0E8BB082894BF054B012010B59FBF25
:1037F00003EBC00443F830100020626010BD00BF2E
:1038000088CD0020082838B504460D460CD800F0B5
:103810009FF8064B1B68984206D245EA04400021F7
:10382000BDE8384000F09CB8012038BD18470200C0
:1038300038B5C4B20D46022C09D0032C05D0012C9A
:1038400004D189880420FFF7DDFF2C7038BDC988BA
:10385000F8E70A780B46012A02D0022A06D0704700
:103860004860022105201970FFF7CCBF4A6842EA80
:10387000004048600321F5E7082838B504460D46A6
:103880000CD800F065F8064B1B68984206D245EA52
:1038900004400121BDE8384000F062B8012038BD85
:1038A0001847020008B500F053F8054B1B68984212
:1038B00003D2BDE8084000F02BB8012008BD00BFCE
:1038C0001847020010B500F043F80C4A1268904205
:1038D00012D2B0FA80F30A490A4A5B0901EBC0042C
:1038E00001EBC3035462D362074C084B146293622A
:1038F000BDE8104000F018B8012010BD18470200C4
:10390000D0CD002088CD002053380100313801008F
:10391000044808B5F5F790FA00210120BDE80840F9
:10392000FFF770BF0080C440074A536A23F4702336
:1039300043F0807353622022044B83F876234FF4C4
:103940008002DA60002070470080C44000E100E09F
:10395000024BD3F86009C0F30030704700C0CA4082
:10396000024608B529B903210348F5F773FA002088
:1039700008BD014BD860FAE70080C4400C4BD86901
:1039800010B488B1030C5A1ED2B2072A0CD8DBB28D
:10399000084A52F833403CB102EBC30380B2596885
:1039A00023465DF8044B18475DF8044B704700BF91
:1039B0000080C44088CD002008B5EFF305810320C6
:1039C00089B2FFF71FFFFEE708B5FFF7F5FF08B55F
:1039D000FFF7F2FF704770477047704770477047B6
:1039E0007047704770477047704700002DE9F041FD
:1039F0000D4D14240D4F4FF001082A6A0C4E17404C
:103A000027FA04F3DB0706D508FA04F303F0704342
:103A10002B623368984701340436202CF0D1BFF371
:103A20004F8F0020BDE8F0810080C4409001F0FF7E
:103A3000344702007FB504AB044603E906000023C7
:103A40000299C0E9003383600398050140F31B002D
:103A5000B0F1006F02D30A4809F04AFE20B12846AF
:103A6000019109F077FD019946192060A66015B112
:103A70002A460AF0B5FA2046666004B070BD00BF61
:103A8000FE1402000029F0B50E46D4BF002101212A
:103A9000012891B0044609D002280AD0002853D149
:103AA000012401F01BFF204611B0F0BD01F016FF0C
:103AB000F9E700F07FFD042001F02CFF044618B95F
:103AC00022480BF013F9EEE701210AA800F04EFDA1
:103AD000002E4FF47A720CAD08AB03AF0DF1040C5D
:103AE0001DDD642EA8BF642626EAE676CDE90862CD
:103AF00001268DF82C600FCBCDE9015685E80F002B
:103B00003B4605A89CE80600FFF794FF05A800F0D7
:103B100089FD05980028C6D009F007FDC3E70126F6
:103B200000218DF82C60CDE908120FCBCDE90356AA
:103B300085E80F00634605A897E80600FFF77AFFBF
:103B400005A800F047FEE4E70024ACE76447020064
:103B5000002914BF64210021FFF794BF704770470C
:103B60007047022A38B5044607D0032A0FD0012A2D
:103B700001D10B682360002038BD0D680C2009F0CE
:103B8000E9FC034695E8070083E80700F2E70068D0
:103B90000028F0D00C2109F0CAFCECE7022A38B565
:103BA000044607D0032A0FD0012A01D10B682360F5
:103BB000002038BD0D680C2009F0CCFC034695E8C8
:103BC000070083E80700F2E700680028F0D00C2126
:103BD00009F0ADFCECE703680968126870B49D68F1
:103BE0005C681B68661005EB6400E40744BFAC59D1
:103BF000E35870BC18470368096830B49C685A6879
:103C00001B68551004EB6200D20748BF625930BCF4
:103C100048BFD358184710B5044600F59060EDF73B
:103C2000ECFB204610BD0000044B10B5044640F8E4
:103C3000043BEDF7E2FB204610BD00BF44570200F5
:103C400070B5044600F23C4009F07EFDD4F83054D3
:103C5000D4F83464AE4204D028461035EDF7CDFBDD
:103C6000F8E7D4F8300408B109F05FFCD4F8245424
:103C7000D4F82864AE4204D028461035EDF7BDFBD9
:103C8000F8E7D4F8240408B109F04FFCD4F808048C
:103C900008B109F04AFC204670BD0000F8B5304E6E
:103CA0003578BFF35B8F15F0010557D1304609F029
:103CB00042FC002852D02B4B2B4C1A68A71D2560C4
:103CC000C4F806209A8853F8060F628104F10C02AA
:103CD0005968257184F8285003C29868012304F1BB
:103CE0000C01106002222377304684F8403084F8BB
:103CF0004C3004F1380384F82C20636504F1500340
:103D000084F85020A3654FF481732576A4F85C30C5
:103D1000164BC4E90C1540F20221A16304F118010D
:103D2000E1630A21C4E91835616404F1580304F120
:103D30002801C4E90875A164A366C4F88854C4F8CE
:103D40009C54C4F8E055C4F8E455C4F8E85509F0AB
:103D5000FEFB074A2046074909F0E2FB0248F8BD8E
:103D600008EC0020681402000CEC0020A9410100BE
:103D700000800020173C010010B50B4C2378BFF3E6
:103D80005B8FDB070ED4204609F0D5FB50B1074806
:103D900003F042FD204609F0DAFB054A05490348D5
:103DA00009F0BEFB014810BD00CE002004CE00206B
:103DB00000800020413C01002DE9F04101208EB03F
:103DC000DFF8508315461E46EEF772F9A648F5F760
:103DD000C1FB00F0D7FD00F071FE01F00BFD98F87B
:103DE0000010BFF35B8F11F001040FD1404609F0C2
:103DF000A2FB58B19D4F40469D4BFC603B6009F0D3
:103E0000A6FB9C4A38469C4909F08AFB974802F079
:103E10000DF800F0A1FDFFF741FF3246294601F001
:103E20002DF9002001F090FB50B9FFF737FF934BBD
:103E3000934A94490093542300F090FFFEF74AF808
:103E40000021914E084614F0EFFC00F071FBFFF7E3
:103E500093FF04780134E4B20470FFF78DFF057816
:103E60000135EDB20570FFF787FF43782146002446
:103E70005A1CD2B2427082712A46304602F082FC4D
:103E8000FFF77AFF05460C20099409F063FB7F4B8E
:103E9000866007900594C0E900347D4B0C200A939E
:103EA0007C4B099309F056FB7B4B07AA866006F111
:103EB00038010390C0E90034784B2846784C0693CB
:103EC000784B059317230193774B009303AB03F0D3
:103ED0002DFF03A8EDF791FA07A8EDF78EFAFFF78B
:103EE0004BFF03F05FFC2378BFF35B8FDA070ED440
:103EF000204609F020FB50B16C4805F0C9FC204673
:103F000009F025FB5B4A6A49684809F009FB694EDC
:103F1000664805F02BFC3578674CBFF35B8F15F0D6
:103F2000010517D1304609F006FB98B1634B3046C6
:103F3000C4F838552360624BC4F840551B68C4F878
:103F40004455C4F83C3509F002FB4A4A5D49204615
:103F500009F0E6FA23685C4E9B6857489847337827
:103F60005A4CBFF35B8F13F001050FD1304609F0B7
:103F7000E2FA58B1564B3046C4F83055236009F088
:103F8000E6FA3C4A5349204609F0CAFA23684F48EA
:103F90009B689847504C00F02DFD504B302207A8ED
:103FA00083F82423F4F7A4F80220F2F779FB07AA98
:103FB00003464B494B48EDF7EDFD2378BFF35B8F8C
:103FC000DB070ED4204609F0B6FA50B1464D204624
:103FD000464B2B6009F0BBFA264A4549284609F0B2
:103FE0009FFA444E3F49404808F0D3FF3378BFF36F
:103FF0005B8F13F0010410D1304609F09CFA60B1D8
:104000003D4D30463D4B85F8544F2B6009F09FFAEB
:10401000184A3B49284609F083FA3249364804F0E9
:10402000B7FD0322002337493748CDE9002340F686
:104030008C22FDF721FF01280AD0FFF72FFE334B1A
:104040000F4A10490093692300F088FEFDF742FFF4
:104050002F4A136C43F008031364FEF7E5F90020C0
:104060000EB0BDE8F08100BF0080CC40E0EB002046
:10407000A457020000800020293C0100D347020021
:1040800090470200BA47020048F200205544010060
:10409000F73B0100633B0100A96B0100D73B010026
:1040A000E0CD00209D3B01006D480200E4CD0020E2
:1040B0004741010090D7002094D70020705E020095
:1040C00098AA00205F3B010058D200205CD200205B
:1040D000405F0200613B0100DCDC002000E100E009
:1040E0000040C34004F20020E0DC002050830200C6
:1040F0005D3B01009CAE0020A0AE0020A461020048
:10410000F9130000E947020001170000F24702001E
:1041100000400E40DCEB002001231A46FFF74CBEA6
:1041200070B505460C466CB1E1682846FFF7F8FF0C
:10413000A66804F11400EDF760F9204609F0F5F9DE
:104140003446F0E770BD10B50446C1680430FFF78F
:10415000E7FF204610BD70B58B68164604460D1D5E
:10416000012253B118691D463268904287BF986892
:104170000122D86800220346F3E792B1CA68AA4236
:1041800003D1C4E90035204670BD284609F04CFA39
:10419000336802699A424FF00003F2D3C4E9000386
:1041A000F1E72846F4E700002DE9F04F92464B4A2C
:1041B0008146141D95689046A3462DED028B08EEAE
:1041C000101A85B045B12A694A453ABFEA682546C2
:1041D000AA682C461546F5E75C4502D02269914550
:1041E00030D2182009F0B6F900225C45074642613A
:1041F00000F11002C0F810902FD1D8F8141021B19E
:10420000D8F810603169494509D3344902A8FFF74D
:10421000A2FFDDE90246002E5BD0002C57D15E459F
:1042200055D03869336998422CBF002001202C4BAF
:104230003246394609F0FAF9D8F814300133C8F893
:1042400014303C46524618EE101A606905B0BDECB9
:10425000028BBDE8F04F02F0F1B921690192894566
:1042600019D2D8F80C108C4209D0204609F0DCF99C
:104270000169019A494505D2C16851B904462646EB
:104280000C46C8E7154902A8FFF765FFDDE90214EF
:10429000F5E72146F3E71CD9D8F81060B4420BD0FB
:1042A000204609F0AEF901690546019A494505D94C
:1042B000E36853B926461D462C46ACE7074902A8D9
:1042C000FFF749FFDDE90256F6E70646F4E701206D
:1042D000ADE73846274609F028F9B2E72C0B012054
:1042E000300B012070B58B68164604460D1D012267
:1042F00053B118691D463268904287BF9868012201
:10430000D86800220346F3E792B1CA68AA4203D1F3
:10431000C4E90035204670BD284609F085F93368A8
:1043200002699A424FF00003F2D3C4E90003F1E7B7
:104330002846F4E72DE9F04300F1040885B006466D
:1043400089468568444655B1D9F800302A699A42B1
:104350003ABFEB682546AB682C461D46F3E7A045FF
:1043600004D0D9F8002023699A422ED2182009F0EF
:10437000F1F8D9F800900023A045074600F110029B
:10438000C0F81090436125D173691BB131690B6985
:104390004B4509D3314602A8FFF7A4FFDDE90241EE
:1043A000002951D0002C4DD141454BD038690B69C3
:1043B00098422CBF0020012043460A46394609F0A6
:1043C00035F97369013373613C4604F1140005B09B
:1043D000BDE8F08323690192994518D2F3689C42A5
:1043E00009D0204609F020F90369019A4B4505D20E
:1043F000C36853B9044621461C46D1E7314602A89A
:10440000FFF770FFDDE90234F5E72346F3E71BD938
:1044100031698C420BD0204609F0F3F80369054658
:10442000019A4B4505D9E36853B921461D462C46F0
:10443000B6E7314602A8FFF755FFDDE90251F6E77E
:104440000146F4E70120B7E73846274609F06DF842
:10445000BAE7000013B504460191054801A9FFF72A
:1044600069FF0460019BC4F84C3402B010BD00BF6A
:10447000440B012013B50C46019001A90548009298
:10448000FFF758FF009A2146006802F0A9FB02B02E
:1044900010BD00BF440B012010B5044640F6FC617E
:1044A00009F045F8204610BD10B504464FF4A96147
:1044B00009F03DF8204610BD10B5044640F23451D5
:1044C00009F035F8204610BD10B5154C154B54F8C1
:1044D000060F1A46616803C20221A06819741249C6
:1044E00010600022D96103F10C011A7319620121D5
:1044F000C3F8902483F8241083F8281003F11C01DA
:10450000D96203F12801196340F203119986074922
:10451000C3E90E1203F13001C3E90532196410BD7D
:104520006814020048F20020020C070075440100E4
:1045300007B5064801A900F085FB18B101A90020C4
:1045400014F076F903B05DF804FB00BF8448020064
:1045500008B5034A2821034B034809F033FA00BF8A
:104560009048020017250200E248020000230D4A8D
:1045700013B50446A0F80530C3710260037109B198
:10458000012903D16171204602B010BDFFF786FBFF
:10459000054B064A064900933A2300F0DFFBFDF77E
:1045A00099FCF0E700C01840FF480200E248020012
:1045B000BA47020038B5174A04230124164D136088
:1045C000C2F8F4431A441360144B1C602B78FBB9F7
:1045D0001348F5F797FC4FF49D7240F20111104813
:1045E000F5F798FC40F23B1240F201110C48F5F748
:1045F00091FC4FF49E7240F201110948F5F78AFCD4
:1046000040F23D1240F201110548F5F783FC2C7091
:1046100038BD00BF0C810E40DCF600200C850E403A
:1046200000C003402DE9F04F8BB00446D0E90023D1
:1046300004AFEA46934246D09B1A2F2B0AD9FFF7C4
:104640002DFB584B584A59490093582300F086FBDC
:10465000FDF740FCD4E90032D21A202A1ED19A6814
:104660009B699A420AD0FFF719FB514B4E4A4F49BA
:1046700000935A2300F072FBFDF72CFC23681A7B91
:104680001B7F9A420AD0FFF709FB4A4B464A47492B
:1046900000935B2300F062FBFDF71CFCD4F8008064
:1046A00007F10C00F4F7EEFD022307F10C0298F875
:1046B0000C10D8F808003B74F4F71AFD012807D154
:1046C0003D480AF013FB1C37D546BD46BDE8F08FC8
:1046D000D4E90023394E9B1AD6F800215B10C2F3AF
:1046E000022223F00703ADEB030D354B134404AD59
:1046F000187CF1F7D5FFD6F80031DBB20133B0FBFF
:10470000F3F298423A602DD32A460025A946D4F800
:1047100000C002F108066368D8F80800A3EB0C0398
:1047200098F80C10B5EB231F23D20CEB05134FEABE
:10473000051E013593F80DB05CF80EC07B603B6838
:1047400006F808BC82F801C082F8029082F8069050
:1047500002937B685B68CDE900930123F4F7B2FD17
:104760003246D4E7174B40F6C501174A174809F0FF
:1047700029F9032913D8164BB0F888215B5C92B253
:1047800003F00F011B020A4303F47063A0F88821B1
:10479000B0F8882192B21343A0F8883193E7FFF76D
:1047A000D7FE00BF0E490200E2480200BA470200ED
:1047B0002649020069490200B84902000000CC40C5
:1047C000FC49020012170200CA4902001717020032
:1047D000F849020038B5D0E90030984212D00B4DAC
:1047E000197B9C6803290ED8695C1033B4F88821C2
:1047F0000902984292B201F4706122EA0102A4F81F
:104800008821EDD138BDFFF7A3FE00BFF8490200B3
:104810007047704730B5002289B00C460F488DF8BC
:104820001420CDE901224B6800930B6805A9F1F72C
:10483000C7FA0546D4E90001EDF79AFAB5FA85F012
:10484000236940098DF810000BB908F054FF636923
:1048500004A904F10800984709B030BD00004440A5
:1048600010B5044640F6F86108F061FE204610BD20
:104870007FB50023044604934FF0FF326946D4F815
:10488000F40EFCF7B7FB0128F6D169462046FFF786
:10489000C1FFF1E738B50B4C2378BFF35B8FDB0723
:1048A0000ED4204608F047FE50B1074D2046074B76
:1048B0002B6008F04CFE064A2846064908F030FEF8
:1048C000014838BDE0F60020E4F60020144D020057
:1048D00000800020134801001FB504460022182163
:1048E0000420FCF7B7F8C4F8F40E50B9FFF7D6F976
:1048F000134B144A144900932A2300F02FFAFDF7B2
:10490000E9FA231D4FF461721049029304F1E403A4
:104910000F480193042300932346FDF72BFC68B94D
:10492000FFF7BCF90B4B074A00932B23064900F015
:1049300015FA04B0BDE81040FDF7CCBA04B010BDC4
:10494000974C0200744C0200BA470200FF4C020070
:1049500071480100A64C020008B5FFF79BFFBDE8B7
:104960000840FFF7B9BF0000054B07B50193F4F706
:10497000D7FD01A8F4F7E8FD03B05DF804FB00BF24
:10498000000010EB094B4FF0FF31094A1869106025
:104990001961810603D5596C013159645160410791
:1049A00003D5996C01319964916070470040C04013
:1049B000DC05012010B50B4C2378BFF35B8FDB07C0
:1049C0000ED4204608F0B7FD50B1074804F088FE29
:1049D000204608F0BCFD054A0549034808F0A0FD43
:1049E000014810BDE8050120F005012000800020ED
:1049F0002D4A01001FB56846F5F770F90020694699
:104A00008DF80000F5F710FA05B05DF804FB70B5FD
:104A100005460C464CB1E1682846FFF7F8FFA6684A
:104A2000204608F082FD3446F4E770BD10B5044618
:104A3000806B30B18368013B836013B90368DB6826
:104A4000984704F108002169FFF7E1FF204610BDF7
:104A500010B5C4010E4A04F1814402EBC00004F514
:104A600098042368C3F30223C05CF1F719FE23689E
:104A70000246DBB201339A42B0FBF3F006D2054B9B
:104A800040F6C501044A054808F09CFF10BD00BF70
:104A9000564D020012170200CA4902001717020001
:104AA00008B5034ADB21034B034808F08BFF00BF26
:104AB000284D0200172E02003D2E0200F0B58BB0EB
:104AC0002B4C06A8F3F732FA01230E208DF818308C
:104AD000FFF7BEFF06A905462046F3F7ABF92548C8
:104AE000E368B5FBF0F043F020030138E360B0F574
:104AF000805F4FF02003A36001D3FFF7D1FF63680D
:104B00001D4F3B40184360601C4E4FF40003F360A0
:104B100023680F201A4D43F001032360FFF798FF2D
:104B200006A904462846F3F785F94FF4FA63B4FB67
:104B3000F3F3013BB3F5805FDFD26A683A40134379
:104B40006B60EB6843F00103EB604FF08073F36040
:104B500003A8F4F7C1FF01A8F4F7D8FF03A9094897
:104B6000F4F78EFF01A90748F5F766F80BB0F0BD22
:104B700000C00E4040420F0000F0FFFF00E100E0E7
:104B800000000F400000C940044B00220449586A4D
:104B90000B68101843F10001704700BF00C00E40C1
:104BA00038060120074B9A68920609D520229A60A0
:104BB000054AD2E90031013341F10001C2E9003177
:104BC000704700BF00C00E403806012008B5FFF74F
:104BD000DBFF08BD024BD3F80009D3F8101970476A
:104BE00000C0CA4030B589B00446FFF7F3FF144A4D
:104BF0000B460090112103A80AF03EF904F10803C6
:104C000003A82360ECF7DEFB03AB1028029003EB54
:104C1000000507D1002202A9204608F073FD029B7F
:104C20002060A3602A4603A9206808F0C7FD029B04
:104C30002268002120466360D15409B030BD00BF16
:104C4000CE4F020030B587B00D4602AB69460093E7
:104C5000002301938DF8083000F0D4FC044630B1F5
:104C60002946009813F000FE041E18BF0124684670
:104C700008F06AFD204607B030BD0000014601483B
:104C800000F0C0BCD94F0200022A38B5044607D054
:104C9000032A0FD0012A01D10B682360002038BD00
:104CA0000D680C2008F056FC034695E8070083E8E1
:104CB0000700F2E700680028F0D00C2108F037FC6C
:104CC000ECE7022A38B5044607D0032A0FD0012AA0
:104CD00001D10B682360002038BD0D680C2008F05E
:104CE00039FC034695E8070083E80700F2E700680F
:104CF0000028F0D00C2108F01AFCECE703680968E2
:104D0000126870B49D685C681B68661005EB6400EF
:104D1000E40744BFAC59E35870BC184703680968FE
:104D200030B49C685A681B68551004EB6200D207C7
:104D300048BF625930BC48BFD3581847064C4FF0A3
:104D4000805508B5FFF718F802F0CFFD2560BFF3D6
:104D50004F8FBFF36F8FF5E704ED00E00EB43FB562
:104D600007AB00F59C6504464FF4807153F8042BA3
:104D7000284603930AF0C0FA014601902846F5F749
:104D800085FAF5F769FA019A2946201D01F016FC0B
:104D900004B0BDE8304003B07047000013B50446CE
:104DA000084621604FF0FF31FCF7E4F901280AD0F2
:104DB000FEF774FF054B064A064900932D23FFF7C3
:104DC000CDFFFDF787F8204602B010BD0750020066
:104DD000E94F0200BA470200002313B51A46044601
:104DE00019460068FBF7B6FE01280AD0FEF756FF09
:104DF000054B064A064900933023FFF7AFFFFDF746
:104E000069F8204602B010BD36500200E94F02009A
:104E1000BA4702001FB5D0F8F0350446019183B1BE
:104E200010460292009208F0A6FB0390DDE90021F3
:104E300009F0D6F800234FF0FF3202A92068FBF7F3
:104E400089FE04B010BD13B5013814460191012844
:104E500008D8FEF723FF22460199FFF7DBFF204623
:104E600002B010BD4FF0FF34F9E7D0F8F435F7B5D4
:104E700005460E461446D3B3D0F8EC1501A8FFF74B
:104E80008DFFD5F8E8259442A8BF144664B3D5F841
:104E9000E02505F59467D5F8E435B9189A4220D98C
:104EA000C2F14002304609F09BF8D5F8E025403ABF
:104EB000121904D0A01A3946304409F091F8D5F8F7
:104EC000E8351B1BC5F8E835D5F8E035234403F079
:104ED0003F03C5F8E03501A8FFF77EFF204603B089
:104EE000F0BD22463046E8E74FF0FF34F3E74FF0DD
:104EF000FF34F3E707B520B14FF0FF3003B05DF8A2
:104F000004FBCDE90012FEF7C9FEDDE90012FFF750
:104F1000ACFF0028F2DCEFE7F0B50023A5B01A4F94
:104F20000446ADF81030D0F89C34CDF812303B7800
:104F3000BFF35B8F13F001050FD1384608F0FBFA81
:104F400058B1124E3846124BF560336008F0FFFA44
:104F5000104A3046104908F0E3FA104D04A90B48F6
:104F600000F010FFD4F89C0410220A236946006860
:104F7000FCF732FD02460028F4D02B680121684678
:104F80009B6808F093FFEDE7DCEB0020E0EB0020EE
:104F9000A457020000800020293C0100A0AA0020A4
:104FA00007B50190FEF77AFE0199FFF7B5FF000003
:104FB00037B50446F5F7FDF9D4F8EC15C5B201A8EC
:104FC000FFF7ECFED4F8E4353F2B05D9134B9121C4
:104FD000134A144808F0F6FC234483F8A054D4F88C
:104FE000E435D4F8E025013303F03F039342C4F8DD
:104FF000E43508D1013303F03F03C4F8E03501A8DC
:10500000FFF7EAFED6E7D4F8E8350133402BC4F8C1
:10501000E835F4D9044B9B21014ADAE756500200E7
:1050200077500200AC500200D050020007B501904A
:10503000FEF734FE0199FFF7BBFF0446051D07B5D7
:105040004FF0FF3269462068FBF7D4FF0128F7D103
:10505000DDE90010F5F71AF92846DDE9002101F035
:10506000ADFA01980028EBD008F063FAE8E707B53D
:105070000190FEF713FE0199FFF7DFFF2DE9F04FD6
:10508000854D8FB0044688462B1D0121C0F89C54E5
:1050900017460093002205F128038020FCF73EFB11
:1050A0002860FEF769FE90F800900AAE04F1040A49
:1050B00009F1010900255FFA89F980F80090FEF7EF
:1050C0005BFE90F800B00BF1010B5FFA8BFB80F8F0
:1050D00000B0FEF751FE03780133DBB20370059395
:1050E000FEF74AFE4278511C0492C9B241708171A8
:1050F000FEF742FE90F801C0049A0CF10101059BF5
:10510000C9B2417081714946504600925A460C9589
:10511000CDE901C601F08CF93046ECF76EF9FEF7E7
:105120002BFE81460C20089508F014FA5B4BC0F862
:1051300008A006900C95C0E90035594B0C20099346
:10514000584B089308F006FA574B06AAC0F808A077
:1051500004F160010A90C0E90035544B48460D93B4
:10516000534B0C9342230193524B0093334602F06E
:10517000DDFD3046ECF741F906A8ECF73EF92A468A
:1051800008211020FBF766FC206050B9FEF786FD71
:10519000494B4A4A4A490093CB23FFF7DFFDFCF70E
:1051A00099FE0120FBF7F2FDC4F8EC0550B9FEF7BB
:1051B00075FD444B414A42490093CE23FFF7CEFD93
:1051C000FCF788FE042200233F494048CDE9002334
:1051D0004FF46172FCF750FE01280AD0FEF75EFD25
:1051E0003B4B364A36490093D023FFF7B7FDFCF717
:1051F00071FEB8F1000F18D004F5BE634FF4617270
:10520000344901930323344800930023FCF734FE10
:1052100001280AD0FEF742FD304B284A2849009366
:10522000D423FFF79BFDFCF755FEC7B1032304F21F
:10523000F4544FF461722A490093002329480194E1
:10524000FCF71AFE01280AD0FEF728FD264B1B4A60
:105250001B490093D923FFF781FDFCF73BFE00F0CB
:1052600073FEB0B10322002320492148CDE9002379
:105270004FF46172FCF700FE01280AD0FEF70EFD24
:105280001C4B0E4A0E490093DE23FFF767FDFCF727
:1052900021FE0FB0BDE8F08F00002C201954010052
:1052A0001D4D0100894C010015660100FD4C0100F7
:1052B000C34C01007B530200F6500200AC500200C8
:1052C000BA470200055102000F5102003D4D010096
:1052D0001F510200A25102006F500100B55102009F
:1052E000435202002D50010056520200E4520200C7
:1052F000A14F0100F45202002DE9F04300F104082F
:1053000085B0064689468568444655B1D9F80030CF
:105310002A699A423ABFEB682546AB682C461D467F
:10532000F3E7A04504D0D9F8002023699A422ED291
:10533000182008F00FF9D9F800900023A04507467F
:1053400000F11002C0F81090436125D173691BB1C0
:1053500031690B694B4509D3314602A8FEF7FBFEC4
:10536000DDE90241002951D0002C4DD141454BD0FF
:1053700038690B6998422CBF0020012043460A4639
:10538000394608F053F97369013373613C4604F1FF
:10539000140005B0BDE8F08323690192994518D245
:1053A000F3689C4209D0204608F03EF90369019A4F
:1053B0004B4505D2C36853B9044621461C46D1E784
:1053C000314602A8FEF7C7FEDDE90234F5E72346C1
:1053D000F3E71BD931698C420BD0204608F011F954
:1053E00003690546019A4B4505D9E36853B921463F
:1053F0001D462C46B6E7314602A8FEF7ACFEDDE9B5
:105400000251F6E70146F4E70120B7E738462746A0
:1054100008F08BF8BAE7000013B50446019105487F
:1054200001A9FFF769FF0460019BC4F88C3402B046
:1054300010BD00BF2C0B01200020704708B50648A6
:10544000002300681A461946FBF784FB013818BF91
:105450004FF0FF3008BD00BF4006012008B5054BE6
:105460004FF0FF311868FBF785FE013818BF4FF089
:10547000FF3008BD4006012010B50C46ECF76CFD6E
:1054800020B104F10C01EFF790F908B16FF00400BE
:1054900010BD2DE9F843089C0D4617461E46ECF753
:1054A0005BFD8146A8B10C35AD01B4B1B4F5006F18
:1054B000A046324605EBD72128BF4FF40068484686
:1054C0004346EFF722F920B947444644A4EB0804C9
:1054D000EBE76FF00400BDE8F8832046FBE72DE919
:1054E000F843089C0D4617461E46ECF735FD8146ED
:1054F000A8B10C35AD01B4B1B4F5006FA046324689
:1055000005EBD72128BF4FF4006848464346EFF724
:10551000BBF820B947444644A4EB0804EBE76FF01E
:105520000400BDE8F8832046FBE7000010B5044600
:105530000168024807F092FB204610BD9806012042
:10554000004870479806012038B5254C054620686C
:1055500008B1FBF773FF0120FBF718FC206008B9C6
:10556000002038BD1F4C54220021204608F060FD69
:105570001D4B4FF400724FF4003163601B4BA3606E
:105580001B4BE3601B4B23611B4B63611B4BC4E94B
:105590000912A361FA224FF40063C4E90733C4E996
:1055A0000B2363633DB90F49154807F039FA00280A
:1055B00008DB0120D5E72146114807F0C3F9002890
:1055C000F1DACDE707490E4807F0BCF90028C7DB40
:1055D00004490B4807F024FAC043C00FC1E700BFDD
:1055E0004006012044060120DF54010093540100CD
:1055F00079540100395401005D5401003D5401000B
:105600009806012030B597B002460C46012301AD43
:105610001248294607F0F4FA00281DDB29460F48F6
:10562000009507F06BFB011E06DA00246846FFF7C1
:105630007DFF204617B030BD204608F09CF9294672
:105640000648D4E9002307F02FFB0028EDDB64684F
:10565000231A5C425C41E9E70024EAE7980601204E
:105660002DE9F84306460C4691B16FF00042D0E9AF
:105670000013A3EB0108B168C91AA2EB08008C4221
:1056800008D822460021184608F0D2FC0444746071
:10569000BDE8F883A04202D2194808F029F8444531
:1056A000254638BF454618EB05051AD2002D18DBF4
:1056B00019D0284607F04EFF07462246002107EB87
:1056C000080008F0B5FCD6E90092A2EB0902002A16
:1056D0000BDD4946384608F091FC484607F025FFA7
:1056E00006E01546E5E72F46E7E7B9F1000FF4D1EC
:1056F00044443D4437603C44B5607460C8E700BF33
:10570000BD530200002808DB0123420900F01F00FE
:1057100003FA00F0014B43F82200704700E100E07B
:105720007047012A08BF0160002070472DE9F74F3C
:10573000856906464FF0000B8561002D3ED0EB07D2
:1057400034D5204B00240193019B53F8041B8E4257
:1057500001932FD11C4B53F8241059452AD1FFF740
:1057600013FA1A4B8046E70003EBC400D0E900238C
:1057700052EA03000DD0164800EB070CDCE9000CE0
:10578000B8EB0000814661EB0C00984208BF9145E0
:1057900010D3104800EB041082681AB1C26801915E
:1057A000904701990A4B1F44C7E900810BF1010B97
:1057B0006D08C2E701341E2CC6D1F7E703B0BDE87F
:1057C000F08F00BF50540200045502004009012030
:1057D000300A01201007012038B5054CA4F5F075FA
:1057E000103C2046EBF709FEAC42F9D138BD00BFB2
:1057F000F00801202DE9F74F2F490120FBF786FA29
:105800002E4C2F4B0025DFF8C8902E4FDFF8C480B8
:10581000DFF8C4A02C4E1860A36833B103222146E0
:10582000204698470023C4E902330022002358F899
:1058300004BB5AF8041B58460191E9E80223E7E843
:1058400002233246F2F77CFAB27801990AB358463D
:10585000F2F738FADBF818300199CBF81830012349
:10586000DBF8142003FA01F1184B1143CBF81410A4
:1058700033F9151011F1800F13D00846FFF742FFDE
:1058800000290EDB01F16041502301F5614181F8EF
:1058900000330135103403361E2DBDD103B0BDE8F1
:1058A000F08F01F00F015023043901F1604101F53F
:1058B0006D410B76EDE700BFF008012010070120D5
:1058C000200B0120300A012014800020C85402005F
:1058D0004009012050540200045502001FB50A4B34
:1058E0000446019103A81968FFF758FA074B019A7B
:1058F00053F82410064B53F82400F2F7C9F903A813
:10590000FFF76AFA04B010BD200B01200455020015
:10591000505402000F4B37B50446196801A8FFF731
:105920003DFA0D4A0D4B52F8245053F824301F2DE8
:1059300005D90B4BB2210B4A0B4808F043F81C6801
:1059400001A8FFF749FA24FA05F000F0010003B0BE
:1059500030BD00BF200B012004550200505402004E
:10596000AD2C0200D753020003540200034808B5CF
:10597000FFF7DCFEBFF34F8F08BD00BF00001340F0
:10598000FFF7F4BF034808B5FFF7D0FEBFF34F8F12
:1059900008BD00BF00401340034808B5FFF7C6FE2E
:1059A000BFF34F8F08BD00BF00801340034808B508
:1059B000FFF7BCFEBFF34F8F08BD00BF00001440CF
:1059C000034808B5FFF7B2FEBFF34F8F08BD00BF15
:1059D0000000CA400B46024613B5D0E900016C46F0
:1059E00084E8030093E8030082E8030094E80300DE
:1059F00083E80300986891689060D8689960D168DE
:105A0000D060D96002B010BD2DE9F04F00230446EC
:105A1000444D00EB400085B0934605EB00082B5445
:105A20004148E5004246414E415C88F80210404939
:105A300051F824703F49384651F824A05146F2F7F6
:105A40007FF93D4901EB041998F80210002940D074
:105A50000023694658462E440293FFF7BBFF494690
:105A60006846FFF7B7FF6846EBF7C7FCDDE90E01B4
:105A7000C6E90001FFF788F8304B98F802201D4472
:105A8000C5E9000151463846F2F71CF9BB6901210E
:105A9000BB617B6901FA0AF11943294B796133F93A
:105AA000141011F1800F0ED00846FFF72BFE0029CD
:105AB00009DB01F16041502301F5614181F80033B8
:105AC00005B0BDE8F08F01F00F011E4B50225A5473
:105AD000F6E71B4B33F91430002B0DDB5A0901217B
:105AE00003F01F03203201FA03F3174941F8223073
:105AF000BFF34F8FBFF36F8F144B494668462E4458
:105B00000393134B0293FFF765FF6846EBF775FCB1
:105B10000A49002200230D44C6E90023C5E90023F9
:105B2000CEE700BF148000207C5502004009012010
:105B3000505402000455020010070120300A0120D1
:105B4000C854020014ED00E000E100E0215701001C
:105B50002357010070B5002386B005460E46049316
:105B6000144693683BB10222214602A89847E36895
:105B70000593A36804930023002231462846CDE90B
:105B8000002302AAFFF740FF02A8EBF736FC06B09D
:105B900070BD0000054B1E20002201389A6003F101
:105BA0001003FAD1024A034907F0BABC10070120DA
:105BB00000800020D957010003689B6818470368DC
:105BC000DB68184730B50446A3B0124D606A4FF049
:105BD000FF33802202A90068FBF7FEFE0028F5D003
:105BE0009DF8081029B101290AD0284609F07EF84D
:105BF000ECE723680DF1090120465B689847E5E76B
:105C0000E368002BE2D00DF1090301A9201D0193E7
:105C10002369F3E7825502008FB50446124F134EF5
:105C200000224FF0FF3503AB012011460095FDF730
:105C300009F9206A2B46802203990068FBF716FEBB
:105C4000002360691A461946FAF784FF0128E7D055
:105C5000FEF724F83823324605490097FFF77EF80F
:105C6000FCF738F9DCE700BFBF550200A25502007F
:105C7000BA47020013B50446032200210120FAF7B7
:105C8000E9FE606150B9FEF709F8244B244A254922
:105C900000935523FFF762F8FCF71CF922462249CE
:105CA0000820FDF79FFD04F118034FF461721F49AE
:105CB000019304231E4800932346FCF7DDF80128D6
:105CC0000AD0FDF7EBFF1B4B154A164900935823EA
:105CD000FFF744F8FCF7FEF804F11C034FF461727F
:105CE000154901930423154800932346FCF7C4F893
:105CF00001280AD0FDF7D2FF114B094A0949009348
:105D00005B23FFF72BF8FCF7E5F8A069FCF7CCFC68
:105D1000E06902B0BDE81040FCF7C6BCE7550200E0
:105D2000A2550200BA470200795D0100F555020054
:105D3000B95B0100015602007D560200BF5B010005
:105D400089560200002307B508460193084B01A9B4
:105D50001843FBF7E3FE019B3BB1064B4FF080522B
:105D60001A60BFF34F8FBFF36F8F03B05DF804FB72
:105D700000002C2004ED00E00B4601461846FFF71A
:105D8000E1BF00008369F7B504460D4643B343699C
:105D900033B30027134E04232A460121A06900973C
:105DA000FDF7C0F838B94FF080533360BFF34F8F21
:105DB000BFF36F8FEFE74FF0FF316069FBF7DAF960
:105DC00001280DD0FDF76AFF074B084A00932D23E9
:105DD0000749FEF7C3FF03B0BDE8F040FCF77AB80F
:105DE00003B0F0BD04ED00E005570200A25502002B
:105DF000BA4702000978014808F078BF54570200FA
:105E000010B50446006A4FF0FF33042204F1240168
:105E10000068FBF72BFD10B9034808F067FF204628
:105E2000BDE81040FFF7F8BE7857020073B51D4E6D
:105E300005461D4B32689A4232D01C4C012200218B
:105E4000231D04624FF48060009304F12803FBF7E4
:105E500065FC2B6A20601B6813B304F5856301227F
:105E600000214FF480606B6204F22C43009304F530
:105E70008A63FBF753FC6B6AC4F828041B687BB188
:105E800031460B4A0B4808F0ABF800220A490720BC
:105E9000FDF7A8FC284602B0BDE87040FFF7EABE57
:105EA00002B070BD74800020EFBEADDEA8002C20D3
:105EB0007080002000002020ED5E010038B504460F
:105EC0008069FCF74FFA0546E069FCF74BFA55EAA2
:105ED000000307D0044B4FF080521A60BFF34F8F7E
:105EE000BFF36F8F38BD00BF04ED00E02DE9F04136
:105EF000DFF8508005460E4698F80030BFF35B8F00
:105F000013F001040FD1404607F015FB58B1094FBB
:105F10004046094BFC603B6007F019FB074A3846D6
:105F2000074907F0FDFA324629460248BDE8F0412C
:105F3000FFF7C4BFE0EB0020A45702000080002060
:105F4000293C0100DCEB0020034B1868034BC01A0E
:105F500018BF0120704700BF74800020EFBEADDE87
:105F60006FF00F0070476FF00F0070477047704779
:105F70004FF000007047084608B507F0E5FB4FF00A
:105F8000000008BD4FF000007047F8B5CE681C4611
:105F90000D46174606F00303022B0DD1FFF7D0FA8A
:105FA00023463A4626F0030106F07EFE041E0EDA72
:105FB0004FF0FF342046F8BD012BF9D126F003063F
:105FC000AB68224638463168194408F009F8AB68D6
:105FD0002344AB60EEE7000070B50A4B0446D0E9FD
:105FE00001560360AE4207D0AB681BB103222946BD
:105FF000284698471035F5E7606808B107F095FA2C
:10600000204670BD0859020010B50446FFF7E4FFB2
:106010001021204607F08BFA204610BD086808B50D
:1060200008B107F082FA4FF0000008BD10B5CC6847
:1060300004F00303022B10D134F0030418D094F8B9
:10604000543023B1FFF77CFA214606F007FE5821B1
:106050002046BDE8104007F06ABA012B08D134F0A1
:10606000030405D0206808B107F05FFA0C21EFE7C0
:1060700010BD000038B5074D04462B783BB912F02F
:10608000DFFB12F0E9FB12F0F7FB01232B70024B50
:106090001C6038BD280B0120240B012070B50B4C6F
:1060A00086B024680D9E25680496BDF8306003967E
:1060B0000B9E02960A9ECDE900361346AD680A464D
:1060C00001462046A84706B070BD00BF240B012042
:1060D000054B0A461B68196810B4CC68014618467F
:1060E00023465DF8044B1847240B01201346054A4C
:1060F00030B41468226815690A4601462046AC4649
:1061000030BC6047240B012073B5074C069E246801
:106110002568CDE9003613466D690A4601462046DA
:10612000A84702B070BD00BF240B0120054B0A46F2
:106130001B68196810B48C690146184623465DF83F
:10614000044B1847240B01201346054A30B4146849
:106150002268D5690A4601462046AC4630BC6047F5
:10616000240B0120024B014618680268126A10478E
:10617000240B012008B50B7E054AFF2B08BF4FF00A
:10618000FF3352F8233098474FF0000008BD00BF9E
:10619000F05802002DE9F0470C46054688B0174636
:1061A00000211422204607F043FFD5E901694E453E
:1061B00000F08580B36800970BB907F09CFAF3688C
:1061C0006A46314601A898479DF81CA0BAF1010F14
:1061D00040D158204FF0000807F0BCF9054658227E
:1061E000002107F025FF85F85480FFF7A9F95346F1
:1061F000019A294606F004FD40451FDB85F854A0AE
:10620000C4F80080FFF79CF9294606F077FD0223C9
:10621000AA072374C4E9010805D02A4B2A4A23217E
:106220002A4807F0CFFB45F00205E56001A9684662
:10623000FFF7A0FF012008B0BDE8F08795F85430C3
:1062400023B1FFF77DF9294606F008FD58212846BD
:1062500007F06DF99DF81C30FF2B2AD0032B09D1D4
:10626000019B2360029BC4E90133022323740023B2
:10627000E360DBE7022B1CD101990025029A0C2078
:106280002374521A2160A560626007F063F9019BD4
:1062900001950360029B4360039B83608307CDE904
:1062A000025502D0074B0A4AB9E740F00100E0600E
:1062B000BCE701A968461036FFF75CFF77E70020CE
:1062C000B9E700BFB4570200E55702005B5802006F
:1062D000805802007047F0B5044685B00D46019223
:1062E00012F0B6FA01220199204612F0D5FA0121E6
:1062F000204612F0B5FAE669D4F8F430226A9342E7
:106300001AD27343002103EB43032B441A46E0697E
:106310000332884209D912F8030C013112F8017CCA
:1063200002F8010C02F8037CF1E7012203A92046E0
:10633000039312F069FADFE7204612F0B5FA20461F
:1063400012F0A2FA05B0F0BD38B5D0E90024A51AC4
:10635000A94203D9491BFFF783F938BDFDD2114487
:10636000A14218BF4160F8E72DE9F043ADF50B7D80
:1063700005468846174601A81E46DDF8489212F0E9
:106380004BFA5A2122904FF4D07222A812F070FAE0
:10639000289929B9239B182222A81B68984728907E
:1063A00048464FF42051FFF7CFFF289C0E4B324652
:1063B000294622A8A3600D4BE3600D4B2361D9F859
:1063C0000030C4F8149023604FF42053636003231B
:1063D0002B930223CDE929878DF8B030FFF77BFF9F
:1063E0000DF50B7DBDE8F083D56201000B64010063
:1063F000F563010008B5836958695B68D0E900213D
:10640000891AC91AFFF7A0FF08BD38B58469606909
:10641000D0E90035ED1A05F52051FFF795FF6369C6
:1064200001201B681D444FF420532560636038BD74
:106430002DE9F04389B080F87A3498460023DDF8DE
:106440004890044680F878140E4680F87924154662
:10645000069304AFD9F808304BB1022249463846BA
:106460009847D9F80C300793D9F80830069302AA58
:1064700004F27C4366F07F0665F07F0597E8030031
:1064800082E8030093E8030087E8030092E8030032
:1064900083E80300069B3846D4F88424C4F8843487
:1064A000079B0692D4F88824C4F888340792EAF748
:1064B000A4FF9DF8403003220021012084F83730EA
:1064C0009DF84430A670257284F80E8084F843301D
:1064D000FAF7C0FAC4F8740450B9FDF7DFFB064BB5
:1064E000064A074900932E23FEF738FCFBF7F2FC1F
:1064F00009B0BDE8F08300BFE75502002C59020047
:10650000BA4702008A7AF8B502F00203D20742F2D3
:10651000A1024E8948BF43F00103D0F88C74C0F843
:10652000682404460A89022180F8703480F86C24BB
:106530000022A0F86E1480F86D2480F8712497F87A
:106540004F30E3B900F58D6290F878140A2338468D
:10655000F8F7EBFE054618B10A490B48F3F71CFFA4
:10656000012387F84F30D4F8903406F00106B3F5D4
:10657000966F267001D1FEF7F7F92846F8BD012580
:10658000F1E700BF505902006459020000F51A7289
:1065900008B5038A90F87A14D0F88C04F8F7ECFE6A
:1065A000024628B103490448BDE80840F3F7F4BEA9
:1065B00008BD00BF88590200B4590200037870B5C5
:1065C000044615460BB9002070BDB2F5007F04D912
:1065D0000E490F48F3F7E0FEF5E700F16806304694
:1065E00007F0FEFC2B46324694F87914D4F88C045C
:1065F000F8F79BFE0028E6D1C821D4F87404FAF716
:10660000B9FD431E58425841DEE700BFDC59020085
:10661000165A020009290A4608B507D00A2907D0E8
:1066200004490548F3F7B8FE002008BDFFF7AEFFA8
:106630000120FAE7375A02006D5A02004B1E30B5AE
:10664000044685B00A2B64D8DFE803F006394B63B3
:106650006363636363515E00516871B1208AB1FB6B
:10666000F0F300FB131343B91A4694F87914D4F8E5
:106670008C04F8F75AFE05B030BD13680BB9002939
:106680004CD10023D4F874041A461946FAF762FA7A
:1066900001280AD0FDF702FB214B224A2249009330
:1066A000AC23FEF75BFBFBF715FC238A04F51A729B
:1066B00094F87A14D4F88C04F8F75EFEDBE7D4F88B
:1066C000843404F51A754BB1536802A903AA04F285
:1066D0007C40CDE90253D4F888349847238A2A466F
:1066E000E6E7D4F88C34002083F84F00C3E7536802
:1066F0001B68072B06D1116804F592601A460968D9
:1067000007F06EFC0020B6E711462046FFF7FAFEC0
:10671000B1E70A4605480649F3F73EFE0120AAE71D
:10672000BF5502002C590200BA4702006D5A020000
:10673000875A020070B505460C464CB1E168284600
:10674000FFF7F8FFA668204606F0EFFE3446F4E7B0
:1067500070BD10B504468168FFF7ECFF204610BD00
:10676000054800230549021D037183604361C0E9A8
:106770000322034A06F0D4BE2C0B0120536701000C
:106780000080002070B580F8441461F07F01044659
:1067900080F8452401708CB082710421C3770022F7
:1067A0000A20FAF757F9C4F8480450B9FDF776FA09
:1067B000324B334A334900932F23FEF7CFFAFBF7CE
:1067C00089FB0423002230493048CDE900322346BA
:1067D0004FF46172FBF750FB01280AD0FDF75EFA17
:1067E0002B4B274A274900933023FEF7B7FAFBF7D4
:1067F00071FB08AB06A80693002307938DF82030A1
:10680000FEF73CFA04F58A6178BB224BC4F8503499
:106810006FF07F43002604F25C4504F25442C4F852
:1068200054341D4B2846C4F8586402931B4BCDE9E1
:10683000004304F58B6312F007F8324618492846E6
:1068400011F0FAFF32461749284611F0F5FF32469B
:106850001549284611F0F0FFD4F8500412F018F84A
:1068600006A806F071FF0CB070BD0698059111F0F6
:10687000FBFF05990028C8D0CAE700BFE55A02000F
:10688000C15A0200BA470200EF5A0200416A0100F1
:10689000FC5A02000A0A0A0145182420D96801009E
:1068A000C534242019352420D9342420054B002058
:1068B000054A4B61054B8B61054BC1E90923054B2B
:1068C000CB627047712324202C01001A6B690100F0
:1068D00011BADFAD062A75730146C069FFF7E6BF3E
:1068E0002DE9F743164680460C2006F033FE0023C0
:1068F000378904468360C0E900334FB3384606F059
:1069000029FE054605EB07092560C4F8089027B164
:106910003A460021284607F08BFB0023328929469E
:106920003046C4F80490019411F0BAFF33898342D1
:1069300010D0019C3CB1206808B106F0F6FD0C2196
:10694000204606F0F4FD6FF00B0003B0BDE8F083C5
:106950003D46D7E7002301A9D8F848041A46FAF7BC
:10696000F9F80128E5D10020EFE70A460146C069A1
:10697000FFF7B6BF2DE9FF41D0F890340446154625
:10698000A3B300F14406281D1B4A022BC0F30D00DF
:106990000392A4F8440005D1019111F041FF01993F
:1069A000A4F844002A4604F1460007F019FBA81C8D
:1069B000124F06354FF08058042203A9304407F0E7
:1069C0000FFB2B46324694F84414D4F84C04ECF7F1
:1069D00009F8022806D1C7F80080BFF34F8FBFF334
:1069E0006F8FEEE720B10648F3F7D6FC6FF00B008F
:1069F00004B0BDE8F08100BFDEADBEEF04ED00E005
:106A0000845B0200044607B54FF0FF3201A9D4F8B9
:106A10004804FAF7EFFA0128F6D1019B2046D3E9A2
:106A20000012521AFFF7A6FF019D002DECD0286836
:106A300008B106F07AFD0C21284606F078FDE3E760
:106A4000014608B5FFF7DEFFF8B596B205460F46DA
:106A50004FF4C1723146002011F0DAFE044628B925
:106A60000D4808F043F96FF00100F8BD3946324691
:106A700011F006FFD5F86C3405F25C4120469847CA
:106A80000028F2D00146054808F030F9204611F000
:106A9000B7FE6FF00B00E8E7B05B0200CA5B0200D4
:106AA0008B7A098903F00202DB074FF0000348BF2D
:106AB00042F0010230B542F2A10485B0D0F84C5446
:106AC0008DF80C208DF80D30CDE90133ADF8044080
:106AD00002246B7C8DF80A408DF808108BB990F871
:106AE00044140A2301AA2846EBF77CFF044618B198
:106AF00005490648F3F750FC01236B74204605B0A6
:106B000030BD0124FAE700BF50590200E45B0200E7
:106B1000D0F8903470B505460C4673B9B0F84462AD
:106B2000304611F07DFE022C07D9023CC6F30D065B
:106B3000A64203D10123C5F8903470BDC0F30D0007
:106B4000844201D10223F6E70248BDE87040F3F722
:106B500023BC00BF085C020010B50446FFF7D8FF55
:106B6000D4F89034E3B1022BB4F8440201D111F00F
:106B700057FE030408D5C0F3C221012910D00948EB
:106B8000BDE81040F3F708BCC0F30D0242B1043A6F
:106B900004F24621204692B2BDE81040FFF754BFF0
:106BA00010BD00BF2C5C020009290A4608B50AD0B6
:106BB0000A290AD1038900F5117290F84514D0F81A
:106BC0004C04EBF720FF012004E003490348F3F7EE
:106BD000E3FB002008BD00BF475C02007D5C0200B3
:106BE000022910B5044611D00B2927D001292AD13A
:106BF0005168FFF7B1FF238904F5117294F8451429
:106C0000D4F84C04BDE81040EBF7FDBE516871B1FB
:106C10000089B1FBF0F300FB131343B994F844145B
:106C20001A46D4F84C04BDE81040EBF7DBBE1368FD
:106C3000002BE0D10029DED0012010BD1146BDE8B7
:106C40001040FFF72DBF0248F3F7A6FBF4E700BFA3
:106C5000955C020070B505460C464CB1E1682846CB
:106C6000FFF7F8FFA668204606F05FFC3446F4E71D
:106C700070BD10B504468168FFF7ECFF204610BDDB
:106C8000054800230549021D037183604361C0E983
:106C90000322034A06F044BC440B0120736C01003C
:106CA000008000207FB503680446DB689847002316
:106CB00004934FF0FF3201A9D4F81C05FAF79AF9B2
:106CC0000128F6D1236801A920461B699847F0E7FF
:106CD000022A38B5044607D0032A0FD0012A01D171
:106CE0000B682360002038BD0D680C2006F032FCD4
:106CF000034695E8070083E80700F2E700680028EC
:106D0000F0D00C2106F013FCECE7F0B40468049F0B
:106D10006568A6684FEA650C246806EB6500ED0718
:106D200044BF56F80C502C593D68A44604951B6886
:106D300012680968F0BC604730B5194D85B004464B
:106D40002B78BFF35B8FDB070ED4284606F0F3FBEE
:106D500050B1144802F09CFD284606F0F8FB124A98
:106D60001249104806F0DCFB00250C20029506F0C5
:106D7000F1FB0F4B40F69A0241F66E2184600090C1
:106D8000C0E900350B4B074803930B4B02936B464E
:106D900002F0FCFE6846EAF730FB05B030BD00BFEC
:106DA000E0CD0020E4CD002000800020474101001C
:106DB000DD6E01000B6D0100D16C01001FB50446B2
:106DC000002214210420F9F745FEC4F81C0550B92F
:106DD000FCF764FF134B144A144900932A23FDF770
:106DE000BDFFFBF777F8231D4FF48772104902931C
:106DF00004F1E4030F480193032300932346FBF7B8
:106E0000B9F968B9FCF74AFF0B4B074A00932B23EB
:106E10000649FDF7A3FF04B0BDE81040FBF75AB8E0
:106E200004B010BD974C0200744C0200BA47020037
:106E3000545E0200A56C0100A64C02001FB5EFF3E2
:106E40000583D0F81C05EBB1002303AAF9F7B0FFC6
:106E500001280AD0FCF722FF134B144A144900936F
:106E60004123FDF77BFFFBF735F8039B3BB1114B4B
:106E70004FF080521A60BFF34F8FBFF36F8F05B092
:106E80005DF804FB4FF0FF32F9F764FE0128F6D0FD
:106E9000FCF704FF084B054A054900934423FDF71E
:106EA0005DFFFBF717F8EAE7AF5C0200744C0200E5
:106EB000BA47020004ED00E0EE5C02007FB500235B
:106EC0008DF8051001A904938DF80430FFF7B6FF83
:106ED00002A8EAF792FA07B05DF804FBF8B5069C41
:106EE0000546C0F82015A1B2022928D0032922D0D6
:106EF000012926D193F8C2610021582703F1480CDB
:106F00008E4210DD07FB01F05CF8004094F805E0CC
:106F1000BEF1FE0F0DD1A479012C0AD10344C5F8AE
:106F20002425C5F82835D5F82435C3B100242046DA
:106F3000F8BD0131E4E70121FFF7C0FFF6E70021CA
:106F4000FAE7C4F307440B2CF0D122460549064862
:106F500007F0CCFE21462846FFF7B0FFE7E70824FC
:106F6000E5E700BF285D0200395D020010B5044668
:106F700043B1054807F0BAFE0B212046BDE810409A
:106F8000FFF79CBF0321F9E7495D020010B50446F5
:106F900043B1094807F0AAFE0B212046BDE8104086
:106FA000FFF78CBFD0F83825D0F83C359A4234BF73
:106FB00004210521F2E700BF645D020010B504461C
:106FC00043B10A4807F092FE0B212046BDE810406D
:106FD000FFF774BFD0F8403503210133C0F84035C6
:106FE000D0F838351A44C0F83825EFE77C5D020048
:106FF00010B5044643B1074807F078FE0B21204640
:10700000BDE81040FFF75ABF0621C0F84035C0F870
:107010003835F5E7935D020010B5044643B10A48E0
:1070200007F064FE0B212046BDE81040FFF746BF85
:10703000D0F8403507210133C0F84035D0F8383555
:107040001A44C0F83825EFE7B45D020010B50446D5
:1070500043B1174807F04AFE0B212046BDE8104017
:10706000FFF72CBFD0F83825D0F83C359A4201D232
:107070000621F3E70F4BD0F844151A680E4806F0C6
:10708000A1FF90B10D4807F031FE0B212046FFF71C
:1070900015FFD4F8440506F08DFF0023C4F84435ED
:1070A000C4F84035C4F8383510BD0821EEE700BFFC
:1070B000CB5D020098AA002078800020E75D0200E6
:1070C00010B5044643B1054807F010FE0B212046D9
:1070D000BDE81040FFF7F2BE0A21F9E70C5E02009E
:1070E00010B5044643B1054807F000FE0B212046C9
:1070F000BDE81040FFF7E2BE0A21F9E7215E020079
:1071000037B5097804460B2900F2AC80DFE801F0BE
:10711000B00614222B4147666972758F00F22C511C
:10712000D0F82405F4F7B4FB90B90221204603B04F
:10713000BDE83040FFF7C2BE00900022D0F828150D
:107140004C4BD0F82C05F4F7C3FB002800F09080DE
:107150000B21EBE70346484A04F5A661D4F82C0559
:10716000F4F745FCF1E7454BD0F838251B68444956
:107170009B1A01900091B3F5807F424928BF4FF4DC
:1071800080730A44B4F84015D4F82C05F4F711FCC8
:10719000DBE73D4B0190009300231A46F2E7D0F85D
:1071A0004435364D23B9286806F0FCFEC4F8440582
:1071B000D4F838252B68D4F844159B1A3348019429
:1071C0000A44B3F5807F009094F8401528BF4FF42F
:1071D0008073D4F82C05F4F7FBFBB6E703462C4A82
:1071E000BAE703462B4A4FF47A71D0F82C05F4F72E
:1071F000D3FBAAE70346284AAEE7D0F82035186843
:10720000F7F78EFBD4F82C15D4F82405F4F7A4FB7B
:1072100018B10B212046FFF751FE0023D4F82405B6
:10722000C4F82C3503B0BDE83040F5F7CBBD1B4C9E
:107230002378BFF35B8FDB070ED4204606F07BF983
:1072400050B1174802F04CFA204606F080F9154A72
:107250001549134806F064F9114803B0BDE8304001
:1072600002F077BA114803B0BDE8304007F03EBDE8
:1072700003B030BD6D6F01008D6F010098AA002032
:10728000BD6F010078800020F16F010019700100CE
:107290004D700100C1700100E1700100E80501209E
:1072A000F0050120008000202D4A01003B5E020015
:1072B00037B50D780C4615B90131FFF721FFE368AA
:1072C0002BB1236901A9201D8DF80450984703B004
:1072D00030BD7FB503680446DB68984700230493FC
:1072E0004FF0FF3201A9D4F81C05F9F783FE0128FD
:1072F000F6D1236801A920461B699847F0E7022AC6
:1073000038B5044607D0032A0FD0012A01D10B68F3
:107310002360002038BD0D680C2006F01BF90346E1
:1073200095E8070083E80700F2E700680028F0D03E
:107330000C2106F0FCF8ECE7F0B40468049F6568E3
:10734000A6684FEA650C246806EB6500ED0744BFAC
:1073500056F80C502C593D68A44604951B681268D9
:107360000968F0BC6047000030B5194D85B004468F
:107370002B78BFF35B8FDB070ED4284606F0DBF8D3
:1073800050B1144802F084FA284606F0E0F8124A98
:107390001249104806F0C4F800250C20029506F0AA
:1073A000D9F80F4B49F2023241F6D10184600090C6
:1073B000C0E900350B4B074803930B4B02936B4618
:1073C00002F0E4FB6846EAF718F805B030BD00BFEC
:1073D000E0CD0020E4CD00200080002047410100E6
:1073E0006D75010039730100FF7201001FB504467D
:1073F000002214210420F9F72DFBC4F81C0550B914
:10740000FCF74CFC134B144A144900932A23FDF754
:10741000A5FCFAF75FFD231D4FF487721049029314
:1074200004F1E4030F480193032300932346FAF782
:10743000A1FE68B9FCF732FC0B4B074A00932B23E3
:107440000649FDF78BFC04B0BDE81040FAF742BDD9
:1074500004B010BD974C0200744C0200BA47020001
:107460002B5F0200D3720100A64C020070B50C46DF
:107470000978D0F83035F9B10133C0F83035012B37
:1074800020DC0420FEF72AFA23787BB10E4D4FF062
:1074900080560220FEF73EFA2E60BFF34F8FBFF3F7
:1074A0006F8F0028F5D00A20FAF734FE21780320E8
:1074B000BDE87040FEF712BA5A1E22EAE272C0F826
:1074C0003025DCE770BD00BF04ED00E01FB5EFF331
:1074D0000583D0F81C05EBB1002303AAF9F768FC7B
:1074E00001280AD0FCF7DAFB134B144A1449009325
:1074F0004123FDF733FCFAF7EDFC039B3BB1114B45
:107500004FF080521A60BFF34F8FBFF36F8F05B0FB
:107510005DF804FB4FF0FF32F9F71CFB0128F6D0B1
:10752000FCF7BCFB084B054A054900934423FDF7D3
:1075300015FCFAF7CFFCEAE7AF5C0200744C0200DE
:10754000BA47020004ED00E0EE5C02007FB50023C4
:107550008DF8051001A904938DF80430FFF7B6FFEC
:1075600002A8E9F74AFF07B05DF804FBF8B5044646
:1075700006980E46C0F3074580B20138042850D85B
:10758000DFE800F0032A254F450093F8C26100218F
:10759000582703F1480C8E4210D907FB01F05CF824
:1075A000005095F805E0BEF1FF0F0ED1AD79FF2D2B
:1075B0000BD10344C4F82025C4F82435D4F8203571
:1075C000002B37D000252846F8BD0131E3E7012123
:1075D0002046FFF7BBFFF5E700212046FFF7B6FF87
:1075E000D4F82815D4F8200505F0F0FE014610B1B6
:1075F000114807F07BFBD4F820153046F5F7DAFC8C
:107600000028DFD001210D4807F070FBDAE70C49B4
:107610002A460C4807F06AFB05212046FFF796FF33
:10762000D1E7002DCFD006492A46074807F05EFB78
:107630000621F2E70825C6E7845E0200A65E020086
:10764000C75E0200D45E0200395D020010B5044638
:1076500043B1054807F04AFB06212046BDE810402B
:10766000FFF774BF0321F9E7F05E020010B504468E
:1076700043B1054807F03AFB06212046BDE810401B
:10768000FFF764BF0421F9E70F5F02000B7813B521
:107690000446042B3BD8DFE803F0030B1B2E380015
:1076A000FDF788F9002102B0BDE8104002F04AB8A9
:1076B00000F5A561D0F8200505F067FE30B1062180
:1076C000204602B0BDE81040FFF740BF0221F7E7B7
:1076D00000900022D0F82415104BD0F8280505F0B2
:1076E000C5FE18B106212046FFF730FFFDF762F90D
:1076F000D4F82815D7E7034600F22C51084AD0F8F1
:10770000280505F0A1FE0028D9D102B010BDFDF773
:1077100051F902B0BDE8104002F01BB84D760100EF
:107720006D76010073B50E780C460025012E11D040
:10773000022E13D016B90131FFF7A8FFE3683BB161
:10774000236901A9201D8DF804608DF80550984724
:1077500002B070BD0131FFF789FEEFE7D0F8305578
:10776000002DD4BF00250125E8E770B50C680D4653
:107770000646E9F727FE032301300021400063702D
:1077800002232070701E6B60E31810F8012F023383
:107790003AB103F8022C03F8011C6A6802326A60ED
:1077A000F3E770BD38B5D0F808140446D0F80C34AF
:1077B000154A5B1AC0F8141400F214419B1053438D
:1077C000124A80F81C34C0F8182400F584620220A4
:1077D000ECF706FE28B101460D4807F087FA0020B5
:1077E00038BD1D20EEF75CFF01464CF25030EFF73C
:1077F000DBF8D4F82004F2F7B6FF18B1054807F01B
:1078000075FAECE70120EBE7ABAAAAAA657A0100BA
:10781000545F0200745F020070B500F2444388B008
:10782000002500F23C46C0F83C3404460580C0F810
:107830000454C0F80854C0F80C54C0F81054C0F8F0
:107840002454C0F82854C0F82C54C0F83054C0F860
:107850003454C0F83854C0F8405480F8445402A856
:10786000FDF7C0F902A93046184E06F002F802A84A
:1078700005F06AFFB3783288284615498DF806303E
:10788000ADF80420EEF7A4FF11492846EEF79EFF5D
:1078900001AA0F490220F8F793FB0E4B602283F8F0
:1078A00088234FF480721A61334602AA53F8030FFB
:1078B00059681B7A03C21370092202A9A01CC4F8DC
:1078C000042406F08DFB204608B070BD7A14020037
:1078D00000366E0100E100E008B5FCF74DFAD0F883
:1078E0002004BDE80840F3F7CFBDD0F82004F3F73B
:1078F000B1B807B5CDE9002182680AB905F0FBFEF1
:10790000C3686A4601A9984703B05DF804FB00000C
:10791000F7B51E46531E054614460E2B00F28A800C
:10792000DFE803F00C7E8588888888883C6D080E27
:1079300013886D00434B33601223736000240DE005
:1079400002354FF480633560F7E73F48B47A306022
:107950003CB904223D49726006F042FB204603B068
:10796000F0BD328940F209439A4215D1022C08D069
:10797000032C09D0012C0BD131463548FFF7F5FE19
:10798000DCE731463348F9E73146D5F83C04F5E702
:107990002146314807F0AAF90524DFE700240C2727
:1079A000D5F82404D5F828341B1AB4EB231F10D2C1
:1079B000D5F8083400EB041007FB04335B6801932F
:1079C00083680BB905F097FEC36801A90134984795
:1079D000E6E700270124D5F83004D5F834341B1A23
:1079E000B7EB231F08D200EB0710324609210137FD
:1079F000FFF77FFF0440EEE784F00104AEE70027C5
:107A0000D5F83004D5F834341B1AB7EB231F95D2C0
:107A100000EB0710324621460137FFF76AFFEFE718
:107A200000220A21D5F82004F2F7E3FF86E70022BE
:107A30000C21F7E7224609490948012407F056F9C5
:107A40008CE700BF086002005C0B012004600200AC
:107A50008B5F0200925F0200A85F0200C75F020016
:107A6000CF5F020037B50D4604460192FCF784F95A
:107A7000019B2A46214603B0BDE83040FFF748BFCE
:107A80002DE9F84FD0E9008706468946A7EB0804A0
:107A90009346A310214C5C43214B9C4202D12148C8
:107AA00005F026FE012C2246A1EB080538BF012275
:107AB000A41831D244B19C4228BF1C460C2060431C
:107AC00005F048FD824600E0A2460AEB0503002DC2
:107AD0009BE8070083E8070004DD2A46414650463C
:107AE00006F08CFAA7EB09070C35002F554404DD8E
:107AF0003A464946284606F073FA3D44B8F1000F6D
:107B000002D0404605F011FD0C2000FB04A4C6E99C
:107B100000A5B460BDE8F88F1C46CFE7ABAAAAAABF
:107B2000AAAAAA0AEA5F020038B5002304460D4655
:107B300083608B682BB102229847EB68E360AB68E7
:107B4000A360204638BD38B5002304460D46836047
:107B50008B682BB102229847EB68E360AB68A360A7
:107B6000204638BD2DE9F843074688461646154697
:107B700004464FF0000944451AD029462046C5F86E
:107B800008901035E9F780FDA36855F8082C2046C9
:107B9000103444F8082C45F8083C55F8042C54F8E7
:107BA000043C44F8042C45F8043CE9F726FCE2E7E1
:107BB000E01B3044BDE8F8832DE9F347D0E90079B4
:107BC00088466FF078431146A9EB07020646B3EBEF
:107BD000221F4FEA221402D11A4805F089FD012C18
:107BE0002246A8EB070A38BF0122A41827D24CB1BD
:107BF0009C4228BF1C462001019105F0ABFC019975
:107C0000054600E0254605EB0A00FFF78DFF4146DB
:107C10002A463846FFF7A6FF494600F110024046C3
:107C2000FFF7A0FF804617B1384605F07EFC05EB54
:107C30000414C6E90058B46002B0BDE8F0871C46E1
:107C4000D9E700BFEA5F02002DE9F84307468846FE
:107C50001646154604464FF0000944451AD02946F9
:107C60002046C5F808901035E9F70EFDA36855F8D1
:107C7000082C2046103444F8082C45F8083C55F8E8
:107C8000042C54F8043C44F8042C45F8043CE9F76F
:107C9000B4FBE2E7E01B3044BDE8F8832DE9F3478D
:107CA000D0E9007988466FF078431146A9EB0702C6
:107CB0000646B3EB221F4FEA221402D11A4805F000
:107CC00017FD012C2246A8EB070A38BF0122A41891
:107CD00027D24CB19C4228BF1C462001019105F0DF
:107CE00039FC0199054600E0254605EB0A00FFF73F
:107CF0002AFF41462A463846FFF7A6FF494600F1CB
:107D000010024046FFF7A0FF804617B1384605F045
:107D10000CFC05EB0414C6E90058B46002B0BDE8E1
:107D2000F0871C46D9E700BFEA5F02002DE9F04169
:107D30001E46D0F80C54D0F8103404461746DDF82F
:107D40001C809D4232D007C985E807000C35C4F875
:107D50000C54D4F82804D4F82C3498422DD0394649
:107D6000FFF7E2FED4F828341033C4F82834D4F8EE
:107D70003404D4F83834984226D03146FFF7E3FE75
:107D8000D4F834341033C4F83434D4F80434A01C98
:107D9000069903EB08021844C4F80424424606F08E
:107DA0001FF9B4F80434A380BDE8F0810A4600F559
:107DB00081602946FFF764FECBE701463A4604F2AC
:107DC0002440FFF7F9FED2E70146324604F586600B
:107DD000FFF764FFD9E700004A43002184460B46C1
:107DE0002DE9F0470C460D464FF0E50A8A4222DDA8
:107DF0009CF8009001319CF801800CF1030C4E4678
:107E00001CF801ECC1454F4638BF4646764538BFA1
:107E10007646C14528BF4746774594BFF71BA6EB7A
:107E20000E0716FB0AF6C7EB0727B742DEBF4D4425
:107E300044447344DAE707EE905A9FED395A4FF005
:107E4000000CF8EE676A07EE904AB8EE677A07EE24
:107E5000903AF8EE677AB4EEE77AF1EE10FA54BF92
:107E6000F0EE475AF0EE675AF4EEE56AF1EE10FADA
:107E7000F4EEC56A58BFF0EE665AF1EE10FAB4EEB1
:107E8000C57A54BF85EEA66A9FED266AF1EE10FA18
:107E9000F4EEC57A54BFC5EE876ADFED226AF1EED3
:107EA00010FA58BF85EEA77ADFED1F7A48BF9FED25
:107EB0001D7A26EE276A66EEA76ABCEEC66AFCEE5D
:107EC000E66A16EE103A9DB216EE903A27EE277A41
:107ED0009CB2BCEEC77A17EE103A9BB262451DDD2C
:107EE00001780CF1010C47780330694310F8016CFC
:107EF0006743090A5E433F0AFF294FEA162628BF57
:107F0000FF21FF2F28BFFF27FF2E00F8031C28BFEB
:107F1000FF2600F8027C00F8016CDFE7BDE8F0877F
:107F2000CDCCCC3D0000000000008043022A06D0EA
:107F3000032A02D0012A00D10160002070470B689B
:107F40000360FAE7022A034606D0032A02D0012A78
:107F500000D101600020704703C983E80300F9E7FE
:107F600003680446DB6800B58DB0984700230A9388
:107F70004FF0FF326946D4F8F40EF9F73BF80128C8
:107F8000F6D12368694620461B699847F0E7000050
:107F90002DE9F84F07EE902A9B4680460D46B8EE35
:107FA000E77A07EE90BA164602EB420A2DED048BF3
:107FB0009DF83830B8EEE78ADFED377A93B3C7EE35
:107FC000086AB7EE006AF4EEC66AF1EE10FACDBFA9
:107FD00028EE277AFDEEC78A27EE277AC7EE278A92
:107FE000D4BF87EE278AFDEEE88AB8EEE87A26EA63
:107FF000E679BDEEC88A002709EB490987EE879A22
:10800000B8EEC87AC7EE879ABB4540DD18EE103A45
:10801000BB420ADC284655445246002106F008F8C7
:108020000137F1E7FDEEC78ADFE707EE907A4FF4FC
:108030007370E91C0022F8EEE77A67EEA97AFDEE8C
:10804000E77A17EE903A58439642A1F1030C1CDDF3
:1080500007EE902AF8EEE77A67EE897AFDEEE77A86
:1080600017EE904A04EB44040444444418EE903A5A
:1080700001349A42B4BF14F8013C00230CF8013BD0
:108080008C45F3D101320331DEE74D44C8E7BDEC46
:10809000048BBDE8F88F00BF0000A24337B5069DF2
:1080A0001C4618B919602A6003B030BD0228A1F13E
:1080B000A201A2F1A20207D0032850D0012851D179
:1080C00052421A60296003E04942524219602A6014
:1080D0002368A23323602B68A2332B602368002B14
:1080E0000BDAFBF7DBFD264B264A274900934FF4BA
:1080F000B173FCF733FEF9F7EDFE2368B3F5A27F09
:108100000BDBFBF7CBFD214B1E4A1F49009340F2CE
:108110006313FCF723FEF9F7DDFE2B68002B0BDA67
:10812000FBF7BCFD1A4B174A174900934FF4B27383
:10813000FCF714FEF9F7CEFE2B68B3F5A27FB3DB94
:10814000FBF7ACFD134B0F4A009340F265130E4949
:10815000FCF704FE03B0BDE83040F9F7BBBE49426E
:108160001A60AFE7FBF79AFD0B4B064A06490093EE
:108170004FF4AE73FCF7F2FDF9F7ACFEA8E700BFD1
:108180003C6002001A600200BA4702004860020028
:1081900076600200826002001725020010B52DED06
:1081A000028B84B008EE103A044603AB009302AB96
:1081B000C068FFF773FF9DF820309FED1B7AB8EE83
:1081C000488A06EE903A9DF82430DFED187AF8EEF2
:1081D000666AC8EE075A86EE875A06EE903A039B07
:1081E000F8EE666AD4E9002186EE876ADFED106A50
:1081F00001FB0322029965EEA66A65EE277A67EE17
:10820000857AE6EEA57ADFED0B6A66EE266AE6EE83
:10821000867A67EE877AFCEEE77A17EE903A535447
:1082200004B0BDEC028B10BD00007F435917373FEF
:10823000D0B3593E98DD933D30B585B01D46044618
:1082400003AB009302ABC068FFF728FF6168DDE96C
:10825000023201FB0232236802EB42029D54616844
:10826000DDE9022301FB0323226803EB43031344EC
:108270009DF820205A706168DDE9022301FB032389
:10828000226803EB430313449DF824209A7005B041
:1082900030BD00002DE9F04F0C4693468DB0924A58
:1082A0008246002120461D4605F0C2FE4FF4A27210
:1082B000BBF1010F08940B95CDE9092257D1022596
:1082C00000230AF2872805922C4603936F1C661C34
:1082D00021460234BBF1000F42D0A6462A46B146E1
:1082E0003B46B4460491059800FB03A308F24510F1
:1082F000005D13F809900690059813F80C3000FB08
:1083000002A212F80E0007900498125C08A80192CD
:1083100018F8042000922A46FFF78EFF079B2A4692
:108320003146019308A8069B00934B46FFF784FF54
:10833000B4F5A17FCBDB039BB7F5A17F8BF0010BDD
:1083400083F00103039302D10DB0BDE8F08F039BCE
:1083500008F5A2783D46002B14BF03240224B5E79C
:10836000B6463A46A1462B468C460496BBE7BBF17F
:10837000000FE9D1022212F001030BF5A17903935A
:1083800059D00AEB0B000BF1010404924FF00208E4
:1083900090F889321AF8041090F846510B4490F87E
:1083A0004411294401330131C3F34703C1F34701A9
:1083B000019190F8451108A800910121FFF73CFFB9
:1083C000049A0BF5A0730AEB04050493049BA342E3
:1083D00035D20AEB04052646A8EB0408B14508EBA4
:1083E000060173D915F8013B01366878023395F818
:1083F0004371034495F88702034495F889020344C6
:108400002878384495F84571C3F3870C039B0230F4
:10841000384495F88872384495F84471C0F3870061
:10842000002B4FD06346CDE9000708A80492FFF760
:1084300003FF049AD2E75C464FF00108C1E7AE782B
:108440002B7895F88812334495F8447195F846B125
:10845000023395F88A020B4469780644394495F84A
:108460008972034495F8450102310136C3F387034D
:108470005944C6F34706394495F847710744C1F398
:10848000870E03990137C7F3470729B9B4463E461B
:1084900067469C46034660464146059202340235D3
:1084A000CDE900E008A8FFF7C7FE059A08F1010131
:1084B000334608A808F10208CDE900B7FFF7BCFE73
:1084C000059A83E73B46CDE9000CAEE7A9EB040B28
:1084D0000132A14538BF4FF0000B0234B2F5A17F45
:1084E000A3447FF448AF2FE730CE04001FB5044605
:1084F000002230210420F8F7ADFAC4F8F40E50B988
:10850000FBF7CCFB134B144A144900932A23FCF7C6
:1085100025FCF9F7DFFC231D4FF46172104902932B
:1085200004F1E4030F480193042300932346F9F771
:1085300021FE68B9FBF7B2FB0B4B074A00932B23D4
:108540000649FCF70BFC04B0BDE81040F9F7C2BCCB
:1085500004B010BD974C0200744C0200BA470200F0
:108560008D610200617F0100A64C02001FB5044628
:1085700002AB03C9626883E80300002382E80300BA
:108580001A4619462068F8F7E5FA01280DD0FBF7DE
:1085900085FB074B074A009335230749FCF7DEFBB1
:1085A00004B0BDE81040F9F795BC04B010BD00BFA1
:1085B000B1600200744C0200BA47020038B50B4C9F
:1085C0002378BFF35B8FDB070ED4204604F0B3FFA4
:1085D00050B1074D2046074B2B6004F0B8FF064A08
:1085E0002846064904F09CFF014838BDDCDC002029
:1085F000E0DC002050830200008000205D3B010091
:1086000008B5EEF779FCBFF34F8F08BD28B10138EC
:1086100001288CBF002001207047032070477FB5E0
:10862000002302910221D0F8F80E00932423ADF824
:1086300004300123CDE9031269468DF80630059315
:10864000E9F7E2FAB0FA80F0400907B05DF804FB00
:1086500000B5002389B0D0F8F80E02938DF80E30E3
:1086600002238DF80720242205930DF107030491BE
:1086700002A906930123ADF80C200793E9F7C4FA89
:10868000B0FA80F0400909B05DF804FB90F8402F83
:1086900010B50446002A4AD0032242F25011FFF7D7
:1086A000D7FF012242F25B112046FFF7D1FF94F879
:1086B000452F42F211012046FFF7CAFF94F8442FDC
:1086C00042F212012046FFF7C3FF94F8492F42F20D
:1086D00013012046FFF7BCFF94F8482F42F2140123
:1086E0002046FFF7B5FF94F84D2F42F215012046C2
:1086F000FFF7AEFF94F84C2F42F216012046FFF729
:10870000A7FF94F8512F42F217012046FFF7A0FF70
:1087100094F8502F42F218012046FFF799FF0122EA
:1087200042F253112046BDE81040FFF791BF42F2DC
:108730005011F8E710B50446082241F20301FFF793
:1087400087FF082241F207012046FFF781FF0A2236
:1087500043F244012046FFF77BFF002243F245012C
:108760002046FFF775FF0A2243F247012046FFF734
:108770006FFFC02243F250012046FFF769FF4222FB
:1087800043F251012046FFF763FF502243F25201AA
:108790002046FFF75DFF002243F253012046FFF71A
:1087A00057FF032243F254012046FFF751FFF722FF
:1087B00043F255012046FFF74BFFF82243F25601E2
:1087C0002046FFF745FF292243F257012046FFF7D5
:1087D0003FFF1F2243F258012046FFF739FF1E22B8
:1087E00043F259012046FFF733FF43224FF48051F3
:1087F0002046FFF72DFF402241F201012046FFF7FE
:1088000027FF322241F202012046FFF721FF7F229B
:108810004FF454712046FFF71BFF012241F206017D
:108820002046FFF715FF002241F208012046FFF71E
:108830000FFFA02241F209012046FFF709FF602245
:1088400041F20A012046FFF703FF902241F20B019B
:108850002046FFF7FDFE402241F20C012046FFF7C3
:10886000F7FE07224FF400512046FFF7F1FE0122E8
:108870004FF404512046FFF7EBFE5F2242F2011154
:108880002046FFF7E5FE0A2242F202112046FFF7DA
:10889000DFFE032242F203112046FFF7D9FE052234
:1088A00042F204112046FFF7D3FE022242F20511E4
:1088B0002046FFF7CDFE142242F206112046FFF7B4
:1088C000C7FE022242F207112046FFF7C1FE032233
:1088D00042F208112046FFF7BBFE032242F20911C3
:1088E0002046FFF7B5FE002242F20A112046FFF7AC
:1088F000AFFE802242F20B112046FFF7A9FE402274
:1089000042F20C112046FFF7A3FE202242F20D1185
:108910002046FFF79DFE032242F20E112046FFF78C
:1089200097FE002242F20F112046FFF791FE8522AA
:1089300042F210112046FFF78BFE002242F2111185
:108940002046FFF785FE2046A02242F21211FFF7D3
:108950007FFE2046BDE81040FFF798BE00224FF48E
:10896000807110B5044680F8542FFFF771FE4FF068
:10897000814004F6FC61BDE81040EEF75FBA0000EC
:1089800037B50D460446FFF719FE00212A7804F09A
:10899000F1FBFFF713FE2A78012104F0EBFB0A201C
:1089A000F9F7B8FB2B786BB3FF230A258DF8063057
:1089B0008DF807300DF1060200212046FFF72FFE4B
:1089C0000DF1070201212046FFF729FE40F20311B5
:1089D00000222046FFF73CFE9DF80610012903D136
:1089E0009DF80730B02B0DD0013DE3D101299DF852
:1089F000072001D1B02A05D0034806F077F90020FE
:108A000003B030BD0120FBE7CF600200104B13B56F
:108A1000C0F8243F40F60203044600F62471C0F873
:108A2000283F012380F82C3F0823A0F82E3F094B54
:108A3000C0F8303F4FF08140EEF7E0F828B98DF8EC
:108A4000040001A92046FFF79BFF02B010BD00BF44
:108A500008004233100000010B685A1C13B51ED1E8
:108A600000F6FC6101AA4FF08140EEF72AFA0446B5
:108A700080B915490198E9F77BF9019B134A9342A4
:108A80000AD0134A934218D0124A934217D0124A7E
:108A9000934216D04FF0FF34204602B010BD032B96
:108AA000F8D80949094A01FB032200F6FC614FF09E
:108AB00081400192EEF7F6F9ECE70124ECE702249D
:108AC000EAE70324E8E700BF109A010000000081F4
:108AD000109A01812034038130CE048138B50B789F
:108AE00004460D465BB9FFF725FE2A7840F2016186
:108AF0002046FFF7ADFD2B7884F8353F38BD0022C6
:108B00004FF40451FFF7A4FD00224FF4805120469A
:108B1000FFF79EFD002241F208012046FFF798FD75
:108B2000002240F205212046FFF792FD012240F28B
:108B30000E212046FFF78CFD002240F20F21204637
:108B4000FFF786FDD1E7F7B504460E4600254FF046
:108B5000FF373368AB420DDD01A920460197FFF7CF
:108B60007BFF431CF5D0019001A920460135FFF79A
:108B700073FFEEE703B0F0BD00230122C1E900332B
:108B8000C1E9033340F243130A72C1E90533704768
:108B900030B504460D4685B0FFF7A8FCC4F8F85E72
:108BA000002504F63871204684F8545FFFF7E4FF8F
:108BB000084B6A46032103930820074B84F8405F63
:108BC00002930094FCF7C6FF6846E8F716FC05B070
:108BD00030BD00BF018E01002D7F010070B40C4636
:108BE000064600F638750FCC0FC594E8070085E8F7
:108BF0000700304670BCFFF749BD10B5044601229E
:108C000042F25311FFF724FDD4F8383F23B1D4F8D2
:108C10003C0FBDE81040184710BD38B50C460A7827
:108C20004FF480710546FFF713FD237885F8343F34
:108C300038BD00002DE9FF410E460DF10F0243F251
:108C400060010546FFF7EBFC9DF80F2043F2600141
:108C5000284642F020021E4C00278DF80F20FFF717
:108C6000F7FC2846FFF766FD002241F21201284674
:108C7000FFF7EEFC002305F6FC614FF081401A4639
:108C80000191EEF765F833780199052B14BF4FF089
:108C900004084FF00208013722464FF0814001914D
:108CA00004F5CD34EEF7FEF8B845019904F110044F
:108CB000F1D14FF08140EEF77DF804463146284669
:108CC000FFF7ABFFB4FA84F0400904B0BDE8F081CF
:108CD0000000008130B50D7885B00C46072D0DD809
:108CE000DFE805F0040A201C25292D300431FFF7A8
:108CF000A1FF8DF8040001E0FFF730FEA36A5BB12D
:108D000002AB8DF80050E26ADDE9000183E8030060
:108D1000194604F12000904705B030BD0431FFF73B
:108D20002FFEE6E70431FFF797FE0190E6E70431F6
:108D3000FFF7D4FEE2E70431FFF705FFDEE7FFF7B8
:108D40005CFFDBE70431FFF749FFD7E738B50C4696
:108D50000546084604F00FFC611E03460022002968
:108D600003DB013903F8012BF9E72860284638BDF9
:108D700010B50446006808B104F0DBFB204610BDC6
:108D80001FB5EFF30583D0F8F40EEBB1002303AA6F
:108D9000F8F70EF801280AD0FAF780FF134B144AAF
:108DA000144900934123FBF7D9FFF9F793F8039B8C
:108DB0003BB1114B4FF080521A60BFF34F8FBFF39E
:108DC0006F8F05B05DF804FB4FF0FF32F7F7C2FE7E
:108DD0000128F6D0FAF762FF084B054A05490093CF
:108DE0004423FBF7BBFFF9F775F8EAE7AF5C020035
:108DF000744C0200BA47020004ED00E0EE5C020091
:108E000000B500238DB000680A93062369468DF8EB
:108E10000030FFF7B5FF08A8E8F7EFFA0DB05DF8EE
:108E200004FB00002DE9F04188B014460646884650
:108E300003220021012002AFF7F70CFE04AB04F17E
:108E400020020546CDE9040693E8030087E8030005
:108E500092E8030083E8030097E8030082E8030038
:108E6000A26A184606921B4AA262E26A07921A4A4E
:108E7000E262E8F7C2FA00234FF0FF322146D8F849
:108E8000F40EF7F767FE01280AD0FAF707FF134B35
:108E9000134A144900933723FBF760FFF9F71AF8D8
:108EA0004FF0FF312846F8F765F901280AD0FAF7A4
:108EB000F5FE0D4B0A4A0B4900933823FBF74EFF92
:108EC000F9F708F82846F8F7B9FA304608B0BDE8CF
:108ED000F08100BF457F01006D850100EE5C02005E
:108EE000744C0200BA470200FD600200F0B5002396
:108EF0008FB006460D460C93022317468DF80830B6
:108F00004FF0FF33039302AA31466846FFF78AFF0A
:108F1000019C0FB1631CF6D0032C0AA897BF054B28
:108F20000023054A03FB04232B60E8F766FA20467A
:108F30000FB0F0BD109A01000000008100B50023C1
:108F40008FB00C93022302AA0391014668468DF864
:108F50000830FFF767FF0AA8E8F74FFA0FB05DF88F
:108F600004FB00002DE9F04F90F8543F04460D46F5
:108F70002DED028B93B0039353B9B24805F0B6FEC2
:108F8000DDF80CA0504613B0BDEC028BBDE8F08FAD
:108F900090F8343F052B08D10720FCF7BBFC824634
:108FA00018B9A94805F0A2FEECE7002601220CA999
:108FB00020460C96FFF79AFF08EE900A0C980028BE
:108FC00000F0278294F8343F052B03D13146072067
:108FD000FCF784FC6B682C68DDF80CA09FED9B8A85
:108FE0000A930A9BA34200F00D822368012B44D010
:108FF000022B00F0F481002B40F00182E368B3F50E
:10900000A27F17D12369B3F5A27F13D1A1690C9870
:10901000D4E90123FFF73EF9237F4BB1E8F7F6F9D6
:1090200090F8353F23B9A069D4E90312FEF7D4FEC6
:109030002034D6E786490EA8FFF788FE0E990C98D3
:10904000D4E90123FFF726F9237F53B1E8F7DEF9CE
:1090500090F8353F2BB94FF4A2720E981146FEF7E7
:10906000BBFE237D0E980093A169D4E90323FEF78C
:109070008FFF0EA8FFF77CFEDAE7E368B3F5A27F67
:1090800040F043812369B3F5A27F40F03E810C9A02
:10909000A1690292D4E90172CDE90E13012FCDE945
:1090A000103266D1029A099302F2872802F5737290
:1090B0000792039A06920022049202221546571C38
:1090C000069B6E1C05950235002B4AD0059BAB46CE
:1090D0001146B1460893B6463B4609988446029825
:1090E0000CFB03030798405D13F809900B9002985E
:1090F00013F80E300CFB01000899089210F80BB021
:10910000405C0599019018F8050000900EA8FFF743
:1091100045F80B9B089A314600930EA84B46CDF8B4
:1091200004B00592FFF73AF8B5F5A17F059AC7DBC1
:10913000069BB7F5A17F83F001030693049B83F0A0
:10914000010304933FF474AF049B08F5A2783A46F8
:10915000002B079B03F5A27314BF03250225079379
:10916000ADE7B3463946A9461346DDF814E0089644
:10917000B3E7002F7FF45CAF022212F0010307F582
:10918000A17B049359D0029B7D1C02994FF00209E8
:10919000D8190592495D90F8893290F846610B44E0
:1091A00090F84411314401330131C3F34703C1F353
:1091B0004701019190F845110EA800910121FEF799
:1091C000EDFF059A029B5E1907F5A0730693069BB7
:1091D000AB423FD2029B2F46A9EB05095E19BB4566
:1091E00009EB070140F2848016F8010B01370230C9
:1091F000737896F843C1034496F88702034496F8BF
:10920000890203443078604496F845C1C3F3870E61
:10921000049B0230604496F888C2604496F844C1CA
:10922000C0F38700002B5FD07346CDE9000C0EA879
:109230000592FEF7B3FF059AD1E74FF001093D46CD
:10924000C0E700BF2A6102005961020000007F43AD
:1092500030CE0400B778337896F888123B4496F8FD
:109260008A0296F844C10233074496F847810B44BA
:1092700096F846110137059103447178C7F3470703
:10928000C3F3870E96F845016144059B96F889C2A1
:109290008044023108F101081944049BC8F34708CF
:1092A0006144C1F387012BB9BC464746E046F4460A
:1092B000864660467346079202350236CDE90010B5
:1092C00049460EA8FEF76AFF059B079A09F10101BE
:1092D00000930EA83B46CDF80480059209F10209DF
:1092E000FEF75CFF059A72E76346CDE9000E9EE744
:1092F000ABEB05070132AB4538BF00270235B2F5AD
:10930000A17F2F447FF439AF92E643490DA8FFF7C0
:109310001DFD0EA8D4E90331594301EB4101FFF7CC
:1093200015FDD4E90123DDE90C01FEF7B3FF237D30
:10933000DDE90D010093D4E90323FEF729FE0021A6
:10934000DDF83880D4F818C008469FED345ADFEDB8
:10935000344A9FED344AD4E9036E86453ADD01EB89
:1093600041020CEB010700254244AE4202F1030228
:109370002DDD12F8033C013507EE903A12F8023C5D
:1093800007EE103AF8EE677A12F8013CB8EE477A29
:1093900087EE886AC7EE085A07EE103AB8EE477AA9
:1093A000C7EE086A26EE057A65EEA47A67EEA57A1E
:1093B000E6EE077A26EE847AE6EE877A67EE887A1A
:1093C000FCEEE77A17EE903A07F8013BCDE7013063
:1093D0003144C2E70EA8FFF7CBFC0DA84AE6E368CC
:1093E000B3F5A27F0BD12369B3F5A27F07D10E4A53
:1093F0000C99A06904F0F4FDDDF80CA018E64FF01C
:10940000000A15E6E8F702F818EE901AFFF796FD45
:10941000B8E58246B6E500BF30CE0400D0B3593E71
:109420005917373F98DD933D109A010030B58FB042
:109430000023044602AA8DF80C10014668460C93DE
:109440008DF80830FFF7EEFC9DF804500AA884F868
:10945000545FE7F7D2FF28460FB030BD10B50023A8
:109460008EB00C93032302AA8DF80C1001466846B7
:109470008DF80830FFF7D6FC9DF804400AA8E7F7FE
:10948000BCFF20460EB010BD00487047E86B0200DC
:10949000004870472867020000487047A87602001D
:1094A00000487047186C020000487047406C02008A
:1094B000004870470866020000487047C077020005
:1094C0000048704768780200004870473078020012
:1094D00000487047C065020000487047B865020048
:1094E00000487047806502000048704750780200CD
:1094F00000487047D8770200004870479076020015
:1095000000487047207702000048704798780200B2
:1095100000487047D0770200004870477878020012
:10952000004870473074020000487047E87302003A
:1095300000487047B8780200004870478078020001
:10954000004870478879020000487047A0790200FF
:109550000048704770790200004870476077020049
:109560000048704778770200004870479077020003
:1095700000487047A877020000487047D87302007F
:10958000004870471874020000487047506C020091
:1095900000487047007402000048704738770200A6
:1095A000004870478867020000487047187802003A
:1095B00000487047007802000048704700790200B8
:1095C000004870471879020000487047D0780200C0
:1095D0000048704730760200004870474876020025
:1095E00000487047607602000048704778760200B5
:1095F0000048704718770200004870474078020022
:1096000000487047F877020000487047E878020089
:1096100000487047487802000048704750770200C1
:10962000004870475877020000487047F077020002
:1096300000487047B078020000487047686C02002C
:10964000004870474074020000487047C867020035
:10965000004870470865020000487047A86402008F
:1096600000487047A067020000487047E8640200A5
:1096700000487047F07802000048704730790200D7
:109680000048704740790200004870475079020056
:109690000048704760790200704710B50446042105
:1096A00003F045FF204610BD08B5034AE121034BF6
:1096B000034804F087F900BFB861020017250200D3
:1096C0004C62020008B5034A4421034B034804F0EE
:1096D00079F900BF856202001725020017630200B6
:1096E000144B37B50025036000F10C03002204463B
:1096F000456005738563C0E90453C0E9063500235E
:10970000C0E90C55C0E90A230120F7F73FFB84F8B4
:109710004050E06350B9FAF7C1FA074B074A0849CD
:1097200000932F23FBF71AFBF8F7D4FB204603B076
:1097300030BD00BF90630200085102005E6302006A
:10974000BA470200016319B900220023C0E90A23C5
:109750007047012380F840307047044608B5206800
:10976000F4F762FEFBE708B5FFF7F7FFF7B5042251
:10977000002103463B48CDE900214FF461723A498C
:10978000F8F77AFB01286BD0384E3578BFF35B8F42
:1097900015F0010557D1304603F0CDFE002852D018
:1097A000334B344C1A68A71D2560C4F806209A88EC
:1097B00053F8060F628104F10C025968257184F890
:1097C000285003C29868012304F10C0110600222A2
:1097D0002377304684F8403084F84C3004F1380365
:1097E00084F82C20636504F1500384F85020A365AD
:1097F0004FF481732576A4F85C301F4BC4E90C1537
:1098000040F20221A16304F11801E1630A21C4E9D5
:109810001835616404F1580304F12801C4E908759E
:10982000A164A366C4F88854C4F89C54C4F8E055F5
:10983000C4F8E455C4F8E85503F089FE0F4A204601
:109840000F4903F06DFE0F4B0F4A00935E230F4943
:109850000848FBF783FA03B0BDE8F040F8F73ABBDD
:1098600003B0F0BD67970100B879020008EC002052
:10987000861402000CEC0020A941010000800020A9
:10988000173C0100EA790200C4790200BA470200DD
:1098900037B500F108030025044612490572C0E9F6
:1098A0000353C0E90535104B28461A889B78ADF85C
:1098B00004208DF80630ECF7EBFF0A492846ECF758
:1098C000E5FF01AA07490320F6F77AFB074A21467C
:1098D0000320F5F769F810B1054805F007FA2046AE
:1098E00003B030BD00366E01981402006F9B01007A
:1098F000707A020010B50B4C2378BFF35B8FDB0747
:109900000ED4204603F017FE50B10748FFF7C0FF02
:10991000204603F01CFE054A0549034803F000FEFB
:10992000014810BDE0CD0020E4CD002000800020E3
:109930004741010008B5FFF7DDFF0068BDE80840BA
:10994000F4F76CBF38B5002304460D4683608B687E
:109950002BB102229847EB68E360AB68A360204616
:1099600038BD70B58B68164604460D1D012253B1F3
:1099700030681D461A69904239BF98680122D8683C
:1099800000220346F3E792B1CA68AA4203D1C4E9B0
:109990000035204670BD284603F046FE3368026954
:1099A0009A424FF00003F2D3C4E90003F1E72846DE
:1099B000F4E72DE9F04300F1040885B00646894636
:1099C0008568444655B1D9F800302A699A423ABFB1
:1099D000EB682546AB682C461D46F3E7A04504D04E
:1099E000D9F8002023699A422ED2242003F0B2FD38
:1099F000D9F800900023A045074600F11002C0F8F6
:109A00001090C36125D173691BB131690B694B4556
:109A100009D3314602A8FFF7A4FFDDE9024100297E
:109A200051D0002C4DD188454BD038690B699842F4
:109A30002CBF0020012043460A46394603F0F6FDBC
:109A40007369013373613C4604F1140005B0BDE84D
:109A5000F083236901924B4518D9F3689C4209D0E1
:109A6000204603F0E1FD0369019A4B4505D2C36826
:109A700053B9044621461C46D1E7314602A8FFF7F8
:109A800070FFDDE90234F5E72346F3E71BD23169C5
:109A90008C420BD0204603F0B4FD03690546019AC1
:109AA0004B4505D9E36853B921461D462C46B6E718
:109AB000314602A8FFF755FFDDE90251F6E70146FE
:109AC000F4E70120B7E707F11400E7F796FC384602
:109AD00003F02BFD2746B6E72DE9F0410E468EB088
:109AE00005460B219046304603AA1F46F5F789F834
:109AF0000A2104AA3046F5F784F8039BBDF810103C
:109B000005F1080CEC68281D41EA03416346059104
:109B100034B12269914296BF2346E468A468F7E70E
:109B20009C4522D01B6999421FD305A9FFF741FF2D
:109B300001460AA8FFF706FF2B68CDE906360C9B05
:109B4000CDE908870BB903F0D6FD09AB0D9C07AA38
:109B500006A900930AA808ABA04704460AA8E7F79D
:109B60004CFC20460EB0BDE8F0810124F9E737B582
:109B70000D4604460192FFF7BDFE019B2A46214691
:109B800003B0BDE83040FFF7A7BF000070B592B248
:109B900088B01E46043042EA014204AD01A9019298
:109BA000FFF707FF314604462846FFF7CBFE02AB1E
:109BB00095E8030083E8030094E8030085E80300C8
:109BC00093E80300A26884E80300069B28460692F7
:109BD000E268A360079B0792E360E7F70EFC044B83
:109BE000202283F8872380221A6108B070BD00BF4D
:109BF00000E100E00368013304D04068431C584290
:109C000058417047012070470B6810B504689C42AA
:109C100009D040684A68904205D0944203D0181A8F
:109C200018BF012010BD0020FCE740F30903B3F189
:109C3000FF3F08BF0130C0F3090004307047031F25
:109C40000439083010B553F8042F51F8044F8342FB
:109C500082EA04021A60F6D110BD036833B9426883
:109C600022B98068B0FA80F0400970470020704740
:109C700008B503681B0D13F4E06306D00430FFF74A
:109C8000C3FFB0FA80F0400908BD1846FCE700B9F0
:109C90007047884201D00068F9E701207047836E61
:109CA0009A6A436DD31A1944B1FBF2F302FB131104
:109CB000836D8B4210B50BD94C09426E012301F024
:109CC0001F0103FA01F152F824300B4342F824300B
:109CD000002010BD11F0805F154A036830B5154CA7
:109CE00083EA010518BF144625421FD043F3090437
:109CF00001341BD001EA02040F4A1A4042F09F428D
:109D000042F4E002944211D00A0D02F4E064B4F58A
:109D1000806F09D1C3F38924C1F389218C4203D315
:109D200052B203EB82230360002000E0012030BD2B
:109D300000FCFF7F00FC0F7000FC0F00024608468D
:109D400008B5FFF772FF136818441060002008BDC3
:109D500003680133036000207047836E9B6B10B56E
:109D6000044613B9C06804F025F9A36EDB6B13B980
:109D7000E06904F01FF9A36E1B6C13B9606E04F068
:109D800019F9002010BD10B50C46026BFF21E068E8
:109D900004F04EF94FF0FF33236010BD38B5CD69A4
:109DA0000446816635B9654B4FF45A61644A65488B
:109DB00003F008FE0A6A22B9634B40F6A151604ADB
:109DC000F5E7086B20B9614B40F6A2515C4AEEE71B
:109DD000B0FBF5F305FB130323B15D4B40F6A65131
:109DE000574AE4E7B0FBF2F302FB130323B1594BEC
:109DF00040F6A751524ADAE74A6AB2FBF0F300FB99
:109E0000132323B1544B40F6A8514D4ACFE7A2F19A
:109E100008054FF0FF33B3FBF5F3013BB3FA83F3CF
:109E2000C3F12003B2EB830F04D24C4B40F6AB518D
:109E3000434ABCE7CB6A23B9494B40F6B451404A88
:109E4000B5E78B6BABB1E360A36EDA6BE2B1E261B5
:109E50002146A06EFFF797FFA06E04F11001FFF7F7
:109E600092FFA36E586BB0B93E4B40F6D251344AC4
:109E70009DE704F097F8E0600028E5D12046FFF761
:109E80006CFF6FF00B0058E0186B04F08BF8E0618A
:109E90000028DDD1F2E7410702D11B6C9A0704D0FC
:109EA000314B40F6D351264A81E74BB16366A36E2E
:109EB0005A6CFF2A0AD92D4B4FF45E61204A76E78F
:109EC00004F070F860660028F1D1D7E742B1E2668D
:109ED0009A6C002A06DA264B40F6E651184A66E7E5
:109EE000FF22F4E708BF6FF0004240F2FE31226724
:109EF000DA6C8A4204D91F4B40F6EC51104A56E7FF
:109F0000002A08BF0A4662671A6D5B6A9A4204D942
:109F1000194B40F6F2510A4A49E700204FF0FF334F
:109F2000C4E90A00C4E90833C4E90F006064A0630F
:109F30002065C4E90C00C4E9120038BD867A02002D
:109F4000328202009F7A0200E07A0200F97A02006F
:109F5000137B0200437B0200737B0200A47B0200A0
:109F6000F07B02000C7C0200297C02007D7C020058
:109F7000977C0200B87C0200D37C0200826A8A428D
:109F800008B505D8074BF421074A084803F01AFD25
:109F9000C3689847002803DD054BF621024AF4E721
:109FA00008BD00BFBB7D0200E38102009F7A020072
:109FB000027D020008B50368C3F3090242B9002913
:109FC00006DA0A4B40F6FF71094A0A4803F0FAFC28
:109FD0001944C1F3090321F00041003B18BF0123DC
:109FE00041EAC3710160002008BD00BF0B7D020083
:109FF0003B8202009F7A0200F8B5456A0F460E6860
:10A00000083DAE4213D3B6FBF5F00138E7F702F88E
:10A01000841CA6EB8404B4FBF5F42046E6F7FAFFB3
:10A02000A6EB800004FB150520463D60F8BD00202E
:10A03000FCE700002DE9F04F87B0894602920268E4
:10A040000593936A0490DDE910A4DDE91286534577
:10A0500003D9A319526A934222D96FF05300A2E0A8
:10A06000B9F1000F3FD0D9F800309A453BD1D9E97A
:10A07000015205EB020BA34535D9A54214D8ABEB31
:10A08000040B651BD9F80C104046B345294428BF82
:10A09000B346D8445C44A6EB0B065A4603F0A0FF37
:10A0A000002EDDD130467EE02D1BB54228BF35465F
:10A0B000029B1B689A451CD1029BD3E901120A44FA
:10A0C000944216D28C4210D3121B611ADB684046B0
:10A0D0009542194428BF15462A46A8442C44761BAD
:10A0E00003F07EFFDCE73546E2E7091B8D4228BF1F
:10A0F0000D46049B1868059BB3421ED8C269B4FB89
:10A10000F2F302FB1343C3B9964216D35146B5FB93
:10A11000F2F302FB13532246A5EB030B0393CDF896
:10A1200000B043681F464346B84700283BD1039B15
:10A13000D8445C445D1B2E44B2E7836A9A4505D33C
:10A140001A4B5A211A4A1B4803F03CFCC569029B72
:10A15000059FC3F800A0B4FBF5F105FB1141621A9D
:10A160005A606B1E3B442344B3FBF5FC05FB1C3CCF
:10A17000456AA3EB0C0C0B1B016BAC4594BF63440D
:10A180005B198B4228BF0B4602998B600093CB680A
:10A1900051464568A847002803DD074B6521044A5E
:10A1A000D1E73FF47DAF07B0BDE8F08FBB7D020083
:10A1B000B28102009F7A0200027D02002DE9F04F79
:10A1C000994689B006463C300F460592D1E9038393
:10A1D0000793FFF74DFD059BC3F3892A00287DD027
:10A1E000BAF1000F7CD0F46B3E4AC4F38923C9F363
:10A1F0008924A34294BF1446002406F1680B079DEE
:10A200002846FFF712FD031D434533D8A8EB00088D
:10A2100007AA0423002158460393CDE901823A6836
:10A2200000923246FFF706FF30BB079B1BBA6B401C
:10A2300023F000430793BAF1000F23D02A0D02F454
:10A24000E063B3F5806F1DD1A9EB0403C5F3892149
:10A25000C3F38920884215D323F07F4323F470038E
:10A2600023F47F7323F0030343F0804343F480130C
:10A27000AB4204D16FF0010009B0BDE8F08F52B2DB
:10A2800004EB8224A9EB0401059B69401940B6D177
:10A2900045F309030133EDD0C5F30909149B324698
:10A2A0005846994528BF9946139B0293129BCDF8B7
:10A2B0000C900433434401933B6800934B46FFF7F3
:10A2C000B9FE0028D8D1149B0146A3EB0902139BC9
:10A2D00003EB090003F0ACFE6019CDE704468CE700
:10A2E00054468AE700FCFFFF1FB5C3F3090402943C
:10A2F000069C019400240094FFF760FF04B010BD99
:10A3000030B587B01446094B03AD094A0095FFF7F5
:10A31000EBFF002804DA831C08BF002007B030BD23
:10A3200020462946FFF78BFC0020F7E70C00F07F62
:10A330000000F07F2DE9F04F93B01E460746884697
:10A34000BDF880309146BDF988B00C93BDF88430DB
:10A35000DDF870A00D931E9BC3F38F230B934FEA80
:10A360008B230A933046FFF760FCD8F80C3000EBE3
:10A3700009049C4252D20FAA0423002107F168006D
:10A380000393CDE90142D8F8002000923A46FFF746
:10A3900051FE00283FD10F9BA14610AD1BBA5E4075
:10A3A000D8F8003046F000461093231D0F96119305
:10A3B0001F9B0F9C5C401E9B1C40434B1C40D1D1FB
:10A3C0000B9B002B38D10F99C1F30A53002BC9D036
:10A3D00040F2011293424FD1249AC1F30903C1F311
:10A3E000892138460892239AC91A07925A1C59445F
:10A3F000CDE90432354B4FF0005209B2CDE90232BB
:10A40000002206914FF0FF332946CDE90022FFF7E5
:10A4100091FF0028A6D013B0BDE8F08F1D9B002B44
:10A420004FDDDAF800300AF1080A5AF8045C0F939D
:10A430001D9B013B1D93BBE70FAB4A464146384687
:10A440000893234BCDE906431D9BCDE90444CDE998
:10A4500000A3CDE902443346FFF76CFF0028DADBA6
:10A4600080D10F9B0C9AC3F389239A423FF67AAFAF
:10A470000D9A9A42A7D875E7B3F5817F1AD10F9943
:10A48000C1F309039C42BFF46DAFC1F38921AB68EE
:10A490006A680C35594443EA812115F80C3C03F5F0
:10A4A000407341EA0351DDE9233098470028B2D1D7
:10A4B0000134E4E70A9B2A461944DDE92330984732
:10A4C000A7E70020A7E700BF0000F07F00FC0F60B7
:10A4D000D59C010030B587B001680446082004AD62
:10A4E0008B6E0390029550680190126800920A46A4
:10A4F0005B6A103102F16800FFF79CFD30B9211D45
:10A500002846FFF781FB003818BF012007B030BD97
:10A510002DE9F04F95B0154607460C460B9313688E
:10A52000826E926A934280F0E28169688A4240F2C8
:10A53000DE8100214FF004080EAA00F1680B0093A1
:10A540004346CDF80C80CDE9011202465846CDE9CC
:10A550000E11FFF76FFD4346064610B110F1540F80
:10A5600013D103934FF000080FAB3A46CDF80480A7
:10A570004146029358466B6800930423FFF75AFD47
:10A58000064630B110F1540F54D0304615B0BDE836
:10A59000F08FDDE90E31C91A0029D4BF0021012155
:10A5A00055F8213002224FF0FF36236081F001037D
:10A5B0000A92099355F82330636014AB03EB8101D1
:10A5C00051F8183CA3600023E3600893AB4A10AB3A
:10A5D000B0464FF0000A92E80300042283E803002B
:10A5E00004F108014FF0FF3002F0B0FB00230C90A3
:10A5F000079305934FF0FF33069306984FF0040935
:10A60000FFF713FB0DAA8244BB6ECDF80C9000211E
:10A610005846CDE901A2226800923A465B6AFFF7EC
:10A6200009FD054658B115F1540F40F03E81089BD5
:10A63000A37526E04146B3E701230A93C6E74A46DD
:10A640000DA90C9802F082FB0D9B069A1BBA0C9088
:10A650005340002B04930D933DDA4FEA125A0AF44B
:10A66000E06ABAF5A06F09D1BA6EE368156AB3FB68
:10A67000F5F005FB1030B0FA80F56D0905F001002A
:10A68000A075E368002B00F01A81214607F13C0019
:10A69000FFF7EEFA48B1FB6BC6F38922C3F38923B7
:10A6A0009A4240F0048146F000461F9B3BB1A28ACB
:10A6B000C6F38923934228BF13461F9A1380002EA6
:10A6C000BFF663AFC6F38926A38AB3428CBF6FF08F
:10A6D0000106002659E70498FFF7A7FABB6E50441D
:10A6E0005B6A9842A3D8049A120D02F4E062B2F5B4
:10A6F000A06F40D112AA29465846CDF80C9002927C
:10A700000AF104020192226800923A46FFF792FC95
:10A710000546002887D1129A0C9B9A4287D10D9B3F
:10A720000CA9049A1B0DF86A82EAC3734A46049383
:10A7300002F00CFBF8620D98FFF777FA049B504487
:10A740002361059BE060A382109BA361119BE361E1
:10A75000079BE3754FF0FF330C934346049A46463C
:10A760009846069249E709F10109012212A90C98BD
:10A7700002F0ECFA0C900D98FFF757FA4845236861
:10A7800016D90121BA6E5846039112A9029109EB1C
:10A790000A01CDE900310021536A3A46FFF74AFC2D
:10A7A00005460028DFD010F1540F7ED1089BA37519
:10A7B0000D9B1A0D12F4E0611FD1C3F38923059A92
:10A7C0009A4201D8013305931E9B0D9981EA030932
:10A7D0000B9B19EA03094DD1236812AA12930AF1BF
:10A7E00004031393DDE920309847051E3FDA15F185
:10A7F000540F5AD184F8169043E7B1F5806F1DD1FC
:10A80000059851B240FA82F292B205921C4A08EAC7
:10A81000020242F09F4242F4E002934202D148F029
:10A820000048D1E7B8F1FF3FCED0C3F38923C8F386
:10A8300089229342C8D808EB8128C5E7B1F5C06FDB
:10A84000C2D102F00103082200215846039210AA47
:10A85000079302920AF10402BB6E019222680092F1
:10A860003A465B6AFFF7E6FB5430ADD1DFE60D9B5D
:10A8700008D198464346B04670E700BF9C140200DA
:10A8800000FC0F0088EA03021A490A420AD0022D8E
:10A89000F0D1C8F38922C3F389218A42EAD343F075
:10A8A0000048E7E74FF0FF38E4E72E466DE6711CFD
:10A8B0003FF4FBAE9A4288BFA6F58066F5E614A881
:10A8C000099900EB810151F8181CA1600A99D4E99B
:10A8D00000230129C4E900327FF4AEAE06490748DF
:10A8E000CDE9002140F22E42054904F0FFF96FF056
:10A8F00053064AE600FCFF7F0B5E02003F7D02002C
:10A900009F7A02002DE9F0470123002588B0064612
:10A910000F461446DFF85C80DFF85C90DFF85CA03F
:10A92000C2E9065304F118021046FFF763F910B1AB
:10A930006FF0010018E0B36E9B6AB5EB530F16D2AF
:10A940003B6821460135059606937B68079305AB66
:10A95000CDE90090CDE9028330465346FFF7D8FD9C
:10A960000028DFD0831CDDD008B0BDE8F0876FF091
:10A970005300F9E7D5A4010008000020FF03F07F91
:10A980001FB50023CDE9023301934FF0FF3300934D
:10A99000FFF7BEFD05B05DF804FB2DE9F041012392
:10A9A000002406468846154602F11807C2E9064308
:10A9B0003846FFF71FF910B16FF0010011E0B36ED8
:10A9C0009B6AB4EB530F0ED2414638460134FFF771
:10A9D0001BF930B13A4629463046FFF7D1FF00282F
:10A9E000E6D0BDE8F0816FF05300FAE72DE9F04FB3
:10A9F0008DB0814688461668059204931BB140F2DB
:10AA0000FF33049A1380D9F82030444CC8F818302A
:10AA1000DFF820A1D9F82430C8F81C305146304660
:10AA200004F01FFB35185146284604F0F7FA0128B8
:10AA3000074605EB000625D102463949284603F0B2
:10AA4000C1FA0028EAD0B34601235146584606937E
:10AA500004F007FB83445146584604F0DFFA0246EF
:10AA6000C0B10228069B12D12E49CDE906035846F3
:10AA700003F0A8FADDE9062348B9013B08D10BF140
:10AA80000206CBE70228DED102462649D6E701338B
:10AA90009344DAE72B78002B39D0059B1D60230DFA
:10AAA000022B38D1C4F3892440F2FF3308F1180B8C
:10AAB0009C420BD01C4B41461C4A484643EA842327
:10AAC000CDF800B0FFF710FC041E20DB2F21284634
:10AAD00004F097FA09AA0028049B0392414618BF84
:10AAE0000023134A484600970B97CDE901324FF0F7
:10AAF000F0435A46CDE90995FFF70AFD041E06DB2F
:10AB00008CD198F81730002BE0D16FF0010420466B
:10AB10000DB0BDE8F08F6FF01304F8E700FC2F00D4
:10AB2000757D0200747D02000800002000FC0F709B
:10AB300061AD01003D7D02002DE9F04F89B09146E5
:10AB400006468846129A05A956F8680F9A46013AB1
:10AB5000DDF850B00592FFF74FFA054651465846CA
:10AB6000139B9847024628BB25B305F0010706A8AA
:10AB70004146CDF800A0C7F10204A300CDE90120B1
:10AB800003934A463046FFF755FA024690B9013C16
:10AB9000944207DC08AB023F03EB84043D4454F8C5
:10ABA00008ACDBE706995846139B9847012200281A
:10ABB000EED00246104609B0BDE8F08F2DE9F04F07
:10ABC00089B004468846DDF84C9005924BB94FF0A9
:10ABD000FF32C9F80020149A0020136009B0BDE8C4
:10ABE000F08F013B07A9806E4FF0040A0793FFF72F
:10ABF00003FA12A9064654F8680F0DF1140BFFF77B
:10AC0000FBF90746B742059A03D3129BC9F8002007
:10AC1000E1E7F51B96FAA6F300212046B5FA85F583
:10AC2000B3FA83F3C5F11F059D4228BF1D46AB0053
:10AC3000CDE902BACDE9002304234246FFF7FAF931
:10AC40000028CBD1012303FA05F5761BDAE70000D3
:10AC50002DE9F04F87B0074688461546139E03F14D
:10AC6000FF3ADFF894B0DDE911490EB930463FE014
:10AC70002B68E868023315D1D5E901120A449442E1
:10AC800010D28C420ED3121B611AB24201444846C4
:10AC900028BF3246059203F0A3F9059A9144144463
:10ACA000B61AE2E7D7F868C06FF00103DCF81C10B1
:10ACB0002B600AEB01032344B4FBF1F2B3FBF1FE7A
:10ACC00001FB124201FB1E31A21A5B1ADCF83010A4
:10ACD0006A608B4200925A4628BF0B464146CDE936
:10ACE0000103AB603846109BFFF768FA0028BCDA16
:10ACF00007B0BDE8F08F00BF00FCF7FF2DE9F04F73
:10AD000087B0884617469946129E002400F1680ACB
:10AD10000DF1100BA64201D800201AE0351B109B44
:10AD200042460021082D2344504628BF0825CDE97E
:10AD30000093CDE902B53B1BFFF77CF948B9119BA5
:10AD40002A465846191903F03DF9002804D005DBBE
:10AD5000022007B0BDE8F08F2C44DBE70120F8E7C4
:10AD600030B50446C1F3090585B01046A3682168D3
:10AD7000AB4228BF2B4602931A466368019343688F
:10AD8000009303680846FFF7B9FF28B9A368AB42F0
:10AD900002D02CBF0220012005B030BD2DE9F043C8
:10ADA0000E460968994685B0CB1C074690463ED8AA
:10ADB000806E836A994205D31F4B93211F4A204816
:10ADC00002F000FE026AB4681444013CB4FBF2F3E2
:10ADD00002FB13437268E41AF36800948568A8477D
:10ADE000051E03DD174B9721144AE8E706D1B9F198
:10ADF000000F07D13146B86EFEF7C5FF284605B0F3
:10AE0000BDE8F0834FF0FF33224641463846C8F88C
:10AE10000030F36802940193736800933368FFF77E
:10AE20006DFF002805DBE5D06FF05305E6E7002550
:10AE3000E4E70546E2E700BF777D0200BE8102003D
:10AE40009F7A0200027D02002DE9F74FDDE90C85B3
:10AE50009146064618F1020F0C469A46826EDDE9CD
:10AE60000EB708D0936A434505D8294BC821294A13
:10AE7000294802F0A7FDEB19526A93422FD9274BBC
:10AE8000C921244AF4E7236898452ED16068A84276
:10AE90002BD8B26E126B0244954226D2521BE36845
:10AEA000281A5946BA42184428BF3A46019203F07C
:10AEB00097F8019A636815449344BF1AA268EB1A85
:10AEC000934238BF1346B26E126BA360934206D111
:10AED00053464A4621463046FFF760FF10B9002F1F
:10AEE000D1D1384603B0BDE8F08F013303D00C4B0D
:10AEF000E621084ABCE7B36EC4F800801A6AB5FBC5
:10AF0000F2F302FB1353EB1A63600023A360E6E73E
:10AF10009D7D0200D78102009F7A0200D97D020048
:10AF2000FC7D0200F0B585B01D460C461746CDE904
:10AF300002234B68024601930B6800F11001009355
:10AF40000023FFF781FF064640B92A463946E068EC
:10AF500001F0FCFE6368E0602B446360304605B09E
:10AF6000F0BD2DE9F04F06461046904699460C4636
:10AF70002DED028B87B0FEF758FE4B684A690746F5
:10AF8000034493424BD88B6828F0004A05AA304608
:10AF90008AEA03031BBA05930423FFF7C3FF0546A0
:10AFA00060B9B8F1000FA7F104030DDB4A46214652
:10AFB0003046FFF7B7FF80BBC4F808A0284607B0AB
:10AFC000BDEC028BBDE8F08F06F16803B8460DF1C9
:10AFD000130B08EE103AB8F1040FA7EB0803EBD0FF
:10AFE0000122002118EE100ACDE902B2D9F804209E
:10AFF000134432460193D9F800300093A8F10403BA
:10B00000FFF718F848B901235A462146304608F19F
:10B01000FF38FFF787FF0028DDD00546CEE76FF049
:10B020001B05CBE713460A46D0E90001FFF799BF9D
:10B03000836E2DE9F04F1A6A80464F680E4640F243
:10B04000FE3B17440737B7FBF2F302FB13732DEDFA
:10B05000028BFF1A8DB00023CDE90533A7F1080359
:10B0600007937568BD4219D341464FF0FF334246FE
:10B07000404641F8103B0023FFF790FE04460028AD
:10B0800040F0BF80D8F8680003699847041E6EDD61
:10B09000604BBD21604A614802F094FC05F1040A4E
:10B0A000A7EB0A055D4594BF55440AEB0B05BD426D
:10B0B00003D2079B9D4228BF1D464FF0FF3309AACC
:10B0C000002108F1680009930423CDE90152326898
:10B0D000039300924246FEF7ADFF044618B110F10B
:10B0E000540F40F08E80099BA5EB0A050AAC0422A0
:10B0F0001BBAF06821466FEA03094FEAD97303F5DA
:10B10000A06345EA0355B36845F47F2545F44065DF
:10B1100009955D402DBA0A9501F018FE0823F060EC
:10B120000B90424608F110014046CDE90243736896
:10B130000193336800930023FFF786FE044600283E
:10B140005FD1059B71681BB90B1D0593F3680693CE
:10B15000099B09F00049C3F3090289EA0303043299
:10B16000B3604FF0FF330A44F360726079E748D16F
:10B1700008F168033569DDF814A008EE103ABD4205
:10B180003FD20AF104034FF0FF3907931DE0059BFE
:10B19000AB4202D1069B4B4530D101230DF1280B68
:10B1A00042460021039318EE100A33680093079B70
:10B1B000CDE9015B5B1BFEF73DFF08BB4846012262
:10B1C0005946013501F0C2FD8146079BAB42DED8EE
:10B1D000B9F1000F1BD1A7EB0A0540F2FE339D42E7
:10B1E00094BF55440AEB0305BD4204D2A7F10803FE
:10B1F0009D4228BF1D4605F1040AC0E76FF05300C9
:10B20000044620460DB0BDEC028BBDE8F08F6FF018
:10B210005304F6E7027D0200CB8102009F7A020010
:10B220002DE9F04F91B004460D46164600211C2230
:10B2300008A805934FF0000802F0FAFEDFF83091FD
:10B240000123DFF830A10F930EA8FEF7D3FC20B145
:10B25000A76A002F58D1384644E0A36E9B6AB8EB2A
:10B26000530F80F082800E99304608F10108A847FC
:10B27000002837D10F993046A847002832D10EAAAE
:10B2800008A92046FFF77CFB60BB0746DFF8E8B063
:10B29000BDF83420BBB29A42D6D906AA09EA872360
:10B2A00008A92046009243EA0B035246FFF71CF818
:10B2B000002803DA831C15D10137E9E740F20222A6
:10B2C000030DB2EB105F10D1079B002BF4D000935D
:10B2D0002246069B00212046CDE90156FFF72CFCB3
:10B2E0000028E9D011B0BDE8F08F059A002AE3D01C
:10B2F000B3F5007FE0D106993046A8470028F1D188
:10B3000007993046A847EBE7BB79012B01D03F688E
:10B310009FE73B6B03F48813B3F5803F15D03B6B7D
:10B3200003F49013B3F5003FF1D17B6B002BEED00B
:10B330000093224607F140012046CDE90156BB6B40
:10B34000FFF7FAFB0028E2D0CCE7FB6A002BE6D03F
:10B350000093224607F140012046CDE90156BB6A21
:10B36000FFF7EAFB0028DAD0BCE76FF05300B9E73B
:10B3700000FCFF0300FC0F70080000202DE9F341E2
:10B3800004460D460127354EA36DD4E917219A4294
:10B390000ED1626D134400293AD1314A31490092ED
:10B3A0004FF40C72304803F0A1FC6FF01B0026E054
:10B3B000501C01394FEA521CE06502F01F00216663
:10B3C000616E07FA00F051F82CC010EA0C0FDCD1C6
:10B3D000636D1A44A36E986AB2FBF0F300FB13226C
:10B3E0002A600125A66DE36DB34235D05A0903F0FA
:10B3F0001F0051F8222005FA00F0104002D102B0DF
:10B40000BDE8F0810133E365236E013B2366EAE783
:10B41000A06E4FF00008D0F828C0B3FBFCF20CFB84
:10B420001233426B606E6365D300C4F85C808B425C
:10B4300094BFA365A165414602F0FAFD01232246AF
:10B4400031462046FFF7ECFE00289DD0A36E9B6A94
:10B45000C4E916882366D2E70020D0E79F9C01004C
:10B460000B5E02009F7A02001F7E02007FB50C4631
:10B4700004310646FFF782FF054688BB2146304669
:10B48000FFF77CFF054658BB22460423014642F8DD
:10B49000080F019006F16800CDE9022322680092AE
:10B4A0003246FEF7C7FD10B110F1540F1BD1B36E39
:10B4B000DA6A002A0BDDA3680132013B42F0010287
:10B4C0001344B3FBF2F102FB11329B1AA3604FF05D
:10B4D000FF330422C4E903230022E361C4E9052306
:10B4E000284604B070BD0546FAE700002DE9F04F8C
:10B4F000044687B00D46DFF818A1DFF8189105A9BA
:10B500002046FFF73BFF064648B90599A06EFEF7B7
:10B5100035FD0646002863D010F1540F66D0304642
:10B5200007B0BDE8F08F2A6BDB1BD2022BD5AA88AF
:10B53000781C05F108014AEA822EA26ED2F824C0D6
:10B5400060454AD801204246CDF800E003900DF155
:10B550001300CDE901702046FFF77AFB88B90DF1A1
:10B560001302012304F1100120460393CDE9017277
:10B57000059A00922246FFF767FC90B110F1540F34
:10B5800034D00646CBE701224146584603920DF1DE
:10B590001302CDE90172AA6B00922246FEF74AFD22
:10B5A000DCE70137EB6BBB42BDD8A36EE1691A6BD8
:10B5B000E86C02F015FD236904F11001A06E2B6404
:10B5C00063696B64A369AB64FEF7DDFB059BAB634A
:10B5D0002B6B43F400332B63A1E76FF05300D0E7EC
:10B5E000074605F1400804F1680BDBE7059B40F6D0
:10B5F000972205490548CDF8009003F077FB4FF0FE
:10B60000FF3323617BE700BF9F7A0200467E020082
:10B61000000010200B5E02002DE9F04F8FB00646AF
:10B620000C4605930B6B07929F0706D4A84B40F678
:10B630007E31A84AA84802F0C5F95D031CD4276BE7
:10B64000390522D4D4F83480059B326F08EB03010E
:10B65000914200F26E8117F400371CD0236BDA029E
:10B660002BD4059B0493049A236B002A4BD123F41B
:10B670000023059D236304E000F05EF905460028E1
:10B68000DDD028460FB0BDE8F08FE26A616B8A42D8
:10B6900088BF6263D6E7E36A9845DFD96363012315
:10B6A0000DAA214630468DF83470FFF7B5FF051E10
:10B6B000E7DB636B9845F2D8D0E7059B656BB16E0D
:10B6C000E818E36A0A6B984238BF18460B6DC3B19D
:10B6D00040F2FE37DB08BA4228BF3A46934228BF01
:10B6E00013468342BDD28B6A3046E56321463366FA
:10B6F000FFF7FCFE236B054630BB23F48013236366
:10B70000AFE74B6AE4E713F4003104D0B26EE06BAC
:10B71000526A904250D1DB02626B00F1F58004F175
:10B72000400AC9B9C2B104F13C03013A514630465E
:10B73000029304F1380300920193D4E90A23FFF73E
:10B740003DFA054620B1236B43F40023236398E7B9
:10B750005146B06EFEF717FBB36E9B6A3366A36B60
:10B760000893636B06930BA93046FFF707FE054667
:10B770000028E8D10B99B06EFEF700FC054678B1C1
:10B7800015F1540FDFD1554B40F666125249009324
:10B7900053480B9B03F0AAFA4FF0FF332364E2E710
:10B7A000069BB06E002B2DD10B9BA363069BE3631E
:10B7B000236B43F400332363B36E04F140085F6AE4
:10B7C000E36BFF1A049B9F4228BF1F46079B32462C
:10B7D000414630460293E36B03970193A36B0093BA
:10B7E0000123FFF731FB0546002800F0928010F19D
:10B7F000540FA8D121463046FFF778FE05460028B1
:10B80000E4D0A0E7069B0CA9013B0C93FEF7F4FBE8
:10B810000C9BB26E0133526A0C93934251D10130AA
:10B82000089BA9460DAF90FAA0F80D93B8FA88F8D6
:10B8300008F1010B4FEA890332465146304609931D
:10B840000423CDE90273099B01930B9B0093012311
:10B85000FFF7FAFA0546002892D1C84542D109F10E
:10B860000109CB45E6D80B9BA3634FEA8B039EE708
:10B87000089AA3EB08030021584600923246CDF8FF
:10B880000480CDE90279FEF7D5FB054600287FF458
:10B890005AAF0B9B32465146304600930123CDF8F8
:10B8A0000480CDE90279FFF7CFFA054600287FF43E
:10B8B00067AF08F101080C9B4345D9D80B9AA263E6
:10B8C00075E7A84606F1680B4FF001090DAFF2E7E6
:10B8D000697E0200208202009F7A02000B5E020055
:10B8E000467E020004230146324606F16800CDE997
:10B8F0000273099B01930D9B00930423FEF79AFBAF
:10B9000005460028ABD01EE76FF00103C4E90E32F4
:10B910004EE7636B3B446363E36B3B44E363079B2A
:10B920003B440793049BDB1B0493B36E9B6A336613
:10B9300099E66FF01A05A4E60B6B2DE9F0430C466F
:10B94000590399B0054608D5DA0223F4802358BF7D
:10B950004FF0FF32236358BF2264216B11F4003093
:10B9600039D011F48011666BE76A4ED1542203A8D6
:10B9700002F05EFBA36ACDE90D37012313AFCDE9D9
:10B980000F3695E80F0087E80F004FF0FF372F6064
:10B99000626BE36A9A4221D3DFF89490DFF89480D7
:10B9A000224F01232A4604F140012846FFF7F6F909
:10B9B00078B310F1540F0ED14146A36B40F6E62246
:10B9C0003846CDF8009003F091F921462846FFF75C
:10B9D0008DFD0028E5D019B0BDE8F08301230DF1FD
:10B9E0000B0203A9284600F027F80028F3DB012307
:10B9F0000DF10B0221462846FFF70EFE0028EADB78
:10BA00002B680133C4D01397C1E7BE422CBF6663D5
:10BA10006763A36B0020A362636BE362236B23F471
:10BA2000003343F48033C4E90C36D4E7467E020089
:10BA30000B5E02009F7A02002DE9F04F1D460B6B52
:10BA4000904685B0DA0707460C4606D43E4B40F6D2
:10BA500034313E4A3E4801F0B5FF9E0305D4666B83
:10BA6000E26A964208D3002003E0FFF765FF002852
:10BA7000F5D005B0BDE8F08F961B04F1400ADFF861
:10BA8000D4B0AE4228BF2E46B146B9F1000F01D165
:10BA90003046EEE7226B510304D5BB6EE16B5B6A67
:10BAA000994215D1D202636B3AD404F13C0251465B
:10BAB0003846029204F13802CDE90032D4E90A2373
:10BAC000FFF77CF80028D4D1236B43F48023236351
:10BAD000BB6EE26B5B6A216B9D1A4D4528BF4D46DC
:10BAE00011F4801121D002EB050CA08804F10801AB
:10BAF00063454BEA802023D3CDE90002CDE90285DE
:10BB000052463846FFF7A4F80028B2D1636BA84428
:10BB1000A9EB05092B446363E36B2B44E363B4E7B0
:10BB20006FF00102C4E90E23CEE7019207F168002D
:10BB3000A26BCDE9028500925246FEF77BFAE3E75D
:10BB40006FF0530095E700BF967E02000F8202005F
:10BB50009F7A020000001020002307B5044901AAC3
:10BB60000193FFF75DFB00B9019803B05DF804FB9A
:10BB7000519D01002DE9F04F0546A1B00C469146BC
:10BB80009A46866A4EBBA44610AF40F20148BCE814
:10BB90000F000FC79CE80F0087E80F00374640F200
:10BBA000FF4109F10400564546D1002F7AD0A38AFF
:10BBB000002B77D118AA21462846FEF7EEFE8446D0
:10BBC000002864D010F1020F6CD010AD0FCD0FC45F
:10BBD00095E80F0084E80F002AE006F10800A04273
:10BBE00001D13668CEE72146FEF70EF80028F8D1DD
:10BBF000B379012BF5D1336BDB02F2D5AB6EF16A71
:10BC00001A6B9142EDD9726B31469B6A2846F263FA
:10BC10002B66FFF76BFC844650B9336B31462846E0
:10BC200023F480133363FFF787FE84460028D8D0BF
:10BC3000604621B0BDE8F08F59F836304FEA135C0A
:10BC4000C3F30A53434504D1A38A0133A3820136C7
:10BC5000A9E78B420CD1A38A33B9954B40F23D71D1
:10BC6000944A954801F0AEFE013B0127A382EEE71E
:10BC70000CF4E063B3F5C06FE9D150F836301A68C0
:10BC8000A2615B68E3610CF00103E375DFE79DF8F7
:10BC900077303BB1224618A9284600F0F7FB8446CE
:10BCA000002892D1A37D13B9A38AFE2B2DD9236836
:10BCB0004FF0FF31E268A86E1893236919921A9326
:10BCC000CDE91B12016D91B308390DF1600B2846C7
:10BCD000CDF800901D910BA90B9508917749CDF8EF
:10BCE00030B007910021CDE90511CDE90311CDE96F
:10BCF00001A12146FEF71EFB8446D0B11CF11C0FAA
:10BD000003D01CF1540F7FF460AF4FF0FF334A466D
:10BD1000214628462B61A38A02930023CDE90043E4
:10BD2000534600F0D1F88446002851D04DE7416ACF
:10BD3000CAE705F1300705F13C060F9005F1480808
:10BD40003946CDE90D000DA8FDF779FF31460DA864
:10BD5000FDF775FF0DA84146FDF771FF0D9B0DA87E
:10BD600023F47F7323F003030D93FDF776FF88B967
:10BD70000DAA21462846FEF7C3FA844600287FF420
:10BD800024AF0DAB4E4A59462846FFF7EAF88446E1
:10BD90000028B3D159462846FFF74AF984460028BF
:10BDA000ACD1AB6E199A196AB2FBF1F301FB132304
:10BDB00023B1444B40F29C713E4A52E7E2601A9A2A
:10BDC000226197E8070086E80700AB64C8E9013301
:10BDD000D5F828804FF0FF3B464626B9B8F1000F52
:10BDE00045D1C44624E706F10807A74201D13668C9
:10BDF000F3E710A93846FDF707FF86460028F6D17D
:10BE0000A446BCE80F000FC79CE80F0087E80F00AE
:10BE1000D645ECD059F83E3040F2FF41C3F30A5208
:10BE20008A4213D1B288C3F389239A4204D1C6E966
:10BE300002BB0EF1010EEBE7FBD9B379013A022BFD
:10BE4000B280F6D1B36A013BB362F2E740F201413E
:10BE50008A42EED1B288C3F389239A42E9D3B379F7
:10BE60000132022BB280E4D1B36A0133ECE708F16E
:10BE7000080410A92046FDF7C7FE50B908F12006B6
:10BE8000B8F80430B8F81C108B4202D398F81F00A1
:10BE900010B9D8F80080A1E75B1A3246214628463F
:10BEA000A8F80430FEF76CFD84460028E8D0BFE611
:10BEB000C37E0200008202009F7A020025B00100CA
:10BEC0000CFCFF7FD27E02002DE9F04F9FB00546AB
:10BED0000E464FF00009BDF8A470BDF8A8B0DFF819
:10BEE00060A3CDE90B230B680E934B680F93ABEB6C
:10BEF0000708B8F1010F5BDCAB6EB268DB6A013298
:10BF0000002BB26036DD013343F00103B2FBF3F1E5
:10BF100003FB112373BB012416A930461693179413
:10BF2000FDF772FE002840F099802846FFF714FEC6
:10BF3000041EC0F28B80AB6E9B6AB4EB530F19D218
:10BF4000B84B4FF4CD62B8490093B848B36802F0DB
:10BF5000CDFE289B314628460093CDE9017BDDE9E3
:10BF60000B2300F055FA0446002800F09F8010F1E2
:10BF70001C0F6BD14FF0000800234FF0FF32A86E6A
:10BF80007168CDE91732CDE91923036D1691002BA5
:10BF900000F08E80083B1B93FDF7F0FF044600285D
:10BFA00000F0888014F1540F50D14FF0000956E092
:10BFB00016AB00222899284608939D4BCDF808A07F
:10BFC00007937B42CDF858901BB2CDE905B30C9B8B
:10BFD00001930B9BCDE9039700934FF0FF33FEF7DE
:10BFE000A9F9044690BBB8F1FE0F15DCAA6E516AA0
:10BFF000136DA1F124006BB35908146A621E531823
:10C00000B3FBF4F204FB12329B1A169A834228BF48
:10C0100003469A427FF670AF07EB6808289B3146CB
:10C0200028461FFA88F80093CDE9018BDDE90B2340
:10C0300000F0EEF9044678B110F11C0F06D1AB6E9A
:10C04000169A5B6A243B9342BFF456AF20461FB05A
:10C05000BDE8F08F4908D0E7C34648E7A1464FF056
:10C06000FF332B61B9F1000F08D16E4B40F2FE6235
:10C070006D4900936F48736802F038FE00234FF05B
:10C08000010816A93046CDE91638FDF7BDFD002898
:10C0900040F0B580634B40F2037263496FF01B04BC
:10C0A00000936548736802F021FECFE7BB4661E765
:10C0B000436A6FE70DF15809042306F10802284688
:10C0C0004946FEF72FFF044600287FF46BAF10AB04
:10C0D000024628990893594B07937B421BB2CDE93E
:10C0E00005B3574B02930C9B01930B9BCDE90307C0
:10C0F000009328464FF0FF33CDE91059FEF71AF9A7
:10C10000044600287FF44EAF06F1180318460D933D
:10C11000FDF770FD0D9B68B9F27D2846494902F58F
:10C12000C06241EA02524946FEF71BFF044600285E
:10C130007FF438AF0023CDE912331493B8F1000F28
:10C1400009D105F13C0112A8FDF779FD05F1300197
:10C1500012A8FDF774FD05F1480A12A85146FDF733
:10C160006EFD129B12AA314623F47F73284623F0FA
:10C1700003031293FEF7C4F8044600287FF466AF69
:10C1800012A8FDF76AFD48B912AB2F4A4946284666
:10C19000FEF7E7FE044600287FF404AF4946284630
:10C1A000FEF746FF044600287FF4FCAEAA6E179BFC
:10C1B000126AB3FBF2F102FB11320B9232B1234B44
:10C1C00040F2EC61224A184801F0FCFBD6E900126B
:10C1D000F360ABEB0707189BB7823361C6E9002118
:10C1E000A864CAE90100B8F1000F40F0CF8005F162
:10C1F0003C03303595E8070083E8070026E7311D4A
:10C200002846FFF7BBF8044600283FF4B5AE10F10E
:10C210001C0F7FF41BAFB9F1000F3FF417AFC846F6
:10C22000AAE600BF0B5E02009F7A0200F87E0200C1
:10C230003D9D0100467E0200287F020025B00100DE
:10C2400000FC0F4008FC0F000CFCFF7FD27E0200B8
:10C25000F081020007F108010EA8FDF7D5FC18B91E
:10C260003368BB607368FB60BB79022B09D107F1AF
:10C270002C010EA8FDF7C8FC18B93368FB6273687F
:10C280003B633F689BE005F1300B01215846FDF709
:10C2900091FE00283AD149465846FDF7E9FC10B313
:10C2A0002B6B4FF47C625349C3F3892A0C9B524891
:10C2B000CDE901A3179B0093169B02F017FD2A6B93
:10C2C0004E4BAF631340C5E90C37C8F389239A4539
:10C2D00005D2A8F580684A4F47EA8A2703E040F272
:10C2E000FF339A45F7D1002312AA494628461297F0
:10C2F0001596CDE913380223FFF73CFC30B94FF017
:10C30000FF315846FDF756FE002867D08046444668
:10C310009CE6494605F13000FDF7AAFCE8B12C6B1C
:10C3200040F6E772374BC4F3892432493248CDE9ED
:10C330000143179B0093169B02F0D8FC2A6B2F4BEE
:10C34000C5F838801340C5E90C3840F2FF339C42F1
:10C350001EBF2B4B43EA84230B930B9B4946284675
:10C360001293002313939DF86F3003F5C062264BA0
:10C3700043EA025312AACDE914360223FFF7FAFB6F
:10C38000044600283FF462AE8046C0E70F9B1D4F75
:10C39000019240F2147200931C480E9BCDE90217E3
:10C3A000144902F0A3FC05F120010EA8FDF72CFCB6
:10C3B0000C9718B933682B6273686B62AF6A002FF1
:10C3C0007FF448AF4A460EA92846FEF79BFAB0F123
:10C3D0000008BFF658AF18F1020F98D14A460EA9CF
:10C3E0002846FEF7DAFA8046002892D010F1020FB4
:10C3F0008DD12BE69F7A02005E7F0200FF03008052
:10C400000000F04F0B5E020008FC0F00A17F02004D
:10C410002DE9F0430C46816E8FB00646896ABDF85F
:10C420005C70016606A9CDE90432FFF71FF80546E6
:10C4300038BBE17D30468DF82F10A1690C91E16980
:10C440000D91BDF86010CDE901711699DDE9043256
:10C45000009106A9FFF738FD054690B9DDF8189060
:10C460000123DDF81C8006F120012046C4F8189055
:10C47000C4F81C80E375FDF7C7FB10B90FB9C6E916
:10C48000089828460FB0BDE8F083000073B5144645
:10C490000E4600F1480205462146FDF731FF70B90E
:10C4A000E37D18343146284603F5C062054B0194FC
:10C4B00043EA02536A4600930123FFF75BFB02B095
:10C4C00070BD00BF08FC0F000B6B70B51E0386B07B
:10C4D00005460C4602D5002006B070BDFFF72CFAC9
:10C4E000226B18B142F400222263F5E7D103F2D5A2
:10C4F00004F108063046FDF77DFB0028EBD1D3029E
:10C500005BBFD4E90A016B46E26A082246BF40F2EB
:10C510000120E36CC3E90001A18858BF40F202206A
:10C5200042EA812242EA00522846CDE90223226DE6
:10C53000936843EA8123314643F08153049353685F
:10C5400002AA05930223FFF715FB236B18B143F4EE
:10C5500000232363C0E723F48033FAE770B5054670
:10C560000C46FFF7B1FF064605F12802AB6A1BB186
:10C570009C42196808D11160236D1B6813B9E06CE7
:10C5800001F018FD304670BD1A460B46EFE700007B
:10C59000C36B1A0D12F4E06F2DE9F0410446A0B010
:10C5A00007D1236BC3F30900002830D120B0BDE8C8
:10C5B000F081504AC3F3892305464F49029241F264
:10C5C00019020193436C4D48009355F8403F02F027
:10C5D0008DFB18A92A462046FEF7D2F90028E5D19E
:10C5E000E36B216BC3F38922454BA0630B4018A971
:10C5F000C4E90C30434B43EA822310AACDE9103042
:10C6000001232046FFF7B6FA0028CAD0CEE71C2245
:10C61000002108A83C4F01F00BFD364E0123DFF846
:10C62000F4808DF837300F930EA8FDF7E3FA38B198
:10C63000204650F8301F494249B2FDF7BBFCB5E730
:10C640000EAA10A92046FEF79BF90028AED19DF84E
:10C650003730002B43D118AA0EA92046FEF752F915
:10C66000002813DA831CA1D10F9B41F24E0222490C
:10C67000009326480E9B019602F038FB10AA08A9E9
:10C680002046FFF703FF002890D1CDE704AD034615
:10C690003A4618A920460095FDF726FE002885DBBE
:10C6A00004990E9B059899420F9A01D1904216D099
:10C6B000914201D1984212D0CDE90021CDE9020684
:10C6C00041F264020C49124802F010FB012306AA51
:10C6D00008A92046CDE90685FFF74CFAD3E710AD4F
:10C6E0000DF1200C0FCDACE80F0095E80F008CE8A1
:10C6F0000F0099E70B5E02009F7A0200DD7F0200C7
:10C70000FF0300800000F04F00FCFF7F0E8002005E
:10C710003B80020008FC0F602DE9F04713F0020F88
:10C720008AB006460D469846039233D1129B05F116
:10C73000080703AA30462B6500233946C5F8308028
:10C740006B63EB63EB642B1DFEF750F9041E06DAF6
:10C75000A31C16D1AA8840F2FF339A4211D00123BC
:10C76000A01CAB71B36A2B60B56251D118F4807F05
:10C7700007D00398E4F726FEF36E834213D26FF0DE
:10C7800023042B6B2946304643F400232B63FFF729
:10C79000E5FE04E0FFF7FCFE04460028C6D0204674
:10C7A0000AB0BDE8F087AB88624A40EA8320624C59
:10C7B00042EA8322039940F4801044EA83230492DE
:10C7C000002206903046059207913946CDE908329D
:10C7D000032304AAFFF7CEF90028D0D14FF00008B8
:10C7E0004FF00C09DFF858A12B6D9A68424536D8F6
:10C7F0001B68002B63D0EB6405F14001B06EFDF7C0
:10C80000C2FA40F20123B3EB145F62D00024C6E702
:10C8100018F4007F40F08480C4F30A50012840F0EF
:10C820008280AB8818F4806F4FEA832308D043F0EE
:10C8300000542B6B43F4803344F480142B63CDE716
:10C8400005F1280243F0005339463046009243F088
:10C8500008033A4AFDF748FD041EBFDA91E72A6B48
:10C86000D10705D42B6B9A071DD408F10108BBE74B
:10C87000586809FB08F2B5F804C08118825C30469C
:10C880008B6802F54072496843EA8C23009139466F
:10C8900043EA02535246FDF727FD0028E2DA831CE3
:10C8A000E0D004466DE72A6D526809FB08229168C2
:10C8B000726F91423AD843F480332B63D5E7B36E5D
:10C8C000186B01F06FFBE864002895D16FF00B0442
:10C8D00057E76FF001032A6BC4F30904AB6242F41B
:10C8E00080122B640023EC626B64B36E2A631B6BB3
:10C8F000AB64002C8AD040F2FE31AA8830468B42CD
:10C9000028BF0B46394643EA8223EA6C43F00053C2
:10C9100000920A4AFDF7E8FC041EBFF677AF30E745
:10C920006FF010042DE76FF014042AE76FF01B047A
:10C9300027E700BF000010400000102000FC0F702F
:10C9400000FCFF7F70B54B6996B0054608460E4661
:10C9500098470446002858D131462846FDF71EFA6C
:10C96000044600284ED1AB6E0146686E5A6B01F04A
:10C970005FFBAB6E6C650EA99A6A28465B6BDB00A9
:10C98000C5E91742934294BFAB65AA65FEF76EFDF9
:10C990000446002833D14FF400330EA90293AB6E46
:10C9A0005A6A9B6A039208AA0493EB6E05932B6F55
:10C9B00006936B6F0793164BCDE90830154B28464D
:10C9C0000A93154B0B93154B0C9302AB0D9303235A
:10C9D000FFF7D0F8044690B9034602468DF84E00A2
:10C9E0000EA92846FFF7C6F8044640B90123009077
:10C9F0006A460EA928460193FDF7C2FF0446284661
:10CA0000FDF7ABF9B36930469847204616B070BDC4
:10CA1000000010400800F00F7F8002001800102076
:10CA20002DE9F0474B6996B0044608460E469847F4
:10CA3000054600284CD131462046FDF7AFF90546A2
:10CA4000002842D101461C220EA82F4601F0F0FA20
:10CA5000DFF8A0810123DFF8A091DFF8A0A11593F2
:10CA600014A8FDF7C7F8002836D004F12000FDF720
:10CA7000C1F8002840F0A98004F130073846FDF7DE
:10CA8000ECF860B9524B40F6C56252490293A36B71
:10CA900051480193636B0093236B02F027F9236BDA
:10CAA00003EBD373236304F13C0397E8070083E8A7
:10CAB0000700A36EE16A9B6AB1FBF3F203FB12125B
:10CAC000236662650022C4E91622B369304698479E
:10CAD000284616B0BDE8F087A36E9B6AB7EB530FEC
:10CAE00070D20823019014AA0EA9079305AB204623
:10CAF0000137CDE90293394B0093394BCDE9054815
:10CB0000FDF706FD002824DB52D040F30903013372
:10CB10004ED00E9B0EA9324A204623620F9B6362C1
:10CB200008AB00935346FDF7DFFB002811DB089AA2
:10CB3000130C91B2022B00D181B1254992B2294840
:10CB40000191009240F68D62224902F0CFF86FF019
:10CB5000150005462046FDF700F9B6E70B9B5BB1D3
:10CB6000E26E934207D91A491F48CDE9002140F6E9
:10CB700096621849E9E7E3660C9B5BB1226F93422A
:10CB800007D913491948CDE9002140F6A16211499E
:10CB9000DBE723670D9B5BB1626F934207D90C49BA
:10CBA0001348CDE9002140F6AC620A49CDE763673E
:10CBB00004F130020EA92046FDF7A2FB00283FF445
:10CBC0004FAFC6E76FF05300C3E76FF01505C1E73D
:10CBD0000B5E02009F7A0200448102000800F00F01
:10CBE00000FCFF7F88800200B1800200E28002002A
:10CBF000138102007F80020061AD01001800102047
:10CC0000F0B50546806E85B01F4643691646039110
:10CC100098470446B8B90399A86AFDF738F803990C
:10CC200030B10A4B41F2E431094A0A4800F0CAFE29
:10CC3000094B3246284600933B46FFF76DFD0446FC
:10CC4000A86E83699847204605B0F0BD7B8102003D
:10CC50004E8202009F7A02008882020037B50546A4
:10CC6000806E019143699847044698B90199A86A72
:10CC7000FDF70DF8019930B9084B41F20741084A18
:10CC8000084800F09FFE2846FFF768FC0446A86E9F
:10CC900083699847204603B030BD00BF7C81020005
:10CCA0005C8202009F7A0200F7B50546806E1F463F
:10CCB00016464369019198470446A8B90199A86AA4
:10CCC000FCF7E5FF019930B9094B41F22941094AC6
:10CCD000094800F077FE3B4632462846FEF7ACFE98
:10CCE0000446A86E83699847204603B0F0BD00BF94
:10CCF0007C8102006B8202009F7A020070B50646BA
:10CD0000806E0D46436998470446B0B92946B06A1B
:10CD1000FCF7BDFF30B90A4B41F28B41094A0A4882
:10CD200000F050FED5E90B439B0303D5686B8442AA
:10CD300038BF0446B06E83699847204670BD00BF77
:10CD40007C810200798202009F7A020030B50A4499
:10CD50000B4D914200D130BD11F8013B83EA000434
:10CD600004F00F0455F8244084EA101080EA1313ED
:10CD700003F00F0355F8233083EA1010E9E700BFF2
:10CD8000948202007047022A034606D0032A02D08A
:10CD9000012A00D101600020704703C983E8030025
:10CDA000F9E77FB503680446DB68984700230493DE
:10CDB0004FF0FF3201A9D4F8F40EF4F71BF9012863
:10CDC000F6D1236801A920461B699847F0E70000C7
:10CDD0001FB50446002214210420F3F73BFEC4F8DB
:10CDE000F40E50B9F6F75AFF134B144A1449009346
:10CDF0002A23F7F7B3FFF5F76DF8231D4FF461729F
:10CE00001049029304F1E4030F48019304230093B3
:10CE10002346F5F7AFF968B9F6F740FF0B4B074A21
:10CE200000932B230649F7F799FF04B0BDE81040A3
:10CE3000F5F750B804B010BD974C0200744C0200D6
:10CE4000BA4702003D830200A3CD0100A64C0200B8
:10CE50001FB50B88ADF80C304368BDF80C20006896
:10CE60001A8000231A461946F3F774FE01280DD0E4
:10CE7000F6F714FF074B084A009335230749F7F7E5
:10CE80006DFF05B05DF804EBF5F724B805B05DF86B
:10CE900004FB00BFB1600200744C0200BA470200FC
:10CEA0002DE9F0410546884600240E4E4FF080578C
:10CEB0004146D5F8F80EE4F7A7FEB0F5617F0BD038
:10CEC00040F28933984202D101340A2CF0D1B0FAF1
:10CED00080F04009BDE8F0813760BFF34F8FBFF3AA
:10CEE0006F8FE5E704ED00E0C1F3C1110023582284
:10CEF00061F07F0100B589B08DF8071002A9029397
:10CF0000ADF80C200DF107028DF80E3004930123CB
:10CF10000593CDE90623FFF7C3FF09B05DF804FBD5
:10CF200070B586B005460C461646FFF7DDFF80B1AA
:10CF30000023E4B26946284600935823ADF8043034
:10CF400001238DF80630CDE90243CDE90463FFF7F4
:10CF5000A7FF06B070BD30B589B005460C468DF808
:10CF60000720FFF7C1FF90B100235822E4B202A9C5
:10CF700002932846ADF80C200DF107028DF80E3013
:10CF8000012304940593CDE90623FFF789FF09B037
:10CF900030BD38B504460D46FFF71AFFC4F8F85EF9
:10CFA00038BD00007FB50C780E460DF10F02054626
:10CFB000022C94BF273440F6FF742146FFF7B0FFE0
:10CFC00050B9F6F76BFE134B134A144900938023B4
:10CFD000F7F7C4FEF4F77EFF73789DF80F20ABB12E
:10CFE00042F00102214628468DF80F20FFF7B3FFDB
:10CFF00050B9F6F753FE0A4B074A084900938623B7
:10D00000F7F7ACFEF4F766FF04B070BD02F0FE0265
:10D01000E8E700BFF2820200D4820200BA470200B1
:10D02000028302001FB5FF230DF10F0240F28111B0
:10D030008DF80F30FFF774FF50B9F6F72FFE074B4E
:10D04000074A084900938B23F7F788FEF4F742FF5D
:10D050009DF80F0005B05DF804FB00BF12830200CD
:10D06000D4820200BA47020073B50E780C46002540
:10D070006EB1012E0FD0E3683BB1236901A9201DD9
:10D080008DF804608DF80550984702B070BD0131ED
:10D09000FFF788FFEFE7FFF7C5FF0546EBE7000066
:10D0A000F0B58BB00C460746032200210120F3F7B0
:10D0B000D1FC03AB221D0690079306AB04AE0546D8
:10D0C00093E8030086E8030092E8030083E8030086
:10D0D00096E8030082E80300E268184608921F4AB7
:10D0E000E260226909921E4A2261E4F786F9002370
:10D0F0004FF0FF322146D7F8F40EF3F72BFD01284D
:10D100000AD0F6F7CBFD174B174A1849009337237F
:10D11000F7F724FEF4F7DEFE4FF0FF312846F4F770
:10D1200029F801280AD0F6F7B9FD114B0E4A0F492C
:10D1300000933823F7F712FEF4F7CCFE2846F4F7F5
:10D140007DF9BDF80C300020DAB2C3F3072362F397
:10D15000070063F30F200BB0F0BD00BF87CD0100C7
:10D1600051CE0100EE5C0200744C0200BA4702008E
:10D17000FD6002007FB500238DF8051001A98DF830
:10D18000062004938DF80430FFF78AFF02A8E4F725
:10D1900034F907B05DF804FB2DE9F04F044685B083
:10D1A000054600F1A8060027E96821B12068F1F7DB
:10D1B00086FC85F825701C35AE42F5D1D4E9010115
:10D1C000EFF75CFE0546002840F0BD80A76897F8A1
:10D1D0005430062B42D106464FF00C09F1B209FB40
:10D1E00001F357F803C09CF902009CF803200028C3
:10D1F0009CF8023002F0030232DA022A60D1606841
:10D2000003F00F034FF001084FF0000B00908DF872
:10D2100009309CF806004FF4807C8DF80CB08DF836
:10D22000080040F20120ADF80A00494801901C2096
:10D23000414360180C31027400F1250AA0F812C0B5
:10D240006A460375214480F8158080F8258020689F
:10D25000F1F72CFC00286FD08AF800B0012572E0AD
:10D26000022A69D1606803F00F034FF000084FF005
:10D27000010B00908DF809309CF806004FF4007CFB
:10D280008DF80C808DF808003248ADF80AC0019086
:10D290001C20414360180C31027400F1250AA0F8EB
:10D2A00012C06A460375214480F8158080F825B0C5
:10D2B0002068F1F7FBFB00283ED08AF80080CDE71C
:10D2C000032A39D1606803F00F034FF0000B8DF88B
:10D2D000093000909CF806008DF808009CF805E0E5
:10D2E0009CF8040040F2013C8DF80CB0ADF80AC087
:10D2F00040F6B83C40EA0E20ADF804C04FF01C0CDC
:10D30000C0F30A000CFB01F1ADF8060004EB0108C4
:10D310000C3188F81430012388F810202144A8F833
:10D3200012006A4688F8153088F825302068F1F731
:10D33000BDFB08B188F825B0013697F85420F3B248
:10D340009A423FF64BAF284605B0BDE8F08F00BFCC
:10D35000B80B0001B80B0002002370B5C0F8B8305C
:10D3600004460D46134612B9FFF716FF0346D4F8DC
:10D37000BC6026B10022D4F8C0001146B04729464F
:10D380002068BDE87040F1F724BCF7B50646C82018
:10D390000F46E4F73FFA0446A8B1002501AA082188
:10D3A000466085603046F1F72CFC019B01AA0921FB
:10D3B00023603046F1F725FC019B2846C4F8B430C1
:10D3C0003C6003B0F0BD0C20FBE700002DE9F04706
:10D3D0000C46074698B371B300250E4601F1A80824
:10D3E000DFF860A0A946F16871B100222068F1F76A
:10D3F000C2FBF1682068F1F762FB054610B15046A8
:10D40000ECF7CAFFC6F80C901C364645EBD1D4F8B1
:10D41000B41031B1D4F8B8201AB12068F1F7ABFBE1
:10D420000546A1683846EFF765FD2046E4F7FFF9A9
:10D430002846BDE8F0872546EFF75CFDF8E70325B1
:10D44000F6E700BF6483020068B1002325301C2288
:10D4500002FB03F1415C09B9052B04D10133062B12
:10D46000F6D1002070470120704700002DE9F743F6
:10D47000DDF8288017461E460446002847D0816004
:10D480004068EFF7FBFC0546B0B9254604F1A80952
:10D49000E9681C3500222068F1F76DFB4D45F7D196
:10D4A00077B9002E35D02046FFF776FE3A4605467E
:10D4B000034639464046B047284603B0BDE8F083EE
:10D4C00001A92068F1F768FB28BB019A40F60131F9
:10D4D000124BC4E92F68C2E90434D3691980A168EA
:10D4E000896C8978D88099805F80D4F8B410C2E9BB
:10D4F00001002068F1F7ECFA054618B9019BC4F861
:10D50000B830D9E701992068F1F763FBD4E7032528
:10D51000D2E73546D0E70125CEE700BF59D3010059
:10D520000B460146184600F06FBA00F043BDFFF706
:10D53000FCBFFFF7FABF0368DB0706D4437803B1EB
:10D54000FFDE012343701846704700207047012317
:10D5500003607047012838BF012010B504462046FB
:10D5600000F020FD30B900F01DFA08B900F022FAF1
:10D570008047F4E710BDFFF7EDBF08B500F00CFAE7
:10D58000C3689A68C26010B502B1506042685A60C0
:10D590000C68844203D10B609860436010BD9168B1
:10D5A00081420CBF9360D360F6E78368DA688260DB
:10D5B00010B502B1506042685A600C68844203D1D1
:10D5C0000B60D860436010BDD16881420CBFD3604E
:10D5D0009360F6E7037833B943685B68834202D10E
:10D5E000DB6818467047826822B11346D268002A69
:10D5F000FBD1F6E743689A688242F2D118465B682D
:10D60000F9E7C36823B118469B68002BFBD170472C
:10D610004368DA68824202D118465B68F9E7C2685B
:10D62000934218BF18467047FFF7D4BF2DE9F8435F
:10D630001E4603F104080023C1E902330C464A6088
:10D640000B7000B39642916018D17160F4600127AD
:10D650004FF000097368A3423FD060680278002A47
:10D660003CD14568AB68984223D1EB6883B11A7806
:10D6700072B907701F702A702C46EBE7B3689342AB
:10D68000E5D1B160E3E7D160F3689342DFD1DDE734
:10D69000C368A34203D14146FFF772FF04466368A3
:10D6A00041461F70284685F80090FFF77EFF25460B
:10D6B000E2E713B11A78002ADBD08368A34203D1D2
:10D6C0004146FFF772FF0446636841461F702846D3
:10D6D00085F80090FFF754FFE9E7234601221A700E
:10D6E000BDE8F88308B500F065F908B500F062F907
:10D6F00008B500F05FF908B500F05CF90AB100F078
:10D700006FBC704708B50B68B3F1804F02D30D486A
:10D71000FFF7EEFF93420BD9B3EB420F4FEA420003
:10D7200006D2B0F1804F2ABF6FF0404308600B6013
:10D730000868013001D5FFF7D5FFBDE80840FFF7C5
:10D7400009BF00BF7E83020050F8083B834202D02D
:10D750001846FFF7EABE7047406801F18041013981
:10D76000091A914208B502D21846FFF7C1FF08BD59
:10D77000012A10B502D10A78027010BDFFF7BEFF72
:10D78000FBE7012A30B403D10B78037030BC70473B
:10D79000002AFBD030BC00F031BC0B46012B10B48A
:10D7A0001146044603D122705DF8044B7047002BEC
:10D7B000FAD05DF8044B1A4600F03ABC08B5521A8C
:10D7C000FFF7D6FF08BD2DE9F3470A9E1F464368C1
:10D7D00001EB0208B21A1A44A3EB080903460192AE
:10D7E00053F8082B9A4218BF82680D4608BF0F22D3
:10D7F00001A90446FFF786FF82461DB121682A462B
:10D80000FFF7B6FF37B12EB1324639460AEB0500B5
:10D81000FFF7AEFFB9F1000F07D0216835444A4643
:10D8200041440AEB0500FFF7A3FF2046FFF78CFFFA
:10D83000019BC4F800A0A36002B0BDE8F08770B5FA
:10D8400004460E460830206056F8083B9E420D46BE
:10D850000BD110223146FFF751FF6B686360002344
:10D860002E606B602B72204670BD23608B68A360B6
:10D87000F3E7F8B50D4651F8083B6A68994204464B
:10D8800000680DD10AB1FFF773FF6B68226863600F
:10D890000021D1542A6800236B6013702046F8BD24
:10D8A000C4E9003204F10807B842AB6818BFA668A3
:10D8B000A36008BF002010B12860AE60EAE72960CD
:10D8C000E8E700002DE9F34116461D4604461C4BCF
:10D8D0002A460F463146FFF73FFF2346626853F85A
:10D8E000080B984218BFA368A5EB0608904408BF30
:10D8F0000F2343451BD3F319D21A06D0AE4204D0EE
:10D90000384481192844FFF73CFF35B120689DF861
:10D91000202029463844FFF740FF2368C4F80480DC
:10D920000022204603F8082002B0BDE8F0810095EF
:10D930000023324639462046FFF745FFE5E700BFA2
:10D940009683020007B500920B4600224168FFF75C
:10D95000B9FF03B05DF804FB10B544688C42034680
:10D9600003D2091BFFF7EEFF10BD81BF03684160C2
:10D9700000225A54F8E708B50022FFF7EDFF08BD72
:10D9800008B5804700F016F8024B1868BFF35B8FAC
:10D99000704700BF9CAA002008B5FFF7F5FFFFF70E
:10D9A000EFFF0000024B1868BFF35B8F704700BFAA
:10D9B0002002022008B5062001F042FA012003F0FF
:10D9C00031FD00001FB514461A46094B1B68054679
:10D9D000D8684CB1074B0091CDE9013406492B467C
:10D9E00000F0D2F9FFF7E6FF044B1C46F3E700BF57
:10D9F000A0AA0020B3830200C08302000B5E0200D5
:10DA00000A22002101F0C4BB10B5054C13462CB10D
:10DA10000A4601460220AFF3008010BD2046FCE715
:10DA200000000000014B1868704700BFA0AA00204A
:10DA300008B5074B044613B10021AFF30080054B36
:10DA40001868836A03B19847204603F0EBFC00BFD7
:10DA500000000000508502008A892DE9F04105464A
:10DA600010070C4658D44B68002B05DC0B6C002BC0
:10DA700002DC0020BDE8F081E66A002EF9D0002328
:10DA800012F480522F682B6032D0606DA3895A0740
:10DA900005D56368C01A636B0BB1236CC01A0023F1
:10DAA0000246E66A216A2846B047431CA38906D18C
:10DAB00029681D292CD82A4ACA40D60728D5002211
:10DAC0006260D9042269226004D5421C01D12B680E
:10DAD00003B96065616B2F600029CAD004F144036B
:10DAE000994202D0284600F0BBFA00206063C1E7EB
:10DAF000216A01232846B047411CC7D12B68002B5F
:10DB0000C4D01D2B01D0162B01D12F60B1E7A38902
:10DB100043F04003A381ADE70F69002FA9D093071D
:10DB20000E6808BF4B690F6018BF0023A6EB0708FB
:10DB30008B60B8F1000F9CDD216AA66A43463A4625
:10DB40002846B047002806DCA38943F04003A381A0
:10DB50004FF0FF308EE70744A8EB0008E9E700BF6D
:10DB60000100402038B50B6905460C4613B9002565
:10DB7000284638BD18B183690BB900F087F8144BFB
:10DB80009C421BD16C68B4F90C30002BEFD0626E54
:10DB9000D00704D4990502D4A06D00F000FA2846FD
:10DBA0002146FFF759FF636EDA070546E0D4A389E3
:10DBB0009B05DDD4A06D00F0F3F9D9E7054B9C423D
:10DBC00001D1AC68DFE7044B9C4208BFEC68DAE7A0
:10DBD0001085020030850200F0840200002310B599
:10DBE0000446C0E90033C0E90433836081814366A1
:10DBF000C2818361194608225C3000F019FA054B96
:10DC00006362054BA362054BE362054B2462236309
:10DC100010BD00BF79EF01009FEF0100D7EF0100B9
:10DC2000FBEF0100014900F0C1B800BF65DB010056
:10DC300070B54A1E682555430E4605F1740100F083
:10DC40005FFA044640B10021C0E900160C30A06024
:10DC500005F1680200F0ECF9204670BD014800F0C3
:10DC60009EB900BF34020220014800F099B900BFFC
:10DC700034020220014800F092B900BF33020220B2
:10DC8000014800F08DB900BF3302022010B50446F0
:10DC9000FFF7F0FFA3691BB1BDE81040FFF7F0BF2D
:10DCA000C4E912332365134B134A1B68A262A342D3
:10DCB00004BF0123A361204600F020F860602046E5
:10DCC00000F01CF8A060204600F018F80022E06088
:10DCD00004216068FFF782FFA06801220921FFF795
:10DCE0007DFFE06802221221FFF778FF0123A36184
:10DCF000D2E700BF5085020025DC0100F8B50746D9
:10DD0000FFF7ACFF1E4B1E68B36913B93046FFF72F
:10DD1000BDFF4836D6E90134013B03D533680BB368
:10DD20003668F7E7B4F90C50D5B9164BE36004F147
:10DD30005800656600F032F9FFF796FFC4E9015517
:10DD4000C4E904552560A5610822294604F15C0058
:10DD500000F06EF9C4E90D55C4E912552046F8BD2E
:10DD60006834D9E704213846FFF762FF0446306083
:10DD70000028D5D1FFF778FF0C233B60EEE700BF0A
:10DD8000508502000100FFFF0EB403B5014603AB4E
:10DD9000054853F8042B0068019300F035FA02B0EF
:10DDA0005DF804EB03B07047A0AA00202DE9F8430A
:10DDB0000646884600F148040027D4E90195B9F1E8
:10DDC000010905D52468002CF7D13846BDE8F88351
:10DDD000AB89012B07D9B5F90E30013303D02946A1
:10DDE0003046C04707436835E9E700002DE9F843AE
:10DDF000089C8946174602FB03F8054618B183695B
:10DE00000BB9FFF743FF264B9C4223D16C68636E2E
:10DE1000DE0705D4A389980502D4A06D00F0BFF8F1
:10DE2000A389190720D52369F3B10026464529D0D7
:10DE3000A06819F8061001380028A06004DAA36968
:10DE4000984219DB0A2917D023685A1C22601970DE
:10DE50000136EBE7134B9C4201D1AC68D7E7124B7C
:10DE60009C4208BFEC68D2E72146284601F0B6FA8A
:10DE70000028DAD0002605E02246284601F04AFABA
:10DE80000130E5D1636EDA0705D4A3899B0502D47E
:10DE9000A06D00F085F8B6FBF7F0BDE8F88300BF91
:10DEA0001085020030850200F084020007B500935F
:10DEB00013460A46014603480068FFF797FF03B080
:10DEC0005DF804FBA0AA002007B5044B014601AA97
:10DED000186800F005F803B05DF804FBA0AA002064
:10DEE0002DE9F84F074689461646F5F773FC184B9F
:10DEF0001C689A4634B14B46984613F8011B39B159
:10DF00003D29F9D13846F5F767FC0020BDE8F88FC8
:10DF1000A8EB0908A34654F8040B0028F2D04246A7
:10DF2000494601F08CF80028F4D154F8043C03EB86
:10DF3000080513F808303D2BECD1DAF80030ABEBD4
:10DF400003039B1038463360F5F746FC681CDDE799
:10DF500004AB002070B50D4D0D4C641BA4100026C1
:10DF6000A64209D10B4D0C4C0AF03EFC641BA410D8
:10DF70000026A64205D170BD55F8043B98470136EE
:10DF8000EEE755F8043B98470136F2E7B8880200FF
:10DF9000B8880200B8880200CC8802007047704739
:10DFA00070470000024B0146186800F0A9B800BF96
:10DFB000A0AA0020024B0146186800F051B800BF2B
:10DFC000A0AA002030B501390024A24201D10020CE
:10DFD00005E0035D01340D5DAB42F6D0581B30BD4A
:10DFE0000A44914200F1FF3300D1704710B511F897
:10DFF000014B03F8014F9142F9D110BD884210B591
:10E0000001EB020402D98442234607D8431EA142F1
:10E0100008D011F8012B03F8012FF8E7024401465C
:10E020008A4200D110BD13F8014D02F8014DF7E707
:10E0300002440346934200D1704703F8011BF9E7FD
:10E0400013B54A431146019200F05AF8044618B13C
:10E05000019A0021FFF7ECFF204602B010BD00003E
:10E0600037B5002948D051F8043C0190002BA1F1AC
:10E070000404B8BFE418F5F78DFB204A0198136833
:10E08000154633B96360146003B0BDE83040F5F75E
:10E090009FBBA3420BD921686218934204BF1A6840
:10E0A0005B68636004BF521822602C60ECE71A467C
:10E0B0005B680BB1A342FAD911685518A5420BD180
:10E0C000246821445418A3421160DDD11C685B68A8
:10E0D000536021441160D7E702D90C230360D3E7D2
:10E0E000256861198B4204BF19685B68636004BFCF
:10E0F000491921605460C7E703B030BD24020220F3
:10E10000F8B5CD1C25F0030508350C2D38BF0C25BE
:10E11000002D064601DBA94203D90C233360002001
:10E12000F8BDF5F737FB21490A6814469CB9204F22
:10E130003B6823B921463046F5F708FB386029468D
:10E140003046F5F703FB431C23D10C2333603046E4
:10E15000F5F73EFBE3E723685B1B17D40B2B03D9D2
:10E1600023601C44256004E06368A2420CBF0B607E
:10E1700053603046F5F72CFB04F10B00231D20F013
:10E180000700C21ACCD01B1AA350C9E72246646804
:10E19000CCE7C41C24F00304A042E3D0211A30468B
:10E1A000F5F7D4FA0130DDD1CFE700BF2402022019
:10E1B000280202209368013B002B10B4936008DA18
:10E1C0009469A34201DB0A2903D15DF8044B01F0F5
:10E1D000A1B81368581C1060197008465DF8044B0C
:10E1E0007047F8B506460F461446D518AC4201D123
:10E1F000002007E014F8011B3A463046FFF7DAFF2B
:10E20000431CF3D1F8BD00002DE9F04F0D469DB041
:10E2100014469846064618B183690BB9FFF736FDD8
:10E22000894B9D421BD175686B6ED90705D4AB89AC
:10E230009A0502D4A86DFFF7B2FEAB891B0701D582
:10E240002B69EBB92946304601F0C8F8C0B16B6EB6
:10E25000DC070ED54FF0FF301DB0BDE8F08F7B4BD3
:10E260009D4201D1B568DFE7794B9D4208BFF56853
:10E27000DAE7AB899805EDD4A86DFFF791FEE9E7E1
:10E280000023099320238DF82930CDF80C8030230A
:10E29000DFF8C0818DF82A304FF0010923469A46F5
:10E2A00013F8012B0AB1252AF9D1BAEB040B0BD0D4
:10E2B0005B46224629463046FFF793FF013000F0C7
:10E2C000AA80099A5A4409929AF80030002B00F06B
:10E2D000A28000234FF0FF32CDE905230AF1010AA5
:10E2E000049307938DF853301A935446052214F87B
:10E2F000011B5848E3F70CF8049AD8B9D10644BF7B
:10E3000020238DF85330130744BF2B238DF853304F
:10E310009AF800302A2B15D0079A544600204FF067
:10E320000A0C214611F8013B303B092B4ED9B0B104
:10E33000079214E0A0EB080309FA03F313430493D4
:10E34000A246D2E7039B191D1B680391002BBBBF9C
:10E350005B4242F0020207930793B8BF049223780E
:10E360002E2B0CD163782A2B35D1039B1A1D1B68E9
:10E370000392002BB8BF4FF0FF3302340593DFF850
:10E38000E4A0217803225046E2F7C2FF40B14023C7
:10E39000A0EB0A0003FA00F0049B0343013404934A
:10E3A00014F8011B2C488DF828100622E2F7B0FF64
:10E3B00000283FD0294B1BBB039B073323F00703E7
:10E3C00008330393099B3B44099367E70CFB023234
:10E3D0000C460120A5E700230134059319464FF0B0
:10E3E0000A0C204610F8012B303A092A03D9002BD9
:10E3F000C5D00591C3E70CFB012104460123F0E7DA
:10E4000003AB00932A46164B04A9304600F0BCF833
:10E410000746781CD6D16B6ED90705D4AB899A050F
:10E4200002D4A86DFFF7BCFDAB895B063FF512AFC8
:10E43000099811E703AB00932A46094B04A930461B
:10E4400000F02EFBE4E700BF1085020030850200DB
:10E45000F0840200548502005E85020089E5010017
:10E46000E3E101005A850200F0B52DED028BB0EE1C
:10E47000408B85B017460D9D0C9E18EE902A25F016
:10E480002005002AB6BF2D220022B1EE408B462D7A
:10E490000C461A7004D0452D00D10134022100E051
:10E4A000032103AB019302AB009322463346B0EE47
:10E4B000480B01F09DF8472D09D1FB0707D4039BBA
:10E4C0000E9A1B1A136005B0BDEC028BF0BD462DF1
:10E4D00000EB04020CD10378302B07D1B5EE408B52
:10E4E000F1EE10FA1CBFC4F10104346033681A4421
:10E4F000B5EE408BF1EE10FA08BF03923021039B7A
:10E500009342DCD25C1C03941970F8E7F7B503461C
:10E510000029B8BF494203F8022BB4BF2D222B2299
:10E52000092942702ADD0DF10704A4460A27A646F0
:10E530000A4691FBF7F607FB16153035632A04F1FE
:10E54000FF340EF8015C3146F1DC3031AEF10205EA
:10E5500004F8011C441C294661450AD30DF1090247
:10E56000A2EB0E02654588BF00221344181A03B0BF
:10E57000F0BD11F8012B04F8012FEDE73023303105
:10E580008370C170031DF1E72DE9F04F8BB00C468D
:10E59000DDF8508016461F46054601F0ABFDD0F869
:10E5A00000B05846E2F70EFF00230893D8F8003079
:10E5B00094F818902268073323F0070303F1080149
:10E5C000C8F800108246D3E90001C4E912019FEDAA
:10E5D000987B94ED120BB0EEC06BB4EE476BF1EE8E
:10E5E00010FA24DDB5EEC00BF1EE10FA02D52D23A2
:10E5F00084F84330904B9148B9F1470F94BF984647
:10E6000080460323236122F0040200232260049346
:10E610000097334609AA2146284600F0D3F9013075
:10E6200040F08A804FF0FF300BB0BDE8F08FB4EEC1
:10E63000400BF1EE10FA09D710EE903A002BBCBF58
:10E640002D2384F843307E487E4BD5E7636809F07C
:10E65000DF010491591C3CD106236360002303931E
:10E6600008ABCDE9019342F4806207AB6168009387
:10E6700022600DF11B032846FFF7F6FE049B079965
:10E68000472B804608D1C81C02DB6368994241DDF4
:10E69000A9F102095FFA89F9B9F1650F20D80139AA
:10E6A0004A4604F150000791FFF730FF089A0490A2
:10E6B0001318012A236102DC2268D20701D5013335
:10E6C00023619DF81B30002BA2D02D2384F843300A
:10E6D0009EE704994729C1D1002BBFD10123BCE794
:10E6E000B9F1660F18D1002963680BDD216113B9F8
:10E6F0002268D00702D501330B4423610023A165B2
:10E700000493DEE713B92268D20701D50233F4E798
:10E710000123F2E74FF06709089B994205DB236864
:10E720002161D807EAD54B1CE7E70029D4BFC1F126
:10E73000020201221344E0E723685A0507D4236943
:10E74000424631462846B84701302AD16AE7B9F136
:10E75000650F40F2E28094ED127BB5EE407BF1EE66
:10E7600010FA33D1384A012331462846B8470130E0
:10E770003FF458AFDDE907239A4202DB2368D8074C
:10E780000FD553465A4631462846B84701303FF424
:10E7900049AF4FF0000804F11A09089B013B4345BB
:10E7A00009DC23689B0700F10881E068099B984217
:10E7B000B8BF184638E701234A4631462846B847CD
:10E7C00001303FF42FAF08F10108E6E7079B002B6B
:10E7D0003CDC1D4A012331462846B84701303FF44E
:10E7E00021AFDDE90723134302D12368D907D8D528
:10E7F00053465A4631462846B84701303FF412AFD7
:10E800004FF0000904F11A0A079B5B424B4501DCFB
:10E81000089B95E70123524631462846B847013008
:10E820003FF400AF09F10109EEE700BFAFF300804C
:10E83000FFFFFFFFFFFFEF7F658502006985020094
:10E84000718502006D850200763D0200089AA36D75
:10E850009A42A8BF1A46002A914638DC0023059345
:10E8600029EAE97904F11A02A36D05990493A3EB4F
:10E8700009038B4233DCDDE907239A423CDB236842
:10E88000DA0739D4089A049B0799D31AA2EB010935
:10E890009945A8BF9946B9F1000F35DC4FF0000843
:10E8A00029EAE97904F11A0ADDE907239B1AA3EBA7
:10E8B000090343457FF775AF012352463146284689
:10E8C000B84701303FF4AEAE08F10108ECE713465B
:10E8D000314642462846B8470130BFD1A2E601235F
:10E8E000314628460492B84701303FF49BAE059B61
:10E8F000049A01330593B7E753465A4631462846F2
:10E90000B8470130BED18DE6049A4B4642443146A9
:10E910002846B8470130C1D184E6089A012A01DCB3
:10E92000DB0737D50123424631462846B847013038
:10E930003FF478AE53465A4631462846B847013030
:10E940003FF470AE94ED127BB5EE407BF1EE10FA21
:10E950001BD0089B08F10102013B31462846B8470D
:10E9600001300ED15EE601234A4631462846B847BB
:10E9700001303FF457AE08F10108089B013B4345C5
:10E98000F1DC049B04F15002DBE64FF0000804F1D7
:10E990001A09F2E701234246DFE701234A463146DE
:10E9A0002846B84701303FF43DAE08F10108E3685E
:10E9B00009995B1A4345F0DCF7E64FF0000804F1D3
:10E9C0001909F4E72DE9F047164699468A680B695C
:10E9D000DDF820809342B8BF1346336091F843209E
:10E9E00007460C460AB1013333602368990642BFDB
:10E9F000336802333360256815F0060506D104F14B
:10EA0000190AE36832689B1AAB4226DC94F843206B
:10EA1000131E226818BF012392062BD404F143026F
:10EA200049463846C04701301ED02368E568326841
:10EA300003F00603042B08BFAD1AA36822690CBFBC
:10EA400025EAE57500259342C4BF9B1AED18002600
:10EA50001A34B5421AD1002008E001235246494633
:10EA60003846C047013003D14FF0FF30BDE8F08792
:10EA70000135C6E7E1185A1C302081F843002244D2
:10EA800094F8451082F843100233C7E70123224669
:10EA900049463846C0470130E6D00136D9E7000084
:10EAA0002DE9FF470C469146277E0C99782F80462A
:10EAB0009A4604F1430207D8622F0AD8002F00F0CB
:10EAC000D880582F00F0A38004F1420684F84270E9
:10EAD0003AE0A7F16303152BF6D801A050F823F014
:10EAE00039EB01004DEB0100C9EA0100C9EA010060
:10EAF000C9EA0100C9EA01004DEB0100C9EA0100C1
:10EB0000C9EA0100C9EA0100C9EA010059EC0100A3
:10EB10007DEB01003BEC0100C9EA0100C9EA0100FC
:10EB20007BEC0100C9EA01007DEB0100C9EA0100AC
:10EB3000C9EA010043EC01000B681A1D1B680A605A
:10EB400004F1420684F842300123A3E025680868F6
:10EB50002E0600F104030AD505680B60002D03DAC8
:10EB60002D236D4284F843305E480A2319E015F0E6
:10EB7000400F05680B6018BF2DB2EFE70B682568E2
:10EB8000181D0860280601D51D6802E06906FBD53E
:10EB90001D8854486F2F0CBF08230A23002184F8D6
:10EBA00043106668A660002EA2BF216821F0040110
:10EBB00021600DB9002E4DD01646B5FBF3F103FBD5
:10EBC0001157C75D06F8017D2F46BB420D46F4D9AB
:10EBD000082B0BD12368DF0708D5236961689942A8
:10EBE000DEBF302306F8013C06F1FF36921B22619E
:10EBF000CDF800A04B4603AA21464046FFF7E2FEAF
:10EC000001304CD14FF0FF3004B0BDE8F0873548FB
:10EC100084F8457023680E681F0656F8045B0E6082
:10EC200014D5D90744BF43F0200323601DB92368DE
:10EC300023F0200323601023B0E7236843F0200370
:10EC400023607823284884F84530E3E75E0648BF10
:10EC5000ADB2E6E71646BBE70B68266860691D1D86
:10EC60000D6035061B6801D5186002E07106FBD502
:10EC70001880002323611646BAE70B681A1D0A6044
:10EC80001E68626800213046E2F742FB08B1801B33
:10EC9000606063682361002384F84330A8E7236938
:10ECA000324649464046D0470130ABD023689B07E7
:10ECB00013D4E068039B9842B8BF1846A4E7012329
:10ECC000324649464046D04701309BD00135E36883
:10ECD00003995B1AAB42F2DCEBE7002504F119065D
:10ECE000F5E700BF75850200868502000FB40A4B68
:10ECF00013B51C6824B1A36913B92046FEF7C6FFFB
:10ED000005AB049AA16801932046FFF77DFA02B093
:10ED1000BDE8104004B07047A0AA002038B50C46EA
:10ED20000968054609B1FFF7F9FF21462846BDE805
:10ED30003840FFF795B900002C4B1B68834270B533
:10ED4000044651D0436A43B1DB68002B4AD1636A61
:10ED5000196811B12046FFF783F9616911B12046A6
:10ED6000FFF77EF9616A11B12046FFF779F9A16BCF
:10ED700011B12046FFF774F9E16B11B12046FFF79E
:10ED80006FF9216C11B12046FFF76AF9E16D11B1FD
:10ED90002046FFF765F9A16D11B12046FFF760F934
:10EDA000616B11B12046FFF75BF9A369E3B1A36A78
:10EDB00020469847A16CB9B12046BDE87040FFF7E6
:10EDC000ADBF495941B90435636A802DD968F8D17E
:10EDD0002046FFF745F9BAE70E682046FFF740F9ED
:10EDE0003146EFE70025EFE770BD00BFA0AA002085
:10EDF0001F2938B504460D4604D9162303604FF089
:10EE0000FF3038BD426C12B152F821304BB9204668
:10EE100000F030F82A4601462046BDE8384000F0B0
:10EE200017B8012B0AD0591C03D116230360012007
:10EE3000E7E7002442F82540284698470020E0E70D
:10EE4000024B01461868FFF7D3BF00BFA0AA0020FD
:10EE500038B5074D00230446084611462B6002F0E2
:10EE6000D1FA431C02D12B6803B1236038BD00BF27
:10EE70007812012002F0B6BA0CB430B5174B0C1E54
:10EE80001D689DB008DA8B232B604FF0FF301DB05A
:10EE9000BDE8304002B070474FF40273ADF8143053
:10EEA00014BF04F1FF332346049307934FF6FF7317
:10EEB00002900690ADF81630209A21AB02A92846A0
:10EEC000019301F091FD431CBCBF8B232B60002CF0
:10EED000DDD0029B00221A70D9E700BFA0AA002053
:10EEE0000EB400B59CB01DAB029006906FF00041CF
:10EEF000094807910491094953F8042B05910068CA
:10EF0000019302A901F070FD029B00221A701CB04F
:10EF10005DF804EB03B07047A0AA00200802FFFFD1
:10EF20000EB410B59FB021AC4FF4017154F8042B0E
:10EF30000192ADF81C1004900890E2F743FA0C4BD4
:10EF4000059009900D930B48019A006803940023E3
:10EF5000119316934FF6FF73ADF81E3004A92346A4
:10EF600001F09CFE1FB0BDE8104003B0704700BF29
:10EF70009BEF0100A0AA002010B50C46B1F90E10BD
:10EF800002F050F90028ABBF636DA3891B1823F46E
:10EF90008053ACBF6365A38110BD002070472DE98D
:10EFA000F0411F468B89DB0505460C46164605D504
:10EFB000B1F90E100223002201F0A0F8A389B4F9E0
:10EFC0000E1023F48053A38132463B462846BDE809
:10EFD000F04100F0F1B910B50C46B1F90E1001F096
:10EFE0008DF8431CA38915BF606523F4805343F457
:10EFF0008053A38118BFA38110BDB1F90E1000F09A
:10F000005BBAC9B2034610F8012B1AB18A42F9D192
:10F0100018467047002918BF0023F9E770B503466A
:10F020001E4613F8014B44B14A1E01E0A54204D02C
:10F0300012F8015F002DF9D1F2E7301A70BD10B55A
:10F040006AB10139841810F8013B11F8012F93427D
:10F0500003D1A04201D0002BF5D1981A10BD104663
:10F06000FCE770B503461E4613F8014B3CB14A1E3F
:10F0700001E0A542F7D012F8015F002DF9D1301A56
:10F0800070BD0000012B2DE9F04701D0242B06D9DB
:10F09000FEF7C8FC162303600020BDE8F0873A4F56
:10F0A0008E4676461EF8014BE55D15F00805F8D151
:10F0B0002D2C34D19EF800404FF0010806F1020ECD
:10F0C000002B5CD0102B0CD1302C0AD19EF80040C4
:10F0D00004F0DF04582C4DD19EF8014010230EF1AE
:10F0E000020E08F1004C0CF1FF3C0026BCFBF3F9CA
:10F0F000354603FB19CAA4F13007092F18D83C463E
:10F10000A34224DD002E1FDBA9451DD301D1A2455A
:10F110001ADB05FB034501261EF8014BEBE72B2C00
:10F1200008BF9EF80040A84608BF06F1020EC7E7D8
:10F13000A4F14107192F01D8373CE1E7A4F1610799
:10F14000192F04D8573CDBE74FF0FF36E4E7002ED9
:10F1500005DA22230360654642B928469DE7B8F1E7
:10F16000000F00D06D42002AF7D00EB10EF1FF3132
:10F170001160F2E73024002BB3D10823B1E7302C23
:10F18000A4D00A23ADE700BFF0830200FFF77ABFE7
:10F1900013460A46014602480068FFF773BF00BFE6
:10F1A000A0AA00202DE9F0433B4E86468C466046DF
:10F1B0001CF8014BA55D15F00805F8D12D2C34D1B4
:10F1C0009CF800404FF0010800F1020C002B5ED0CB
:10F1D000102B0CD1302C0AD19CF8000000F0DF007D
:10F1E00058284FD19CF8014010230CF1020C4FF02D
:10F1F000FF370025B7FBF3F703FB07F96FEA0909AF
:10F200002846A4F13006092E18D83446A34224DD3E
:10F21000002D1FDB87421DD301D1A1451ADB00FB66
:10F22000034001251CF8014BEBE72B2C08BF9CF891
:10F230000040A84608BF00F1020CC7E7A4F1410650
:10F24000192E01D8373CE1E7A4F16106192E04D844
:10F25000573CDBE74FF0FF35E4E7002D07DA2223C8
:10F26000CEF800304FF0FF3042B9BDE8F083B8F17E
:10F27000000F00D04042002AF7D00DB10CF1FF3151
:10F280001160F2E73024002BB1D10823AFE7302C16
:10F29000A2D00A23ABE700BFF0830200FFF782BFD2
:10F2A00030B5141E05469BB0184605DA8B232B603B
:10F2B0004FF0FF301BB030BD4FF40273ADF80C308F
:10F2C00014BF04F1FF332346029305934FF6FF73F7
:10F2D00000910491ADF80E3002461E9B6946284607
:10F2E00001F082FB431CBCBF8B232B60002CE1D0C0
:10F2F000009B00221A70DDE707B5009313460A460B
:10F30000014603480068FFF7CBFF03B05DF804FB3C
:10F31000A0AA0020F8B50E461446054618B1836928
:10F320000BB9FEF7B3FC214B9C422BD16C68A3694F
:10F33000A360A3891A072FD523696BB323692068BB
:10F34000C01A6369F6B28342374604DC2146284678
:10F35000FEF708FC30BBA368013BA36023685A1C7E
:10F3600022601E7063690130834204D0A389DB07E9
:10F3700006D50A2E04D121462846FEF7F3FB88B9AC
:10F380003846F8BD0A4B9C4201D1AC68CFE7094B27
:10F390009C4208BFEC68CAE72146284600F01EF8E8
:10F3A0000028CBD04FF0FF37EAE700BF10850200FE
:10F3B00030850200F084020038B5074D0446084647
:10F3C000114600222A601A46F5F73DFD431C02D182
:10F3D0002B6803B1236038BD78120120324B70B521
:10F3E0001D6806460C4625B1AB6913B92846FEF7E1
:10F3F0004DFC2E4B9C420FD16C68A389B4F90C20B4
:10F4000019072CD4DD0611D40923336042F04003E0
:10F41000A3814FF0FF303EE0254B9C4201D1AC6808
:10F42000EBE7244B9C4208BFEC68E6E7580712D58F
:10F43000616B41B104F14403994202D03046FEF7BA
:10F440000FFE00236363A38923F02403A381002319
:10F45000636023692360A38943F00803A3812369C0
:10F460004BB9A38903F42073B3F5007F03D0214681
:10F47000304600F079FEA089B4F90C2010F00103A9
:10F480000AD00023A36063695B42A361236943B987
:10F4900010F08000BAD170BD810758BF6369A360C6
:10F4A000F4E70020F7E700BFA0AA002010850200C3
:10F4B00030850200F084020038B5064D0023044672
:10F4C00008462B6001F07EFF431C02D12B6803B17C
:10F4D000236038BD781201202DE9F74F03690C69CC
:10F4E000A3420746C0F28180013C01F1140800F1FB
:10F4F000140505EB8403019358F8243055F82420B3
:10F5000001339A424FEA840B08EB8409B2FBF3F60D
:10F5100031D34FF0000E4046AC46F24650F8042B73
:10F5200093B206FB03E34FEA134E9BB2AAEB03032D
:10F53000120CDCF800A006FB02E213FA8AF34FEA91
:10F54000124E1FFA82FADCF80020CAEB124202EBDC
:10F5500023429BB243EA024381454CF8043B4FEA05
:10F56000224ADBD255F80B302BB9019B043B9D425C
:10F570001A462ED33C61384601F0B4F8002824DB4B
:10F58000013628464FF0000C58F8042BD0F800E064
:10F5900093B2ACEB0303120C13FA8EF3C2EB1E42D0
:10F5A00002EB23429BB243EA0243C14540F8043BCD
:10F5B0004FEA224CE8D255F8242005EB840322B907
:10F5C000043B9D421A460AD33C61304603B0BDE875
:10F5D000F08F1268043B002ACCD1013CC7E71268C7
:10F5E000043B002AF0D1013CEBE70020EEE70000ED
:10F5F0002DE9F04F59EC108B95B0456A1E9C079190
:10F60000CDE9028906460992109375B91020FEF7DC
:10F61000C9FC0246706220B9AB4BEA21AB48FEF749
:10F62000D1F9C0E901550560C560736A196851B127
:10F630005A684A60012393408B60304600F014FE04
:10F64000736A00221A60B9F10003BBBF23F00043C4
:10F65000039300230122ACBF236022609C4B039CD8
:10F66000A3431AD1109A42F20F731360C4F3130329
:10F6700053EA080300F012851F9B53B9954B1FE016
:10F68000954B009308331F9A1360009815B0BDE89E
:10F69000F08F904B00930333F5E79DED027BB5EEC1
:10F6A000407BF1EE10FA8DED0A7B0BD1109A01230D
:10F6B00013601F9B002B00F0EE8488481860431EE7
:10F6C0000093E2E713A99DED0A0B12AA304601F060
:10F6D000ADF8C4F30A5105461298002947D00B9C97
:10F6E000C4F31304DDE90A2344F07F5343F44013C9
:10F6F000A1F2FF31002443EC162BB7EE087B9FEDFF
:10F700006C5B36EE477B9FED6C6BA7EE056BB0EE46
:10F71000467B06EE901AB8EEE65B9FED696BA5EEB0
:10F72000067BFDEEC76BB5EEC07BF1EE10FA16EE70
:10F7300090BA119408D5B8EEE66BB4EE476BF1EED3
:10F7400010FA18BF0BF1FF3BBBF1160F32D8644B18
:10F7500003EBCB0393ED007B9DED0A6BB4EEC76B1F
:10F76000F1EE10FA01D50BF1FF3B002323E01399D2
:10F77000014401F23243202BC3BFC3F1400304FA1A
:10F7800003F301F21244C3F12003C6BF28FA04F8C0
:10F7900043EA080308FA03F307EE903AB8EE677BF2
:10F7A00001398DED007B019CDDE90023A4F1F873A4
:10F7B0000124A0E701230F93431A5A1E45BFC3F14A
:10F7C0000103059300230023069254BF059306937B
:10F7D000BBF1000F18DB069BCDF838B05B440693F5
:10F7E0000023079A092A49D8052AC4BF043A079278
:10F7F000079AA2F10202CCBF00240124032A48D8B0
:10F80000DFE802F00B2E2C3A059B0022A3EB0B0342
:10F8100005930E92CBF10003E3E700220892099AC8
:10F82000002A39DC4FF0010AD1465246CDF824A017
:10F83000776A00217960042000F1140C94457968FE
:10F840002FD930460C9300F0CFFC0C9B0090024661
:10F85000002849D1234B4FF4D571DFE60122DDE7C3
:10F8600000220892099A0BEB020A0AF101094A46A2
:10F87000012AB8BF0122DBE70122F2E701240022BE
:10F88000CDE907244FF0FF3A0021D1461222099119
:10F89000CEE701220892F5E7DDF824A0D1465246D2
:10F8A000C6E7013179604000C6E700BFAFF30080D2
:10F8B00061436F63A787D23FB3C8608B288AC63F76
:10F8C000FB799F501344D33FA4850200BB850200FF
:10F8D0000000F07FA085020097850200773D0200BE
:10F8E000F086020037860200726A00991160B9F151
:10F8F0000E0F72D8002C70D0BBF1000F40F3A68021
:10F90000CA490BF00F0201EBC2021BF4807F92ED9B
:10F91000007B4FEA2B1100F08D80C54A9DED0A5BFC
:10F9200092ED086B85EE066B8DED026B01F00F0119
:10F930000322BF4800297FD19DED026B86EE077B35
:10F940008DED027B0F99002900F0B280B7EE006BBD
:10F950009DED027BB4EEC67BF1EE10FA40F1A8807B
:10F96000B9F1000F00F0A480BAF1000F31DDB2EE62
:10F97000046B27EE067B8DED027B0BF1FF37013226
:10F9800050469DED026BB1EE0C5B07EE902AB8EE8F
:10F99000E77BA7EE065B8DED025B039CDDE90212BF
:10F9A000A4F15072002840F08680B1EE047B36EE60
:10F9B000476B42EC171BB4EEC76BF1EE10FA00F385
:10F9C0007282B1EE477BB4EEC76BF1EE10FA00F134
:10F9D0006782DDE90A12CDE90212139A002AC0F209
:10F9E0002981BBF10E0F00F32581904B03EBCB0374
:10F9F00093ED006B099B002B80F2C380B9F1000FDF
:10FA000000F3BF8040F04C82B1EE047B26EE076B22
:10FA10009DED027BB4EEC76BF1EE10FA4C464F46FB
:10FA200080F22282DDF80080312308F8013B0BF1DF
:10FA3000010B1EE202227CE7CC0704D590ED006B9F
:10FA4000013227EE067B4910083073E72ED0CBF148
:10FA50000001764A01F00F0002EBC00292ED007B3C
:10FA60009DED0A6B26EE077B8DED0C7BDDE90C78B6
:10FA7000CDE902786E4809110024022239B9002C20
:10FA80003FF460AFDDE90C01CDE902015AE7CF0791
:10FA900009D59DED0C6B90ED007B26EE077B8DED7F
:10FAA0000C7B0132012449100830E7E7022249E7C4
:10FAB0005F46484665E742EC171B5C4A02EBC00212
:10FAC00012ED024B009A1418089A52B3B6EE003B9E
:10FAD000B7EE002BDDF8008083EE045BB2EE043B52
:10FAE00035EE477BFDEEC64B14EE902AB8EEE45B94
:10FAF000303236EE456BB4EEC76BF1EE10FA08F813
:10FB0000012B39D432EE465BB4EEC75BF1EE10FA4E
:10FB100072D4A0453FF45DAF27EE037B26EE036B66
:10FB2000E0E7DDF8008027EE047B2146B2EE043BDF
:10FB3000FDEEC64B14EE902A303208F8012BA0459A
:10FB4000B8EEE45B36EE456B18D1B6EE005B37EEEF
:10FB5000054BB4EEC46BF1EE10FA4DDC35EE477B8D
:10FB6000B4EEC76BF1EE10FA7FF533AF884601397A
:10FB700018F8013C302BF9D0BB462AE026EE036B87
:10FB8000D6E79DED027BB2EE044BDDF8008087EEF8
:10FB9000065BBDEEC55B15EE103A303308F8013B4D
:10FBA000009BA8EB03039945B8EEC53BA3EE467B4B
:10FBB00033D137EE077BB4EEC67BF1EE10FA1ADCD8
:10FBC000B4EE467BF1EE10FA03D115EE103AD907E8
:10FBD00011D42946304600F047FB0023109A88F8DC
:10FBE00000300BF1010313601F9B002B3FF44DAD60
:10FBF000C3F8008049E55F464346984613F8012D57
:10FC0000392A06D1009A9A42F7D100993022013759
:10FC10000A701A7801321A70AEE727EE047BB5EE4F
:10FC2000407BF1EE10FAB2D1D3E700BFF0860200BC
:10FC3000C88602000899002900F0D180079901299F
:10FC400000F3B4801199002900F0AC8002F2334235
:10FC5000DDF814801C460A93059B13440593069B0C
:10FC6000012113443046069300F0BAFB0A9B074675
:10FC7000B8F1000F0DDD069A002A0ADD424505990C
:10FC8000A8BF4246891A05910699A8EB02088A1A6C
:10FC9000069203B3089A002A00F0A680002C13DD18
:10FCA0003946224630460C9300F056FC2A4601465F
:10FCB0000746304600F0AAFB29460A90304600F07D
:10FCC000D3FA0A9A0C9B15461A1B04D029463046D3
:10FCD00000F042FC05460121304600F081FB0E9BFE
:10FCE000002B044640F382801A460146304600F05D
:10FCF00033FC079B012B04467BDD00230A9322691A
:10FD000004EB8202106900F01BFBC0F12000069B8F
:10FD1000184410F01F0000F08D80C0F12002042A6A
:10FD200040F38680C0F11C00059B03440593069BAD
:10FD3000034480440693059B002B05DD29461A46A3
:10FD4000304600F063FC0546069B002B05DD21468E
:10FD50001A46304600F05AFC04460F9B002B6BD02D
:10FD60002146284600F0BEFC002865DA002329461B
:10FD70000A22304600F09AFA089B0BF1FF3B054639
:10FD8000002B00F09281394600230A22304600F011
:10FD90008DFABAF1000F074600F38E80079B022B05
:10FDA00051DC89E0129AC2F1360251E709F1FF34C1
:10FDB000A342BFBF0E9AE31AD2181346B7BF0E93E1
:10FDC0001C1B23460024B9F1000FB5BF059ADDF8CE
:10FDD0001480A2EB09084A46B8BF00223BE7DDF8D1
:10FDE0001480089F1C4643E71A466FE7079B012BC8
:10FDF00018DC029BB3B9039BC3F31302A2B923F02F
:10FE00000042120D12058AB1059B01330593069B32
:10FE10000133069301230A930E9B002B7FF46FAFEF
:10FE2000012074E70023F6E7029BF4E70A92F3E768
:10FE300081D010461C3077E7B9F1000F37DC079B03
:10FE4000022B34DDCA46BAF1000F0DD121465346CC
:10FE50000522304600F02AFA01460446284600F002
:10FE600041FC00283FF7DEAD099BDDF800806FEA1A
:10FE7000030B4FF000092146304600F0F5F9002F42
:10FE80003FF4A7AEB9F1000F05D0B94503D04946FC
:10FE9000304600F0E9F93946304600F0E5F998E6D9
:10FEA00000242746E0E7BB4604460746BAE5089B20
:10FEB000CA46002B00F00081B8F1000F05DD39467D
:10FEC0004246304600F0A2FB07460A9B002B5DD05D
:10FED0007968304600F088F9804628B9824B02469E
:10FEE00040F2EA21FFF79ABB3A690232920007F129
:10FEF0000C010C30FEF774F801224146304600F048
:10FF000085FB009B01330593009B53440993029B9F
:10FF100003F00103B94608930746059B2146013BC0
:10FF200028460293FFF7D8FA034630330690494635
:10FF300028460A9300F0D6FB3A46824621463046D0
:10FF400000F0ECFBC2680A9B80460ABB01462846CB
:10FF500000F0C8FB0A9B0246414630460E920A93C7
:10FF600000F082F9079B0E9ADDF8148043EA020143
:10FF7000089B0B430A9B0DD1392B29D0BAF1000FF6
:10FF800001DD069B3133029A137074E73846B8E7F7
:10FF90000122E1E7BAF1000F06DB079941EA0A0AFC
:10FFA00008995AEA010120D1002AECDD29460122F4
:10FFB0003046059300F02AFB2146054600F092FBEF
:10FFC0000028059B02DCDED1DA07DCD5392BD8D13D
:10FFD000029A3923137043469846013B18F8012CC6
:10FFE000392A51D001321A7045E7002A03DD392B36
:10FFF000EED00133C7E7059A099902F8013C8A421D
:020000022000DC
:100000002BD0294600230A22304600F04FF9B9458B
:1000100005464FF000034FF00A024946304607D12B
:1000200000F044F981460746059B0133059374E7C8
:1000300000F03CF93946814600230A22304600F0A0
:1000400035F90746F0E7BAF1000F009ACCBFD04669
:100050004FF0010890444FF0000929460122304634
:10006000029300F0D3FA2146054600F03BFB00283E
:10007000B1DC02D1029BDB07ADD44346984613F8AE
:10008000012D302AFAD0F6E6009A9A42A4D10BF15B
:10009000010B312378E7154BFFF712BB1F9B002B99
:1000A0007FF4EEAA124BFFF70BBBBAF1000F03DC93
:1000B000079B022B3FF7C7AEDDF80080214628469C
:1000C000FFF70AFA00F1300308F8013B009AA8EBA9
:1000D00002029245B7DD294600230A22304600F08D
:1000E000E5F80546EAE700BF37860200763D0200E4
:1000F0009785020000487047F8AB002038B5074DDF
:1001000004460846114600222A601A4601F082F988
:10011000431C02D12B6803B1236038BD7812012043
:1001200070B50E46B1F90E10002996B014461D4662
:1001300007DA00232B60B3891A0610D44FF48063CA
:100140000EE06A4601F0F4F80028F2DB019A02F4AE
:100150007042A2F500535A425A412A60EEE740230A
:100160000020236016B070BD8B8973B59D070646CD
:100170000C4607D504F14703236023610123636123
:1001800002B070BD01AB6A46FFF7CAFF0099054691
:100190003046FDF7B5FF48B9B4F90C309A05EFD4F5
:1001A00023F0030343F00203A381E3E70D4BB362A3
:1001B000A389206043F08003A381009B6361019BBE
:1001C00020615BB1B4F90E10304601F0C3F828B1DC
:1001D000A38923F0030343F00103A381A08905430E
:1001E000A581CDE725DC010070B5466A04460D46C1
:1001F00076B91020FDF7D6FE0246606220B9184B92
:1002000018486621FDF7DEFBC0E901660660C6609E
:10021000666AF36883B1636ADB6853F82500B8B98E
:10022000012101FA05F6721D92002046FDF708FF34
:1002300060B1C0E901560EE0212204212046FDF7FD
:10024000FFFE636AF060DB68002BE4D1002070BD24
:10025000026843F825200023C0E90333F7E700BF15
:10026000A48502004886020070B5466A05460C4621
:1002700076B91020FDF796FE0246686220B9094B58
:1002800009488A21FDF79EFBC0E901660660C66049
:100290003CB16B6A6268DB6853F82210216043F856
:1002A000224070BDA4850200488602002DE9F0417D
:1002B0000E69074698460C4601F1140000230568B4
:1002C000A9B202FB01814FEA114C2D0C02FB05C5BE
:1002D00089B2013301EB05419E4240F8041B4FEA0D
:1002E0001548ECDCB8F1000F22D0A368B34219DC4A
:1002F000616838460131FFF777FF054628B90246A5
:100300000D4B0E48B521FDF75DFB2269023204F169
:100310000C0192000C30FDF763FE21463846FFF7D2
:10032000A3FF2C4604EB86030136C3F81480266134
:100330002046BDE8F08100BF3786020048860200F3
:10034000030C1B04D3B90004102310F07F4F04BF2B
:100350000002083310F0704F04BF0001043310F0A6
:10036000404F04BF80000233002805DB10F0804FAF
:1003700003F1010308BF2023184670470023E4E778
:10038000036813F0070201460BD0DA0724D498075C
:1003900049BF5B089B0801200B605CBF0B6002201B
:1003A000704798B2B0B91B0C102013F0FF0F04BFB8
:1003B0001B0A08301A0704BF1B0904309A0704BF40
:1003C0009B080230DA0703D45B0800F1010005D076
:1003D0000B6070471046E8E7002070472020704708
:1003E00010B50C460121FFF7FFFE024628B9054B68
:1003F00005484FF4A071FDF7E5FA0123446103615C
:1004000010BD00BF37860200488602002DE9F04F7C
:1004100014460A6923699A42B8BF0B460D46BCBF11
:1004200025461C46D5F810A0D4F81090AB68696832
:100430000AEB0907BB4285B0B8BF0131FFF7D4FE14
:1004400030B90246424B434840F25D11FDF7BAFA1B
:1004500000F1140606EB87083346002243451ED3FD
:1004600005F1140C04F114030CEB8A0C03EB890264
:100470000292ACEB0502153A22F00302043205F1B8
:1004800015018C4538BF04220192029A03939A42C7
:1004900008D8002F55DC076105B0BDE8F08F43F8A0
:1004A000042BDBE7B3F800A0BAF1000F20D005F170
:1004B000140EB14600225EF8044BD9F800B0A1B288
:1004C0001FFA8BFB0AFB01B11144D9F80020240C60
:1004D000120C0AFB042404EB114489B241EA0441E2
:1004E000F44549F8041B4FEA1442E4D801997250CC
:1004F000039AB2F802900433B9F1000F1FD03468A8
:1005000005F11401B6464FF0000A0A88BEF802B0A1
:1005100009FB02B29244A4B244EA0A444EF8044BE6
:1005200051F8044BBEF80020240C09FB042404EB12
:100530001A448C454FEA144AE7D8019AB45004365D
:10054000A3E758F8043D002BA5D1013FA1E700BF68
:1005500037860200488602002DE9F843154612F05E
:10056000030206460F4607D0254C013A002354F8F3
:100570002220FFF79BFE0746AD103DD0746A7CB980
:100580001020FDF70FFD0246706228B91D4B1E4872
:100590004FF4D771FDF716FAC0E901440460C46056
:1005A000D6F82480D8F808404CB940F27121304682
:1005B000FFF716FF0023C8F80800044603604FF059
:1005C0000009EB070AD5394622463046FFF71EFFE1
:1005D000394680463046FFF747FE47466D100BD040
:1005E000206838B9224621463046FFF70FFF2060C9
:1005F000C0F800900446E4E73846BDE8F88300BF41
:10060000B8870200A4850200488602002DE9F04761
:100610000C464968236903EB6218A36807469146B4
:100620004FEA621A08F10106B3420BDB3846FFF7C6
:10063000DBFD054648B90246284B294840F2D9114E
:10064000FDF7C0F901315B00EEE7002300F1140172
:1006500000F110021846534533DB20692AEAEA7A92
:1006600004F1140319F01F0901EB8A0103EB800C5C
:100670002BD0C9F1200E8A460022186800FA09F032
:1006800002434AF8042B53F8042B9C4522FA0EF23D
:10069000F3D8ACEB0403153B23F00303043304F15C
:1006A0001500844538BF0423CA500AB108F1020678
:1006B000013E38462E612146FFF7D6FD2846BDE8AB
:1006C000F08742F8040F0133C5E7043953F8042BCF
:1006D00041F8042F9C45F9D8EAE700BF37860200AD
:1006E0004886020030B502690C69121B0ED100F178
:1006F0001403143103EB840001EB840150F8045D12
:1007000051F8044DA54203D005D30122104630BD57
:100710008342F3D3FAE74FF0FF32F7E72DE9F84FC2
:100720000C460646114620461746FFF7DBFF051E1E
:1007300010D129463046FFF757FD30B9394B0246F4
:1007400040F232213848FDF73DF90123C0E9043574
:10075000BDE8F88FA4BF3B46274630467968A6BF60
:100760001C4600250125FFF73FFD20B92D4B024611
:100770004FF41071E6E73E69C560256907F1140181
:1007800004F1140900F1140E07F1100201EB860CBC
:1007900009EB8505F246002759F8043B52F804BFDF
:1007A0001FFA83F817FA8BF71B0CA7EB0808C3EBAB
:1007B0001B4303EB28431FFA88F81F144D4548EAF2
:1007C00003434AF8043BE7D82B1B153B23F00303F4
:1007D00004331534A54238BF0423194473449E469C
:1007E0000D4665450ED30CF10302521A22F00302A6
:1007F00003398C4538BF00221A4452F8043D7BB1BE
:100800000661A5E755F8048B17FA88F4221402EB69
:100810001842A4B244EA02444EF8044B1714E0E72D
:10082000013EEAE737860200488602002DE9F743D9
:100830008946012157EC106B9046FFF7D5FC044622
:1008400030B90246254B264840F20A31FDF7BAF886
:10085000C7F30A55C7F3130335BB002E019328D005
:1008600068460096FFF78CFD009900B3019AC0F12D
:10087000200302FA03F30B43C24063610192019B20
:10088000A361002B14BF022201222261D5B1A5F27F
:1008900033450544C9F80050C0F13500C8F80000E0
:1008A000204603B0BDE8F08343F48013D5E76161CF
:1008B000E5E701A8FFF764FD019B63610122226166
:1008C0002030E3E704EB8203A0F23240C9F80000D5
:1008D0001869FFF735FDC0EB4210DFE737860200ED
:1008E00048860200F8B5074614460E4621B9BDE811
:1008F000F8401146FDF704BC22B9FDF7B1FB2546CF
:100900002846F8BD00F048FDA0420FD221463846E7
:10091000FDF7F6FB05460028F2D031462246FDF7EA
:100920005FFB31463846FDF79BFBE9E73546E7E7D5
:100930002DE9F0478E689E4282460C4690461F463F
:1009400038D88A8912F4906F32D025680969A5EBEE
:100950000109656905EB450505EBD57501334B4488
:100960006D109D4238BF1D46530531D52946FDF710
:10097000C7FB064650B90C23CAF80030A38943F0E0
:100980004003A3814FF0FF30BDE8F08721694A465C
:10099000FDF726FBA38923F4906343F08003A38132
:1009A000266165614E44A5EB09052660A5603E46BB
:1009B000BE4200D93E46324620684146FDF71EFB46
:1009C000A36822689B1B3244A36022600020DBE7FF
:1009D0002A46FFF787FF06460028E1D121695046E5
:1009E000FDF73EFBC7E700002DE9F04F98468B89E5
:1009F0001B069DB007460D4614460ED50B6963B91C
:100A00004021FDF77DFB2860286120B90C233B6065
:100A10004FF0FF30D1E040236B6100230993202386
:100A20008DF82930CDF80C803023DFF8A8818DF8BF
:100A30002A304FF0010923469A4613F8012B0AB1D8
:100A4000252AF9D1BAEB040B0BD05B462246294686
:100A50003846FFF76DFF013000F0AA80099A5A442A
:100A600009929AF80030002B00F0A28000234FF08A
:100A7000FF32CDE905230AF1010A049307938DF8AB
:100A800053301A935446052214F8011B5148E0F7DD
:100A90003FFC049AD8B9D00644BF20238DF85330C8
:100AA000110744BF2B238DF853309AF800302A2BBE
:100AB00015D0079A544600204FF00A0C214611F831
:100AC000013B303B092B4ED9B0B1079214E0A0EBAB
:100AD000080309FA03F313430493A246D2E7039BE6
:100AE000191D1B680391002BBBBF5B4242F0020241
:100AF00007930793B8BF049223782E2B0CD1637809
:100B00002A2B35D1039B1A1D1B680392002BB8BFFB
:100B10004FF0FF3302340593DFF8C8A02178032299
:100B20005046E0F7F5FB40B14023A0EB0A0003FA82
:100B300000F0049B03430134049314F8011B26487E
:100B40008DF828100622E0F7E3FB002838D0234B6D
:100B50001BBB039B073323F0070308330393099B55
:100B60003344099367E70CFB02320C460120A5E7EA
:100B700000230134059319464FF00A0C204610F863
:100B8000012B303A092A03D9002BC5D00591C3E7C0
:100B90000CFB012104460123F0E703AB00932A4636
:100BA0000F4B04A93846FDF7EFFC421C0646D6D190
:100BB000AB895B063FF52CAF09981DB0BDE8F08FFF
:100BC00003AB00932A46064B04A93846FDF768FF9D
:100BD000EBE700BF548502005E85020089E5010055
:100BE000310902005A85020038B54B1C144603D166
:100BF0004FF0FF35284638BD938923F020039381B9
:100C0000636B5268CDB28BB1A36B934208DD23684E
:100C10005A1E226003F8015C636801336360E9E7F0
:100C2000214600F04BFB0028F1D0E1E72169236861
:100C300051B1994208D213F8011CA94204D1013BD9
:100C4000013223606260D5E7C4E90F3204F1440346
:100C500063630323A363234603F8465F23600123F2
:100C6000DCE710B50C46496B69B104F144039942C5
:100C700001D0FDF7F5F9236C63600020606313B1C8
:100C8000E36B236010BD2369236000236360A389A5
:100C900043F02003A3814FF0FF30F3E72DE9F04F3D
:100CA0000C46ADF5237D0021CDE94411B249A09158
:100CB0000DF10408B149B24FDFF8C892CDF81881A0
:100CC0000646A191009392F800A0BAF1000F00F03F
:100CD00051811AF8073013F0080302F1010519D009
:100CE0006368002B0FDD23681A78BA5C120701D401
:100CF0002A46E8E7459A0132459262680133013A93
:100D000062602360ECE7A19B2146304698470028AB
:100D1000E9D0EDE7BAF1250F40F08380419343938A
:100D200053782A2B02BF1023951C41930A22AB460D
:100D30001BF8011BA1F13003092B1DD99148032297
:100D4000E0F7E6FA40B10123A0EB090003FA00F056
:100D5000419B184341905D4615F8013B782B06D81E
:100D6000572B10D8252B5CD056D8002B74D00323DA
:100D700047930A23429381E0439B02FB0313303BDA
:100D800043935D46D3E7A3F15802202AEFD801A18F
:100D900051F822F0670E02006F0D02006F0D020085
:100DA000C50E02006F0D02006F0D02006F0D0200F4
:100DB0006F0D02006F0D02006F0D02006F0D02003B
:100DC000DB0E0200B10E02001F0E02001F0E020019
:100DD0001F0E02006F0D0200B50E02006F0D020023
:100DE0006F0D02006F0D02006F0D0200EB0E02008E
:100DF000BD0E02005F0E02006F0D02006F0D0200BB
:100E0000E70E02006F0D0200B10E02006F0D02002E
:100E10006F0D0200670E0200453B022BA7D8052389
:100E20002BE06368002B0DDD23681A78524540F0F3
:100E3000A180013362682360459B013A01336260FF
:100E4000459355E7A19B2146304698470028EBD0B3
:100E50004498002840F084804FF0FF3086E0419AAB
:100E600042F020024192419A42F4007241921022D3
:100E70006F2B429234BF0323042347936368002BF4
:100E800041DD419B590604D423681A78BA5C1207E5
:100E900040D4479B022B4FDC6B46224641A930468B
:100EA00000F074F8012865D002287FF421AFCFE765
:100EB0000A22DDE7002342930323DEE7082342935F
:100EC0000423DAE72946404600F0BEF9419B43F08F
:100ED0004003419305460123CFE7419B43F0400384
:100EE00041930023C9E70223C7E74198C3063FF5B2
:100EF000FFAE009B459A191D00911B68C0074CBFAF
:100F00001A801A60F4E6A19B2146304698470028D3
:100F1000B7D09DE7459A013245926268013A002AAE
:100F2000626002DD01332360AEE7A19B21463046BB
:100F300098470028A8D08BE7042B06DC6B46224696
:100F400041A9304600F07AF8ACE70F4B002B3FF494
:100F5000CFAE6B46224641A93046AFF30080A1E7F1
:100F6000A38913F0400F18BF4FF0FF300DF5237D1C
:100F7000BDE8F08F4498F9E7E90B0200630C02002A
:100F8000F08302005A850200000000002DE9F843BA
:100F900015468A6880460C4632B98A69002A0CBF19
:100FA00001224FF0FF328A602268DFF88C90D10670
:100FB0005FBF1A68111D196016680027A06988B103
:100FC000012807D12B681A7863699B5C53B927BB4A
:100FD000BDE8F883022820D12B681B7813F809306C
:100FE0001B071AD42368DA065EBF2B681B7806F845
:100FF000013B2A686B6801322A60A268013B013A12
:101000006B600137A26042B1002BD7DCD4F880318D
:101010002946404698470028D0D0236813F0100393
:1010200005D1E2680132E260A26902B1337023693E
:101030001F4427610020CBE7F08302002DE9F04F29
:101040009846744B0C468246164693E8070087B0D4
:1010500003AB83E80700704BA169704A032918BFEE
:101060001A46A36801925A1EB2F5AE7F88BF6FF48C
:10107000AE75274682BF03EB050940F25D13A360FE
:1010800057F81C3B43F4506398BF4FF000092360AE
:101090003D464FF0000B316803AB097853F82B0045
:1010A0000222E0F735F928B3BBF1010F59D162688C
:1010B0002AB92268082342F4007263602260226821
:1010C00022F4A0622260A268511EA16092B132682F
:1010D000511C3160127805F8012B7268013A002A20
:1010E000726007DCD4F880213146504690470028D2
:1010F00040F085800BF1010BBBF1030FCBD163688E
:101100000BB90A236360636845496069C91A00F036
:101110009BF84FF0000BA3682268002B3DD031688C
:10112000606991F800C010F80C00002835D0BCF1BF
:10113000300F24D1100522D50BF1010BB9F1000FAE
:1011400003D0013309F1FF39A3607368013B002B21
:1011500073601BDD336801333360A368013BA36018
:10116000D9E7BBF1020FAED1226802F4C061B1F53C
:10117000007FBFD11023636042F48072A2E722F4A3
:10118000106222600B7805F8013BDEE7D4F880316D
:101190003146504698470028DFD02368D9050DD541
:1011A000BD4209D915F8011CD4F87C3132465046AD
:1011B000984705F1FF394D46BD4228D0226812F00C
:1011C000100213D12A706368019E39465046B04719
:1011D000D8F8003021681A1DC8F8002011F0200F3F
:1011E0001B680FD01860E3680133E360ED1BAB446C
:1011F00025695D442561002007B0BDE8F08F4FF000
:10120000000BCAE7CA074CBF18801860EBE7012043
:10121000F2E700BFA41402009DF201008DF101006D
:10122000DD87020038B5074D044608461146002206
:101230002A601A46F3F75EFE431C02D12B6803B105
:10124000236038BD7812012070B50B7804465E2B00
:101250000BBF4B78481C881C002208BF0122611E6E
:1012600004F1FF0501F8012FA942FBD10BB90138A8
:1012700070BD82F00101E154421C12F8015C2D2D79
:1012800002F1FF36104606D05D2DF1D00DB9304683
:10129000EEE72B46EFE716785D2EFAD0B342F8DC86
:1012A0001846013086422154FBDCD84330445D1C93
:1012B000B342A8BF00202B180232DEE72DE9F0412F
:1012C0000C46496B04F1440399421DD14FF48061EF
:1012D000FCF716FF18B94FF0FF30BDE8F0814FF46E
:1012E0008063A36394F84630606380F8FF3394F81A
:1012F000453080F8FE3394F8443080F8FD3300F236
:10130000FD3020600020E8E7A66B77003A46FFF743
:10131000E9FA05460028DED000EB06080146324611
:101320004046FCF75DFEC4E90D57C4F80080E9E7CC
:1013300038B5074D00230446084611462B6000F0DF
:1013400049F8431C02D12B6803B1236038BD00BFAC
:101350007812012038B5064D0023044608462B605C
:1013600000F048F8431C02D12B6803B1236038BD5C
:101370007812012082B001B901A942B14BB11378B2
:101380000B601278101E18BF012002B07047104683
:10139000FBE76FF00100F8E751F8043C181F002B41
:1013A000BCBF0B58C018704749B1FF2A85BF8A23BC
:1013B00003600A704FF0FF3098BF01207047084665
:1013C00070470000024B58221A604FF0FF30704700
:1013D00078120120024B58221A604FF0FF307047FC
:1013E00078120120024B58221A604FF0FF307047EC
:1013F00078120120024B58221A600020704700BF6B
:1014000078120120024B58221A604FF0FF307047CB
:1014100078120120024B58221A604FF0FF307047BB
:1014200078120120FEE700BF00000000000000006D
:1014300000000000000000000000000000020101A8
:1014400001010300000000000002434000C24240CE
:10145000000000000002434000C2424000000000C3
:1014600000404340008043400003080000000002A9
:10147000000200000002000200000C06060902093A
:101480000000010080FA00030800000000020002D2
:1014900000000002000200000C060600FFFFFFFF34
:1014A000FFFFFFFFC4870200C7870200CA87020050
:1014B00062617369635F737472696E673A3A5F4D14
:1014C0005F636F6E737472756374206E756C6C20DD
:1014D0006E6F742076616C696400696E6465782E45
:1014E0007368746D6C00636F72616C5F6D696372B9
:1014F0006F5F63616D6572612E68746D6C0063610E
:101500006E6E6F7420637265617465207374643AE3
:101510003A766563746F72206C61726765722074CD
:1015200068616E206D61785F73697A65282900555E
:101530006E61626C6520746F2067657420667261ED
:101540006D652066726F6D2063616D6572610D0A55
:1015500000496D61676520636F6C6C656374696FCA
:101560006E204854545020736572766572206F76F1
:101570006572205553420D0A0053657276696E6795
:10158000206F6E3A20687474703A2F2F25730D0AFD
:10159000002F696E6465782E68746D6C002F63612E
:1015A0006D6572615F73747265616D004E554C4C70
:1015B00020213D207461736B48616E646C65002F5F
:1015C000636F72616C6D6963726F2F7468697264A6
:1015D0005F70617274792F6E78702F727431313749
:1015E000362D73646B2F636F6D706F6E656E7473E1
:1015F0002F6F73612F66736C5F6F735F61627374BB
:1016000072616374696F6E5F667265655F72746F35
:10161000732E63004E554C4C20213D206D75746532
:101620007848616E646C65004E554C4C20213D201D
:101630006576656E7448616E646C650070645041D7
:101640005353203D3D20726573756C74004E554CAC
:101650004C20213D206D73677148616E646C65009C
:101660004F53415F4D7574657843726561746500D1
:101670004F53415F4D757465784C6F636B004F53EA
:10168000415F4D75746578556E6C6F636B004F5399
:10169000415F4D7574657844657374726F79004F5E
:1016A00053415F4576656E74437265617465004FA2
:1016B00053415F4576656E74536574004F53415FC7
:1016C0004576656E7457616974004F53415F457686
:1016D000656E7444657374726F79004F53415F4D4A
:1016E000736751437265617465004F53415F4D7379
:1016F0006751507574004F53415F4D736751476593
:1017000074004F53415F4D73675144657374726F3A
:10171000790066726571002F636F72616C6D696329
:10172000726F2F74686972645F70617274792F6E62
:1017300078702F7274313137362D73646B2F646576
:1017400076696365732F4D494D58525431313736A0
:101750002F647269766572732F66736C5F636C6F4A
:10176000636B2E68004661696C656420746F206944
:101770006E697469616C697A6520534452414D2EDB
:101780000D0A00434C4F434B5F476574526F6F74B3
:10179000436C6F636B4672657100020503000716A8
:1017A0000F1C02050300140F0918020503000F188F
:1017B000090D02050300140F09180205030018099A
:1017C0000B11020503001018090D02050300101883
:1017D0000B0902050300140F0A1802050300091083
:1017E000180A020503001018090D0205030010185D
:1017F000090D020503000F181A0D02050300101849
:10180000090D020503001018090D02050300101848
:1018100013140205030010181A1C02050300101807
:101820001A1C0205030010181314020503001018F7
:101830001314020503001018131402050300110904
:101840000C0F0205030011090C0F0205030010180C
:10185000090D020503001018090D02050300140FFD
:101860000D18020503001018090D020503001018D9
:10187000090D020503001018090D020503001018D8
:10188000090D020503001018090D020503001018C8
:10189000090D020503001018090D020503001018B8
:1018A000090D020503001018090D020503001018A8
:1018B000090D02050300140F0D1802050300140F93
:1018C0000D18020503001018090D02050300101879
:1018D000090D020503001018090D02050300101878
:1018E000090D02050300140F0D1802050300140F63
:1018F0000D18020503001318090D02050300131843
:10190000090D020503001318090D02050300131841
:10191000090D02050300140F131802050300140F2C
:101920001318020503001018090D02050300101812
:10193000090D02050300171A180B02050300171AF8
:10194000180B02050300171A180B02050300171ADB
:10195000180B02050300171A180B02050300171ACB
:10196000180B02050300171A180B020503000C0AD6
:101970001807020503000C0A1807020503001810D7
:101980001A0D0205030018101A0D02050300140FAA
:101990001A18020503001A0F130D020503001A138B
:1019A000180D020503001A13180D020503001A137F
:1019B000180D02050300140F1A1802050300090B85
:1019C0000F1C02050300090C111C02050300090C81
:1019D000111C02050300090A111C02050300090A73
:1019E000111C020503000C0F0A1C020503000C0F5A
:1019F0000A1C020503000C0F0A1C020503000C0F51
:101A0000121C020503000C091218020503000D0147
:101A1000121A434C4F434B5F476574526F6F7443C8
:101A20006C6F636B4672657100000000000000007F
:101A300084000000200400004D000000640000004D
:101A400000000000000000000205030007160F1C44
:101A500002050300140F0918020503000F18090DF1
:101A600002050300140F09180205030018090B11E1
:101A7000020503001018090D0205030010180B09D8
:101A800002050300140F0A18020503000910180AC2
:101A9000020503001018090D020503001018090DB6
:101AA000020503000F181A0D020503001018090D96
:101AB000020503001018090D020503001018131485
:101AC0000205030010181A1C0205030010181A1C46
:101AD0000205030010181314020503001018131454
:101AE00002050300101813140205030011090C0F5E
:101AF0000205030011090C0F020503001018090D5F
:101B0000020503001018090D02050300140F0D183B
:101B1000020503001018090D020503001018090D35
:101B2000020503001018090D020503001018090D25
:101B3000020503001018090D020503001018090D15
:101B4000020503001018090D020503001018090D05
:101B5000020503001018090D020503001018090DF5
:101B600002050300140F0D1802050300140F0D18D1
:101B7000020503001018090D020503001018090DD5
:101B8000020503001018090D020503001018090DC5
:101B900002050300140F0D1802050300140F0D18A1
:101BA000020503001318090D020503001318090D9F
:101BB000020503001318090D020503001318090D8F
:101BC00002050300140F131802050300140F131865
:101BD000020503001018090D020503001018090D75
:101BE00002050300171A180B02050300171A180B39
:101BF00002050300171A180B02050300171A180B29
:101C000002050300171A180B02050300171A180B18
:101C100002050300171A180B020503000C0A180727
:101C2000020503000C0A18070205030018101A0D1C
:101C30000205030018101A0D02050300140F1A18EC
:101C4000020503001A0F130D020503001A13180DE5
:101C5000020503001A13180D020503001A13180DCC
:101C600002050300140F1A1802050300090B0F1CCC
:101C700002050300090C111C02050300090C111CCC
:101C800002050300090A111C02050300090A111CC0
:101C9000020503000C0F0A1C020503000C0F0A1CAE
:101CA000020503000C0F0A1C020503000C0F121C96
:101CB000020503000C091218020503000D01121A97
:101CC0000100000000000000000000000100000012
:101CD000000000000000000045656D456E64706FF7
:101CE000696E7473496E6974206661696C65640D10
:101CF0000A005B45454D5D20556E68616E646C65FC
:101D00006420636C617373207265717565737420F0
:101D1000257820257820726571756573743A2025C1
:101D2000780D0A00257320756E68616E646C6564B9
:101D300020256C750D0A005553425F446576696332
:101D40006543646345656D4576656E740021286E54
:101D50006F6E4361636865537461727420252073EC
:101D6000697A6529002F636F72616C6D6963726FA8
:101D70002F74686972645F70617274792F6D6F641B
:101D800069666965642F6E78702F727431313736E9
:101D90002D73646B2F626F6172642E630073697AB6
:101DA00065203D3D202875696E7433325F742928A3
:101DB00031203C3C2069290069203E3D203500212E
:101DC0002872706D736753686D656E5374617274B9
:101DD00020252072706D736753686D656E53697A44
:101DE00065290072706D736753686D656E53697A0B
:101DF00065203D3D202875696E7433325F74292853
:101E000031203C3C20692900434C4F434B5F4765E0
:101E100074526F6F74436C6F636B467265710042EE
:101E20004F4152445F436F6E6669674D50550002E3
:101E300005030007160F1C02050300140F09180202
:101E40000503000F18090D02050300140F091802FD
:101E500005030018090B11020503001018090D02F3
:101E600005030010180B0902050300140F0A1802DD
:101E70000503000910180A020503001018090D02D5
:101E80000503001018090D020503000F181A0D02B2
:101E90000503001018090D020503001018090D02B2
:101EA000050300101813140205030010181A1C0271
:101EB00005030010181A1C02050300101813140261
:101EC0000503001018131402050300101813140260
:101ED00005030011090C0F0205030011090C0F0284
:101EE0000503001018090D020503001018090D0262
:101EF000050300140F0D18020503001018090D0248
:101F00000503001018090D020503001018090D0241
:101F10000503001018090D020503001018090D0231
:101F20000503001018090D020503001018090D0221
:101F30000503001018090D020503001018090D0211
:101F40000503001018090D02050300140F0D1802F7
:101F5000050300140F0D18020503001018090D02E7
:101F60000503001018090D020503001018090D02E1
:101F70000503001018090D02050300140F0D1802C7
:101F8000050300140F0D18020503001318090D02B4
:101F90000503001318090D020503001318090D02AB
:101FA0000503001318090D02050300140F1318028E
:101FB000050300140F1318020503001018090D0281
:101FC0000503001018090D02050300171A180B026B
:101FD000050300171A180B02050300171A180B0245
:101FE000050300171A180B02050300171A180B0235
:101FF000050300171A180B02050300171A180B0225
:102000000503000C0A1807020503000C0A18070252
:1020100005030018101A0D0205030018101A0D020E
:10202000050300140F1A18020503001A0F130D02FE
:102030000503001A13180D020503001A13180D02E8
:102040000503001A13180D02050300140F1A1802D5
:10205000050300090B0F1C02050300090C111C02EB
:10206000050300090C111C02050300090A111C02DA
:10207000050300090A111C020503000C0F0A1C02CB
:102080000503000C0F0A1C020503000C0F0A1C02BA
:102090000503000C0F121C020503000C09121802A4
:1020A0000503000D01121A00C9F70000F9F700003E
:1020B0000FF5000001000000A1F20000F9F200009D
:1020C0002BEF000002000000BD280000ED280000FA
:1020D0000529000003000000552B0000E12B000043
:1020E000FF2B0000040000000000000000000000C2
:1020F00000000000000000002F636F72616C6D69CA
:1021000063726F2F74686972645F70617274792F83
:102110006E78702F7274313137362D73646B2F6384
:102120006F6D706F6E656E74732F666C6173682F60
:102130006E616E642F666C65787370692F66736C60
:102140005F666C65787370695F6E616E645F666C04
:102150006173682E63004E616E645F466C617368E4
:102160005F496E6974004E554C4C20213D207561CD
:10217000727448616E646C65002F636F72616C6D80
:102180006963726F2F74686972645F7061727479C9
:102190002F6E78702F7274313137362D73646B2F38
:1021A000636F6D706F6E656E74732F756172742FCF
:1021B00066736C5F616461707465725F6C70756189
:1021C00072742E63004E554C4C20213D2068616E88
:1021D000646C65004E554C4C20213D20636F6E664B
:1021E000696700636F6E6669672D3E696E7374611F
:1021F0006E6365203C202873697A656F6628735F7B
:102200004C7075617274416461707465724261737F
:102210006529202F2073697A656F66284C505541D7
:1022200052545F54797065202A2929004E554C4C30
:1022300020213D20735F4C70756172744164617040
:10224000746572426173655B636F6E6669672D3E8C
:10225000696E7374616E63655D004E554C4C202150
:102260003D2064617461006C656E677468203E2077
:102270003055007561727448616E646C652D3E6DF9
:102280006F646520213D206B48414C5F556172743D
:10229000426C6F636B4D6F64650048414C5F5561E4
:1022A0007274496E7465727275707448616E646C94
:1022B000650048414C5F55617274496E697400480D
:1022C000414C5F55617274496E7374616C6C43610B
:1022D0006C6C6261636B0048414C5F556172745273
:1022E0006563656976654E6F6E426C6F636B696E90
:1022F000670048414C5F5561727453656E644E6F60
:102300006E426C6F636B696E670048414C5F55614C
:10231000727441626F7274526563656976650048D4
:10232000414C5F5561727449737246756E6374698E
:102330006F6E00000000000000C007400000084071
:10234000004008400080084000C0084000000940EC
:10235000004009400080094000C0094000000A40D8
:102360000040C2400080C24080FF140015001600EB
:102370001700180019001A001B001C001D001E0089
:102380001F00636F6E6669672D3E6A6F6252696EE9
:1023900067496E746572666163655B305D002F63CB
:1023A0006F72616C6D6963726F2F74686972645FBC
:1023B00070617274792F6E78702F72743131373684
:1023C0002D73646B2F646576696365732F4D494D7A
:1023D000585254313137362F647269766572732FD3
:1023E00066736C5F6361616D2E63004341414D5FB5
:1023F000496E697400000000000080B020002012C7
:102400000000000004008212000000000200508260
:1024100000007060000000000000000028636F6E84
:102420006669672D3E6C6F6F70446976696465728A
:10243000203C3D202875696E7433325F7429415207
:102440004D5F504C4C5F4449565F53454C5F4D4186
:1024500058292026262028636F6E6669672D3E6CFA
:102460006F6F7044697669646572203E3D202875FF
:10247000696E7433325F742941524D5F504C4C5F2A
:102480004449565F53454C5F4D494E29002F636FB9
:1024900072616C6D6963726F2F74686972645F70CA
:1024A000617274792F6E78702F7274313137362DD6
:1024B00073646B2F646576696365732F4D494D585E
:1024C0005254313137362F647269766572732F66D4
:1024D000736C5F636C6F636B2E6300667261632065
:1024E0003C3D202875696E74385F74295046445FFE
:1024F000465241435F4D41580066726163203E3D44
:10250000202875696E74385F74295046445F4652BE
:1025100041435F4D494E0066616C73650028706CE5
:102520006C203D3D206B434C4F434B5F506C6C53D4
:1025300079733229207C7C2028706C6C203D3D20F2
:102540006B434C4F434B5F506C6C53797333290092
:1025500066726163203E3D202875696E7433325F78
:1025600074295046445F465241435F4D494E0066D0
:10257000726163203C3D202875696E7433325F744C
:10258000295046445F465241435F4D4158006672B0
:10259000657120213D2030554C00434C4F434B5F2B
:1025A000476574526F6F74436C6F636B46726571ED
:1025B00000434C4F434B5F496E697441726D506CE0
:1025C0006C00434C4F434B5F496E69745066640026
:1025D000434C4F434B5F4765745066644672657168
:1025E00000434C4F434B5F536574506C6C427970A1
:1025F00061737300434C4F434B5F476574506C6C81
:102600004672657100434C4F434B5F476574467299
:102610006571000205030007160F1C020503001474
:102620000F0918020503000F18090D020503001415
:102630000F09180205030018090B11020503001009
:1026400018090D0205030010180B090205030014F8
:102650000F0A18020503000910180A0205030010EA
:1026600018090D020503001018090D020503000FDB
:10267000181A0D020503001018090D0205030010B9
:1026800018090D02050300101813140205030010A9
:10269000181A1C0205030010181A1C02050300106A
:1026A0001813140205030010181314020503001078
:1026B0001813140205030011090C0F020503001181
:1026C000090C0F020503001018090D020503001084
:1026D00018090D02050300140F0D18020503001060
:1026E00018090D020503001018090D02050300105A
:1026F00018090D020503001018090D02050300104A
:1027000018090D020503001018090D020503001039
:1027100018090D020503001018090D020503001029
:1027200018090D020503001018090D020503001415
:102730000F0D1802050300140F0D180205030010F9
:1027400018090D020503001018090D0205030010F9
:1027500018090D020503001018090D0205030014E5
:102760000F0D1802050300140F0D180205030013C6
:1027700018090D020503001318090D0205030013C3
:1027800018090D020503001318090D0205030014B2
:102790000F131802050300140F131802050300108D
:1027A00018090D020503001018090D020503001792
:1027B0001A180B02050300171A180B02050300175D
:1027C0001A180B02050300171A180B02050300174D
:1027D0001A180B02050300171A180B02050300173D
:1027E0001A180B020503000C0A1807020503000C57
:1027F0000A18070205030018101A0D020503001835
:10280000101A0D02050300140F1A18020503001A0E
:102810000F130D020503001A13180D020503001A09
:1028200013180D020503001A13180D0205030014F6
:102830000F1A1802050300090B0F1C0205030009FB
:102840000C111C02050300090C111C0205030009F0
:102850000A111C02050300090A111C020503000CE1
:102860000F0A1C020503000C0F0A1C020503000CD2
:102870000F0A1C020503000C0F121C020503000CBA
:10288000091218020503000D01121A636F756E74A8
:10289000203C3D2055494E5433325F4D4158002F66
:1028A000636F72616C6D6963726F2F7468697264B3
:1028B0005F70617274792F6E78702F727431313756
:1028C000362D73646B2F646576696365732F4D498C
:1028D0004D585254313137362F64726976657273B0
:1028E0002F66736C5F636F6D6D6F6E5F61726D2EBF
:1028F00063004457545F4354524C5F4E4F43594317
:10290000434E545F4D736B20213D20284457542D76
:102910003E4354524C2026204457545F4354524C5B
:102920005F4E4F435943434E545F4D736B290065CF
:102930006E61626C654370754379636C65436F7556
:102940006E7465720053444B5F44656C61794174E9
:102950004C65617374557300696E7374616E636561
:10296000203C2041525241595F53495A4528735FD8
:10297000637369426173657329002F636F72616CC1
:102980006D6963726F2F74686972645F70617274CD
:10299000792F6E78702F7274313137362D73646BE6
:1029A0002F646576696365732F4D494D58525431D4
:1029B0003137362F647269766572732F66736C5F78
:1029C0006373692E63004353495F476574496E73AF
:1029D00074616E6365004353495F496E69740043D7
:1029E00053495F5472616E736665724372656174B8
:1029F0006548616E646C65004353495F5472616E53
:102A0000736665725374617274004353495F547204
:102A1000616E7366657253746F7000696E73746172
:102A20006E6365203C2041525241595F53495A45DB
:102A300028735F65646D61426173657329002F635C
:102A40006F72616C6D6963726F2F74686972645F15
:102A500070617274792F6E78702F727431313736DD
:102A60002D73646B2F646576696365732F4D494DD3
:102A7000585254313137362F647269766572732F2C
:102A800066736C5F65646D612E63006368616E6E72
:102A9000656C203C202875696E7433325F7429465A
:102AA000534C5F464541545552455F45444D415F47
:102AB0004D4F44554C455F4348414E4E454C007484
:102AC000636420213D204E554C4C00282875696ECA
:102AD0007433325F74297463642026203078314661
:102AE0005529203D3D2030550068616E646C65209D
:102AF000213D204E554C4C007374617274496E73C5
:102B000074616E63654E756D203C3D20696E737413
:102B1000616E63650045444D415F4765744368617C
:102B20006E6E656C537461747573466C6167730087
:102B300045444D415F48616E646C6549525100697E
:102B40006E646578203C206D6178002F636F726140
:102B50006C6D6963726F2F74686972645F70617203
:102B600074792F6E78702F7274313137362D73640B
:102B70006B2F646576696365732F4D494D585254C8
:102B8000313137362F647269766572732F66736CD4
:102B90005F656E65742E6300696E7374616E636544
:102BA000203C2041525241595F53495A4528735F96
:102BB000656E657442617365732900454E45545FC7
:102BC000476574496E7374616E6365007372632048
:102BD000213D204E554C4C002F636F72616C6D6926
:102BE00063726F2F74686972645F70617274792F99
:102BF0006E78702F7274313137362D73646B2F6499
:102C00006576696365732F4D494D5852543131379C
:102C1000362F647269766572732F66736C5F666CAB
:102C200065787370692E6300696E7374616E636595
:102C3000203C2041525241595F53495A4528735F05
:102C4000666C657873706942617365732900696E9B
:102C5000646578203C2036345500464C4558535026
:102C6000495F4D656D73657400464C455853504936
:102C70005F476574496E7374616E636500464C45C9
:102C8000585350495F436865636B416E64436C659C
:102C900061724572726F7200464C45585350495FDD
:102CA0005570646174654C5554008A1C1D70696EC2
:102CB000203C20333255002F636F72616C6D696365
:102CC000726F2F74686972645F70617274792F6EAD
:102CD00078702F7274313137362D73646B2F6465C1
:102CE00076696365732F4D494D58525431313736EB
:102CF0002F647269766572732F66736C5F67706993
:102D00006F2E6300696E7374616E6365203C2041B1
:102D1000525241595F53495A4528735F6770696F32
:102D2000426173657329004750494F5F4765744995
:102D30006E7374616E6365004750494F5F50696EF2
:102D400057726974650000000000000000C0124066
:102D500000001340004013400080134000C01340A7
:102D60000000144000C0C5400000C6400040C640FE
:102D70000080C64000C0C6400000C7400000CA40F6
:102D80000080004200C000428A3333333333333390
:102D9000333333333333696E7374616E6365203C50
:102DA0002041525241595F53495A4528735F677019
:102DB00074426173657329002F636F72616C6D6972
:102DC00063726F2F74686972645F70617274792FB7
:102DD0006E78702F7274313137362D73646B2F64B7
:102DE0006576696365732F4D494D585254313137BB
:102DF000362F647269766572732F66736C5F6770C5
:102E0000742E63004E554C4C20213D20696E697430
:102E1000436F6E6669670064697669646572202D28
:102E2000203155203C3D204750545F50525F505256
:102E3000455343414C45525F4D41534B002F636F07
:102E400072616C6D6963726F2F74686972645F7010
:102E5000617274792F6E78702F7274313137362D1C
:102E600073646B2F646576696365732F4D494D58A4
:102E70005254313137362F647269766572732F661A
:102E8000736C5F6770742E68004750545F536574AD
:102E9000436C6F636B446976696465720047505494
:102EA0005F476574496E7374616E63650047505483
:102EB0005F496E6974004750545F476574446566A6
:102EC00061756C74436F6E666967000000000000F6
:102ED00000C00E4000000F4000400F4000800F4037
:102EE00000C00F40000010408A40414243444573F7
:102EF0006F75726365436C6F636B5F487A203E2029
:102F00003055002F636F72616C6D6963726F2F743F
:102F1000686972645F70617274792F6E78702F7255
:102F200074313137362D73646B2F64657669636550
:102F3000732F4D494D585254313137362F647269D1
:102F4000766572732F66736C5F6C706932632E6383
:102F500000696E7374616E6365203C20415252417A
:102F6000595F53495A45286B4C706932634261730B
:102F7000657329004E554C4C20213D207472616EC2
:102F800073666572007472616E736665722D3E734E
:102F900075626164647265737353697A65203C3D40
:102FA0002073697A656F66287472616E73666572E4
:102FB0002D3E7375626164647265737329006C7071
:102FC0006932634D617374657248616E646C65202B
:102FD000213D204E554C4C004C504932435F4765D3
:102FE00074496E7374616E6365004C504932435F7F
:102FF0004765744379636C6573466F72576964748F
:1030000068004C504932435F4D617374657254726D
:10301000616E7366657243726561746548616E6462
:103020006C65004C504932435F52756E5472616E4C
:103030007366657253746174654D616368696E652A
:10304000004C504932435F4D617374657254726134
:103050006E736665724E6F6E426C6F636B696E67FE
:10306000004C504932435F4D617374657254726114
:103070006E7366657248616E646C654952510000FA
:1030800000000000004010400080104000C01040D0
:10309000000011400040C3400080C3408A62636466
:1030A0006566670080FF20002100220023002400C5
:1030B000250074784461746120213D204E554C4CAC
:1030C000002F636F72616C6D6963726F2F74686932
:1030D00072645F70617274792F6E78702F727431C0
:1030E0003137362D73646B2F646576696365732F92
:1030F0004D494D585254313137362F6472697665D7
:1031000072732F66736C5F6C707370692E630073DB
:103110005F6C7073706948616E646C655B315D20D3
:10312000213D204E554C4C00735F6C7073706948A4
:10313000616E646C655B325D20213D204E554C4CC8
:1031400000735F6C7073706948616E646C655B33AB
:103150005D20213D204E554C4C00735F6C707370A8
:103160006948616E646C655B345D20213D204E557D
:103170004C4C00735F6C7073706948616E646C6571
:103180005B355D20213D204E554C4C00735F6C70CB
:1031900073706948616E646C655B365D20213D200B
:1031A0004E554C4C004C50535049315F4472697637
:1031B000657249525148616E646C6572004C50539F
:1031C0005049325F44726976657249525148616E66
:1031D000646C6572004C50535049335F4472697699
:1031E000657249525148616E646C6572004C50536F
:1031F0005049345F44726976657249525148616E34
:10320000646C6572004C50535049355F4472697666
:10321000657249525148616E646C6572004C50533E
:103220005049365F44726976657249525148616E01
:10323000646C6572002F636F72616C6D6963726F8D
:103240002F74686972645F70617274792F6E787020
:103250002F7274313137362D73646B2F6465766944
:103260006365732F4D494D585254313137362F64B1
:103270007269766572732F66736C5F6C70756172BC
:10328000742E6300696E7374616E6365203C204127
:10329000525241595F53495A4528735F6C707561AA
:1032A0007274426173657329003055203C20636F4E
:1032B0006E6669672D3E62617564526174655F4236
:1032C0007073002875696E74385F742946534C5FBB
:1032D000464541545552455F4C50554152545F4606
:1032E00049464F5F53495A456E28626173652920EC
:1032F0003E20636F6E6669672D3E74784669666F1F
:1033000057617465726D61726B002875696E7438EF
:103310005F742946534C5F464541545552455F4CB6
:1033200050554152545F4649464F5F53495A456E86
:10333000286261736529203E20636F6E6669672D80
:103340003E72784669666F57617465726D61726B23
:10335000004C50554152545F476574496E73746117
:103360006E6365004C50554152545F496E6974005C
:103370004C50554152545F47657444656661756CA5
:1033800074436F6E666967000000000000C007406C
:1033900000000840004008400080084000C008408D
:1033A00000000940004009400080094000C0094079
:1033B00000000A400040C2400080C2408A56575870
:1033C000595A5B5C5D5E5F6061696E7374616E63C8
:1033D00065203C202873697A656F6628735F6D7578
:1033E000426173657329202F2073697A656F66289F
:1033F000735F6D7542617365735B305D2929002FC2
:10340000636F72616C6D6963726F2F746869726447
:103410005F70617274792F6E78702F7274313137EA
:10342000362D73646B2F646576696365732F4D4920
:103430004D585254313137362F6472697665727344
:103440002F66736C5F6D752E6300726567496E64DD
:103450006578203C204D555F54525F434F554E5484
:10346000004D555F476574496E7374616E63650006
:103470004D555F53656E644D736700696E7374617B
:103480006E6365203C2041525241595F53495A4571
:1034900028735F70646D426173657329002F636FD9
:1034A00072616C6D6963726F2F74686972645F70AA
:1034B000617274792F6E78702F7274313137362DB6
:1034C00073646B2F646576696365732F4D494D583E
:1034D0005254313137362F647269766572732F66B4
:1034E000736C5F70646D2E6300735F70646D486110
:1034F0006E646C655B305D20213D204E554C4C0068
:1035000050444D5F4556454E545F4472697665722E
:1035100049525148616E646C657200696E737461E2
:103520006E6365203C2041525241595F53495A45D0
:1035300028735F70776D426173657329002F636F25
:1035400072616C6D6963726F2F74686972645F7009
:10355000617274792F6E78702F7274313137362D15
:1035600073646B2F646576696365732F4D494D589D
:103570005254313137362F647269766572732F6613
:10358000736C5F70776D2E630063686E6C50617250
:10359000616D730070776D467265715F487A006E79
:1035A000756D4F6643686E6C7300737263436C6F26
:1035B000636B5F487A0050574D5F476574496E737F
:1035C00074616E63650050574D5F496E69740050B9
:1035D000574D5F47657444656661756C74436F6EE3
:1035E0006669670050574D5F536574757050776D0D
:1035F000008A8A8A8A4F4F4F4F5050505051515134
:103600005152525252696E7374616E6365203C2050
:1036100041525241595F53495A4528735F73656D52
:1036200063426173657329002F636F72616C6D690A
:1036300063726F2F74686972645F70617274792F3E
:103640006E78702F7274313137362D73646B2F643E
:103650006576696365732F4D494D58525431313742
:10366000362F647269766572732F66736C5F73654B
:103670006D632E6300636C6B5372635F487A202125
:103680003D20307830305500636F6E6669672021C9
:103690003D204E554C4C00636F6E666967757265D0
:1036A00020213D204E554C4C00636C6B5372635F80
:1036B000487A203E20307830305500636F6E66695E
:1036C000672D3E7265667265736842757273744CDD
:1036D000656E203E2030783030550053454D435FB5
:1036E000476574496E7374616E63650053454D435D
:1036F0005F436F6E7665727454696D696E670053CF
:10370000454D435F47657444656661756C74436FEE
:103710006E6669670053454D435F496E6974005397
:10372000454D435F436F6E666967757265534452DA
:10373000414D0053454D435F53656E644950436F9F
:103740006D6D616E64006461746574696D652021DE
:103750003D204E554C4C002F636F72616C6D696358
:10376000726F2F74686972645F70617274792F6E02
:1037700078702F7274313137362D73646B2F646516
:1037800076696365732F4D494D5852543131373640
:103790002F647269766572732F66736C5F736E76D1
:1037A000735F68702E6300534E56535F48505F52EC
:1037B00054435F496E697400534E56535F48505FDF
:1037C0005254435F47657444656661756C74436F1A
:1037D0006E666967002F636F72616C6D6963726FEB
:1037E0002F74686972645F70617274792F6E78707B
:1037F0002F7274313137362D73646B2F646576699F
:103800006365732F4D494D585254313137362F640B
:103810007269766572732F66736C5F736E76735F11
:103820006C702E6300534E56535F4C505F5352548E
:10383000435F496E697400534E56535F4C505F535B
:103840005254435F47657444656661756C74436F99
:103850006E666967002F636F72616C6D6963726F6A
:103860002F74686972645F70617274792F6E7870FA
:103870002F7274313137362D73646B2F646576691E
:103880006365732F4D494D585254313137362F648B
:103890007269766572732F66736C5F74656D707391
:1038A000656E736F722E6300544D50534E535F49D3
:1038B0006E697400544D50534E535F4765744465B0
:1038C0006661756C74436F6E66696700544D505342
:1038D0004E535F53657454656D70416C61726D0039
:1038E000696E7374616E6365203C20415252415988
:1038F0005F53495A4528735F786261726142617310
:10390000657329002F636F72616C6D6963726F2F2D
:1039100074686972645F70617274792F6E78702F49
:103920007274313137362D73646B2F646576696339
:1039300065732F4D494D585254313137362F6472CB
:1039400069766572732F66736C5F78626172612E3F
:10395000630058424152415F476574496E73746118
:103960006E63650019AE0000F5AE000031AF0000D7
:103970003DAF000045AF000019B10000687562203E
:1039800061747461636865643A6C6576656C3D2545
:10399000752000616464726573733D25750D0A00BE
:1039A0006875622064657461636865643A6C657605
:1039B000656C3D257520000000000000000000003F
:1039C000030200006DC80000040300006DC8000081
:1039D0000504000000000000060500006DC800009E
:1039E000070500006DC80000080700000000000087
:1039F0007D7D7D7D7D7D3200646464646464646487
:103A0000E5D5000039D8000075D800001DDE0000A3
:103A100025DF00005DE1000061E1000007FB000020
:103A200003FA00000000000003FA0000000000009C
:103A30008FF9000013F800000000000083FC000074
:103A400011F9000019FC0000B7FB00009DFA00000E
:103A50006D616C6C6F63206661696C65642C2073AA
:103A600070696E2E2E2E0D0A0070784576656E7484
:103A700047726F757042756666657200636F6E6639
:103A800069674153534552542025730D0A007853FA
:103A9000697A65203D3D2073697A656F6628204507
:103AA00076656E7447726F75705F74202900784573
:103AB00076656E7447726F7570002820757842695C
:103AC0007473546F57616974466F7220262065764F
:103AD000656E744556454E545F424954535F434F9B
:103AE0004E54524F4C5F42595445532029203D3D7E
:103AF000203000757842697473546F576169744659
:103B00006F7220213D203000212820282078546128
:103B1000736B4765745363686564756C6572537441
:103B20006174652829203D3D207461736B534348BF
:103B30004544554C45525F53555350454E444544BA
:103B40002029202626202820785469636B73546F1F
:103B50005761697420213D20302029202900282028
:103B6000757842697473546F5365742026206576A6
:103B7000656E744556454E545F424954535F434FFA
:103B80004E54524F4C5F42595445532029203D3DDD
:103B900020300070785461736B7357616974696E7B
:103BA00067466F72426974732D3E784C6973744531
:103BB0006E642E70784E65787420213D2028206335
:103BC0006F6E7374204C6973744974656D5F7420F3
:103BD0002A20292026282070785461736B7357613E
:103BE0006974696E67466F72426974732D3E784CD2
:103BF000697374456E64202900757843726974692D
:103C000063616C4E657374696E67203D3D207E3044
:103C1000554C002820706F72744E5649435F494ED0
:103C2000545F4354524C5F524547202620706F72B8
:103C300074564543544143544956455F4D41534B97
:103C40002029203D3D2030007578437269746963F6
:103C5000616C4E657374696E6700706F7274435067
:103C600055494420213D20706F7274434F52544592
:103C7000585F4D375F723070315F494400706F722A
:103C800074435055494420213D20706F7274434F56
:103C9000525445585F4D375F723070305F49440071
:103CA0002820706F72744D41585F50524947524FEF
:103CB00055505F42495453202D20756C4D6178500A
:103CC000524947524F555056616C75652029203D29
:103CD0003D20636F6E6669675052494F5F42495499
:103CE0005300756343757272656E745072696F72BA
:103CF000697479203E3D2075634D61785379734333
:103D0000616C6C5072696F72697479002820706FF1
:103D1000727441495243525F524547202620706FCA
:103D200072745052494F524954595F47524F55503F
:103D30005F4D41534B2029203C3D20756C4D6178EF
:103D400050524947524F555056616C756500707816
:103D5000517565756500757851756575654C656E4D
:103D6000677468203E20282055426173655479703D
:103D7000655F742029203000707853746174696322
:103D8000517565756520213D204E554C4C0021280C
:103D9000202820707563517565756553746F726165
:103DA000676520213D204E554C4C20292026262099
:103DB000282075784974656D53697A65203D3D20EA
:103DC0003020292029002128202820707563517572
:103DD00065756553746F72616765203D3D204E5572
:103DE0004C4C202920262620282075784974656DA2
:103DF00053697A6520213D203020292029007853FD
:103E0000697A65203D3D2073697A656F6628205187
:103E1000756575655F74202900282075784974657B
:103E20006D53697A65203D3D20302029207C7C201F
:103E30002820757851756575654C656E67746820C6
:103E40003D3D20282078517565756553697A65492F
:103E50006E4279746573202F2075784974656D53AF
:103E6000697A65202920290075784D6178436F753E
:103E70006E7420213D2030007578496E6974696147
:103E80006C436F756E74203C3D2075784D617843AE
:103E90006F756E7400212820282070764974656D36
:103EA000546F5175657565203D3D204E554C4C2035
:103EB00029202626202820707851756575652D3EAD
:103EC00075784974656D53697A6520213D202820F5
:103ED0005542617365547970655F742029203055AF
:103EE0002029202900212820282078436F7079502C
:103EF0006F736974696F6E203D3D207175657565DE
:103F00004F564552575249544520292026262028ED
:103F100020707851756575652D3E75784C656E67B6
:103F2000746820213D2031202920290070784D75AA
:103F3000746578006354784C6F636B20213D207169
:103F400075657565494E54385F4D4158007078511C
:103F5000756575652D3E75784974656D53697A652B
:103F6000203D3D20300021282028207078517565A3
:103F700075652D3E75785175657565547970652048
:103F80003D3D20717565756551554555455F4953F2
:103F90005F4D55544558202920262620282070782A
:103FA00051756575652D3E752E7853656D61706828
:103FB0006F72652E784D75746578486F6C646572A4
:103FC00020213D204E554C4C2029202900282070CE
:103FD0007851756575652029002128202820282022
:103FE00070764275666665722029203D3D204E55EB
:103FF0004C4C202920262620282028207078517516
:1040000065756520292D3E75784974656D53697A0B
:104010006520213D202820554261736554797065E3
:104020005F742029203055202920290078496E68A6
:1040300065726974616E63654F63637572726564FE
:10404000203D3D20706446414C53450078466972DE
:1040500073744C656E677468203C3D20784D6178C0
:10406000436F756E74002820784E657874546169CA
:104070006C202B207846697273744C656E67746887
:104080002029203C3D20707853747265616D427523
:10409000666665722D3E784C656E6774680078437D
:1040A0006F756E74203C3D20784D6178436F756E5E
:1040B00074006D656D736574282070756342756654
:1040C0006665722C202820696E742029207857722A
:1040D00069746556616C75652C20784275666665F5
:1040E0007253697A6542797465732029203D3D20B9
:1040F000707563427566666572002820784E657833
:104100007448656164202B207846697273744C652D
:104110006E6774682029203C3D2070785374726566
:10412000616D4275666665722D3E784C656E67748A
:104130006800282078436F756E74202D20784669BA
:104140007273744C656E6774682029203C3D207042
:104150007853747265616D4275666665722D3E783E
:104160004C656E6774680078436F756E74203E20EE
:10417000282073697A655F742029203000784275A1
:104180006666657253697A654279746573203E206C
:10419000736242595445535F544F5F53544F5245D5
:1041A0005F4D4553534147455F4C454E475448008A
:1041B0007842756666657253697A6542797465738B
:1041C000203E20300078547269676765724C6576CE
:1041D000656C4279746573203C3D20784275666653
:1041E000657253697A6542797465730070756353BB
:1041F000747265616D42756666657253746F726143
:1042000067654172656100707853746174696353C6
:10421000747265616D427566666572007853697A7D
:1042200065203D3D2073697A656F6628205374725E
:1042300065616D4275666665725F742029007078ED
:1042400053747265616D427566666572007076546E
:104250007844617461007852657175697265645360
:1042600070616365203E2078446174614C656E67BF
:104270007468427974657300707853747265616D07
:104280004275666665722D3E785461736B5761693D
:1042900074696E67546F53656E64203D3D204E55C2
:1042A0004C4C00707652784461746100707853749D
:1042B0007265616D4275666665722D3E78546173F4
:1042C0006B57616974696E67546F5265636569768F
:1042D00065203D3D204E554C4C0028206C69737480
:1042E0004C4953545F49535F454D505459282070F1
:1042F0007844656C617965645461736B4C6973745F
:10430000202920290075785363686564756C65728F
:1043100053757370656E6465640075785363686582
:1043200064756C657253757370656E646564203D69
:104330003D203000707578537461636B427566661A
:10434000657220213D204E554C4C007078546173AD
:104350006B42756666657220213D204E554C4C00BF
:104360007853697A65203D3D2073697A656F6628C8
:10437000205443425F7420290070785443422D3EFC
:104380007563537461746963616C6C79416C6C6FB3
:104390006361746564203D3D2074736B53544154D4
:1043A0004943414C4C595F414C4C4F434154454467
:1043B0005F535441434B5F414E445F544342007846
:1043C0005461736B546F526573756D650049444C4D
:1043D00045007852657475726E20213D20657272B9
:1043E000434F554C445F4E4F545F414C4C4F4341FB
:1043F00054455F52455155495245445F4D454D4FD7
:104400005259002820785469636B436F756E74208D
:104410002B20785469636B73546F4A756D70202933
:10442000203C3D20784E6578745461736B556E6204
:104430006C6F636B54696D6500784E657874546178
:10444000736B556E626C6F636B54696D65203E3D96
:1044500020785469636B436F756E74006C69737474
:1044600043555252454E545F4C4953545F4C454E50
:104470004754482820262820707852656164795472
:1044800061736B734C697374735B207578546F70D0
:104490005072696F72697479205D20292029203E4D
:1044A00020300070784576656E744C6973740075C1
:1044B000785363686564756C657253757370656E67
:1044C00064656420213D2030007078556E626C6F09
:1044D000636B656454434200757853636865647523
:1044E0006C657253757370656E64656420213D2040
:1044F000706446414C534500707854696D654F7542
:10450000740070785469636B73546F5761697400F9
:104510007078544342203D3D207078437572726537
:104520006E745443420070785443422D3E75784D6A
:1045300075746578657348656C640070785443429F
:1045400020213D20707843757272656E7454434229
:10455000007578496E646578546F57616974203CC2
:1045600020636F6E6669675441534B5F4E4F5449E9
:104570004649434154494F4E5F41525241595F456C
:104580004E5452494553007578496E646578546FAE
:104590004E6F74696679203C20636F6E666967545C
:1045A00041534B5F4E4F54494649434154494F4E46
:1045B0005F41525241595F454E545249455300782C
:1045C0005461736B546F4E6F7469667900785469E7
:1045D000636B436F756E74203D3D202820546963E2
:1045E0006B547970655F7420292030006C69737496
:1045F0004C4953545F4954454D5F434F4E544149D4
:104600004E4552282026282070785443422D3E786B
:104610004576656E744C6973744974656D20292004
:1046200029203D3D204E554C4C007578496E6465FF
:1046300078546F436C656172203C20636F6E6669CD
:10464000675441534B5F4E4F544946494341544987
:104650004F4E5F41525241595F454E545249455366
:1046600000436F727465782D4D37000001030A0412
:10467000010400041830344C5014050001010000FE
:104680000000000061460200546D7251002820783D
:1046900054696D6572506572696F64496E546963DF
:1046A0006B73203E2030202900546D7220537663B6
:1046B000007852657475726E007854696D65720089
:1046C00078526573756C74002820707854696D6534
:1046D000722D3E7854696D6572506572696F6449D8
:1046E0006E5469636B73203E20302029002178507E
:1046F0006F72744973496E73696465496E7465724B
:10470000727570742829004D61696E005365636F7E
:104710006E64617279000000020000000200000077
:1047200024470200040000000747020002000000C6
:104730000C470200D5390100D9390100DB390100ED
:10474000DD3901007D390100DF390100E139010067
:10475000E3390100E5390100E7390100E9390100D9
:10476000D7390100545055204C454420726571756D
:10477000697265732054505520706F77657220748C
:104780006F20626520656E61626C65642E0D0A00A3
:104790002F636F72616C6D6963726F2F6C696273E6
:1047A0002F626173652F6D61696E5F6672656572F8
:1047B000746F735F6D372E63630025733A25642031
:1047C000257320776173206E6F7420747275652E67
:1047D0000D0A00636F72616C6D6963726F3A3A4CD7
:1047E0006673496E69742829006170705F6D616934
:1047F0006E00785461736B437265617465286170F3
:10480000705F6D61696E2C20226170705F6D6169EF
:104810006E222C20636F6E6669674D494E494D418B
:104820004C5F535441434B5F53495A45202A203330
:10483000302C206E756C6C7074722C20636F7261FA
:104840006C6D6963726F3A3A6B4170705461736B4F
:104850005072696F726974792C206E756C6C70740B
:104860007229203D3D2070645041535300090402D9
:104870000002020C0700070584020002000705057C
:10488000020002002F646E735F73657276657200BA
:1048900070776D5F6D6F64756C655F636F6E74725A
:1048A0006F6C5F7420636F72616C6D6963726F3AD5
:1048B0003A7B616E6F6E796D6F75737D3A3A5077A2
:1048C0006D4D6F64756C65546F436F6E74726F6C71
:1048D0002870776D5F7375626D6F64756C655F745A
:1048E00029002F636F72616C6D6963726F2F6C6941
:1048F00062732F626173652F70776D2E6363002181
:1049000022496E76616C69642070696E220070695C
:104910006E5F636F6E666967732E73697A652829A7
:10492000203C3D20320070696E5F636F6E66696780
:10493000735B305D2E70696E5F73657474696E674A
:104940002E62617365203D3D2070696E5F636F6EFE
:10495000666967735B315D2E70696E5F7365747431
:10496000696E672E626173650070696E5F636F6E5A
:10497000666967735B305D2E70696E5F7365747412
:10498000696E672E7375625F6D6F64756C65203D2F
:104990003D2070696E5F636F6E666967735B315D42
:1049A0002E70696E5F73657474696E672E737562BD
:1049B0005F6D6F64756C650050574D5F496E69742B
:1049C000206661696C65640D0A0075696E74333226
:1049D0005F7420434C4F434B5F476574526F6F7455
:1049E000436C6F636B4672657128636C6F636B5FBA
:1049F000726F6F745F7429000102040802050300DE
:104A000007160F1C02050300140F09180205030006
:104A10000F18090D02050300140F09180205030001
:104A200018090B11020503001018090D02050300F7
:104A300010180B0902050300140F0A1802050300E1
:104A40000910180A020503001018090D02050300D9
:104A50001018090D020503000F181A0D02050300B6
:104A60001018090D020503001018090D02050300B6
:104A7000101813140205030010181A1C0205030075
:104A800010181A1C02050300101813140205030065
:104A90001018131402050300101813140205030064
:104AA00011090C0F0205030011090C0F0205030088
:104AB0001018090D020503001018090D0205030066
:104AC000140F0D18020503001018090D020503004C
:104AD0001018090D020503001018090D0205030046
:104AE0001018090D020503001018090D0205030036
:104AF0001018090D020503001018090D0205030026
:104B00001018090D020503001018090D0205030015
:104B10001018090D02050300140F0D1802050300FB
:104B2000140F0D18020503001018090D02050300EB
:104B30001018090D020503001018090D02050300E5
:104B40001018090D02050300140F0D1802050300CB
:104B5000140F0D18020503001318090D02050300B8
:104B60001318090D020503001318090D02050300AF
:104B70001318090D02050300140F13180205030092
:104B8000140F1318020503001018090D0205030085
:104B90001018090D02050300171A180B020503006F
:104BA000171A180B02050300171A180B0205030049
:104BB000171A180B02050300171A180B0205030039
:104BC000171A180B02050300171A180B0205030029
:104BD0000C0A1807020503000C0A18070205030057
:104BE00018101A0D0205030018101A0D0205030013
:104BF000140F1A18020503001A0F130D0205030003
:104C00001A13180D020503001A13180D02050300EC
:104C10001A13180D02050300140F1A1802050300D9
:104C2000090B0F1C02050300090C111C02050300EF
:104C3000090C111C02050300090A111C02050300DE
:104C4000090A111C020503000C0F0A1C02050300CF
:104C50000C0F0A1C020503000C0F0A1C02050300BE
:104C60000C0F121C020503000C09121802050300A8
:104C70000D01121A2F636F72616C6D6963726F2F71
:104C80006C6962732F626173652F71756575655FFD
:104C90007461736B2E6800726571756573745F71F2
:104CA000756575655F00785461736B4372656174F7
:104CB00065537461746963285374617469635461E2
:104CC000736B4D61696E2C204E616D652C205374A1
:104CD00061636B44657074682C20746869732C2060
:104CE0005072696F726974792C207461736B5F7391
:104CF0007461636B5F2C20267461736B5F29007293
:104D0000616E646F6D5F7461736B00000000000082
:104D1000000000001348010061480100D94801006B
:104D20001148010015480100766F6964204750540E
:104D30005F536574436C6F636B4469766964657235
:104D4000284750545F547970652A2C2075696E7419
:104D500033325F7429000205030007160F1C020599
:104D60000300140F0918020503000F18090D0205AE
:104D70000300140F09180205030018090B1102059E
:104D800003001018090D0205030010180B09020595
:104D90000300140F0A18020503000910180A02057F
:104DA00003001018090D020503001018090D020573
:104DB00003000F181A0D020503001018090D020553
:104DC00003001018090D0205030010181314020542
:104DD000030010181A1C0205030010181A1C020503
:104DE0000300101813140205030010181314020511
:104DF0000300101813140205030011090C0F02051B
:104E0000030011090C0F020503001018090D02051B
:104E100003001018090D02050300140F0D180205F8
:104E200003001018090D020503001018090D0205F2
:104E300003001018090D020503001018090D0205E2
:104E400003001018090D020503001018090D0205D2
:104E500003001018090D020503001018090D0205C2
:104E600003001018090D020503001018090D0205B2
:104E70000300140F0D1802050300140F0D1802058E
:104E800003001018090D020503001018090D020592
:104E900003001018090D020503001018090D020582
:104EA0000300140F0D1802050300140F0D1802055E
:104EB00003001318090D020503001318090D02055C
:104EC00003001318090D020503001318090D02054C
:104ED0000300140F131802050300140F1318020522
:104EE00003001018090D020503001018090D020532
:104EF0000300171A180B02050300171A180B0205F6
:104F00000300171A180B02050300171A180B0205E5
:104F10000300171A180B02050300171A180B0205D5
:104F20000300171A180B020503000C0A18070205E4
:104F300003000C0A18070205030018101A0D0205D9
:104F4000030018101A0D02050300140F1A180205A9
:104F500003001A0F130D020503001A13180D0205A2
:104F600003001A13180D020503001A13180D020589
:104F70000300140F1A1802050300090B0F1C020589
:104F80000300090C111C02050300090C111C020589
:104F90000300090A111C02050300090A111C02057D
:104FA00003000C0F0A1C020503000C0F0A1C02056B
:104FB00003000C0F0A1C020503000C0F121C020553
:104FC00003000C091218020503000D01121A253006
:104FD000386C782530386C78002F7573625F697093
:104FE0005F61646472657373002F636F72616C6DCF
:104FF0006963726F2F6C6962732F626173652F6DC5
:10500000757465782E68007853656D6170686F728D
:105010006554616B652873656D615F2C20706F72DC
:10502000744D41585F44454C415929203D3D207005
:105030006454525545007853656D6170686F7265B0
:10504000476976652873656D615F29203D3D207055
:1050500064545255450072785F6275666665725F8A
:1050600077726974655F203C206B52784275666682
:10507000657253697A6500766F696420636F726147
:105080006C6D6963726F3A3A436F6E736F6C654D06
:10509000373A3A4D37436F6E736F6C655461736B7B
:1050A0005278466E28766F69642A29002F636F72E2
:1050B000616C6D6963726F2F6C6962732F626173CB
:1050C000652F636F6E736F6C655F6D372E63630062
:1050D00072785F6275666665725F617661696C6140
:1050E000626C655F203C3D206B5278427566666558
:1050F0007253697A6500636F6E736F6C655F71756B
:105100006575655F0072785F6D757465785F0075B1
:1051100073625F6465766963655F7461736B007861
:105120005461736B437265617465287573625F6463
:1051300065766963655F7461736B2C202275736299
:105140005F6465766963655F7461736B222C2063AD
:105150006F6E6669674D494E494D414C5F535441EE
:10516000434B5F53495A45202A2031302C206E751D
:105170006C6C7074722C206B557362446576696335
:10518000655461736B5072696F726974792C206E0B
:10519000756C6C70747229203D3D207064504153D1
:1051A00053006D375F636F6E736F6C655F7461730F
:1051B0006B5F747800785461736B437265617465DA
:1051C000285374617469634D37436F6E736F6C65F8
:1051D0005461736B5478466E2C20226D375F636F79
:1051E0006E736F6C655F7461736B5F7478222C20D3
:1051F000636F6E6669674D494E494D414C5F53542C
:1052000041434B5F53495A45202A2031302C206EB0
:10521000756C6C7074722C206B436F6E736F6C6561
:105220005461736B5072696F726974792C202674A3
:10523000785F7461736B5F29203D3D20706450413D
:105240005353006D375F636F6E736F6C655F74618E
:10525000736B5F727800785461736B43726561742D
:1052600065285374617469634D37436F6E736F6C57
:10527000655461736B5278466E2C20226D375F63E4
:105280006F6E736F6C655F7461736B5F7278222CE5
:1052900020636F6E6669674D494E494D414C5F53BF
:1052A0005441434B5F53495A45202A2031302C202A
:1052B0006E756C6C7074722C206B436F6E736F6CB8
:1052C000655461736B5072696F726974792C202612
:1052D00072785F7461736B5F29203D3D207064506C
:1052E000415353006D345F636F6E736F6C655F7411
:1052F00061736B00785461736B43726561746528E8
:105300005374617469634D34436F6E736F6C65548D
:1053100061736B466E2C20226D345F636F6E736F0A
:105320006C655F7461736B222C20636F6E666967B6
:105330004D494E494D414C5F535441434B5F534996
:105340005A45202A2031302C206E756C6C70747296
:105350002C206B436F6E736F6C655461736B50726E
:10536000696F726974792C206E756C6C7074722917
:10537000203D3D2070645041535300080B00020251
:1053800002010009040000010202010005240010CE
:10539000010524010001042402020524060001077E
:1053A0000581030A000909040100020A0000000740
:1053B0000582020002000705030200020076656311
:1053C000746F723A3A5F4D5F64656661756C745FC5
:1053D000617070656E640075696E7433325F74203D
:1053E0004750494F5F50696E526561642847504984
:1053F0004F5F547970652A2C2075696E7433325F63
:105400007429002F636F72616C6D6963726F2F7402
:10541000686972645F70617274792F6E78702F7230
:1054200074313137362D73646B2F6465766963652B
:10543000732F4D494D585254313137362F647269AC
:10544000766572732F66736C5F6770696F2E680084
:105450000000CA400000CA400000C6400000C6402C
:105460000000C6400080C6400000CA400000C640A0
:105470000000CA4000C0C64000C0C64000C0C640D0
:105480000000C6400000C6400000C7400040C640C3
:1054900000001440000014400000144000001440BC
:1054A00000001440004013400080134000401340AF
:1054B0000040134000001340000013400040134020
:1054C0000000134000001440F3FFF3FFF3FFF3FF6D
:1054D000F3FFF3FF5D00F3FF5D00F3FFF3FFF3FF66
:1054E000F3FFF3FFF3FFF3FF3D003D003D003D0000
:1054F0003D0069006A006800680066006600680098
:1055000067003D0005000000060000001A000000D2
:105510001800000019000000020000000300000055
:105520001B00000008000000070000001000000041
:105530000F0000000D000000160000000800000031
:1055400004000000090000000A0000000B00000039
:105550000C000000060000001F000000000000001A
:1055600005000000060000000A0000000B0000001B
:10557000000000001F0000000700000000010203FF
:105580000405556E68616E646C6564204950432063
:105590006D65737361676520747970652025640D8E
:1055A0000A002F636F72616C6D6963726F2F6C6993
:1055B00062732F626173652F6970632E6363007875
:1055C00053656D6170686F72654769766528747898
:1055D0005F73656D6170686F72655F29203D3D2066
:1055E0007064545255450074785F73656D617068DE
:1055F0006F72655F006970635F74785F7461736B6D
:1056000000785461736B43726561746528497063F7
:105610003A3A53746174696354785461736B466E9B
:105620002C20226970635F74785F7461736B222C25
:1056300020636F6E6669674D494E494D414C5F531B
:105640005441434B5F53495A45202A2031302C2086
:10565000746869732C206B4970635461736B50726A
:10566000696F726974792C202674785F7461736B2A
:105670005F29203D3D2070645041535300697063A1
:105680005F72785F7461736B00785461736B4372FF
:1056900065617465284970633A3A5374617469634B
:1056A00052785461736B466E2C20226970635F726E
:1056B000785F7461736B222C20636F6E6669674D2F
:1056C000494E494D414C5F535441434B5F53495AF6
:1056D00045202A2031302C20746869732C206B49B6
:1056E00070635461736B5072696F726974792C20A6
:1056F0002672785F7461736B5F29203D3D20706472
:1057000050415353007853656D6170686F726554F2
:10571000616B652874785F73656D6170686F726521
:105720005F2C20706F72744D41585F44454C415955
:1057300029203D3D20706454525545000000000072
:1057400000000000755C01007BD50100195C0100C0
:10575000C55B0100556E68616E646C656420737989
:105760007374656D206D65737361676520747970FE
:10577000653A2025640D0A004661696C65642074F1
:105780006F2073656E642073327020627566666583
:105790007220616464726573730D0A00000000007A
:1057A000000000002D5E0100F55D0100015E0100BA
:1057B000C55B0100287265696E74657270726574EC
:1057C0005F636173743C75696E747074725F743E6C
:1057D0002870292026206B5461674D61736B292046
:1057E0003D3D203000766F69642A20636F72616CE2
:1057F0006D6963726F3A3A7B616E6F6E796D6F752A
:10580000737D3A3A546167676564506F696E746579
:105810007228542A29205B7769746820756E736931
:10582000676E656420696E7420546167203D203284
:105830003B2054203D20636F72616C6D6963726F11
:105840003A3A7B616E6F6E796D6F75737D3A3A4649
:10585000696C65486F6C6465725D002F636F72617F
:105860006C6D6963726F2F6C6962732F626173650F
:105870002F687474705F7365727665722E6363004F
:10588000766F69642A20636F72616C6D6963726FF1
:105890003A3A7B616E6F6E796D6F75737D3A3A54EB
:1058A0006167676564506F696E74657228542A2950
:1058B000205B7769746820756E7369676E65642014
:1058C000696E7420546167203D20313B2054203D97
:1058D000207374643A3A766563746F723C756E73C4
:1058E00069676E656420636861723E5D0000000058
:1058F000715F0100775F01001D600100855F01009D
:105900000000000000000000D95F010009600100F4
:10591000615F0100675F01006D5F01006F5F010063
:10592000956101008B5F01002D6001002F636F7294
:10593000616C6D6963726F2F6C6962732F6364634E
:105940005F61636D2F6364635F61636D2E636300EA
:10595000536574436F6E74726F6C4C696E655374EB
:10596000617465005553425F4465766963654364BD
:105970006341636D53656E64206661696C65642084
:10598000696E2025730D0A00766F696420636F725B
:10599000616C6D6963726F3A3A43646341636D3A57
:1059A0003A536574436F6E66696775726174696FA7
:1059B0006E2829005553425F4465766963654364E8
:1059C0006341636D52656376206661696C6564202E
:1059D000696E2025733A2025640D0A00626F6F6C92
:1059E00020636F72616C6D6963726F3A3A436463EE
:1059F00041636D3A3A5472616E736D697428636FD6
:105A00006E73742075696E74385F742A2C20736904
:105A10007A655F74290025732064617461206C616C
:105A200072676572207468616E2074785F62756653
:105A30006665725F0D0A00626F6F6C20636F726142
:105A40006C6D6963726F3A3A43646341636D3A3ACD
:105A500048616E646C654576656E742875696E7410
:105A600033325F742C20766F69642A290025733ADB
:105A700020756E68616E646C6564206576656E7411
:105A800020256C750D0A007573625F7374617475FF
:105A9000735F7420636F72616C6D6963726F3A3A01
:105AA00043646341636D3A3A48616E646C65722881
:105AB00075696E7433325F742C20766F69642A299D
:105AC000002F636F72616C6D6963726F2F6C696216
:105AD000732F6364635F65656D2F6364635F6565E2
:105AE0006D2E63630074785F71756575655F006323
:105AF00064635F65656D5F7461736B007854617397
:105B00006B4372656174652843646345656D3A3A19
:105B10005374617469635461736B46756E63746921
:105B20006F6E2C20226364635F65656D5F746173C3
:105B30006B222C20636F6E6669674D494E494D415B
:105B40004C5F535441434B5F53495A45202A2031FF
:105B5000302C20746869732C206B55736244657611
:105B60006963655461736B5072696F726974792CE3
:105B7000206E756C6C70747229203D3D20706450ED
:105B8000415353005B45454D5D205553425F44658D
:105B90007669636543646345656D53656E6420662D
:105BA00061696C65642C204552525F49460D0A00BC
:105BB0004661696C656420746F20616C6C6F636111
:105BC000746520706275660D0A0074637069705F99
:105BD000696E7075742829206661696C656420257A
:105BE000640D0A005553425F4465766963654364FA
:105BF0006345656D53656E64206661696C656420FC
:105C0000696E2025730D0A005B45454D5D20556E7C
:105C100061626C6520746F206465746563742065CF
:105C20006E6469616E6E6573730D0A00556E68610E
:105C30006E646C65642045454D206F70636F6465CC
:105C40003A2025750D0A00626F6F6C20636F7261D8
:105C50006C6D6963726F3A3A43646345656D3A3AB5
:105C600048616E646C654576656E742875696E74FE
:105C700033325F742C20766F69642A2900257320E3
:105C8000756E68616E646C6564206576656E7420FF
:105C900025640D0A00556E68616E646C656420456C
:105CA000454D206576656E743A2025640D0A0078AE
:105CB000517565756553656E6446726F6D495352D3
:105CC00028726571756573745F71756575655F2C94
:105CD00020267265712C2026726573636865647571
:105CE0006C6529203D3D2070645452554500785123
:105CF0007565756553656E64287265717565737435
:105D00005F71756575655F2C20267265712C20703A
:105D10006F72744D41585F44454C415929203D3DB7
:105D200020706454525545005553425F44465548CF
:105D30006F73744576656E74002573206661696CB7
:105D400065643A2025750D0A004572726F722069EC
:105D50006E20444655536574496E7465726661637E
:105D6000650D0A004572726F7220696E20444655B7
:105D70004765745374617475730D0A004572726FD0
:105D80007220696E204446555472616E7366657266
:105D90000D0A004572726F7220696E204446555A92
:105DA00065726F4C656E6774685472616E73666578
:105DB000720D0A004572726F7220696E204446555A
:105DC000526561644261636B0D0A004572726F72C5
:105DD00020696E2044465547657453746174757329
:105DE000526561640D0A0052656164206261636BF3
:105DF000206669726D7761726520646F6573206ECD
:105E00006F74206D61746368210D0A004572726FB2
:105E10007220696E204446554465746163680D0ABA
:105E2000004572726F7220696E2044465543686562
:105E3000636B5374617475730D0A00556E68616EFF
:105E4000646C656420444655207374617465202534
:105E5000640D0A00656467657470755F6466755FDC
:105E60007461736B0000000000000000000000007F
:105E70005F3B0100A9440100BD6D0100396D0100C7
:105E8000B17201005553425F486F73744564676592
:105E90005470754465696E6974206572726F723AE8
:105EA0002025750D0A005553425F486F7374526583
:105EB0006D6F7665446576696365206572726F7291
:105EC0003A2025750D0A00555342486F7374457684
:105ED000656E7400257320656E756D6572617469F9
:105EE0006F6E206661696C65643A2025750D0A0045
:105EF0004572726F7220696E2045646765547075D3
:105F0000536574496E746572666163650D0A004578
:105F100072726F7220696E204564676554707547B0
:105F200065745374617475730D0A006564676574F4
:105F300070755F7461736B0000000000000000006A
:105F4000613B0100B9440100ED7301006973010078
:105F5000257701005553425F446576696365436C5C
:105F6000617373496E6974206661696C656420258C
:105F7000640D0A005553425F446576696365527546
:105F80006E206661696C65640D0A00476F6F676C0F
:105F90006500436F72616C2044657620426F6172C8
:105FA00064204D6963726F00556E68616E646C6544
:105FB0006420737472696E6720726571756573749D
:105FC0003A2025640D0A0048616E646C65720025F4
:105FD00073206576656E7420756E68616E646C659D
:105FE00064203078256C780D0A00766563746F72D2
:105FF0003A3A5F4D5F7265616C6C6F635F696E7397
:10600000657274000403090412010002EF020140EA
:10601000D11808930100010203012F636F72616CB4
:106020006D6963726F2F6C6962732F63616D657246
:10603000612F63616D6572612E6363002A6F7574F1
:106040005F78203E3D2030002A6F75745F78203CD9
:10605000207374617469635F636173743C696E7407
:106060003E2843616D6572615461736B3A3A6B57B8
:106070006964746829002A6F75745F79203E3D2039
:1060800030002A6F75745F79203C207374617469E5
:10609000635F636173743C696E743E2843616D6530
:1060A00072615461736B3A3A6B4865696768742929
:1060B000007853656D6170686F7265476976652811
:1060C00073656D29203D3D20706454525545004351
:1060D000616D657261206D6F64656C206964206E0E
:1060E0006F742061732065787065637465643A200D
:1060F000307825303278253032780D0A00785365B3
:106100006D6170686F726554616B652873656D2C85
:1061100020706F72744D41585F44454C415929209D
:106120003D3D207064545255450043616D65726178
:10613000206973206E6F7420656E61626C65642CDB
:106140002063616E6E6F7420636170747572652078
:106150006672616D652E0D0A0043616D6572612086
:10616000697320696E2074726967676572206D6F4C
:1061700064652062757420776173206E6576657240
:10618000207472696767657265640D0A0063616DEA
:106190006572615F7461736B0000000000000000B5
:1061A00000000000F913000005180000ED84010054
:1061B0000D8A0100D58C01007669727475616C20BE
:1061C000636F6E737420706C6174666F726D733A76
:1061D0003A64617277696E6E3A3A64726976657292
:1061E0003A3A636F6E6669673A3A416F6E52657309
:1061F00065744373724F6666736574732620706CA2
:106200006174666F726D733A3A64617277696E6E2B
:106210003A3A6472697665723A3A636F6E66696794
:106220003A3A43686970436F6E6669673A3A476500
:1062300074416F6E52657365744373724F66667313
:10624000657473282920636F6E7374002F636F72F7
:10625000616C6D6963726F2F6C6962732F747075F6
:106260002F64617277696E6E2F6472697665722F22
:10627000636F6E6669672F636869705F636F6E66D0
:1062800069672E68007669727475616C20636F6E41
:10629000737420706C6174666F726D733A3A6461E6
:1062A0007277696E6E3A3A6472697665723A3A63E9
:1062B0006F6E6669673A3A576972654373724F66E3
:1062C00066736574732620706C6174666F726D738B
:1062D0003A3A64617277696E6E3A3A6472697665C9
:1062E000723A3A636F6E6669673A3A426561676C03
:1062F0006543686970436F6E6669673A3A476574CB
:10630000576972654373724F6666736574732829A3
:1063100020636F6E7374002F636F72616C6D6963BD
:10632000726F2F6C6962732F7470752F646172774E
:10633000696E6E2F6472697665722F636F6E66691F
:10634000672F626561676C652F626561676C655F69
:10635000636869705F636F6E6669672E68002F639C
:106360006F72616C6D6963726F2F6C6962732F74E9
:1063700070752F656467657470755F6D616E6167B8
:1063800065722E6363000000000000000000000042
:10639000999601009B960100899401009194010057
:1063A00099940100A1940100A9940100B194010005
:1063B000B9940100C1940100C9940100D194010075
:1063C000C5960100D9940100E1940100E99401000F
:1063D000F1940100F9940100019501000995010073
:1063E00011950100199501002195010029950100E1
:1063F0003195010039950100419501004995010051
:1064000051950100599501006195010069950100C0
:106410007195010079950100819501008995010030
:106420009195010099950100A1950100A9950100A0
:10643000B1950100B9950100C1950100C995010010
:10644000D1950100D9950100E1950100E995010080
:10645000F1950100F99501000196010009960100EE
:10646000119601001996010021960100299601005C
:1064700031960100399601004196010049960100CC
:10648000519601005996010061960100699601003C
:1064900071960100799601008196010089960100AC
:1064A00091960100A99601000CA3010000000000D4
:1064B00010A301000000000014A301000000000070
:1064C00018A30100000000001CA301000000000050
:1064D00020A30100000000002CA301000000000028
:1064E0003CA301000000000058C0040000000000B0
:1064F00048C104000000000050C10400000000007A
:1065000060C104000000000000A0010000000000C5
:10651000D0A0010000000000D4A001000000000095
:10652000D8A0010000000000DCA001000000000075
:1065300000A601000000000000A50100000000000E
:1065400058A501000000000058A60100000000004E
:1065500040A601000000000044A601000000000069
:1065600040A501000000000044A50100000000005B
:1065700004A701000000000000A2010000000000CC
:1065800008000000000000000010000000000000F3
:1065900000000000000000000000000000000000FB
:1065A000002000000000000040000000000000008B
:1065B000000000000000000000A004000000000037
:1065C00018600400000000002060040000000000CB
:1065D000286004000000000030600400000000009B
:1065E000406004000000000038600400000000006B
:1065F0004860040000000000686004000000000023
:106600000068040000000000C0000400000000005A
:10661000FFFFFFFFFFFFFFFF50010400000000002D
:106620001001040000000000FFFFFFFFFFFFFFFF5D
:10663000FFFFFFFFFFFFFFFFFFFFFFFFFFFFFFFF6A
:10664000FFFFFFFFFFFFFFFFFFFFFFFFFFFFFFFF5A
:10665000FFFFFFFFFFFFFFFFFFFFFFFFFFFFFFFF4A
:10666000FFFFFFFFFFFFFFFFFFFFFFFFFFFFFFFF3A
:10667000FFFFFFFFFFFFFFFFFFFFFFFFFFFFFFFF2A
:10668000FFFFFFFFFFFFFFFFFFFFFFFFFFFFFFFF1A
:10669000FFFFFFFFFFFFFFFFFFFFFFFFFFFFFFFF0A
:1066A000FFFFFFFFFFFFFFFFFFFFFFFFFFFFFFFFFA
:1066B000FFFFFFFFFFFFFFFFFFFFFFFFFFFFFFFFEA
:1066C000FFFFFFFFFFFFFFFFFFFFFFFFFFFFFFFFDA
:1066D000FFFFFFFFFFFFFFFFFFFFFFFFFFFFFFFFCA
:1066E000FFFFFFFFFFFFFFFF90010400000000001D
:1066F000D0010400000000001002040000000000AF
:106700005002040000000000980204000000000095
:10671000E002040000000000280304000000000064
:106720002000040000000000B0860400000000000B
:10673000B886040000000000D086040000000000BD
:10674000D886040000000000E0860400000000007D
:10675000E886040000000000F0860400000000004D
:10676000F88604000000000000870400000000001C
:1067700008870400000000001087040000000000EB
:10678000A887040000000000E820040000000000CA
:10679000F0200400000000000024040000000000BD
:1067A00018900100000000001C9001000000000093
:1067B0002090010000000000249001000000000073
:1067C0007C90010000000000002004000000000098
:1067D0000820040000000000102004000000000059
:1067E0001820040000000000202004000000000029
:1067F00028200400000000003020040000000000F9
:1068000038200400000000004020040000000000C8
:106810004820040000000000502004000000000098
:106820005820040000000000602004000000000068
:106830006820040000000000702004000000000038
:106840007820040000000000802004000000000008
:1068500088200400000000009020040000000000D8
:106860009820040000000000A020040000000000A8
:10687000A820040000000000B02004000000000078
:10688000B820040000000000C02004000000000048
:10689000C820040000000000D02004000000000018
:1068A000D820040000000000E020040000000000E8
:1068B000E820040000000000F020040000000000B8
:1068C000F820040000000000002104000000000087
:1068D0000821040000000000102104000000000056
:1068E0001821040000000000202104000000000026
:1068F00028210400000000003021040000000000F6
:1069000038210400000000004021040000000000C5
:106910004821040000000000502104000000000095
:106920005821040000000000602104000000000065
:106930006821040000000000702104000000000035
:106940007821040000000000802104000000000005
:1069500088210400000000009021040000000000D5
:106960009821040000000000A021040000000000A5
:10697000A821040000000000B02104000000000075
:10698000B821040000000000C02104000000000045
:10699000C821040000000000D02104000000000015
:1069A000D821040000000000E021040000000000E5
:1069B000E821040000000000F021040000000000B5
:1069C000F821040000000000002204000000000084
:1069D0000822040000000000102204000000000053
:1069E0001822040000000000202204000000000023
:1069F00028220400000000003022040000000000F3
:106A000038220400000000004022040000000000C2
:106A10004822040000000000502204000000000092
:106A20005822040000000000602204000000000062
:106A30007022040000000000782204000000000022
:106A400080220400000000008822040000000000F2
:106A500090220400000000009822040000000000C2
:106A6000A022040000000000A82204000000000092
:106A7000B822040000000000C02204000000000052
:106A8000C822040000000000D02204000000000022
:106A9000D822040000000000E022040000000000F2
:106AA000E822040000000000F022040000000000C2
:106AB0000023040000000000082304000000000080
:106AC0001023040000000000182304000000000050
:106AD0002023040000000000282304000000000020
:106AE00030230400000000003823040000000000F0
:106AF00048230400000000005023040000000000B0
:106B0000582304000000000060230400000000007F
:106B1000682304000000000070230400000000004F
:106B2000782304000000000080230400000000001F
:106B300088230400000000009023040000000000EF
:106B40009823040000000000C0230400000000009F
:106B50000024040000000000802404000000000065
:106B60000025040000000000802504000000000053
:106B700000260400000000002026040000000000A1
:106B80004026040000000000602604000000000011
:106B90008026040000000000A02604000000000081
:106BA000C0260400000000000027040000000000D0
:106BB00040270400000000008027040000000000BF
:106BC000C0270400000000000028040000000000AE
:106BD000402804000000000080280400000000009D
:106BE000C028040000000000006004000000000055
:106BF0000860040000000000506004000000000075
:106C000078600400000000008060040000000000C4
:106C10000000050000000000184004000000000013
:106C200058410400000000009841040000000000EA
:106C3000D8410400000000001842040000000000D9
:106C40008887040000000000908704000000000016
:106C5000F041040000000000F841040000000000C2
:106C60004043040000000000108004000000000009
:106C700018800400000000002080040000000000D4
:106C800028800400000000003080040000000000A4
:106C90003880040000000000408004000000000074
:106CA0004880040000000000508004000000000044
:106CB0005880040000000000608004000000000014
:106CC00068800400000000007080040000000000E4
:106CD00078800400000000008080040000000000B4
:106CE0008880040000000000908004000000000084
:106CF0009880040000000000A08004000000000054
:106D0000A880040000000000B08004000000000023
:106D1000B880040000000000C080040000000000F3
:106D2000C880040000000000D080040000000000C3
:106D3000D880040000000000E08004000000000093
:106D4000E880040000000000F08004000000000063
:106D5000F880040000000000008104000000000032
:106D60000881040000000000108104000000000001
:106D700018810400000000002081040000000000D1
:106D800028810400000000003081040000000000A1
:106D90003881040000000000408104000000000071
:106DA0004881040000000000508104000000000041
:106DB0005881040000000000608104000000000011
:106DC00068810400000000007081040000000000E1
:106DD00078810400000000008081040000000000B1
:106DE0008881040000000000908104000000000081
:106DF0009881040000000000A08104000000000051
:106E0000A881040000000000B08104000000000020
:106E1000B881040000000000C081040000000000F0
:106E2000C881040000000000D081040000000000C0
:106E3000D881040000000000E08104000000000090
:106E4000E881040000000000F08104000000000060
:106E5000F88104000000000000820400000000002F
:106E600008820400000000001082040000000000FE
:106E700018820400000000002082040000000000CE
:106E8000288204000000000030820400000000009E
:106E9000388204000000000040820400000000006E
:106EA000488204000000000050820400000000003E
:106EB000588204000000000060820400000000000E
:106EC00068820400000000007082040000000000DE
:106ED00078820400000000008082040000000000AE
:106EE000888204000000000090820400000000007E
:106EF0009882040000000000A0820400000000004E
:106F0000A882040000000000B0820400000000001D
:106F1000B882040000000000C082040000000000ED
:106F2000C882040000000000D082040000000000BD
:106F3000D882040000000000E0820400000000008D
:106F4000E882040000000000F0820400000000005D
:106F5000F88204000000000000830400000000002C
:106F600008830400000000001083040000000000FB
:106F700018830400000000002083040000000000CB
:106F8000288304000000000030830400000000009B
:106F9000388304000000000040830400000000006B
:106FA000488304000000000050830400000000003B
:106FB000588304000000000060830400000000000B
:106FC00068830400000000007083040000000000DB
:106FD00078830400000000008083040000000000AB
:106FE000888304000000000090830400000000007B
:106FF0009883040000000000A0830400000000004B
:10700000A883040000000000B0830400000000001A
:10701000B883040000000000C083040000000000EA
:10702000C883040000000000D083040000000000BA
:10703000D883040000000000E0830400000000008A
:10704000E883040000000000F0830400000000005A
:10705000F883040000000000008404000000000029
:1070600008840400000000001084040000000000F8
:1070700018840400000000002084040000000000C8
:107080002884040000000000308404000000000098
:107090003884040000000000408404000000000068
:1070A0004884040000000000508404000000000038
:1070B0005884040000000000608404000000000008
:1070C00068840400000000007084040000000000D8
:1070D00078840400000000008084040000000000A8
:1070E0008884040000000000908404000000000078
:1070F0009884040000000000A08404000000000048
:10710000A884040000000000B08404000000000017
:10711000C884040000000000D084040000000000C7
:10712000D884040000000000E08404000000000097
:10713000E884040000000000F08404000000000067
:10714000F884040000000000008504000000000036
:107150000885040000000000108504000000000005
:1071600018850400000000002085040000000000D5
:1071700028850400000000003085040000000000A5
:107180003885040000000000408504000000000075
:107190004885040000000000508504000000000045
:1071A0005885040000000000608504000000000015
:1071B00068850400000000007085040000000000E5
:1071C00078850400000000008085040000000000B5
:1071D0008885040000000000908504000000000085
:1071E0009885040000000000A08504000000000055
:1071F000A885040000000000B08504000000000025
:10720000B885040000000000C085040000000000F4
:10721000C885040000000000D085040000000000C4
:10722000D885040000000000E08504000000000094
:10723000E885040000000000F08504000000000064
:10724000F885040000000000008604000000000033
:107250000886040000000000108604000000000002
:1072600018860400000000002086040000000000D2
:1072700028860400000000003086040000000000A2
:107280003886040000000000408604000000000072
:107290004886040000000000508604000000000042
:1072A0005886040000000000608604000000000012
:1072B00068860400000000007086040000000000E2
:1072C00078860400000000008086040000000000B2
:1072D0008886040000000000908604000000000082
:1072E0009886040000000000A08604000000000052
:1072F000A886040000000000B08604000000000022
:10730000B886040000000000C086040000000000F1
:10731000C886040000000000D086040000000000C1
:10732000D886040000000000E08604000000000091
:10733000E886040000000000F08604000000000061
:10734000F886040000000000008704000000000030
:1073500008870400000000001087040000000000FF
:1073600018870400000000002087040000000000CF
:10737000288704000000000030870400000000009F
:10738000388704000000000040870400000000006F
:10739000488704000000000050870400000000003F
:1073A000588704000000000060870400000000000F
:1073B00068870400000000007087040000000000DF
:1073C00078870400000000008887040000000000A7
:1073D000908704000000000010200400000000005E
:1073E0001820040000000000C0200400000000007D
:1073F000E020040000000000D02004000000000095
:107400003042040000000000384204000000000088
:1074100080430400000000007041040000000000F0
:107420007841040000000000C04204000000000099
:10743000404004000000000048400400000000003C
:1074400000400400000000000840040000000000AC
:10745000104004000000000018400400000000007C
:10746000204004000000000028400400000000004C
:10747000384004000000000040400400000000000C
:1074800048400400000000005040040000000000DC
:1074900058400400000000006040040000000000AC
:1074A000684004000000000070400400000000007C
:1074B000784004000000000080400400000000004C
:1074C0008840040000000000584104000000000053
:1074D000604104000000000068410400000000005A
:1074E000704104000000000078410400000000002A
:1074F00080410400000000008841040000000000FA
:1075000090410400000000009841040000000000C9
:10751000A041040000000000A84104000000000099
:10752000B041040000000000B84104000000000069
:10753000C041040000000000C84104000000000039
:10754000D041040000000000D84104000000000009
:10755000E041040000000000E841040000000000D9
:10756000F041040000000000F841040000000000A9
:107570000042040000000000084204000000000077
:107580001042040000000000184204000000000047
:107590002042040000000000284204000000000017
:1075A00030420400000000003842040000000000E7
:1075B00040420400000000004842040000000000B7
:1075C0005042040000000000584204000000000087
:1075D0006042040000000000684204000000000057
:1075E0007042040000000000784204000000000027
:1075F00080420400000000008842040000000000F7
:10760000A042040000000000C0420400000000008E
:10761000E0420400000000000043040000000000FD
:10762000204304000000000060430400000000004C
:107630007022040000000000782204000000000016
:107640004027040000000000B822040000000000F1
:10765000C022040000000000C02704000000000059
:1076600000230400000000000823040000000000C4
:10767000402804000000000048230400000000002F
:107680005023040000000000C02804000000000097
:10769000D841040000000000E041040000000000A8
:1076A000E8410400000000006885040000000000BC
:1076B00070850400000000007885040000000000D0
:1076C0009085040000000000988504000000000080
:1076D000A085040000000000A88504000000000050
:1076E000B085040000000000B88504000000000020
:1076F000C085040000000000C885040000000000F0
:10770000808504000000000088850400000000005F
:107710001860040000000000504004000000000059
:107720001842040000000000204204000000000095
:107730002842040000000000B041040000000000E6
:10774000B8410400000000000043040000000000F5
:1077500078400400000000008040040000000000A9
:107760005022040000000000582204000000000025
:1077700060220400000000009822040000000000C5
:10778000A022040000000000A82204000000000065
:10779000E022040000000000E822040000000000D5
:1077A000F022040000000000282304000000000074
:1077B0003023040000000000382304000000000013
:1077C000A086040000000000A8860400000000005D
:1077D00000440400000000005841040000000000C4
:1077E0006841040000000000604104000000000047
:1077F0008840040000000000604004000000000019
:107800006821040000000000702104000000000056
:1078100000260400000000002821040000000000F1
:1078200030210400000000000025040000000000DA
:10783000C086040000000000C886040000000000AC
:1078400058400400000000007040040000000000E8
:10785000184004000000000058420400000000002E
:107860002040040000000000B0860400000000007A
:10787000B88604000000000000450400000000007D
:107880005021040000000000582104000000000006
:107890006021040000000000984104000000000086
:1078A000A841040000000000A04104000000000006
:1078B00090400400000000001021040000000000BF
:1078C0001821040000000000202104000000000036
:1078D0002822040000000000302204000000000004
:1078E000C026040000000000684004000000000002
:1078F00060C004000000000068C004000000000038
:10790000A821040000000000B021040000000000D5
:107910004026040000000000E821040000000000F0
:10792000F021040000000000802604000000000098
:1079300070C004000000000078C0040000000000D7
:1079400080C004000000000088C0040000000000A7
:1079500090C004000000000098C004000000000077
:10796000A0C0040000000000A8C004000000000047
:107970001022040000000000182204000000000093
:1079800020220400000000009021040000000000FC
:107990009821040000000000A02104000000000065
:1079A000D021040000000000D821040000000000E5
:1079B000E021040000000000557362486F737454A6
:1079C00061736B002F636F72616C6D6963726F2FEF
:1079D0006C6962732F7573622F7573625F686F7362
:1079E000745F7461736B2E636300785461736B43CF
:1079F000726561746528557362486F73745461735E
:107A00006B3A3A5374617469635461736B4D616985
:107A10006E2C2022557362486F73745461736B220D
:107A20002C20636F6E6669674D494E494D414C5F2E
:107A3000535441434B5F53495A45202A2031302C3F
:107A400020746869732C206B557362486F7374548B
:107A500061736B5072696F726974792C206E756CEA
:107A60006C70747229203D3D207064504153530066
:107A70005553425F486F7374496E6974206661693B
:107A80006C65640D0A006C66732D3E6366672D3E5F
:107A9000726561645F73697A6520213D2030002F33
:107AA000636F72616C6D6963726F2F746869726461
:107AB0005F70617274792F6E78702F727431313704
:107AC000362D73646B2F6D6964646C6577617265C4
:107AD0002F6C6974746C6566732F6C66732E63000B
:107AE0006C66732D3E6366672D3E70726F675F73C1
:107AF000697A6520213D2030006C66732D3E6366F7
:107B0000672D3E63616368655F73697A6520213D17
:107B10002030006C66732D3E6366672D3E636163A3
:107B200068655F73697A652025206C66732D3E63F6
:107B300066672D3E726561645F73697A65203D3DBD
:107B40002030006C66732D3E6366672D3E63616373
:107B500068655F73697A652025206C66732D3E63C6
:107B600066672D3E70726F675F73697A65203D3D71
:107B70002030006C66732D3E6366672D3E626C6F2D
:107B8000636B5F73697A652025206C66732D3E6395
:107B900066672D3E63616368655F73697A65203D42
:107BA0003D203000342A6C66735F6E707732283067
:107BB000786666666666666666202F20286C667341
:107BC0002D3E6366672D3E626C6F636B5F73697AEF
:107BD000652D322A342929203C3D206C66732D3EC8
:107BE0006366672D3E626C6F636B5F73697A6500D5
:107BF0006C66732D3E6366672D3E626C6F636B5FD0
:107C00006379636C657320213D2030006C66732DB1
:107C10003E6366672D3E6C6F6F6B61686561645F84
:107C200073697A65203E2030006C66732D3E636672
:107C3000672D3E6C6F6F6B61686561645F73697A15
:107C40006520252038203D3D20302026262028751F
:107C5000696E747074725F74296C66732D3E63660E
:107C6000672D3E6C6F6F6B61686561645F627566FE
:107C700066657220252034203D3D2030006C6673FF
:107C80002D3E6366672D3E6E616D655F6D61782088
:107C90003C3D20323535006C66732D3E6366672DA2
:107CA0003E66696C655F6D6178203C3D2032313401
:107CB00037343833363437006C66732D3E6366676D
:107CC0002D3E617474725F6D6178203C3D203130CF
:107CD0003232006C66732D3E6366672D3E6D6574AF
:107CE00061646174615F6D6178203C3D206C6673F6
:107CF0002D3E6366672D3E626C6F636B5F73697ABE
:107D00006500657272203C3D2030006C66735F74C4
:107D100061675F73697A65286C66732D3E6773745B
:107D20006174652E74616729203E2030207C7C20A0
:107D30006F727068616E73203E3D2030002F002509
:107D4000733A25643A6572726F723A20436F7272A9
:107D50007570746564206469722070616972206155
:107D600074207B3078256C782C203078256C787DD9
:107D700025730A002E2E007063616368652D3E62D4
:107D80006C6F636B203C206C66732D3E6366672DC1
:107D90003E626C6F636B5F636F756E7400626C6FD5
:107DA000636B203D3D2028286C66735F626C6F63B7
:107DB0006B5F74292D3229207C7C20626C6F636B91
:107DC000203C206C66732D3E6366672D3E626C6FAF
:107DD000636B5F636F756E74006F6666202B207334
:107DE000697A65203C3D206C66732D3E6366672D85
:107DF0003E626C6F636B5F73697A65007063616389
:107E000068652D3E626C6F636B203D3D2028286CB9
:107E100066735F626C6F636B5F74292D3129002577
:107E2000733A25643A6572726F723A204E6F206D14
:107E30006F726520667265652073706163652025C9
:107E40006C7525730A0025733A25643A646562757A
:107E5000673A2042616420626C6F636B206174201A
:107E60003078256C7825730A002866696C652D3E8C
:107E7000666C6167732026204C46535F4F5F5752F4
:107E80004F4E4C5929203D3D204C46535F4F5F5784
:107E9000524F4E4C59002866696C652D3E666C61E8
:107EA00067732026204C46535F4F5F52444F4E4C21
:107EB0005929203D3D204C46535F4F5F52444F4E61
:107EC0004C59006469722D3E636F756E74203E20BC
:107ED0003000636F6D6D69742E6F66662025206CAF
:107EE00066732D3E6366672D3E70726F675F7369C0
:107EF0007A65203D3D20300025733A25643A64655B
:107F00006275673A20457870616E64696E672073A8
:107F100075706572626C6F636B2061742072657638
:107F200020256C7525730A0025733A25643A77611C
:107F3000726E3A205375706572626C6F636B20309D
:107F400078256C7820686173206265636F6D6520A9
:107F5000756E7772697461626C6525730A002573AA
:107F60003A25643A64656275673A20466978696EB5
:107F700067206D6F7665207768696C652072656C27
:107F80006F636174696E67207B3078256C782C2074
:107F90003078256C787D2030782568780A25730A3A
:107FA0000025733A25643A64656275673A20526524
:107FB0006C6F636174696E67207B3078256C782CF8
:107FC000203078256C787D202D3E207B3078256C04
:107FD000782C203078256C787D25730A0025733A3B
:107FE00025643A64656275673A20466978696E6708
:107FF000206D6F7665207B3078256C782C2030786A
:10800000256C787D20307825687825730A002573E3
:108010003A25643A64656275673A20466978696E04
:1080200067206F727068616E207B3078256C782CC9
:10803000203078256C787D25730A0025733A2564F5
:108040003A64656275673A20466978696E672068A8
:10805000616C662D6F727068616E207B3078256C64
:10806000782C203078256C787D202D3E207B307850
:10807000256C782C203078256C787D25730A006C6F
:108080006974746C6566730025733A25643A657289
:10809000726F723A20496E76616C696420766572FF
:1080A00073696F6E20762568752E25687525730AAD
:1080B0000025733A25643A6572726F723A20556EE4
:1080C000737570706F72746564206E616D655F6D3D
:1080D00061782028256C75203E20256C7529257334
:1080E0000A0025733A25643A6572726F723A205518
:1080F0006E737570706F727465642066696C655F0D
:108100006D61782028256C75203E20256C75292509
:10811000730A0025733A25643A6572726F723A20C9
:10812000556E737570706F727465642061747472CB
:108130005F6D61782028256C75203E20256C75299F
:1081400025730A0025733A25643A64656275673AB7
:1081500020466F756E642070656E64696E67206777
:1081600073746174652030782530386C7825303828
:108170006C782530386C7825730A00216C66735F43
:108180006D6C6973745F69736F70656E286C66736C
:108190002D3E6D6C6973742C202873747275637432
:1081A000206C66735F6D6C6973742A2966696C65EF
:1081B00029006C66735F62645F72656164006C665F
:1081C000735F62645F666C757368006C66735F6290
:1081D000645F73796E63006C66735F62645F707274
:1081E0006F67006C66735F62645F657261736500E0
:1081F0006C66735F6469725F636F6D706163740056
:108200006C66735F6469725F636F6D6D6974006C37
:1082100066735F66696C655F726177726561640041
:108220006C66735F66696C655F726177777269749B
:1082300065006C66735F696E6974006C66735F6677
:10824000735F707265706F727068616E73006C66D8
:10825000735F66696C655F6F70656E006C66735FF7
:1082600066696C655F636C6F7365006C66735F66EF
:10827000696C655F72656164006C66735F66696CEA
:10828000655F73697A65000000000000000000006F
:1082900000000000000000006410B71DC8206E3B05
:1082A000AC30D9269041DC76F4516B6B5861B24DFD
:1082B0003C7105502083B8ED44930FF0E8A3D6D667
:1082C0008CB361CBB0C2649BD4D2D38678E20AA0CF
:1082D0001CF2BDBD2F636F72616C6D6963726F2F8D
:1082E0006C6962732F706D69632F706D69632E63A3
:1082F000630052656164287265672C202676616C84
:1083000029005772697465287265672C2076616C44
:1083100029005265616428506D696352656769730D
:10832000746572733A3A6B44657669636549642C87
:1083300020266465766963655F69642900706D69EC
:10834000635F7461736B00000000000000000000B8
:108350005D3B010099440100D1CD010085CD0100B4
:1083600069D001004572726F72207768656E206374
:108370006C6F73696E6720706970650D0A006261C9
:108380007369635F737472696E673A3A5F4D5F63D6
:1083900072656174650062617369635F73747269A9
:1083A0006E673A3A5F4D5F7265706C6163655F61DD
:1083B0007578002C2066756E6374696F6E3A2000C4
:1083C000617373657274696F6E2022257322206653
:1083D00061696C65643A2066696C652022257322A8
:1083E0002C206C696E65202564257325730A0000B6
:1083F0002020202020202020202828282828202055
:10840000202020202020202020202020202020206C
:1084100088101010101010101010101010101010E4
:1084200004040404040404040404101010101010C4
:10843000104141414141410101010101010101019D
:1084400001010101010101010101011010101010D1
:10845000104242424242420202020202020202026E
:108460000202020202020202020202101010102096
:1084700000000000000000000000000000000000FC
:1084800000000000000000000000000000000000EC
:1084900000000000000000000000000000000000DC
:1084A00000000000000000000000000000000000CC
:1084B00000000000000000000000000000000000BC
:1084C00000000000000000000000000000000000AC
:1084D000000000000000000000000000000000009C
:1084E000000000000000000000000000000000008C
:1084F000000000000000000000000000000000007C
:10850000000000000000000000000000000000006B
:10851000000000000000000000000000000000005B
:10852000000000000000000000000000000000004B
:10853000000000000000000000000000000000003B
:10854000000000000000000000000000000000002B
:10855000A4AA0020232D302B2000686C4C006566F7
:108560006745464700494E4600696E66004E414EDB
:10857000006E616E00303132333435363738394170
:10858000424344454600303132333435363738398A
:1085900061626364656600496E66696E697479003C
:1085A0004E614E005245454E54206D616C6C6F63B8
:1085B00020737563636565646564002F6D6E742F49
:1085C000776F726B73706163652F776F726B737007
:1085D0006163652F4743432D392D706970656C6960
:1085E0006E652F6A656E6B696E732D4743432D3937
:1085F0002D706970656C696E652D3230305F323078
:108600003230303532315F31353930303533333710
:10861000342F7372632F6E65776C69622F6E657786
:108620006C69622F6C6962632F7374646C69622F6A
:1086300064746F612E630042616C6C6F63207375AC
:1086400063636565646564002F6D6E742F776F7268
:108650006B73706163652F776F726B7370616365A5
:108660002F4743432D392D706970656C696E652FF6
:108670006A656E6B696E732D4743432D392D7069A2
:1086800070656C696E652D3230305F32303230305B
:108690003532315F313539303035333337342F733C
:1086A00072632F6E65776C69622F6E65776C696295
:1086B0002F6C6962632F7374646C69622F6D7072C2
:1086C00065632E63000000000080E03779C34143FA
:1086D000176E05B5B5B89346F5F93FE9034F384D28
:1086E000321D30F94877825A3CBF737FDD4F1575D4
:1086F000000000000000F03F0000000000002440E7
:1087000000000000000059400000000000408F40C1
:10871000000000000088C34000000000006AF8402C
:108720000000000080842E4100000000D012634150
:108730000000000084D797410000000065CDCD41C6
:10874000000000205FA00242000000E876483742A7
:10875000000000A2941A6D42000040E59C30A24245
:108760000000901EC4BCD64200003426F56B0C43BA
:108770000080E03779C3414300A0D8855734764361
:1087800000C84E676DC1AB43003D9160E458E143C2
:10879000408CB5781DAF154450EFE2D6E41A4B4437
:1087A00092D54D06CFF08044F64AE1C7022DB5447C
:1087B000B49DD9794378EA4405000000190000000F
:1087C0007D0000002B2D00303000785800412D46F0
:1087D000612D66383930313233343536375D0043F8
:1087E00000504F5349580000F8B500BFF8BC08BC12
:1087F0009E467047F8B500BFF8BC08BC9E4670475F
:108800005FF800F0411924205FF800F06DD82420B3
:108810005FF800F0753724205FF800F011FE242087
:108820005FF800F04D1924205FF800F0D9182420DB
:108830005FF800F0FD1C24205FF800F029172420C9
:108840005FF800F01D0624205FF800F0E9162420F0
:108850005FF800F035F224205FF800F039C12420E1
:108860005FF800F015D824205FF800F0E5282420F8
:108870005FF800F081D624205FF800F0490624203C
:108880005FF800F04D3B24205FF800F035D724203E
:108890005FF800F0710224205FF800F091EF2420CF
:1088A0005FF800F0C93A24205FF800F06FD7242069
:0888B0009083FD7F0100000030
:1088B800250C0000C9440100955B010061670100B7
:0488C800816C0100BE
:0488CC00010C00009B
:1088D0000000000000A4781FAAAAAAAA0000008035
:1088E0000000000101000001000000000001000084
:1088F000010000010000000004010000000003016D
:10890000000001000001010001000001010001015F
:108910000001010000000000000000000000000055
:108920000000000000000000000000000000000047
:108930000000000000000000000000000000000037
:10894000EFBEADDEEFBEADDE021E570214FAC22F3F
:10895000C231C2232212246822FFFF020016C0E0A7
:10896000C0F0C083C082C0D075D000C000C001C0BC
:1089700002C003C004C005C006C0077F187E801275
:1089800027BD8F358E348D338C32E4FFFEFDE5320A
:108990005404FC70030200F8303005C2300200F8C5
:1089A0002033030200EBC233302269C2AF122676B5
:1089B000A2AF9224C2AF908000E4F0A37480F0A331
:1089C000E4F0A3F0A22492AF9001B8121A80000044
:1089D00000007FA07EBB7D0D7C009001B8E0F8A375
:1089E000E0F9A3E0FAA3E0FBC3121A25502190019D
:1089F000B8E0FCA3E0FDA3E0FEA3E02401FFE43E19
:108A0000FEE43DFDE43CFC9001B8121A5B80C31209
:108A100028E0802CC2AF85354585344485334385B5
:108A200032427F187E8012273FE4FF12122D122956
:108A30006A800D7F0112122D122676120006D22AAC
:108A4000E535540CFFE4FEE5335404FDE4FCED4F42
:108A50006002D22AAF35AE34AD33AC32EC4D4E4F5E
:108A6000600F8F458E448D438C427F187E80122785
:108A70003F90801CE0F536908040E0F537908042D2
:108A8000E0F538E53720E103020212A2AF9224C2DA
:108A9000AF90801C7401F0A3E4F0A3F0A3F0A22433
:108AA00092AF90802DE0FF1313543F1392349080C7
:108AB0002CE0F539A2AF9224C2AFF0A3E4F0A3F00A
:108AC000A3F0A22492AFE539541C700302021230C5
:108AD0002945E53930E3273029137B017A01795C98
:108AE0007F007E807D007C801222BD80117B017A18
:108AF00001795C7F007E807D007C101222BDA2AFD8
:108B00009224C2AF9080387402F0A3E4F0A3F0A3E3
:108B1000F0A22492AF8043E53930E3273029137B5C
:108B2000017A01795C7F007E807D007C801222BD0D
:108B300080117B017A01795C7F007E807D007C1052
:108B40001222BDA2AF9224C2AF9080387402F0A36B
:108B5000E4F0A3F0A3F0A22492AFE53730E23EA206
:108B6000AF9224C2AF90801C7402F0A3E4F0A3F093
:108B7000A3F0A22492AF90802CE0F539A3E0FF137C
:108B800013543F139234A2AF9224C2AF90802CE5CD
:108B900039F0A3E4F0A3F0A3F0A22492AFE53730BC
:108BA000E32FA2AF9224C2AF90801C7403F0A3E421
:108BB000F0A3F0A3F0A22492AF90802CE0F539A2AC
:108BC000AF9224C2AFF0A3E4F0A3F0A3F0A22492EA
:108BD000AFE53820E103020350A2AF9224C2AF9068
:108BE000801C7481F0A3E4F0A3F0A3F0A22492AF60
:108BF00090802CE0F539A2AF9224C2AFF0A3E4F04C
:108C0000A3F0A3F0A22492AFE539540C7003020341
:108C10005090902CE0F53930E061909005E0753A85
:108C200000F53B753B00F53A909004E0253BF53BA1
:108C3000E4353AF53A533A03E53BAE3A7803C333A9
:108C4000CE33CED8F9F53B8E3A7E017F18C007FFB0
:108C5000E48F41853A40F53FF53E754281D00712D9
:108C60001C78A2AF9224C2AF9090307401F0A3E4BC
:108C7000F0A3F0A3F0A22492AF801D909034E0F511
:108C8000395339FEA2AF9224C2AFE539F0A3E4F024
:108C9000A3F0A3F0A22492AFE53820E20302041768
:108CA000A2AF9224C2AF90801C7482F0A3E4F0A320
:108CB000F0A3F0A22492AF90802CE0F539A2AF92FD
:108CC00024C2AFF0A3E4F0A3F0A3F0A22492AFE596
:108CD00039540C700302041790902CE0F53930E100
:108CE0006190900DE0753A00F53B753B00F53A90C8
:108CF000900CE0253BF53BE4353AF53A533A03E571
:108D00003BAE3A7803C333CE33CED8F9F53B8E3A37
:108D10007E017F30C007FFE48F41853A40F53FF583
:108D20003E754282D007121C78A2AF9224C2AF9047
:108D300090307402F0A3E4F0A3F0A3F0A22492AF69
:108D4000801D909034E0F5395339FDA2AF9224C2D2
:108D5000AFE539F0A3E4F0A3F0A3F0A22492AFE5CD
:108D60003730E07BA2AF9224C2AF90801CE4F0A326
:108D7000F0A3F0A3F0A22492AF7F2C7E801227BD37
:108D800078AB121A4F78AB121A36EF5410FFE4FE8C
:108D9000FDFCEF6034A2AF9224C2AF90802C74101F
:108DA000F0A3E4F0A3F0A3F0A22492AF302A30C2E3
:108DB0002AA2AF9224C2AF90803804F0A3E4F0A3BB
:108DC000F0A3F0A22492AF8016D22E78AB121A36FE
:108DD0008F458E448D438C427F2C7E8012273FE549
:108DE0003820E003020523A2AF9224C2AF90801C7A
:108DF0007480F0A3E4F0A3F0A3F0A22492AF302D8E
:108E00001F7F2C7E801227BD78A7121A42EF4BFFDE
:108E1000EE4AFEED49FDEC48FC78A7121A4F800C93
:108E20007F2C7E801227BD78A7121A4F78A7121ABE
:108E300036EF5410FFE4FEFDFCEF6019A2AF922460
:108E4000C2AF90802C7410F0A3E4F0A3F0A3F0A2C2
:108E50002492AF8016D22D78A7121A368F458E44F1
:108E60008D438C427F2C7E8012273FE53830E352C1
:108E7000A2AF9224C2AF90801C7483F0A3E4F0A34D
:108E8000F0A3F0A22492AF90802CE0F539A2AF922B
:108E900024C2AFF0A3E4F0A3F0A3F0A22492AFE5C4
:108EA00039540C601D909034E0F53953397FA2AFEE
:108EB0009224C2AFE539F0A3E4F0A3F0A3F0A2241A
:108EC00092AFA2AF9224C2AF90801CE536F0A3E42B
:108ED000F0A3F0A3F0A22492AFD007D006D005D023
:108EE00004D003D002D001D000D0D0D082D083D023
:108EF000F0D0E0328F46E546600F9001A6E0B40462
:108F000004A3E060131228B0229001A6E0B4080484
:108F1000A3E060041228B0227B007A0079478B4BD3
:108F20008A4C894D9001A2E0900003121A0390012F
:108F3000A3E0900002121A039001A4E09000011235
:108F40001A039001A5E01219F1E4FFFE7D04FCABC9
:108F50004AAA49A948A847C3121A2540557FF87E56
:108F6000FF7D7F7C00A847D3121A255045E5466057
:108F7000041228B022A2AF9232C2AF90801CE4F05B
:108F8000A3F0A3F0A3F0A23292AFA2AF9232C2AF8D
:108F90009080287408F0A3E4F0A3F0A3F0A232922A
:108FA000AFAF4AAE49AD48AC47F55A755B081221E0
:108FB000DB22E4FFFE7D03FCAB4AAA49A948A8478F
:108FC000C3121A2540557FF87EFF7D037C00A84719
:108FD000D3121A255045E54660041228B022A2AFEC
:108FE0009232C2AF90801CE4F0A3F0A3F0A3F0A2F1
:108FF0003292AFA2AF9232C2AF9080287408F0A331
:10900000E4F0A3F0A3F0A23292AFAF4AAE49AD486C
:10901000AC47F55A755B081221DB22C3E54A940080
:10902000F54AE5499400F549E5489401F548E547D6
:109030009400F547E4FF7E90FDFCAB4AAA49A9489D
:10904000A847C3121A25403CE47FF87E93FDFCA894
:1090500047D3121A25502DAE49AF4A12277F8F51A0
:109060008E508D4F8C4EE54660030207D8E54A24AA
:1090700004FFE43549FE12277F8F558E548D538CA3
:10908000520207D8E4FF7E80FDFCAB4AAA49A948FA
:10909000A847C3121A254038E47FF87E83FDFCA858
:1090A00047D3121A255029AE49AF4A12277F8F5154
:1090B0008E508D4F8C4EE5467066E54A2404FFE4E1
:1090C0003549FE12277F8F558E548D538C52805018
:1090D000E4FF7EA0FDFCAB4AAA49A948A847C312F9
:1090E0001A254038E47FF87EA7FDFCA847D3121A62
:1090F000255029AE49AF4A12277F8F518E508D4F90
:109100008C4EE546701AE54A2404FFE43549FE1208
:10911000277F8F558E548D538C5280041228B02295
:109120007B007A00794E8B4B8A4C894D900003125C
:1091300019C4900018F09000021219C4900019F0A0
:109140009000011219C490001AF01219AB90001B84
:10915000F0A2AF9232C2AF90801CE4F0A3F0A3F073
:10916000A3F0A23292AFA2AF9232C2AF9080287425
:1091700008F0A3E4F0A3F0A3F0A23292AFE54670AA
:109180003B7A007952F54B8A4C894D9000031219B5
:10919000C490001CF09000021219C490001DF090C1
:1091A00000011219C490001EF01219AB90001FF0BC
:1091B0007E007F187D087C00121F69227E007F18C8
:1091C0007D047C00121F6922908004E0FFC45407D4
:1091D000FF24FE600A146007147006D2298002C2C0
:1091E000299001A7E0754600F547E547FE9001A6E6
:1091F000E07C002400F547EC3EF5469001A3E0F941
:1092000024FE6056147003020A3124FD7003020A22
:109210006414604624F87003020AB3240E6003024B
:109220000B1DD3E5479412E54694004006754600B1
:109230007547123029127E197F107C007D18AB47CC
:10924000AA461226BB020AE57E187FAB7C007D1879
:10925000AB47AA461226BB020AE52029030209975A
:10926000D3E5479409E54694005028E9B402127EFC
:10927000197F2C7C007D18AB47AA461226BB020A38
:10928000127E197F357C007D18AB47AA461226BB9B
:10929000020A12D3E5479460E546940040067546FD
:1092A00000754760E9B402117E197F2C7C007D189F
:1092B0007B097A001226BB800F7E197F357C007DEA
:1092C000187B097A001226BB7E197F3E7C007D2127
:1092D000E54724F7FBE54634FFFA1226BB807BD333
:1092E000E5479409E54694005026E9B402117E183A
:1092F0007FC77C007D18AB47AA461226BB805B7EE9
:10930000187FD07C007D18AB47AA461226BB804A46
:10931000D3E547943CE54694004006754600754702
:109320003CE9B402117E187FC77C007D187B097A66
:10933000001226BB800F7E187FD07C007D187B0931
:109340007A001226BB7E187FD97C007D21E5472458
:10935000F7FBE54634FFFA1226BB302103020AE58B
:1093600090001F7480F0302907A37470F0020AE5A2
:1093700090002074F9F0020AE59001A2E060030277
:109380000B1D90190CE493FF7E00D3E5479FE54643
:109390009E40048E468F477E197F0C7C007D18AB63
:1093A00047AA461226BB020AE5020AE530292690A2
:1093B0001922E493FF7E00D3E5479FE5469E4004D3
:1093C0008E468F477E197F227C007D18AB47AA46C8
:1093D0001226BB80589018BDE493FF7E00D3E5476A
:1093E0009FE5469E40048E468F477E187FBD7C00D9
:1093F0007D18AB47AA461226BB8032901998E49399
:10940000FF7E00FE901997E4937C002400FFEC3E61
:10941000FED3E5479FE5469E40048E468F477E1962
:109420007F957C007D18AB47AA461226BBA2AF925F
:1094300032C2AF90801CE4F0A3F0A3F0A3F0A232FC
:1094400092AFA2AF9232C2AF9080287408F0A3E42A
:10945000F0A3F0A3F0A23292AF7E007F18AD47AC2C
:1094600046121F69221228B022202C03020BC8C208
:109470002C7F287E9012277F8F498E488D478C46FF
:109480007B007A0079469000031219C4900010F016
:109490009000021219C4900011F09000011219C43A
:1094A000900012F01219AB900013F0A2AF9232C2EA
:1094B000AF90801C7483F0A3E4F0A3F0A3F0A23279
:1094C00092AF0B7A017948E9EAE429F561E43AF5CB
:1094D00060E43401F55FE433F55E7F207E80122680
:1094E000FFA2AF9232C2AF908038E4F0A3F0A37431
:1094F00008F0A3E4F0A23292AFA2AF9232C2AF90D2
:1095000090307480F0A3E4F0A3F0A3F0A23292AF05
:10951000202503020C4FC225A2AF9232C2AF908029
:109520001C7401F0A3E4F0A3F0A3F0A23292AF30D8
:10953000294E909019E0541F9029DD93F54AE47864
:1095400062F608F608F608F608F608F6E54AF8E4C2
:109550007969F7E825E025E019F7A2AF9232C2AFAA
:10956000908028E4F0E54A25E004A3F0A3E4F0A30A
:10957000F0A23292AF7B017A01795CAD4A1229B92F
:10958000A2AF9232C2AF9080387402F0A3E4F0A38D
:10959000F0A3F0A23292AF202703020CD6C227A27A
:1095A000AF9232C2AF90801C7402F0A3E4F0A3F03B
:1095B000A3F0A23292AF30294E90901DE0541F903C
:1095C00029DD93F54AE4786AF608F608F608F60805
:1095D000F608F6E54AF8E47971F7E825E025E019A0
:1095E000F7A2AF9232C2AF908028E4F0E54A25E0BE
:1095F00004A3F0A3E4F0A3F0A23292AF7B017A01BE
:109600007974AD4A1229B9A2AF9232C2AF908038B4
:109610007404F0A3E4F0A3F0A3F0A23292AF2028E8
:1096200003020D5DC228A2AF9232C2AF90801C74BB
:1096300003F0A3E4F0A3F0A3F0A23292AF30294EDE
:10964000909021E0541F9029DD93F54AE47872F65A
:1096500008F608F608F608F608F6E54AF8E4797917
:10966000F7E825E025E019F7A2AF9232C2AF90806B
:1096700028E4F0E54A25E004A3F0A3E4F0A3F0A277
:109680003292AF7B017A01798CAD4A1229B9A2AF2F
:109690009232C2AF9080387408F0A3E4F0A3F0A334
:1096A000F0A23292AF228E468F47C220301630A2EF
:1096B000AF9232C2AF90801CE4F0A3F0A3F0A3F00D
:1096C000A23292AFA2AF9232C2AF90802CF0A374BC
:1096D00040F0A3E4F0A3F0A23292AF1228B0227BB4
:1096E000007A00794890001BE01219F190001AE00E
:1096F000900001121A03900019E0900002121A0360
:10970000900018E0900003121A03E54745467029BF
:109710007A00794C90001FE01219F190001EE09041
:109720000001121A0390001DE0900002121A03902B
:10973000001CE0900003121A03788B121A36C3EF54
:109740009400FFEE9400FEED9401FDEC9400FC7893
:109750008B121A4FE4FF7E90FDFC788B121A42C3E5
:10976000121A25404BE47FF87E93FDFC788B121A89
:1097700042D3121A255039788B121A36854B6185DF
:109780004A6085495F85485E1226FFE54745466089
:1097900003020F19788B121A36EF2404FFE43EFE01
:1097A000854F61854E60854D5F854C5E1226FF2298
:1097B000E4FF7E80FDFC788B121A42C3121A25400A
:1097C00048E47FF87E83FDFC788B121A42D3121A8C
:1097D000255036788B121A36854B61854A6085494B
:1097E0005F85485E1226FFE54745467074788B1208
:1097F0001A36EF2404FFE43EFE854F61854E6085F6
:109800004D5F854C5E1226FF22E4FF7EA0FDFC78B2
:109810008B121A42C3121A254047E47FF87EA7FD37
:10982000FC788B121A42D3121A255035788B121AF3
:1098300036854B61854A6085495F85485E1226FF03
:10984000E5474546701B788B121A36EF2404FFE477
:109850003EFE854F61854E60854D5F854C5E1226CC
:10986000FF22A2AF9232C2AF90801CEFF0A3E4F0CF
:10987000A3F0A3F0A23292AF302960EF64017034FC
:10988000A2AF9232C2AF9080247405F0A3740FF09F
:10989000A3E4F0A3747CF0A23292AFA2AF9232C2E2
:1098A000AF9080387402F0A3E4F0A3F0A3F0A232EA
:1098B00092AF805BEF64026056EF64036051A2AF29
:1098C0009232C2AF9080247405F0A3740FF0A3E429
:1098D000F0A3741CF0A23292AF8034A2AF9232C2D5
:1098E000AF9080247405F0A3E4F0A3F0A37442F0D9
:1098F000A23292AFEF147017A2AF9232C2AF908033
:10990000387402F0A3E4F0A3F0A3F0A23292AFEF18
:1099100030E719A2AF9232C2AF9080347480F0A3C6
:10992000E4F0A3F0A3F0A23292AF8033302919A261
:10993000AF9232C2AF9080347410F0A3E4F0A3F081
:10994000A3F0A23292AF8017A2AF9232C2AF908042
:10995000347410F0A3E4F0A3F0A3F0A23292AFEFBE
:1099600024FE602114603124826040146050248100
:10997000705D7B017A017958E9F549EAF548E4F52B
:1099800047F546804A7B017A017970E9F549EAF5A5
:1099900048E4F547F54680377B017A017988E9F597
:1099A00049EAF548E4F547F54680247B017A0179D8
:1099B00018E9F549EAF548E4F547F54680117B01D9
:1099C0007A017930E9F549EAF548E4F547F546E4E6
:1099D0002549F561E43548F560E5473401F55FE474
:1099E0003546F55E7F207E801226FF22E4FF90013F
:1099F000A0E01470030211391470030211712402E3
:109A0000600302122930294C9001A3E06003021286
:109A100029A3E06003021229A3E06003021229A334
:109A2000E06003021229A3E060030212292033033D
:109A30000212299001A2E024CF600B0460030212FD
:109A400029D22F0211AAD2310211AA02122902111F
:109A5000AA0211AA9001A2E064026003021229A3E3
:109A6000E06003021229A3E060030212299001A61C
:109A7000E06003021229A3E060030212297F018043
:109A8000712029030212299001A2E0600302122929
:109A9000A3E06003021229A3E060030212299001EF
:109AA000A6E06003021229A3E060030212299001DC
:109AB000A5E030E03D803B80399001A2E0600302E8
:109AC0001229A2AF9232C2AF9001A4E090801CF0A4
:109AD000A3E4F0A3F0A3F0A23292AFA2AF9232C2FD
:109AE000AF9080287402F0A3E4F0A3F0A3F0A232B8
:109AF00092AFEF60789001A5E024FE602414603BF3
:109B000014605224037066A2AF9232C2AF908008F4
:109B1000E4F0A37402F0A3E4F0A3F0A23292AF80C9
:109B20004CA2AF9232C2AF908008E4F0A37406F06A
:109B3000A3E4F0A3F0A23292AF8032A2AF9232C27D
:109B4000AF908008E4F0A3740AF0A3E4F0A3F0A2BD
:109B50003292AF8018A2AF9232C2AF908008E4F088
:109B6000A3740EF0A3E4F0A3F0A23292AF12246823
:109B7000221228B0228F3C908004E0FFC45407FFDB
:109B800024FE600A146007147006D2298002C229DC
:109B9000A2AF9224C2AF90801CE4F0A3F0A3F0A384
:109BA000F0A22492AFA2AF9224C2AF90802C74FF97
:109BB000F0A3F0A3F0A3F0A22492AFA2AF9224C22C
:109BC000AF9080287401F0A3E4F0A3F0A3F0A224E6
:109BD00092AF908028E020E0F9E53C607130291BCD
:109BE000A2AF9224C2AF9080247401F0A3E4F0A34A
:109BF000F0A37402F0A22492AF801AA2AF9224C202
:109C0000AF9080247401F0A3E4F0A37440F0A3E4C7
:109C1000F0A22492AFA2AF9224C2AF90803474918C
:109C2000F0A37450F0A3E4F0A3F0A22492AF7B0160
:109C30007A0179A8E9EAE429F545E43AF544E434FF
:109C400001F543E433F5427F207E8012273FA2AF27
:109C50009224C2AF90801C7480F0A3E4F0A3F0A320
:109C6000F0A22492AFA2AF9224C2AF90802804F059
:109C7000A3E4F0A3F0A3F0A22492AF908028E02008
:109C8000E0F9E53C606930291BA2AF9224C2AF9095
:109C900080247401F0A3E4F0A3F0A37402F0A224E2
:109CA00092AF801AA2AF9224C2AF9080247401F0C8
:109CB000A3E4F0A37440F0A3E4F0A22492AFA2AF17
:109CC0009224C2AF9080347480F0A37450F0A3E467
:109CD000F0A3F0A22492AFA2AF9232C2AF90803C28
:109CE00004F0A3E4F0A304F0A3E4F0A23292AF22C4
:109CF000E4F561F560F55FF55E7F1C7E801226FF5E
:109D000078AB121A368F238E228D218C20201803D7
:109D100002149D9001A0E05460706BA3E024D06019
:109D2000601460592431B40C0040030214F99013FC
:109D3000EDF82828730214110214150214F9021404
:109D4000190214F902141D0214210214F902142537
:109D500002142902142D021431121AB12212207396
:109D6000221210A42212293E2212088022122168F7
:109D70002212239722122401221229932212000D6B
:109D8000221227FB22229001A0E0FF546064407061
:109D900032A3E07010EF30E706E4FF1205AC22E4D6
:109DA000FF12177D229001A1E0640160030214F903
:109DB0009001A0E030E7067F011205AC227F01127E
:109DC000177D229001A0E0546064207074A3E070BD
:109DD000109001A6E0700AA3E07006D22212246857
:109DE000221228B022301A5330204C788AE624FE02
:109DF000600F14601524027014E4FFFE120D5E80E3
:109E00000C7F017E00120D5E8003122A1C7E017FF2
:109E1000A87B017A0179A0E9EAE429F54BE43AF557
:109E20004AE43401F549E433F548E4754F08F54E4A
:109E3000F54DF54C1220F412246822301B03122435
:109E40006822C0E0C083C082C0D075D000C000C00E
:109E500001C002C003C006C007D226909030E0F5D2
:109E600028909034E0F527E52830E062909005E0F6
:109E7000752900F52A752A00F529909004E0252A15
:109E8000F52AE43529F529532903E52AAE29780373
:109E9000C333CE33CED8F9F52A8E297E017F18C080
:109EA00007FFE48F3085292FF52EF52D753181D0F0
:109EB00007121BA0A2AF922BC2AF9090307401F09A
:109EC000A3E4F0A3F0A3F0A22B92AF432701E5286F
:109ED00030E16290900DE0752900F52A752A00F5B1
:109EE0002990900CE0252AF52AE43529F5295329F3
:109EF00003E52AAE297803C333CE33CED8F9F52A49
:109F00008E297E017F30C007FFE48F3085292FF531
:109F10002EF52D753182D007121BA0A2AF922BC255
:109F2000AF9090307402F0A3E4F0A3F0A3F0A22B62
:109F300092AF432702E52830E705D22C432780E57E
:109F40002830E305D225432708E52830E405D22749
:109F5000432710E52830E505D228432720A2AF92F9
:109F60002BC2AF909034E527F0A3E4F0A3F0A3F068
:109F7000A22B92AFD007D006D003D002D001D000E0
:109F8000D0D0D082D083D0E032788F121A6700020E
:109F9000800030290B7893121A67800080008009B6
:109FA0007893121A67100080007897121A670000E1
:109FB00004257B017A017958E9EAE429FFE43AFEB5
:109FC000E43401FDE433FC789B121A4F789F121A97
:109FD000670000000078A3121A67000018117F8F35
:109FE0007C017D5812232C7F9B7C017D6412232CE5
:109FF000788F121A67000300007B017A017970E9FB
:10A00000EAE429FFE43AFEE43401FDE433FC789B02
:10A01000121A4F7F8F7C017D7012232C7F9B7C0155
:10A020007D7C12232C788F121A67000380007B013D
:10A030007A017988E9EAE429FFE43AFEE43401FD93
:10A04000E433FC789B121A4F7F8F7C017D881223AA
:10A050002C7F9B7C017D9412232C787A121A670046
:10A060000200007B017A017918E9EAE429FFE43A69
:10A07000FEE43401FDE433FC789B121A4F7F7A7CB6
:10A08000017D1812232C7F9B7C017D2412232C78C8
:10A090007A121A67000268007B017A017930E9EAD6
:10A0A000E429FFE43AFEE43401FDE433FC789B123A
:10A0B0001A4F7F7A7C017D3012232C7F9B7C017D9F
:10A0C0003C12232C228F46E546600F9001A6E0B497
:10A0D0000404A3E060131228B0229001A6E0B408A3
:10A0E00004A3E060041228B0227B007A00798B90F0
:10A0F00001A2E0900003121A039001A3E090000275
:10A10000121A039001A4E0900001121A039001A515
:10A11000E01219F1D220A2AF9232C2AF90801CE4BB
:10A12000F0A3F0A3F0A3F0A23292AFA2AF9232C29A
:10A13000AF9080287408F0A3E4F0A3F0A3F0A2325B
:10A1400092AFFFFE7D04FC788B121A42C3121A25CF
:10A15000402E7FF87EFF7D7F7C00788B121A42D3E1
:10A16000121A25501BE54660041228B022E4788AB2
:10A17000F6788B121A36754B00754C0812224D2258
:10A18000E4FFFE7D03FC788B121A42C3121A2540AD
:10A190002E7FF87EFF7D037C00788B121A42D3124B
:10A1A0001A25501BE54660041228B022E4788AF68E
:10A1B000788B121A36754B00754C0812224D22E529
:10A1C000466010788A76027E007F187D047C00123B
:10A1D0001FEF22788A76017E007F187D087C0012AE
:10A1E0001FEF224755432D5665723A180910053A5C
:10A1F000454E441201100200000040D118029300A5
:10A2000001000000010A06100200000040010009E0
:10A21000023C00010100C03109073C00010100C0FF
:10A22000310904000006FFFFFF00070501020002DC
:10A2300000070502020002000705030200020007F2
:10A240000581020002000705820200020007058363
:10A250000340000104030904120110030000000977
:10A26000D11802930001000000010A06100300004B
:10A270000009010009026000010100C00C0907602B
:10A2800000010100C00C0904000006FFFFFF0007E9
:10A2900005010200040006300F000000070502025D
:10A2A00000040006300F0000000705030200040050
:10A2B00006300F0000000705810200040006300F81
:10A2C0000000000705820200040006300F000000B5
:10A2D00007058303400001063000000400050F1647
:10A2E0000002071002020000000A1003000C000226
:10A2F000000000BB010689828A83E0225002E72227
:10A30000BBFE02E32289828A83E49322BB010CE52F
:10A310008229F582E5833AF583E0225006E9258219
:10A32000F8E622BBFE06E92582F8E222E58229F55D
:10A3300082E5833AF583E49322BB010689828A830E
:10A34000F0225002F722BBFE01F322F8BB010DE51B
:10A350008229F582E5833AF583E8F0225006E92563
:10A3600082C8F622BBFE05E92582C8F222EB9FF5E2
:10A37000F0EA9E42F0E99D42F0E89C45F022E6FCBE
:10A3800008E6FD08E6FE08E6FF22E6FB08E6F90817
:10A39000E6FA08E6CBF822ECF608EDF608EEF60849
:10A3A000EFF622ECF0A3EDF0A3EEF0A3EFF022D055
:10A3B00083D082E493F608740193F608740293F64E
:10A3C00008740393F6740473A8828583F0D083D055
:10A3D00082121A97121A97121A97121A97E473E4B4
:10A3E00093A3C583C5F0C583C8C582C8F0A3C58340
:10A3F000C5F0C583C8C582C8229001A3E0FF9001C3
:10A40000A2E04FFF9001A5E04FFF9001A7E04F6051
:10A4100003021B9C9001A6E064026003021B9C9057
:10A4200001A0E0247F604B14605124026003021BF2
:10A430009C9001A4E06003021B9C3021089000184E
:10A440007401F08005E4900018F030291E302F07C9
:10A45000900018E04404F0303107900018E0440800
:10A46000F0302307900018E04410F0E4900019F059
:10A47000803BE4900018F0A3F08032A2AF9232C289
:10A48000AF9001A4E090801CF0A3E4F0A3F0A3F04F
:10A49000A23292AF90802CE030E108900018740155
:10A4A000F08005E4900018F0E4900019F0A2AF925B
:10A4B00032C2AF90801CE4F0A3F0A3F0A3F0A2326C
:10A4C00092AFA2AF9232C2AF9080287408F0A3E49A
:10A4D000F0A3F0A3F0A23292AF7E007F187D02FCC1
:10A4E000121F69221228B0228F828E83302914E530
:10A4F00030F530E52FF52FE52EF52EE52D4480F5CE
:10A500002D8012E530F530E52FF52FE52EF52EE5FF
:10A510002D4410F52D7B007A00792DAE83AF82EFAC
:10A520002404FFE43EFE9000031219C48F828E8340
:10A53000F09000021219C48F828E83A3F090000164
:10A540001219C48F828E83A3A3F01219AB8F828E4F
:10A5500083A3A3A3F090801CE0FFA2AF922BC2AF15
:10A56000E531F0A3E4F0A3F0A3F0A22B92AFE53124
:10A57000247E601D047032A2AF922BC2AF9080384F
:10A58000E4F0A3F0A37402F0A3E4F0A22B92AF8056
:10A5900018A2AF922BC2AF908038E4F0A3F0A3745E
:10A5A00004F0A3E4F0A22B92AFA2AF922BC2AF9023
:10A5B000801CEFF0A3E4F0A3F0A3F0A22B92AF2253
:10A5C0008F828E83302914E541F541E540F540E561
:10A5D0003FF53FE53E4480F53E8012E541F541E51B
:10A5E00040F540E53FF53FE53E4410F53E7B007AFF
:10A5F00000793EAE83AF82EF2404FFE43EFE90007C
:10A60000031219C48F828E83F09000021219C48F36
:10A61000828E83A3F09000011219C48F828E83A3CF
:10A62000A3F01219AB8F828E83A3A3A3F0E542247B
:10A630007E601C047031A2AF9224C2AF908038E4D7
:10A64000F0A3F0A37402F0A3E4F0A22492AF22A23C
:10A65000AF9224C2AF908038E4F0A3F0A37404F06A
:10A66000A3E4F0A22492AF22A2AF9232C2AF9080B4
:10A670001CEFF0A3E4F0A3F0A3F0A23292AFA2AFDC
:10A680009232C2AF9080247407F0A3E4F0A3744028
:10A69000F0A3E4F0A23292AFA2AF9232C2AF9080A8
:10A6A000347480F0A3E4F0A37408F0A3E4F0A232C1
:10A6B00092AF7B017A007910E9EAE429FFE43AFEDF
:10A6C000E43401FDE433FC787A121A4F787E121AD2
:10A6D00067000000047882121A67000004257F7A60
:10A6E0007C017D4812232C7B017A017948E9EAE458
:10A6F00029F561E43AF560E43401F55FE433F55E91
:10A700007F207E801226FF22A2AF9232C2AF9080BD
:10A710001C7480F0A3E4F0A3F0A3F0A23292AFA2E5
:10A72000AF9232C2AF78A7121A368F238E228D21B4
:10A730008C20A23292AF201A03301B62A2AF923259
:10A74000C2AF9080287420F0A3E4F0A3F0A3F0A29D
:10A750003292AFA2AF9232C2AF90801CF0A3F0A3AE
:10A76000F0A3F0A23292AF7B017A0179A8E9EAE482
:10A7700029F561E43AF560E43401F55FE433F55E10
:10A780007F207E801226FFA2AF9232C2AF90803827
:10A790007401F0A3E4F0A3F0A3F0A23292AF227808
:10A7A0007FE4F6D8FD7581AE021E9E0225DBE493A0
:10A7B000A3F8E493A34003F68001F208DFF48029B4
:10A7C000E493A3F85407240CC8C333C4540F4420A3
:10A7D000C8834004F456800146F6DFE4800B010292
:10A7E000040810204080902910E47E019360BCA3EF
:10A7F000FF543F30E509541FFEE493A360010ECFE0
:10A8000054C025E060A840B8E493A3FAE493A3F809
:10A81000E493A3C8C582C8CAC583CAF0A3C8C582C9
:10A82000C8CAC583CADFE9DEE780BE908004E0FFC6
:10A83000C454076016E50945087075F508750901E7
:10A840009001C0121A800000000022E4F508F5090A
:10A850009001C0E0FCA3E0FDA3E0FEA3E02401FF23
:10A86000E43EFEE43DFDE43CFC9001C0121A5B7F37
:10A87000A07EBB7D0D7C009001C0E0F8A3E0F9A3B1
:10A88000E0FAA3E0FBD3121A2540259001C0121A6A
:10A890008000000000A2AF9232C2AF908000E4F0CE
:10A8A000A37480F0A3E4F0A3F0A23292AF1224CC00
:10A8B00022AB05AA04E4EFEEE42FFFE43EFEE4340D
:10A8C00001FDE433FC787A121A4FAE02AF03E4FCC8
:10A8D000FD787E121A4F7882121A67000004257FD5
:10A8E0007A7C007D0012232CA2AF9232C2AF9080FE
:10A8F0001C7480F0A3E4F0A3F0A3F0A23292AF7B2B
:10A90000017A007900E9EAE429F561E43AF560E4C6
:10A910003401F55FE433F55E7F207E801226FFA2CE
:10A92000AF9232C2AF908038E4F0A3F0A304F0A35A
:10A93000E4F0A23292AF22AB05AA04E4EFEEE42FDA
:10A94000FFE43EFEE43401FDE433FC787A121A4F52
:10A95000AE02AF03E4FCFD787E121A4F7882121A21
:10A9600067000004257F7A7C017DA812232CA2AF0A
:10A970009232C2AF90801CE4F0A3F0A3F0A3F0A247
:10A980003292AF7B017A0179A8E9EAE429F561E422
:10A990003AF560E43401F55FE433F55E7F207E80B4
:10A9A0001226FFA2AF9232C2AF9080387401F0A39A
:10A9B000E4F0A3F0A3F0A23292AF229001A0E02431
:10A9C000FE603B2402707130296E9001A3E0706834
:10A9D000A3E07064A3E07060A3E0705CA3E0705833
:10A9E0003033559001A2E024CF600704704AC22F93
:10A9F0008042C231803E8040803A8038803690016B
:10AA0000A2E07034A2AF9232C2AF9001A4E0908075
:10AA10001CF0A3E4F0A3F0A3F0A23292AFA2AF9295
:10AA200032C2AF9080287404F0A3E4F0A3F0A3F046
:10AA3000A23292AF122468221228B0228E468F478B
:10AA40007B007A0079489000031219C48F828E83AC
:10AA5000F09000021219C48F828E83A3F09000013F
:10AA60001219C48F828E83A3A3F01219AB8F828E2A
:10AA700083A3A3A3F07A00794CEF2404FFE43EFE05
:10AA80009000031219C48F828E83F0900002121975
:10AA9000C48F828E83A3F09000011219C48F828E1E
:10AAA00083A3A3F01219AB8F828E83A3A3A3F022FA
:10AAB0009001A3E0FF9001A2E04FFF9001A4E04FBE
:10AAC000FFA3E04FFF9001A7E04F60041228B022DF
:10AAD0009001A6E0640160041228B022303308908F
:10AAE00000187401F08005E4900018F0A2AF9232D3
:10AAF000C2AF90801CE4F0A3F0A3F0A3F0A23292C6
:10AB0000AFA2AF9232C2AF9080287408F0A3E4F0F5
:10AB1000A3F0A3F0A23292AF7E007F187D01FC1259
:10AB20001F6922787A121A4FAE5AAF5BE4FCFD78A7
:10AB30007E121A4F7882121A67000004257F7A7CF1
:10AB4000007D0012232CA2AF9232C2AF90801C7401
:10AB500080F0A3E4F0A3F0A3F0A23292AF7B017ADD
:10AB6000007900E9EAE429F561E43AF560E43401AA
:10AB7000F55FE433F55E7F207E801226FFA2AF9260
:10AB800032C2AF908038E4F0A3F0A304F0A3E4F065
:10AB9000A23292AF22787A121A4FAE4BAF4CE4FC3D
:10ABA000FD787E121A4F7882121A67000004257F02
:10ABB0007A7C017DA812232CA2AF9232C2AF908082
:10ABC0001CE4F0A3F0A3F0A3F0A23292AF7B017AD1
:10ABD0000179A8E9EAE429F561E43AF560E4340191
:10ABE000F55FE433F55E7F207E801226FFA2AF92F0
:10ABF00032C2AF9080387401F0A3E4F0A3F0A3F068
:10AC0000A23292AF228B3C8A3D893E8F428E418D8B
:10AC1000408C3F7B007A00793F8B438A4489459082
:10AC200000031219C4AB3CAA3DA93E1219F1AB4373
:10AC3000AA44A9459000021219C4AB3CAA3DA93E02
:10AC4000900001121A03AB43AA44A94590000112D7
:10AC500019C4AB3CAA3DA93E900002121A03AB43B3
:10AC6000AA44A9451219ABAB3CAA3DA93E900003EA
:10AC7000121A03228F5CE4F9E9C3940C5060E924B2
:10AC800003255CF8E6FFED29F582E43CF583EFF05F
:10AC9000E92402255CF8E6FFE92401FBE433FAED40
:10ACA0002BF582EC3AF583EFF0E904255CF8E6FF3A
:10ACB000E92402FBE433FAED2BF582EC3AF583EF5D
:10ACC000F0E55C29F8E6FFE92403FBE433FAED2B19
:10ACD000F582EC3AF583EFF0740429F9809A22901A
:10ACE00001A2E0603A12252CD230A2AF9232C2AF5C
:10ACF0009080007401F0A3E4F0A3F0A3F0A23292DC
:10AD0000AF122838A2AF9232C2AF9080007402F026
:10AD1000A3E4F0A3F0A3F0A23292AFD233801E12CC
:10AD200029FDD230A2AF9232C2AF9080007401F000
:10AD3000A3E4F0A3F0A3F0A23292AFC233122468CE
:10AD4000303303D2A822C2A8229001A3E0FF9001D1
:10AD5000A2E04FFF9001A4E04FFFA3E04FFF90015E
:10AD6000A7E04F60041228B0229001A6E0640160C1
:10AD7000041228B022E4900018F0A2AF9232C2AFC1
:10AD800090801CF0A3F0A3F0A3F0A23292AFA2AF88
:10AD90009232C2AF9080287408F0A3E4F0A3F0A32D
:10ADA000F0A23292AF7E007F187D01FC121F692253
:10ADB000A2AF9232C2AF90801CE4F0A3F0A3F0A344
:10ADC000F0A23292AFA2AF9232C2AF908028742824
:10ADD000F0A3E4F0A3F0A3F0A23292AF7B017A01DA
:10ADE00079A8E9EAE429F561E43AF560E43401F58B
:10ADF0005FE433F55E7F207E801226FFA2AF9232A1
:10AE0000C2AF9080387401F0A3E4F0A3F0A3F0A2E5
:10AE10003292AF229001BC121A80000000007FE045
:10AE20007E937D047C009001BCE0F8A3E0F9A3E0F0
:10AE3000FAA3E0FBC3121A2550219001BCE0FCA349
:10AE4000E0FDA3E0FEA3E02401FFE43EFEE43DFDBF
:10AE5000E43CFC9001BC121A5B80C3A2AF9232C2E8
:10AE6000AF908000E4F0A37440F0A3E4F0A3F0A25C
:10AE70003292AF22A2AF9232C2AF909050E4F0A3D0
:10AE80007404F0A3E4F0A3F0A23292AFA2AF923226
:10AE9000C2AFA3F0A37404F0A3E4F0A3F0A2329233
:10AEA000AFA2AF9232C2AFA3F0A37404F0A3E4F058
:10AEB000A3F0A23292AFA2AF9232C2AF909034749C
:10AEC0007CF0A3E4F0A3F0A3F0A23292AF22908032
:10AED00005E030E2F9A2AF9232C2AF908000E4F018
:10AEE000A37480F0A3E4F0A3F0A23292AFA2AF92D9
:10AEF00032C2AF908000F0A304F0A3744AF0A374B0
:10AF00000AF0A23292AFA2AF9232C2AF9080147414
:10AF1000FFF0A3740BF0A37437F0A37407F0A23210
:10AF200092AF22758E01756105756010755F0975A8
:10AF30005E187F407EA31226FF90A30EE030E3044C
:10AF4000C2218002D221122676C233122586122611
:10AF50002FD22A1224CC75A884302605C226120BC3
:10AF600021302E05C22E1213A8302D05121DC0C28D
:10AF70002D121EE380E322E4FFFE7E017F0090009D
:10AF800018E4F0A3DFFCDEFA7B017A0179A0E9EA9C
:10AF9000E429FFE43AFEE43401FDE433FC787A125C
:10AFA0001A4F787E121A67000000087882121A671A
:10AFB000000004257F7A7C017DA812232C22A2AFF9
:10AFC0009224C2AF90A3147404F0A37480F0A3E49D
:10AFD000F0A3F0A22492AFA2AF9224C2AF90A31428
:10AFE0007404F0A3E4F0A3F0A3F0A22492AFA2AF04
:10AFF0009224C2AF90A314F0A3F0A3F0A3F0A22474
:10B0000092AF228E488F498C4A8D4B8A4C8B4DE4EF
:10B01000F54EF54FC3E54F954DE54E954C5027E560
:10B0200049254FF582E548354EF583E493FFE54B1E
:10B03000254FF582E54A354EF583EFF0054FE54F94
:10B040007002054E80CE227B007A00795EA2AF921C
:10B0500032C2AF9000031219C48F828E83F0900029
:10B06000021219C48F828E83A3F09000011219C4BA
:10B070008F828E83A3A3F01219AB8F828E83A3A33A
:10B08000A3F0A23292AF227B007A007942A2AF9263
:10B0900032C2AF9000031219C48F828E83F09000E9
:10B0A000021219C48F828E83A3F09000011219C47A
:10B0B0008F828E83A3A3F01219AB8F828E83A3A3FA
:10B0C000A3F0A23292AF227B007A0079568F828E53
:10B0D00083E0900003121A038F828E83A3E0900016
:10B0E00002121A038F828E83A3A3E0900001121A2A
:10B0F000038F828E83A3A3A3E01219F1AF59AE5838
:10B10000AD57AC56227B007A0079408F828E83E067
:10B11000900003121A038F828E83A3E09000021224
:10B120001A038F828E83A3A3E0900001121A038F6B
:10B13000828E83A3A3A3E01219F1AF43AE42AD41C7
:10B14000AC4022A2AF9232C2AF90801CE4F0A3F0D8
:10B15000A3F0A3F0A23292AFA2AF9232C2AF90801E
:10B16000287408F0A3E4F0A3F0A3F0A23292AFD2C7
:10B1700020788A76037E007F187D06FC121FEF225E
:10B180001216417F01120F1A7F02120F1A7F03124B
:10B190000F1A7F81120F1A7F82120F1A7F83121DDE
:10B1A00020A2AF9232C2AF90803C740FF0A3E4F0C3
:10B1B000A3740FF0A3E4F0A23292AF22A2AF9232B6
:10B1C000C2AF90801CEFF0A3E4F0A3F0A3F0A23292
:10B1D00092AF7F247E8012277FEF54FEF549EEF573
:10B1E00048EDF547ECF5468549618E608D5FF55E6B
:10B1F0007F247E801226FF22A2AF9232C2AF9080BF
:10B200001CE4F0A3F0A3F0A3F0A23292AFA2AF929D
:10B2100032C2AF9080287402F0A3E4F0A3F0A3F050
:10B22000A23292AF122468227F1C7EA31227BD8F08
:10B230003F8E3E8D3D8C3CE53F54FCFFE53EE53DB9
:10B24000E53CEF4402F545EEF544EDF543ECF542FF
:10B250007F1C7EA312273F22020800004401C00089
:10B26000000000C12EC12DC126C120C129C125C1A8
:10B2700027C128C12CC12AC133C122C130C1A1C1FB
:10B280002FC131C123009001A2E025E0FFE433FE8D
:10B29000EF4401FFE48F498E48F547F5468F618EF4
:10B2A0006085475F85465E7F087E801226FF1224F8
:10B2B00068227F1C7EA31227BD8F3F8E3E8D3D8C62
:10B2C0003CE53F4403F545E53EF544E53DF543E502
:10B2D0003CF5427F1C7EA312273F229001A3E0FF92
:10B2E0009001A2E04FFF9001A4E04FFFA3E04FFFC9
:10B2F000A3E04FFFA3E04F60041228B0221224689D
:10B3000022E41219F1ED25E025E0900001121A0364
:10B31000EDC413135403900002121A039000037437
:10B3200080121A03220002040408080808101010F2
:10B33000101010101020202020202020202020205D
:10B3400020202020207F011228747F021228747F81
:10B35000031228747F811228747F821228747F83DD
:10B3600012287422C22022001F2A0000B5D9010031
:10B37000A4AA002000000000108502003085020011
:10B38000F084020000000000000000000000000047
:10B3900000000000000000000000000000000000AD
:10B3A000000000000000000000000000000000009D
:10B3B000000000000000000000000000000000008D
:10B3C000000000000000000000000000000000007D
:10B3D000000000002C0202204300000000000000DA
:10B3E000000000000000000000000000000000005D
:10B3F000000000000000000043000000000000000A
:10B40000000000000000000000000000000000003C
:10B4100000000000000000004300000000000000E9
:10B42000000000000000000000000000000000001C
:10B4300000000000000000004300000000000000C9
:10B4400000000000000000000000000000000000FC
:10B4500000000000000000004300000000000000A9
:10B4600000000000000000000000000000000000DC
:10B470000000000000000000430000000000000089
:10B4800000000000000000000000000000000000BC
:10B490000000000000000000430000000000000069
:10B4A000000000000000000000000000000000009C
:10B4B0000000000000000000A91302007513020044
:10B4C00000000000EF830200757D02000B5E0200A9
:10B4D0000B5E02000B5E02000B5E02000B5E0200C0
:10B4E0000B5E02000B5E02000B5E02000B5E0200B0
:10B4F000FFFFFFFFFFFFFFFFFFFFFFFFFFFF00005A
:10B5000001004153434949000000000000000000D1
:10B51000000000000000000000000000000000002B
:10B5200000004153434949000000000000000000B2
:10B53000000000000000000000000000000000000B
:04B540000000000007
:020000020000FC
:020000042024B6
:10000000F7B500224FF0FF3320201146019300F096
:1000100081FB064698B143227D4900F0D9FB4FF49D
:10002000FA737C4FF36100237B4C3B703B7843B108
:10003000304600F0BFFB794B18680CF055F903B05F
:10004000F0BD6946304600F0F3FC05460028EDD1CE
:10005000034600984FF401726F49006803F034FDC5
:10006000009801F0E3FA94F8F230012B0FD0032B43
:10007000DCD16B49022301F58A7223700B78FF2BC8
:1000800003D0322B56D0914250D3002153E00223AB
:1000900040F213122946624823700CF021F9614B9B
:1000A000042261491B886148CB700CF015F90422C9
:1000B0005F4960480CF010F903225F4958480CF082
:1000C0000BF906225D495E480CF006F906225D49EF
:1000D0005D480CF001F906225C495D480CF0FCF823
:1000E00006225C495C480CF0F7F8062304225B49C1
:1000F0005B4884F805310CF0EFF8FF2384F80F31EA
:1001000001F088FA4FF48871009001F0A1FA4FF4E1
:10011000887221460CF0E0F8442301AA0099304689
:1001200000F096FB009801F081FA7FE74B780233EC
:100130001944A3E7023104223C480CF0CDF840F208
:100140001312002136480CF0CBF804223849394804
:100150000CF0C2F8344B334D1B682A889BB243EA3B
:100160000263120202F47F02134322699A424FF0A3
:1001700003021AD03B492A480CF0AEF806222F4958
:100180002F480CF0A9F80422002128480CF0A8F808
:100190002D4AFF2302F8013B151B01F03BFA0090AA
:1001A000A9B201F055FA2A46B3E72F491C480CF0D2
:1001B00093F80622214922480CF08EF806222149A4
:1001C00021480CF089F80622204921480CF084F8D7
:1001D0000622204920480CF07FF8062304221F49FC
:1001E0001F4884F805310CF077F82B885A1C91B21F
:1001F000D2B2FF2A0ABF663329802B802B881A0AC5
:10020000FF2A1A4A04BF03F500732B80C1E700BF21
:10021000A8962420601201205C10012064120120A5
:100220004C1101206C120120681201206C10012079
:10023000678E2420481101206E8E24206E1201202A
:100240004F110120778E242055110120878E242004
:100250005B110120718E2420611101207D8E2420EC
:10026000671101206B8E2420648E24206B110120E5
:100270002DE9F341154BC0F30746C0F307275FFA9A
:1002800080F800229E7083F8008004465F70DA7068
:1002900033020F4D64330F4A0F492846138006225C
:1002A0000CF01AF8C822230E0C490D486B710D4B47
:1002B00085F8028001930323EF70009323462E718B
:1002C0000BF0D6FF02B0BDE8F08100BF681201203C
:1002D0006E1201206C120120818E2420988E242021
:1002E00001002420641201200146054808B50CF0E5
:1002F00003F84FF47A700BF0D3FF0BF0B1FFFEE779
:10030000A48E2420054B43F239020549186801FBED
:1003100000201860C0F30E40704700BF7412012027
:100320006D4EC64110B504460022084604210BF06C
:10033000CBFF206070B1094AB2F8EC30B2F8EE1091
:1003400001339BB29942A2F8EC3001D2A2F8EE3010
:10035000002001E04FF0FF3010BD00BF6800022018
:1003600010B5044600680BF073FF80B14FF0200316
:1003700083F31188BFF36F8FBFF34F8F09490A488A
:100380000BF0D6FF4FF4FA700BF08AFFFAE7074A3A
:100390002068B2F8EC30013BBDE81040A2F8EC3028
:1003A0000BF04EBFB68E2420D18E24206800022090
:1003B0001FB5002401910394EFF305830068ABB1EE
:1003C000234603AA01A90BF067FF012814D1039B60
:1003D000012B02D0002004B010BD0C4B4FF0805216
:1003E0001A60BFF34F8FBFF36F8FF3E71A4601A96F
:1003F0000BF03AFF0128EDD0054A4FF0FF30B2F87C
:10040000F0300133A2F8F030E5E700BF04ED00E082
:1004100068000220F7B50D46064617460BF034FF7C
:10042000044605B901AD87B13A46294630680BF05C
:100430005FFF012804D10BF027FF001B03B0F0BDC4
:1004400000234FF0FF302B60F8E74FF0FF322946D2
:1004500030680BF04DFF0128F7D10BF015FF001BA2
:10046000012838BF0120E9E707B501B901A9002239
:1004700000680BF03DFF013818BF4FF0FF3003B0AC
:100480005DF804FB012938B504460D4618D9084625
:100490000BF016FF20602068104CB8B115B901218F
:1004A0000BF056FFB4F8E030B4F8E22001339BB211
:1004B0009A42A4F8E03001D2A4F8E23000200CE027
:1004C0000322002101200BF0FFFEE3E7B4F8E43043
:1004D0004FF0FF300133A4F8E43038BD680002204B
:1004E00070B50E4605460BF0CFFE04464EB13146C0
:1004F00028680BF02DFF012811D10BF0C5FE001B61
:1005000070BD4FF0FF3128680BF022FF0128F8D1B1
:100510000BF0BAFE001B012838BF0120F0E74FF0B6
:10052000FF30EDE710B5044601200BF0D1FE0C4A78
:10053000206068B1B2F8E630B2F8E81001339BB23F
:100540009942A2F8E63001D2A2F8E830002006E095
:10055000B2F8EA304FF0FF300133A2F8EA3010BDB4
:100560006800022010B504464FF0FF3120680BF000
:10057000EFFE0128F8D110BD002300681A46194685
:100580000BF072BEFFF7F8BF044A0068B2F8E03023
:10059000013BA2F8E0300BF053BE00BF6800022020
:1005A00070470BF071BE000030B51C1E054685B0CB
:1005B000084602DC0948FFF797FE03AB2946019382
:1005C000089B00931346A2B20BF052FE012801D003
:1005D0000348F0E7039805B030BD00BFE38E242048
:1005E000F58E242010B5EFF305845CB1EFF3118490
:1005F0004FF0200383F31188BFF36F8FBFF34F8F4A
:10060000204610BD0BF02CFEFAE7EFF3058313B183
:1006100080F3118870470BF097BE000010B5074CAF
:100620000748FFF79FFF23781BB90BF029FE054B06
:10063000186023780133237010BD00BF7C120120A5
:100640008812012080120120054A1378013BDBB299
:1006500013700BB9034A13600348FFF78DBF00BF47
:100660007C120120801201208812012008B50BF0B5
:1006700007FE014B186008BD8412012008B5EFF396
:10068000058313B10848FFF72FFE084B1B6853B1D1
:100690000BF0F6FD064B1B68834202D1054B1B781D
:1006A0000BB90548EFE708BD0A8F2420841201200A
:1006B000801201207C120120318F2420FA230A6845
:1006C00010B50C320B710C4601F0ECF808B994F936
:1006D000040010BD00B589B050B90B480BF00CFEFA
:1006E0000A480BF009FE6FF00F0009B05DF804FB3B
:1006F000292300908DF80810694605488DF80930C7
:10070000FFF7DCFFF1E700BF538F242038C6242019
:100710008115242030B50D4689B0114600F0C2FD88
:10072000044648B30090694615488DF80850FFF715
:10073000C5FF08B3636813B11248FFF7D5FD2369FD
:1007400013B91148FFF7D0FD636913B10F48FFF7E4
:10075000CBFDE36804F10C0513B90D48FFF7C4FDA8
:100760002846FFF711FF04F11000FFF7F9FD2146BD
:100770000024072002F07EFD204609B030BD00BFF6
:10078000451224206F8F2420908F2420A58F2420B1
:10079000C68F242000B589B038B12923009069465E
:1007A00003488DF80930FFF789FF09B05DF804FBB5
:1007B0000114242038B5054640B1FFF7EBFF04468D
:1007C00010B9284600F0AEFD204638BD0446FBE7D0
:1007D00000B589B050B90C480BF08EFD0B480BF0FA
:1007E0008BFD6FF00F0009B05DF804FB084B009023
:1007F000002908BF19460748ADF80C200291694648
:10080000FFF75CFFEFE700BFDF8F242038C624200E
:10081000A8962420D914242000B589B050B90948DD
:100820000BF06AFD08480BF067FD6FF00F0009B090
:100830005DF804FB0090029169460448FFF73EFF13
:10084000F5E700BF1E90242038C624200D15242073
:1008500029B102B112688A608B81FFF7DDBF6FF0AA
:100860000500704738B5044648B1FFF7BBFE0023CA
:1008700094F908502372FFF7C8FE284638BD054694
:10088000FBE70000002373B504460D46019349B908
:1008900034480BF031FD34480BF02EFD6FF00F00A3
:1008A00002B070BD0B6008B93048F2E7036933B994
:1008B000FFF7D8FF0028F3D16FF00A00F0E794F8B3
:1008C000283002F00402103003F00303134302D176
:1008D00094F9083013B301A9FFF7C6FD013011D018
:1008E0002378019803F0F003102B33D10DF10301AD
:1008F00000F086FCD8B19DF9030010F10F0F08BF7E
:100900000020CDE72046FFF7ADFF0028C8D194F8BE
:100910002830DB07D0D46FF00600C1E7E26901A9F7
:10092000FFF778FD0130DBD16FF00200B8E7019BE3
:100930001E89FFF757FE636A9B1B6362FFF765FE24
:10094000236B1BB13246012120469847019B0020B2
:100950002B60A5E710B90648FFF7C6FC019B1B6892
:10096000E6E700BF3990242038C624205790242081
:10097000729024200369F0B5044689B00F461646EC
:10098000002B4BD090F9285090F82830002D13DA26
:1009900003F07F0380F82830236B1BB10022012174
:1009A00020469847636893BB2046FFF75BFF051E10
:1009B00008BF6FF00D051EE0FFF764FF0546D0B9D4
:1009C00032073F680CD4CFB13A89237803F0F003A3
:1009D000102B15D013480BF08FFC13480BF08CFC38
:1009E0004FB9F306D8D594F828306FF0060563F0B8
:1009F0007F0384F82830284609B0F0BD0122E4E7DF
:100A000069460A4800940292FFF758FEE8E7012180
:100A100020466FF00E05FFF75DFEECE76FF00A056C
:100A2000E9E700BFFA8F242038C624204915242086
:100A3000F7B504460E4651B91D486FF00F040BF090
:100A40005BFC1C480BF058FC204603B0F0BD0027AF
:100A50000F6008B91848F0E7037803F0F003102B93
:100A600021D10620019702F0EDFB0546C0B12046DA
:100A70003A4601A9FFF77EFF044620B12946062029
:100A800002F0F8FBE0E7019B13B90C48FFF72CFCE0
:100A9000019BC5E900330023AB81AB603560D3E730
:100AA0004FF0FF34D0E73A46FFF7ECFE0446CBE7C1
:100AB0003990242038C62420579024207F9C24205D
:100AC00007B501464068019003F0E8FA019809492A
:100AD00003F0ECFA0198084903F0FAFA01980222AF
:100AE000064903F023FB0649019803B05DF804EBC7
:100AF00003F0FEBA390F24209D112420C90E2420B2
:100B0000E10F24202DE9F74F8846044610B97B48B1
:100B1000FFF7EAFB6378012B02D07948FFF7E4FB8B
:100B2000E36A13B97748FFF7DFFB636813B97648C8
:100B3000FFF7DAFBE36AD3E905329A4202D373483E
:100B4000FFF7D2FBE36A9B8913B97148FFF7CCFB2F
:100B5000E36A94F8287093F81CA007F00207DFF806
:100B6000B4B10AF004021743D4F82C90D9F8082045
:100B7000D9F81000536811681D1A62680144B5F570
:100B8000803FB2F864602ABF4FF6FF7C1FFA85FCF5
:100B90004AF0020AB44575D9002F38D0002E38D15A
:100BA000D9F81830002B0CBF6FF006050025E36A5A
:100BB000D3E905329A4272D2236B1BB10022032182
:100BC0002046984794F8283043F0100384F82830E2
:100BD000002D79D1E36AD3E905329A4272D0003F01
:100BE00018BF0127606806F015F804307ED16FF059
:100BF0000305E36A1D7100251868E5626570B8F1A8
:100C0000000F79D00C30FFF7BDFC284666E04AF0B3
:100C1000020A3044834204D258460191FFF764FB34
:100C200001994FF6FF739E4202D1B5F5803F06D27F
:100C3000ADB2B54228D1E26A9289012A24D94AF09C
:100C4000020A4FF0010953463246606805F0C2FAC5
:100C50000546E0B9E16A8A69886832448A610A69AE
:100C60001644426896420E6107D18A89013A92B2CF
:100C70008A8112B108300D618860B9F1000F7FF4EC
:100C800073AF0AE06646C4E74FF00009DBE7431C98
:100C9000DBB2012BADD84FF0FF35002F87D1636851
:100CA00041F21C12B3F86410914203D9B3F86630D4
:100CB000082B8DD9236B002B8AD0002203212046DC
:100CC000984785E701278DE76B1C92D1606805F096
:100CD000A1FF04308BD027B94FF0FF3003B0BDE83F
:100CE000F08FE36A9B6923B1002582E7002FFBD1D7
:100CF000F2E76FF006057CE74046EFE77E902420A0
:100D00008B902420A8902420C2902420D8902420C6
:100D1000179124203F9124202DE9F84F894604465D
:100D200010B96048FFF7E0FA237803F0F003102BC6
:100D300002D05D48FFF7D8FA6378042B02D05B48F5
:100D4000FFF7D2FA636813B95948FFF7CDFAE36A9F
:100D500013B95848FFF7C8FAE36A65681B7A032B92
:100D600003F0010A03F002080FD0BAF1000F05D01A
:100D70002B7D5A1F012A08D9082B06D0B8F1000F85
:100D800016D06F8B17F0100704D0012700212846DA
:100D900003F084F92B7D012B0CD10021284603F0B0
:100DA000B9F927BB42465146284603F0A7FD21E08A
:100DB0004746EFE7BAF1000F07D00021284603F0BD
:100DC00075F90021284603F0A5F9B8F1000F03D00A
:100DD0000021284603F07CF9002FE3D000222846AA
:100DE000114603F0A3F90021284603F081F92846B3
:100DF00003F0AEFC064660B1431C0AD1E36A93F8E7
:100E000009B0BBF1000F30D11FB15E46284603F098
:100E100029FEE36A1D681E710023E3626370CEB988
:100E200037B1236B66601BB13246042120469847D8
:100E3000BAF1000F05D0236B1BB1002220461146EA
:100E40009847B8F1000F05D0236B1BB10022022197
:100E500020469847B9F1000F22D0002605F10C007A
:100E6000FFF790FB3046BDE8F88F2B7D012B02D1B8
:100E70001148FFF739FAB8F1000F03D00F4928469F
:100E800003F026F9012228460D4903F04FF92846C0
:100E90000C4903F02DF92146284603F0FFF8E1E75D
:100EA0004E46DFE72C9024206A912420889124204C
:100EB000AC912420A8902420BF9124209D112420AF
:100EC000C90E2420E10F242010B5044610B919489A
:100ED000FFF70AFA617801291ED12046FFF712FEBA
:100EE00094F82830DA0615D562689AB1B2F8640031
:100EF00041F21C1188420DD9B2F86620082A09D89F
:100F000023F0100384F82830236B1BB10022022148
:100F100020469847002010BD0429E1D1E26A1AB1A9
:100F2000537A0BB1013B537201212046FFF7F4FEC7
:100F3000D6E700BF7E902420F8B5054616461C462D
:100F40000F4611B92148FFF7CFF965BB2048FFF7DD
:100F5000CBF94CBB6FF005042046F8BD384631890B
:100F600003F03AF8304602F0B1FBF5E7AEB137894D
:100F7000314605F11000FFF71BFA044680B9FFF770
:100F800031FB6B6A3B446B62FFF73FFB2B6BDBB1C2
:100F90003A46214628469847DEE70E4E0027E7E707
:100FA0004FF0FF34D8E724B10B48FFF79DF9002D2F
:100FB000D0D06B68BB4202D00848FFF795F92C6986
:100FC000002CD3D1002EC9D10024C5E7E291242002
:100FD0000492242015942420239224203B92242040
:100FE000F8B50D46044610B93848FFF77DF9FFF70C
:100FF000F9FA94F828300026677843F00103257247
:10100000666084F828306670FFF7FFFA236B1BB127
:101010003246042120469847236B1BB1002220460C
:1010200011469847236B1BB10022022120469847A6
:1010300005F10F03DBB2022B37D8254A52F82360A3
:10104000236923B1314604F11000FFF7B1F9636958
:1010500023B1314604F11400FFF7AAF9012F02D0A1
:10106000FB1E012B29D894F8283023F004025B07DB
:1010700084F8282028D4E36A13B91648FFF734F916
:10108000042FE36A0ABF00221D711A711B6803F165
:101090000C05DB6813B91048FFF726F90023284632
:1010A000E362BDE8F840FFF76DBA25B10B480026B2
:1010B000FFF71AF9C4E72E46C2E7E36A23B10848EE
:1010C000BDE8F840FFF710B9F8BD00BF7E902420BE
:1010D00008942420A8902420699224205992242046
:1010E000829224202DE9F041044616461F46BDF8A1
:1010F00018800D4611B92648FFF7F6F8BCB9254807
:10110000FFF7F2F83046BDE8F04102F0DFBAFFF732
:1011100069FA636A3B446362FFF777FA236B002B3B
:1011200033D03A4631462046BDE8F041184763685F
:10113000AB4202D01848FFF7D7F8FFF753FA656AB9
:10114000FFF763FA2369002BDCD03389226A2B4432
:101150009342D7DC062002F075F805460028D1D06E
:10116000C0E9006607B13F68AF60294604F110008E
:10117000A5F80C803789FFF71BF906460028C6D072
:101180002846BDE8F04100F051BABDE8F08100BF4B
:101190009C922420BE922420DD92242038B515464E
:1011A000044650B91548FFF79FF8002038BD0429C0
:1011B00008D10121FFF7B0FD04E041780129F6D103
:1011C000FFF7A0FC6368002BEFD0B3F8641041F286
:1011D0001C129142E9D9B3F86630082BE5D894F88F
:1011E000283023F0100384F82830236B002BDCD048
:1011F0002A46022120469847D7E700BF7E90242048
:1012000038B505460C4611B90A48FFF76DF80A4B88
:101210009D4203D1F3230120237038BD074B9D422B
:1012200001D1F223F7E7064B9D4201D1F123F2E70A
:101230000020F2E7FB92242014942420169424200A
:101240001594242038B500230568044603716868A6
:1012500028BB2B7803F0F003102B14D0202B1CD1CB
:1012600006F02CFB22686860506850B113780C4976
:10127000222B04BF0123037406F0D0FA23685B68B5
:101280006BB9FF230AE003F0E9FC6860206843685B
:10129000002BF6D0FFF714FCF0E7FA23237138BDDA
:1012A000E510242070B5054607200E4601F0CAFF60
:1012B000044690B3057005F0F0050023102D03726D
:1012C00043600AD0202D08D01548FFF70DF82146BD
:1012D0000720002401F0CEFF1FE004F110050C21CF
:1012E0002846FFF71FF801460028F0D104F10C0052
:1012F000FFF7C8F818B12846FFF732F8E7E74FF0D4
:10130000FF3360616070A3616FF00043E06184F8B7
:101310002800C4E90B06C4E90830204670BD00BFB0
:1013200007932420436810B5044613B10C48FEF718
:10133000DBFF236913B10B48FEF7D6FF636913B1D6
:101340000948FEF7D1FF04F10C00FFF71DF9002357
:1013500021460720E360BDE8104001F08BBF00BFCD
:101360002D9324205B932420959324200369F7B5C3
:10137000044663B100F1100501A92846FFF774F88F
:10138000013015D12846FEF7EBFF00232361636986
:1013900063B104F1140701A93846FFF765F801307D
:1013A00019D13846FEF7DCFF0023636103B0F0BDBE
:1013B0002378019803F0F003102B09D10DF10301FC
:1013C000FFF71EFF0028D7D1019802F07FF9D3E77D
:1013D00000F02CF9D0E70DF103010198FFF710FFA1
:1013E00006460028D7D1019D2846FFF7BFFF686851
:1013F00010B103F037FB6E602846FFF793FFCAE792
:10140000036870B55D7804464DB11B7803F0F003B6
:10141000102B02D02D48FEF767FF022D22D10025A8
:1014200020682571FFF7A2FF2268506860B1137829
:1014300003F0F003102B1FD0202B02D1C56106F062
:1014400003FA236800225A602068036B13B100225C
:10145000114698472068036B6BB100220221BDE85A
:1014600070401847032D04D1236893F828305B0798
:10147000D5D4FB23237170BDD36A13B11448FEF792
:1014800033FF206804230021437003232372C462C6
:10149000FFF742FC0028EED023685B78042B02D0D3
:1014A0000C48FEF721FFFFF7CFF8206800210C3031
:1014B000FFF716F8FFF7B2F823685B78002BDAD055
:1014C0000448BDE87040FEF70FBF00BFD193242051
:1014D000E593242000942420036810B5044658683E
:1014E00088B11B7803F0F003102B07D0202B0AD112
:1014F000A289A16805F0C6FF207110BDA289A1686C
:1015000002F06AFCF8E76FF00500F5E710B5044655
:101510000068FFF7A7F968B92368586888B11B7895
:1015200003F0F003202B0CD1A268936811681BB95B
:1015300006F020F9207110BD9389083206F0E0F81A
:10154000F8E76FF00A00F5E7F8B5002304460371E9
:1015500003685A6892B11B7803F0F003102B0DD189
:1015600085684FF6FF77BD422E46236828BF3E466A
:101570005868B1B202F030FDAD1BF4D1F8BD0000E7
:1015800010B504460068436863B1037803F0F003C4
:10159000102B07D1227A4378032A01D0022B01D0E5
:1015A000032B02D1F523237110BD012B01D1FB23A5
:1015B000F9E7D30701D5FFF7D9FE2368DB6A13B13A
:1015C0001248FEF791FE2068042300214370C46294
:1015D000FFF7A2FB0028E7D023685B78042B02D03A
:1015E0000B48FEF781FEFFF72FF8206800210C3032
:1015F000FEF776FFFFF712F823685B78002BD3D055
:101600000348BDE81040FEF76FBE00BFE5932420FD
:101610000094242010B5062001F014FE044618B1F1
:10162000102200210AF05CFE204610BD10B50446D1
:1016300060B1006820B102F049F80023C4E900332A
:1016400021460620BDE8104001F014BE10BD000088
:1016500038B50D46044638B90F480AF04DFE0F481C
:101660000AF04AFE204638BD006808B102F02EF8A4
:101670004FF420722946542002F07CF820600028A4
:10168000F1D04389AB4202D20548FEF72DFE236814
:1016900058686360E7E700BF1794242038C6242009
:1016A000319424201FB5C369029383690193436970
:1016B0000093D0E90323D0E9010101F06BFE00287B
:1016C0000CBF6FF00B00002005B05DF804FB10B5F7
:1016D000C468034640681CB12346BDE81040184763
:1016E0009B689847204610BD10B50D4C88B0002A65
:1016F00008BF2246002B08BF2346002908BF214609
:10170000CDE903230A9B05930B9BCDE901010693C9
:1017100069460C9B0348079300F0D0F808B010BD51
:10172000A8962420A516242000B589B0CDE9010192
:1017300069460348039200F0C1F809B05DF804FB64
:10174000CF16242001F0C2BF07B5FEF78FFFFEF7CA
:1017500065FF264B1B6813B1254A10689847254D35
:10176000FEF78CFF05F06AFD431C04460ED1FEF720
:101770006BFF002201A92846FEF74CFEFEF74EFF44
:10178000019CA4B91C48FEF7AFFDE9E710B905F0CC
:1017900031FDE5E7FEF758FF224601A92846FEF78E
:1017A00039FE0446FEF73AFF0134F0D0E8E723782B
:1017B000012B10D0022B14D0002BE3D16068D4E9A8
:1017C0000213984710B1606801F080FF214609209C
:1017D00001F050FDC4E7D4E90130984721460820C4
:1017E000F6E7D4E901309847BAE700BF8C12012030
:1017F000901201209412012055942420F8B50F4B2B
:1018000007460E4615461B6813B90D48FEF76CFDDA
:10181000092001F017FD044668B100230146C560A8
:101820000370C0E901760548FEF7C2FD28B12146E4
:10183000092001F01FFD4FF0FF30F8BD9412012088
:101840007394242091F82D3013F0180F14BF024A1E
:10185000024AFFF7D3BF00BFF9782420392524209E
:101860000E4B1B6870B506460D4613B90C48FEF7C3
:101870003BFD082001F0E6FC044660B1012301466F
:101880000370C0E901650548FEF792FD28B12146C5
:10189000082001F0EFFC4FF0FF3070BD94120120E2
:1018A0007394242013B504460191FEF7B7FE019806
:1018B000A047FEF7C9FE002002B010BD13B50446D4
:1018C0000191FEF7ABFE0198A0470190FEF7BCFE28
:1018D000019802B010BD000037B505460C4600F077
:1018E0002CFA0F4B20210F481D600F4B1C60FEF798
:1018F00019FD10B10D48FEF7F7FC0D48FEF712FE7A
:1019000010B10C48FEF7F0FC082300220A490093AE
:101910004FF480630948FEF747FE03B030BD00BFB7
:101920008C12012094120120901201208094242016
:1019300088120120A394242049172420C494242031
:1019400001460148FFF78CBF4517242040BA80B2FA
:10195000704700BA7047F8B5044608460F4615466A
:101960000AF0FAFC064698B12544237893B1A219EF
:10197000954201D200240BE03A789A4201D001341A
:10198000F3E73246394620460AF082FC0028F6D1B9
:101990002046F8BD1C46FBE730B510F8013B11F8B6
:1019A000012B934209D043F02004A4F16105192DC5
:1019B00007D842F02002944203D1002BEDD1184603
:1019C00030BD0120FCE7012970B404D801D1002307
:1019D000037070BC7047002A034601F1FF354FF0D9
:1019E0000006BCBF2D2403F8014B002A00EB0504C0
:1019F0004655B8BF52420A2572B1A342E7D2B2FBA4
:101A0000F5F605FB1622303204F8012D3246F3E7D5
:101A100030215A701970DCE72578002DF8D0084481
:101A20002146021B184670BC0AF046BC2DE9F0475F
:101A3000234E4FF48877234D044607FB00678A4600
:101A400005F130084FF0000910372B6843B12A7AAE
:101A5000A24205D16A68514638469847C5F80090B9
:101A60000C354545F1D14FF48871154A002301FB2F
:101A70000461D8B284421CD0907A022819D1D77B55
:101A8000CD7BAF4215D10423CB734FF4887000FB9C
:101A90000464E37B032B0AD80B4D55F8230005F0B3
:101AA000D3FEE37B002245F823200423E373BDE843
:101AB000F087013302F58872042BDAD1E5E700BF25
:101AC000E0120120A8120120981201202DE9F04F08
:101AD0004FF4887306464E4887B003FB06038046E2
:101AE000DB7A012B02D94B48FEF7FEFB4FF48873DB
:101AF000494A7343914608EB0307F97A52F82140AB
:101B000044B921463046FFF791FFBC72204607B02A
:101B1000BDE8F08F03F11004444420460AF01CFC99
:101B200012304FF4207281B2542001F023FE05469A
:101B3000002869D00C220021013C0DEB02000AF0C4
:101B4000CFFB3889FFF702FF01230C22ADF80C0010
:101B50008DF80E304FF480730DEB02012846ADF87E
:101B6000103001F0F3FF0C2104F1010A002253466A
:101B70001C4613F8010B2E280ED18F184FF6FE735A
:101B8000A4EB0A0B9F421FFA8BFB0ADD28466FF07D
:101B9000050401F09BFDB9E70028EED00132D2B276
:101BA000E6E72846019102F065F80199BFB25A466E
:101BB0004B1C284651469BB202F014F8791C22783F
:101BC00089B2002AD0D12846023702F053F84FF0EC
:101BD000012302A9042202932846BBB202F002F8B4
:101BE0004FF488703523294600FB06860B48F47BAA
:101BF000F27A50F8240009EB820205F081FD0446D8
:101C0000284601F063FD81E74FF0FF347EE700BF17
:101C1000E0120120D1942420D81201209812012032
:101C2000032838B5044602D92F48FEF75DFB2F4D37
:101C30004FF4887303FB0452927A032A4FD8DFE8EB
:101C400002F042022245FEF75DFB284B80B20022E3
:101C5000997A022902D119898142F4D0013203F51F
:101C60008873042AF4D14FF488736343EA18083365
:101C70001D44022310816B800123AB802046BDE808
:101C80003840FFF723BF03FB04531A7B013AD2B25B
:101C90001A73C2B95A7B0132D2B2042A5A7313D1D1
:101CA000DA7A32B9124A52681AB10122DA729A818A
:101CB000E4E700212046FFF7B9FE4FF488700023C7
:101CC00000FB0454A37238BD1A73D7E76343EA5884
:101CD000002AF2D0013AEA50002AEED0F3E7054894
:101CE000BDE83840FEF700BBE9942420E012012053
:101CF000D81201200395242070470000012804D841
:101D0000044B19B10A6843F820207047024A126850
:101D1000F9E700BFD8120120A896242008B50020BA
:101D2000FFF77EFF0120FFF77BFF0220FFF778FF20
:101D30000320BDE80840FFF773BF08B501F0AAFF14
:101D4000FEF72EFC01F0E8F901F068FA01F0F0FA74
:101D500005F088FA01F0D2FFFFF7CEFFBDE808409A
:101D600005F036BA2DE9F347894692461E460746E6
:101D700010B93048FEF7B8FA4FF420721C212C201D
:101D8000DFF8BC8001F0F6FC054648B9B8F824300D
:101D90004FF0FF300133A8F8243002B0BDE8F087DF
:101DA00043891B2B02D82448FEF79EFA6C68BDF8C5
:101DB0003400FFF7CBFDE08097F82C30062B02D0E3
:101DC0001E48FEF791FA3146062204F1080000266B
:101DD0000AF082FA06220B9904F112000AF07CFA4A
:101DE00004220A9904F10E000AF076FA04220C99F2
:101DF00004F118000AF070FA01234A46294663707C
:101E0000082326703846A3700623E6702371042346
:101E1000637140F606030093534605F0CDFDB8F814
:101E2000183028460133A8F8183001F04FFC30462E
:101E3000B3E700BF46B424202295242053952420E4
:101E40006800022070B518260B4D04464643A85979
:101E500018B101F03BFC0023AB511823002203FB17
:101E600004531A755A82C3E90122044A1068928801
:101E7000D8601A8270BD00BF2017012059B32420FA
:101E800000234FF00A0C2DE9F74F804601911646CA
:101E90003B4999469B46E6466546644600930A2CB4
:101EA00018B291F814A01CD1BAF1000F59D0B8F1B2
:101EB000000F09D0D8F800704A68974204D1002E6C
:101EC00042D08F68B7423FD0BAF1010F4F8A43D159
:101ED0000A68002A3BD0009ABA4205D88446009787
:101EE00002E0BAF1000FE2D1013318310A2BD6D14A
:101EF000019B012B3DD10A2C0DD10A2D33D0182383
:101F00001F4A6B43D35813B11E48FEF7EDF92C4618
:101F10002846FFF797FF1A4D182303FB04531B7D38
:101F200013B11948FEF7E0F9B8F1000F05D01823F6
:101F3000D8F8002003FB04535A601823204603FB03
:101F400004550023AE606B8203B0BDE8F08FBB4543
:101F5000CAD8BB468646C7E7B945C5D8B94605467F
:101F6000C2E70446C0E7BEF10A0F05D1BCF10A0F73
:101F700004D14FF0FF30E7E77546C8E76546C6E78E
:101F80002017012094952420AB9524202DE9F04FB3
:101F90000C468BB00746FEF771FB44B957480AF070
:101FA000ABF957480AF0A8F90BB0BDE8F08F7E688E
:101FB000544D3388B3F5807F08D13379062B05D192
:101FC0007279042A02D17388082B09D02B8D013332
:101FD0002B85EB8B0133EB83384601F077FBE3E78E
:101FE0006B8B06F10E0108A80592013306F1080972
:101FF0006B830AF071F9059A06F1180109A80AF035
:102000006BF96368002B5DD0099AD11A4A424A41A4
:102010000592089AD01A059BD0F10008C3F1020A74
:1020200048EB00085FFA8AFA94F82C30062B02D0AD
:102030003548FEF759F90898002838D0214600F0B5
:1020400036FC069098BB089B03F0F003E02B2ED0E3
:102050002246514608A8FFF713FF002827DB182265
:10206000DFF8A8A0022102FB00FB06220AEB0B030B
:10207000184619759C6049460C3007930AF02CF9F4
:10208000069B5AF80B101A46079B5A8279B14FF4F7
:1020900000634AF80B20204604F1260200934B46C9
:1020A000069105F089FC0699084601F00FFBF388BC
:1020B000B3F5807F0BD0B3F5007F8DD0AB8D0133AE
:1020C000AB8589E798464FF0020A0593ACE7059B7C
:1020D000002B81D0B8F1000F7FF47EAF022204F113
:1020E00026032046039208AA1946CDE90192221D33
:1020F00000924A46FFF736FE6EE700BF46B4242042
:1021000038C6242068000220F395242020170120DF
:102110001FB50246012400F126030432CDE9021462
:102120000449009201911946034AFFF71BFE04B0CF
:1021300010BD00BF59B3242053B32420F8B5134C6D
:10214000002502260427227D6AB1638A01339BB2EF
:10215000B3F5967F638203D2012A09D1042B0FD9EC
:102160002846FFF76FFE013518340A2DEBD1F8BD74
:10217000032A01D12775F6E7042AF4D12675F2E780
:10218000211DA068FFF7C4FFEDE700BF2017012065
:102190002DE9FF47224D18230746884603FB0253CB
:1021A00014461B7D012B02D81E48FEF79DF818220D
:1021B00004EB440607F1260902FB0454F600237DD4
:1021C00006F10C0A022BAA440BD1638AB3F58E7F69
:1021D00013D904363846A919FFF79AFF08B9032323
:1021E00023754FF400634A464146384600935346F0
:1021F00005F0E2FB04B0BDE8F087B3F5877FF0D3CC
:10220000012304365246494603932E44064B384672
:10221000029601933B1D00934B46FFF7A3FDDDE7BC
:10222000201701201796242059B324202DE9F743C5
:102230008846064601461546D8F8000000F037FBF0
:10224000002873D1D8F8003003F0F002E02A6DD0F6
:10225000002B6BD0324601214046FFF711FE041ED1
:1022600008DA1DB13D4A938C0133938460B203B008
:10227000BDE8F0837E2C02DD3948FEF735F8E4B284
:10228000384F182202FB0472137D002B61D14FF0EE
:102290000109966082F8149041463046FFF738FFF6
:1022A00048B9182303FB04731A7D012A03D1B9F13D
:1022B000000F00D15882002DD9D0182303FB0472DF
:1022C000127D012A10D9284A03FB0473294630469F
:1022D00014704FF400620C33009206F1260205F0F0
:1022E0006BFBC4E7A946D7E7C1D12E46DFF87C8057
:1022F000728933899A4204D1336813B14046FDF79D
:10230000F3FF337B5B0614D43668002EF0D12846E9
:1023100001F0EAFA182303FB04F21E46B85808B18C
:1023200001F0D4F9744300203D51A0E76FF00F0095
:102330009DE72A464FF420712C2001F087FC0546CA
:102340000028E7D1054A4FF0FF30938C0133938486
:102350008DE7002DC6D04FF0FF30AEE768000220B9
:10236000479624202017012010180120559624207C
:10237000F0B5044685B00E461546FEF77FF914B950
:102380003D48FDF7B1FF16B93C48FDF7ADFF15B963
:102390003B48FDF7A9FF2146286800F088FA00288D
:1023A00064D12B6803F0F002E02A1BD10123ADF8C1
:1023B00008305E238DF80A306B7803F07F038DF8C8
:1023C0000B30AB788DF80C30EB788DF80D3002AB1C
:1023D0004FF4006231462046009204F1260205F0D7
:1023E000EBFA27E06268A1685A400A4209D09BB222
:1023F0004FF6A962934204D0E368002B38D004F171
:102400000C052049182320480A788C4603FB020358
:10241000187D012810D99968A1420DD129685B68FF
:10242000994209D11949CB8D0133CB8531462046DC
:10243000FFF7AEFE05B0F0BD134B0021187DCAB208
:10244000012809D99868A04206D12F6858688742A8
:1024500002D18CF80020E9E7013118330A29EDD1C7
:10246000324629462046FFF7E1FEE3E7084BAFE797
:102470006FF00300DEE700BF46B42420979C2420C1
:10248000D495242010180120201701206800022074
:1024900053B3242008B590F82D30014613F0010302
:1024A0000BD043684BB1074A5069834207D000F014
:1024B000FEF9003818BF012008BD1846FCE70120CE
:1024C000FAE700BFCC01022038B50446FEF7D6F883
:1024D000164B1868A0B9164B1B6853B193F82D2002
:1024E00002F00502052A04D15A6812B122787F2A27
:1024F0001AD1104AB2F856300133A2F8563038BD1E
:1025000090F82D20D5070DD551070BD543684BB159
:10251000216885684B402B42F1D0930702D4C368F1
:102520009942ECD00068D5E71846E8E76000022041
:102530005C000220680002202DE9F047DFF81882D5
:1025400004460F46FEF79AF8B8F84A304646D4F8E3
:1025500004900133A8F84A3099F800502B09042B55
:102560000FD0204601F0B2F8B8F85C300133A8F87B
:102570005C30B8F84E300133A8F84E300020BDE88A
:10258000F087B9F8020005F00F05FFF7DFF923899E
:102590004FEA850A80468342554603D901462046C4
:1025A00001F056F96389AB4204D32389434501D333
:1025B000132D0DD8204601F089F8B6F852300133BA
:1025C000A6F85230B6F84E300133A6F84E30D5E7B3
:1025D0002946484605F09BFA40B1204601F076F8BE
:1025E000B6F850300133A6F85030EBE7D9F8103088
:1025F000574D6B6103F0F003D9F80C20E02B2A61F2
:102600001DD197F82D30DB0706D499F80930112B2E
:1026100030D04FF0000803E07B68002BF5D0B846BF
:10262000286970B3394600F042F920B92B6903F0EC
:10263000F003E02B25D1204601F048F8C2E73846E8
:10264000FFF728FF98B92B7D7F2BDED0414BD3F8C5
:102650000080B8F1000FD8D0474502D1D8F80080EB
:10266000F7E74046FFF716FF0028F7D0D8E7002F1E
:10267000D5D1CAE709EB0A035B88B3F5884FC8D107
:10268000B846B8F1000F08D1B6F84E3020460133F5
:10269000A6F84E3001F01AF870E7B9F8063023F0CA
:1026A000C00343B1204600F091FA044600283FF4ED
:1026B00065AFD0F80490C5F8089051462046C5E9AA
:1026C000008799F8003003F00F039B00AB8100F006
:1026D000CDFF99F80930062B14D0112B06D0012B11
:1026E00015D13946204606F0CDFA03E0394620469A
:1026F00004F0C4FD0023C5E90033AB60AB81C5E93C
:1027000004333BE73946204602F00CFEF2E741462F
:10271000686900F0CCF860B96B6903F0F003E02B56
:1027200007D05146204600F0C9FF0221204606F09E
:1027300091FBB6F8583020460133A6F85830B6F869
:102740004E300133A6F84E3000F0C0FFD2E700BF94
:10275000CC01022060000220680002202DE9F04F29
:10276000044685B09B4617469DF838609DF83C802E
:10277000DDF840900191FDF781FFA37B012B02D092
:102780003D48FDF7B1FDDFF8FCA0002F65D0142116
:10279000204600F067FF48B1BAF85C306FF00100E6
:1027A0000133AAF85C3005B0BDE8F08F6389656835
:1027B000132B02D83148FDF797FD85F80980452392
:1027C00085F808B048EA0B2839686E7036022B701D
:1027D0004FEA28201E430B0C296140EA082013FA17
:1027E00081F1DFF8A4800E4416FA80F62089FFF705
:1027F000ADF8002306446880AB71EB71B8F80000B7
:10280000FFF7A4F8B8F80010019A83190131A880E5
:10281000A8F80010F2B91A49096813FA81F3E960BF
:1028200003EB114399B201EB134303EB1343DB4377
:102830006B81BAF848300133AAF84830B9F824302F
:102840009BB122899A4210D93A464946204600F067
:102850007BFBA8E7019A1168DFE76389132B9BD9FB
:10286000636803AF1B690393E3E7D9F814303A4672
:1028700021464846984796E76F9624207B96242069
:10288000A89624206800022012180120F0B4069CAB
:102890009DF810509DF814601AB109B10F6807B97E
:1028A000211D0495CDE90564F0BCFFF757BF431E19
:1028B0000246033312D891F82D3013F0020010D0E5
:1028C0004B6893420CD088685340034208D1C343FD
:1028D00022EA0000C31A584258417047012070474D
:1028E000002070472DE9F04385B04A4F0D4602782D
:1028F0006E460423BE46B446D15D11F0040100F0DB
:102900008480302A21D1427802F0DF0158290DBF9E
:10291000827801304FF00809023008BF4FF01009EB
:10292000804600241EF80210480711D5B9F1080F9F
:1029300003D1A2F1300007281BD804FB0924303C46
:1029400098F8012008F10108ECE74FF00A09E7E7E1
:10295000B9F1100F0DD111F0440F0AD001F00301AD
:102960000A3202290CBF61214121521A42EA0414A1
:10297000E6E72E2A08D1013B47D008F1010098F87C
:10298000012046F8044BB7E712B111F008003DD022
:10299000A6EB0C0080100130042832D8DFE800F0EC
:1029A000360B03122000B4F1807F2ED2009BFF2B48
:1029B0002BD844EA03641DB12046FEF7CAFF286005
:1029C000012023E0B4F5803F1FD2009AFF2A1CD8D3
:1029D000019BFF2B19D81B0443EA02631C43EAE75F
:1029E000FF2C12D80099FF290FD8019BFF2B0CD880
:1029F000029AFF2A09D81B0443EA016343EA02232F
:102A0000ECE70548FDF770FCD5E7002005B0BDE810
:102A1000F08300BFF08302003192242038B50A4BC6
:102A200004460D461A68824207D102681A602146A0
:102A30000420BDE8384000F01DBC11B90348FDF783
:102A400053FC23682B60F2E718180120B09624206D
:102A500081422DE9F84304460E4602D12448FDF791
:102A600043FC2EB13368A34202D02248FDF73CFC60
:102A700067687868838833BB0368142204F108010F
:102A8000636009F029FC0121384606F0E7F9384671
:102A900000F022FF0546384600F018FE6768DFF8B0
:102AA000608097B92046144C3146FFF7B7FF238862
:102AB000AB4202D21148FDF717FC238828465B1B66
:102AC0002380BDE8F8830025E8E77B683846D3F823
:102AD000009000F001FF0544B5F5803F02DB404661
:102AE000FDF702FC3846ADB24F4600F0EFFDD8E7E7
:102AF000C9962420D5962420141801200497242058
:102B0000E79624202DE9F04105460F460026DFF820
:102B100068800024D8F800302146A446204653B9E6
:102B200010B1FFF795FF0644BE4201DA012CF0DC3C
:102B30003046BDE8F081D5F80CE05A69724509D1FC
:102B4000D5F810E09A69724504D1B3F80CE0AA8870
:102B5000964508D0013460B1C27F93F81FE09645D6
:102B60009CBF614618461A68002A18BF9C46134647
:102B7000D5E761461846F6E71818012010B5044657
:102B800010B90648FDF7B0FB606908B100F09EFD82
:102B900021460520BDE8104000F06CBB269724209C
:102BA00038B5094B0024186800B938BDC37F0568E3
:102BB00023B1013BC37704462846F5E72146FFF7DA
:102BC00047FF2046F7E700BF181801202DE9F74F0F
:102BD000BA4E81464568738E013373862B7803F0B5
:102BE0000F03052B0CD0B6F844300133A6F844305F
:102BF000F38E48460133F38600F068FD002625E198
:102C0000E888FEF7A3FE07466888FEF79FFE2B784C
:102C100003F00F03B0EB830F4FEA8308E8D3A0EB78
:102C20000800A74C83B24846019300F055FE238864
:102C3000824603440A2B0CDD01462846FFF762FF5B
:102C400018B1238853440A2B03DDB38F0133B387B4
:102C5000CEE79C4B1C6898461CBB042000F0F2FA9F
:102C6000044658B951462846FFF74CFF8245ECDC34
:102C7000042000F0E7FA04460028E6D020220021D4
:102C8000204609F02DFB0F23E377D8F80030C8F871
:102C9000004023601422294604F1080009F01CFBBF
:102CA0001DE0EB6862699A4263D12B69A2699A427E
:102CB0005FD1A289AB889A425BD1B6F84630013326
:102CC000A6F84630E888FEF741FEC0F30C0030B9A4
:102CD000E089FEF73BFEC0F30C000028DAD1B5F81E
:102CE00006B0C7F30C081BF020034FEAC808009396
:102CF0000AD1019B43449BB2984500F209814FF6EB
:102D0000EB72934200F20481D9F804506888FEF710
:102D10001DFE2A7802F00F02B0EB820F4FEA820309
:102D2000C0F0F680C01A1FFA80FBE888FEF70EFE9E
:102D3000C0F30C00D9F804700025C0003D700BEB07
:102D400000037D70BD701FFA83FEFD70B880704572
:102D5000FB8000F2DD8063684FF0010B1A4652B928
:102D6000002D40F08980002B76D05748FDF7BCFA43
:102D700072E0246870E75168B1F804C060456ED213
:102D80003A60002D66D0EA889042C0F0C180E645E6
:102D900000F2BE809042C5F8009040F0C980009BD0
:102DA00023B1A27F12F0010200F0A180BBF1000F5D
:102DB0006ED14FF0000B424F009B38888244A7F839
:102DC00000A03BB9A27F019B42F001029844A27788
:102DD000A4F81C80BBF1010F7FF410AFB4F81C8085
:102DE0001422636804F1080108F114085E681FFAF0
:102DF00088F83046356809F06FFA4046FEF7A6FDC0
:102E00000023708014213046B371F371B372F372F2
:102E100004F07DFE70816668002D6AD1294B1B6825
:102E20009C4202D01D46002B70D120462946FFF758
:102E3000F5FD304600F050FD3B880446834202D247
:102E40002248FDF751FA3888041B3C80304603B015
:102E5000BDE8F08FE6455BD8C4F804909FE757D0F3
:102E6000CA88824254D825B1EA88624518BF4FF01B
:102E7000000B0A680D4672E7EA88824202D91448BC
:102E8000FDF732FAE988C5F80090BA88914284E7E4
:102E90006268002A8DD050688288002A89D13A68F9
:102EA000E2B9B84202D10B48FDF71EFA3A68002A8F
:102EB00081D00948FDF718FA7DE700BF68000220BD
:102EC000141801201818012050972420B6972420A8
:102ED0003297242087972420949724205168FD88D6
:102EE0008A8895427FF465AF0A680F46D8E7934613
:102EF00061E7D5F804801421284600F0B7FB294685
:102F0000304600F005FDD8F8005085E72B6887E7CC
:102F10006368002B7FF46CAE094B1B689C4202D0A7
:102F20000848FDF7E1F900212046FFF777FD5FE64D
:102F3000009B002B3FF43DAF4FF0000B31E700BF8B
:102F400018180120D19724208B8C2DE9F04F2DEDFE
:102F5000028B08EE102AB3F114028BB0054648BF6D
:102F6000A3F10D028A46C2F3CF030593436803938E
:102F70001B7803F00F03052B4FEA830708D1438921
:102F8000132B08D85E4809F0B7F95E4809F0B4F988
:102F90006FF0050013E0039B0026D888FEF7D6FCEF
:102FA000C0F30C032C89029300F40053143C0793E4
:102FB000059BA4B2DB009BB206932CB920460BB054
:102FC000BDEC028BBDE8F08F069B4FF420721421FC
:102FD0002C20A34228BF2346049300F0CBFB80465D
:102FE00048B34389132B02D84748FDF77DF91422D3
:102FF0000399D8F8040009F06FF9D8F804B0DDF8A7
:103000001090B9F1000F3ED06B89DE1BBB42B6B207
:1030100002D23E48FDF768F94E4528BF4E4616B924
:103020002D680027EDE7052000F00CF9034628B9CC
:10303000404600F04BFB4FF0FF30C0E701963146B1
:103040006A68089000203A440092412200F0F0FAA9
:10305000089B20B91946052000F00CF9E8E7CDE9F6
:103060000803A9EB0609284600F03EFC099B284A04
:103070001FFA89F9089940465D611A6100F048FC21
:10308000B9F1000FCCD1029B3744C3F30C00BAF85E
:103090002430BFB2133BA34201DD079B0BB140F4C8
:1030A0000050FEF753FC049BABF8060003F114003C
:1030B00080B2FEF74BFC00231421ABF802008BF822
:1030C0000A3058468BF80B3004F021FDDAF8143042
:1030D00018EE102A4146ABF80A00504698470D4AB0
:1030E0004046138E0133138600F0F0FA049B059AD4
:1030F000E41A029B1344A4B29BB202935DE700BFA3
:10310000F197242038C624200C9824202C982420C1
:103110007D2B2420680002207047704710B509F00D
:10312000FFF8044628B9FDF75DFAFDF76EFA204670
:1031300010BDC31C23F003039842F8D00148FDF7EB
:10314000D3F8F4E73B98242010B5044638B9074873
:10315000FDF7CAF82046BDE8104009F0D1B8C31CFD
:1031600023F003039842F5D00148F1E75F9824204B
:103170006C98242070B50446FDF734FA064623699E
:103180001D689DB12A681A60AB0702D00A48FDF796
:10319000ABF862683046D368116901338B42D36063
:1031A00088BF1361FDF731FA284670BD62689388C5
:1031B00001339380F6E700BF8498242038B58B074D
:1031C00005460C4602D00848FDF78EF8FDF70AFACE
:1031D0006A68D368013BD3602B691A6822601C605F
:1031E000BDE83840FDF711BAA7982420C368002233
:1031F0000169033330B523F0030344890A60944224
:1032000004DC436802689C601A6030BD0D680132BE
:103210001D6005890B602B44F1E7000070B5074E77
:103220000E24074D56F8040B013CFFF7DFFFA4B254
:10323000436845F8043B002CF4D170BDA89A2420C3
:10324000100102200D2808B506D8074B53F82000BE
:10325000BDE80840FFF78EBF044809F04DF8044868
:1032600009F04AF8002008BDA89A2420C798242015
:1032700038C624200D2808B507D9084809F03CF8BD
:103280000748BDE8084009F037B831B1054B53F89D
:103290002000BDE80840FFF791BF08BDE498242056
:1032A00038C62420A89A24206FF00B007047000035
:1032B00038B50D46044610B90A48FDF715F894F8DC
:1032C0002D3003F00502052A0BD1EA0709D5626803
:1032D0003AB11B0705D5211D2046BDE83840FEF751
:1032E00017BF38BDE09A242073B5054616460C4634
:1032F00011B90E48FCF7F8FF6B6822689A4201D1B9
:10330000002010E0336001A93046019201F0D2FCA8
:1033100001A9304604F0DAFA2368284601216B60DF
:10332000FFF7C6FF012002B070BD00BF4790242008
:1033300070470000F7B51F460D4616460446FDF7D8
:103340009DF9134B002D08BF1D46002E08BF1E46D9
:10335000002F08BF1F462B68BBB901AA294620468B
:10336000FFF7C2FF01233268A1688A42E16818BFF3
:10337000A2603A688A4218BFE26023B901AA2946CE
:103380002046FFF7B1FF03B0F0BD0023EBE700BF1D
:10339000A89624202DE9F84F04460E461746984675
:1033A000DDF82C90FDF76AF944B93D4808F0A4FF18
:1033B0003C4808F0A1FF2046BDE8F88FB9F1000FA6
:1033C00007D139484C4608F097FF364808F094FF7B
:1033D000F1E7364B0025042204F12000002E08BF3F
:1033E0001E46002F08BF1F46B8F1000F08BF9846C1
:1033F0002F4B2946E5606361A58484F82D50DFF8E2
:10340000B4A0C4E9015508F06BFF0A9B31463A4667
:10341000E36120469AF80030564684F830300C9B21
:1034200023614346FFF786FF2046C847B0BBDFF85D
:103430008880DFF88890474694F830304FF0000BD2
:10344000D8F80050FF2BDFF878A004BF002384F8E1
:10345000303055B994F83030FE2B01D05D1CEDB200
:103460003B68357023603C60A5E7AC4202D148461A
:10347000FCF73AFF0BF1010BBBF1FF0F02DD5046E9
:10348000FCF732FF94F8302095F83030934203D1A6
:10349000013384F83030CFE72D68DAE72C468AE72D
:1034A000239B242038C624203C9B2420A89624203B
:1034B000A932242064000220600002205E9B2420A8
:1034C000729B242010B50446FDF7D8F8014B1C6010
:1034D00010BD00BF5C00022010B50446FDF7CEF819
:1034E0003CB90B4808F008FF0A48BDE8104008F056
:1034F00003BF94F82D30DA0709D443F001032046C6
:10350000032184F82D30BDE81040FFF7D1BE10BD77
:10351000A09B242038C6242010B50446FDF7AEF841
:103520003CB90D4808F0E8FE0C48BDE8104008F032
:10353000E3BE94F82D305A070CD443F00403204620
:1035400084F82D3005F0DAF820460321BDE810405C
:10355000FFF7AEBE10BD00BFBC9B242038C62420A0
:1035600010B50446FDF78AF85CB1074B186800B93E
:1035700010BD90F830300133DBB2A342F8D00068C0
:10358000F5E72046F4E700BF6000022010B1438950
:103590008B4202D902B111807047C91A006889B202
:1035A000F4E7000038B548B91248FCF79DFE012049
:1035B0001FE0002AFBD04268511A14E0B1F5803FA9
:1035C000F5D2A9B103898CB213FA81F39BB29C4264
:1035D000EDD890F90C50002DEBDA4268511A00F149
:1035E00010029142E3D34289416014440381448133
:1035F000002038BD7F9C242022F04003012B70B5B1
:1036000006460D46144602D00848FCF76DFE0C2015
:10361000FFF718FE40B10023058145814373047311
:10362000C0E900360123C38170BD00BFDD9B2420AB
:10363000033020F0030070B50E18BDF81450049C40
:10364000AE420DD804B1044418460023C0E900344A
:10365000022301814181437301230273C38170BD41
:103660000020FCE70022FFF79DBF000010B570B9F5
:103670000F48FCF739FE012008E09B1A446843819B
:103680002144038941609B1A0381002010BDB1F5DC
:10369000803FF0D20029F8D08AB243899342ECD21D
:1036A000044808F029FE044808F026FEE3E700BFBE
:1036B0007F9C2420EF9B242038C624200B1E02DA96
:1036C0005942FFF7D3BF0122FFF76CBF2DE9F04746
:1036D000044630B925462348FCF706FE2846BDE8D7
:1036E000F0870025204FDFF88480DFF88490FCF716
:1036F00079FFA37B824613B93846FCF7F5FDA67B1C
:103700005046013EF6B2A673FCF77FFF002EE5D1CE
:10371000637B26689B070DD5236913B94846FCF7E0
:10372000E3FD2369204698470135EDB2002ED5D040
:103730003446DCE7237B03F00F03022B04D1214640
:103740000D20FFF797FDEFE7012B02D121460C205A
:10375000F7E71BB92046FFF7F7FCE5E74046FCF723
:10376000C3FDE1E77F9C24200D9C2420449C242061
:10377000239C2420B2F5C17F2DE9F04704460F4673
:1037800010D008D822F04003012B07D10020BDE85B
:10379000F047FFF731BFB2F5207F37D02948FCF75B
:1037A000A3FD0CE0002684B2DFF8A0903546B046B9
:1037B0000D20B246FFF746FD064630B90DB900258B
:1037C0001FE02846FFF782FFF9E7E21C0444C0F837
:1037D000008022F0030213340781C2F5C16224F095
:1037E0000304C0F80C9093B24460BB4228BF3B4630
:1037F00043814DB1CAF80000FB1A00249FB2002F8C
:10380000D6D12846BDE8F0870546F5E7CB1C033046
:1038100023F0030320F00300184410308342CED875
:10382000FFF77CFC05460028EBD004440023078109
:1038300013340360044B24F003044781C3604460E5
:10384000DFE700BF569C24208000010082000100B9
:10385000F8B50D46044610B91B48FCF745FD238911
:10386000AB4230D9EE1A194F6189A94215D3237B97
:103870001A0720D1A9421ED0637B9B071BD4616825
:103880002046091B2944FFF748FC90B91048FCF773
:103890002BFD1048FCF728FD0DE023896D1A3344F9
:1038A000ADB223812468002CDED13846FCF71CFD24
:1038B000DAE78442EDD120686581258108B1FFF700
:1038C00005FF00232360F8BD719C2420899C2420DF
:1038D000A19C2420BD9C24200346002290B20132EA
:1038E00003B970471B68F9E710B5044668B1FCF7E7
:1038F00079FEA37B0133A373FCF787FEA37B23B977
:103900000248BDE81040FCF7EFBC10BDD69C242057
:1039100038B50D46044600B159B9104808F0ECFC22
:103920000F48BDE8384008F0E7BC29890B442381E3
:10393000144622682389002AF7D162899A4207D067
:103940000848FCF7D1FC236813B10748FCF7CCFC0E
:103950002A89238925601344238138BDE89C2420CB
:1039600038C624201D9D24204A9D242010B50C46D5
:10397000FFF7CEFF2046BDE81040FFF7B5BF0000BF
:103980002DE9F84F054616461F460C4611B10B8926
:10399000934209D2394808F0AFFC394808F0ACFC32
:1039A0006FF00F00BDE8F88F18B10289BB199A4279
:1039B00001DA3448EFE74FF00008DFF8D890DFF87D
:1039C000D8A0B5F80AB06289ABEB070B6168A2EB2F
:1039D0000802686841449345384428BF9346B3457C
:1039E00028BFB3465A465F4408F076FC6B89A6EBC5
:1039F0000B00D844BB4286B202D24846FCF774FCA6
:103A00006389434502D25046FCF76EFC6389434507
:103A100006D8246814B95EB11B48BCE74FF0000813
:103A20006B89BB4227D12D6825BBFEB11748B2E791
:103A3000B046F5E73746628923899A420AD123685E
:103A400043B1134808F058FC0D4808F055FC6FF0DE
:103A50000500A7E735B16A892B899A4202D12B6804
:103A6000002BEED1002EACD130469BE7002CE1D1EB
:103A7000204697E70027002CDDD1ECE75A9D242053
:103A800038C624208E9D2420EE9D2420FD9D2420D8
:103A90000A9E2420BC9D2420D39D242010B529B14A
:103AA00000230A89BDE81040FFF76ABF044808F008
:103AB00023FC044808F020FC6FF00F0010BD00BF8D
:103AC000419E242038C624202DE9F843884691469B
:103AD000064648B91A48374608F00EFC194808F05F
:103AE0000BFC3846BDE8F88341BB1748474608F051
:103AF00003FC144808F000FCF3E7758953B1AB42AE
:103B000008D35B1B9BB23668B9F1000FE9D0002ED9
:103B1000F3D1E6E7EC1A716808EB0700A4B2194488
:103B20004C4528BF4C462246274408F0D5FBA9EB5C
:103B30000402BFB200231FFA82F9E4E70027E3E79B
:103B40005B9E242038C624207A9E24202DE9F0474D
:103B500089461646054648B91C4808F0CDFB1C4866
:103B600008F0CAFB6FF00F00BDE8F08709B91948EB
:103B7000F3E70389934222D2174808F0BDFB1448AB
:103B800008F0BAFB4FF0FF30EEE715B95046FCF7EE
:103B9000ABFB6F8909EB08016868A74228BF27467D
:103BA0003A46E41B08F098FBB8442D68002CECD191
:103BB000B04502D00948FCF797FB2046D4E71446ED
:103BC0004FF00008DFF818A0F0E700BF9D9E24200A
:103BD00038C62420B49E2420CF9E2420079F242072
:103BE000EF9E2420F7B50F46144619460DF1060244
:103BF000FFF7CCFC064610B3BDF8063001891A1950
:103C000091421CDB42899A4202D80F48FCF76CFBB8
:103C1000BDF80630394675897068ED1A1844AC4213
:103C2000CCBFADB225462A4608F056FB621B92B2C5
:103C300042B179193068FFF789FF03B0F0BD4FF04A
:103C4000FF30FAE71046F8E71D9F242038B51546E7
:103C50000A462989FFF78EFD044630B12946FFF751
:103C60001DFF10B10248FCF73FFB204638BD00BFE6
:103C7000349F242013B514460DF10602FFF786FC8D
:103C800030B14289BDF806309A4284BF4268D454AC
:103C900002B010BD70470000164A4FF48040F0B5E6
:103CA0004FF6FF7615464FF44047138801339BB219
:103CB000138013889BB2B34200D11780DFF838C05D
:103CC00004235CF8041B096831B9013B13F0FF03BE
:103CD000F7D1288880B209E02C88B1F816E0A4B2A8
:103CE000A64504D1013880B20028DED1F0BDC968F4
:103CF000EAE700BF948E242070A5242008B5FCF7C5
:103D000001FB6FEA8040034B6FEA904080B218805D
:103D100008BD00BF948E242010B5037D0446012BFE
:103D200002D10448FCF7E0FA21460120BDE810402A
:103D3000FFF7A0BA459F242010B5044610B90C48DF
:103D4000FCF7D2FAFCF79AFC638B9B050ED5A36FA8
:103D500063B15B7F13B90748FCF7C6FAA26F537FC4
:103D6000013B5377638B23F40073638310BD00BF63
:103D7000569F2420629F242010B5044610B9154890
:103D8000FCF7B2FA237D042B11D0072B1BD0032B99
:103D90000BD1204602F00CFE70B92046FFF7CCFF95
:103DA00005232046237502F035FF002010BD204674
:103DB00002F0FEFD0028F3D0431CF7D1638B43F0E3
:103DC00008036383F1E7204602F0F2FD0028F3D1F7
:103DD0000923E6E7569F2420F8B50E46054614460B
:103DE000FCF74CFC214B002E08BF1E4645B920486D
:103DF00008F082FA1F4808F07FFA6FF00F00F8BD54
:103E00002B7D43B11C4808F077FA1A4808F074FA81
:103E10006FF00500F3E734B9FFF73EFF044650B9F1
:103E20006FF00100EBE7154951F8042B126872B9E5
:103E30000133042BF8D1336803B12B60104BEC82B3
:103E40001A681D60EA6003F089F90020D7E7D08A7C
:103E5000A04205D117682FB1306818B1874201D050
:103E6000D268E4E76FF00700C9E700BFA8962420F6
:103E7000779F242038C624208D9F242070A52420DD
:103E800064010220F8B505460E461746FCF7F6FB1E
:103E900065B92F482C4608F02FFA2E4808F02CFA66
:103EA0006FF00F0307B13B702046F8BD2B7D4BB17F
:103EB0002948002408F020FA264808F01DFA6FF07F
:103EC0000E03EFE70220FFF7BDF9044600283CD0BF
:103ED0002B6901220361EB8A0275C3826A7D4275F8
:103EE0006A7A42722A7A0272EA7AC272AA7A827272
:103EF0002A6802603BB1194A1368AB421DD1EB68D6
:103F000013600023EB602846FFF706FF144BA36104
:103F100000236377237D012B02D01248FCF7E4F9DC
:103F2000114B012E1A6838BF01261C602677E2600B
:103F300003F014F90023B5E71346002BE1D0DA684B
:103F4000AA42F9D1EA68DA60DBE74FF0FF33A9E76C
:103F5000B59F242038C62420E29F2420640102203B
:103F60006D4A242019A024206801022007B5CDE95C
:103F70000010FCF783FB0022DDE9001003B05DF8C0
:103F800004EBFFF77FBF000070B5044610B910487E
:103F9000FCF7AAF9218D46F2CE36E36A628E656A95
:103FA000C81AB242284494BF821A821B002A01DB3D
:103FB000618570BD5D1B02D500206085F9E7B5F510
:103FC000803F02D30348FCF78FF900206585F0E7B6
:103FD00046A024206AA0242038B505460C46FCF7EC
:103FE0004DFB3DB9154808F087F91548BDE8384044
:103FF00008F082B92B7D012B02D11248FCF774F92D
:104000002A8D4CF29C73111989B2994213D88A42B5
:1040100088BF194628462985FFF7B6FF41F2CF63CE
:1040200098420AD96B8B284643F002036B83BDE8A4
:10403000384002F0EFBD1946ECE738BD84A02420DB
:1040400038C624209CA0242010B5044648B14068FE
:1040500008B1FFF73BFB21460320BDE81040FFF706
:1040600009B910BD10B500B910BD0468FFF7ECFF29
:104070002046F8E738B504460D46FCF7FFFA3CB990
:10408000044808F039F90448BDE8384008F034B96C
:10409000657538BDC2A0242038C6242038B5044632
:1040A0000D46FCF7EBFA04B1256138BD38B504467E
:1040B0000D46FCF7E3FA3CB1237D012B02D1034806
:1040C000FCF712F9C4F8805038BD00BFDBA02420F3
:1040D00038B504460D46FCF7D1FA34B1237D012BE7
:1040E00002D10248FCF700F9E56738BD02A124209F
:1040F00038B504460D46FCF7C1FA3CB1237D012BCF
:1041000002D10348FCF7F0F8C4F88C5038BD00BF6A
:1041100029A1242038B504460D46FCF7AFFA1CB19E
:10412000237D012B08BFA56138BD000070B5044692
:104130000E461546FCF7A2FA3CB9094808F0DCF82F
:104140000848BDE8704008F0D7B8237D012B02D1A4
:104150000548FCF7C9F8C4F88860657770BD00BFF2
:104160004FA1242038C6242065A1242010B5044680
:1041700038B9124808F0C0F81148BDE8104008F0FE
:10418000BBB8037D012B17D90A2B15D0FFF7D4FD3F
:10419000606F18B1FFF79AFA002363674FF6FF7359
:1041A000E06E2386FFF75EFF206FFFF75BFF0023C3
:1041B000C4E91B33A4F8683010BD00BF83A12420DC
:1041C00038C624202DE9F04FB34E87B0DFF8F892BF
:1041D0003368C84601333360B04B1A780493013218
:1041E0001A70D9F800400027DFF8E0B26CB9AC4F84
:1041F000DFF8DC823D68DFF8DC92DFF8DCA2002D1E
:1042000040F08D8107B0BDE8F08F237D13B9A5483C
:10421000FCF76AF8237D012B02D1A348FCF764F870
:10422000237D0A2B02D15846FCF75EF8049BA27F3F
:104230001B789A4204D1D4F80CA027465446D5E7FF
:10424000227DA377022A94F842306FD1052B6FD9D3
:104250000125217D062909D1638BDB0606D533684C
:10426000226A9B1A282B84BF0135EDB294F809A06D
:104270001AF0080A18D0042902D0072940F0F88063
:10428000236A4FF4FA713268D4F89000D21A00F51C
:10429000242303F6B843B3FBF1F39A4240F2D580EE
:1042A00001354FF0010AEDB2237D032B40F0E3808E
:1042B0003368226A9B1A282B02D8002D00F0108147
:1042C0002046D4F88C50FFF751FFD8F80030002F6B
:1042D00000F0D9809C4202D17448FCF705F8E368ED
:1042E000FB60BAF1000F0BD0238B20460293E38AC8
:1042F0000193231D00932346626A216D02F024FC82
:1043000023692046D4F80CA00593FFF705FD684CFF
:104310000022227045B1059B6FF00C011846A8479A
:104320002378002B7FF45DAF3C4686E70B2B8EE7AE
:1043300094F89550002D3CD0236F13B15D48FBF7E6
:10434000D3FFE36E13B95C48FBF7CEFF94F89630C9
:104350000B2B3FF67DAF94F89520584B134413F880
:10436000012C94F8943093420BD3B4F8601081B1CF
:10437000204602F0DBF988B9204602F04BFC30B150
:104380000CE00133DBB2934284F89430EDD2002587
:104390005FE7204602F028FE0028F8D194F8953017
:1043A0000025062B84F89450F1D8013384F8953019
:1043B0004FE7238E47F6FE7293429CBF013323865C
:1043C000B4F94030B4F930209A42E0DB204602F0E4
:1043D00017FB28B1236F002BD9D1E36E002BD6D069
:1043E000237D022B14D0B4F93C20B4F93E3034497B
:1043F00003EBE20394F842200C2A28BF0C228A5CCB
:10440000934047F6FF729342A8BF1346A4F840308A
:10441000B4F860200020B4F84830B4F832C09A42B2
:104420002086A4F86A00204628BF1A464FEA4C03AB
:10443000A4F848C09BB25108B3EB520F98BF0B468B
:10444000A4F84A3002F08AFD03E794F89730DFF8C9
:104450008CC00CFB0303B3FBF1F18A4208D9204660
:1044600002F0A2FD20B994F89730013384F8973018
:104470004FF0000A18E7092B7FF41FAF3368226A58
:104480009B1AF02B18E79C4202D00E48FBF72CFF3A
:10449000E368C8F8003024E76C01022071010220B3
:1044A000740102209EA12420C7A1242083A22420DD
:1044B000600102201CA224204EA2242080A52420DA
:1044C00061A52420AEA224205C010220F0A12420BA
:1044D000D8A224202EA3242007A32420F8240100FE
:1044E000237F627F0133D4F80CA0DBB29A4223779A
:1044F0003FF6A3AE1F4FD4F8883025773D701BB927
:10450000204602F087FB98E62146206998473B78D1
:10451000002B7FF466AE00287FF48FAEF0E72B7D92
:104520000A2B02D04046FBF7DFFE33682A6A9B1A4B
:10453000F02B0CD92846FFF719FE5CB93B689D4269
:1045400002D04846FBF7D0FEEB683B600AE02C4601
:10455000ED6854E63B689D4202D15046FBF7C4FE2D
:10456000EB68E360D5F80CB02846FFF7D5FB5D4655
:1045700045E600BF6001022038B505460C4611B97A
:104580001D48FBF7B1FE15B91C48FBF7ADFE2B68C3
:10459000A34212D1E3682B6000232046E360FFF7BB
:1045A000E5FD237D0A2B10D1E36E03BB236FD3B14E
:1045B0001348FBF799FE16E01346002BECD0DA689F
:1045C000A242F9D1E268DA60E6E7012B0BD0638BF7
:1045D000DA07E9D543F002032046638302F01AFBB1
:1045E000237D012BE0D100232375E38238BD0548EC
:1045F000FBF77AFEDAE700BF54A3242070A324203F
:10460000A8A3242090A3242030B50D4685B00446ED
:1046100010B94648FBF768FE237D002D3CD0042BE3
:1046200001D0072B38D1626F22B9218D4CF29C72D8
:10463000914231D0638BDB0602D43D48FBF754FE38
:10464000238B20460293E38A0193231D0093234684
:10465000626A216D02F078FA2046FFF787FD354A3D
:104660001368A34210D1E368136000230122E360C2
:10467000314B1A70314B1B68A3421DD101F0FAFB7C
:10468000002005B030BD1346002BEED0DA68A24200
:10469000F9D1E268DA60E8E7012B1AD0022B36D0B4
:1046A000002B3CD1E38A3BB1254A1368A34208D1D1
:1046B000E36813600023E3602046FFF72DFBDFE78C
:1046C0001346002BF6D0DA68A242F9D1E268DA602C
:1046D000F0E71C49002051F8232012688AB9013301
:1046E000042BF8D121461848FFF746FF237D012B04
:1046F00002D11648FBF7F8FD21460220FEF7BAFD6D
:10470000BEE7956FAC4208BF9067D268E6E72146E6
:104710000848FFF731FF084B01221A70CCE720460A
:1047200005B0BDE83040FFF727BB00BFC1A3242080
:10473000E1A324205C01022060010220A4010220E8
:104740006401022070A5242068010220FAA324201D
:1047500010B50446FBF792FF64B1237D204601218A
:10476000012B1EBF638B43F010036383BDE8104031
:10477000FFF74ABF044807F0BFFD044807F0BCFD3F
:104780006FF00F0010BD00BF13A4242038C62420F2
:1047900010B50846144641B90C4807F0ADFD0C4869
:1047A00007F0AAFD6FF00F0010BD3AB11189FFF7B5
:1047B00013FC2046FEF78AFF0020F5E71BB9BDE891
:1047C0001040FFF7C5BF1046EEE700BF2AA4242023
:1047D00038C62420F8B5044648B91D486FF00F05C7
:1047E00007F08AFD1B4807F087FD2846F8BD466F95
:1047F0000023D0F88050777B4367E5B1014632460D
:104800000069A8470546E8B9BB06EED5238D4CF2F2
:104810009C72D4F8806093421CBF01332385002E24
:10482000E3D00023214620691A46B0470D30DCD181
:104830006FF00C05D9E701462B4632462846FFF7B4
:10484000A7FFDFE70D35F3D06FF004056667CCE70F
:1048500045A4242038C624202DE9F8431B4D1C4FC5
:104860002B781C4E01332B703C684FF000080CB9BC
:10487000BDE8F8832B78A27F9A4224D0A377638B7C
:10488000D90709D543F002032046638302F0C2F939
:10489000638B23F003036383638B1A0705D523F02F
:1048A000080320466383FFF767FA636FD4F80C9020
:1048B0003BB1204686F80080FFF78CFF3378002B51
:1048C000D2D14C46D3E7D4F80C90FAE7710102201C
:1048D0005C0102206001022008B5FFF7BDFF064A17
:1048E00013780133DBB21370DB0703D5BDE8084052
:1048F000FFF768BC08BD00BF7001022070B5054617
:104900000E461446FBF7BAFE45B9164807F0F4FC0C
:10491000154807F0F1FC6FF00F0070BD2B7D012BE7
:1049200019D096B16B8B43F010036B832CB101212E
:104930002846BDE87040FFF767BE686F08B90020E1
:10494000EBE7FEF7C3FE6C67F9E7002CF7D0042B0A
:1049500004D8022B04D86FF00A00DEE7072BFAD147
:104960000021E5E76BA4242038C624202DE9FF4769
:1049700004460E46FBF782FE44B9334807F0BCFC00
:10498000324804B0BDE8F04707F0B6BC237D012BE8
:1049900002D12F48FBF7A8FC237D0A2B09D1214621
:1049A0002C48FFF7E9FD204604B0BDE8F047FFF7CB
:1049B000B3B9D4F85090D4F824A0D4F88C70D4F8BB
:1049C0001080E58A9BB93DB1234A1368A34206D102
:1049D000E36813600025E5602E460FE01346002BC8
:1049E000F8D0DA68A242F9D1E268DA60F2E721464B
:1049F0001A48FFF7C1FD1A4B01221A70206F08B147
:104A0000FFF730FBE06E08B1FFF72CFB2046FFF705
:104A100093F956B1238B524649462046CDE90153BE
:104A2000231D0093234602F08FF82046FFF774F908
:104A30003FB16FF00C0140463B4604B0BDE8F04783
:104A4000184704B0BDE8F08785A4242038C6242088
:104A50009EA4242074010220640102205C01022033
:104A6000600102200121FFF781BF000010B50C4654
:104A700011B90448FBF738FC2046FFF7F3FF6FF04D
:104A80000C0010BDCFA4242070B50C46054610B90B
:104A90000748FBF729FC04B970BD22682B68E6685B
:104AA0009A4202D12046FFF7DDFF3446F3E700BF0C
:104AB000ECA424200C4B002219680C4B30B40446A3
:104AC0001D68104619B968B130BCFFF74FBF0B7DA8
:104AD000A34205D10B6AEB1A934224BF1A4608463B
:104AE000C968EFE730BC70475C0102206C0102200E
:104AF000F8B50546FBF7C2FD0120FEF7A3FB04460F
:104B0000002850D14B4F3868002870D14A4B0146DD
:104B10004A4E1B683468002B74D108B1FFF7A2FF1E
:104B20000120FEF78FFB0446002836D10920FFF74D
:104B3000C1FF0120FEF786FB044640BB0820FFF7BB
:104B4000B9FF0120FEF77EFB0446D0B92B0661D4E5
:104B50005DB12A46013A3B6836680021D2B2002B8B
:104B60005AD114B12046FFF77DFF0120FEF76AFB02
:104B70000446002839D0324BD3F8AC209388013B4F
:104B800093802F4BD3F8AC209388013B93802C4B20
:104B9000D3F8AC209388013B9380294BD3F8AC2009
:104BA0009388013B938098220021204607F098FBD0
:104BB00042F238236575A4F86430224BA362FF23C8
:104BC000E3720623A4F84030E3871F4B23631B4B9B
:104BD0001B6823621D4B1B78A3771D4BA3641D4BE1
:104BE000C4F880301C4BC4F890302046F8BD438B8D
:104BF000C4681A0704D523F008034383FFF7BCF801
:104C0000204681E71A6AA21A8A4224BF1846114632
:104C1000DB6880E77F229DE75F7D974204D307D161
:104C2000186A301A884203D3196A3A461C46711A28
:104C3000DB6894E75C010220740102206C01022011
:104C4000680002209CC79CC7FFFF18027101022068
:104C5000010038229147242000DD6D004020FFF73D
:104C600047BF000008B510B90448FBF73DFB044BF3
:104C7000044A186812681044186008BD20A5242052
:104C8000908E24206C01022038B504460D4612B9DE
:104C90000748FBF729FB4DB1AB8C3BB1282B8ABFF2
:104CA000283B00239BB29C4228BF1C46204638BDAF
:104CB0003AA5242038B50D46044680B1036873B187
:104CC0000B4B1968FFF7E0FE0A4B20461968FFF707
:104CD000DBFE25B12B6813B1074B1B6803B938BD48
:104CE00019682268914204BF2A681A60DB68F5E7F8
:104CF0005C0102206401022068010220094A138835
:104D0000591C1180084A12681AB1084909888B4257
:104D100004D2074A12681344187D70475B1ADBB24D
:104D2000D05C7047A8010220B4010220B00102202B
:104D3000AC0102202DE9F843064610B91C48FBF7E8
:104D4000D3FA1C4B1F8887B11B4D002340F2B35888
:104D500040F2B4592B802B88BB4206D2FFF7CEFF1E
:104D60000128F8D0022802D0C8B9BDE8F883FFF7BF
:104D7000C5FF0428F9D12B880133BB42F5DAFFF7D0
:104D8000BDFF000284B2FFF7B9FF44EA00039BB203
:104D90005A1E92B2424588BF4B467386DBE7FFF747
:104DA000ADFF0128E1D92B88023B18442880D2E7C7
:104DB00087A52420B8010220A801022010B50446CE
:104DC00010B90D48FBF790FA0C4B187810F0100052
:104DD00011D0638BDB0606D4D4F88C301BB16FF096
:104DE0000E012069984721460548FFF7C5FB20467C
:104DF000FEF792FF012010BDA1A524209C010220F6
:104E00005C0102202DE9F84F064617460C46DFF8F4
:104E100090A0DFF89080A4B31F4B1D6823695868E9
:104E2000FCF797FD2269B4F8089083469089FCF757
:104E30008DFDA5EB090310F00300A3EB0B0518BFD4
:104E400001202D1A002D1DDBD4E900B0FEF744FD32
:104E500033880546834202D25046FBF745FA308834
:104E6000B8F80020451B2046358023891344A8F854
:104E70000030FFF7E9F833885BB1BBF1000F08D1D0
:104E80001FB100242046BDE8F88F0448FBF72CFA38
:104E9000F7E75C46BFE700BF78010220EEA52420BB
:104EA000C6A52420940102202DE9F843044610B938
:104EB000B148FBF719FA237D032B02D8AF48FBF763
:104EC00013FAAF4BAF4E1B78AF4D13F0100F00F03D
:104ED00081803268AD4FB4F860103B68D4E9150E9C
:104EE000A0EB020CBCF1000F0CDB904203D1AEEB47
:104EF0000300002806DB9E4513D1A5480068C08941
:104F000088420ED9A248B4F862800068C0891FFAAE
:104F100080FCA4F86000E045C4E9152338BFA4F87C
:104F20006200626CD01A0028C0F24681288840BB1B
:104F3000B4F860C07144A06D6044884221D1B4F9D6
:104F4000301000291DDB9A421BD194F84330FF2B0F
:104F50001CBF013384F8433094F84330032B0FD93E
:104F6000B4F848204FF6FF71638E13449BB29A4207
:104F700088BF0B46A4F84830204601F0B9FD00E098
:104F8000FAD0606B30B3A36B3A689B1A002B21DA1E
:104F9000804B80B2B4F93CC01A88CCF3CF07111A09
:104FA000C91B0BB21CFA81F1002B09B2B8BF801AE1
:104FB000B4F93E20A187B8BFC019A2EBA202B8BFC6
:104FC00003B213449BB2E38703EBE103A4F8403040
:104FD0000023636329883368626A002900F09581A1
:104FE000207D062800F29181D71A012F00F17B81E4
:104FF000581E0844801A0028C0F27581664BD3F809
:1050000004909846B9F1000F02D16448FBF76CF99F
:105010004FF6FE739F4202D96148FBF765F9D8F855
:105020000430BFB21B89BB4202D25E48FBF75CF979
:10503000B8F808300022DB1BA8F80830D8F8043094
:105040001B89DB1B9BB2B9F80A10B942C0F0428140
:1050500039464846FEF70AFB636AD8F810203360E9
:1050600053603268636AD11A0029C0F24981D14382
:10507000208D1944C14200F143819A4240F04081A1
:10508000454F3B69B7F808809889FCF75FFC10F042
:105090000300238D18BF0120404480B28342288042
:1050A0003DD23B699889FCF751FCC30710D53B6999
:1050B000B3F80C80404628F47C58FCF747FC00F01D
:1050C0003E00FCF743FC3B6948EA0008A3F80C806B
:1050D000238D3B813B699889FCF738FC8007786811
:1050E00042BF3B8903F1FF333B813989FEF7B0FBB7
:1050F0003B69B7F808809889FCF728FC10F003009A
:10510000336818BF0120626A404480B22880184486
:10511000238D1344984202D02348FBF7E5F82A88F0
:10512000336813446362238D934202D21F48FBF716
:10513000DBF8238D20462A889B1A2385FEF724FF5F
:105140007B681A891AB11A4A136000237B603B6995
:105150009889FCF7FBFBC10741BF164A137843F05F
:1051600020031370638BDA0740F1C58023F001033D
:1051700043F00203C1E000BF0EA6242027A624208E
:105180007C010220A0010220BA0102207801022045
:10519000AC0102206C0102208001022040A62420E4
:1051A00050A624205FA624206FA62420A5A6242094
:1051B000980102209C010220D143D94200F186804F
:1051C000216DC91A0029C0F28180618B480709D579
:1051D00021F004016183B4F84A10A4F848100021BA
:1051E000A4F86A10B4F93C00E18F636401EBE001BC
:1051F000A4F840100021A4F84210217D032927D9EA
:105200009B1AB4F84810B4F84A209BB28A4215D9C8
:10521000628B12F4006F628E14BF0120022012FB19
:1052200000F292B29A4294BF8B18CB189BB299426B
:1052300001D94FF6FF73A4F8483009E0B4F86A20AA
:1052400013449BB29A422ED899422ED9A4F86A30C0
:1052500004F16608D4E91B214046FFF7D3FDE16E57
:10526000024620674046FFF7CDFD226FE066B2FAA6
:1052700082F35B095B4223860023237708B9A4F8F5
:1052800068002749B4F8643009880B44A4F86430F6
:10529000638B19057FF575AEB2B960B9638B23F4E2
:1052A000006363836DE64FF6FF735B1AA4F86A3000
:1052B000638E0B44BAE703695868FCF74AFBE36C5A
:1052C000C01A0028EADA5CE61369F5E7204601F027
:1052D00077FC56E67F1AA9F80830A9F80A20BFB271
:1052E000D9F80090AFE69B1A002BBEBF638B43F04A
:1052F00002036383B5E643F001036383BDE8F883EB
:105300002046BDE8F84301F05BBC991A002904DB94
:10531000DB431344228DD342F0D5638B28E700BFD3
:10532000940102202DE9F04F064689B0FBF7A6F95B
:1053300016B97048FAF7D8FF6F4D704FB5F8923034
:105340000133A5F8923073683B607389132B05D83D
:10535000B5F89A300133A5F89A3010E0684C21680E
:10536000A0466069FDF7A3FA20B9636903F0F00372
:10537000E02B0AD1B5F8A0300133A5F8A030B5F87C
:1053800096300133A5F89630AAE104F11403062102
:105390003046009304F11003328902F0B6FB04F1A9
:1053A00010038246059328B1B5F898300133A5F86B
:1053B0009830E4E73B689889FCF7C8FA810A01F065
:1053C000FC011329C4D9338988B28B42C0D3A0F120
:1053D0001403B6F80AC04B4A9BB24B4C8445914625
:1053E000C4F800A01380DFF844A14AD33046AAF8DD
:1053F0000030FEF73BF93C682088FCF7A7FA2080D4
:105400003C686088FCF7A2FA60803C686068FCF742
:10541000A0FAD7F8009060603C4C2060A346D9F811
:105420000800FCF796FAD7F800A0C9F80800DFF8E2
:105430000091C9F80000BAF80E00FCF787FA3B6843
:10544000AAF80E00CA469889FCF780FA304B00F0A3
:105450003F0210F0030F04931A70328946D0531C98
:105460002C499BB29A420B803FF672AF2A4B4FF009
:1054700000091C68002C5FD1284BDFF8B8901C682D
:1054800044E1336813B92648FAF72EFF1421304659
:10549000FEF7ECF8B6F80AB0B9F800903046594675
:1054A000AAF800B0FEF7E2F8A9EB0B0A30681FFA81
:1054B0008AFA43895345FFF44BAF43685146236052
:1054C000FEF7D4F833899B447389ABEB090BA6F83C
:1054D00008B013B11348FAF707FF336832891B8904
:1054E0009A4288D01048FAF7FFFE84E7094B1A80E9
:1054F000BCE700BFC3A6242068000220AC01022044
:10550000CC010220B8010220B4010220A001022037
:105510007C010220BA0102205C01022074010220F9
:10552000DBA62420EBA62420F7A62420B00102202D
:1055300078010220E3A72420237D13B9A948FAF7B4
:10554000D3FE237D0A2B02D1A748FAF7CDFE237D97
:10555000012B02D1A548FAF7C7FE227A3AB1D8F852
:10556000043093F830300133DBB29A4275D13B6896
:10557000218B1A88914270D1E28A5B889A426CD161
:105580006268D8F810309A4267D12268D8F814308F
:105590009A4262D1E3689C4202D19548FAF7A4FE90
:1055A000B9F1000F53D0E368C9F80C30914B1A6879
:1055B0001C60E260E3689C4202D18F48FAF794FED7
:1055C0008E4B002231898E4819813968DFF850826C
:1055D00019618C491A600A60894688F800200280A7
:1055E000049A5E601278069012F0080F079303D0B9
:1055F000737B43F001037373636F002B00F0A08192
:105600002046FFF7E7F80D3008D0636F002B00F05D
:1056100097817D4B1B88002B00F09281638D13B91D
:10562000204601F0CDFAB5F896300133A5F8963052
:105630000024764B1C60079BC9F80040586818B1DD
:10564000FEF744F8079B5C6009B0BDE8F08FB5F841
:10565000A6300133A5F8A630ACE7A146E46809E717
:10566000237D0A2B02D04846FAF73EFE227A3AB151
:10567000D8F8043093F830300133DBB29A4244D189
:105680003B68208B1A8890423FD15A88E38A934224
:105690003BD16168D8F81020914236D12168D8F802
:1056A0001420914231D1049A11784D0718D4564AEA
:1056B00015888A071AD5DBF80020616A571A002F6F
:1056C00019DB278D891ACF4215D42A44CDE9013040
:1056D000059B204600934E4BDAF8001001F034FA97
:1056E000304609B0BDE8F04FFDF7F0BFCF0742BF2D
:1056F000484B1B682362002DF2D0638B204643F099
:105700000203638301F086FAEAE7E468002CA7D17C
:10571000414BD8F804001A683968D8F814E091466B
:10572000B9F1000F20D18889FCF710F94307D7D4CD
:10573000B5F8A030344A01331188A5F8A030B5F887
:105740009630DBF8002001330A44A5F896303B6818
:10575000188802905B880193059B00932C4BDAF824
:105760000010D8F804003AE099F808C0BCF1000F26
:1057700005D090F830300133DBB29C450ED14B8818
:10578000B9F816C004939C4508D1D9F800C0F44577
:1057900000F05783BCF1000F00F053834C46D9F85A
:1057A0000C90BDE7D9F80C30E360C9F80C201A4A18
:1057B000C2F80090194A1278540791D412F01004DC
:1057C00030D0114BDBF800201C88049B0988224450
:1057D0000193059B029100930D4BDAF8001001F044
:1057E000CFF97DE716A724203DA7242067A7242012
:1057F0008EA724205C010220B9A72420800102206A
:105800009401022098010220BA010220A401022082
:10581000E00102206C010220680102207C010220CC
:105820009C01022093077FF55BAF99F81D2099F842
:105830001C309A42BFF454AF99F81500FFF758F99D
:10584000824680B9B5F89C300133A5F89C30D9F870
:105850001830002B3FF444AF01464FF0FF32D9F827
:10586000100098473CE799F81D303A68013389F8F1
:105870001D30438B43F400734383D8F81430036026
:10588000D8F810304360B9F81630C38213785278D4
:1058900043EA0223038303230375DBF8003001335B
:1058A0004362C362FFF7DEF9DBF80030CAF8580044
:1058B000013BCAF85000CAF84400CAF85430D9F87D
:1058C0001030CAF85C00CAF81030CAF8789099F81D
:1058D000093003F00C038AF8093099F808308AF887
:1058E0000830AD4B1A68C3F800A0CAF80C2001F0CC
:1058F00035FCAA4B012250461A70FFF71BFA3B6891
:105900000AF10402BAF83250DB8910460492AAF870
:105910006030AAF86230FCF7D7FD049A01462846A9
:10592000FFF7B2F91221AAF83200504600F0C0FF8A
:1059300020B121465046FFF719F8D1E65046E1E67E
:10594000974B1C60049B1A78560739D5217D022994
:1059500022D1226DDAF800309A4209D198F800304D
:1059600043F0080388F80030638B23F0010363835E
:1059700098F80030190740F1FF81D4F88C301BB142
:105980006FF00D012069984721468348FEF7F4FD2A
:105990002046FEF7C1F94BE6636ADBF8002093422C
:1059A00008D0D11A0029E3DB218D9B1AD942DFD41C
:1059B000638B0CE00029D1D17A48FAF795FCCDE74A
:1059C0009507638B06D5227D023A012A02D943F05E
:1059D0000203CCE7D80620465EBF734B1B682362E8
:1059E0000023A4F89630FFF7A5F9049B1B7813F069
:1059F000020103D0227D023A012AB9D8227D023A5F
:105A0000072AB5D8DFE812F00800910016011A0144
:105A1000650116017F019F0103F01202122A64D171
:105A2000626CDAF8001001328A425ED1DBF8003095
:105A30006264591C3A68013B658E6162E162D289F9
:105A400063650423A4F86020A4F86220E21823759B
:105A500010460492FCF738FD049A01462846FFF7E9
:105A600013F941F21C134200608681009A421546E8
:105A700038BF1D46B5EB800F2BD98BB2A4F8483048
:105A8000B4F8663013B94948FAF72EFCB4F866301A
:105A9000256F013BA4F86630FDB9E56E15B94448A1
:105AA000FAF722FC2B68E3662846FEF7CDFA236F4F
:105AB000B3B94FF6FF732386D4F88430002B3FF43C
:105AC00077AF00222146206998470D307FF470AFF0
:105AD000AEE59A4288BF93B2D0E72B682367E3E72D
:105AE0000023238684F84230E6E7D9067FF540AFED
:105AF0003B68304A18881188DBF800200290204665
:105B00005B880A440193059B00932B4BDAF8001045
:105B100001F01AF894F84230052B3FF629AF002324
:105B20002046238601F02EFA22E751B1636ADBF8A2
:105B30000020013B93427FF41BAF204600F0A0FF02
:105B400016E7DA067FF514AF636CDAF80010DB4372
:105B5000CB425DD4236D5B1A002B59DB04232375E4
:105B6000A36F1BB92046FEF77DFF61E59B6913B962
:105B70001248FAF7B9FB2046FEF7DEF8A36F9B69DF
:105B8000002BEFD00022214620699847C0B10D308C
:105B90003FF44EADE6E700BF5C0102206001022049
:105BA000A401022010A824206C01022030A8242087
:105BB00046A82420BA010220E001022059A824208E
:105BC0002046FFF771F9069B1B8813B1013B069A2B
:105BD0001380618E41F21C134A0088009A421546D8
:105BE00038BF1D46B5EB810F0ED983B2A4F84830FB
:105BF00098F800309B067FF5BBAE638B43F0020341
:105C0000638307232375B3E69A4288BF93B2EDE717
:105C1000904B914A1B6810881D88DBF80020029584
:105C20005B88024420460193059B00938B4B00F058
:105C30008BFF9DE62046FFF737F9D9E72046FFF7AF
:105C400033F998F8003013F0200F049B1B7831D003
:105C500013F0100F638B28D0216DDAF800209142E9
:105C600023D1E26E0ABB43F0020320466383FEF7B2
:105C70007DFA7B4A13689C4209D1E368136008E00F
:105C8000DA68944202D1E268DA6002E01346002B3F
:105C9000F6D1744B01221A700A232375724B1A68CD
:105CA0001C60E26001F05AFA62E643F0020363838B
:105CB0000823A7E7DF067FF55BAE226DDAF8003038
:105CC0009A427FF455AEE36E002B7FF451AE06236B
:105CD00098E72046FFF7E8F898F800309E067FF531
:105CE00047AE638B204643F002036383FEF73EFA20
:105CF0005B4A13689C42C0D0002BCAD0DA68944239
:105D0000C1D01346F8E72046FFF7CEF8049B1B7876
:105D1000DD067FF52DAE226DDAF800309A427FF471
:105D200027AEE36E002B7FF423AE2046FEF71EFA6B
:105D30004B4A13689C42A0D0002BAAD0DA68944248
:105D4000A1D01346F8E72046FFF7AEF8049B1B7876
:105D5000D8067FF50DAE226DDAF800309A427FF456
:105D600007AEE36E002B7FF403AE98F8003043F0EB
:105D7000100388F80030FBE5069B1A8822B1E36F18
:105D8000D3B90023069A13802046FFF717F800289E
:105D90007FF44EACD9F8003013B3636F13B13348BE
:105DA000FAF7A2FA638BD9F8002013F0100309D098
:105DB0001046FDF78BFCD5E62146206998470D304B
:105DC000DFD135E4D4F880500DB321462069A847CF
:105DD00010F10D0F3FF42CAC10B1D9F8003063670F
:105DE00098F800309A0605D5636FB3B15A7B42F03C
:105DF00020025A731E4B002220461A60FEF7DEFF77
:105E000000287FF415AC204600F004FF10E42B4678
:105E100021462846FEF7BCFCDAE7238D4CF29C7243
:105E2000D4F8805093421CBF01332385002DE1D06C
:105E30000023214620691A46A8470D30DAD1FFF722
:105E4000F7BB002C7FF4AEACB5F8A6200132A5F864
:105E5000A620AFE4AC010220BA010220E00102203A
:105E60005C010220600102207401022077A8242036
:105E7000A4010220024A137843F010031370704704
:105E80009C01022010B5044610B90448FAF72CFA18
:105E90006368987B013818BF012010BD91A82420A9
:105EA0002DE9F843089D80460C4617461E469DF88E
:105EB000289015B91848FAF717FABC422AD29DF86B
:105EC00024309A0709D46B8B5B0623D4B9F1000FF9
:105ED00003D0EB6E0BB92B6FE3B104F2B75525F08D
:105EE0000301B9420A4628BF3A4691B24FF42072E4
:105EF0004046FDF73FFC054648B1036813B107482B
:105F0000FAF7F2F96B891B1B33802C816C812846D0
:105F1000BDE8F8832146E9E7B6A82420D5A82420C7
:105F20002DE9F0470E46904699469DF820A0074679
:105F300010B92F48FAF7D8F916B92E48FAF7D4F95C
:105F40004FEA8A050320FDF77DF9044605F00405B4
:105F500028B93046FDF7BAFB2046BDE8F08700239C
:105F600080F80CA01FFA85FAC0E900363389AB42ED
:105F700002D22148FAF7B8F9338930461421A3EB4D
:105F80000A034FF0000A2381A4F80AA0FDF76AFB78
:105F9000064650B1194A20465446B2F8A43001339F
:105FA000A2F8A430FEF750F8D6E76368AD08F88A87
:105FB000D3F804A00535C4F810A0FBF7C7FCAAF875
:105FC0000000D4F810A0388BFBF7C0FC2769AAF8B2
:105FD00002004846FBF7BDFC786048EA05302769B7
:105FE000FBF7B4FC2369B8819E74DE74B4E700BF8C
:105FF000E9A8242009A924202AA924206800022035
:106000002DE9F04385B004460D461646DDF8308094
:106010001F46B8F1000F02D11548FAF765F9D5F817
:10602000049033462A8906212846009701F06DFD29
:10603000A9F81000CCB1E37AA47A0E492846B1F849
:1060400090200132A1F8902006223146CDF8088038
:10605000CDE900423A46FCF719FC04462846FDF714
:1060600035FB204605B0BDE8F083FF23E5E700BF20
:106070003FA924206800022014312DE9F04189B2A3
:106080000646174640204FF420729846FDF772FBF3
:10609000054628B34389132B02D81348FAF724F98D
:1060A0006C684046FBF752FC2080BDF81800FBF7F7
:1060B0004DFC676060803046FBF74BFCA0609DF8AC
:1060C0001C0040F4A040FBF741FCA081BDF820007B
:1060D000FBF73CFC0023E08123746374A374E37436
:1060E0002846BDE8F08100BF70A9242010B5044601
:1060F00086B030B90B48CDE90412FAF7F5F8DDE9BE
:106100000412638D029310230193238B0093E38A7F
:10611000606AFFF7B1FF18B1628D636A1344E362EE
:1061200006B010BD9EA9242010B90248FAF7DCB8C9
:10613000704700BFC3A924207FB505460C461E4604
:1061400012B91048FAF7D0F816B90F48FAF7CCF898
:106150002846FBF7FEFB142349F6C74102462046BA
:10616000CDE90131BDF8243000210093BDF8203085
:10617000FFF782FF044608B1FFF7D6FF204604B0C0
:1061800070BD00BFE9A9242003AA2420F7B5044666
:1061900017461E460D4611B90D48FAF7A5F85CB131
:1061A000207A48B1FDF7DCF950B92846FDF78EFAA0
:1061B0006FF0030003B0F0BD3046FCF785F9F3E75C
:1061C000009033463A4629462046FFF719FFF1E78B
:1061D0001EAA24202DE9F04F2DED028B91B004462C
:1061E0000A93002309910692ADF83E3060B9AA489F
:1061F00006F082F8A94806F07FF86FF00F0011B0A2
:10620000BDEC028BBDE8F08FB0F86230428E5B08C7
:10621000934228BF1346002B08BF13460893FAF792
:106220002DFA099B0BB99E48E2E7237D072B03D08B
:10623000023B022B00F26482069BF3B1B4F8643097
:10624000069A934206D2638B43F0800363834FF038
:10625000FF30D4E7B4F86620112A06D9914AB2F883
:106260009C300133A2F89C30EDE7236FD2B123B903
:10627000E36E13B98C48FAF737F8B4F86630E66E77
:106280000793B6B9B4F86890B9F1000F00F0CC816B
:106290008648B046FAF728F83546B3463746B14641
:1062A000059683E013B9E36E002BE6D08048E2E761
:1062B000059E3368B0460593002BF9D1377B3389AF
:1062C000BF00089A07F004073B449A4202DA794873
:1062D000FAF70AF8089B3589B4F868205D1B7389C2
:1062E000ED1B9A42ADB202D07348F9F7FDFFB4F846
:1062F0006870ADF83E70002F61D0AF4202D96F4890
:10630000F9F7F2FFBDF83E30069A9A4228BF1A46C6
:10631000AA42174628BF2F46DB1BED1B9BB2ADB22E
:10632000ADF83E3033B1069BBB4200F0EC816448CF
:10633000F9F7DAFF069B9F4280F0E581002D00F01F
:106340006E81B8F808B0BBF1000F00F06B81DE1B66
:106350000A9BAE42A8BF2E46DB071FFA86F930D54E
:1063600001232A464946002002930A9BCDE90043B7
:106370000DF13E03FFF794FD8246002800F0BD8139
:10638000099B4A4640680025D919BDF83EB005F082
:10639000A3FF5046FDF7A0FA079B03449BB2079367
:1063A000B9444646CDF814A01FFA89F90A9B4FF06C
:1063B000000A03F00103CDF82CA00C93EBE03E465D
:1063C000B8E7D8F804A05246DAF800A0BAF1000FF6
:1063D000F9D1137B13F0C00F0CD151895368099A7E
:1063E0000B449A4206D1D7B136484D46D346F9F709
:1063F0007BFFD5E7012249460020FDF7BBF9824625
:10640000002800F07A81099B00253B44AB4643609D
:10641000FDF762FA079B03449BB20793C0E74D4622
:10642000BB46BDE7069B089AA3EB09039BB29342C8
:1064300028BF13469BB208EE103A0C9B002B45D0A8
:10644000BAFA8AF318EE101A54205B0902930A9BD9
:10645000CDE900430DF13E03FFF722FD064600287B
:1064600051D0438918EE102A934202D21648F9F708
:106470003BFF099B18EE102A706803EB090105F039
:106480002BFF3046FDF728FA079B03449BB2122BE3
:10649000079362D9304634E047AA242038C6242026
:1064A0005EAA2420680002208FAA2420A8AB242002
:1064B000C9AA2420FBAA242012AB242041AB24200B
:1064C00061AB24207FAB2420D7AB2420BDF83E3025
:1064D00013B18F48F9F708FF012218EE101A542063
:1064E000FDF748F978B1099A00210D904A444260BD
:1064F0004FF420725420FDF73DF90D9B064640BB3A
:106500001846FDF7E3F8638B824A43F08003638308
:10651000B2F89C300133A2F89C30059B13B11846A9
:10652000FDF7D4F8BAF1000F02D05046FDF79AFDFE
:10653000B4F86630002B3FF48AAE236F002B7FF453
:1065400086AEE36E002B7FF482AE7348F9F7CCFE83
:106550007DE61946FDF7DCF993E7E36D002231464D
:1065600020464B440092FFF7DBFC06460028CAD0C9
:10657000BDF83E304381BAF1000F4ED00B9B13B9EA
:106580006648F9F7B1FE0B9B1E6018EE103A0B96A9
:1065900099441FFA89F9069B9945FFF443AFB8F176
:1065A000000F07D0BBF1000F04D0B8F80A305B44ED
:1065B000A8F80A30AFB1D8F80490B9F1000F3AD179
:1065C000B8F808303B44A8F80830B8F80A30BB42A5
:1065D00002D25348F9F788FEB8F80A30DF1BA8F852
:1065E0000A70BDF83E30A4F86830059B002B3BD004
:1065F000B8F1000F02D14B48F9F776FE0599D8F8AB
:106600000400FDF785F9059AB8F80830128913449B
:10661000A8F80830C8F800A048E08246B5E7AB46C5
:10662000B946C3E65D46FBE74D46CB464F46C846F6
:10663000CDF81490BAE6B9F808303B44A9F8083010
:10664000D9F800306BB9D9F804303A46B9F80A00E5
:106650000999184405F040FEB9F80A303B44A9F8FE
:106660000A30D9F80090A8E7DDB1B8F1000F02D0E8
:10667000D8F8043013B92C48F9F736FED8F80430AE
:106680001A8919682A4492B21A8141B95A892A444E
:106690005A81B8F808301D44A8F80850BAE70B46EC
:1066A000EEE7B8F1000FB5D1C4F86CA0E36D069A1F
:1066B0001344B4F86420E365069BD21A079BA4F840
:1066C0006420A4F8663033B1236F23B9E36E13B9A5
:1066D0001148F9F709FE76B1306900283FF48FAD13
:1066E0000A9B13F0020506D184890820FBF72EF9D6
:1066F000336920439881002081E54FF0000A02E7CA
:106700006FF00A007BE54FF0000A554652E700BFE4
:1067100015AC242068000220CDAC242023AC24201A
:1067200034AC242060AC242098AC24202DE9F74F11
:106730000D46064610B95948F9F7D6FDF46E14B95E
:106740004FF0FF3005E03DB95548F9F7CDFD6FF04A
:10675000050003B0BDE8F08F2389AB4201D80020CB
:10676000F7E7738EAB4202D24E48F9F7BDFD23899D
:1067700013B94D48F9F7B8FD94F80CB04FF42072F6
:10678000B4F808A054204FEA8B08AAEB050108F0E2
:1067900004081FFA81F918FA81F189B2FCF7EAFFBF
:1067A000074600286CD060682289038979689B1AA3
:1067B0004A4641442B449BB2FDF786F9484560D1D7
:1067C00023699889FBF7C2F810F008095FFA80F88E
:1067D00023691ABF4FF0080908F0370808F03F088E
:1067E000586818F0010F1CBF49F0010908F0FE08B5
:1067F000FBF7AFF839462B184A463046CDF800B0C3
:10680000FFF78EFB074600283AD06068A5EB0A0523
:10681000FDF762F8B6F866301FFA85F9181AA6F87F
:1068200066006068018911FA85F189B2FDF710F8F8
:106830002389404699442369A4F808909D89FBF771
:1068400085F8236928439881002360686381FDF7F8
:1068500043F8B6F866301844A6F866007868FDF785
:106860003BF8B6F8663018442368A6F866003B602B
:106870002760386800287FF472AFA6F8680068E7E0
:1068800000270A4AB2F89C300133A2F89C30002F4E
:106890003FF456AF3846FCF719FF51E7EBAC242024
:1068A0000DAD24202FAD24203CAD24206800022013
:1068B0002DE9F74311F0030804460E4602D135488E
:1068C000F9F712FD14B93448F9F70EFDC6F3400785
:1068D0004FF4207254204FEA87094946FCF74AFFDB
:1068E000054670B9638B4FF0FF302C4A43F08003AC
:1068F0006383B2F89C300133A2F89C3003B0BDE84A
:10690000F08343894B4502D22548F9F7EDFC29462F
:1069100000973246E36D2046FFF702FB054600284C
:10692000E0D003699A0702D01E48F9F7DDFC2B89F5
:1069300013B11D48F9F7D8FCE36E23BBE5660023CD
:10694000A4F86830B8F1000F02D0E36D0133E365BD
:10695000F307686842BF638B43F020036383FCF74F
:10696000BBFFB4F86630184480B2A4F86600002873
:10697000C4D0206F28B9E46E002CBFD10B48F9F7C2
:10698000B3FC0020BAE71A461B68002BFBD1156048
:10699000D5E700BF4AAD24209FAD24206800022027
:1069A000BEAD2420F7AD24200FAE242039AE242024
:1069B000F8B5044610B91148F9F796FCE56E4DB1EB
:1069C0002F462D68002DFBD13B699889FAF7BEFF51
:1069D000430705D020460121BDE8F840FFF768BF16
:1069E0003B6901209E89FAF7B1FF3B6930439881EA
:1069F0002846638B43F020036383F8BD61AE2420F7
:106A00002DE9F041044610B91C48F9F76DFC256FDB
:106A100045B96FF00500BDE8F081FFF733FA0028B3
:106A2000F7D12D682B682846002BF6D1FFF72AFAFC
:106A30000028EED1E36E2B6013B96B89A4F868309F
:106A4000236F0026E366638B266743F4006363834A
:106A50002B695868FAF77DFF2B690746B5F808805F
:106A60009889FAF773FF10F003034744304618BFC4
:106A7000012366633B44E364CDE700BF7BAE242083
:106A8000F8B5044610B91948F9F72EFC256F15B969
:106A90006FF00500F8BD2846FFF7F4F90028F7D19C
:106AA0002B6804F16C062367336883B933682B6065
:106AB00035602B680BB9A4F8683094F84230002098
:106AC000FF2B60631CBF013384F84230E2E71B698F
:106AD0005868FAF73EFF2B6907465868FAF739FFFE
:106AE000381A0028E2DA3668DEE700BF9FAE2420BD
:106AF00038B5044610B91348F9F7F6FB236FFBB11C
:106B0000638B5B071CD42046FFF7BAFFC0B9B4F80B
:106B10006010B4F848302086994228BF1946638E29
:106B20005D004A10B5EB510F2B4488BF2A46134431
:106B3000A4F84A20A4F84830638B43F0040363832D
:106B400038BD00BFB7AE24207FB5BDF82450044641
:106B5000BDF82860084611461A46089BCDE9005644
:106B6000CDE90223FFF7E8FA014638B12046DDE916
:106B7000022304B0BDE87040FFF708BB04B070BD4D
:106B8000F0B585B00D4604461146BDF82C601A4696
:106B9000BDF830700A9B88B12846CDE90067CDE981
:106BA0000223FFF7C9FA014640B100200A94DDE94B
:106BB000022305B0BDE8F040FFF722BA05B0F0BDF2
:106BC00038B5044610B91248F9F78EFB206DFAF774
:106BD000C0FE002102462046FFF788FA054630B97C
:106BE000638B6FF0010043F00303638338BDFFF74D
:106BF0009BFA231D224629462046FFF7C7FA638BDE
:106C000018B143F003036383F0E723F00303FAE7CB
:106C1000D4AE24202DE9F04F044687B0F9F72EFDBD
:106C200014B98D48F9F760FB237D012B02D18B4805
:106C3000F9F75AFB8A4B1B68A34200F07281E56E9C
:106C40004DB9638B990740F16881204607B0BDE8D4
:106C5000F04FFFF7B5BF207A04F10409B4F848807B
:106C6000B4F8606040B3FCF77BFC0746002800F0F6
:106C7000708123680BB9436823602B69B04558685D
:106C800028BFB046FAF765FE2B89626C9B1A184440
:106C9000404515D9B4F860304345D2D1236F002B5D
:106CA000CFD194F89530002BCBD14FF4807284F87B
:106CB0009630A4F89420C4E74846FBF705FCD4E7D7
:106CC0000023266F84F8953026B133463668002EAF
:106CD000FBD11E46DFF894A1E5E0237D022B09D00D
:106CE0002B691020B3F80CB0FAF730FE2B694BEA91
:106CF000000098812846FFF7C5F8002875D1D5F81F
:106D000010B0606AFAF725FECBF80800608DD5F860
:106D100010B0FAF71BFE628D636AABF80E001344E5
:106D2000D5F810B0E3622B7BDB074FD40BF1140BCB
:106D3000B4F93030002BBCBF00232386636B3BB912
:106D4000484A2B69126862635868FAF702FEA0632A
:106D50006A682B6951685089591A536089B2401A80
:106D600050811089411A118100221A745A742A7BA9
:106D7000920002F00402143213449B4502D03A48B8
:106D8000F9F7B2FA68682346D5F810B006210289EF
:106D9000CDF8009000F0B9FEBAF89030ABF81000D2
:106DA0004A46013302972146AAF890300623019300
:106DB000A37A0093E37A6868FBF768FDA8B1638B58
:106DC00043F08003638307B0BDE8F08F4A4639463D
:106DD00040F2B4500BF1180BFDF756FF40F0017074
:106DE000FAF7B7FD4BF8040CA2E700236B812B6880
:106DF000E366237D022B1EBF638B23F003036383B3
:106E00002B695868FAF7A5FD2A892B6983460592F4
:106E10009889FAF79BFD059A10F003039344226DBD
:106E200018BF01235B44B5F808B0D21A002AB8BFD6
:106E300023652B699889FAF789FD10F0030018BFC4
:106E4000012010EB0B0F00F0808000232B60236FDC
:106E500073B925672E4623E0F4AE24200CAF24201E
:106E6000A40102206C01022049AF24206800022006
:106E70002B695868FAF76DFD336983465868FAF74D
:106E800068FDABEB000000285DDA04F1700BDBF865
:106E90000030002B47D1DBF800302B60CBF80050DE
:106EA000E56E002D36D02B695868FAF752FD636CF9
:106EB000C01A2B89184440452AD82B699889FAF7BB
:106EC00045FD420702D52448F9F70EFA236F002B3F
:106ED0003FF403AF628B12F0440F7FF4FEAEE36E1B
:106EE00043B1196800297FF4F8AE1989638E99427D
:106EF000BFF4F3AEB4F86430002B3FF4EEAEB4F858
:106F00006630112B3FF6E9AE12F0A00F7FF4E5AE2C
:106F1000E36E13B90023A4F86830638B23F0800379
:106F2000638300204FE71B695868FAF712FD2A694E
:106F300005905068FAF70DFD059B181A0028AADA8B
:106F4000DBF800B0A3E7356084E72846FDF77CF85E
:106F5000A6E76FF0030036E732AF242010B50446F1
:106F600010B90748F9F7C0F994F842302046FF2BD2
:106F70001CBF013384F84230BDE81040FFF74ABE21
:106F80005CAF242010B5044610B90648F9F7ACF9F7
:106F90002046FFF735FD20B92046BDE81040FFF739
:106FA000DDBF10BD7FAF242070B5044610B90D4879
:106FB000F9F79AF9206D0138FAF7CBFC0021024667
:106FC0002046FFF793F8054648B1FFF7ADF8231DBB
:106FD000224629462046BDE87040FFF7D7B84FF05B
:106FE000FF3070BD9BAF24202DE9F041064610B95B
:106FF0002A48F9F779F9F56E002D48D096F89630C1
:10700000FF2B1CBF013386F896302B699889FAF75D
:107010009DFC10F001042B69304618BF2C895A687A
:107020001CBFB4FA84F4640984F00101FFF75EF830
:10703000074678B3D0F80480F4B1B8F90C401120B9
:10704000FAF784FC24F47C542043A8F80C002B6944
:107050005868FAF77EFC336D01301B1A002BB8BF5D
:1070600030653846FFF760F8331D32463946304602
:10707000BDE8F041FFF78AB8686808F114012A8971
:1070800003899B1A01229BB2FCF71EFDDFE728460D
:10709000BDE8F0814FF0FF30FAE700BFB6AF242023
:1070A00070B504460A200E461546FCF7CBF820B909
:1070B0000F48BDE87040F9F717B900230D4A446046
:1070C00003601368C0E902650BB9106070BD5968B0
:1070D000611A002901DA0360F7E719461B681BB142
:1070E0005A68A21A002AF8DA03600860EEE700BFC7
:1070F000D9AF2420C001022038B543680446984720
:10710000F9F74FFA074B25681B6807492B441A1AF1
:10711000002A2246B4BF40191846BDE83840FFF7A0
:10712000BFBF00BFBC010220F970242070B5044627
:107130000D461646F9F7A2FAB4F1804F02D306487D
:10714000F9F7D2F8F9F72DFA324629462044BDE87E
:107150007040FFF7A5BF00BF16B0242008B5F9F7AF
:107160008DFA094B1A6872B9084A126812B9084AAE
:10717000126842B101220749FA201A600022BDE8D4
:107180000840FFF7D3BF08BDC40102205C01022004
:10719000740102209971242008B5FDF79DFB084B6E
:1071A0001B6813B9074B1B6833B100220649FA204C
:1071B000BDE80840FFF7BABF044A136008BD00BF2E
:1071C0005C0102207401022099712420C401022074
:1071D00070B5064D0124064E55F8080F01343146AE
:1071E0002A46FFF7A3FF062CF6D170BD4CB0242031
:1071F000F97024202DE9F041F9F740FA0D4EF9F726
:10720000D0F9DFF834800446316889B14B68E21A5E
:10721000002A0DDB0A680A20C8F800303260D1E984
:107220000257FCF727F8002DEED03846A847EBE7C9
:10723000BDE8F081C0010220BC01022010B5084C5D
:10724000F9F71CFA23683BB1F9F7ABF923685B68DF
:10725000181A48BF002010BD4FF0FF30FBE700BFF9
:10726000C001022008B5F9F74DF86FEA8040024BE3
:107270006FEA9040188008BD968E24202DE9F04FCB
:10728000054687B08946F9F7F9F915B97448F9F751
:107290002BF8B9F1000F02D17248F9F725F8724BBB
:1072A000B3F87A201F460132A3F87A206A89072AA8
:1072B0000FD8B3F882200132A3F88220B3F87E20E1
:1072C0000132A3F87E20284607B0BDE8F04FFCF756
:1072D000FDB9DFF8AC810026D5F804A0D8F800107D
:1072E000D8F81400FBF7E3FA0290BAF80000FAF7B6
:1072F0002DFB0390BAF80200FAF728FB5B4A3346ED
:1073000004901468934644B9002E50D1D9F8042053
:10731000D8F814309A424AD0D5E7628A04998A4252
:1073200062D1B9F1000F04D151480593F8F7DCFFA1
:10733000059B217A39B1D8F8042092F83020013227
:10734000D2B2914250D1029A2168002A46D041B16E
:10735000D8F81400421C04D04840D9F80820104244
:1073600042D1227C52070FD4002E40D0029A5AB14B
:10737000D8F81420013207D1D9F8040032688242CB
:1073800002D0884208BF2646A28A03998A422BD19E
:10739000616819B1D8F81020914225D14BB3E26849
:1073A000DA60DBF80030CBF80040E3602646BAF83C
:1073B000063023B32F4B11212A8928460093043B22
:1073C00000F0A3FBD8B1B7F880300133A7F88030C4
:1073D000B7F87E300133A7F87E3074E70029C0D0BB
:1073E000D8F814208A42BCD02346E4688BE72646AE
:1073F000CAE7B7F88E300133A7F88E30D6E70821F8
:107400002846FCF733F918B11B48F8F76DFFDFE7A2
:107410006EB1B469002C3FF456AF039B2A46314647
:107420000093164BF069A04707B0BDE8F08F029BB0
:1074300083B9D8F8143003F0F003E02B0AD0B8F881
:107440000C102846083109B2FCF738F90321284608
:1074500001F000FDB7F888300133A7F88830B7E7AE
:107460007CB0242094B0242068000220C8010220AF
:10747000ADB02420E0010220D2B02420DC010220A3
:10748000CC0102202DE9F041884607461646F9F75F
:10749000F5F82B4BB8F1000F08BF98464FB92948B3
:1074A00004F02AFF284804F027FF6FF00F00BDE822
:1074B000F081264801680D46CDB9002E3DD1244B00
:1074C0004FF480444FF6FF7C1E8866450A4616BF7F
:1074D00001364FF44046B6B27AB91E80D8F8003073
:1074E0007E823B600DB9F96007600020DFE7BD4296
:1074F00001D0ED68E0E70125DFE7B2F812E0B6451C
:1075000007D1013CA4B2002CDFD11E806FF0070030
:10751000CDE7D268E0E7BB420BD05A8AB24208D12D
:10752000D8F800401A68A242F0D0002CEED0002A11
:10753000ECD0DB68002BEED1D0E70B46FAE700BFBA
:10754000A8962420ECB0242038C62420C8010220AC
:10755000968E24202DE9F04F064685B00F469046C2
:107560009A46DDE90EB9F9F789F85EB942486FF03D
:107570000F0404F0C1FE414804F0BEFE204605B0F1
:10758000BDE8F08F0FB93E48F1E7B8F1000F01D127
:107590003C48ECE7B9F1000F01D13B48E7E7BBF10C
:1075A000000F01D13948E2E7728A3AB13A894FF6C1
:1075B000F7739A420AD94FF0FF34DFE7314630467D
:1075C000FFF760FF04460028F0D0D7E708213846CF
:1075D000FCF748F800284DD04FF4207208214020D5
:1075E000FCF7C8F805460028E5D03B8913B13946B9
:1075F000FCF7BCF96B89072B02D82548F8F774FE15
:107600006C68708AFAF7A2F920805046FAF79EF962
:1076100000236080A371E3712889FAF797F9A080AD
:10762000337CDB070DD42A894B4611212846CDF83F
:10763000008000F06AFA4FF6FF73002808BF184672
:10764000E08011234246494628460193B37ACDF89B
:1076500008B00093F37AFBF781F8BD42044602D0EC
:107660002846FCF733F80B4AB2F878300133A2F819
:10767000783083E73D46BDE702B1242038C6242098
:1076800021B1242041B1242063B1242085B12420DC
:10769000A6B124206800022073B5069C48B913489F
:1076A00004F02AFE124804F027FE6FF00F0002B02B
:1076B00070BD09B90F48F3E70AB90F48F0E70CB9F4
:1076C0000E48EDE705681DB105F0F006E02E05D186
:1076D000251DCDE90045FFF73DFFE8E76668B542A7
:1076E00001D10546F5E76FF00300E0E7D4B12420AF
:1076F00038C62420EFB124200BB2242029B2242044
:10770000F7B50E4615461F46044648B9144804F01E
:10771000F3FD144804F0F0FD6FF00F0003B0F0BD6E
:1077200009B91148F3E70AB91048F0E7007A58B1EF
:10773000FBF716FF60B90E4A6FF00300B2F886300F
:107740000133A2F88630E9E71046FAF7BDFEF1E70B
:1077500000903B462A4631462046FFF79DFFDDE775
:1077600046B2242038C624205EB2242077B22420DA
:1077700068000220024610B540B9094804F0BCFD7B
:10778000084804F0B9FD6FF00F0010BD09B90648B4
:10779000F4E7838A0432BDE81040FFF7B1BF00BFB1
:1077A00092B2242038C62420A8B2242070B5044602
:1077B0000D461646F8F762FF44B9144804F09CFDE4
:1077C000134804F099FD6FF00F0070BD0DB911481A
:1077D000F4E7628A6AB12B680F4A63601168237C00
:1077E0000846A68243F00403237448B9E16014609C
:1077F000EBE721462046FFF745FE0028EBD0E4E703
:10780000844201D0C068F0E70020DEE7BFB2242048
:1078100038C62420D8B22420C801022070B50446FE
:107820000E461546F8F72AFF3CB9054804F064FDFA
:107830000448BDE8704004F05FBDC4E9066570BD52
:10784000F4B2242038C6242010B50446F8F716FFF9
:107850003CB90F4804F050FD0E48BDE8104004F05C
:107860004BBD0D4A1368A34208D1E368136021465B
:107870000020BDE81040FBF7FDBC1346002BF6D0FE
:10788000DA68002AF3D0A242F7D1E268DA60EEE7C4
:107890000AB3242038C62420C801022010B5F8F706
:1078A000EDFE0020FBF7CEFC044628B1202200218B
:1078B00004F016FDFF23E372204610BD08B5F8F76B
:1078C000DDFEBDE80840FFF7E9BF000010B538B1A4
:1078D00003682BB121B10B6813B1064B1B6803B9C8
:1078E00010BD1C680268944204BF0A681A60DB6815
:1078F000F5E700BFC801022070B504460D46F8F751
:10790000BDFE63890E2B04D8294B1A8D01321A85CE
:1079100027E0E37B1BB995F830300133E3736068EF
:1079200003788689D9070AD5012B21D1437833B949
:1079300083785E2B03D1637B43F010036373082EBF
:1079400020D0B6F5C16FDFD195F82D301B070BD5D0
:107950000E212046FBF78AFE20B3154B5A8C0132CC
:107960005A84DA8B0132DA832046FBF7AFFE17E048
:107970000622104904F0E4FC0028E0D1637B43F0C8
:107980000803DBE795F82D301A07EDD50E212046C8
:10799000FBF76CFE0028E7D129462046FAF7CCFD1C
:1079A000002070BD29462046FAF7F0FAF8E700BF3C
:1079B0006800022053B324202DE9F0470D46044609
:1079C000BDF8200017469846F9F7C0FF0E21814602
:1079D0002846FBF747FED8B9F8F750FE6E68062236
:1079E00041463046A6F80C9004F076FC0622394653
:1079F000B01804F071FC94F82C30062B02D0084823
:107A0000F8F772FCA36929462046BDE8F0471847FD
:107A1000044A6FF00100538901335381BDE8F087B8
:107A200022B324206800022013B5002310F00104C3
:107A3000ADF8063007D09942C2BF10F8013B01F102
:107A4000FF318DF807300022012915DC04BF0378CF
:107A50008DF80630BDF80630134498B200EB13439E
:107A600098B200EB134024B10302C0F307209BB28D
:107A7000184380B202B010BD30F8023B02391A44FC
:107A8000E2E72DE9F0411C680746069B884616464A
:107A90001D682B0C13FA85F3002513FA84F303EB0E
:107AA00014439CB204EB13439CB204EB1344C7B9D8
:107AB00025B12302C4F307249BB21C434046F9F7C7
:107AC00045FF05463046F9F741FF28440444A0B27B
:107AD00000EB1444A0B200EB1440C04380B2BDE8F8
:107AE000F08179897868FFF79FFF7B892044DB0765
:107AF00084B204EB104406D52302C4F3072485F0B6
:107B000001059BB21C433F68D1E7FFF7BABF08B538
:107B1000FFF78AFFC04380B208BD70B50026054656
:107B2000344645B926B12302C4F307249BB21C4353
:107B3000E04380B270BD69896868FFF775FF6B89A3
:107B40000444DB07A0B200EB144406D52302C4F3BF
:107B5000072486F001069BB21C432D68E1E74379B8
:107B60008B421FBF00234171837103817047000066
:107B7000F8B5871C04460D461646442F02D9054821
:107B8000F8F7B2FB330AB8B22B550134A4B22E5524
:107B9000F8BD00BF5FB32420F8B51E46023304468B
:107BA0000D4603441746442B02D90548F8F79CFBC1
:107BB000631CA01C2F559BB280B2EE54F8BD00BFD1
:107BC0009AB32420F8B5071D04460D461646442FE7
:107BD00002D90948F8F788FB330E320C2B55631C89
:107BE000B8B29BB2EA54A31C0334320A9BB2A4B2CB
:107BF000EA542E55F8BD00BFDCB3242003461046DE
:107C000030B45C1CFF25A2B2CD5411FA84F10025DA
:107C10001446432C0BD9442AC3F1430103F1F10369
:107C200088BF0021194430BC89B2FBF711BE013472
:107C300001F8015BA4B2ECE738B5134D2B78DBB942
:107C4000124C236813B11248F8F74EFBFFF726FEDB
:107C50002060B0B1427A0F4942F0200242724422C1
:107C6000FFF710FC43220B492068FFF79FFD00221D
:107C700009492068FFF7D2FD2B78002001332B70D3
:107C800038BD4FF0FF30FBE7E8010220E40102209D
:107C900016B42420A89624202D83242023B505463D
:107CA00038B9384804F028FB374804F025FB02B007
:107CB00020BD006A08B93548F4E700234382836A8F
:107CC0005A1C0CD01E33B3F5701F36BF3C224FF642
:107CD000FF73B3FBF2F39AB2002B3CD08282C36AEB
:107CE000591C0ED01E33B3F5701F36BF3C224FF621
:107CF000FF73B3FBF2F39AB2002B2FD0428143897A
:107D0000C381036B5A1C0DD01E33B3F5701F36BFF1
:107D10003C224FF6FF73B3FBF2F39AB20BB38281AE
:107D200083890382838942899A4202D30BB100235B
:107D30004381C379DB0717D5036A00930A21436A9D
:107D40000193FFF70CFF01AB00F11C016A462846C6
:107D5000FBF7F0FAABE701238382C0E701234381FD
:107D6000CDE701238381DBE790F91C20037F002A04
:107D700001DBFF23E1E7BF2B8CBF6FF07F434FF6A2
:107D8000FF73DAE73BB4242038C6242054B42420FF
:107D900038B5084D2B7813B90748F8F7A5FA2C78B1
:107DA000013CE4B22C7024B9044D2868FFF74CFD67
:107DB0002C6038BDE80102206CB42420E4010220CC
:107DC00037B50023264D0446C0E90833EB7813B1DC
:107DD000244BDB6883622B79002B34D0214B1B6949
:107DE000E3626B79002B31D01E4B5B6923630B6917
:107DF000E361AB79002B2ED01A4B9869F9F7A9FDF6
:107E0000E379206243F00103E371EB7923B1154B71
:107E1000D869F9F79EFD60622B7A93B1114C206A04
:107E2000F9F797FD01A901900020F9F767FF6B7A38
:107E30003BB1606AF9F78DFD01A901900120F9F7C6
:107E40005DFF03B030BDA36A5B08C9E7A36AC3EB5B
:107E5000C303DB08CAE7E37923F00103D4E700BFDB
:107E6000E9010220F40102202DE9F8430E46904674
:107E70009946054648B93B482F4604F03DFA3A4832
:107E800004F03AFA3846BDE8F88339B9374837463E
:107E900004F032FA344804F02FFAF3E74FF420727A
:107EA0004FF49A715420FBF765FC07460028E9D08F
:107EB0004389B3F59A7F02D22D48F8F715FAB8F145
:107EC000030F02D17379032B07D1B379294C13B96E
:107ED000F8F718FA2060236833607C684FF49A72D0
:107EE0000021204604F0FCF901232370637095F80B
:107EF0002C30A3703068F9F72CFDB8F1040F6060E6
:107F00000AD0A8F10703012B06D9B8F1030F05D158
:107F10007379043B012B01D86B68E36005F12603FC
:107F200004F11C022C3513F8011B9D4202F8011BC1
:107F3000F9D163236FF07D0284F8F28084F8EC308D
:107F400084F8EF30352384F8ED20532284F8F030A4
:107F5000012384F8EE2084F8F1300323A9F80030DF
:107F600090E700BF90B4242038C62420AFB424206A
:107F7000CDB424201C0202202DE9F04F074685B025
:107F800058B957486FF00F0504F0B6F9554804F09A
:107F9000B3F9284605B0BDE8F08F046A44B95248E9
:107FA0006FF0050504F0A8F94E4804F0A5F9F0E7D4
:107FB00001212046FFF7D3FD0DF10E0303222146D8
:107FC0003846FFF751FF0646002800F086804568D6
:107FD00002233922BDF80E00F035DFF820A1294632
:107FE000FFF7DAFDBA8C2946ADF80E00FFF7C0FDA9
:107FF000042332222946ADF80E00FFF7CDFD80465E
:10800000ADF80E00E069F9F7A4FC294602464046A7
:10801000FFF7D8FD042336222946ADF80E00FFF7FE
:10802000BBFD8046ADF80E00A069F9F792FC294629
:1080300002464046FFF7C6FD042337222946ADF825
:108040000E004FF00408FFF7A7FDADF80E0027481B
:10805000BDF80E901AF801BBB9F1430F02D9F8F739
:1080600043F9224809F1010308F1FF3805F809B086
:108070009BB218F0FF08ADF80E30E9D1294618463A
:108080003246FFF7BBFD1A4B1A4831461A4ACDE972
:10809000007343230068FFF75DFA05463046FBF79F
:1080A00015FBA379FF2B1CBF0133A371A279052A0D
:1080B00097BF01234EF660239340C3EB431298BF52
:1080C00003EB82034FF4FA729CBFDB009BB203F216
:1080D000F313B3FBF2F323815BE74FF0FF35E0E7E7
:1080E0000DB5242038C6242028B5242042B52420EC
:1080F000A8962420E4010220AC962420E1B5242097
:108100002DE9F04F056A85B0074603212846FFF7A1
:1081100026FD0DF10E03032229463846FFF7A4FE83
:108120000646002872D0446802233922BDF80E00AA
:10813000F034DFF8ECA02146FFF72EFD4FF410726B
:108140002146ADF80E00FFF713FD0423322221462D
:10815000ADF80E00FFF720FD8046ADF80E00E8698F
:10816000F9F7F7FB214602464046FFF72BFD0423B3
:1081700037222146ADF80E004FF00408FFF70CFD42
:10818000ADF80E002348BDF80E901AF801BBB9F106
:10819000430F02D9F8F7A8F81E4809F1010308F1C6
:1081A000FF3804F809B09BB218F0FF08ADF80E30A4
:1081B000E9D1214618463246FFF720FD16480097C0
:1081C0004323164A31460068FFF766FA04463046F4
:1081D000FBF77CFAAB792046FF2B1CBF0133AB7158
:1081E000AB79092B96BFC3EB431242F2107303EB3A
:1081F00082034FF4FA729CBFDB009BB203F2F313CD
:10820000B3FBF2F32B8105B0BDE8F08F4FF0FF34E4
:10821000E0E700BF42B52420E4010220AC96242010
:10822000E1B524202DE9F04F0023046A85B007460C
:1082300006212046E361FFF792FC0DF10E030122B7
:1082400021463846FFF710FE0546002844D0466810
:1082500002233922BDF80E00F036DFF8CCA04FF033
:1082600004083146FFF798FCBA8C3146ADF80E0091
:10827000FFF77EFC042337223146ADF80E00FFF7EE
:108280008BFCADF80E002448BDF80E901AF801BB27
:10829000B9F1430F02D9F8F727F81F4809F1010394
:1082A00008F1FF3806F809B09BB218F0FF08ADF8E6
:1082B0000E30E9D118462A463146FFF79FFC174B8E
:1082C00017482946174ACDE9007343230068FFF792
:1082D00041F92846FBF7FAF9A3790020FF2B1CBFD0
:1082E0000133A371A279052A97BF01234EF66023BB
:1082F0009340C3EB431298BF03EB82034FF4FA722F
:108300009CBFDB009BB203F2F313B3FBF2F32381B8
:1083100005B0BDE8F08F00BF42B52420A896242008
:10832000E4010220AC962420E1B52420AA4B2DE9DB
:10833000F04FD3F8048089B09246D8F820B0BBF152
:10834000000F62D09BF80430002B5ED053892B2B9A
:108350005BD952681378022B57D198F82C4008F15A
:10836000260002F11C010023DDB2AC4201D9062B2C
:1083700044D15068F9F7EDFADBF80030984244D167
:108380000A220021954803F0ABFFBAF80A302B2BE4
:108390003BD90023BAF808900193F0230093574685
:1083A000009C7B89A34236D97B6802934C4503D25B
:1083B000029B195DFF2938D1884A13781046002B9B
:1083C00040F01281019B002B40F016814378E3B10D
:1083D000834ADAF804101379052B40F021819BF8C9
:1083E000053003F0FD02012A40F01581D8F8200085
:1083F000FFF7E6FC4046FFF751FC06E010F8016B82
:10840000013311F8015BAE42AED05046FBF75EF986
:1084100009B0BDE8F08FE41AA9EB03093F68A4B2E4
:108420001FFA89F9002FBCD1EFE7A31C9BB2A3422E
:10843000EBD3651C7A8995420DDA029A2244527870
:10844000062919D8062900F29C80DFE801F09D1E5C
:108450009A629A9A69003A68002A00F01681526876
:108460001278EDE7082800F28C80DFE800F0656BF9
:10847000757B8A8A8A818300A1F13300C6B2082EF7
:10848000F0D94FF0FF36002503E0042ABDD1154690
:10849000062614444FF6FD718C42B6DC9C18A4B23B
:1084A000002D72D0002207924C4A32440392092ECA
:1084B00004D94C480493F7F717FF049B039A1278EA
:1084C000002A62D1042D2A4607A9384628BF042273
:1084D000CDE90423FBF7F8FA049A824295D1042DE2
:1084E00065D9AB0791D1039B01220798043D03F89E
:1084F000012B0393F9F72DFA394BEDB243F826001F
:10850000059B1A1D92B293423FF67FAF0136134688
:10851000CDE7032A7FF679AF07260425B9E70022C5
:1085200091077FF472AF082A154628BF08259542A7
:108530003FF66BAF0826ACE7042A7FF466AF15461A
:108540000326A6E7012A7FF460AF0099F0297FF4A3
:108550005CAF154600269CE7012A7FF456AF15460E
:10856000164696E7042A7FF450AF1546022690E798
:10857000042AF2E7042A7FF448AF1546052688E767
:10858000002200297FF47DAFACB27B89A3423FF685
:108590000DAFE41AA9EB0309A4B21FFA89F94C45FF
:1085A000BFF433AF3F68002F7FF4FEAE2DE70BD151
:1085B0000798F9F7CEF907900123084A9355079BCE
:1085C000074A42F82630E0E7012D7FF41EAF9DF800
:1085D0001C300793F0E700BFCC010220E901022024
:1085E000F401022077B52420424B00211B68117052
:1085F000012B0CD0022B05D100234FF06C09019305
:108600002C23CBE6032B7FF4DDAE012301934FF047
:10861000EC096C23C2E6043B012B3FF6F6AEE5E61F
:10862000062B16D19BF80530DA1E022A02D9012B3F
:108630007FF4EBAED8F820000C21FFF790FA2E4B18
:1086400040461A461946FAF775FE4046FFF7EAFD1E
:10865000DBE6022B7FF4D9AE9BF80530062B7FF4C6
:10866000D4AE8378002B3FF4D0AED8F82040019BE5
:10867000906823810091F9F76CF90099A061404658
:108680000B69E361FFF778FCBFE6062914D80629D9
:108690003FF676AF01A252F821F000BF8985242071
:1086A0000B842420818524200B8424208185242090
:1086B000818524201F852420A1F13300C6B2082E15
:1086C0003FF6DFAE08283FF65BAF01A252F820F07C
:1086D0000B8424200B8424200B8424200B8424204E
:1086E0008185242081852420818524200B842420D9
:1086F0000B842420F4010220A896242038B5056AB2
:108700000446DDB16B79052B09D8022B09D8ABB132
:1087100000232046AB71BDE83840FFF783BD0A2B2C
:1087200006D100232046AB71BDE83840FFF7E8BC16
:108730000C2BEDD90248F7F7D7FDE9E738BD00BFAC
:10874000ACB524202DE9F04F046A85B00746F7F751
:1087500095FF05212046FFF702FA0DF10E030322D3
:1087600021463846FFF780FB0546002860D0466862
:1087700002233922BDF80E00F036DFF8C4A04FF016
:1087800004083146FFF708FABA8C3146ADF80E00FE
:10879000FFF7EEF9042337223146ADF80E00FFF75C
:1087A000FBF9ADF80E002448BDF80E901AF801BB95
:1087B000B9F1430F02D9F7F797FD1F4809F10103FB
:1087C00008F1FF3806F809B09BB218F0FF08ADF8C1
:1087D0000E30E9D1314618462A46FFF70FFA1748FE
:1087E0000097432304F1180229460068FEF754FF5E
:1087F00006462846FAF76AFFA3793046FF2B1CBFCE
:108800000133A371A379092B96BFC3EB431244F63E
:10881000206303EB82034FF4FA729CBF1B019BB2EF
:1088200003F2F313B3FBF2F3238105B0BDE8F08F3D
:108830004FF0FF36E0E700BF42B52420E4010220FC
:10884000E1B5242050B1006A40B140790A2806D031
:10885000043801288CBF00200120C0B270470120DD
:10886000FBE70000F0B5046A87B00546F7F706FF9E
:10887000002C53D06379002B50D0A3692846059370
:108880000023C4E90633C4E90833C4E90B33A36207
:10889000E3812361A382FFF7D5FF014600283FD083
:1088A00019462046FFF75BF90DF112030722214616
:1088B0002846FFF7D9FA064620B34168042336223A
:1088C000BDF81200F0310391FFF766F90746ADF8E5
:1088D00012000598F9F73DF8039902463846FFF76C
:1088E00071F932460399ADF81200FFF787F90E4887
:1088F0004323009505AA31460068FEF7CDFE3046B9
:10890000FAF7E4FE094B28461A461946FAF712FD13
:1089100023791BB1FFF73CFA0023237107B0F0BDA8
:108920002046FFF71CF9F3E7E4010220A896242073
:1089300038B50446F7F7A2FE4CB9224803F0DCFC38
:10894000214803F0D9FC6FF00F02104638BD94F8AF
:108950002D30DA0701D41D48F0E7A38C256AB3F562
:10896000107F02D24FF0FF32EFE7DDB93420FAF783
:10897000D5FB05460028F5D0206234220021284688
:1089800003F0AEFCFFF758F902460028EAD10123B4
:108990002B7194F82D305B070AD402212846FFF78B
:1089A000DEF8D2E72B79002BE7D0FFF7F1F9E4E707
:1089B0002046FFF737FC02460028C6D02046FFF7C6
:1089C00051FFCFE746B4242038C62420C0B5242068
:1089D000604B2DE9F04F1D6889B05F4E5F4FDFF8A7
:1089E000848115B909B0BDE8F08F2C6A7CB1637938
:1089F0006BB1A18A69B1628A013292B291426282FC
:108A000007D12846FFF72EFF2846FFF791FF2D6874
:108A1000E7E7228A002A00F08180511E012A218284
:108A20007CD1013BDBB2092BF1D840F2192222FAAA
:108A300003F3DB07EBD504212046FFF790F80DF197
:108A40001E03032221462846FFF70EFA814600281E
:108A500043D0416802233922BDF81E0001F1F00A1B
:108A60004FF0040B5146FFF797F8AA8C5146ADF82A
:108A70001E00FFF77DF8372204235146ADF81E0093
:108A8000FFF78AF8364AADF81E00BDF81E3012F81E
:108A9000011B432B08D930460393CDE90412F7F7A5
:108AA00023FC039BDDE90412581C0BF1FF3B0AF881
:108AB000031080B21BF0FF0BADF81E00E5D14A4653
:108AC0005146FFF79BF843234246494638680095D4
:108AD000FEF7E2FD4846FAF7F9FDA379FF2B1CBF2C
:108AE0000133A371A379092B96BFC3EB431242F262
:108AF000107303EB82034FF4FA729CBFDB009BB24E
:108B000003F2F313B3FBF2F3628A2381A38A9B1A65
:108B1000012B7FF77CAF5B10238278E7E289002A84
:108B20003FF475AF511E012AE1817FF470AF03F06D
:108B3000FB02012A02D00A2B7FF469AF2846FFF717
:108B400001FEA389628A9B1A012BC4BF5B10E381DB
:108B50005DE700BF6000022042B52420E40102204E
:108B6000E1B52420AC96242038B5184B00251C68AC
:108B700004B938BD236A23B11A89012A03D9013AFD
:108B80001A812468F4E7FCD15A791D810C2A01D09E
:108B9000062A03D12046FFF745FBF2E7012A0CD154
:108BA0009B792046052B02D8FFF7E6F9E9E7FFF7A6
:108BB00059FE2046FFF7BCFEE3E7032AE1D19B798B
:108BC0002046012BE7D8FFF79BFADAE76000022086
:108BD0002DE9F047B0F8088086B007468946B8F11D
:108BE0001C0F16464FF040004FF4207228BF4FF084
:108BF0001C0808F10804A1B2FAF7BCFD05460028DC
:108C000038D04389A34202D21C48F7F76DFB6C6849
:108C10003946D7F804A00823667000264246284645
:108C200084F8009026716671A671E671FAF7A8FEC5
:108C3000DAF80C3005A80593F9F746FC0746B0B101
:108C400069892046A670E670FEF761FF0C4A6080D5
:108C50003146B2F8603028460133A2F86030012373
:108C600005AA0297CDE90063FF23F9F70FFE284616
:108C7000FAF72CFD06B0BDE8F08700BFE5B524206B
:108C8000680002202DE9F04FDFF8C48187B0044668
:108C90000F46B8F8623046460133A8F86230684B98
:108CA000D3F808B09A469BF8005005F00F05AD00C8
:108CB000132D40F2BC804289032A40F2B8804268FA
:108CC0001278002A00F09980082A40F0A58058699F
:108CD00000F0F002E02A35D01968F9F7E8FD88BB0A
:108CE0002389072B40F2A3802046FEF716FF50B1E0
:108CF0002046FAF7EBFCB8F868300133A8F8683082
:108D000007B0BDE8F08F05F12C0120461FFA85F869
:108D10000591FAF7A7FC0599002874D0238903EB85
:108D2000080189B28B420DD84FF420722C20FAF73B
:108D300021FD814630B1428905F108039A420AD2E9
:108D4000FAF7C4FC2046FAF7C1FCB6F874300133D8
:108D5000A6F87430D4E759462A46406803F0BCFAB6
:108D600029464846FAF782FC20B13648F7F7BCFAA4
:108D70004846E5E721464846FAF790FE0028F7D135
:108D800020464C46FAF7A2FC29462046D4F8049027
:108D9000FAF768FC88BB65684FF6F772DAF81430AA
:108DA0004146EB60DAF810304FF0FF0A2B61B9F85A
:108DB000023089F80000284693428CBF09330833FB
:108DC0009BB2A9F802304FF0000985F808A085F899
:108DD0000A9085F80B90FEF79AFEB6F86020012302
:108DE0006881013218492046A6F860204A46029759
:108DF000CDE900935346F9F749FD204607B0BDE899
:108E0000F04FFAF763BC2046FAF730FC0028BBD0DD
:108E10000E48F7F769FA95E7B8F870300133A8F80B
:108E20007030B8F866300133A8F86630E5E72046C0
:108E3000FAF74CFCB6F86A300133A6F86A305FE7FF
:108E4000CC01022011B62420E001022045B62420E6
:108E5000680002200A460321FFF7BABE0A460B212A
:108E6000FFF7B6BE35010563825363350106350150
:108E7000023604080808083304000151801A02056C
:108E8000DC3604000000000104FFFFFF00000000CA
:108E90006E19000000C000C044484350207468723E
:108EA000656164004C5749505F4153534552543AF1
:108EB0002025730D0A002820756C4D65737361675A
:108EC000657357616974696E67203D3D20302029C4
:108ED00000636F6E66696741535345525420257392
:108EE0000D0A00696E76616C696420737461636B4E
:108EF00073697A65007461736B206372656174696C
:108F00006F6E206661696C65640046756E63746996
:108F10006F6E2063616C6C65642066726F6D206992
:108F20006E7465727275707420636F6E7465787498
:108F30000046756E6374696F6E2063616C6C656466
:108F400020776974686F757420636F7265206C6F29
:108F5000636B006E6574636F6E6E5F636C6F7365D9
:108F60003A20696E76616C696420636F6E6E00668C
:108F7000726565696E6720636F6E6E2077697468CD
:108F80006F75742066726565696E67207063620034
:108F9000636F6E6E20686173206E6F2072656376FA
:108FA0006D626F7800636F6E6E2D3E6163636570F6
:108FB000746D626F782073686F756C646E277420AF
:108FC000657869737400636F6E6E20686173206EDC
:108FD0006F206F705F636F6D706C65746564006E99
:108FE0006574636F6E6E5F62696E643A20696E7657
:108FF000616C696420636F6E6E006E6574636F6E82
:109000006E5F726563765F7463705F706275663AF7
:1090100020696E76616C696420636F6E6E006E65A8
:1090200074636F6E6E5F73656E643A20696E76610D
:109030006C696420636F6E6E006E6574636F6E6E34
:109040005F726563763A20696E76616C6964207040
:109050006F696E746572006E6574636F6E6E5F72B9
:109060006563763A20696E76616C696420636F6E21
:109070006E0062756620213D204E554C4C00636F9A
:109080006E6E20213D204E554C4C00636F6E6E2D50
:109090003E7374617465203D3D204E4554434F4EF0
:1090A0004E5F575249544500636F6E6E2D3E637597
:1090B0007272656E745F6D736720213D204E554C52
:1090C0004C00636F6E6E2D3E7063622E7463702071
:1090D000213D204E554C4C00636F6E6E2D3E6375E6
:1090E0007272656E745F6D73672D3E6D73672E7758
:1090F0002E6F6666736574203C20636F6E6E2D3E26
:1091000063757272656E745F6D73672D3E6D736704
:109110002E772E6C656E00636F6E6E2D3E637572DA
:1091200072656E745F6D73672D3E6D73672E772E5B
:10913000766563746F725F636E74203E2030006CDE
:109140007769705F6E6574636F6E6E5F646F5F7773
:10915000726974656D6F72653A20696E76616C69CB
:1091600064206C656E677468210074686973206997
:109170007320666F7220746370206E6574636F6E07
:109180006E73206F6E6C7900636F6E6E206D7573F9
:109190007420626520696E207374617465204E4589
:1091A00054434F4E4E5F434C4F5345007063622013
:1091B000616C726561647920636C6F7365640043F0
:1091C0006C6F73696E672061206C697374656E20C3
:1091D000706362206D6179206E6F74206661696CC6
:1091E0002100726563765F746370206D75737420FF
:1091F0006861766520612070636220617267756DB9
:10920000656E7400726563765F746370206D75734C
:1092100074206861766520616E20617267756D6586
:109220006E740065727220213D204552525F4F4B93
:1092300020756E68616E646C656400726563765F4C
:109240007463703A207265637620666F722077725D
:109250006F6E67207063622100756E68616E646C6A
:109260006564206572726F7200696E76616C696404
:10927000206F705F636F6D706C657465645F73659C
:109280006D00636F6E6E2D3E63757272656E745FF6
:109290006D7367203D3D204E554C4C0072656376E2
:1092A0005F756470206D75737420686176652061E8
:1092B0002070636220617267756D656E74007265FF
:1092C00063765F756470206D757374206861766570
:1092D00020616E20617267756D656E7400726563E2
:1092E000765F7564703A207265637620666F7220CF
:1092F00077726F6E67207063622100657272202141
:109300003D204E554C4C006E6574636F6E6E5F6110
:109310006C6C6F633A20756E646566696E65642077
:109320006E6574636F6E6E5F747970650050434252
:10933000206D757374206265206465616C6C6F6369
:1093400061746564206F75747369646520746869FD
:10935000732066756E6374696F6E00726563766DF7
:10936000626F78206D757374206265206465616C2E
:109370006C6F6361746564206265666F72652063FB
:10938000616C6C696E6720746869732066756E63C2
:1093900074696F6E006163636570746D626F7820CD
:1093A0006D757374206265206465616C6C6F6361B8
:1093B000746564206265666F72652063616C6C69B8
:1093C0006E6720746869732066756E6374696F6E6A
:1093D000006E6574636F6E6E2073746174652065D2
:1093E00072726F7200616C72656164792077726964
:1093F00074696E67206F7220636C6F73696E6700AB
:10940000737461746521000015942420169424203F
:10941000149424200000006E65746275665F616CB0
:109420006C6F633A20696E76616C69642062756660
:1094300000636865636B2074686174206669727389
:109440007420706275662063616E20686F6C6420A2
:1094500073697A650074637069705F7468726561BE
:10946000643A20696E76616C6964206D657373611E
:10947000676500496E76616C6964206D626F780083
:109480006661696C656420746F20637265617465E0
:109490002074637069705F746872656164206D62C6
:1094A0006F78006661696C656420746F2063726513
:1094B000617465206C6F636B5F74637069705F6368
:1094C0006F72650074637069705F7468726561645F
:1094D00000646E7320736572766572206F757420F8
:1094E0006F662061727261790061727261792069C0
:1094F0006E646578206F7574206F6620626F756E7C
:10950000647300756E6B6E6F776E20646E735F743C
:1095100061626C6520656E74727920737461746524
:109520003A00636865636B207468617420666972D1
:10953000737420706275662063616E20686F6C645E
:1095400020737472756374206574686172705F68EB
:109550006472006E657469662D3E6877616464723A
:109560005F6C656E206D757374206265207468652C
:109570002073616D65206173204554485F485741F1
:109580004444525F4C454E20666F7220657468619A
:10959000727021006172705F7461626C655B695DFD
:1095A0002E71203D3D204E554C4C006172705F7411
:1095B00061626C655B695D2E7374617465203D3D0D
:1095C000204554484152505F53544154455F454DE6
:1095D0005054590069706164647220213D204E55D9
:1095E0004C4C006574685F72657420213D204E55B7
:1095F0004C4C006E657469662D3E687761646472D8
:109600005F6C656E203D3D204554485F485741449E
:1096100044525F4C454E006172705F7461626C65CC
:109620005B6172705F6964785D2E7374617465202C
:109630003E3D204554484152505F53544154455F8C
:10964000535441424C450074797065206F766572C1
:10965000666C6F77006E6F207061636B657420714C
:10966000756575657320616C6C6F7765642100703A
:109670002D3E726566203D3D203100636865636B59
:1096800020746861742066697273742070627566F4
:109690002063616E20686F6C6420737472756374EC
:1096A0002069705F6864720000000000FFFFFFFF28
:1096B00073616E69747920636865636B206C696E91
:1096C0006B6564206C697374007072657620213D4F
:1096D0002069707200707265762D3E6E6578742018
:1096E0003D3D206970720070627566735F667265D9
:1096F0006564202B20636C656E203C3D20307866CD
:109700006666660069705F72656173735F7062752B
:1097100066636F756E74203E3D2070627566735F80
:1097200066726565640070637220213D204E554C61
:109730004C00636865636B20667261676D656E746B
:109740007320646F6E2774206F7665726C61700091
:109750006E6F2070726576696F75732066726167CF
:109760006D656E742C2074686973206D7573742038
:109770006265207468652066697273742066726120
:10978000676D656E74210073616E6974792063681A
:1097900065636B0076616C69646174655F646174B4
:1097A000616772616D3A6E6578745F70627566218B
:1097B0003D4E554C4C0069705F72656173735F700C
:1097C000627566636F756E74203E3D20636C656ED6
:1097D000006E6F74206669727374616C74686F7563
:1097E0006768206A75737420656E71756575656448
:1097F000006970345F6672616728293A207062756B
:109800006620746F6F2073686F7274007468697378
:10981000206E656564732061207062756620696ED4
:10982000206F6E652070696563652100702D3E6C48
:10983000656E203E3D20706F6666006D616C6C6FDA
:10984000632829206D7573742072657475726E209B
:10985000616C69676E6564206D656D6F7279007209
:109860006D656D20213D204E554C4C00726D656D2F
:10987000203D3D204D454D5F414C49474E28726D7E
:10988000656D29006D656D705F6D616C6C6F633A1D
:10989000206D656D702070726F7065726C792061DB
:1098A0006C69676E6564006D656D705F6672656595
:1098B0003A206D656D2070726F7065726C792061F1
:1098C0006C69676E6564006D656D705F6D616C6C71
:1098D0006F633A2074797065203C204D454D505F90
:1098E0004D4158006D656D705F667265653A207414
:1098F000797065203C204D454D505F4D41580050DA
:109900004255465F504F4F4C00504255465F5245BE
:10991000462F524F4D004E45544442005359535F19
:1099200054494D454F55540054435049505F4D5391
:10993000475F494E504B540054435049505F4D537C
:10994000475F415049004E4554434F4E4E004E45EF
:109950005442554600465241475F504255460052D8
:109960004541535344415441005443505F5345478C
:10997000005443505F5043425F4C495354454E009E
:109980005443505F504342005544505F504342009F
:1099900055992420D4FE012018000F001C18012026
:1099A000240002204E992420ECFE01201000020029
:1099B00087190120280002204699242004FF012055
:1099C00034000400AA1901202C000220169924203A
:1099D0001CFF0120340101007D1A0120300002200B
:1099E0000999242034FF012010000F00FFF001200E
:1099F00034000220FF9824204CFF01201806230089
:109A0000B41B0120380002205F99242064FF01204C
:109A100020000500F2F101203C0002201C992420C6
:109A20007CFF012010000A0095F201204000022076
:109A30003899242094FF012010001E0038F30120E3
:109A40004400022028992420ACFF012010000800C7
:109A50001BF501204800022080992420C4FF01202A
:109A600098000A0061F601204C0002207199242020
:109A7000DCFF0120200006009EF50120500002209E
:109A800069992420F4FF01201400160054FC0120E1
:109A900054000220889924200C0002202000060097
:109AA0000FFE012058000220949A2420589A242066
:109AB0006C9A2420809A2420089A242090992420AB
:109AC000A4992420B8992420309A2420449A242050
:109AD0001C9A2420CC992420E0992420F499242055
:109AE0006E657469665F69737375655F7265706FC3
:109AF0007274733A20696E76616C6964206E657465
:109B00006966006E657469665F7365745F6970612C
:109B10006464723A20696E76616C6964206E657463
:109B20006966006E657469665F6164643A20696E97
:109B300076616C6964206E65746966006E6574692F
:109B4000665F6164643A204E6F20696E69742066B6
:109B5000756E6374696F6E20676976656E006E65F9
:109B600074696620616C7265616479206164646502
:109B70006400746F6F206D616E79206E6574696624
:109B8000732C206D61782E20737570706F72746500
:109B900064206E756D626572206973203235350000
:109BA0006E657469665F7365745F75703A20696E7F
:109BB00076616C6964206E65746966006E657469AF
:109BC000665F7365745F6C696E6B5F75703A206970
:109BD0006E76616C6964206E6574696600696E7684
:109BE000616C696420706275665F74797065006984
:109BF0006E6372656D656E745F6D61676E697475B5
:109C00006465203C3D20702D3E6C656E0070627571
:109C1000665F667265653A20702D3E726566203E0D
:109C200020300070632D3E637573746F6D5F6672D4
:109C300065655F66756E6374696F6E20213D204EA9
:109C4000554C4C00696E76616C6964207062756673
:109C5000207479706500706275665F616C6C6F630B
:109C60003A206572726F6E656F75732074797065D6
:109C700000706275665F7265616C6C6F633A20702C
:109C800020213D204E554C4C00706275665F726518
:109C9000616C6C6F633A207120213D204E554C4C15
:109CA000006D656D5F7472696D2072657475726E9A
:109CB00065642072203D3D204E554C4C006D656D15
:109CC0005F7472696D2072657475726E656420725E
:109CD00020213D2071007062756620726566206FDC
:109CE000766572666C6F7700286820213D204E559E
:109CF0004C4C2920262620287420213D204E554CEE
:109D00004C29202870726F6772616D6D65722076C4
:109D1000696F6C61746573204150492900702D3E54
:109D2000746F745F6C656E203D3D20702D3E6C65D8
:109D30006E20286F66206C617374207062756620D7
:109D4000696E20636861696E2900702D3E6E6578CA
:109D500074203D3D204E554C4C00706275665F632B
:109D60006F70795F7061727469616C5F7062756643
:109D70003A20636F70795F6C656E20626967676512
:109D800072207468616E20736F7572636500706213
:109D900075665F636F70795F7061727469616C5F23
:109DA000706275663A20746172676574206E6F74B4
:109DB0002062696720656E6F756768006F666673FD
:109DC00065745F746F203C3D20705F746F2D3E6C36
:109DD000656E006F66667365745F66726F6D203CBA
:109DE0003D20705F66726F6D2D3E6C656E00705F1A
:109DF00066726F6D20213D204E554C4C00705F7493
:109E00006F20213D204E554C4C00706275665F639B
:109E10006F70795F7061727469616C5F7062756692
:109E2000282920646F6573206E6F7420616C6C6FDD
:109E300077207061636B657420717565756573213A
:109E400000706275665F636F70793A20696E766143
:109E50006C696420736F7572636500706275665F0C
:109E6000636F70795F7061727469616C3A20696EBA
:109E700076616C69642062756600706275665F6306
:109E80006F70795F7061727469616C3A20696E7687
:109E9000616C6964206461746170747200706275D1
:109EA000665F74616B653A20696E76616C696420E7
:109EB00062756600706275665F74616B653A2069F1
:109EC0006E76616C69642064617461707472007094
:109ED0006275665F74616B653A20627566206E6FAD
:109EE00074206C6172676520656E6F7567680070BD
:109EF0006275665F74616B653A20696E76616C6944
:109F000064207062756600646964206E6F742063FB
:109F10006F707920616C6C206461746100636865A6
:109F2000636B20706275665F736B69702072657316
:109F3000756C7400706275665F636F70792066611E
:109F4000696C6564007463705F667265653A204C85
:109F5000495354454E0070636220213D204E554CBC
:109F60004C00616363657074735F70656E64696EE5
:109F70006720213D2030007463705F62696E643A2F
:109F800020696E76616C696420706362007463702E
:109F90005F62696E643A2063616E206F6E6C792037
:109FA00062696E6420696E20737461746520434C2D
:109FB0004F534544007463705F6C697374656E5FE2
:109FC000776974685F6261636B6C6F675F616E6411
:109FD0005F6572723A20696E76616C6964207063A5
:109FE00062007463705F6C697374656E5F77697427
:109FF000685F6261636B6C6F675F616E645F6572FF
:10A00000723A2070636220616C72656164792063CA
:10A010006F6E6E6563746564007063622D3E737469
:10A02000617465203D3D204C495354454E202863C2
:10A03000616C6C656420666F722077726F6E67204A
:10A040007063623F29007463705F7570646174654A
:10A050005F7263765F616E6E5F776E643A20696EE1
:10A0600076616C696420706362006E65775F72630D
:10A07000765F616E6E5F776E64203C3D203078665F
:10A08000666666007463705F7265637665643A2025
:10A09000696E76616C69642070636200646F6E271C
:10A0A000742063616C6C207463705F7265637665A5
:10A0B0006420666F72206C697374656E2D706362C4
:10A0C00073007463705F7365747072696F3A2069AE
:10A0D0006E76616C69642070636200696E76616C93
:10A0E000696420736F636B65742073746174652099
:10A0F000666F7220726563762063616C6C62616367
:10A100006B00696E76616C696420736F636B657454
:10A1100020737461746520666F722073656E74209D
:10A1200063616C6C6261636B00696E76616C69641B
:10A1300020736F636B657420737461746520666F40
:10A1400072206572722063616C6C6261636B007473
:10A1500063705F706F6C6C3A20696E76616C6964D5
:10A160002070636200696E76616C696420736F634E
:10A170006B657420737461746520666F7220706FF4
:10A180006C6C007463705F7063625F70757267659A
:10A190003A20696E76616C69642070636200746352
:10A1A000705F736C6F77746D723A20616374697657
:10A1B00065207063622D3E737461746520213D20BB
:10A1C000434C4F534544007463705F736C6F7774F6
:10A1D0006D723A20616374697665207063622D3E0A
:10A1E000737461746520213D204C495354454E00E1
:10A1F0007463705F736C6F77746D723A206163740F
:10A20000697665207063622D3E73746174652021E8
:10A210003D2054494D452D57414954007463705FAA
:10A22000736C6F7774696D723A20706572736973BD
:10A2300074207469636B696E67207769746820693C
:10A240006E2D666C69676874206461746100746364
:10A25000705F736C6F7774696D723A20706572739A
:10A26000697374207469636B696E672077697468B9
:10A2700020656D7074792073656E64206275666602
:10A280006572007463705F736C6F77746D723A20DF
:10A290006D6964646C652074637020213D20746373
:10A2A000705F6163746976655F7063627300746385
:10A2B000705F736C6F77746D723A20666972737435
:10A2C00020706362203D3D207463705F6163746938
:10A2D00076655F70636273007463705F736C6F7731
:10A2E000746D723A2054494D452D574149542070A0
:10A2F00063622D3E7374617465203D3D2054494D69
:10A30000452D57414954007463705F736C6F7774C7
:10A310006D723A206D6964646C65207463702021ED
:10A320003D207463705F74775F7063627300746361
:10A33000705F736C6F77746D723A206669727374B4
:10A3400020706362203D3D207463705F74775F709E
:10A35000636273007463705F7063625F72656D6FD8
:10A3600076653A20696E76616C696420706362007C
:10A370007463705F7063625F72656D6F76653A20BB
:10A38000696E76616C6964207063626C69737400D5
:10A39000756E73656E74207365676D656E7473207A
:10A3A0006C65616B696E6700756E61636B656420D7
:10A3B0007365676D656E7473206C65616B696E673C
:10A3C000007463705F636C6F73655F73687574644A
:10A3D0006F776E3A20696E76616C69642070636293
:10A3E000007063622D3E666C6167732026205446C0
:10A3F0005F5258434C4F534544007463705F66721C
:10A4000065655F6C697374656E3A20214C495354DD
:10A41000454E007463705F636C6F73653A20696EBC
:10A4200076616C696420706362007463705F72654A
:10A4300063765F6E756C6C3A20696E76616C6964E8
:10A4400020706362007463705F70726F6365737312
:10A450005F726566757365645F646174613A2069F3
:10A460006E76616C696420706362007463705F7300
:10A47000687574646F776E3A20696E76616C696492
:10A4800020706362007463705F6162616E646F6EFE
:10A490003A20696E76616C69642070636200646F53
:10A4A0006E27742063616C6C207463705F61626FEF
:10A4B00072742F7463705F6162616E646F6E206688
:10A4C0006F72206C697374656E2D706362730074B3
:10A4D00063705F6163636570745F6E756C6C3A2066
:10A4E000696E76616C696420706362007463705F8A
:10A4F0006E657469665F69705F616464725F6368EA
:10A50000616E6765645F7063626C6973743A206939
:10A510006E76616C6964206F6C645F616464720064
:10A520007463705F6E6578745F6973733A20696EE7
:10A5300076616C696420706362007463705F656645
:10A54000665F73656E645F6D73735F6E6574696675
:10A550003A20696E76616C6964206473745F697017
:10A5600000010203040506070707070707070000A5
:10A5700068010220640102205C01022074010220B3
:10A5800003060C183060787463705F7061727365D5
:10A590006F70743A20696E76616C696420706362D2
:10A5A000007463705F696E7075745F64656C617967
:10A5B00065645F636C6F73653A20696E76616C6980
:10A5C0006420706362007063622D3E736E645F711D
:10A5D000756575656C656E203E3D20706275665FC1
:10A5E000636C656E286E6578742D3E702900746307
:10A5F000705F726563656976653A2076616C69643F
:10A60000207175657565206C656E6774680074638C
:10A61000705F726563656976653A20696E76616C14
:10A62000696420706362007463705F72656365695A
:10A6300076653A2077726F6E672073746174650077
:10A64000696E7365672E7020213D204E554C4C007D
:10A65000696E73616E65206F666673657421007044
:10A6600062756620746F6F2073686F727421007456
:10A6700063705F726563656976653A207365676DBF
:10A68000656E74206E6F74207472696D6D656420E0
:10A69000636F72726563746C7920746F2072637675
:10A6A0005F776E64007463705F7265636569766579
:10A6B0003A207463706C656E203E207263765F771B
:10A6C0006E64007463705F696E7075743A20696EB1
:10A6D00076616C6964207062756600702D3E6E65EF
:10A6E000787420213D204E554C4C00702D3E6C65F9
:10A6F0006E203D3D203000702D3E746F745F6C65A0
:10A700006E203D3D20702D3E6E6578742D3E746F39
:10A71000745F6C656E007463705F696E7075743A17
:10A7200020616374697665207063622D3E73746185
:10A73000746520213D20434C4F53454400746370A1
:10A740005F696E7075743A20616374697665207014
:10A7500063622D3E737461746520213D2054494D20
:10A76000452D57414954007463705F696E7075746C
:10A770003A20616374697665207063622D3E73745C
:10A7800061746520213D204C495354454E0074634B
:10A79000705F696E7075743A207063622D3E6E65ED
:10A7A000787420213D2070636220286265666F7294
:10A7B0006520636163686529007463705F696E700A
:10A7C00075743A207063622D3E6E65787420213D69
:10A7D000207063622028616674657220636163681B
:10A7E0006529007463705F696E7075743A2054490E
:10A7F0004D452D57414954207063622D3E7374615D
:10A800007465203D3D2054494D452D574149540024
:10A810007463705F696E7075743A207063622D3E68
:10A82000737461746520213D20434C4F53454400AF
:10A830007063622D3E736E645F71756575656C65DE
:10A840006E203E2030006E6F207365676D656E74FC
:10A8500020746F2066726565007063622D3E6C69BE
:10A860007374656E65722D3E61636365707420213B
:10A870003D204E554C4C007063622D3E72656675EE
:10A880007365645F64617461203D3D204E554C4C9E
:10A89000007463705F6F75747075745F7365676D56
:10A8A000656E745F627573793A20696E76616C6962
:10A8B0006420736567007463705F706275665F70B3
:10A8C0007265616C6C6F633A20696E76616C696465
:10A8D00020706362006E65656420756E63686169EF
:10A8E0006E65642070627566007463705F63726584
:10A8F0006174655F7365676D656E743A20696E7625
:10A90000616C696420706362007463705F63726578
:10A910006174655F7365676D656E743A20696E7604
:10A92000616C6964207062756600702D3E746F748E
:10A930005F6C656E203E3D206F70746C656E0074B8
:10A9400063705F6F75747075745F636F6E74726F30
:10A950006C5F7365676D656E745F6E657469663A8A
:10A96000206E6F206E6574696620676976656E007B
:10A97000636865636B2074686174206669727374C0
:10A9800020706275662063616E20686F6C6420734E
:10A990007472756374207463705F686472007463AA
:10A9A000705F6F75747075745F616C6C6F635F68F6
:10A9B00065616465723A20696E76616C69642070C5
:10A9C0006362007463705F6F75747075745F66693D
:10A9D0006C6C5F6F7074696F6E733A20696E76612C
:10A9E0006C69642070627566007463705F72737462
:10A9F0003A20696E76616C6964206C6F63616C5F8C
:10AA00006970007463705F7273743A20696E766166
:10AA10006C69642072656D6F74655F697000746342
:10AA2000705F6F75747075745F636F6E74726F6C46
:10AA30005F7365676D656E743A20696E76616C69E7
:10AA4000642070627566007463705F777269746504
:10AA50003A20696E76616C69642070636200746389
:10AA6000705F77726974653A20617267203D3D209E
:10AA70004E554C4C202870726F6772616D6D657217
:10AA80002076696F6C6174657320415049290074A8
:10AA900063705F77726974653A20706275667320BF
:10AAA0006F6E207175657565203D3E206174206C68
:10AAB00065617374206F6E65207175657565206EB4
:10AAC0006F6E2D656D707479007463705F77726955
:10AAD00074653A206E6F207062756673206F6E2009
:10AAE0007175657565203D3E20626F7468207175D3
:10AAF0006575657320656D707479006D73735F6C37
:10AB00006F63616C20697320746F6F20736D616C6B
:10AB10006C00756E73656E745F6F76657273697ABB
:10AB200065206D69736D61746368202870636220AD
:10AB300076732E206C6173745F756E73656E742905
:10AB400000696E636F6E73697374656E74206F76DF
:10AB5000657273697A652076732E20737061636500
:10AB600000696E636F6E73697374656E74206F76BF
:10AB7000657273697A652076732E206C656E007439
:10AB800063705F77726974653A20524F4D2070622E
:10AB90007566732063616E6E6F74206265206F76D8
:10ABA000657273697A656400756E73656E745F6F44
:10ABB00076657273697A65206D69736D6174636817
:10ABC00020287063622D3E756E73656E7420697304
:10ABD000204E554C4C29007463705F777269746520
:10ABE0003A20636865636B207468617420666972DB
:10ABF000737420706275662063616E20686F6C6488
:10AC00002074686520636F6D706C65746520736572
:10AC1000676C656E006F76657273697A65203D3D7D
:10AC2000203000707265765F73656720213D204E8D
:10AC3000554C4C006C6173745F756E73656E742D4A
:10AC40003E6F76657273697A655F6C656674203EE7
:10AC50003D206F76657273697A655F757365640010
:10AC60007463705F77726974653A2063616E6E6FAA
:10AC70007420636F6E636174656E617465207768BC
:10AC8000656E207063622D3E756E73656E7420690B
:10AC90007320656D707479007463705F7772697486
:10ACA000653A20657874656E73696F6E206F6620F3
:10ACB0007265666572656E6365207265717569722D
:10ACC0006573207265666572656E63650074637096
:10ACD0005F77726974653A2076616C69642071757A
:10ACE000657565206C656E677468007463705F736A
:10ACF000706C69745F756E73656E745F7365673AC7
:10AD000020696E76616C6964207063620043616ED5
:10AD100027742073706C6974207365676D656E7439
:10AD200020696E746F206C656E67746820300073E4
:10AD3000706C6974203C3D206D737300757365679A
:10AD40002D3E6C656E203E2030007463705F656E32
:10AD500071756575655F666C6167733A206E6565D0
:10AD60006420656974686572205443505F53594E7E
:10AD7000206F72205443505F46494E20696E206612
:10AD80006C616773202870726F6772616D6D657298
:10AD90002076696F6C617465732041504929007495
:10ADA00063705F656E71756575655F666C6167730D
:10ADB0003A20696E76616C69642070636200746326
:10ADC000705F656E71756575655F666C6167733A16
:10ADD00020636865636B20746861742066697273B0
:10ADE0007420706275662063616E20686F6C6420E9
:10ADF0006F70746C656E007365672D3E7463706868
:10AE00006472206E6F7420616C69676E6564007493
:10AE100063705F656E71756575655F666C6167739C
:10AE20003A20696E76616C6964207365676D656E42
:10AE300074206C656E677468007463705F656E7112
:10AE4000756575655F666C6167733A20696E7661DA
:10AE50006C6964207175657565206C656E677468D2
:10AE6000007463705F73656E645F66696E3A206933
:10AE70006E76616C696420706362007463705F72E7
:10AE800065786D69745F72746F5F707265706172FE
:10AE9000653A20696E76616C696420706362007443
:10AEA00063705F7265786D69743A20696E76616C63
:10AEB000696420706362007463705F7265786D69A5
:10AEC000745F666173743A20696E76616C696420A0
:10AED000706362007463705F73656E645F656D704C
:10AEE00074795F61636B3A20696E76616C69642086
:10AEF000706362007463705F6F75747075743A206C
:10AF0000696E76616C69642070636200646F6E279D
:10AF1000742063616C6C207463705F6F75747075FE
:10AF20007420666F72206C697374656E2D70636235
:10AF30007300525354206E6F74206578706563748B
:10AF40006564206865726521006F7074696F6E7347
:10AF5000206E6F742066696C6C6564007463705F4A
:10AF60007265786D69745F72746F5F636F6D6D6920
:10AF7000743A20696E76616C696420706362007453
:10AF800063705F7265786D69745F72746F3A20697F
:10AF90006E76616C696420706362007463705F6BCD
:10AFA000656570616C6976653A20696E76616C6979
:10AFB0006420706362007463705F7A65726F5F779C
:10AFC000696E646F775F70726F62653A20696E7642
:10AFD000616C696420706362007379735F74696D7A
:10AFE000656F75743A2074696D656F757420213DC5
:10AFF000204E554C4C2C20706F6F6C204D454D50A1
:10B000005F5359535F54494D454F55542069732040
:10B01000656D7074790054696D656F75742074691D
:10B020006D6520746F6F206C6F6E672C206D61787A
:10B03000206973204C5749505F55494E5433325F55
:10B040004D41582F34206D7365637300FA00000082
:10B05000D9482420E8030000A12B2420E8030000A5
:10B060003D21242060EA0000D1892420F401000061
:10B07000698B2420E80300001D1D24207564705F87
:10B08000696E7075743A20696E76616C69642070BF
:10B09000627566007564705F696E7075743A2069D8
:10B0A0006E76616C6964206E6574696600756470A3
:10B0B0005F696E7075745F6C6F63616C5F6D6174F6
:10B0C00063683A20696E76616C6964206E657469A4
:10B0D0006600706275665F72656D6F76655F686544
:10B0E00061646572206661696C6564007564705F97
:10B0F00062696E643A20696E76616C69642070637F
:10B1000062007564705F73656E64746F5F69665F1B
:10B110007372633A20696E76616C69642070636251
:10B12000007564705F73656E64746F5F69665F73EA
:10B1300072633A20696E76616C696420706275662C
:10B14000007564705F73656E64746F5F69665F73CA
:10B1500072633A20696E76616C6964206473745F0F
:10B160006970007564705F73656E64746F5F6966A3
:10B170005F7372633A20696E76616C6964207372E2
:10B18000635F6970007564705F73656E64746F5F90
:10B1900069665F7372633A20696E76616C696420D8
:10B1A0006E6574696600636865636B2074686174BA
:10B1B00020666972737420706275662063616E2008
:10B1C000686F6C6420737472756374207564705F4B
:10B1D000686472007564705F73656E64746F5F6934
:10B1E000663A20696E76616C6964207063620075EE
:10B1F00064705F73656E64746F5F69663A20696E30
:10B2000076616C69642070627566007564705F7346
:10B21000656E64746F5F69663A20696E76616C6909
:10B2200064206473745F6970007564705F73656E29
:10B2300064746F5F69663A20696E76616C69642038
:10B240006E65746966007564705F73656E64746FB3
:10B250003A20696E76616C6964207063620075647F
:10B26000705F73656E64746F3A20696E76616C69A5
:10B27000642070627566007564705F73656E6474D7
:10B280006F3A20696E76616C6964206473745F69DB
:10B2900070007564705F73656E643A20696E7661E4
:10B2A0006C696420706362007564705F73656E64BE
:10B2B0003A20696E76616C6964207062756600750B
:10B2C00064705F636F6E6E6563743A20696E766159
:10B2D0006C696420706362007564705F636F6E6E8A
:10B2E0006563743A20696E76616C69642069706187
:10B2F000646472007564705F726563763A20696E8B
:10B3000076616C696420706362007564705F726559
:10B310006D6F76653A20696E76616C696420706342
:10B3200062006E657469662D3E6877616464725F61
:10B330006C656E206D757374206265203620666FB3
:10B34000722065746865726E65745F6F7574707570
:10B35000742100FFFFFFFFFFFF00000000000064FA
:10B360006863705F6F7074696F6E5F73686F72741B
:10B370003A206F7074696F6E735F6F75745F6C6580
:10B380006E202B2032203C3D20444843505F4F50DC
:10B3900054494F4E535F4C454E00646863705F6F75
:10B3A0007074696F6E3A206F7074696F6E735F6F3F
:10B3B00075745F6C656E202B2032202B206F7074AB
:10B3C000696F6E5F6C656E203C3D20444843505F62
:10B3D0004F5054494F4E535F4C454E006468637064
:10B3E0005F6F7074696F6E5F6C6F6E673A206F701D
:10B3F00074696F6E735F6F75745F6C656E202B2060
:10B4000034203C3D20444843505F4F5054494F4EF8
:10B41000535F4C454E00646863705F696E635F7094
:10B4200063625F726566636F756E7428293A206D7A
:10B43000656D6F7279206C65616B00646863705F25
:10B4400062696E643A206E6574696620213D204E03
:10B45000554C4C00646863705F62696E643A2064A6
:10B4600068637020213D204E554C4C006468637029
:10B470005F7063625F726566636F756E7428293AE8
:10B4800020726566636F756E74206572726F7200EC
:10B49000646863705F6372656174655F6D73673A5A
:10B4A000206E6574696620213D204E554C4C006429
:10B4B0006863705F6372656174655F6D73673A207E
:10B4C0006468637020213D204E554C4C00646863D5
:10B4D000705F6372656174655F6D73673A2063685E
:10B4E00065636B2074686174206669727374207080
:10B4F0006275662063616E20686F6C64207374727D
:10B5000075637420646863705F6D7367006468635B
:10B51000705F73656C6563743A206E65746966204C
:10B52000213D204E554C4C00646863705F73656C20
:10B530006563743A206468637020213D204E554C49
:10B540004C00646863705F6F7074696F6E5F6279DE
:10B5500074653A206F7074696F6E735F6F75745F96
:10B560006C656E203C20444843505F4F5054494F17
:10B570004E535F4C454E00636865636B20646563A2
:10B580006F64655F696478006E6574696620616CDC
:10B5900072656164792068617320612073747275CB
:10B5A000637420646863702073657400696E7661EB
:10B5B0006C696420646863702D3E73746174650007
:10B5C0006E65746966206973206E6F742075702CC7
:10B5D000206F6C64207374796C6520706F72743F97
:10B5E0000001031C06636865636B20746861742046
:10B5F000666972737420706275662063616E20687C
:10B600006F6C642069636D70206D6573736167652D
:10B610000069636D705F696E7075743A206D6F7646
:10B62000696E6720722D3E7061796C6F6164207461
:10B630006F2069636D702068656164657220666162
:10B64000696C65640069636D705F696E7075743AEA
:10B6500020726573746F72696E67206F72696769B3
:10B660006E616C20702D3E7061796C6F6164206634
:10B6700061696C6564002DE9F041054610880F464C
:10B680001646984610B36C8EB5F864206400A4B2D8
:10B69000944228BF1446844228BF044643462246AB
:10B6A00039462846FAF796FD431C0CD1B5F86420BC
:10B6B00032B1B5F86620112A02D86408012CEDD801
:10B6C0000023338002E00028FAD13480BDE8F08105
:10B6D00010B50446406918B100F086FD002363618F
:10B6E000606A18B1F7F730FD00236362206A18B171
:10B6F000F7F7ECFF0023236210BD000038B50D46BC
:10B700000A490446296000F047FD68B1084920460F
:10B71000296000F041FD38B106492046296000F05B
:10B720003BFD08B100242C60204638BD60C32420B6
:10B730006AC3242073C3242070B50C46154642BB4F
:10B7400039B301212046F8F795FC5C20F7F7E6FCB9
:10B75000064608B35C22294600F0C2FD05233146A7
:10B760002046A6F85630F461F8F798FC0C492046BC
:10B77000F8F79CFC0B492046F8F7BAFC0A4920462A
:10B780000422F8F7D3FC09492046F8F7A1FC284623
:10B7900070BD6FF00505FAE74FF0FF35F7E700BF22
:10B7A000DDBD2420E9BA2420A1BD242089BD2420A8
:10B7B0002DE9F04F87B0044608460591039200F04A
:10B7C000CBFD0746D0B93F21059800F03DFD064668
:10B7D000002840F0D48005992046254600F0DCFC86
:10B7E00020B105A92046FFF789FF0546002D4CD161
:10B7F00005A92046FFF782FF054646E0059900F1BE
:10B80000FF3811F808302F2BDDD1914B9942994622
:10B8100001D10128D7D1B8F13F0F28BF4FF03F0821
:10B82000012F06D042468A4800F056FD002309F851
:10B830000830884EC8F13F0ADFF814B2012F17D044
:10B84000BAF1000F12D0316809EB080508460491DF
:10B8500000F082FD50450246049928BF5246284612
:10B86000029200F039FD0021029AA954594600E0E5
:10B87000316820460291254600F08EFC029900288E
:10B8800077D10591002C9ED00646DDF814806561C5
:10B89000002D00F088808EB33278002A00F081807D
:10B8A0004FF0000A6C4BDFF8B491D3460293029B31
:10B8B0002621304643F8046B029300F0C5FC0028B3
:10B8C00063D0074607F801BB3D21304600F0BCFCC1
:10B8D00008B100F801BB0AF1010AC9F80000BAF189
:10B8E000100F03D009F10409002F4CD15B4B5246D5
:10B8F000414628460093584B00F00AFD2B68A3618F
:10B900006B68002B02DA5648F4F7EEFC2B7CD80665
:10B9100001D52A6802B16A680023E26284F83030F7
:10B92000039B7BB163691B7CD9070BD54D49A0698B
:10B93000F6F711F830B1A3690430C21AE36AA061C6
:10B940009B1AE362636913B11B7CDB070DD4464B82
:10B95000A3630023C4E90F33B8F1000F28D1434B90
:10B96000C4F854806363424B6364002007B0BDE8B1
:10B97000F08F08363F4BB3427FF460AF23E70023DC
:10B9800006F8013B27E73E4691E704902021304628
:10B9900000F05AFC0746002896D0049B1F4603700F
:10B9A00092E79246A2E7A561E56284F83050C9E7C4
:10B9B00005223149404600F0C3FC10BB2B4B3F2110
:10B9C0004046636300F040FC064608B10023037064
:10B9D00000272E21404600F037FC20BB9FB3DFF844
:10B9E000B8900546C846394659F83500F5F7D4FFF2
:10B9F000F8B10135142DF6D10EB13F2333701F4B32
:10BA00001DE005221E49404600F09AFC08B91D4B76
:10BA1000D5E705221C49404600F092FC08B91B4BB3
:10BA2000CDE71B4BCBE7471C2E21384600F00CFC22
:10BA3000D3E70EB13F23337008EBC5056B68636431
:10BA40000023636591E70EB13F233370114BF6E796
:10BA50001C0C012080C82420DC0B01209C0B012041
:10BA60007EC3242036C624209CC32420DDC324208A
:10BA7000FBC32420A8C824204BC42420D4C42420E1
:10BA800051C4242057C4242072C4242078C4242004
:10BA900097C42420A9C42420E0C7242038B5044634
:10BAA00049B1836D0A899A4219D89B1A2046A36529
:10BAB00000F02AFC18B9A36D1BB1002038BD00238B
:10BAC000A3650849002520463F220D7000F0ECFBDD
:10BAD0002A4620460349BDE83840FFF769BE0023E7
:10BAE000E4E700BF1C0C012010B5044630B1FFF79D
:10BAF000EFFD2046BDE81040F7F726BB10BD000063
:10BB000038B504460D4641B18B6D33B1174900235A
:10BB10003F2228460B7000F0C7FB00212046F8F7B3
:10BB2000BDFA00212046F8F7C1FA00212046F8F7B7
:10BB3000DFFA002220461146F8F7F8FA00212046E5
:10BB4000F8F7C6FA2DB12846FFF7C2FD2846F7F7E9
:10BB5000FBFA2046F8F7FCFD054620B10422044913
:10BB60002046F8F7E3FA284638BD00BF1C0C012038
:10BB7000A1BD242070B5064648690C4628B9214667
:10BB80003046FFF7BDFF002070BD00F053FB051EDF
:10BB9000F5DD636A6BB1A26A9542A8BF15462A46D5
:10BBA000616A606900F026FB00281ADA0230EAD0E8
:10BBB000E5E7728EB6F86400520092B28242A8BFE6
:10BBC00002469542A8BF15462846F7F7A7FA6062D5
:10BBD00008B1A562E3E7C92D4FEA6503D3DD1D4631
:10BBE000F2E7636AE0620120A361CDE72DE9F3414A
:10BBF00005460C4621B90026304602B0BDE8F0816A
:10BC0000B1F85630042B30D9E36A002B00F0AE8037
:10BC10004FF6FE714FF6FF72E36A28468B4288BFEB
:10BC200013460DF10602A169ADF80630636A003BC8
:10BC300018BF0123FFF71FFD002840F09F80BDF8CB
:10BC400006100126A269E36A0A445B1AA261E36254
:10BC5000E76A002FD0D1606900F0ECFA0028CBDC55
:10BC600021462846FFF74CFFC5E7CB6BCBB94B69A4
:10BC7000BBB11A7C920714D501F148065A680C2111
:10BC80003046F5F7A0FE304600F066FB092808D8DC
:10BC9000483003223A49204400F01EFB394B266409
:10BCA000E363B5F864600027ADF80660B4F8563079
:10BCB000002E4ED0042B4ED8BDF806202AB9B4F879
:10BCC0005630042BA0D8022696E704EB8303586B6A
:10BCD00000F042FBB4F854201FFA80F843469B1A48
:10BCE000B342A8BF3346ADF80630B4F8563004EB83
:10BCF0008301032B496B114429D04FF0000301D875
:10BD000043F002030DF106022846FFF7B4FC08B128
:10BD1000ADF80670BDF80620B4F85430B61A1344D6
:10BD2000B6B29BB29845A4F85430BFD1B4F856309F
:10BD30000133A4F85630B4F85630042B04D804EB81
:10BD40008302526B002AF3D0A4F85470AEE70123AB
:10BD5000D6E7042BB3D9A369002BB0D121462846DE
:10BD6000FFF708FF0028AAD1032645E72146284609
:10BD7000FFF700FF00287FF44BAF3CE7002667E7A2
:10BD800038C62420F1C4242008B5034608461946C5
:10BD900023B1002381F83030FFF728FF002008BDD1
:10BDA00010B50C46014620B92046FFF7A9FE002039
:10BDB00010BD90F830300133DBB2042B80F8303006
:10BDC000F2D04369002BF2D02046FFF70FFF002886
:10BDD000EDD02046FAF71EFFE9E700002DE9F04F0D
:10BDE000044616461D462DED028B08EE101A8DB046
:10BDF00053B95AB1A8B918EE100A3189F8F7ECF81E
:10BE00003046F7F763FC01E0002AF4D1214618EE32
:10BE1000100AFFF775FE00200DB0BDEC028BBDE8E7
:10BE2000F08F118918EE100AF8F7D6F8A36D73B1E8
:10BE30003146204684F83050FFF730FEA36D002BCA
:10BE4000E9D1214618EE100AFFF7D0FEE3E7636957
:10BE5000002B40F04981A369206A002B40F0488103
:10BE6000002840F08C8026623046F7F73DFD206ABE
:10BE70000368002B00F08780078940F2FF33A54D4F
:10BE80009F42A44928BF1F4600233A46F7F71CFEED
:10BE9000062F40F211813A469F492846F5F75BFD8F
:10BEA000002800F0098104229C49284600F0F0F99E
:10BEB000814600286AD1EB1C0793079B984903F140
:10BEC0000108A8EB05024046BA1A92B20692F5F7AD
:10BED00042FD069A0590002870D18F494046F5F73B
:10BEE0003AFD0590B9F1000F5DD1059B002B00F0E4
:10BEF000E3804FF0010B079B059A934280F0DC80B2
:10BF00003A4688492846F5F726FD002800F0D480F7
:10BF10000023079A1370059AA2EB080292B20992C5
:10BF200008F80230B9F1000F00F0B080236A7D49B3
:10BF30000693059B03F1010AAAEB05025046BA1AC3
:10BF4000F5F709FD0890002800F09D80A0EB0A029B
:10BF500075495046F5F7FFFC834690BB6FF00F071D
:10BF60002023079A17F1100F1370059A1370099A7E
:10BF700008F8023017D07B1D00F0AA8094E031460B
:10BF8000F7F7C6FC70E77568778981E7052267498E
:10BF9000284600F07DF920B92B1D4FF001090793C9
:10BFA0008BE700232B716FF00F07206A002800F049
:10BFB0009180F7F78BFB002323628BE04FF0000B9F
:10BFC00099E700F110090A2253494846F5F7C3FCE6
:10BFD0000028C3D0484600F0A7F9B0F100093FD1CE
:10BFE0009BF81030302BB9D19BF811300D2BB5D107
:10BFF000089B4FF0000B4E4A41460433204682F81E
:10C0000000B05D1BA3EB0A03AF42B4BF3D46ADB227
:10C010009F42A8BF9FB201238DF82F30089B83F861
:10C0200000B00DF12F03CDF8009003933F23CDE92D
:10C0300001233B46524600F01FF90746C0B9C4F839
:10C040005890069B002B56D05B899D420AD2294608
:10C050000698F7F70BFB0698F7F746FC069954E0AD
:10C06000C6DA7BE7ED1A069B1B68ADB20693E8E7DC
:10C070005A462F492046FFF79BFB074600287FF4CE
:10C080006FAF002791E76FF0040769E75A46414612
:10C090002046FFF78DFB07460028F2D0421D17D03F
:10C0A00010F1100F3FF47FAF17F1080F3FF47DAF91
:10C0B0002048F4F719F978E7206AF7F70DFC236AAE
:10C0C0001B89B3F5806FBFF46EAF05283FF66BAFE9
:10C0D0006FF004073046F7F7F9FA002F3FF4AEAEE1
:10C0E00010377FF498AE91E63046F7F7EFFA92E614
:10C0F0006FF0070759E7B9F1000F7FF456AF4946D3
:10C1000041224846F7F736FB01462046FFF7C6FCBA
:10C11000B3E700BF5C0C012038C6242002C52420F0
:10C1200000C5242036C62420F1C4242007C52420BD
:10C130001C0C01200DC5242010B52E20F8F78EFD13
:10C14000044620B90F48BDE81040F4F7CDB80121EE
:10C15000F7F790FF50220C492046F7F73DFE10B14B
:10C160000A48F4F7C1F82046FF21F7F7FFFE04461E
:10C1700010B90748F4F7B8F820460649BDE8104062
:10C18000F7F7C8BF39C52420A896242054C5242019
:10C1900070C5242039B7242070B50E460446F0B18E
:10C1A000E9B100F085F828B1237C002043F01003AA
:10C1B000237470BD0B4D6968304600F04DF840B9EE
:10C1C000AB682360EB68C4E901332B7CE060237427
:10C1D000EFE72D68002DEED16FF00500E9E76FF075
:10C1E0000F00E6E768D62420037CDB0601D500F0CB
:10C1F00093B87047F8B5D0E9013705460E469F421F
:10C2000015D0047CE40603D5BDE8F84000F094B8EE
:10C21000DC1B0168304694423944A8BF14462246CC
:10C2200000F05AF8AB682344AB602046F8BD4FF0ED
:10C23000FF34FAE7D0E90120101A7047000000002F
:10C240005FF800F03D1401005FF800F003F001001A
:10C250005FF800F0AD1301005FF800F0B1130000CB
:10C260005FF800F0950401005FF800F0550B010045
:10C270005FF800F0791E01005FF800F09D6001009A
:10C280005FF800F0A52B01005FF800F0E51E01004B
:10C290005FF800F03FF001005FF800F0B10D010021
:10C2A0005FF800F0152101005FF800F0ED6001007B
:10C2B0005FF800F02D6101005FF800F0FDDF010084
:10C2C0005FF800F0ED0A01005FF800F0550A010088
:10C2D0005FF800F08D0D01005FF800F0E1DF010074
:10C2E0005FF800F031E001005FF800F07922010012
:10C2F0005FF800F0F50F01005FF800F099A300006F
:10C300005FF800F0B5DF01005FF800F0D1600100D8
:10C310005FF800F0096101005FF800F0656101005D
:10C320005FF800F0A5DF01005FF800F001DA01001E
:10C330005FF800F0EDEC01005FF800F049610100EA
:10C340005FF800F0C5DF01005FF800F0F1040100C4
:10C350005FF800F0751101005FF800F0C5130000F0
:10C360002F3430342E68746D6C002F3430342E68C6
:10C37000746D002F3430342E7368746D6C00466910
:10C380006C65206C656E677468206D7573742062CF
:10C390006520706F736974697665210053657276E4
:10C3A00065723A206C7749502F322E322E3064203D
:10C3B00028687474703A2F2F736176616E6E6168AD
:10C3C0002E6E6F6E676E752E6F72672F70726F6A4A
:10C3D000656374732F6C776970290D0A0048545493
:10C3E000502F312E30203430342046696C65206E59
:10C3F0006F7420666F756E640D0A000D0A3C6874D8
:10C400006D6C3E3C626F64793E3C68323E34303441
:10C410003A2054686520726571756573746564208F
:10C4200066696C652063616E6E6F7420626520665C
:10C430006F756E642E3C2F68323E3C2F626F6479BC
:10C440003E3C2F68746D6C3E0D0A002F3430342E44
:10C45000002F3430302E00485454502F312E3020CD
:10C460003430302042616420526571756573740DFB
:10C470000A002F3530312E00485454502F312E30C1
:10C4800020353031204E6F7420496D706C656D65BC
:10C490006E7465640D0A00485454502F312E3020BC
:10C4A000323030204F4B0D0A00436F6E74656E744E
:10C4B0002D547970653A206170706C69636174699C
:10C4C0006F6E2F6F637465742D73747265616D0D7B
:10C4D0000A0D0A00436F6E74656E742D5479706591
:10C4E0003A20746578742F706C61696E0D0A0D0ABC
:10C4F00000436F6E74656E742D4C656E6774683A98
:10C5000020004745542000504F5354200068747455
:10C51000705F70617273655F726571756573743A8F
:10C5200020756E65787065637465642072657475D6
:10C53000726E2076616C75650068747470645F69F2
:10C540006E69743A207463705F6E65772066616906
:10C550006C65640068747470645F696E69743A2015
:10C560007463705F62696E64206661696C65640003
:10C5700068747470645F696E69743A207463705F84
:10C580006C697374656E206661696C6564002F69FF
:10C590006E6465782E7368746D6C002F696E6465C7
:10C5A000782E737369002F696E6465782E736874D2
:10C5B0006D002F696E6465782E68746D6C002F694C
:10C5C0006E6465782E68746D00436F6E74656E746A
:10C5D0002D547970653A20746578742F68746D6C89
:10C5E0000D0A0D0A00436F6E74656E742D547970D8
:10C5F000653A20746578742F68746D6C0D0A4578FF
:10C6000070697265733A204672692C20313020417E
:10C61000707220323030382031343A30303A303095
:10C6200020474D540D0A507261676D613A206E6F5C
:10C630002D63616368650D0A0D0A00676966004332
:10C640006F6E74656E742D547970653A20696D61F2
:10C6500067652F6769660D0A0D0A00706E670043F3
:10C660006F6E74656E742D547970653A20696D61D2
:10C6700067652F706E670D0A0D0A006A70670043C8
:10C680006F6E74656E742D547970653A20696D61B2
:10C6900067652F6A7065670D0A0D0A00626D70008C
:10C6A000436F6E74656E742D547970653A20696DB0
:10C6B0006167652F626D700D0A0D0A0069636F0076
:10C6C000436F6E74656E742D547970653A20696D90
:10C6D0006167652F782D69636F6E0D0A0D0A00631F
:10C6E0006C61737300636C73006A7300436F6E74E4
:10C6F000656E742D547970653A206170706C696351
:10C700006174696F6E2F6A617661736372697074A8
:10C710000D0A0D0A0072616D0063737300436F6E42
:10C7200074656E742D547970653A20746578742F31
:10C730006373730D0A0D0A0073776600436F6E749E
:10C74000656E742D547970653A206170706C696300
:10C750006174696F6E2F782D73686F636B77617684
:10C76000652D666C6173680D0A0D0A00786D6C00AA
:10C77000436F6E74656E742D547970653A207465DC
:10C7800078742F786D6C0D0A0D0A0078736C007048
:10C79000646600436F6E74656E742D547970653AEB
:10C7A000206170706C69636174696F6E2F7064666C
:10C7B0000D0A0D0A006A736F6E00436F6E74656E2A
:10C7C000742D547970653A206170706C696361747E
:10C7D000696F6E2F6A736F6E0D0A0D0A00000000FC
:10C7E00065C32420C9C524206FC32420C9C52420C3
:10C7F00078C32420E5C52420ADC52420E5C5242028
:10C80000A2C52420E5C524203BC624203FC6242001
:10C810005BC624205FC624207BC624207FC624203C
:10C820009CC62420A0C62420BCC62420C0C6242028
:10C83000DFC62420A9C42420E5C62420A9C42420BE
:10C84000E9C62420ECC6242015C72420ECC62420E9
:10C8500019C724201DC7242038C724203CC7242002
:10C860006CC7242070C724208BC7242070C72420C5
:10C870008FC7242093C72420B5C72420BAC72420FB
:10C880008EC52420010000009BC52420010000006B
:10C89000A6C5242001000000B2C52420000000002D
:10C8A000BEC52420000000002F3430342E68746D83
:10C8B0006C000000485454502F312E302034303456
:10C8C0002046696C65206E6F7420666F756E640D0E
:10C8D0000A5365727665723A206C7749502F322E72
:10C8E000302E33642028687474703A2F2F73617669
:10C8F000616E6E61682E6E6F6E676E752E6F7267F9
:10C900002F70726F6A656374732F6C776970290D6D
:10C910000A436F6E74656E742D4C656E6774683A69
:10C92000203536350D0A436F6E74656E742D54795B
:10C9300070653A20746578742F68746D6C0D0A0DFB
:10C940000A3C68746D6C3E0D0A3C686561643E3C4F
:10C950007469746C653E6C774950202D2041204CE1
:10C9600069676874776569676874205443502F4914
:10C970005020537461636B3C2F7469746C653E3C4A
:10C980002F686561643E0D0A3C626F6479206267BE
:10C99000636F6C6F723D22776869746522207465DD
:10C9A00078743D22626C61636B223E0D0A0D0A2091
:10C9B0002020203C7461626C652077696474683D56
:10C9C0002231303025223E0D0A2020202020203C1C
:10C9D00074722076616C69676E3D22746F70223EBE
:10C9E0003C74642077696474683D223830223E09C3
:10C9F00020200D0A0920203C6120687265663D22D6
:10CA0000687474703A2F2F7777772E736963732E5B
:10CA100073652F223E3C696D67207372633D222F40
:10CA2000696D672F736963732E676966220D0A0942
:10CA30002020626F726465723D22302220616C7426
:10CA40003D2253494353206C6F676F2220746974F1
:10CA50006C653D2253494353206C6F676F223E3C07
:10CA60002F613E0D0A093C2F74643E3C74642077AC
:10CA7000696474683D22353030223E0920200D0A59
:10CA80000920203C68313E6C774950202D20412000
:10CA90004C69676874776569676874205443502FE0
:10CAA000495020537461636B3C2F68313E0D0A0975
:10CAB00020203C68323E343034202D2050616765A0
:10CAC000206E6F7420666F756E643C2F68323E0D69
:10CAD0000A0920203C703E0D0A0920202020536FB7
:10CAE0007272792C20746865207061676520796F97
:10CAF00075206172652072657175657374696E6702
:10CB000020776173206E6F7420666F756E64206F7E
:10CB10006E20746869730D0A0920202020736572E5
:10CB20007665722E200D0A0920203C2F703E0D0ADA
:10CB3000093C2F74643E3C74643E0D0A0920202693
:10CB40006E6273703B0D0A093C2F74643E3C2F7477
:10CB5000723E0D0A2020202020203C2F7461626C40
:10CB6000653E0D0A3C2F626F64793E0D0A3C2F68CA
:10CB7000746D6C3E0D0A2F696D672F736963732E98
:10CB8000676966000000485454502F312E3020321F
:10CB90003030204F4B0D0A5365727665723A206C27
:10CBA0007749502F322E302E3364202868747470E9
:10CBB0003A2F2F736176616E6E61682E6E6F6E67AD
:10CBC0006E752E6F72672F70726F6A656374732F44
:10CBD0006C776970290D0A436F6E74656E742D4C05
:10CBE000656E6774683A203732340D0A436F6E748D
:10CBF000656E742D547970653A20696D6167652F93
:10CC00006769660D0A0D0A474946383961460022B0
:10CC100000A50000D92B396A6A6ABFBFBF939393FE
:10CC20000F0F0FB0B0B0A6A6A68080807676761ED5
:10CC30001E1E9D9D9D2E2E2E4949495454548A8A6C
:10CC40008A606060C6A699BDB5B2C2ABA1D94140A9
:10CC5000D56755C0B0AAD55E4ED65045CC937DC899
:10CC6000A190CE8B76D27B65D1846DC999863A3AF4
:10CC70003A000000B8B8B8FFFFFFFFFFFFFFFFFF5B
:10CC8000FFFFFFFFFFFFFFFFFFFFFFFFFFFFFFFFB4
:10CC9000FFFFFFFFFFFFFFFFFFFFFFFFFFFFFFFFA4
:10CCA000FFFFFFFFFFFFFFFFFFFFFFFFFFFFFFFF94
:10CCB000FFFFFFFFFFFFFFFFFFFFFFFFFFFFFFFF84
:10CCC000FFFFFFFFFFFFFFFFFFFFFFFFFFFFFFFF74
:10CCD000FFFFFFFF2C00000000460022000006FEC0
:10CCE000409070482C1A8FC8A472C96C3A9FD0A883
:10CCF000744AAD5AAFD8AC76A94004BE83E2603C1A
:10CD000050200D8E6F0031281C0D07B5C3607524AF
:10CD10003EF8FC871106E93D46070B7A7A7C43060C
:10CD20001E84780B076E51018A84087E798087897A
:10CD3000917A930A049978964F039E7901949F43C0
:10CD40009CA3A40577A3A04E98790B1E83A4A61FCD
:10CD500096059DAA78010784041E1EBBB851840E57
:10CD600043050777A57F42B1B20163080DBB010CF3
:10CD70007A0D440ED8AF4C057A04470707B780A256
:10CD8000E17D4405010401D0EA87934FE09A49CE42
:10CD9000D87904662015101011922980B6C091151B
:10CDA000451E90197146A85C040E00224EE84024EE
:10CDB0009F3E0406A758D493A01C913FE8F0880337
:10CDC000B121A249001986FC5244E0019D29211598
:10CDD0002550F767251E06FD4E9AB490AC15FACB88
:10CDE00052531E8CF2F807922D083A4D124995497C
:10CDF000DB1404C4148529AAE70108A449011451CD
:10CE0000E05391D529061A6402F4C7819E052022B9
:10CE100064A530AEAB9E9753D8B9FD50EF93024254
:10CE20007434E89C2021C9016878E6552920564FC2
:10CE30004C40517182C070212285BE4B1C4405EAD2
:10CE4000A401BF22B5F01C0651388FE022EC18ACCB
:10CE50003922D4D69344013282C8FC61B301450C17
:10CE60002E8330D00E17240F708594EE0505534B9A
:10CE7000321B3F98D31D2981B0AE1E8C7E68E060C6
:10CE80005A548FB078697306A2006B57CA3D11508F
:10CE9000BD04304B3AD4AB5F1F9B3D137427883CD5
:10CEA00025E017BE7A79450D0CB08BDA90CA800662
:10CEB0005D17601C224CD85722062000980708E412
:10CEC0005680801CC5B7C5820C36E8E08310462822
:10CED000E184145668A1104100003B2F696E64651F
:10CEE000782E68746D6C00485454502F312E3020C9
:10CEF000323030204F4B0D0A5365727665723A20FE
:10CF00006C7749502F322E302E3364202868747489
:10CF1000703A2F2F736176616E6E61682E6E6F6E40
:10CF2000676E752E6F72672F70726F6A65637473A8
:10CF30002F6C776970290D0A436F6E74656E742DBE
:10CF40004C656E6774683A20313735310D0A436F8E
:10CF50006E74656E742D547970653A2074657874BA
:10CF60002F68746D6C0D0A0D0A3C68746D6C3E0D73
:10CF70000A3C686561643E3C7469746C653E6C771C
:10CF80004950202D2041204C696768747765696796
:10CF90006874205443502F495020537461636B3C94
:10CFA0002F7469746C653E3C2F686561643E0D0AA0
:10CFB0003C626F6479206267636F6C6F723D2277A9
:10CFC000686974652220746578743D22626C6163BF
:10CFD0006B223E0D0A0D0A202020203C7461626CF9
:10CFE000652077696474683D2231303025223E0D1A
:10CFF0000A2020202020203C74722076616C696712
:10D000006E3D22746F70223E3C74642077696474B4
:10D01000683D223830223E0920200D0A0920203C9C
:10D020006120687265663D22687474703A2F2F77AC
:10D0300077772E736963732E73652F223E3C696D7B
:10D0400067207372633D222F696D672F7369637365
:10D050002E676966220D0A092020626F726465726C
:10D060003D22302220616C743D2253494353206C91
:10D070006F676F22207469746C653D225349435376
:10D08000206C6F676F223E3C2F613E0D0A093C2FDA
:10D0900074643E3C74642077696474683D22353062
:10D0A00030223E0920200D0A0920203C68313E6CC8
:10D0B000774950202D2041204C6967687477656955
:10D0C000676874205443502F495020537461636B38
:10D0D0003C2F68313E0D0A0920203C703E0D0A09A4
:10D0E0002020202054686520776562207061676584
:10D0F00020796F7520617265207761746368696E4D
:10D100006720776173207365727665642062792089
:10D11000612073696D706C65207765620D0A092066
:10D120002020207365727665722072756E6E696E4E
:10D1300067206F6E20746F70206F662074686520A2
:10D140006C69676874776569676874205443502F09
:10D15000495020737461636B203C610D0A092020E3
:10D160002020687265663D22687474703A2F2F77AC
:10D1700077772E736963732E73652F7E6164616D9B
:10D180002F6C7769702F223E6C7749503C2F613E9F
:10D190002E0D0A0920203C2F703E0D0A0920203C4C
:10D1A000703E0D0A09202020206C774950206973B9
:10D1B00020616E206F70656E20736F7572636520DD
:10D1C000696D706C656D656E746174696F6E206FEA
:10D1D0006620746865205443502F49500D0A092079
:10D1E00020202070726F746F636F6C207375697488
:10D1F00065207468617420776173206F7269676954
:10D200006E616C6C79207772697474656E206279D6
:10D21000203C610D0A0920202020687265663D22AD
:10D22000687474703A2F2F7777772E736963732E33
:10D2300073652F7E6164616D2F6C7769702F223E5C
:10D240004164616D2044756E6B656C730D0A092035
:10D250002020206F662074686520537765646973A9
:10D260006820496E73746974757465206F66204315
:10D270006F6D707574657220536369656E63653C8C
:10D280002F613E20627574206E6F772069730D0ADE
:10D2900009202020206265696E67206163746976C9
:10D2A000656C7920646576656C6F70656420627961
:10D2B0002061207465616D206F6620646576656C01
:10D2C0006F706572730D0A092020202064697374E1
:10D2D0007269627574656420776F726C642D77690A
:10D2E00064652E2053696E6365206974277320720C
:10D2F000656C656173652C206C774950206861739B
:10D300000D0A0920202020737075727265642061F7
:10D31000206C6F74206F6620696E7465726573741B
:10D3200020616E6420686173206265656E20706F95
:10D330007274656420746F207365766572616C0D1C
:10D340000A0920202020706C6174666F726D732052
:10D35000616E64206F7065726174696E67207379A5
:10D360007374656D732E206C7749502063616E2055
:10D3700062652075736564206569746865720D0A5D
:10D38000092020202077697468206F7220776974E3
:10D39000686F757420616E20756E6465726C796952
:10D3A0006E67204F532E0D0A0920203C2F703E0D32
:10D3B0000A0920203C703E0D0A09202020205468D4
:10D3C0006520666F637573206F6620746865206CD6
:10D3D000774950205443502F495020696D706C6537
:10D3E0006D656E746174696F6E20697320746F204F
:10D3F0007265647563650D0A0920202020746865D4
:10D400002052414D207573616765207768696C65AE
:10D41000207374696C6C20686176696E6720612086
:10D4200066756C6C207363616C65205443502E20CC
:10D43000546869730D0A09202020206D616B6573A3
:10D44000206C774950207375697461626C65206641
:10D450006F722075736520696E20656D6265646406
:10D4600065642073797374656D73207769746820BF
:10D4700074656E730D0A09202020206F66206B6989
:10D480006C6F6279746573206F66206672656520C3
:10D4900052414D20616E6420726F6F6D20666F7215
:10D4A0002061726F756E64203430206B696C6F621E
:10D4B000797465730D0A09202020206F6620636F40
:10D4C000646520524F4D2E0D0A0920203C2F703EDE
:10D4D0000D0A0920203C703E0D0A09202020204D15
:10D4E0006F726520696E666F726D6174696F6E2010
:10D4F00061626F7574206C7749502063616E2062A1
:10D500006520666F756E6420617420746865206C98
:10D510007749500D0A0920202020686F6D657061E1
:10D520006765206174203C610D0A09202020206875
:10D530007265663D22687474703A2F2F736176614C
:10D540006E6E61682E6E6F6E676E752E6F72672FCE
:10D5500070726F6A656374732F6C7769702F223EE7
:10D56000687474703A2F2F736176616E6E61682EE5
:10D570006E6F6E676E752E6F72672F70726F6A6551
:10D580006374732F6C7769702F3C2F613E0D0A090D
:10D59000202020206F7220617420746865206C77D1
:10D5A00049502077696B69206174203C610D0A093C
:10D5B00020202020687265663D22687474703A2FBE
:10D5C0002F6C7769702E77696B69612E636F6D2F91
:10D5D000223E687474703A2F2F6C7769702E7769C9
:10D5E0006B69612E636F6D2F3C2F613E2E0D0A0912
:10D5F00020203C2F703E0D0A093C2F74643E3C7481
:10D60000643E0D0A092020266E6273703B0D0A09E4
:10D610003C2F74643E3C2F74723E0D0A2020202063
:10D6200020203C2F7461626C653E0D0A3C2F626FB6
:10D6300064793E0D0A3C2F68746D6C3E0D0A0D0A2C
:10D6400054D62420A8C82420B4C82420C202000034
:10D65000030000000000000076CB242086CB2420AD
:10D66000550300000300000040D62420DBCE242018
:0CD67000E7CE2420590700000300000052
:10D6800000235A2970B504461546436007D0036845
:10D690000D265A22D961C3E905621B689847B5F582
:10D6A000D07F09D0236816214FF4D0722046DD6167
:10D6B000C3E905121B689847E5684FF4D072002152
:10D6C000204626680AF058FDE560002520462660C1
:10D6D000257402F0D9FF082264230020C4F86821D1
:10D6E000124A1349C4F86C213F22A560A561A366C4
:10D6F000E565E366256623676566C4F88850E567D7
:10D70000C4F88C50C4F88050C4F89050C4F88450C9
:10D71000C4F89450C4F87021C4F898516361C4E906
:10D720001555C4E91D35C4E90C0170BDA899252023
:10D730000000F03F01F072BB10B500F1580300F19A
:10D74000680453F8042B0AB182F88010A342F8D180
:10D7500000F17803883053F8042B0AB182F81111D4
:10D76000DA680AB182F811118342F4D110BD42691E
:10D77000A2F16503012B70B5044621D8D0F8F4203E
:10D78000036A9A4204D2036845225A611B6898478B
:10D79000D4F8743120469B6898471926D4F8743120
:10D7A0005D7BADB1D4F884312046DB689847A3692E
:10D7B00020461B6998472046BDE8704001F01CBB1D
:10D7C000672AEAD003681521C3E905121B68E3E75D
:10D7D0001B6820469847D4F80C21AA4205D8D4F8F3
:10D7E000743120469B689847D8E7A36823B1204648
:10D7F000C3E901521B689847D4F8803100212046C4
:10D800005B68984720B9236820465E611B6898478B
:10D810000135E0E74269642A38B504460D4605D073
:10D8200003681521C3E905121B6898471DB1002143
:10D830002046FFF781FF236820461B699847A369AC
:10D8400020469B689847204600F053F8D4F874317E
:10D8500020461B6898470023C4F8F43094F8D03071
:10D86000002B14BF66236523636138BDF7B51646E8
:10D87000426904460D46652A05D003681521C3E9AF
:10D8800005121B689847D4F8F420236A9A4207D3FC
:10D8900023687E224FF0FF3120465A615B6898472B
:10D8A000A3683BB1D4F8F42020465A60226A9A60FB
:10D8B0001B689847D4F874311A7B12B15B68204614
:10D8C0009847D4F8F4202046236A29469B1A002260
:10D8D000B3420192D4F8782128BF3346576801AA91
:10D8E000B8470198D4F8F4300344C4F8F43003B0D6
:10D8F000F0BD826C082A70B5044605D0036810217B
:10D90000C3E905121B689847236A23B1E36913B181
:10D91000636A002B05DC2368212220465A611B68BC
:10D9200098470021204601F089F894F8D0504DB96D
:10D93000204604F0FBF9204602F058F9294620461B
:10D9400001F040FE204604F03DFD94F8D130204621
:10D95000FBB103F027FDD4F8C830012B1CDC94F890
:10D96000D210003918BF0121204603F0BDFF00216D
:10D97000204600F077F8204600F052FC636820460D
:10D980009B699847D4F8843120461B68BDE87040F5
:10D99000184705F039FDDEE70121E5E72DE9F04FF5
:10D9A000D0F8784187B09A46054604F10C030F463B
:10D9B000164604F114084FF000090593A168D5F844
:10D9C0000C21914224D2D5F80821E16891420CD271
:10D9D000D5F87C112846059B02923246CDE900839A
:10D9E0005346D1F804B03946D847E168D5F8082144
:10D9F00091420DD1D5F88021414628465268904782
:10DA0000227C40B922B93368013B3360012323747F
:10DA100007B0BDE8F08F22B132680132326084F87D
:10DA20001090A268C4F80C900132A260C6E7000012
:10DA300010B490F8D04044B9D0F87821C2E902443B
:10DA40001474517421B9064B53605DF8044B704750
:10DA5000036803225DF8044B5A611B68184700BF36
:10DA60009DD9242043683C222DE9F0411B680D46D6
:10DA7000012104469847154BC4F87801036094F8D7
:10DA8000D03073B93DB12368032220465A611B6828
:10DA9000BDE8F0411847666D00F11408E36CAB4235
:10DAA00001DCBDE8F081B06A0135716A583656F87C
:10DAB0004C3C56F83C2C676843434A432046BF68B9
:10DAC0000121B84748F8040BE8E700BF31DA242009
:10DAD00083691A6870B5551C04461D6011705A6838
:10DAE000013A5A6052B9DB68984738B9236819225D
:10DAF00020465A611B68BDE87040184770BD38B5B4
:10DB000004460D46FF21FFF7E3FF29462046BDE806
:10DB10003840FFF7DDBFD921FFF7F1BF38B5054623
:10DB20000C46C1F30721FFF7D3FF2846E1B2BDE859
:10DB30003840FFF7CDBF4FF6FD739A4270B50446EB
:10DB40000E46154604D903680C225A611B68984793
:10DB5000B1B22046FFF7D3FFA91C2046BDE87040B4
:10DB6000FFF7DCBF01F116032DE9F04150F8236007
:10DB700004460F462EB903683622C3E905211B6807
:10DB800098470023D4F870211D469A421EDA96F871
:10DB90008030C3B9DB212046FFF7B1FFD4F87031E4
:10DBA00005B35B00591D2046FFF7B8FF204607EB81
:10DBB00005110027FFF78CFFD4F87031BB4213DA50
:10DBC000012386F880302846BDE8F081D4F86C1136
:10DBD00051F82310013336F81110B1F5807F28BFBA
:10DBE0000125D2E7191DDEE7D4F86C3153F8273050
:10DBF00036F8138025B14FEA18212046FFF768FF59
:10DC00005FFA88F120460137FFF762FFD4E72DE97C
:10DC1000F84304460F46BAB301F12203103750F817
:10DC20002380B8F1000F06D1236834222046C3E9CF
:10DC300005271B68984798F811611EBB08F101057C
:10DC4000C421204608F11109FFF759FF2B4613F8AC
:10DC5000012B4B451644FAD106F113012046FFF77C
:10DC60005DFF39462046FFF733FF15F8011B2046BC
:10DC7000FFF72EFF4D45F8D12E44B54209D10123BF
:10DC800088F81131BDE8F88301F11E0350F82380B4
:10DC9000C7E715F8011B2046FFF71AFFEDE770B53F
:10DCA00004460025D82104F15806FFF728FF56F84E
:10DCB000043B1BB129462046FFF754FF0135042DD4
:10DCC000F5D194F8D1509DB904F1780656F8043B8B
:10DCD00023B1002229462046FFF799FFF36823B1BC
:10DCE000012229462046FFF792FF0135042DEDD190
:10DCF0002046D921BDE87040FFF701BF70B504464A
:10DD0000FFF7FDFEE16C204601EB41010831FFF712
:10DD100005FF636CB3F5803F03DA236CB3F5803FF6
:10DD200008DB23682A214FF6FF722046C3E905125B
:10DD30001B689847A16C2046FFF7CAFE616C20461D
:10DD40000026FFF7EBFE216C2046FFF7E7FEE16CB3
:10DD50002046FFF7BDFE656DE36C5835B34200DC2D
:10DD600070BD55F8581C2046FFF7B2FE204601361C
:10DD700055E9141303EB0111FFF7AAFE55F8481CEF
:10DD80002046FFF7A5FEE7E72DE9F04390F8D150D4
:10DD900089B00446D0F88471EDB900F58A76D4F8DC
:10DDA0001031AB4265DDD4F8583156F8048B3BB9DD
:10DDB000D4F8602122B9D8F814102046FFF727FFC5
:10DDC000D4F85C312BB10122D8F818102046FFF7A7
:10DDD0001EFF0135E3E704ABE846002241461D463D
:10DDE00099461046013205F8010B01F8010B102A83
:10DDF000F8D1D4F8106104F58A7000220125B242EE
:10DE000077DB002540462A4610F8011B013213F843
:10DE1000016B102A31440D44F6D155B3CC21204674
:10DE2000FFF76DFE691C04F19806002549002046A5
:10DE3000FFF774FE18F8013B53B129462046FFF75F
:10DE400047FE317C3378204603EB0111FFF740FE9B
:10DE500019F805304BB105F110012046FFF738FEE7
:10DE600096F820102046FFF733FE01350136102DBD
:10DE7000E0D1D4F8E020FB699A420FD0DD212046A2
:10DE8000FFF73DFE04212046FFF748FED4F8E010DE
:10DE90002046FFF743FED4F8E030FB61DA2120464C
:10DEA000FFF72DFED4F81011204604F58A770331D0
:10DEB00000254900FFF732FED4F810112046FFF785
:10DEC00007FED4F810319D422EDBD4F858112046BD
:10DED000FFF7FEFDD4F85C112046FFF7F9FD204660
:10DEE000D4E9581303EB011109B0BDE8F043FFF783
:10DEF000EFBDD4F8581150F804CB49B9D4F86011EB
:10DF000031B9DCF814100DF1200E714401F8205CD9
:10DF1000D4F85C1131B1DCF818100DF1200C61441B
:10DF200001F8105C01326AE757F8046B204631684B
:10DF3000FFF7CEFDD4F8583173B9D4F8602102B997
:10DF40007369D4F85C1101B1B16901EB031120468A
:10DF50000135FFF7BDFDB4E70023F2E7F8B5002671
:10DF60000446476D3546E06CA84200F3AE8094F855
:10DF7000D130002B40F0BD8094F8F850002D40F0D7
:10DF8000B880A36C082B16D1D4F86831082B12D1B5
:10DF9000626D01232946884200F39F80002E00F025
:10DFA000AA80002B00F0A78023684D220021204684
:10DFB0005A615B68984794F8D12094F8F830002AA9
:10DFC00000F09D80002B00F09880CA212046FFF7CA
:10DFD00095FE94F8F130002B52D0012B02D1E36C66
:10DFE000022B05DC23681C2220465A611B689847D7
:10DFF000F8212046FFF783FD18212046FFF78EFD0C
:10E000000D212046FFF764FDFF212046FFF786FD26
:10E0100003212046FFF75CFD636D2046996DFFF7F5
:10E0200057FD636D20461968FFF752FD636D20466A
:10E03000D3F8B010FFF74CFD80212046FFF748FDD4
:10E0400000212046FFF76AFD00212046FFF766FD0C
:10E0500000212046FFF73CFD01212046FFF75EFD31
:10E0600000212046FFF75AFD00212046FFF730FD32
:10E0700001212046FFF752FD00212046FFF74EFD0B
:10E0800094F8F830002B42D0D4F86831082B3ED0F9
:10E090002046DA21FFF733FD20460621FFF73EFD3B
:10E0A00020460021FFF714FD20460021FFF710FD58
:10E0B000D4F86811204649430139FFF709FD20468D
:10E0C0000021BDE8F840FFF703BD39692046FFF79E
:10E0D00049FD01350644583745E75769012F06DCED
:10E0E0009769022FA8BF00230131583253E700235C
:10E0F000FAE700255FE71D465DE7C92166E70BB13A
:10E10000C22163E70DB1C02160E7C1215EE7F8BD20
:10E1100070B50446D0F884610025D821FFF7EFFCE4
:10E12000F56194F8E830E3B3E0212046FFF7E7FC1F
:10E1300010212046FFF7F2FC4A212046FFF7C8FCD9
:10E1400046212046FFF7C4FC49212046FFF7C0FCCA
:10E1500046212046FFF7BCFC29462046FFF7B8FCC5
:10E1600094F8E9102046FFF7B3FC94F8EA10204633
:10E17000FFF7AEFC94F8EB102046FFF7A9FCB4F8CB
:10E18000EC102046FFF7CAFCB4F8EE102046FFF76B
:10E19000C5FC29462046FFF79BFC29462046FFF791
:10E1A00097FC94F8F030BBB3EE212046FFF7A7FCB4
:10E1B0000E212046FFF7B2FC41212046FFF788FCE4
:10E1C00064212046FFF784FC6F212046FFF780FC86
:10E1D00062212046FFF77CFC65212046FFF778FC92
:10E1E00064212046FFF79AFC00212046FFF796FCA9
:10E1F00000212046FFF792FC94F85030032B03D007
:10E20000052B07D0002100E001212046BDE8704029
:10E21000FFF75EBC0221F8E770BDFFF759BC0000B4
:10E220004368202201211B6810B504469847094B1A
:10E23000C4F884010360084B4360084B8360084BBB
:10E24000C360084B0361084B4361084B83610023A3
:10E25000C36110BD11E124205DDF242089DD24206D
:10E2600017DB24209FDC242037DB24201BE2242022
:10E27000D0F8C820002A2DE9F04F8346ADF62C2DAA
:10E2800006DC026814230021C2E9053112689047B8
:10E29000DBF8CC40DBF84C50626912B9A1693F2928
:10E2A0002ED0012200214FF0FF368BF8F8204AAA29
:10E2B000A942A2F580701BDB04340125DBF8C820DD
:10E2C000AA4226DA9BF8F840002C40F0038107AD03
:10E2D0002E26DBF84C20A24240F3F880625D2AB97A
:10E2E000DBF8002058465661126890470134F0E789
:10E2F00040F8046B9042FBD1013102F58072D7E700
:10E3000007A910468BF8F820AA42D5DA50540132FA
:10E31000FAE754F8047C7A1E032A09D9DBF80020B6
:10E320001B215846C2E905170421D16112689047A4
:10E33000A04600264FF01409BE422ADB9BF8F820C5
:10E34000D4E90469D4E9068A002A00F087803F2EC8
:10E350000AD84E4508DCB9F13F0F05DCB8F10A0FC9
:10E3600002D8BAF10A0F07D9DBF80020122158466B
:10E37000C2E90515126890474EBBB9F1000F28D0CD
:10E38000DBF8002012215846C2E9051512689047B3
:10E390001FE058F804ABBAF1000F03DBDBF84C20A8
:10E3A000524506DCDBF800205846C2E905951268A4
:10E3B000904756B158F8082C524506DBDBF8002090
:10E3C0005846C2E90595126890470136B4E7012F17
:10E3D000D6D1002303940193019BBB4202DB01359C
:10E3E00024346BE7039B53F8042B03930AAB11020D
:10E3F00003EB022302935EB10AAB5A58002A07DAF4
:10E40000DBF8002012235846C2E905351268904710
:10E4100008F1FF33324604934A4502DD019B013384
:10E42000D9E7029B53F8221000290DDAB8F1000F4A
:10E430000FD0DBF80010122305925846C1E90535CC
:10E4400009688847059A04E04145F2D1049B534589
:10E45000EFD1029B43F822A00132DDE7B9F13F0F73
:10E4600004D146EA080656EA0A0307D0DBF8002082
:10E4700012215846C2E9051512689047A0460026A9
:10E480004FF0140ABE42AADA58F8049B07AB13F8FF
:10E49000092032B1DBF800205846C2E905A5126810
:10E4A0009047012207AB164403F80920EAE722024D
:10E4B0005259002A05DADBF80020584656611268E6
:10E4C00090470134DBF84C20A242F0DC0DF62C2DF5
:10E4D000BDE8F08F00240AAD2E26F3E7D0F8CC106B
:10E4E000F8B5044600F58A7599B3D0F87431242242
:10E4F0004FF0580CDB695A438B18885800221E1DB8
:10E50000C4F8100190420EDC94F8F820A2B9D4F8B7
:10E51000683100225B43C4F85821013BC4F86421F0
:10E52000C4E95732F8BD56F8041B0132676D0CFB85
:10E53000017145F8041BE5E75A69C4F858219A6946
:10E54000C4F85C21DA691B6AC4F86021C4F864313C
:10E55000E8E7C26C042A07DD03681B21C3E9051242
:10E560000422DA611B689847E16C00235820C4F844
:10E5700010119942CBDD626D00FB0322013345F897
:10E58000042BF6E7D0F87431002210B51A73044654
:10E59000D0F884315B689847D4F8843120469B6872
:10E5A000BDE81040184738B5D0F894310546D0F88A
:10E5B00074419B689847237C012B0BD0022B0FD012
:10E5C00053B90223237495F8D2302BB9E369013390
:10E5D000E36101E00223237463690133636138BDA1
:10E5E00095F8D230002BF1D001232374EEE7D0F858
:10E5F0001021012A2DE9F04104462CD1D0F8143124
:10E60000D9691D6AC0F82411C0F82851596AD86820
:10E610001A64C3E91112B5FBF0F100FB1151002996
:10E6200008BF0146C3E90E22D9640023C4F82C2197
:10E63000C4F83031D4F8E420002A0ADDD4F82431BB
:10E6400053434FF6FF729342D4BFC4F8E030C4F88E
:10E65000E020BDE8F081531E032B07D903681B217E
:10E66000C3E905120422DA611B689847D4F8FC302C
:10E670000025D4F8681104F58A77206C4FF00E0855
:10E68000594302F08FF8D4F80031D4F86811C4F877
:10E6900024015943606C02F085F8C4F82C51C4F889
:10E6A0002801D4F81031AB42C4DD57F8043B996817
:10E6B0005A6AD3F81CC04A43D86899635A6400FB6D
:10E6C00001F6D8631E64BCFBF1F201FB12C2002A02
:10E6D00008BF0A46196A9A64B1FBF0F200FB1212F5
:10E6E000002A08BF0246DA64D4F82C3133440A2BDE
:10E6F00005DD23682046C3F814801B689847002E68
:10E7000001DC0135CDE7D4F82C31013E5A1C4C33E5
:10E71000C4F82C2144F82350F1E770B5D0F87451B7
:10E7200004462E7C012E4BD0022E66D0002E40F0E7
:10E730008680FFF7D3FE2046FFF759FF94F8D030CC
:10E740007BB9D4F8883120461B689847D4F88C31BF
:10E7500020461B689847D4F87C31314620461B6818
:10E760009847D4F8903120461B689847D4F89431E4
:10E7700094F8D21020461B689847AA69D4F88031D3
:10E780002046022A1B68B4BF314603219847D4F8BB
:10E790007831002120461B68984794F8D2300BB19D
:10E7A000002300E001232B73D5E90512531E581AEC
:10E7B000434243416B73A3680BB1C3E9031270BDBD
:10E7C000FFF78CFE2046FFF712FFD4F8583113B93B
:10E7D000D4F8603163B9D4F89431204601211B6824
:10E7E0009847D4F88031022120461B689847D7E724
:10E7F00002232B746B6901336B6194F8D2302BB90F
:10E800002046FFF76BFE2046FFF7F1FED4F8943167
:10E81000002120461B689847D4F880310221204609
:10E820001B689847EB6923B9D4F8843120465B68AC
:10E830009847D4F8843120469B689847B0E703682E
:10E8400031225A611B689847AEE738B590F91F30FE
:10E85000044613B990F9233043B123682A214FF6B7
:10E86000DC722046C3E905121B689847D4F868118A
:10E87000E26BA36B4A43E069934200FB01F007D3CC
:10E88000236A2064594301236164C4E941335AE097
:10E89000B2EB430F4FEA43010DD8022101F082FF92
:10E8A000236A20640221D4F86801584301F07AFFFA
:10E8B00002236064E9E719448A420DD8032101F07C
:10E8C00071FF236A20640321D4F86801584301F0E2
:10E8D00069FF03236064D8E7B2EB830F4FEA83013B
:10E8E0000DD8042101F05EFF236A20640421D4F8CE
:10E8F0006801584301F056FF04236064C5E71944DA
:10E900008A420DD8052101F04DFF236A20640521BC
:10E91000D4F86801584301F045FF05236064B4E76B
:10E92000062505FB03F18A420ED8294601F03AFF7D
:10E93000236A20642946D4F86801584301F032FF65
:10E940006064C4E9415538BDC3EBC305D900AA4290
:10E950000DD8072101F026FF236A20640721D4F88F
:10E960006801584301F01EFF072360648DE78A4267
:10E970000DD8082101F016FF236A20640821D4F87D
:10E980006801584301F00EFF082360647DE71944D5
:10E990008A420DD8092101F005FF236A206409216C
:10E9A000D4F86801584301F0FDFE092360646CE768
:10E9B0000A2159438A420DD80A2101F0F3FE236A45
:10E9C00020640A21D4F86801584301F0EBFE0A23C1
:10E9D00060645AE70B2505FB03F18A42A5D90C2593
:10E9E00005FB03F18A42A0D90D2505FB03F18A42FC
:10E9F0009BD90E2505FB03F18A4296D9C3EB03137D
:10EA00009A420DD80F2101F0CDFE236A20640F2118
:10EA1000D4F86801584301F0C5FE0F23606434E761
:10EA2000102101F0BFFE236A20641021D4F8680190
:10EA3000584301F0B7FE1023606426E743682022A4
:10EA40002DE9F04F1B6885B00F4601210446984719
:10EA5000BA4B0646C4F874010360B94B4360B94B26
:10EA60008360002343733FB3D4E94112914207D03E
:10EA700023680720DA61C3E905011B68204698472F
:10EA8000D4F80431C4F86831D4F86821531E0F2B30
:10EA900007D9236807212046DA61C3E905121B68FC
:10EAA0009847D4F868319A1E052A00F29380DFE86F
:10EAB00002F00787898B8D8F2046FFF7C6FEE3E7BC
:10EAC000A14AC4F86C215B43013BC4F87031636C0C
:10EAD00023B1236C13B1E36C002B05DC23682122E6
:10EAE00020465A611B689847626C4FF6DC739A4265
:10EAF00002DC226C9A4208DD23682A214FF6DC7280
:10EB00002046C3E905121B689847A26CA2F10803CE
:10EB1000042B06D9236810212046C3E905121B687F
:10EB20009847E26C0A2A08DD23681B212046C3E9C6
:10EB300005120A22DA611B6898470123656D4FF0C0
:10EB400000084FF01309C4E93F33E36C984549DBF3
:10EB50004FF00008656DC346E36C984567DBD4F859
:10EB60000031D4F86811606C594301F01BFED4F8F1
:10EB7000CC30C4F80C01002B00F015812046FFF7C3
:10EB800077FBD4F86831072B0DDC4FF0000ED4F87A
:10EB9000CCA04FF0240BF046D4F8C8309E45C0F20C
:10EBA000E180C4F8C88094F8D230002B00F00181D5
:10EBB000002384F8D130002F00F00E8101230CE1F6
:10EBC000624A7EE7624A7CE7624A7AE7624A78E70D
:10EBD000624A76E7624A072BC4F86C217FF773AF6D
:10EBE0003F2372E7AB68013B032B03D8EB68013B83
:10EBF000032B05D923682046C3F814901B68984757
:10EC0000AB6808F10108D4F8FC2058359A42ACBF33
:10EC1000C4F8FC20C4F8FC30D4F8002155F84C3C72
:10EC20009A42ACBFC4F80021C4F800318DE7C5F8A2
:10EC30000480012294F8D430D4F804C1002BD4F815
:10EC4000FCE0AB6814BF4FF0080A4FF0040A0193D0
:10EC50000CFB02F1514508DC019B53435B009EFB1A
:10EC6000F3F903FB19E3002B5DD069624FF0010C4F
:10EC7000D4F808310393039B03FB0CF292450DDBA0
:10EC8000EB6803FB0CF35B0002930298D4F80031AD
:10EC900093FBF0F900FB1933002B46D0B1EB420F88
:10ECA000AA624FEA420343DD6B62236C08F101085C
:10ECB000D4F868115835019801FB0EF1584301F062
:10ECC00071FD45F83C0C55F84C0CD4F80021636CF0
:10ECD000D4F868115843514301F064FD55F8503C95
:10ECE00045F8380C55F8340CD4F8FC20D4F86811E9
:10ECF0005843236C5143584301F054FD55F84C3CA4
:10ED000045F82C0C55F8300CD4F80021D4F86811D3
:10ED10005843636C5143584301F044FD05F824BC4B
:10ED200045F8280C18E7520092E74FEA4C0CA2E78E
:10ED30004B00B2EB410FC8BFAB62B6E71BE7242024
:10ED400085E52420A7E52420E89A2520389B252066
:10ED50009C9B25201C9C2520C09C2520909D252027
:10ED6000A8992520F0450BFB08A90BD00BFB0EAC96
:10ED70004D46BCE80F000FC5BCE80F000FC5DCF81E
:10ED800000302B60D4F87031D9F814209A4207DC97
:10ED9000D9F8182008F101089342B8BFC9F8183013
:10EDA0000EF1010EF8E684F8F8300123C4F8C830FB
:10EDB000F9E694F8D1306BB994F8F83023B9D4F867
:10EDC0006831023B052B05D8012384F8D230F2E6E6
:10EDD000022302E0002FFBD1002333740023F361F0
:10EDE000736194F8D220D4F8C83002B15B00B361EB
:10EDF00005B0BDE8F08F00BF436810B504464BB1C5
:10EE00005B6A01219847237C2BB1C82363610023EF
:10EE1000C4F8003110BD64236361FBE7436810B59B
:10EE200004460BB19B6A984700236360636110BD81
:10EE300008B54368822200211B689847002280F8A9
:10EE4000802008BD08B543684FF4897200211B6813
:10EE50009847002280F8112108BD2DE9F04198461D
:10EE60000B6807460D46144613B9FFF7EBFF286001
:10EE7000112221462868002609F076F904F11003D2
:10EE800014F8012FA3421644FAD1731EFF2B05D9A3
:10EE90003B68092238465A611B6898472868324601
:10EEA0004146113009F060F92B68002283F81121E6
:10EEB000BDE8F0812DE9F0411546426980460C46D7
:10EEC000642A1E469DF8187005D003681521C3E911
:10EED00005121B689847032C07D9D8F80030202268
:10EEE0004046C3E905241B68984708EB8404A36DDA
:10EEF0001BB94046FFF79CFFA065A26D002364206C
:10EF000047F6FF7455F823107143312913DD323170
:10EF1000B1FBF0F1A142A8BF214617B1FF29A8BF5C
:10EF2000FF2122F813100133402BEBD1002382F88C
:10EF30008030BDE8F0810121EFE7000030B585B0F9
:10EF400005460B461446009203910021054AFFF73F
:10EF5000B1FF039B044A012128460094FFF7AAFF52
:10EF600005B030BDDC822520DC812520002808DDAD
:10EF7000642808DC312807DC41F28833B3FBF0F069
:10EF800070470120F8E76420C0F16400400070473A
:10EF900010B504460846FFF7E9FF01462046BDE8E4
:10EFA0001040FFF7CBBF4269642A2DE9F0410446C7
:10EFB0000D4605D003681521C3E905121B68984763
:10EFC000002384F8505084F8E83084F8F030072D9E
:10EFD00000F20981DFE815F008002C0039005D001F
:10EFE0007800A000C600EC00626A531EE264092BA0
:10EFF00008D923681B212046C3E905120A22DA61D9
:10F000001B6898470023E76C4FF0580C0120194605
:10F010009F4201DCBDE8F081666D0CFB03F57219BF
:10F02000735101339161C2E90200C2E90411EFE7B3
:10F030000122636D84F8E820E2641A60C3E90222C9
:10F040000022C3E904229A61E4E70323012200209D
:10F050005221E364636D84F8F02019601861C3E9FC
:10F06000022294F8F110472418678D1A9C654224F7
:10F070006942C3F8B0406941C3E91822C3E90511E8
:10F08000C3E91A00C3E92E22C3E93001C3F8C8104E
:10F09000C0E7636D012203250221002084F8E820E7
:10F0A000E5641A60986199651A67C3F8B050C3E9BE
:10F0B0000211C3E90400C3E91822C3E91A22C3E913
:10F0C0002E22C3F8C02070E0042301214D204322EA
:10F0D000E364636D84F8F010986559201A6000228B
:10F0E000C3F8B0004B209A611A67C3F8C820C3F870
:10F0F0000801C3F82021C3E90211C3E90422C3E9CE
:10F100001811C3E91A22C3E92E11C3E93022C3E959
:10F110004411C3E946227DE701220425636D0021E5
:10F1200084F8F0200220E56403241A609961986550
:10F130001A67C3F8B040C3F8C820C3F80851C3F831
:10F140002011C3E90200C3E90411C3E91822C3E98D
:10F150001A22C3E92E22C3E93022C3E94400C3E9DD
:10F16000461157E740F20123012100207222A4F842
:10F17000E8300323E364636D1A601861C3E9021188
:10F1800094F8F1201867541AC3F8C0006242624133
:10F1900067249C656224C3E90522C3E91811C3E909
:10F1A0001A00C3F8B040C3E92E11C3E9312231E798
:10F1B00040F2012302210122A4F8E8300323E36492
:10F1C000636DC3E9021100211A601A679961C3E9EE
:10F1D0000411222199652321C3E91822C3E91A22C7
:10F1E000C3F8B0106BE723680B2220465A611B68F6
:10F1F000BDE8F041184790F82830072B14D8DFE815
:10F2000003F0040709090B0D0F110021FFF7CBBE16
:10F210000121FBE70321F9E70421F7E70521F5E7E1
:10F220000621F3E70721F1E703680A225A611B6808
:10F23000184700004269642A38B5044605D00368BF
:10F240001521C3E905121B689847616D31B96368E0
:10F250004FF45C7220461B689847606508230125BF
:10F260004B2120462A46A364C4E90E55FFF790FEC1
:10F27000254B264A04F178012046FFF7EEFD244B8A
:10F28000244A04F188012046FFF7E7FD224B234A78
:10F2900004F17C012046FFF7E0FD214B214A04F1F7
:10F2A0008C012046FFF7D9FD04F1980204F1A80172
:10F2B0000023052002F8013B9142D573D077F9D1A4
:10F2C000A26C204684F8D030082AA4F8D23084F802
:10F2D000D450D4BF00220122C4F8D83084F8D12001
:10F2E0004FF0011284F8DC3084F8E950A4F8EA50B9
:10F2F000C4F8EC2084F8F130C4E93233C4E938337F
:10F30000BDE83840FFF777BF2C852520CB8125202D
:10F310007E842520A981252020852520BA812520CD
:10F32000DC8325209881252038B50446D0F87C510F
:10F3300021B1036803225A611B689847236A2B6333
:10F340000023C5E90D33D4F800315B00EB6338BD11
:10F350002DE9F74381460E461D461446571E4FF0D1
:10F360000108AC4202DB03B0BDE8F08323464A4605
:10F37000394648460134CDE9008601F020FAF0E72D
:10F380002DE9F04FD0F87C5185B00446904699465F
:10F390000F9F05F1080A0391D8F80010494556D28D
:10F3A0003B68109A934252D26B6BA9EB0102D4F8DE
:10F3B00000610398F61A00EB81012046964228BFAF
:10F3C0001646D4F888210096D2F804B05246D847A1
:10F3D000D8F800303344C8F800302A6B6B6B3344E4
:10F3E000961BD4F800216B632E6306BB93421EDA92
:10F3F000D346E26CD4F80031B24210DC6B63D4F82F
:10F400008C3151463A682046009200225E680E9B7D
:10F41000B04700236B633B6801333B6009E06A6BD4
:10F420000136E1695BF8040BFFF792FFE1E79342D5
:10F43000E5D02B6B002BAFD13A6810998A42ABD242
:10F44000666D1D46E36CAB4204DC109B3B6005B06F
:10F45000BDE8F08FF368583656F8302C39685A43B7
:10F46000D4F8083156F8340C92FBF3F256F83C3CD1
:10F470000393109B53434A43039941430E9850F81A
:10F4800025000135FFF764FFDCE72DE9F04F87B079
:10F4900005469046D0F87C410493D0F80031DDF861
:10F4A000449003EB430305910393D9F80030129A7B
:10F4B000934202D307B0BDE8F08FD8F80010049B48
:10F4C000994245D2636B04F1080AE66B049AF61A76
:10F4D0000598521A00EB81012846964228BF16462D
:10F4E000D5F88821009657685246B847226B2B6A98
:10F4F0009A4205D157464FF0000BEB6C5B4524DC7C
:10F50000D8F800303344C8F80030636B3344636389
:10F51000236B9E1B2663626BE36B9A42C5D125E089
:10F52000EB6900213A680193012310460093CAF168
:10F5300000030AF1010A01F042F9D5F80031534500
:10F54000EEDA0BF1010B0437D7E74FF0010AF4E7CD
:10F55000266B002EAED1626BE36B9A42DBDA04F1CC
:10F560000807EA6CE36BB24224DC6363D5F88C31A4
:10F5700004F10801D9F80020284600925E68A26BC9
:10F58000109BB047D9F8003003990133C9F8003017
:10F59000D5F80021A36B13448B420399A8BF002325
:10F5A000A363636B8B42A4BF00236363636B134449
:10F5B000E3637AE7626B0136E96957F8040BFFF7FA
:10F5C000C7FECEE72DE9F04F044687B021B10368AE
:10F5D00003225A611B689847636840220121204634
:10F5E0001B689847454B0546C4F87C0145F8083B25
:10F5F000D4F88C311E7A002E62D0D4F800614FF01E
:10F6000014093F4B0121E26C4FF00C0A4360204685
:10F61000636872430AFB06FA09FB02F21B6898470B
:10F62000D4F85480B200074606EB4603009209FB6B
:10F6300006F24FF000090192F200039232010292A9
:10F64000E26C914502DB07B0BDE8F08FD4F80421ED
:10F65000D8F81C1060685143D4F8FC20D0F808B0EA
:10F6600020464A43D8F80810059392FBF1F2012195
:10F67000D847009B0146524603EB070B04905846BF
:10F6800008F072FD0022DDE9033101EB030C029B5F
:10F6900003EB070E059B964208DC019A09F101096C
:10F6A00008F1580845F804BB1744C9E75CF8040B97
:10F6B00047F8220051F8220001324EF8040BEAE725
:10F6C000104B676D4360E36CB342BCDDFB692046C1
:10F6D000D4F804210136B96858375343D4F8FC20D4
:10F6E0005A43636892FBF1F2D3F808800121D4F801
:10F6F0000031C04745F8040BE5E700BF29F324209B
:10F700008BF4242081F324207047F0B59C1A002C40
:10F710000EDCF0BD50F82460B5181E4415F8017CCD
:10F7200005F8017BAE42FBD101348C42F2DBF0E7FD
:10F730000024FAE72DE9F74FD0F88C510F46984690
:10F74000D0F8549096000C3500244FF0580AC36C42
:10F750000AFB0491A34202DC03B0BDE8F08FAC4683
:10F760000C9A0435DCF82830DCF800B0534357F825
:10F770002420019258F82420013402EB8303019ADB
:10F7800001903244D8470198E1E72DE9F04F044653
:10F790004D6A1046CA699846D4F88C3105FB02FAC6
:10F7A0004A6887B0D4F800111344E26993F85C50BA
:10F7B00093F8666015FB06F77B1002930AFB05F3CE
:10F7C000FFF7A3FFA8F10403B2004FF0000E01936E
:10F7D00005920246D4F80011714502DC07B0BDE87D
:10F7E000F08F019B4FF0000853F804CF0CEB0A0197
:10F7F00001930491049B9C451BD1059BB6441A447C
:10F80000E8E75BF8040B404443190393039B9842D9
:10F810000BD109F10109B145F3DB029BA84419445E
:10F82000B1FBF7F10CF8011BE4E710F8013B1944B8
:10F83000ECE7002193468946EDE72DE9F0414E6A59
:10F840001F46CB690546002410465E43EA69D5F899
:10F8500000117300FFF759FFD5F80031A34201DC16
:10F86000BDE8F08157F824304FF0000C50F8242008
:10F8700003EB060E734502F1020201D10134EBE7FE
:10F8800012F8021C12F8018C414461448CF0010C06
:10F89000491003F8011BEDE72DE9F74F4E6A984632
:10F8A000CB690546104600245E43EA69D5F800118D
:10F8B0007300FFF72AFF00F1040ED5F80031A342D0
:10F8C00002DC03B0BDE8F08F012250F824705EF82E
:10F8D00024C0002158F8143007EB02090CEB020A8F
:10F8E0000193B14201D10234E7E717F8113019F85A
:10F8F00011B09B441CF811305B441AF811B05B4402
:10F90000134482F003024FEAA30B019B03F801B0FA
:10F910000131E6E72DE9F04F8DB04C6A9346814600
:10F920000993CB69D0F800115C43C2690231ABF195
:10F9300004006300FFF7E9FED9F8D8206FF04F0309
:10F94000534303F580430393130102930023019370
:10F95000A31E0A93631E0B93D9F80031019A9342B8
:10F9600002DC0DB0BDE8F08F5BF8041C099B019A26
:10F97000043111F804EC53F81270DBF8082011F888
:10F98000033C92F800C00432734412F8036CDBE9C4
:10F9900000406344257804303344A67810F8048C82
:10F9A00004342B44334410F8026C4344334414F8B9
:10F9B000036C354410F8036C4544B846354411F8DF
:10F9C000026CB64412F8026CF444B4440CEB430CE1
:10F9D000029B03FB0CFC039B03FB05CC0B9B0CF570
:10F9E000004CFB184FEA2C4C089308F801CB474613
:10F9F00014F8013C023011F8026C02340493023115
:10FA000010F8033C023212F8045C059311F8033C31
:10FA100012F803CC1E440693049B2E4414F8055C94
:10FA200010F805AC664412F805EC2E4411F8055C9C
:10FA3000079514F8045C1D4410F8043C1D44059B14
:10FA40001D44039B5D43089B9F421BD1049B0BF10C
:10FA5000080B33441E46059B56441E44DDE906232D
:10FA60001A44029B9644F4440CEB460603FB0655ED
:10FA70000A9B05F500452D1408F80350019B02333D
:10FA8000019369E714F8023C1E4410F8023CB244AA
:10FA9000079E9A4411F8023C33449E4412F8023CFB
:10FAA0009E44029B0EEB4A0A03FB0A5A0AF5004ADF
:10FAB0004FEA2A4A07F801AB9AE72DE9F04F87B0E1
:10FAC0000646101F0493CB69496AF2694B43D6F886
:10FAD00000110231FFF719FED6F8D870991E4FF0C9
:10FAE000000EC7F18002BF01059152020292024648
:10FAF000D6F80011714502DC07B0BDE8F08F52F86E
:10FB000004AF52F8041C55688B469AF80090287888
:10FB10001BF801CB8444487815F8011F0CEB09044D
:10FB200009EB4C0C01445046009510F8018F049DE0
:10FB3000414455F82E80029D8C4405FB09F90AEBDF
:10FB4000030507FB0C9C03950CF5004C4FEA2C4C6D
:10FB500008F801CBCDF8048010F801CB029DA1EB91
:10FB60000C090CFB05FC039D4C4485420CD121443F
:10FB70000EF1010E07FB01CC05990CF5004C4FEA84
:10FB80002C4C08F801C0B3E7009D1BF8019F15F845
:10FB900001AFCA4490F800900095D144019D4C44B7
:10FBA00007FB04C404F50044241405F8014B0C467B
:10FBB00001954946D0E773B504461D460E461046EA
:10FBC000E3692A460193D4F80031009300231946D3
:10FBD00000F0F5FD726AF3692846D4F8001153432A
:10FBE000E26902B0BDE87040FFF78FBD4368702244
:10FBF00001211B682DE9F14F04469847434B054608
:10FC0000C4F88C010360424B43600023037294F8F4
:10FC1000D3302BB123681A2220465A611B689847BB
:10FC2000676D05F10C06A8464FF001093949DFF868
:10FC3000F4B0DFF8F4A0A8EB0502E36C934210DC0B
:10FC4000D4F8D830002B5ED0B9F1000F5BD1236817
:10FC50006522494620465A615B6801B0BDE8F04F15
:10FC60001847BA687B6AD4F804015343FA6893FBD7
:10FC7000F0FCBB6AD4F80801534393FBF0F0D4E9DD
:10FC80003F32B0629C4510D190420ED1D4F8D830AA
:10FC900023B1214B336001232B7201E01F4B3360F2
:10FCA0005837043608F10108C5E7B3EB4C0F12D101
:10FCB000904204D11A4B33604FF00009F0E7B2EBE9
:10FCC000400F08D1D4F8D83013B1C6F800A0E2E74D
:10FCD000C6F800B0E4E793FBFCFE0CFB1E3353B9FF
:10FCE00092FBF0F300FB132028B9316088F85CE048
:10FCF00088F86630E0E72368272220465A611B68AF
:10FD000098470449CCE701B0BDE8F08F09F72420FB
:10FD100035F724208BF72420BBFA2420B7FB2420BE
:10FD20003BF8242099F8242015F9242000B5036815
:10FD3000B3B0DB686946984733B05DF804FB00292F
:10FD4000034610B504680BDAE26E12B1A26E022A05
:10FD500002DDA26818469047E36E0133E36610BDEA
:10FD6000A36E8B42FBDBA368BDE810401847036815
:10FD70000022DA665A617047034608461A685369DA
:10FD8000002B30B587B01FDD516F99421CDB116F1E
:10FD900051F8231011B99361136F19680B4613F8CA
:10FDA000014BFCB9536B0593136B0493D36A039314
:10FDB000936A0293536A0193136A0093D2E906236C
:10FDC00008F0DEF907B030BD946F002CE3D0D16F9E
:10FDD0009942E0DCD2F880509D42DCDB591A54F89D
:10FDE0002110D7E7252CDAD11B78732BDAD1183202
:10FDF00007B0BDE8304008F0C3B9036810B5044649
:10FE00009B6898472046BDE81040FFF707B8000000
:10FE10000A4A0B4902600B4A01677E2142600A4A86
:10FE200082600A4AC2600A4A02610022C0E91A22BC
:10FE30004261C0E91D12C0E91F227047FBFD24206A
:10FE4000889725203FFD24202DFD242079FD2420A6
:10FE50006FFD242003683822C3E905211B68184779
:10FE60008B682DE9F04F4FEAC3188B6985B0814646
:10FE70000C46924603FB08F7002601F1280B226985
:10FE8000B24202DC05B0BDE8F08F921B6169A06947
:10FE90008A42636806EB0005A8BF0A46E169491B70
:10FEA0005D1B8A42A8BF0A46AA42A8BF2A46002A6A
:10FEB000E8DD02FB08F32268039352F82620BAF12A
:10FEC000000F0AD0009359463B464846E56AA847CA
:10FED000039B62691F441644D1E7039B5946484679
:10FEE000A56A00933B46F2E72DE9F84F2F4B0646F3
:10FEF0000D4614469A42476802D90121FFF7AAFF2E
:10FF000014F007031CBF0834E41A012D06D9336826
:10FF10000F223046C3E905251B68984707EB850883
:10FF20004FF0000AD8F83400F0B904F11009BAF122
:10FF3000000F1FD11E4B53F825301E4DA5EB0905B0
:10FF40009D4228BF1D4605EB090B3046594600F07F
:10FF500013FC88B9632D4FEA550B03D802213046B4
:10FF6000FFF778FF5D46EEE78368A34211D2824631
:10FF70000068D9E7104BDEE7FB6C25445B44FB646B
:10FF800000238560C0E90033BAF1000F0BD1C8F837
:10FF9000340043681A19103342608268121B826071
:10FFA0001844BDE8F88FCAF80000F2E7F0C99A3BA0
:10FFB000A099252000CA9A3B9899252001292DE96E
:10FFC000F04104460D4616461F46D0F8048005D081
:10FFD00003680F22C3E905211B6898477822294648
:10FFE0002046FFF781FF0023069A036080F8206017
:10FFF00080F82230D8F84830C0E90127079A4362D8
:020000042025B5
:10000000C260C8F84800BDE8F08101292DE9F0413F
:1000100004460D4616461F46D0F8048005D00368F6
:100020000F22C3E905211B689847782229462046FC
:10003000FFF75AFF0023069A036080F8206080F8DB
:100040002230D8F84430C0E90127079A4362C260E1
:10005000C8F84400BDE8F08101292DE9F0410646C9
:100060008846456810D903680F22C3E905211B683B
:10007000984705EB88040022E36BE2632BBB616BBE
:10008000636389BBBDE8F081F3D16C6C002724B9B0
:10009000AF6C6C646FB9AF64EBE794F8223033B1A6
:1000A000236B04F12801304684F822709847646A73
:1000B000EDE797F8223033B13B6B07F1280130466A
:1000C00087F8224098477F6AE4E79A6819463046E5
:1000D000D3E90087174410373A4600F056FBEA6C24
:1000E0004346D21BEA64C9E78A683046D1E9007406
:1000F00014441034224600F042FBEA6C3946121BCD
:10010000EA64BEE710B504460121FFF7A5FF002110
:100110002046FFF7A1FF20466168542200F02FFB24
:10012000002320466360BDE8104000F03ABB2DE993
:10013000F743D71815464A680C469DF82880BA42FE
:1001400004D3CA689A4201D30B6833B903681722F3
:1001500001905A611B6898470198A369AB4203D884
:1001600022691344BB4224D294F8223033B9036885
:10017000472201905A611B689847019894F82130F2
:1001800043B1012221460190FFF76AFE0023019846
:1001900084F82130A369002221460190AB4229BF97
:1001A00023692B46FB1A23EAE373A361FFF758FE8A
:1001B0000198E669BE421DD2AE420CD2B8F1000FE2
:1001C0001CD00368172201902E465A611B6898477D
:1001D0000198E76102E0B8F1000FFAD194F820200D
:1001E000B2B1A2684FEAC219A269B61ABF1ABE42DA
:1001F000236805D3B8F1000F10D00CE02E46EDE7D0
:1002000053F826004A460021013607F0B5FFEEE715
:10021000B8F1000F0AD0012384F82130A0692D1A0B
:10022000206800EB850003B0BDE8F0830368172267
:100230005A611B689847F1E71A4B9A422DE9F04141
:10024000064688461446476802D90321FFF702FE96
:1002500014F007031CBF0834E41AB8F1010F06D9E3
:1002600033680F223046C3E905281B68984704F11C
:100270001001304600F086FA054618B904213046D0
:10028000FFF7E8FDFB6C05F1100010332344FB641D
:1002900007EB8807FB6BC5E900340023AB60FD6307
:1002A000BDE8F081F0C99A3B2DE9F047D7011D4622
:1002B000194B80468A4646689F42B3FBF7F404D93F
:1002C000036848225A611B689847AC424FEA85028E
:1002D00051464046A8BF2C4634650026FFF704FE71
:1002E0008146AE4202D34846BDE8F087AB1B51467B
:1002F00040469C4228BF1C4604FB07F2FFF79CFFC8
:1003000009EB8603264409EB86029342E9D043F8C1
:10031000040B3844F9E700BFF0C99A3B2DE9F047D8
:100320001D461A4B07468A469A4290464668B3FBDA
:10033000F2F404D9036848225A611B689847AC421A
:100340004FEA850251463846A8BF2C463465002640
:10035000FFF7CAFD8146AE4202D34846BDE8F087AA
:10036000AB1B514638469C4228BF1C4604FB08F292
:10037000FFF762FF09EB8603264409EB86029342EE
:10038000E9D043F8040B4044F9E700BFF0C99A3BB9
:100390002DE9F843D0F8048000250746D8F844300A
:1003A0002E4603BBD8F8483043BB002E19DDD8F8E1
:1003B0004C302A463146384600F0EAF985422ADDBB
:1003C00090FBF6F6012EB8BF0126D8F844404FF056
:1003D000010900250CBBD8F848504FF00109002D49
:1003E00042D1BDE8F8831A6832B9D3E9022101FB92
:1003F0000266596801FB02555B6AD2E71A6842B986
:100400005A68D3E902014143424306EBC11605EBAA
:10041000C2155B6AC8E7284ED7E72368B3B962689C
:10042000E168531EB3FBF1F301339E4210DB2261FE
:1004300023690121A2683846FFF770FFD8F85030D1
:100440002060E56184F82150C4E90535646AC1E79C
:10045000A36871433846216104F128015A4300F032
:1004600099F984F82290E3E72B68B3B96A68E968E0
:10047000531EB3FBF1F301339E4210DB2A612B695B
:100480000121AA683846FFF70FFFD8F850302860DE
:10049000EC6185F82140C5E905346D6A9FE7AB68DA
:1004A000714338465A43296105F12801D20100F011
:1004B00071F985F82290E2E700CA9A3B2DE9F04FE6
:1004C00002EB030815464A6887B00C4642459DF882
:1004D00040A004D3CA689A4201D30B6833B90368B9
:1004E000172203905A611B6898470398A369AB428F
:1004F0000CD822691344434508D3E6694645C0F049
:100500008580BAF1000F00F0B080ABE094F82230A3
:1005100033B90368472203905A611B6898470398D0
:1005200094F8213083B1D4F808B04FF00009A369E2
:1005300004F1280103FB0BF322694A45D4E906675D
:100540003DDC002384F82130A2694FF000092369C3
:1005500004F12801AA42D4F808B02ABFA8EB03038B
:100560002B4623EAE373A3610BFB03F32269E669DD
:100570004A45C2DDA2EB09026769BA42A8BF3A4602
:10058000A7694F44F61BB242A8BF32466668F61B05
:10059000B242A8BF3246002AAFDD02FB0BF622684A
:1005A000A76A009652F829200593CDE90301B847C0
:1005B000059B626933449144DDE90301D6E7A2EB70
:1005C000090C62696245A8BF624606EB090C6668C1
:1005D000A7EB0C07BA42A8BF3A46A6EB0C07BA42F3
:1005E000A8BF3A46002AACDD0BFB02F72268E66A98
:1005F000009752F829200593CDE90301B047059BE8
:1006000062693B449144DDE9030195E7AE420DD2B6
:10061000BAF1000F21D00368172203902E465A61C9
:100620001B6898470398C4F81C8002E0BAF1000FD9
:10063000F9D194F8202092B1A169A768761AA8EBA5
:10064000010846452368BFF45CAF53F826003A46DC
:100650000021013607F090FDF3E72E46E9E7BAF1F5
:10066000000F0AD0012384F82130A0692D1A2068D8
:1006700000EB850007B0BDE8F08F036817225A61D0
:100680001B689847F1E70000002337B50546436033
:1006900000F085F854210190284600F06DF80446DA
:1006A00048B9284600F07DF82B6838222846C3E96F
:1006B00005241B689847224B22482360224B636025
:1006C000224BA360224BE360224B2361224B6361E8
:1006D000224BA361224BE361224B2362224B6362D4
:1006E000224BA362224B2363019BE3620023A3639B
:1006F00023646363E363C4E911335423E3646C60EC
:1007000007F02EFDD0B1782301AA1A498DF80330E5
:100710000DF1030307F03CFD00280FDD9DF80330C9
:1007200003F0DF034D2B01BF019A4FF47A7353435B
:1007300001934FF47A73019A5343E36203B030BDDF
:10074000E9FE242088992520390225201D03252033
:10075000A90225200B002520BDFF24209103252080
:10076000BD0425202F012520590025200501252025
:1007700000CA9A3B90992520084607F005BD084617
:1007800007F0F6BC084607F0FFBC084607F0F0BCCF
:1007900010467047036833225A611B6818470020CF
:1007A000704770474318013B93FBF1F070474B1EB5
:1007B000184490FBF1F301FB1301401A704770B528
:1007C000049E00EB810402EB8305002E00DC70BD6B
:1007D000059A013E54F8041B55F8040B07F0C4FCBD
:1007E000F3E700002DE9F84F0446D0F8945121B109
:1007F000036831225A611B68984794F8F83053B364
:10080000D4F86021D4F8583102BBEBB93A4B002739
:1008100005F1240804F58A796B60BA46D4F81031E2
:10082000BB421ADC00234FF480320B21C5E90332AE
:100830004FF0FF32C5E90712D4F8E020C5E90533CF
:10084000C5E91123BDE8F88F2C4BE0E70BB92C4B21
:10085000DDE72C4BDBE72C4BD9E7D4F8583159F8BE
:1008600004BB0BBBD4F86031F3B9DBF814600F2E76
:1008700006D9236832222046C3E905261B6898471B
:1008800005EB8606F36C33B96368402201212046EC
:100890001B689847F06440220021F06C07F06CFC64
:1008A000C8F800A0C8F810A0D4F85C31FBB1DBF8A0
:1008B00018600F2E06D9236832222046C3E9052688
:1008C0001B68984705EB8606D6F88C3043B96368F9
:1008D0004FF48072012120461B689847C6F88C00AF
:1008E0004FF480720021D6F88C0007F045FC0137E8
:1008F00008F1040892E700BF311225209F1025203F
:100900003B102520F70E25204D0C25208B691A68F9
:1009100010B50C46511C196010705A68013A5A60A3
:100920005AB9DB682046984738B92368192220460F
:100930005A611B68BDE81040184710BD38B5D0F8A3
:1009400094410546D4E90323013B13441B0C1B04CB
:100950009A42E269C8BF03F500439340226A13F04C
:10096000784FE36049D0002A0EDBA369002B3CD10D
:10097000206A29460130FFF7C9FF236AFE2B03D105
:1009800029460020FFF7C2FFD4E905231344A361E1
:1009900000236361E268354B1340002B64D0A369E8
:1009A000002B59D1E0682946C0F3C740FFF7AEFFDE
:1009B000E368C3F3C743FF2B03D129460020FFF7A9
:1009C000A5FFE06810F4FF2F4ED02946C0F3C720E2
:1009D000FFF79CFFE368C3F3C723FF2B44D12946ED
:1009E0000020BDE83840FFF791BF29460020FFF7FF
:1009F0008DFFA369013BA361B8E7002A0FD1A3696A
:100A00000133A3616369002BC4D0A369B3B1294644
:100A10000020FFF77BFFA369013BA361F6E7F1DB51
:100A2000A36929461BB9206AFFF770FFEAE7002097
:100A3000FFF76CFFA369013BA361F2E72946FF20A2
:100A4000FFF764FF29460020FFF760FF6369013B61
:100A50006361002BF2D19DE729460020FFF756FF86
:100A6000A369013BA3619BE738BD00BF00F8FF0706
:100A7000F8B50B780646D0F8944103F07F054B4853
:100A8000B2EBD31F50F8257020694FEA2745A0EB41
:100A90002740206133D0A84223F07F03A8BFE2683B
:100AA00083EA0703A4BF8018C4E9030500270B707D
:100AB0002369E5685B006D002361E369E560013B44
:100AC000E361002B3DD1ED14FF2D2FDD236A002BB8
:100AD0000DDBA36913BB206A31460130FFF716FF17
:100AE000236AFE2B03D131460020FFF70FFFD4E924
:100AF00005231344C4E90573EDB225621AE0B0F58D
:100B0000004F22DAA84223F07F03B8BFE26883EAED
:100B10002723BCBF8018C4E90305C7E7314600207E
:100B2000FFF7F4FEA369013BA361D3E70ED163692C
:100B300001336361E368C3F31203E360E3690833DD
:100B4000E3612369B3F5004FB2DBF8BD236A002BE4
:100B50000FD1A3690133A3616369002BCCD0A369D2
:100B6000B3B131460020FFF7D1FEA369013BA36179
:100B7000F6E7F1DBA36931461BB9206AFFF7C6FE31
:100B8000EAE70020FFF7C2FEA369013BA361F2E799
:100B90003146FF20FFF7BAFE31460020FFF7B6FED0
:100BA0006369013B6361002BF2D1A5E7589F2520C3
:100BB0002DE9F04704460E46D0F89451FFF7BEFEEB
:100BC0002146FF20FFF7A2FE04F58A7906F1D00046
:100BD0004FF0000805F124062146FFF797FED4F8F0
:100BE000103143450DDC00234FF48032C5E9053355
:100BF000C5E903320B224FF0FF33C5E90723BDE8F7
:100C0000F087D4F8583159F804AB6BB9D4F8607157
:100C100057B9DAF814304022394605EB8303D86C13
:100C200007F0AAFA37603761D4F85C3153B1DAF8CB
:100C300018304FF48072002105EB8303D3F88C0049
:100C400007F09AFA08F101080436C8E72DE9F04FD9
:100C5000D0F8E03089B00446D0F8946107917BB1B8
:100C6000736C53B9B16CFFF7A3FFD4F8E030736431
:100C7000B36C013303F00703B364736C013B73641B
:100C8000D4F86C31059304F598730693002301930F
:100C9000019AD4F82C31934203DC012009B0BDE85D
:100CA000F08F079B019A53F822300293069B53F86A
:100CB000047B069304EB870306EB8707D3F8143114
:100CC000796BD3F814900393029B06EB890BB3F96D
:100CD00000A07B6ADBF84C50BAEB03080D442DD121
:100CE000424629462046FFF7C3FEC7F83480D4F8B1
:100CF0007081B8F1000F1ED0039B9B690393059B85
:100D0000029A53F8283032F91330002B40F0EE806D
:100D1000B8F1010575D1D4F87031AB420BDD039BFE
:100D200005EB45050122204606EB8309D9F88C1016
:100D30002944FFF79DFE019B0133A8E729460122C4
:100D40002046C7F824A00493FFF792FEB8F1000FE5
:100D500005F10101049B35DD00222046FFF788FEE6
:100D600002350423B8F101087B633DD029460122F6
:100D700020464FF0010AFFF77BFEDBF84C50C346DC
:100D800014355FEA6B0B26D1A14400222946204688
:100D9000FFF76EFE99F89830012202FA03F3BAEBDE
:100DA000630F23DA00237B630E355FEA6A0A9ED065
:100DB00018EA0A0F2946204614BF01220022FFF735
:100DC00057FEF2E701222046A3EB0A080335FFF79E
:100DD0004FFE0823C6E72946012220464FEA4A0A69
:100DE0000135FFF745FECCE7C246CDE799F8A830BC
:100DF000012202FA03F3BAEB630FD5DD7B6B0833F4
:100E0000D1E7A8467BE7DBF88C1005EB450A00220A
:100E100020468A445146FFF72BFE0135059B029A76
:100E20000AF1010153F8253032F91370002F3DD03B
:100E300001222046FFF71CFE002F06F1CC012046C0
:100E4000D6BF7F42002201220AF1020AFFF710FEFC
:100E5000013F3CD0012251462046FFF709FE7B109E
:100E6000049336D05146012220464FF00209FFF785
:100E7000FFFD039BDBF88C10E31893F8B830AB420E
:100E8000ACBFBD23D92301EB030A049B5B10049381
:100E900013D151460AF10E0A00222046FFF7E8FD61
:100EA0005FEA690918D14545ADDB34E73A4620468B
:100EB0000AF1030AFFF7DCFDAFE7514601222046A5
:100EC0004FEA49090AF1010AFFF7D2FDDDE7B94609
:100ED000DFE74FF00109DCE717EA090F514620462A
:100EE00014BF01220022FFF7C3FDD9E7039B0025B1
:100EF00006EB830BD7E7D0F8E0302DE9F04F04463E
:100F000085B00D46D0F894617BB1736C53B9B16C68
:100F1000FFF74EFED4F8E0307364B36C013303F096
:100F20000703B364736C013B7364D4F81431D4F8D1
:100F30006CA19B69D5F800B0D4F85C91D4F8642119
:100F400001935AF829303BF91330002BB8BF5B42AC
:100F5000134132D1B9F10108C146F2D1019BD4F855
:100F600058512233013D06EB830302934D4526DBA6
:100F7000D4F85C31AB420BDD019B05EB450501224A
:100F8000204606EB8306D6F88C102944FFF770FD47
:100F9000012005B0BDE8F08F5AF82830D4F8602160
:100FA0003BF91330002BB8BF5B421341D6D108F197
:100FB000FF38B8F1000FEFDCD0E7C846F9E7029B35
:100FC00005EB450745455B681F4404DB00223946B5
:100FD0002046FFF74DFD01355AF825303BF9132027
:100FE000D4F86431002A15DB1A411FD0531006D003
:100FF00002F00102B91C2046FFF73AFDB6E70122D4
:1010000020460393B918FFF733FD039B1A4606F1F8
:10101000CC01F0E752421A4108D05308E8D101222E
:101020002046B918FFF724FD0122F0E7791C0022C1
:1010300020460337FFF71CFDCDE7D0F8E0302DE95F
:10104000F04105460F46D0F894417BB1636C53B92B
:10105000A16CFFF7ADFDD5F8E0306364A36C0133FC
:1010600003F00703A364636C013B6364CC34D5F8DD
:1010700064810026D5F82C31B34202DC0120BDE8A2
:10108000F08157F82630214628460136B3F9002072
:1010900042FA08F202F00102FFF7EAFCEAE7D0F8B0
:1010A000E0302DE9F04F044685B00D46D0F894713C
:1010B0007BB17B6C53B9B96CFFF77AFDD4F8E030A3
:1010C0007B64BB6C013303F00703BB647B6C013BA7
:1010D0007B642B68D4F86CA10393D4F81431D4F852
:1010E0005C919B69D4F8642100935AF829300399E4
:1010F00031F91330002BB8BF5B42134102D1B9F173
:101100000109F2D1D4F85861009B013E07EB830B33
:101110004E4513DBD4F85C31B3420BDD009B06EB8C
:1011200046060122204607EB8307D7F88C1031448E
:10113000FFF79EFC012005B0BDE8F08FDBF88C10B6
:1011400006EB4605002220460D442946FFF790FC99
:101150000136039A691C5AF8263032F91330D4F854
:101160006421002B45DB53FA02F84CD001222046C3
:10117000FFF77EFC002207F1CC012046FFF778FC48
:10118000B8F1010305F1020501934BD00122294674
:101190002046FFF76DFC019B5B10029345D029466A
:1011A000012220464FF00208FFF762FC009BDBF8AB
:1011B0008C10E31893F8B830B342ACBFBD23D923E9
:1011C000CD18029B5B10029323D129460E350022D5
:1011D0002046FFF74DFC5FEA680899D0019B29463D
:1011E000204613EA080F14BF01220022FFF740FC3B
:1011F000F1E75B4253FA02F805D001222046FFF7DF
:1012000037FC0122B7E7002220460335FFF730FC08
:101210009EE72946012220464FEA48080135FFF79C
:1012200027FCCEE7DDF80480CFE74FF00108CCE7DC
:101230002DE9F04FD0F8E03085B00546D0F8948124
:101240000291B3B1D8F8443073B9D8F84810FFF719
:10125000AFFCD5F8E030C8F84430D8F84830013356
:1012600003F00703C8F84830D8F84430013BC8F809
:10127000443005F598734FF0000A0193D5F82C31EE
:10128000534503DC012005B0BDE8F08F019B53F806
:10129000046B019305EB860308EB8606D3F8143143
:1012A000716B5B690093029B53F82A30B3F900908D
:1012B000D5F8643149FA03F9009B08EB830B736A94
:1012C000DBF84C40B9EB03070C4408D13A46214601
:1012D0002846FFF7CDFB77630AF1010ACEE72146E6
:1012E00001222846C6F824900393FFF7C1FB002F84
:1012F00004F10101039B35DD00222846FFF7B8FB0E
:1013000002340423013F73633ED021460122284664
:101310004FF00109FFF7ACFBDBF84C40BB4614343F
:101320005FEA6B0B27D1002221462846FFF7A0FB7E
:10133000009B01212B4493F8982001FA02F2B9EBAB
:10134000620F23DA002373630E345FEA6909C3D0A6
:1013500017EA090F2146284614BF01220022FFF791
:1013600087FBF2E701222846A3EB09070334FFF7C6
:101370007FFB0823C6E72146012228464FEA490998
:101380000134FFF775FBCBE7B946CCE793F8A830FB
:10139000012202FA03F3B9EB630FD5DD736B083357
:1013A000D1E700004368D02201211B6810B5044634
:1013B00098470A4B00F18C01C4F8940100220360A5
:1013C000074B836000F14C0343F8042B8B42DA6334
:1013D000FAD1712380F8CC3010BD00BFE50725207D
:1013E0003D092520D0F81021D0F88031012A05DDF3
:1013F00001225A610022C3E903227047D0F80C2170
:10140000D0F81411013A9868904234BFCA68CA6C87
:10141000EFE7000070B50023D0F880510E46044677
:10142000AB60FFF7DFFF022E16D0032E0BD0EEB914
:101430002B6C2BB12368032220465A611B68984706
:101440000E4B6B6070BD2B6C23B9236820465E6128
:101450001B6898470A4BF4E72B6C2BB923680322CF
:1014600020465A611B689847064BEAE72368032227
:1014700020465A611B68BDE8704018475317252065
:10148000B3152520891425202DE9F04F00F58A7B1E
:1014900000260446D0F880515F46B0462DED028B01
:1014A0008FB00DF12809D4F81031B34211DC2E6948
:1014B00005F118034FEA860808EE103A6B69B3424B
:1014C0001BDCAB6820460133AB60FFF78BFF0120CC
:1014D00046E057F8041BAA68CB68496860685A431D
:1014E0001031CDF80080D0F820A0204655F821100A
:1014F000D04749F826000136D5E7EF68D4F8243103
:10150000BB4250D9D4F8103107930AABCDE9033B65
:1015100000239A4617E00499C1464FF0000C51F899
:10152000042BD2E90EE20491069207FB0EF2D201DF
:1015300005922EEAEE720992069A624515DC039A2C
:10154000013304320392079A9A42E4DCD4F89431CE
:1015500018EE101A20465B68984710BBC5E9037661
:101560000FB0BDEC028BBDE8F08F039A05991268AD
:1015700052F809200A440AF10601089205EB81019C
:1015800000220898964500EBC21006DC099A0CF17F
:10159000010C09F104099244CEE7013241F8040B31
:1015A000EFE70137AAE70023013608F10408EB60F2
:1015B00084E72DE9F04FD0F880310546476D2DEDD9
:1015C000028B8FB00693D0F80C310A91013B079142
:1015D0000893069B4033099300230593EB6C059A0F
:1015E000934208DC0A9928460FB0BDEC028BBDE897
:1015F000F04FFFF749BF099B0124069A53F8041BDB
:10160000926868680993FB6800945A43046A284604
:10161000A047069B089A83469B689342FB682DD29D
:101620001E46D7F81C804FF0000AD7F80890059A9C
:10163000B8FBF9F409FB1483002B0493C4BFA9EB96
:1016400003030493D5F8903103EB82035B680C939A
:101650004FEAC8130B93049BDB0108EE103AB24526
:1016600015DB069B089A9B6893423CD0059B583734
:1016700001330593079B04330793AFE73A6AB2FB44
:10168000F3F603FB1626002E08BF1E46C9E700220C
:101690005BF82A30CDF80880394601922846BA6AAC
:1016A0000D9302FB0AF20C9C0092079A1268A04765
:1016B000049B002B0D9B02DC0AF1010ACFE70B9A79
:1016C0000021134418EE102A18460D9306F054FD1D
:1016D0000D9B002233F9800CD1010132585204993C
:1016E0009142F9D1E8E7049B0BEB860B434409F1E7
:1016F00000781A4608F1FF38B3FBF9F34FEAC8182F
:101700000493D20108F18003F968B142AEDD5BF8C1
:1017100004AB00210C935BF8084C50460B9206F08A
:101720002BFD44440020DDE90B230499884201D1BC
:101730000136E9E7B4F900C00021494503DB9A44CA
:1017400001301C44F1E74FEAC11E01312AF80EC0F6
:10175000F3E7D0F824312DE9F04F013BD0F8805168
:101760000646D5F810802DED028B8FB00793D0F888
:101770000C310C91013B09936B69434507DCAB6865
:1017800030460133AB60FFF72DFE012044E005F148
:101790001803D5F80CA008EE103A079B9A4500F202
:1017A0009D8006F58A73089300239946059323E0EC
:1017B000089B4FF0000B53F8044B62680893D6F86F
:1017C000903103EB82035B680A93079B9A4534BF11
:1017D000A36BA36C0493636C03FB0AF30B93A36AE0
:1017E00003FB08F30693049B05330D93E36B5B4502
:1017F00017DC059B01330593D6F81031059A934207
:10180000D6DCD6F8943118EE101A30465B6898474B
:10181000002860D1C5E903A80FB0BDEC028BBDE87C
:10182000F08FAA6805EB890309991F469B698A42D4
:1018300004D30BEB0802E16C914235DD049930468C
:10184000626802910B990A9F0191069900910C9987
:1018500051F822202146B847A26B049B9A4208DC2B
:10186000A36B0BF1010B069A9944A36A1A440692E2
:10187000BCE7049B0021D21A4B440633D20155F831
:10188000230006F079FC0D9BA16B4B44049A05EBF9
:1018900083039142E4DD18680132B0F900C053F8C7
:1018A000040FA0F800C0F4E7A26B18460021D20193
:1018B00006F062FC09F10603A06B002205EB83032E
:1018C0009042CDDD7969013253F804CBB1F90010B3
:1018D000ACF80010F4E70AF1010A5EE7002308F112
:1018E0000108EB6048E700002DE9FF4143680F461F
:1018F000682201211B68044698471F4B0546C4F81F
:101900008001064645F8403B27B3666D0027E36C2F
:10191000BB4202DC04B0BDE8F08163680137B16806
:10192000583656F83C0CD3F81480FEF740FF56F8B2
:101930004C1C039056F8380CFEF739FF56F84C2C27
:10194000039B0121CDE9000200222046C04745F853
:10195000040BDCE763684FF4A062012120465B685A
:10196000984706F1180343F8040BAB4200F18000DE
:10197000F9D100233364CDE7151425202DE9F84370
:1019800043684FF40052D0F8884101211B6844F6A7
:101990008B49984749F24668A060021F002300F671
:1019A000FC7041F62F5EDFF86CC0164F164E174DD7
:1019B000174C09FB03F142F8041F08FB03F1C2F8BE
:1019C00000140EFB03F101F50041C2F800180CFBF6
:1019D00003F1C2F8001C07FB03F140F8041F06EBFB
:1019E000C331C0F8001405FB03F1C0F8001804FB74
:1019F00003F10133B3F5807FC0F8001CD9D1BDE8F5
:101A0000F88300BF32ABFFFFFF7F8000D194FFFF60
:101A10002FEBFFFFCED4FFFF2DE9F74FD0F8884121
:101A20000D1FC069C1EB830BA46801900C9B013BA7
:101A30000C9302D503B0BDE8F08F04351368286815
:101A400005EB0B015E58536853F801C0936853F8D7
:101A500001E00021019B03309942E7D010F8029C7D
:101A600010F801AC10F8038C09F5807954F82A308D
:101A700004EB8A0A54F8297008F5007804EB890908
:101A80003B4454F8287004EB88083B441B147354FF
:101A9000DAF8007C0AF5A05AD9F8003C09F5A059FB
:101AA0003B44D8F8007C08F5A0583B441B140CF8C4
:101AB0000130D9F80070DAF800303B44D8F80070F3
:101AC0003B441B140EF801300131C3E72DE9F0410E
:101AD000D0F888410F1F069DC1EB8303A668D0F89C
:101AE0001CE0013D01D5BDE8F08157F8041F1068E6
:101AF0003844C4580EEB0408444501F10301F0D00A
:101B000011F8020C11F801CC00F5807056F82CC0C9
:101B100056F82000604411F803CC0CF5007C56F810
:101B20002CC06044001404F8010BE5E72DE9F74FE1
:101B3000D0F888410D1FC069C1EB830CA4680090E8
:101B40000C9B013B0C9302D503B0BDE8F08F04352C
:101B50001368286805EB0C0153F801B053685E5810
:101B600093685B580193D36853F801E00023009910
:101B700004308B42E4D010F8039C10F804AC10F849
:101B8000028CC9F5FF7910F8011CCAF1FF0A09F1AE
:101B90000109C8F53F780EF8031008F1030854F85E
:101BA000297054F82A1004EB890904EB8A0A394495
:101BB00054F8287004EB8808394409140BF8031012
:101BC000DAF8007C0AF5A05AD9F8001C09F5A059EA
:101BD0003944D8F8007C08F5A05839440914F15468
:101BE000D9F80070DAF800103944D8F80070394498
:101BF000019F0914F9540133B9E72DE9F047089F13
:101C00000E1FD0F81CC0C1EB8301013F01D5BDE818
:101C1000F08704361368701853F800E0536853F8DF
:101C20000080936853F8009000233068634500F10A
:101C30000300EAD010F8034C10F8015C10F802AC75
:101C4000803C803DA4EB0A04A5EB0A050EF8035086
:101C500008F803A009F803400133E7E7F0B5059C55
:101C6000C1EB8303466AC769081F013C00D5F0BD7C
:101C700050F8045F11680144C95807EB010C614535
:101C8000F3D095F800E0354401F801EBF7E72DE9D2
:101C9000F041069E0D1FC769C1EB8303013E01D5CC
:101CA000BDE8F081043510682C68E91850F801C0CF
:101CB000506850F801E0906841580020B84204F1A3
:101CC0000304EBD014F8018C0CF8008014F8028C9B
:101CD0000EF8008014F8038C01F800800130EDE765
:101CE0002DE9F043079EC1EB8303C76CD0F81CE0DD
:101CF000013E18D401EB030C00200AE052F82050FA
:101D00000C6855F80C5004440EEB0508A84504D1A6
:101D10000130B842F2DB0431EAE794F800903C4429
:101D200005F8019BF2E7BDE8F083704743680C2299
:101D300001211B6870B5044698476C4B0546C4F8F2
:101D40008801036094F82820636A013A062A12D8B1
:101D5000DFE802F0040D0D0F0F0D0D00012B0CD06C
:101D600023680A2220465A611B68984705E0032B26
:101D7000F5E7042BF3E7002BF2DD94F8F1305BB1CB
:101D800094F8503003F0FB03022B05D023681C228B
:101D900020465A611B68984794F850305A1E062A0C
:101DA00000F29480DFE802F0041F3F727F1F4F00B3
:101DB000E36C012B05D023680B2220465A611B6877
:101DC000984794F82830013B062B20D8DFE803F031
:101DD0000407041F1F1F0400454B6B6070BD454B7B
:101DE0002B60454BF9E7E36C032B05D023680B22EE
:101DF00020465A611B68984794F8282094F8503080
:101E00009A4204D194F8F1304BB1012B09D02368E8
:101E10001C2220465A611B68BDE870401847374BAA
:101E2000DBE7374BD9E7E36C032B05D023680B22A4
:101E300020465A611B68984794F82830022B19D025
:101E4000032BE4D120E0E36C032B05D023680B22A5
:101E500020465A611B68984794F82830032B0DD010
:101E6000072B11D0022BD2D1636D012283F88C2075
:101E700083F8E4201F4B2B60224BAEE7636D0122F9
:101E800083F88C2083F8E4201F4BA6E7E36C042B37
:101E900005D023680B2220465A611B68984794F8A6
:101EA0002830042BCDE7E36C042B05D023680B22EC
:101EB00020465A611B68984794F82830042B01D0BB
:101EC000052BBEE70B4B2B60104B86E794F82820C0
:101ED0009A4203D1E26C636A9A42D5D023681C22ED
:101EE00020465A611B689847CEE700BF2B1D25206E
:101EF0005D1C25207D192520CD1A25208F1C25202D
:101F0000FB1B2520191A2520E11C25202D1B25202F
:101F10002DE9F04F0C46C1B098464968D0F8903191
:101F200000264A9F03EB8103DDF82C91D4F854A0DE
:101F300002EB8707D3F82CB04C9B9E4202D141B0F4
:101F4000BDE8F08F4A4639466846D847AAF10403EF
:101F5000694608EBC6120AF1FC0E51F8040B53F85F
:101F6000045F00284FEA650C0FDAACEB0000A842D2
:101F7000ACBF90FBF5F500256D42734522F8025B7E
:101F8000EBD1636A01369944D6E760448542D4BFF9
:101F900090FBF5F50025F0E72DE9F04FD0F8900122
:101FA0000C4649689846D4F85490002500EB81000F
:101FB00009F5807B466D2DED028BC1B09FED168A31
:101FC0004C9FDDF834A102EB87074E9B9D4204D164
:101FD00041B0BDEC028BBDE8F08F524639466846F1
:101FE000B047EC464A4608EBC511F0EE486AF2EC01
:101FF000017ABCEC017A9345E7EE276AFDEEE67ABA
:1020000017EE900AA0F5804021F8020BEDD1626A2C
:1020100001359244D9E700BF000180462DE9F84F11
:10202000D0F8904100250646476D0434A846F36C6D
:10203000434501DCBDE8F88FD7E9091240F20E7084
:1020400002EB0123834200F0F9805ADC40F20440A5
:10205000834200F0D3802FDCB3F5017F00F0F680DF
:102060001ADC40F20120834200F0E4800EDC40F2F2
:102070000110834200F08F80B3F5817F00F0E8808B
:1020800033680720DA61C3E90501F7E040F2022076
:102090008342F5D1A54B7FE040F20630834200F049
:1020A000D38040F20240834200F0C28040F203300D
:1020B0008342E5D19E4B6FE040F20360834200F023
:1020C000B5800EDC40F20550834200F0998040F26A
:1020D0000A50834200F0B680B3F5816FD0D1954BA2
:1020E0005AE040F20C60834200F0AA8040F2077090
:1020F000834200F0878040F206608342C0D18E4B5D
:102100004AE040F60640834200F08E8021DC40F633
:102110000910834278D00EDC40F60800834200F0BC
:102120009980B3F5016F00F0878040F60400834288
:10213000A6D1824B30E040F60A20834266D040F6BA
:102140000B30834264D040F60520834298D17C4B0B
:1021500022E040F60E6083425ED00DDC40F60D506A
:10216000834257D040F6076083425BD040F60C4074
:10217000834285D1734B0FE041F2080083424FD078
:1021800041F21000834249D040F60F7083427FF441
:1021900077AF6D4B00E06D4B0025A3623A69032ACF
:1021A00002F1160A02D856F82A3033B933683621BC
:1021B0003046C3E905121B689847012D56F82A30AE
:1021C000796D5FD0022D7CD0002297F834C033F8AF
:1021D0001200BCF1000F14BF4FF0040C4FF0030CC1
:1021E00000FA0CF041F822000132402AEDD1584BA0
:1021F000236008F101085837043418E7554BCBE742
:10220000554BC9E7554BC7E7554BC5E7554BC3E79A
:10221000554BC1E7554BBFE7554BBDE7554BBBE7AA
:10222000554BB9E7554BB7E7554BB5E7554BB3E7BA
:10223000554BB1E7554BAFE7554BADE7554BABE7CA
:10224000554BA9E7554BA7E7554BA5E7554BA3E7DA
:10225000554BA1E796F8DC30012B06D0022B06D0B7
:102260004BB9524A1D46A26298E7514AFAE7514BD0
:102270000225236592E7336831225A611B68304694
:1022800098478BE7DFF834C1002297F834E033F841
:102290001200BEF1000F3CF902AB14BF4FF4007EF8
:1022A0004FF4806E0AFB00E014BF4FF00A0E4FF0AF
:1022B0000B0E40FA0EF041F822000132402AE4D120
:1022C00095E797F83420B3EE006BDFF8F4E0B2EE58
:1022D000007BB7EE003B002A03F11003F3464FF0FA
:1022E000000207FE066BA3F1100001EB820AF44620
:1022F000BBEC024B30F8029B07EE109A8342B8EE1B
:10230000477BBCEC025B27EE047B27EE057B27EEC8
:10231000067B83EE075BB7EEC55BAAEC015AE9D1F9
:1023200008321033402ADED1234B61E73D4125209E
:1023300075402520B17D2520993C2520A16D2520C3
:102340007D6B2520894B25200D5825208541252092
:10235000111F2520853F25202D3E2520613A25206F
:10236000A34125204D442520614725202D4F2520C0
:10237000D5532520A55C2520E1612520C1652520B8
:1023800005692520596F2520897025204171252058
:102390006D71252075752520D57825206D7B25202C
:1023A000617F252091802520318125200938252035
:1023B0007136252049342520991F2520D89E2520B7
:1023C000989E252043687C2201211B6870B5044635
:1023D000002598470A4B666DC4F890010360E36CD2
:1023E000AB4200DC70BD63684FF48072012120466F
:1023F0001B6801359847583646F8040CEFE700BFD4
:102400001D20252038B50446006A8569EB68984789
:1024100020B12B68012023606B68636038BD38B53C
:102420000446806F8569EB68984728B9A06F192228
:1024300003685A611B6898472B6823676B6863675A
:1024400038BD2DE9F04104460D4616462AB9006A0A
:10245000292203685A611B6898470123E268002714
:10246000B3401644013B03EA0501C6F11805A36811
:1024700001FA05F51D43072E03DC0120C4E90256CD
:1024800022E022682B14C5F30748511C2160137009
:102490006368013B63608BB1B8F1FF0F0BD1236818
:1024A0005A1C22601F706368013B63601BB92046A1
:1024B000FFF7A8FF38B12D02083EDCE72046FFF702
:1024C000A1FF0028E8D10020BDE8F081D0F8E0208D
:1024D0002DE9F04F044687B08946D0F8946162B187
:1024E000736A3BB9D0F8100106F114011D469842F9
:1024F0000FDC7262736A013B736204F5987A4FF0E5
:102500000008D4F82C31434507DC012007B0BDE8B2
:10251000F08F013341F8045BE9E75AF8043B4FF0D0
:10252000000B04EB830206EB8303D2F81401596914
:102530000093436959F8282006EB83030192DA6C73
:10254000836906EB8303DF6DD4F870310293D4F80E
:102550006C310393019BB3F900305D1A48BFCD1A6B
:102560000DBBBBF10B0F07DD23682046049206224A
:102570005A611B689847049A52F82B30013342F88D
:102580002B304FF0010B029B5B4510DA15B13B6815
:1025900001333B6059F8283008F10108009AB3F97B
:1025A00000305361ADE70BF1010B6D10D8E7039BD1
:1025B000019A53F82B3032F9131061BB01350BF13E
:1025C000010BE0E7D7F8C033103A0133C7F8C03346
:1025D0000F2AF7DC2A096FF00F0303FB025281EA8E
:1025E000E1750123A5EBE175ADB26D1015D10A2B94
:1025F00009DD21682046CDE9043206234B610968D4
:102600008847DDE9043203EB021257F82230013328
:1026100047F82230D3E72A46DAE70133E5E7032A11
:102620002DE9F04F0446ADF20C5D884615461F4675
:1026300005D903683422C3E905251B689847B8F11A
:10264000000F3DD005F11E0354F8236036B923680E
:1026500034222046C3E905251B6898473B683BB9EF
:1026600063684FF4A062012120461B6898473860D8
:10267000D7F8009001250027092216F805A0BB46CF
:102680005744B7F5807F05DD236820465A611B68F3
:10269000984709220DEB0B03BAF1010A13D2013559
:1026A000112DEAD1002341AA01210DF807309B46E4
:1026B0009DF800A01DF80B500DB358461B1A08E0FA
:1026C00005F12203C0E703F8015BE5E742F820507B
:1026D00001301DF800C01D188346D445F6D001FA1C
:1026E0000AF3AB4207DC23680920586120461B68C7
:1026F0009847012141AA6B000AF1010ADAE74FF479
:102700008072294609F58060113605F035FDB8F173
:10271000000F4FF0090241A914BF4FF00F0B4FF00B
:10272000FF0BAF4203D10DF20C5DBDE8F08F16F840
:10273000018BC34509EB080A02DB9AF8003433B178
:10274000236820465A611B68984741A9092251F81D
:10275000253049F828301DF8053001358AF8003455
:10276000DFE700002DE9F84F564A0F1E564B04468E
:1027700018BF1346D0F89451AB6090F8F830002B96
:1027800038D085F86C70D0F86021D0F85831A8673F
:10279000F2B9DBB94D4B6B60D4F814319B69EB6730
:1027A0000023C5E9203304F58A794FF0000805F1CC
:1027B000140BD4F81031434522DC0023D4F8E02078
:1027C000C5E90333C5E90923BDE8F88F404BE2E7CB
:1027D0000BB9404BDFE7404B6B60D5F88830002BDE
:1027E000DAD143684FF47A7201211B689847C5F823
:1027F0008800D1E717B1394B6B60D4E7384BFBE762
:10280000D4F8583159F804AB23BBD4F860310BBB72
:10281000DAF81460002F41D0032E06D92368342241
:102820002046C3E905261B68984705EB8606F36C2E
:102830003BB9636840F20442012120461B68984777
:10284000F06440F204420021F06C05F095FC002396
:102850004BF82830D4F85C31EBB1DAF818603FB3AC
:10286000032E06D9236834222046C3E905261B68B7
:10287000984705EB8606F36D3BB9636840F2044266
:10288000012120461B689847F06540F20442002170
:10289000F06D05F071FC08F101088AE706F10B0301
:1028A00032460121204605EB8303FFF7B8FECEE751
:1028B00006F10F0332463946204605EB8303FFF746
:1028C000AEFEE8E79B2E252071332520132C252012
:1028D000772D2520FD2C2520672F2520CD24252090
:1028E0000D3125202DE9F04FADF6340D80460F4611
:1028F000164601AD0AAC21220021284605F03CFC19
:1029000040F204420021204605F036FC0DF22C4234
:1029100000234FF0FF3C104640F20111013342F812
:1029200004CB8B42FAD10123DFF8509140F2011C15
:102930004FF0000EC6F80034494600234FF0FF3A2E
:1029400056F823201AB18A42DCBF11469A46013359
:102950006345F5D1494900224FF0FF3356F822B0C4
:10296000BBF1000F05D08B4503DC92451CBF5946D7
:10297000134601326245F1D1002B24DB56F82A20A0
:1029800056F823100A4446F82A2054F82A2046F81C
:1029900023E0013244F82A2050F82A1000290BDAEB
:1029A00040F82A3054F82320013244F8232050F80C
:1029B0002330002BF6DABFE754F821208A46013293
:1029C00044F82120E8E7A14616464FF0280A59F8B6
:1029D000043B6BB1202B06DDD8F800304046C3F82D
:1029E00014A01B68984759F8042CAB5C0133AB5416
:1029F000013EECD109AB1E2111E00A46AE5C002E6F
:102A000037D00238561C187013F8010C013003F847
:102A1000010CA85D0230A855A85C0138A8541878AC
:102A20000028EAD10139013B0E29F8D11023EA5CD4
:102A30000AB3013A29463846EA54112205F094FBBC
:102A4000012200212046002350F8045B954202BF7A
:102A50007D1801316B740133B3F5807FF4D10132FD
:102A6000212AEFD1002387F811310DF6340DBDE88E
:102A7000F08F013AC2E7013BD9E700BF00CA9A3B99
:102A80002DE9F04104460D4616462AB9806F2922E9
:102A900003685A611B68984794F86C7087B90123E2
:102AA0002269B3401644013B03EA0501C6F118054B
:102AB000E36801FA05F51D43072E03DCC4E903565C
:102AC000BDE8F081226F2B14C5F30748511C216724
:102AD0001370636F013B636713B92046FFF79FFCD8
:102AE000B8F1FF0F0AD1236F5A1C22671F70636F62
:102AF000013B636713B92046FFF791FC2D02083EA6
:102B0000DAE710B4144690F86C2000EB810142B172
:102B1000CA6D52F82430013342F824305DF8044B7A
:102B20007047CB6B1A1953F824105DF8044B92F8D8
:102B30000024FFF7A5BFD0F8803070B50446FBB184
:102B400000255B101DD10E2D05DDA06F2922036825
:102B50005A611B6898472A01E16F2046FFF7D1FFB1
:102B60002DB12A46D4F880102046FFF789FF0023B4
:102B7000C4F8803094F86C302BB10023C4F8843052
:102B800070BD0135DDE7D4E92135EE18B542F4D04A
:102B9000012215F8011B2046FFF772FFF6E770B51A
:102BA00004460D46FFF7C7FF94F86C60F6B907229C
:102BB0007F212046FFF764FF236F5A1C2267FF2204
:102BC000C4E903661A70636F013B636713B920465B
:102BD000FFF725FC236F303D5A1C22671D70636F81
:102BE000013B636713B92046FFF719FCA26FD2F8C7
:102BF000583153B9D2F81021143419469A4200DCE6
:102C000070BD013344F8041BF8E70023C4E9203306
:102C1000F6E72DE9F84F83690546D0F894418846D8
:102C20001A685B6822676367D0F8E0302BB1636A8B
:102C30001BB9A16A2046FFF7B2FF05F598794FF05E
:102C4000000BD5F82C215A4515DCAB69226F1A60B0
:102C5000626F5A60D5F8E03053B1626A2AB9636294
:102C6000A36A013303F00703A362636A013B636253
:102C70000120BDE8F88F59F8042B0026D5F864012F
:102C800005EB820104EB8202D1F814114F6958F868
:102C90002B10B1F900100141506951610A1A4ABF65
:102CA00002F1FF3A9246421ADAB90B2E05DD2A6884
:102CB0000623284653611268904794F86C2004EB71
:102CC00087078AB1F96C51F82620013241F8262095
:102CD00026B1324651462046FFF7D2FE0BF1010BDA
:102CE000AFE701365210DFE7F96A20468A1951F83A
:102CF000261092F80024FFF7C3FEE9E783692DE967
:102D0000F0411A680546D0F894410F465B68226787
:102D10006367D0F8E0302BB1636A1BB9A16A204623
:102D2000FFF73DFFD5F864810026D5F82C31B3427A
:102D300015DCAB69226F1A60626F5A60D5F8E0301B
:102D400053B1626A2AB96362A36A013303F00703CD
:102D5000A362636A013B63620120BDE8F08157F81A
:102D60002630012220460136B3F9001041FA08F15D
:102D7000FFF786FED9E783692DE9F04F1A6885B021
:102D8000D0F8944106465B680D4622676367D0F829
:102D9000E0302BB1636A1BB9A16A2046FFF7FFFE42
:102DA000D6F85C310027D6F864910193D6F86CB15F
:102DB0002B68D6F858810293019B984523DD5FB1BB
:102DC000D4F8803047F6FF7201339342C4F8803064
:102DD00002D12046FFF7AFFEB369226F1A60626F1F
:102DE0005A60D6F8E03053B1626A2AB96362A36AC6
:102DF000013303F00703A362636A013B63620120AE
:102E000005B0BDE8F08F5BF82830029A32F9135014
:102E1000002D04D17D1C08F101082F46CCE7B5BF79
:102E20006D4245FA09F545FA09F5AA46B8BF6FEAB9
:102E3000050A002DEED0D4F8803013B12046FFF7FC
:102E40007AFE3B460F2B1DDC3A096FF00F0303FBA4
:102E5000027201276D101ED10A2F07DD336830463C
:102E6000039206225A611B689847039A07EB0212E5
:102E7000E16F2046FFF745FE3A4651462046FFF7F0
:102E8000FFFDC8E7F022E16F20460393FFF739FE0C
:102E9000039B103BD6E70137DCE72DE9F04F90F8B4
:102EA000F83085B00446D0F8947113B13846FFF776
:102EB00042FE0422002102A804F58A7800264FF081
:102EC000010905F059F90422002103A805F054F97D
:102ED000D4F81031B34202DC05B0BDE8F08FD4F86D
:102EE000583158F804ABEBB9D4F86031D3B904AB1E
:102EF000DAF8145003EB050B1BF8083C93B904EB0C
:102F000085039A6F2AB920460193FBF79BFF019B2B
:102F1000986707EB8505996F2046EA6CFFF7E2FC9E
:102F20000BF8089CD4F85C31DBB104ABDAF818502C
:102F300003EB050A1AF8043C9BB904EB850BDBF89C
:102F4000883023B92046FBF77DFFCBF8880007EBDC
:102F50008505DBF888102046EA6DFFF7C3FC0AF808
:102F6000049C0136B4E783692DE9F04F1A68C5B0B7
:102F7000D0F894B106465B680C46CBF87020CBF8CD
:102F80007430D0F8E0303BB1DBF8243023B9DBF803
:102F900028105846FFF703FED6F85C314FF00009C1
:102FA000D6F858810193D6F8641142462368D6F8C2
:102FB0006CA10293019B9A423EDD0024DBE921359E
:102FC00027461D44019B984548DD54EA070314D069
:102FD000DBF88420DBF88030144447F6FF720133BD
:102FE000CBF884409342CBF8803003D040F2A93331
:102FF0009C4202D95846FFF79EFDB369DBF870206A
:103000001A60DBF874205A60D6F8E03083B1DBF840
:10301000242042B9CBF82430DBF82830013303F008
:103020000703CBF82830DBF82430013BCBF8243001
:10303000012045B0BDE8F08F5AF82230029830F9EF
:10304000133004A8002BB8BF5B429BB20B41012B8D
:1030500008BF914640F822300132ABE704AB53F889
:103060002830C3B9013708F10108ABE7584603938C
:10307000FFF761FDF022DBF87C105846FFF741FDB9
:103080009BF86C20103F039B12B92C44AC420DD12D
:10309000DBF8885000240F2F01DDC845E6DD012B49
:1030A0000DDD03F001032B550134DCE7012215F897
:1030B000011B58460393FFF7E3FC039BE6E75846E2
:1030C000FFF739FDDBF87C103A0158460132FFF773
:1030D00018FD5AF82830029A584632F91310012286
:1030E000C943C90FFFF7CCFC9BF86C3013B92C44D3
:1030F000AC4204D10024DBF888502746B3E7012214
:1031000015F8011B5846FFF7BBFCF1E72DE9F04F1E
:10311000836993B0D0F8945106461A680BAC5B688B
:1031200005F10C07059109920A930FCF0FC497E898
:103130000300D6F8E030119684E8030033BB06F5AF
:1031400098734FF000090493D6F82C314B4556DCA8
:10315000B3690BAF099A05F10C041A600A9A5A6018
:103160000FCF0FC497E80300D6F8E03084E80300DF
:1031700053B16A6A2AB96B62AB6A013303F0070381
:10318000AB626B6A013B6B6201200AE06F6A002F41
:10319000D5D107227F2109A8AC6AFFF752F918B9E7
:1031A000002013B0BDE8F08F099B5A1C0992FF2242
:1031B000CDE90B771A700A9B013B0A93CBB1099BAF
:1031C000303C5A1C09921C700A9B013B0A9323B99C
:1031D00009A8FFF717F90028E2D0119B0DAAD3F830
:1031E0001011002318468B42A9DA013342F8040B70
:1031F000F9E709A8FFF706F90028E0D1D0E7049B1A
:103200004FF0000A11981A4652F8043B0193019BB3
:10321000049212AA06EB8303D3F81411059B53F80A
:1032200029300293019B02EB830353F8142C4B6962
:1032300005EB8303D3F82CB08B6905EB8303D3F83C
:103240003C80D0F870310693D0F86C310793029B24
:10325000B3F900309C1A4ABF04F1FF372746D41A4D
:1032600054BBBAF10B0F04DD036806225A611B68D8
:1032700098470BEB0A035BF82A1009A893F800247F
:10328000FFF7DFF800288BD0BAF1000F18D14FF00C
:10329000010A069B53451BDA002C5FD112AA019B41
:1032A00002EB8303059A52F8292009F10109B2F9CA
:1032B000002043F8142C47E70AF1010A6410CFE715
:1032C0005246394609A8FFF7BCF80028DFD167E766
:1032D000079B029A53F82A3032F913707FB9671CA2
:1032E0000AF1010A3C46D4E798F8F02409A8D8F876
:1032F000C013FFF7A6F800283FF452AF103C0F2C84
:10330000F2DC002F4FF0010BBBBF07F1FF337F4210
:10331000039703937F101ED1BBF10A0F05DD1198AF
:10332000062302685361126890470BEB041409A846
:1033300008EB040258F8241092F80024FFF781F8F3
:1033400000283FF42DAF5A46039909A8FFF779F8F2
:103350000028C5D124E70BF1010BDBE798F8002426
:1033600009A8D8F80010FFF76CF8002896D117E7E5
:103370002DE9F04183698AB090F8F8800546D0F8CD
:103380009441D3E90023B8F1000F14D02046C4E9DA
:103390001C23FFF7D0FB07227F212046FFF770FB9D
:1033A0000023226FC4E90333AB691A60626F5A606D
:1033B0000AB0BDE8F08104F10C0703AE0C34CDE98E
:1033C00001230FCF0FC697E803000722099586E86F
:1033D00003007F2101A8FFF734F890B92B68192268
:1033E00028465A611B689847AB6903AD019A1A6079
:1033F000029A5A600FCD0FC495E8030084E80300D9
:10340000D6E7CDE90388EFE743688C2201211B68EA
:1034100010B5044698470B4A0346C4F8940100F1DE
:103420003C0143F82C2B00221A6143F8042B8B42F9
:10343000DA62DA61F8D194F8F8300BB1C0F888207C
:1034400010BD00BF652725209FED842ADFED840A8B
:10345000DFED841AB0EE424A9FED831AF0EE602A47
:10346000F0EE613A9FED810AB0EE413AF0B500F11D
:103470002005A1F1040E00F590762C462DED028B6F
:103480005EF8043F20349F189B5C97F807C003EB5D
:103490000C01A3EB0C0397F806C007EE901AB8EEE8
:1034A000E75A07EE903A7B78B8EEE76A03EB0C0137
:1034B000A3EB0C0397F805C006EE903ABB7804EE38
:1034C000901A03EB0C01A3EB0C03F8EEE44A05EEB3
:1034D000903AFB783F7908EE101AF8EEE66AD919AF
:1034E000B8EEC88ADB1BF8EEE55A07EE901AF8EE44
:1034F000E77A75EE278A75EE677A34EE885A38EEE9
:10350000857A78EEC58A34EEC85A37EE407A44EDB3
:103510000C8A35EE275A04ED107AB0EE677AE5EEA4
:10352000427AA5EE027A44ED0A7A04ED0E7A07EEAD
:10353000103AB8EEC77A37EE257A76EEA55A76EECF
:10354000266A67EE207A37EE665A26EE817AF0EE2A
:10355000466AE5EE217AA5EE217AE5EE826AA5EECD
:10356000C26A77EE865A36EE676A77EE267A36EECC
:10357000C77A44ED0B5A04ED0D6A44ED0F7A04ED61
:10358000097AA6427FF47CAFD0ED006A0430D0ED1A
:10359000377A90ED2F7A36EEE72A90ED0F6A76EEC5
:1035A000A75AD0ED077AD0ED176A37EE875A77EE33
:1035B000C77A90ED277A76EE071A36EE476A90EDD5
:1035C0001F7A36EE871A76EEC76A35EE217A75EEE7
:1035D000814A35EE615A75EEC15A34EE871A74EE9F
:1035E000C74A35EE255AB0EE657A00ED011A76EE3F
:1035F000266AC0ED1F4AE5EE445AA5EE047A37EE7E
:10360000866A72EE277AC0ED2F5A76EEE75A80ED81
:103610000F7A67EE837A26EEA27AF0EE426AE5EE42
:10362000A37AA5EEA37AE6EE446AF0EE425AE6EEFD
:10363000045A37EE266A36EEC77A80ED276A80EDA7
:10364000177A37EEA57A75EEE77A80ED077AC0ED46
:10365000377AA84298D1BDEC028BF0BDF304353F18
:10366000D48B0A3F15EFC33E753DA73F0000804451
:103670002DE9F04F00F1200385B004391C46019379
:1036800000F590730292039351F8043F2034029A9C
:103690009E189F5CF379727807EB0308FF1AB379E1
:1036A00096F802C0D518D31A727996F804900CEBEC
:1036B000020AACEB020CF27805EB0A0BA5EB0A054B
:1036C00002EB09060093B523A2EB090208EB060EF4
:1036D000A8EB0606624435440EEB0B08AEEB0B0E6E
:1036E0005D43009B44F830ECA8F5806806EB252E7E
:1036F000A6EB2526FD18622344F8408C44F8286C7C
:10370000561B44F838EC5E438B235A434FF4A7739F
:103710005D431212009B2D1202EB2622634405EB3F
:103720002625B526734307EB2326A7EB2327D319BA
:10373000BF1A44F82C3CAB19751B44F8347C44F890
:103740003C3C039B44F8245CA3429DD14FF0620AA9
:103750004FF08B094FF4A77B02680430D0F8DC30BF
:10376000C46902EB0308D31AD0F8BC20C56BA118BA
:10377000A21AD0F89C40D0F87CC005EB040E2D1B9B
:10378000C46D644408EB0406A8EB040401EB0E08C6
:10379000A1EB0E0106EB08072144A6EB080640F852
:1037A000047CB527C667794304EB2126A4EB2124CA
:1037B000C16DC663A1EB0C0CC0F8BC409C182A4438
:1037C000AC447A43ACEB040609FB0CF10BFB04F4AC
:1037D0000AFB06F60912241201EB262104EB262629
:1037E00003EB2224A3EB2223CA185B1AC365331907
:1037F000A61BC0F89C20C361019BC0F8DC60984206
:10380000AAD105B0BDE8F08F2DE9F04F00F12003FB
:1038100087B0984603930B1F0492029300F59073B0
:103820000593029B08F12008049953F8042F029392
:10383000049B545CD3189A79597893F8079093F8BD
:1038400002E08D1893F803C004EB090B0092A4EB7F
:1038500009045A791B790EEB020AAEEB02020CEB5B
:1038600003060193009B04EB020E0BEB0607ABEB88
:103870000606C91A05EB0A0B019BA5EB0A05ACEB82
:10388000030307EB0B0CA7EB0B0706EB050AACF5E4
:10389000806CBF004FEA8C0C48F8307C41F2511725
:1038A00048F840CC07FB0AFA41F67E070AF5806A21
:1038B00007FB06A6654FF61248F8386C644E06FB07
:1038C00005A5CE18ED120EEB060C48F8285C42F266
:1038D000A15505FB0CFC0CF5806507FB0E5E5D4FEA
:1038E00007FB065CE5185C4E5C4F75438E180EEBCB
:1038F00005097E4343F20B07B64407FB04940CEB27
:10390000060744F2B316AC44E41240F68E1506FBEB
:1039100002EE48F83C4C46F2542405FB03CC4FEA37
:10392000EE2604FB0171059B4FEAEC2548F82C6C50
:10393000C91248F8245C48F8341C43457FF471AF41
:10394000D0F8E0900430D0F85CC050F8044CC36F5D
:10395000D0F8BC8004EB0906D0F83CE00CEB030B7C
:10396000C169ACEB0303D0F89C2006EB0B0701EB1D
:103970000805A6EB0B060EEB020A0237A4EB0904BE
:10398000A1EB080105EB0A0BA5EB0A05AEEB020261
:1039900007EB0B0CA7EB0B0706EB050A04EB020E7B
:1039A000BF104FEAAC0CC76741F2511740F804CC86
:1039B00007FB0AFA41F67E070AF5804A07FB06A6CE
:1039C000224FF613C663224E06FB05A5CE18ED1353
:1039D0000EEB060CC0F8BC5042F2A15505FB0CFCE6
:1039E0000CF5804507FB0E5E1A4F07FB065CE518D9
:1039F000194E1A4F75438E180EEB05097E4343F29C
:103A00000B070CEB0608B64407FB049444F2B3160C
:103A1000AC4440F68E15E41306FB02EE05FB03C32F
:103A2000C46146F25424DB1304FB01814FEAEE36F5
:103A3000C0F8DC30C913039BC0F89C60C165984294
:103A40007FF47EAF07B0BDE8F08F00BF84F3FFFFC7
:103A5000DFC4FFFF3BC1FFFF33E3FFFFFDADFFFF0F
:103A60002DE9F74F04468946904600214FF48072B5
:103A7000A9F1040904F080FB04F5807304F1200C23
:103A8000009359F8043F0CF1200C03EB080713F8DE
:103A900008A0BE793B79B8780AEB06027979AAEBDF
:103AA00006067D7800EB030EC01AFF7805EB010BCC
:103AB00002EB0E036D1AA2EB0E0A0BEB0301A3EB54
:103AC0008703ABEB0E0EA2EB0B023944ABEB4707BF
:103AD000A1F5607189004CF8401C4FF435614B43EF
:103AE00041F6765101FB0AFA40F6122101FB0EFE67
:103AF00003EB0A01A3EB0A03714401F58061C912CB
:103B00004CF8381C41F637414A436FF4B551134421
:103B1000964440F2735203F5806301FB07E7711985
:103B2000DB1207F580674CF8283C41F6EF53FF1293
:103B30005943731B0544064453434CF8307CCA1A5E
:103B40000B4452494D4341F2A3312B444E4303F5FC
:103B500080633244DB1202F580624CF8343C43F659
:103B6000DE33D21203FB0066009B4CF83C2C2E4443
:103B700006F58066F6124CF82C6C634581D104F191
:103B80001C0342F6CC1B40F6C76A42F27A690193E5
:103B9000D4F800E00434E36FD4F8BC00E26BD4F84E
:103BA0001CC00EEB0007D618D4F89C10E56DD21A95
:103BB0000CEB0108ACEB010107EB060CAEEB0000CF
:103BC000A7EB060EA8EB060608EB0C03A7EB08070D
:103BD00009FB0EFE2B440BFB03F303F58043DB13C1
:103BE00044F8043CACEB8503A8EB45050AFB03F362
:103BF000009340F627535E43009B03EB0E0C42F20A
:103C0000DA435F43B444224B3E440CF5804C03FB43
:103C10000565009B4FEAEC3CA3EB0E0305F58045E0
:103C2000C4F83CC03B44ED1303F58043E56742F222
:103C30001975DB13C4F8BC30431805FB03F6431AAF
:103C400040F21E75114410446B43F51A3344114E73
:103C5000714341F6A516704344F631660B440544A2
:103C600006FB020003F58043014405F58045DB13A4
:103C700001F58041ED13E365C913019BE561C4F8CB
:103C80009C109C4284D103B0BDE8F08FE1D3FFFFCC
:103C900072E2FFFF60C6FFFF2DE9F74F0D46904629
:103CA00000214FF48072044604F066FA2B1F04F1E1
:103CB0002007009304F1E0030193009B42F231716D
:103CC000203753F8042F009302EB080312F8080082
:103CD00093F801A093F8029093F805B093F804C00C
:103CE000DB7800EB0B060AEB0C02A0EB0B0009EBF8
:103CF000030EA9EB0303AAEB0C0C06EB0E05A6EBD7
:103D00000E0600EB030A02EB05094E43A5EB420247
:103D100041F2A161A9F5407906F580664A434FEA70
:103D2000890902F58062F61247F8409CD21247F8E2
:103D3000386C47F8302C40F6B63202FB0AFA00EB3A
:103D40000C02A0EB0C000AF5806A9200C01AA3EBEB
:103D50000C0302EBEA229B00800047F83C2C03EBAB
:103D6000EA2347F8340C47F82C3C019BBB42A4D112
:103D700004F1180843F6E40544F2AD5B42F63A0A52
:103D800041F2D349D4F880000434E269D4F89CE0CD
:103D900054F8043C1618D4F85CC0E26B03EB0E0137
:103DA000A3EB0E0302EB0C07CA190092E269101A8A
:103DB000E26BA2EB0C0CCA19C91B06EB020EA2EBBC
:103DC00046020BFB01F10AFB02F201F5804105FB03
:103DD0000EFE02F58042C9130EF5804ED213E16348
:103DE0001918E26703EB0C021B1AACEB000009FB8D
:103DF00002F24FEAEE3EA3EB0C0305FB01216B43FD
:103E000005FB002201F5804103F5804344F804ECF2
:103E100002F58042C913DB13D213E161E365C4F8F4
:103E20009C204445AED103B0BDE8F08F2DE9F74F9B
:103E300004460D46904600214FF4807204F120069E
:103E400004F09AF941F64C1B04F1C003291F4FF40A
:103E5000356A019351F8043F203603EB080213F84A
:103E600008E092F801C01579D0780EEB050392783E
:103E70000CEB0009ACEB0000AEEB050503EB09070A
:103E8000A3EB090302EB070CA7EB82070BFB03F381
:103E90000AFB07F7ACF5207CDA19DB1B4FEACC0CE8
:103EA00003F5007302F5007246F840CC05EB000CF8
:103EB0009B12921246F8303C41F69A2346F8382C71
:103EC00003FB0CFC41F2710303FB05C52B4B03FB09
:103ED00000C005F50075019B00F50070AD12801261
:103EE00046F83C5C46F8340CB342B3D104F11407F5
:103EF00042F6F60B42F2620A40F67B6942F20C2867
:103F000041F20B5EDFF878C025680434E16FE269A6
:103F1000E06D6B18691AE56D1618521BE56B981960
:103F20009B1B05440AFB03F30BFB05F505F58045D8
:103F3000ED1344F8045CE56BA0EB850009FB00F091
:103F40001D181B1A03F5804305F58045DB13ED139F
:103F5000E3678B18E56308FB03F30EFB01310CFBF1
:103F6000023201F5804102F58042C913D213E161AA
:103F7000E265BC42C8D103B0BDE8F08F5CBAFFFF78
:103F8000DCA6FFFF2DE9F84F04460E461746002138
:103F90004FF4807204F1200504F0EEF841F251185C
:103FA000311F04F1A00241F67E0EDFF8C4C051F8C3
:103FB000040F2035C31910F807B093F80190D87892
:103FC0009B780BEB0006ABEB000009EB030AA9EBB7
:103FD000030306EB0A09A6EB0A063601A9F50079E8
:103FE00045F8386CC6184FEA091908FB06F645F87B
:103FF000409C06F580760EFB00600CFB03634012CC
:104000005B1245F83C0C45F8343CAA42CFD104F190
:10401000100041F2511741F67E06154DD4F800808C
:104020000434E26DD4F81CC0E36B08EB0201A8EB8A
:1040300002020CEB030E0231ACEB030301EB0E0C9E
:10404000A1EB0E0189104FEAAC0CE163D11844F8E2
:1040500004CC794301F5804106FB021205FB0313F2
:10406000D213DB13E261E3658442D7D1BDE8F88F58
:10407000DFC4FFFF2DE9F84304460E461546002134
:104080004FF4807242F2317704F076F8311F04F178
:10409000200204F1800641F2A16C51F8043F203265
:1040A00003EB05085B5D98F802E098F8019003EBDC
:1040B0000E00A3EB0E0300EB0908A0EB49007B43C5
:1040C0000CFB00F0A8F5C07803F5807300F5807054
:1040D0004FEA08185B12401242F8408C42F83C3C10
:1040E00042F8380C9642D8D104F10C0143F6E406AC
:1040F00042F63A0544F2AD5023680434D4F83CC08B
:10410000D4F81CE003EB0C02A3EB0C0302EB0E074C
:10411000A2EB4E02434377436A4303F5804307F51E
:10412000804702F58042DB13FF13D213E36144F8AA
:10413000047CE2638C42DFD1BDE8F88370B50E46A3
:10414000154600214FF48072044604F015F83368D8
:1041500059195A5D4B78D018D31A72685119525DAB
:1041600049785518521A4119401BA1F500710001F8
:1041700009012062216099189B1A09011B016160E5
:10418000636270BD70B50E46154600214FF4807213
:10419000044603F0F1FF33685B5D803B9B012360C5
:1041A00070BD2DE9F04F4FF0000C8FB08346CDE984
:1041B0000421059B049A53F82C300CF1010C9D1836
:1041C0009B5CBCF1080F2A7A95F8079095F802805D
:1041D0006F7995F801A0AC7995F803E00AEB090630
:1041E0002D7908EB040102921A440395AAEB090AFF
:1041F000029DA8EB040401920EEB0702A3EB05035A
:10420000019DAEEB070E05EB0109039D914406EB02
:10421000050841F2A16509EB0807A7F590674FEA89
:1042200047070760A9EB480705FB07F742F6872514
:1042300007F500674FEA27378761019FA7EB010762
:10424000A1EB020105FB07F7039DA6EB450641F232
:10425000A16505FB06F642F2AB2505FB0171314471
:1042600001F500614FEA213181600199A2EB010261
:1042700040F2DC7101FB027242F23171A2EB0602E4
:1042800001FB0AFA02F500624FEA22320261A3EB57
:104290000402A2EB0E0201FB02F241F6175102F5F5
:1042A00000624FEA2232C26003EB04027344A4EBC3
:1042B0000E0401FB02F240F67A7101FB03F30AEBF4
:1042C0000201A2EB0A021944A3EB0A0A01F50061FC
:1042D0004FEA2131416042F6914101FB04F4A2EB27
:1042E0000402544402F5006204F500644FEA2232ED
:1042F0004FEA24344261C46104D0BCF1090F03D0F9
:10430000203056E706A854E70BF11C03ABF104027A
:1043100042F2C23A43F6EF5E049306AB029302996F
:1043200052F804BF51F8043BD2F8E05002910BEB75
:10433000030C116AABEB0303D2F84090D2F8C040F3
:104340002944166A09EB0400D2F8A070D2F8608004
:10435000751B01910CEB000B08EB0701D2F8806094
:104360000395A9EB0404019D8B44A8EB070805EB1A
:10437000060943F291260BEB0907774344F23336E3
:1043800007F58047FF131760ABEB490743F2C86995
:104390000AFB07F707F58047FF13C2F8C070ACEBC4
:1043A0000007401AA1EB0C017743D2F88060A5EB1F
:1043B000460609FB00700AFB06F6304400F5804013
:1043C000C013106440F66B4000FB017142F6F850D8
:1043D000891B01F58041C913C2F88010191BA1EB9C
:1043E00008010EFB01F101F58041C9131166039923
:1043F0000EFB01F519194344A4EB0804414341F6AF
:10440000760043436818491B18445D1B049B00F564
:10441000804093424FEAE030106244F26D6000FB4E
:1044200004F4A1EB04012C4401F5804104F580441F
:104430004FEAE1314FEAE434C2F8A010C2F8E0409C
:104440007FF46DAF0FB0BDE8F08F00002DE9F04FA5
:104450004FF0000C99B086460090CDE90621079BED
:10446000069A53F82C300CF1010C06999A18BCF1FD
:10447000080F5B5C92F80990117A03EB090B01932A
:10448000537802911944907816790491D179D778AC
:1044900000EB010503915179947906EB010AA6EB33
:1044A000010107EB0408A7EB04040BEB0A02ABEBDA
:1044B0000A0BA54E0592049A02EB080AA2EB080823
:1044C000019AA2EB0909029AA3EB0203039AA0EB5B
:1044D0000200059A02EB0A07A2EB45022F44AAEB61
:1044E000450506FB05F542F29D46A7F5A06706FBCC
:1044F000025241F69A254FEA470702F50062CEF8CC
:1045000000704FEA2232CEF810200BEB080205FBB8
:1045100002F241F2710505FB0B2B0BF500654FEA2A
:104520002535CEF80850894D05FB0822A3EB040879
:1045300002F500624FEA2232CEF8182009EB0102A0
:10454000A2EB080542444FEA0838A5EB00054FEA04
:104550004505CEF8145042F6530505FB03F642F626
:10456000B345234405FB096641F28C4506EB403612
:1045700005FB046640F21475754C05FB0165A9EB5B
:10458000010104FB03F341F66F6905F5006509FBC2
:10459000013140F6E3134FEA253503FB0282CEF8E2
:1045A0000450A2EB403001EB0003A1EB000103F546
:1045B000006301F500614FEA23334FEA2131CEF861
:1045C0000C30CEF81C1005D0BCF10A0F05D00EF14E
:1045D000200E44E70DF1200E41E7009A42F6F60E58
:1045E000009B1C32043B029208AA0092009A53F8E6
:1045F000046FD2F8209052F8048B196C06EB090B6B
:10460000D3F8E000A6EB09061C6A00920F181A6A9C
:10461000D3F8C0504244196EA4EB08081C6C01EB9F
:10462000050AD3F880C0D3F8A010A146D3F8E04023
:1046300001916144A9EB04091C6E0BEB0100ABEB8B
:104640000101651B02EB0A0B019CA2EB0A02ACEB19
:10465000040C00EB0B04A0EB470001EB020A3C4406
:10466000ABEB47070EFB04F404F58044E4131C6035
:10467000384C674342F6DD6404FB0070A8EB050785
:1046800000F58040C013C3F8800042F20C2000FB0C
:104690000AFA41F20B5000FB01A101F58041C91358
:1046A00019642D4901FB02A202F58042D213C3F81E
:1046B000C02006EB0C02D11B3A44A1EB09010EFB12
:1046C00009F90EFB01F101F58041C913C3F8A010EF
:1046D00043F29D3101FB08F043F63711A84401FB7A
:1046E000060041F64C21A6EB0C06484401FB0500F0
:1046F0004FF4116101FB0C0142F2F56C01F58041B0
:10470000C9131962154901FB08F841F27B410CFB02
:10471000068640F6A84C4F430CFB0272A2EB090937
:1047200006EB0902A6EB090602F5804206F5804673
:10473000D213F6131A66029AC3F8E0609A427FF425
:1047400055AF19B0BDE8F08F04F2FFFF5CBAFFFF70
:1047500031EDFFFF1AEEFFFFDCA6FFFFEDE7FFFFE5
:104760002DE9F04F0023A1B0834604900093CDE9DA
:104770000621009A079B53F82230069A99189B5CF1
:1047800091F80AA091F8098003EB0A0902934B788B
:1047900091F808C091F802E003934344CF78019365
:1047A0000EEB0C03CE79AEEB0C0E059340F2716C60
:1047B000029BB8190D79A3EB0A0A039B8C79A3EB32
:1047C0000808BB1B2A19497902932B1BA9EB410648
:1047D0000393019B09EB0304059B1C44A3EB4103DA
:1047E00004441444A2EB41020C449D18A4F5B064A7
:1047F0000CFB05F542F66C3C6400CBF80040A0EBE6
:10480000410437190CFB0755019F381A41F6A3578D
:1048100007FB00FC019FC948A9EB070942F2126798
:1048200007FB09F905EB0C0700FB0474A0F6ED305B
:104830004D4400FB02440198A0EB41010CEB090040
:1048400004F5006408EB0E0CC1EB41212413014474
:10485000BB48CBF8084000FB031141F2CD2000FB20
:10486000021242F62A1042F2342102F500621213BB
:10487000CBF81020B34A02FB0655B34A02FB03559E
:104880000AEB080341F6770205F5006558430AEB89
:104890000E032D135943CBF81850029B4418AB4D0F
:1048A00053445A43AA4B03FB0CFC029B144408EBF1
:1048B0000307A84B05FB0A4A039C5F43029B0EEBD0
:1048C00003064FF44C630CEB070903FB04A45E439F
:1048D00042F6D80304F5006403FB0899039B2413F4
:1048E000B444374442F6C716CBF804401C469A4BF2
:1048F00003FB0499994B484403FB0ECC029B00F543
:10490000006006FB0377964E0013009B06FB0477BE
:10491000CBF80C0042F6CB40BE18013300FB04CCB0
:1049200006F50066082B614400934FEA263601F530
:104930000061CBF81C604FEA2131CBF8141004D091
:104940000B2B05D00BF1200B13E70DF1200B10E71B
:10495000049A049B1C32043B059208AA039253F864
:1049600004BF039A1D6AD2F840A0D2F820901A6AB8
:104970000BEB0A0CD3F860E0ABEB0A0A4A44A5EB58
:1049800009091D6C0092039AD3F8807052F8048BC9
:10499000D3F8C060A5EB080BD3F8E050D3F8E010D3
:1049A000AEEB050503921A6C0EEB01040195BD1BDD
:1049B000B9194244029542F2DA17009D4FF4DA68C1
:1049C000D3F8A0000CEB0506ACEB40051644A2EBB7
:1049D0004002049526440E44A1EB400106447E4368
:1049E000571806F5804608FB07F742F6EF58F6130E
:1049F0001E60A4EB400605EB060E009D08FB0E773B
:104A00002C1B41F65A7E42F646080EFB04FEACEB28
:104A10000504544D08FB04F407EB0E0805FB06865D
:104A2000A5F69D45A644274405FB0166009D42F678
:104A30008C3409EB0B08A5EB40004FF4077506F525
:104A4000804605FB00E0484DF61305FB020041F2ED
:104A5000E3351E6405FB0101444E01F58041C91395
:104A6000C3F8801004990846414901FB0077414989
:104A700042F22E4001FB02770AEB090241F6E211F5
:104A800054430AEB0B0207F580475043019AFF138A
:104A900052442518C3F8C0705143374A02FB08F846
:104AA000019A0D4409EB020E344A06FB0A5A06F637
:104AB000AD6602FB0EFE019A029D0BEB020C40F666
:104AC0007D5202FB05A502FB0CFC08EB0E0205F56E
:104AD0008045E044E644ED1342F6324C1D6242F656
:104AE000353505FB0929029A1546254A02FB059929
:104AF000244A4C4402FB0B88019A04F580440CFBC9
:104B000002EE059AE41306FB05EE9A421C6642F695
:104B10006374714404FB058801F5804140444FEA09
:104B2000E13100F58040C3F8E0104FEAE030C3F80F
:104B3000A0007FF414AF21B0BDE8F08F6ADFFFFF63
:104B400094D4FFFF25CCFFFFC3E6FFFFF6C8FFFFAD
:104B500089E7FFFF35D3FFFFCCDDFFFF5AC0FFFF22
:104B6000D6D6FFFF87DDFFFF11D2FFFFC7C5FFFFCE
:104B700025C9FFFF4DE5FFFF1EE6FFFF9DD0FFFFAC
:104B8000D2DBFFFFABBCFFFF2DE9F04F8046AFB09B
:104B900000250290CDE90C210D9B0C9953F825308E
:104BA00001350C9A082D1A445B5C0193D37A92F874
:104BB0000A9003930399019B92F803C003EB010B46
:104BC000537892F809E004934B44177A089393784A
:104BD000D67903EB0E0105930CEB07031079ACEBD0
:104BE000070741F67E0C099300EB06045379A0EB0E
:104BF00006009279069303EB020A0792039A0BEBE5
:104C00000A03ABEB0A0B0A93089BA3EB04030B9379
:104C1000099B01EB030AA1EB0301019BA3EB020338
:104C20000193049BA3EB0909059BA3EB0E0E09EB73
:104C30000006DDE90623A2EB0303089A14440A9A4E
:104C400014440B9A5444A4F5C064C8F80040ABEB7C
:104C500002040A9A8B44A4EB0104A2EB0A02C8F8EE
:104C6000184042F2317404FB02F202F580524FEA1E
:104C70006232C8F810200B9AA2EB010142F6B6325C
:104C800002FB0B1141F2511242F2E73B02FB06F626
:104C90009B4A01F5805102FB0060019A4FEA6131A5
:104CA0000CFB096972440EEB070CC8F808100BFBEB
:104CB00002FB019A934902EB070A41F68D3201FB90
:104CC0000CFC019902FB0AFA0E468F490BEB0A0411
:104CD0004C44ACEB090901FB06444FF4BD6101FBF8
:104CE000034142F6CF1401F580514FEA6131C8F813
:104CF0000410A6EB0701854E04FB01010EEB030433
:104D0000ACEB000041F23A7C06FB04110CFB079C63
:104D100001F580514FEA6131C8F80C107C4901FB64
:104D20000E0002FB03007B4A02FB03CC58440CEB51
:104D30000A0300F5805003F580534FEA60304FEAD4
:104D40006333C8F81400C8F81C3004D00C2D05D00B
:104D500008F1200820E70DF138081DE7029A029BB0
:104D60001C32043B03920EAA019253F804AF019A3D
:104D70000198116E056A186C0AEB0106AAEB010195
:104D8000D2F840C000EB050B0198029150F8049B4B
:104D9000196A1A6A01906244186EA1EB0C0C196C26
:104DA00000EB0907D3F8E0404D1BD3F88000196EE3
:104DB0000BEB070E00EB0408D3F8C040A1EB090988
:104DC000D3F8A000D3F88010ABEB070720448A4645
:104DD000D3F8E0103418361AAAEB010AA2EB080047
:104DE000D3F8A010424441F6EA788B462244D3F827
:104DF000C010A4EB0E047244ABEB010B41F6724100
:104E00004A4302F5005292131A60321AC01BD21B99
:104E1000374441F2C5564A4302F500529213C3F893
:104E2000C02042F2D622544342F2DB6257430CEBDD
:104E30000A0204F5005401FB00703749A41300F581
:104E40000050C3F880408013029C186440F66570DF
:104E50005043324A06FB0C0C05EB090602FB0A0024
:104E6000029A4E43A1F645312A4442F22A5A08FBDF
:104E700002F8029A02EB090E41F67D0202FB0EFED9
:104E800008EB0E076744A6EB0C0C01FB04774FF40C
:104E9000A86404FB0B7404F50054A4131C6202996B
:104EA0001F4CA1EB09010AFB010105EB0B0A04FBF6
:104EB0000A11A6EB000A41F2A54601F5005106FBD6
:104EC00009CC89131966174901FB05A502FB0B558F
:104ED000154A02FB0BC64544039A764405F5005576
:104EE0009A4206F500564FEAA5354FEAA636C3F8B2
:104EF000A050C3F8E0607FF438AF2FB0BDE8F08F6A
:104F0000DFC4FFFF18FAFFFF6AEDFFFFAFEEFFFF00
:104F100023B5FFFF19DCFFFFC0FAFFFF71CBFFFFD6
:104F20009BF0FFFF74BDFFFF16E0FFFF2DE9F04F80
:104F30000023B5B0834609900193CDE90A210B9B6C
:104F4000019A0A9953F822200A9BD318525C93F8CD
:104F50000CA093F8019093F80B800292524493F8BE
:104F600002E093F80AC0049209EB08025879A9EB11
:104F70000808D979AEEB0C09DF785E7A44180592FF
:104F80000EEB0C020894411A0692BA19029C079281
:104F90001A7AA4EB0A0ABC1B1D7903920294AA1880
:104FA000039C03919B79A5EB040E42F2E015A2EB62
:104FB0004307DDE9041001440698014407980144C1
:104FC0000898114401441944A1F5D061CBF80010B0
:104FD0000499A1EB430C0599A1EB43040699A1EBBD
:104FE000430607996543A1EB43000899A1EB4303EE
:104FF00042F6F13101FB0C5541F20C0101FB065167
:10500000554D664440F2193C05FB0011534D3844A0
:1050100005FB0711A5F65D6505FB0311069D2344FD
:1050200041F6026401F580514913CBF80810049948
:10503000491B079DAA1A4A4D6A4342F2F94505FBEE
:1050400001220599089D4D1B464901FB0522464951
:1050500048430CFB060640F6957C03980CFB036660
:105060000AEB0803704408EB090C9119951B42F2F6
:105070003E5201F5805105F5805549136D13CBF86B
:10508000101042F65021CBF8185040F6D525594360
:105090000AEB0903454303985A43029B534404FB1C
:1050A0000353AEEB0005314800FB0CF004FB050C8C
:1050B000029841F6CB2508EB00062D48464302989E
:1050C00009EB00072B4847438818C4182A4800FBFF
:1050D0000A4A40F6332444F6530004FB0EA404F5B8
:1050E00080546413CBF804400CEB0604BC443E44EB
:1050F00005FB0848214D44F2946705FB0E850D44DD
:105100001F4901FB09CC039905F5805500FB01CC33
:105110006D136244CBF80C5002F580525213CBF859
:105120001420029A07FB02666FF45F5707FB0166C3
:10513000F718019B07F5805701337F13082B019364
:10514000CBF81C7004D00D2B1CD00BF1200BF6E615
:105150000DF1300BF3E600BF8CFAFFFF4BE6FFFFCB
:105160000EF2FFFFE0F5FFFF02E2FFFF2BF5FFFF6E
:10517000C2DAFFFFF8EAFFFF5BBFFFFF11B5FFFFD9
:10518000B1CDFFFF099B0DF1300C099A043B1C3295
:10519000099253F804BFDCF86090196ADCF880A02B
:1051A000A1EB0901DCF840800BEB0A02DCF820E0FF
:1051B0000191ABEB0A0A196C0592A1EB08011A6A7E
:1051C0005CF8047B02914A44196E0692A1EB0E0131
:1051D0001A6CD3F8A060D3F8E05042440391D3F89E
:1051E000801070190792A1EB070B711B1A6E41F624
:1051F0003D0604917244DDE9051508924D190799A1
:10520000D3F880200D440899D419D3F8C0200D4458
:105210000599A4EB42082544A1EB420906990544EF
:10522000A1EB42071544754305F50055AD131D600C
:1052300041F6A8150799A1EB420E0899A1EB420689
:1052400005FB07F142F24815A0EB420205FB0911EC
:1052500040F6284505FB0E155449CE4440F2592925
:1052600001FB0655A1F65771464401FB0855A1F60E
:10527000E12101FB025505993A4441F2BB6705F56E
:105280000055AD131D64079D4D1B0899091B484C23
:10529000614341F6014404FB0511069C201A454C6C
:1052A00004FB0011444842F20C04464341F63540E9
:1052B00009FB0E6E40F6CD3909FB02EE019A01EBB7
:1052C0000E05A1EB0E01524401F5005105F5005504
:1052D0005443029A89135244AD13C3F8C010049981
:1052E0005043C3F88050039A0BEB010540F634019C
:1052F0005244694307FB02120499ABEB0105DDE957
:10530000011601EB06082D4901FB08F107FB051802
:10531000039D019940F2BA7701EB050E284901FB84
:105320000EFE3146274E2944274D08EB0E096943EE
:105330002518154488448E4443F2755106FB0A5AD9
:10534000019D07FB0BA707F50057BF131F6241F232
:105350004B4707FB05996FF46357029D07FB0B97BB
:1053600027441A4C04FB0588049C43F2C76507F5E3
:10537000005705FB0488BF1340441F6600F500502A
:105380008013C3F8A000039801FB00EE104901FB55
:1053900004EE724402F500529213C3F8E020099A19
:1053A0009A427FF4F6AE35B0BDE8F08FDEFBFFFF2A
:1053B00070F5FFFF55F8FFFF48E9FFFFCCF7FFFF4F
:1053C000CBE3FFFF0ACFFFFF12F0FFFFE6D9FFFF9D
:1053D000C5D5FFFF2DE9F04F0023C1B084460590ED
:1053E0000193CDE90E21019A0F9B0E9953F82230BB
:1053F0000E9A9A185B5C0293537B92F80BE003932E
:10540000577A5679DDE9023103EB010B53780493A7
:10541000137B06930699049B03EB0109937807938A
:1054200073440C93D3780893937A0993DDE9083198
:1054300058181379D9190A930D91157A9479D3795B
:1054400006EB0508761B04EB030A0B930C9B0BEB96
:105450000A01ABEB0A0B1A460D9B09EB080AA9EBF4
:10546000080902EB030813460D9A01EB0A05AAEBA3
:10547000400A9B1A4544A1EB40010C930544A8EB5C
:10548000400042F26238A5F5E065DDE90232CCF871
:1054900000509B1A069A0293049B9B1A0393079B46
:1054A000A3EB0E0EDDE908329B1A0B9AA21A40F606
:1054B0001224049304FB0AFA42F6C6040A9B04FB76
:1054C00001A1C24C40F6BD0ADB1B04FB00110C9885
:1054D000049DF41A01F580514913CCF810100BEB20
:1054E000090108FB01F841F2A3310AFB0B8B01FB18
:1054F00000B101F580514913CCF80810B44901FB03
:105500000989B44901FB009909F580514913CCF888
:105510001810039901EB0E000299091A2944091B7E
:10552000891ACCF81C1042F6F8414C436FF4A26182
:10553000A4EB453441F6140501FB0040029901EB50
:105540000E049918694342F2526505FB0411A24CFE
:10555000B51A471804FB0E7E42F2D73707FB03E368
:1055600003F580535B13CCF81430DDE902341C19C9
:1055700040F6F2635D4342F6B72303FB0454039BFA
:1055800020441D46954B0C4403FB0500944B03FB44
:105590000600049B04EB4334029B00F58050144446
:1055A0001A44904B401303FB0244019BCCF80C00BF
:1055B000013304F58054082B4FEA64340193CCF88E
:1055C000044004D00E2B05D00CF1200C0BE70DF19C
:1055D000400C08E7059B0DF14009059A043B1C327D
:1055E000069253F8042FD9F880C00192D9F8A02070
:1055F000D9F860000292D9F84050D3F88040DDE934
:10560000012102EB010B1A6A624403921A6C111811
:105610001A6E5619D9F8202059F8047B04EB020EB3
:10562000D3F8A04004EB0708D3F8C040A246D3F853
:10563000E040A2440BEB0A040494ABEB0A0405948B
:10564000039C04EB080AA4EB080801EB0E04A1EB91
:105650000E010394019CA646029CAEEB040E1C6A4C
:10566000A4EB0C0401941C6C201A1C6E651BD3F86F
:105670008040A21AD3F8A040A4EB070BD3F8C04097
:10568000D3F8E070A4EB070C049C04EB0A07039C1E
:10569000AAEB460A274441F2E64437446743049C98
:1056A00007F50057A4EB4604BF131F6040F2946750
:1056B00007FB0AFA41F6A12707FB04A4039F40F267
:1056C000B55AA7EB4606484F07FB0644059E41F234
:1056D000E64704F50054A413C3F8804006EB080421
:1056E00041F21B766643059C0AFB046A40F6D344EC
:1056F00004FB01A404F50054A4131C643B4C04FBFC
:1057000008683B4E06FB0181ABEB020601F5005138
:105710008913C3F8C01001990C18AEEB0401294499
:105720007D43891BA1EB0C01794340F6B97701F564
:1057300000518913C3F8E01041F65E514E432D49E4
:10574000761B01FB046402EB0C010EEB00067943AF
:1057500041F6061707FB0611274F661807FB006086
:1057600041F26876ABEB0C0706FB0200019A0EEBE8
:10577000020640F6C31200F50050574341F6E532E9
:10578000801302FB0676019AC3F8A0003444104649
:105790001A4A0E4402FB0044194A354402FB0B44EA
:1057A000184A02FB0E55184A04F5005402FB0C552A
:1057B000069AA41305F500559A421C664FEAA535D2
:1057C0001D627FF40EAF41B0BDE8F08FC9E3FFFF6B
:1057D000FCC8FFFFE1D3FFFF09B4FFFF6EF2FFFF3C
:1057E000C49DFFFFF0DBFFFF93EDFFFF12DCFFFF27
:1057F00030E3FFFFB1FCFFFF64CEFFFF23F7FFFFA5
:10580000D9BFFFFF73E8FFFF59FDFFFF2DE9F04F00
:105810008446C9B04FF000080690CDE90E210F9BD9
:105820000E9953F8282008F101080E9BB8F1080FD3
:105830001344525C93F801A093F80EB093F80D90C6
:1058400002EB0B0E07920AEB0902DF7A9D7AAAEBB4
:10585000090901929A781E7908921A7B5C7909925B
:10586000DDE908210A4499790D92DA780A923A44DE
:10587000029206EB0502A6EB050603925A7A0B92FA
:10588000224404921A7A01EB02000C920590DB7913
:105890000798A0EB0B0BDDE90802A0EB02000A9AC7
:1058A000A2EB07070B9A0790A4EB020A0C9AA1EB54
:1058B000020203990EEB010004990844DDE901148A
:1058C0000C4405990C440D9900EB040519440D4452
:1058D000A0EB4100A4EB41046049A5F5F06501FB94
:1058E00004F442F29D41CCF8005001FB00400199C4
:1058F00000F580504FEA6030CCF81800039801445E
:10590000C3EB5101A1EB03030D990B440299AEEBDC
:105910000100DDE90441A1EB040441F6486101FB0B
:1059200004F142F6444404FB00110198039CA0EBEF
:10593000040441F64C1000FB04110298484CA0EB03
:1059400003050598A0EB030004FB00F043F2FF04FD
:1059500004FB0500434C084400F580504FEA6030DA
:10596000CCF808000498A0EB0300AEEB030342F66A
:10597000025E04FB03F341F68D1404FB0030079B29
:10598000ABEB0204084442F60A3100F580504FEABE
:105990006030CCF8100042F2317000FB03F509EBE7
:1059A000060301FB03F30EFB043307EB0A0E41F27F
:1059B000682404FB0E3E2C4B03FB06F440F63973BF
:1059C000ABEB060603FB074443F26A63A6EB0A0649
:1059D00003FB0243A9EB07047344A4EB02042B442A
:1059E00003F580534FEA6333CCF8043041F69A2331
:1059F00003FB04F301FB063606F580564FEA6636D4
:105A0000CCF80C60079BABEB0303A3EB0707174B2A
:105A100003FB09F9164B574403FB0B9B154B3A4408
:105A200003FB0ABB00FB02F2F34402F58052ABEB2E
:105A3000050B4FEA62320BF58053CCF814204FEA85
:105A40006333CCF81C3005D0B8F10F0F14D00CF133
:105A5000200CE4E60DF1400CE1E600BF04F2FFFF8C
:105A600060B8FFFF14FDFFFF8FEFFFFF5CBAFFFF81
:105A7000A0F4FFFF2FE4FFFF069B0DF1400B069AF9
:105A8000043B1C32089253F8042FDBF8C0A00192AB
:105A90005244DBF8A090DBF8808002921A6ADBF8AF
:105AA00060E04A44DBF840C0DBF8206003921A6CE7
:105AB000D3F8A0704244D3F88010D3F8C0500692B7
:105AC00001EB0C041A6EB919724405915BF8041BC2
:105AD0000492019A6818691AA2EB0A0A1A6AA2EBE0
:105AE00009091A6CA2EB080207921A6EA2EB0E0EBD
:105AF000D3F88020A2EB0C08BA1B0192029A161967
:105B0000059A1644DDE9032502EB050C069AD3F845
:105B1000E0508444551942F2694206EB0C07ACEBA5
:105B2000450C2F44A6EB45065743574A02FB0CFC95
:105B300042F6A81207F5804702FB06C6039AFF1338
:105B400042F2742C1519D3F8E02006F580461F6048
:105B5000C2EB6505F613AD1A069AC3F8C06015448A
:105B6000049E029A971B059A861A039A401B0CFB07
:105B700006F643F25D2C141B049A0CFB076641F6F3
:105B8000C94C521B43F235370CFB04663F4C604353
:105B900043F2BF7404FB020241F6125442F69740EE
:105BA000324402F58042D2131A64059AA2EB050C26
:105BB000029A551B364A5543079A04FB0C5C43F284
:105BC000F8050CEB0604AAEB0106AAEB080C04F599
:105BD0008044E413C3F8804000FB02F409EB0802A0
:105BE0006A4307FB0622019E0EEB060741F2F146CF
:105BF00006FB0727274A02FB08F641F2521241F63C
:105C0000446802FB0E6643F6EA5202FB01623A4424
:105C1000224402F58042D2131A62019AACEB020CC4
:105C2000A9EB0E02521A08FB02F805FB0C8202F5E2
:105C30008042D2131A66079AAAEB0208019AA8EBCF
:105C40000E0E9644144A714402FB09F9134A41436B
:105C500002FB0A9A019A01F58041C913C3F8A0100A
:105C600011460F4A02FB01AA089ABA449A42AAEBCB
:105C7000040404F580444FEAE434C3F8E0407FF4C0
:105C800002AF49B0BDE8F08F17F0FFFF82AEFFFF13
:105C9000ACFCFFFF4CEDFFFFC4B0FFFF0EF3FFFFB6
:105CA0005AE0FFFF2DE9F04FD3B00346CDE91021B4
:105CB000002206900092119A0099109852F8211033
:105CC000109A8A18095C92F80FC0019161440D91F5
:105CD00051780291917B0391DDE9021001EB000AFA
:105CE00091780491517B0591DDE9041001EB0008E6
:105CF000D1780791117B0891DDE9071001440E91DD
:105D000011790991D17A0A91DDE9091056799479CE
:105D10000F18957A517AD07906EB050E127A04EBBA
:105D200001090B91751B0D9900EB020B0C9242F2CD
:105D3000E97601EB0B020F92A1EB0B020AEB090BC8
:105D4000AAEB090A0D9208EB0E090E9AA8EB0E08B1
:105D500002EB070ED71B019AA2EB0C0CDDE9022126
:105D6000521A0192DDE90421521A0292DDE907215B
:105D7000521A0392DDE90921521A0F9904920B9AE3
:105D8000A21A05920C9A821A01EB0B00A1EB0E01EC
:105D9000ABEB090B484442F67569704441F2511E61
:105DA000A0F500600EFB0BFB44F2875E80001860DC
:105DB00042F6CF1000FB01B101F58061C9121961F3
:105DC000A7EB0A010D98A0EB080B42F6634000FB1D
:105DD0000BFB40F6D40000FB01BB09FB0ABA0EFB2B
:105DE00008AA0AF58061C91299600D9908464C49C4
:105DF00001FB00BB4B4940F6235001FB07B701995B
:105E00000CEB0104059907F58067A1EB0209FF126D
:105E100000FB09F142F64E399F6109FB0419029912
:105E200041F255540CEB0108A918614341F6B64400
:105E300006FB0818039942F609560CEB010E04996B
:105E4000891A614342F2FC2404FB0E1EDDE90114B1
:105E50002144059C641B74434FF48E6606FB01418C
:105E6000019C039EA619DDE90447E7192E4C7C43EB
:105E70002E4F07FB0647DDE902463444049EAE1B65
:105E800070432B4E06FB040A09EB0800294C42F232
:105E90004776704404FB0C0C41F6F300CC195144D6
:105EA00000FB02C2019802F58062D2125A6040F2F1
:105EB0004D2202FB0044059A10461F4A02FB004493
:105EC000029A4C4410461D4A04F5806402FB0011FE
:105ED000039AE41206FB0515DC6007EB0A0442F2A4
:105EE000182A05EB08060AFB024A44F26054049A99
:105EF00006F5806604FB02AA009AF6120AEB0E046D
:105F000001325E6104F58064082A00924FEAE424BD
:105F1000DC6103D0102A13D02033CCE612ABCAE6E2
:105F20003EF9FFFF07DEFFFF17D8FFFFABEAFFFFD9
:105F3000B2D4FFFFD6B6FFFFC1CAFFFFFADBFFFFF7
:105F4000069A069B1C32043B099212AA009253F84F
:105F5000042F0192009AD2F8E070019A02EB070B2D
:105F6000009AD2F8C020029202991A6A02EB010943
:105F7000009AD2F8A020039203991A6C02EB010E4A
:105F8000009AD2F88020049204991A6E0A4407926B
:105F9000009A126E05920599D3F880205618009A3F
:105FA000146CD3F8A02002EB040C009A126A06923B
:105FB000D3F8C010D3F8E00001EB0208009A52F8C1
:105FC000041B00EB010A0092029AABEB0A050BEBF3
:105FD0000A0009EB080AA9EB080908950EEB0C0862
:105FE000079DAEEB0C0E05EB060CAE1B019DEF1BE7
:105FF0001D6AAD1A1A6C0195039D521B049D0292F5
:106000001A6E521B059D0392D3F88020A2EB050B5C
:10601000D3F8A020121B069C0492D3F8C020121BB8
:10602000D3F8E040611A00EB0A04A0EB0C00AAEBE5
:10603000080A444442F67568644441F2511C08342D
:106040000CFB0AFA44F2875C24111C6042F6CF1460
:1060500004FB00A0089C00F58030A4EB0E0A42F679
:106060006344401404FB0AFA40F6D404C3F88000E9
:10607000A6EB090004FB00AA08FB09A90CFB0E997A
:1060800042F6095C09F58030A2EB0109401418645E
:10609000089804464A4800FB04AA4A4800FB06A6A2
:1060A000019806F580363C187614C3F8C06040F6B7
:1060B000235606FB09F042F64E3909FB0409029803
:1060C00041F2555407EB00080498039D08446043CF
:1060D00042F2E97404FB0808039841F6B64407EB62
:1060E000000EABEB0100604342F2FC2404FB0E0EF9
:1060F000DDE901042044049C141B0CFB04F44FF460
:106100008E6C0CFB0040019C0BEB020C04EB050AAF
:106110002D4C2E4D04FB0CF405FB0A4CDDE9024529
:106120002C44049DA5EB0B0A294D06FB0AF605FB42
:10613000046609EB0804274D744405FB074741F644
:10614000F304019D04FB017140F24D2401F58031FF
:106150004914196200EB0C013044664404FB05113C
:106160001D4C42F2182C04FB021242F247744A44BE
:1061700002F5803252141A66029A1146174A02FB3F
:106180000100049A04FB0204039A0CFB026644F229
:10619000605C4444099A0CFB0B6604F580349A4217
:1061A00076444FEA644406F58036C3F8A0404FEACF
:1061B0006646C3F8E0607FF4CAAE53B0BDE8F08F26
:1061C0003EF9FFFF07DEFFFF17D8FFFFABEAFFFF37
:1061D000B2D4FFFFD6B6FFFFC1CAFFFFFADBFFFF55
:1061E0002DE9F04F00F1200395B09E4611930B1F4F
:1061F0001292109300F590731393109A0EF1200EE3
:10620000129952F8043F1092129A9A185B5C01930B
:10621000D37B0293DDE901310B440D935378039353
:10622000937B0493DDE9033103EB010B9378059332
:10623000537B0693DDE9053103EB0109D37807931E
:10624000137B0893DDE907310B440E93137909930F
:10625000D37A95790A93D479967A5779DDE9093119
:1062600007EB0608BF1B03EB010C537A42F2E976F9
:1062700005EB030A0B93137AE1180C930D9B0B4467
:106280000F930D9B5B1A0BEB0A01ABEB0A0B09EBAF
:10629000080A0D93A9EB08090E9B03EB0C08A3EB6E
:1062A0000C0CDDE901329B1A0193DDE903329B1AE4
:1062B0000293DDE905329B1A0393DDE907329B1A4D
:1062C0000493DDE909329B1A05930B9B0C9AEB1A98
:1062D00042F66345A21A0F9C0C44A1EB0A015444F8
:1062E00042F6756A4444A4F50064A4004EF8404C9C
:1062F0000F9CA4EB080841F25114614342F6CF14FD
:1063000004FB0811ACEB0B0444F2875801F58061E3
:10631000C9124EF8301C0D99A1EB0901694340F6F2
:10632000D40505FB04110AFB0B1BA3EB020A08FBB7
:1063300009BB0BF5806440F6235BE4124EF8384C41
:106340000D9C2546914C04FB0511914C04FB0C114E
:1063500001F58061C9124EF8281CDDE901140D1900
:106360000BFB0AF142F64E3A0AFB051A0199039D0E
:1063700001EB0509B91841F255556943049D06FB27
:106380000919019942F6095601EB0508059941F6EC
:10639000B645891A694342F2FC2505FB0818039D9E
:1063A00021462944DD1B75434FF48E6606FB0151DF
:1063B000059D049E05EB030C764DA619764C05FB56
:1063C0000CF504FB065CDDE903456519059C3E1BE5
:1063D0000BFB06F4714E06FB054B019D0AEB09040D
:1063E0002E466F4D444405FB064541F6F30442F248
:1063F000477604FB025201EB0C05029C594402F55E
:106400008062D2124EF83C2C40F24D2202FB045521
:10641000644A02FB0355039B55441A46624B05F53B
:10642000806503FB0211049BED1206FB07174EF873
:10643000345C0CEB0B0542F2182B4F440BFB035B57
:1064400044F26055059B07F5806705FB03BBFF120F
:106450000BEB08054EF82C7C05F58065ED124EF827
:10646000245C139B73457FF4C8AE41F25113019332
:10647000D0F8E0900430D0F8BC80D0F83CE0D0F800
:106480005CC050F8044CC169D0F89C2004EB090BA7
:10649000C36F01EB08050EEB020AA4EB09040CEB39
:1064A0000306ACEB0303A1EB0801AEEB02020BEB1E
:1064B0000607ABEB060605EB0A0BA5EB0A0504EB9A
:1064C000020E07EB0B0CA7EB0B0706EB050A0437D4
:1064D0000CF1040CFF104FEAEC0CC767019F40F869
:1064E00004CC07FB0AFA41F67E0707FB06A62F4FEE
:1064F00006F500463614C6632D4E06FB05A5CE18DC
:1065000005F500450EEB060C2D14C0F8BC5042F208
:10651000A15505FB0CF507FB0E5E264F07FB065C3D
:10652000E518254E254F75438E180EEB05097E4361
:1065300043F20B070CEB0608B64407FB0494AC448B
:1065400044F2B31640F68E1504F5004406FB02E64D
:10655000241405FB03C306F50046C46146F2542427
:1065600003F50043361404FB01811B14C0F89C6042
:1065700001F50041C0F8DC300914119BC165984257
:106580007FF476AF15B0BDE8F08F00BF3EF9FFFF96
:1065900007DEFFFF17D8FFFFABEAFFFFB2D4FFFF14
:1065A000D6B6FFFFC1CAFFFFFADBFFFF84F3FFFF90
:1065B000DFC4FFFF3BC1FFFF33E3FFFFFDADFFFF84
:1065C0002DE9F04F91B004460D46E0300E920021C7
:1065D000202201F0D1FD04F120039E460D932B1FD4
:1065E0000C9304F580730F930C9B0EF1200E0E9903
:1065F00053F8042F0C930E9BD318525C00925A7BD5
:1066000093F80B80019293F804C05F7A5E79DDE91C
:1066100000210A4408925A7802921A7B0392DDE91B
:10662000022102EB010A9A78049242440992DA7834
:1066300005929A7A0692DDE9052151180CEB0702C2
:10664000ACEB07070A921D7A9879DB7906EB05090E
:10665000089A761B00EB030B079302EB0B030B93DB
:10666000A2EB0B030AEB090BAAEB090A0893099B9F
:106670001A460A9B02EB030913460A9A9B1A0993CE
:10668000DDE900329B1A0093DDE902329B1A019387
:10669000049BA3EB0808DDE905329B1A0B9A0293D1
:1066A00002EB0B05079BABEB410B4D44A2EB410208
:1066B000C31A40F612200D44A9EB410100FB0BFB6D
:1066C00042F6C60042F26239A5F5E06500FB02B26F
:1066D000834840F6BD0BAD0000FB012209994EF83E
:1066E000405CF01B02F58062D2124EF8302C089A02
:1066F000524409FB02F9089A0BFB029B41F2A332B8
:1067000002FB01B202F58062D2124EF8382C754AB3
:1067100002FB0A9A744A02FB01AA0AF58062D212AD
:106720004EF8282C019A02EB0801009A029D521A99
:106730002A44121AD21A92004EF8242C42F6F84239
:1067400050436FF4A262A0EB453041F6140502FB02
:106750000101009A02EB0800FA186A4342F25265FE
:1067600005FB0022614801EB020C00FB08C842F265
:10677000D73C0CFB078707F58067DDE90005FF12B2
:106780002844F51A4EF82C7C40F6F2677D4342F619
:10679000B72707FB0050019D01441044029A2F4681
:1067A000534D00EB4230009A05FB0711514D184440
:1067B0001344514A05FB061102FB030001F58061F9
:1067C0000F9B00F58060C912C0124EF8341C4EF8C1
:1067D0003C0C73457FF408AF42F6CC1B40F6C76A09
:1067E00042F27A69D4F800E00434E36FD4F8BC00D4
:1067F000E26BD4F81CC00EEB0007D618D4F89C103E
:10680000E56DD21A0CEB0108ACEB010107EB060CAD
:10681000AEEB0000A7EB060EA8EB060608EB0C0398
:10682000A7EB080709FB0EFE2B440BFB03F303F554
:1068300000431B1444F8043CACEB8503A8EB45056E
:106840000AFB03F3009340F627535E43009B03EBE0
:106850000E0C42F2DA435F43B444284B3E440CF53D
:10686000004C03FB0565009B4FEA2C4CA3EB0E0389
:1068700005F50045C4F83CC03B442D1403F5004326
:10688000E56742F219751B14C4F8BC30431805FBC8
:1068900003F6431A40F21E75114410446B43F51A77
:1068A0003344174E714341F6A516704344F63166E2
:1068B0000B44054406FB020003F50043014405F5C3
:1068C00000451B1401F500412D14E36509140D9BCF
:1068D000E561C4F89C109C4284D111B0BDE8F08FF2
:1068E000C9E3FFFFFCC8FFFFE1D3FFFF09B4FFFFCF
:1068F0006EF2FFFFC49DFFFFF0DBFFFF72E2FFFFC0
:1069000060C6FFFF2DE9F04F8FB006460C46C03041
:106910000C920021402201F02FFC06F120039E463C
:106920000B93231F0A9306F1E0030D930A9A0EF1CD
:10693000200E52F8043F0A920C9A9C189B5C94F823
:106940000B8094F80AB003EB080A0193637894F87B
:1069500009C002935B44E7780693A378E57903EBDB
:106960000C020393237A21790493FB184819491BDD
:1069700007936379A47903EB04090594059D0AEB59
:106980000904AAEB090A5B1B0894069C241A0994C3
:10699000079C02EB0409121B019CA4EB0808029C53
:1069A000A4EB0B0B039CA4EB0C0C049C069D3C1B62
:1069B00041F67E072844089D28444844A0F5C0605D
:1069C00080004EF8400C0998AAEB00009244801A0F
:1069D00080004EF8280CA5EB090042F2317508EB57
:1069E000040968430BEB010500F58060C0124EF806
:1069F000300C0998821A42F6B63000FB0A2242F2A5
:106A0000E73A594802F58062D2124EF8382C41F22A
:106A100051125543554A02FB015108EB0C0207FB8A
:106A20000B5B0CEB04070AFB02FA41F68D3247437D
:106A3000A0F6AE4002FB09F90AEB09055D44A7EB9D
:106A40000B0B00FB08554FF4BD60A8EB040800FBDE
:106A50000350474D00F58060C0124EF83C0C42F6E2
:106A6000CF1000FB08180CEB0300791A41F23A77BB
:106A700005FB008007FB04B700F58060C0124EF8EC
:106A8000340C3C4800FB0C1102FB03113A4A02FB98
:106A9000037751440D9B4F4401F5806107F58067F2
:106AA000C912FF124EF82C1C4EF8247C73457FF45B
:106AB0003DAF43F6E40544F2AD5B42F63A0A41F2DB
:106AC000D349D6F880400436F269D6F83CC056F86F
:106AD000043C02EB040ED6F89C80F26D03EB080038
:106AE000A3EB08030CEB02070192F269C119C01B6A
:106AF000141B019A0BFB00F0ACEB02020EEB010C35
:106B0000A1EB4E0100F5004005FB0CFC0AFB01F176
:106B100000140CF5004C01F50041F06318194FEA20
:106B20002C4C091446F804CCF16799181B1B141B54
:106B300009FB01F19B1A05FB00106B4305FB0411D7
:106B400000F5004003F5004301F5004100141B145B
:106B50000914F061F3650B9BC6F89C109E42B0D1FE
:106B60000FB0BDE8F08F00BF18FAFFFFDFC4FFFFD2
:106B7000AFEEFFFF23B5FFFF19DCFFFF2DE9F04F5C
:106B80008BB083460C46A03008920021602201F0B1
:106B9000F3FA0BF120031F460793231F06930BF113
:106BA000C0030993069B2037089953F8042F0693D6
:106BB000089BD318525C93F8098093F808C002EB45
:106BC000080A01925A789978029262441D790492D7
:106BD000DA79DE788C1803925A79987905EB0209F4
:106BE000AA1A06EB000E301A0AEB0903AAEB090AEF
:106BF000674D0593049B03EB0E09A3EB0E0E019B5F
:106C0000A3EB0808029BA3EB0C0C039BC91A059B82
:106C100003EB0906A3EB44032644A9EB44046C43AD
:106C200042F29D45A6F5A06605FB034341F69A2472
:106C3000B60003F5806347F8406CDB1247F8303C40
:106C40000AEB0E03634341F2710404FB0A3A0AF5AE
:106C50008064E41247F8384C4E4C04FB0E33ACEB26
:106C6000000E03F58063DB1247F8283C08EB0203B3
:106C7000A3EB0E0473444FEA0E3E641AA40047F8D7
:106C80002C4C42F6530404FB0CF542F6B344844406
:106C900004FB085541F28C4405EB413504FB0055DB
:106CA0003D4840F2147400FB0CFC40F6E31004FB7A
:106CB0000254A8EB020200FB03E341F66F6804F5FF
:106CC000806408FB02C2A3EB4131E4125318521A4C
:106CD00047F83C4C03F5806302F58062DB12D21268
:106CE00047F8343C47F8242C099BBB427FF45AAF49
:106CF00042F6F60642F2620A40F67B6942F20C283E
:106D000041F20B5EDFF894C0DBF820500BF1040B6E
:106D1000DBF87C10DBF85C205BF8043CAF18DBF898
:106D20003C400B44AA1AD819DB1B5BF8047C2518DD
:106D3000A0EB8400791A0AFB03F3754309FB00F00A
:106D400005F580451C181B1AED1304F5804403F566
:106D500080434BF8045C8D18DB1308FB05F5E41346
:106D6000CBF87C300EFB0151079B0CFB025201F566
:106D70008041CBF83C4002F58042C913D213CBF8D6
:106D80001C10CBF85C209B45BED10BB0BDE8F08F4A
:106D900004F2FFFF5CBAFFFF31EDFFFFDCA6FFFF4F
:106DA0002DE9F04F87B004460D4600210492802261
:106DB000104401F0E1F904F12003984603932B1FDE
:106DC000029304F1A0030593029B08F120080499A3
:106DD00053F8042F0293049B505CD3189A79597886
:106DE00093F8079093F802E08D1893F803C000EB36
:106DF000090B0092A0EB09005A791B790EEB020AED
:106E0000AEEB02020CEB03060193009B00EB020EBB
:106E10000BEB0607ABEB0606C91A05EB0A0B019B49
:106E2000A5EB0A05ACEB030307EB0B0CA7EB0B0779
:106E300006EB050AACF5806CFF004FEACC0C48F875
:106E4000307C41F2511748F840CC07FB0AFA41F672
:106E50007E070AF5007A07FB06A63A4FB61248F8F5
:106E6000386C394E06FB05A5CE18AD120EEB060C9C
:106E700048F8285C42F2A15505FB0CFC0CF50075A6
:106E800007FB0E5E314F07FB065CC518304E314FD5
:106E900075438E180EEB05097E4343F20B07B6448B
:106EA00007FB00900CEB060744F2B316AC448012CB
:106EB00040F68E1506FB02EE48F83C0C46F25420D4
:106EC00005FB03CC4FEAAE2600FB0171059B4FEAA0
:106ED000AC2548F82C6C891248F8245C48F8341C1E
:106EE00043457FF471AF41F2511641F67E051648D5
:106EF000D4F800E00434E26DE769E36B0EEB0201C5
:106F0000AEEB020207EB030C0231FB1A01EB0C079C
:106F1000A1EB0C018910BF10E163D11844F8047C87
:106F2000714301F5804105FB021200FB0313D213EC
:106F3000DB13E261E365039B9C42D9D107B0BDE856
:106F4000F08F00BF84F3FFFFDFC4FFFF3BC1FFFFF3
:106F500033E3FFFFFDADFFFF2DE9F74F0D469046F0
:106F600000214FF48072044601F006F92B1F04F152
:106F70002007009304F180030193009B42F23171DA
:106F8000203753F8042F009302EB080312F808008F
:106F900093F801A093F8029093F805B093F804C019
:106FA000DB7800EB0B060AEB0C02A0EB0B0009EB05
:106FB000030EA9EB0303AAEB0C0C06EB0E05A6EBE4
:106FC0000E0600EB030A02EB05094E43A5EB420255
:106FD00041F2A161A9F5407906F500764A434FEAEE
:106FE000C90902F50072B61247F8409C921247F8A0
:106FF000386C47F8302C40F6B63202FB0AFA00EB48
:107000000C02A0EB0C000AF5007AD200C01AA3EB28
:107010000C0302EBAA22DB00C00047F83C2C03EB78
:10702000AA2347F8340C47F82C3C019BBB42A4D15F
:1070300004F1180143F6E40642F63A0544F2AD5075
:1070400023680434D4F83CC0D4F81CE003EB0C02F1
:10705000A3EB0C0302EB0E07A2EB4E024343774374
:107060006A4303F5804307F5804702F58042DB134E
:10707000FF13D213E36144F8047CE2638C42DFD156
:1070800003B0BDE8F08F00002DE9F84F05460C462F
:10709000174600214FF4807241F2511801F06CF84C
:1070A00005F12000211F05F1600241F67E0EDFF898
:1070B0008CC051F8044F2030E31914F807B093F84E
:1070C0000190DC789B780BEB0406ABEB040409EB36
:1070D000030AA9EB030306EB0A09A6EB0A067601ED
:1070E000A9F5007940F8386CE6184FEA491908FB11
:1070F00006F640F8409C80360EFB04640CFB0363EC
:1071000024121B1240F83C4C40F8343C8242D0D14F
:107110002A1F05F10C0052F8043F146A0233904212
:1071200003EB0401A3EB04034FEAA1014FEAA3031D
:1071300011601362EFD1BDE8F88F00BFDFC4FFFF1D
:1071400070B50E46154600214FF48072044601F0DA
:1071500013F833685A195B5D51785A185B1AA2F517
:1071600080725B0152016360226070BD2DE9F04FB7
:107170000446CBB04FF000080090CDE90321049BFA
:10718000039953F8282008F10108039B505CB8F1DB
:10719000080F13449A79597893F8079093F802E00E
:1071A00001EB020593F803C000EB090B0192A0EB81
:1071B00009005A791B790EEB020AAEEB02020CEBC6
:1071C00003060293019B00EB020E0BEB0607ABEBF1
:1071D0000606A1EB030105EB0A0B029BA5EB0A05D2
:1071E000ACEB030307EB0B0CA7EB0B0706EB050A55
:1071F000ACF5806C4FEA87074FEA8C0C276141F2AF
:107200005117C4F800C007FB0AFA41F67E0707FBD6
:1072100006A6CB4F06F580664FEAE626A660C94E65
:1072200006FB05A501EB030605F580650EEB060CD4
:107230004FEAE525A56142F2A15505FB0CF507FBD8
:107240000E5EC14F07FB065C00EB0305BF4EC04F4F
:1072500006FB05F501EB02060EEB050907FB06F63A
:1072600043F20B07B64407FB00900CEB0607AC4457
:1072700044F2B31600F5806040F68E1506FB02E678
:107280004FEAE02005FB03C506F58066606046F224
:10729000542005F580654FEAE62600FB01714FEAB0
:1072A000E525666101F58061E5614FEAE121E16074
:1072B00004D0B8F1100F03D0203460E70AAC5EE7C9
:1072C000009A009B1C32043B09920AAA009253F8D0
:1072D000042F0192009AD2F8E070019A02EB070B9A
:1072E000009AD2F8C020029202991A6A02EB0109B0
:1072F000009AD2F8A020039203991A6C02EB010EB7
:10730000009AD2F88020049204991A6E0A440792D7
:10731000009A126E05920599D3F880205618009AAB
:10732000146CD3F8A02002EB040C009A126A0692A7
:10733000D3F8C010D3F8E00001EB0208009A52F82D
:10734000041B00EB010A0092029AABEB0A050BEB5F
:107350000A0009EB080AA9EB080908950EEB0C08CE
:10736000079DAEEB0C0E05EB060CAE1B019DEF1B53
:107370001D6AAD1A1A6C0195039D521B049D029261
:107380001A6E521B059D0392D3F88020A2EB050BC9
:10739000D3F8A020121B069C0492D3F8C020121B25
:1073A000D3F8E040611A00EB0A04A0EB0C00AAEB52
:1073B000080A444442F67568644441F2511C04349E
:1073C0000CFB0AFA44F2875CE4101C6042F6CF140E
:1073D00004FB00A0089C00F50040A4EB0E0A42F656
:1073E0006344001404FB0AFA40F6D404C3F8800096
:1073F000A6EB090004FB00AA08FB09A90CFB0E99E7
:1074000042F6095C09F50040A2EB0109001418647A
:10741000089804464F4800FB04AA4F4800FB06A604
:10742000019806F500463C183614C3F8C06040F6D3
:10743000235606FB09F042F64E3909FB040902986F
:1074400041F2555407EB00080498039D084460433B
:1074500042F2E97404FB0808039841F6B64407EBCE
:10746000000EABEB0100604342F2FC2404FB0E0E65
:10747000DDE901042044049C141B0CFB04F44FF4CC
:107480008E6C0CFB0040019C0BEB020C04EB050A1C
:10749000324C334D04FB0CF405FB0A4CDDE902458C
:1074A0002C44049DA5EB0B0A2E4D06FB0AF605FBAA
:1074B000046609EB08042C4D744405FB074741F6AC
:1074C000F304019D04FB017140F24D2401F50041DC
:1074D0000914196200EB0C013044664404FB0511E9
:1074E000224C42F2182C04FB021242F247744A4426
:1074F00002F5004212141A66029A11461C4A02FB57
:107500000100049A04FB0204039A0CFB026644F295
:10751000605C4444099A0CFB0B6604F500449A42F3
:1075200076444FEA244406F50046C3F8A0404FEAEB
:107530002646C3F8E0607FF4CAAE4BB0BDE8F08FDA
:1075400084F3FFFFDFC4FFFF3BC1FFFF33E3FFFF17
:10755000FDADFFFF3EF9FFFF07DEFFFF17D8FFFF7E
:10756000ABEAFFFFB2D4FFFFD6B6FFFFC1CAFFFFF1
:10757000FADBFFFF2DE9F04FB7B0804691464FF49C
:1075800080720091002100F0F7FD47464FF0000E99
:10759000009B53F82E300EF1010E03EB090613F891
:1075A00009A0BEF1080F3379B579B17870790AEB8B
:1075B0000502747801EB030CA1EB0301F67804EBF0
:1075C000000B02EB0C03A4EB0004AAEB05050BEB8C
:1075D0000300A3EB8603A2EB0C0AABEB0C0C3044CC
:1075E000A2EB0B02ABEB4606A0F560704FEA800001
:1075F00038604FF4356000FB03F341F6765000FB32
:107600000AFA40F6122000FB0CFC03EB0A00A3EB85
:107610000A03604400F580604FEAE020B86041F65C
:10762000374000FB02F26FF4B5501344944440F22B
:10763000735203F5806300FB06C605EB04004FEAB6
:10764000E32306F58066BB6141F6EF534FEAE62679
:1076500003FB00F0A5EB04030C440D4402FB03F311
:107660003E61A0EB03020344904800FB04F441F2A6
:10767000A330234400FB05F503F580632A444FEA59
:10768000E32302F58062FB6043F6DE334FEAE22239
:1076900003FB01557A60254405F580654FEAE52531
:1076A0007D6104D0BEF10E0F03D0203770E706AF26
:1076B0006EE708F11802A8F104030DF1180905920C
:1076C00053F8042FD9F880C00092D9F8A020D9F837
:1076D00060000192D9F84050D3F88040DDE90021E4
:1076E00002EB010B1A6A624402921A6C11181A6EAC
:1076F0005619D9F8202059F8047B04EB020ED3F870
:10770000A04004EB0708D3F8C040A246D3F8E040FD
:10771000A2440BEB0A040394ABEB0A040494029C0E
:1077200004EB080AA4EB080801EB0E04A1EB0E0120
:107730000294009CA646019CAEEB040E1C6AA4EBCE
:107740000C0400941C6C201A1C6E651BD3F880403E
:10775000A21AD3F8A040A4EB070BD3F8C040D3F88B
:10776000E070A4EB070C039C04EB0A07029CAAEB55
:10777000460A274441F2E64437446743039C07F531
:107780008047A4EB4604FF131F6040F2946707FB99
:107790000AFA41F6A12707FB04A4029F40F2B55A5A
:1077A000A7EB4606424F07FB0644049E41F2E6471C
:1077B00004F58044E413C3F8804006EB080441F26A
:1077C0001B766643049C0AFB046A40F6D34404FB20
:1077D00001A404F58044E4131C64364C04FB0868DF
:1077E000354E06FB0181ABEB020601F58041C91362
:1077F000C3F8C01000990C18AEEB040129447D4376
:10780000891BA1EB0C01794340F6B97701F5804162
:10781000C913C3F8E01041F65E514E432749761B69
:1078200001FB046402EB0C010EEB0006794341F608
:10783000061707FB0611224F661807FB006041F28E
:107840006876ABEB0C0706FB0200009A0EEB020613
:1078500040F6C31200F58040574341F6E532C013AD
:1078600002FB0676009AC3F8A00034441046154A7D
:107870000E4402FB0044144A354402FB0B44134AF5
:1078800002FB0E55124A04F5804402FB0C55059A82
:10789000E41305F580459A421C664FEAE5351D6202
:1078A0007FF40EAF37B0BDE8F08F00BFE1D3FFFF2C
:1078B00093EDFFFF12DCFFFF30E3FFFFB1FCFFFFA2
:1078C00064CEFFFF23F7FFFFD9BFFFFF73E8FFFF81
:1078D00059FDFFFF2DE9F04FA5B0804691464FF4CA
:1078E00080720291002100F047FC46460020029B76
:1078F00053F82020013002EB090312F80910082880
:1079000093F801A093F802E093F805B01F79DB78B3
:1079100001EB0B050AEB0702A1EB0B010EEB030CCD
:10792000AEEB03030192AAEB070705EB0C04A5EBF2
:107930000C0501EB030A02EB040E42F2317202FB6A
:1079400005F5019AAEF5407EA4EB420241F2A16436
:1079500005F580654FEA8E0E04FB02F24FEAE5253D
:10796000C6F800E002F58062B5604FEAE2223261BB
:1079700040F6B63202FB0AFA01EB0702A1EB07015F
:10798000A3EB07070AF5806A4FEA8202A1EB030125
:107990004FEA870702EBEA224FEA810107EBEA2769
:1079A0007260F160776103D00C2803D020369EE727
:1079B00004AE9CE708F11402A8F10403039204AAA0
:1079C000019253F804AF019A0198116E056A186C80
:1079D0000AEB0106AAEB0101D2F840C000EB050B4F
:1079E0000198029150F8049B196A1A6A0190624446
:1079F000186EA1EB0C0C196C00EB0907D3F8E040F2
:107A00004D1BD3F88000196E0BEB070E00EB04083A
:107A1000D3F8C040A1EB0909D3F8A000D3F8801037
:107A2000ABEB070720448A46D3F8E0103418361A27
:107A3000AAEB010AA2EB0800D3F8A010424441F6D9
:107A4000EA788B462244D3F8C010A4EB0E047244AB
:107A5000ABEB010B41F672414A4302F58042D2136F
:107A60001A60321AC01BD21B374441F2C5564A4332
:107A700002F58042D213C3F8C02042F2D62254430A
:107A800042F2DB6257430CEB0A0204F5804401FB2F
:107A900000703149E41300F58040C3F88040C01302
:107AA000029C186440F6657050432C4A06FB0C0C8F
:107AB00005EB090602FB0A00029A4E43A1F6453186
:107AC0002A4442F22A5A08FB02F8029A02EB090EF3
:107AD00041F67D0202FB0EFE08EB0E076744A6EBA3
:107AE0000C0C01FB04774FF4A86404FB0B7404F541
:107AF0008044E4131C620299194CA1EB09010AFBB2
:107B0000010105EB0B0A04FB0A11A6EB000A41F286
:107B1000A54601F5804106FB09CCC9131966114938
:107B200001FB05A502FB0B550F4A02FB0BC64544A2
:107B3000039A764405F580459A4206F580464FEA59
:107B4000E5354FEAE636C3F8A050C3F8E0607FF4AD
:107B500038AF25B0BDE8F08FC0FAFFFF71CBFFFF53
:107B60009BF0FFFF74BDFFFF16E0FFFF2DE9F04F14
:107B7000804695B08A46914600214FF4807200F00D
:107B8000FBFA4646002041F64C1B5AF820300130E3
:107B900003EB090213F809C0082851781579D47845
:107BA0000CEB0503927801EB040EA1EB0404ACEBA3
:107BB000050503EB0E07A3EB0E0302EB0701A7EB92
:107BC00082074FF435620BFB03F3A1F5207102FB32
:107BD00007F74FEA810103EB0702A3EB07033160CC
:107BE00005EB040103F5806302F580624FEAE323AD
:107BF0004FEAE222336141F69A23B26003FB01F1BE
:107C000041F2710303FB0515654B03FB041405F5F5
:107C1000806504F580644FEAE5254FEAE424756049
:107C2000F46003D00A2803D02036AEE704AEACE7F8
:107C300008F11002A8F1040342F6F60E039204AA1A
:107C40000192019A53F8046FD2F8209052F8048BF5
:107C5000196C06EB090BD3F8E000A6EB09061C6AC9
:107C600001920F181A6AD3F8C0504244196EA4EB5F
:107C700008081C6C01EB050AD3F880C0D3F8A010EB
:107C8000A146D3F8E04002916144A9EB04091C6EBF
:107C90000BEB0100ABEB0101651B02EB0A0B029C35
:107CA000A2EB0A02ACEB040C00EB0B04A0EB4700C8
:107CB00001EB020A3C44ABEB47070EFB04F404F56E
:107CC0008044E4131C60374C674342F6DD6404FBD8
:107CD0000070A8EB050700F58040C013C3F88000D2
:107CE00042F20C2000FB0AFA41F20B5000FB01A10A
:107CF00001F58041C91319642B4901FB02A202F569
:107D00008042D213C3F8C02006EB0C02D11B3A44C8
:107D1000A1EB09010EFB09F90EFB01F101F5804110
:107D2000C913C3F8A01043F29D3101FB08F043F6DC
:107D30003711A84401FB060041F64C21A6EB0C06C6
:107D4000484401FB05004FF4116101FB0C0142F2B4
:107D5000F56C01F58041C9131962144901FB08F85B
:107D600041F27B410CFB068640F6A84C4F430CFBCE
:107D70000272A2EB090906EB0902A6EB090602F55D
:107D8000804206F58046D213F6131A66039AC3F8AA
:107D9000E0609A427FF455AF15B0BDE8F08F00BFA8
:107DA0005CBAFFFF1AEEFFFFDCA6FFFFEDE7FFFF67
:107DB0002DE9F74F04460E46174600214FF4807216
:107DC00004F1200500F0D8F941F25118311F04F5F3
:107DD000907241F67E0EDFF878C151F8040F20351D
:107DE000C31910F807B093F80190D8789B780BEB83
:107DF0000006ABEB000009EB030AA9EB030306EB5B
:107E00000A09A6EB0A06F600A9F5007945F8386CD0
:107E1000C6184FEAC90908FB06F645F8409C06F566
:107E200000760EFB00600CFB036380129B1245F88A
:107E30003C0C45F8343CAA42CFD104F11003019325
:107E4000D4F8E0900434D4F85CC054F8040CE36F28
:107E5000D4F8BC8000EB0906D4F83CE00CEB030B33
:107E6000E169ACEB0303D4F89C2006EB0B0701EBB4
:107E70000805A6EB0B060EEB020A0237A0EB090081
:107E8000A1EB080105EB0A0BA5EB0A05AEEB02021C
:107E900007EB0B0CA7EB0B0706EB050A00EB020E3A
:107EA000BF104FEAAC0CE76741F2511744F804CC1D
:107EB00007FB0AFA41F67E070AF5804A07FB06A689
:107EC000224FF613E663224E06FB05A5CE18ED13EE
:107ED0000EEB060CC4F8BC5042F2A15505FB0CFC9D
:107EE0000CF5804507FB0E5E1A4F07FB065CC518B4
:107EF000194E1A4F75438E180EEB05097E4343F257
:107F00000B070CEB0608B64407FB009044F2B316CF
:107F1000AC4440F68E15C01306FB02EE05FB03C30E
:107F2000E06146F25420DB1300FB01814FEAEE369C
:107F3000C4F8DC30C913019BC4F89C60E1659C4225
:107F40007FF47EAF03B0BDE8F08F00BF84F3FFFF86
:107F5000DFC4FFFF3BC1FFFF33E3FFFFFDADFFFFCA
:107F60002DE9F74F04460E46154600214FF4807266
:107F700042F2317700F000F9311F04F1200204F1E0
:107F8000E00641F2A16C51F8043F203203EB0508F2
:107F90005B5D98F802E098F8019003EB0E00A3EB0C
:107FA0000E0300EB0908A0EB49007B430CFB00F03B
:107FB000A8F5C07803F5007300F500704FEAC80813
:107FC0009B12801242F8408C42F83C3C42F8380C3C
:107FD0009642D8D104F10C0843F6E40544F2AD5BB7
:107FE00042F63A0A41F2D349D4F880000434E269F7
:107FF000D4F89CE054F8043C1618D4F85CC0E26B4A
:1080000003EB0E01A3EB0E0302EB0C07CA1901925E
:10801000E269101AE26BA2EB0C0CCA19C91B06EB41
:10802000020EA2EB46020BFB01F10AFB02F201F584
:10803000804105FB0EFE02F58042C9130EF5804E0D
:10804000D213E1631918E26703EB0C021B1AACEBC5
:10805000000009FB02F24FEAEE3EA3EB0C0305FB26
:1080600001216B4305FB002201F5804103F58043AC
:1080700044F804EC02F58042C913DB13D213E1612A
:10808000E365C4F89C204445AED103B0BDE8F08F51
:108090002DE9F04104460D46164600214FF480724A
:1080A00004F1A00700F068F804F12000291F51F83E
:1080B000043F20309A199B5D52789D189B1AA5F5B4
:1080C0008075DB00ED0040F83C3C40F8405C8742A6
:1080D000EDD104F1080041F2511741F67E06134D2F
:1080E000D4F820E0043454F8048CE26DE36B08EB20
:1080F0000201A8EB02020EEB030CAEEB030301EB53
:108100000C0EA1EB0C01E163D11844F804EC7943A7
:1081100001F5805106FB021205FB031352135B139A
:10812000E261E3658442DBD1BDE8F081DFC4FFFF9B
:1081300070B50E46154600214FF48072044600F0DB
:108140001BF872683368515D5B5D5A185B1AA2F5C3
:1081500080725B0152012362226070BD000000004A
:108160005FF800F0C9DE01005FF800F0E1DF010018
:108170005FF800F0B5DF01005FF800F031E00100CA
:108180005FF800F0E1EE01005FF800F0A5DF01000C
:108190005FF800F021EF0100000002010204040377
:1081A0000407050404000102770000020103030232
:1081B0000403050504040000017D00000301010122
:1081C00001010101010100000000000000010501A2
:1081D0000101010101000000000000001100000089
:1081E00012000000180000002F00000063000000D3
:1081F0006300000063000000630000001200000044
:10820000150000001A00000042000000630000009A
:10821000630000006300000063000000180000001D
:108220001A00000038000000630000006300000036
:108230006300000063000000630000002F000000E6
:1082400042000000630000006300000063000000C3
:108250006300000063000000630000006300000092
:108260006300000063000000630000006300000082
:108270006300000063000000630000006300000072
:108280006300000063000000630000006300000062
:108290006300000063000000630000006300000052
:1082A0006300000063000000630000006300000042
:1082B0006300000063000000630000006300000032
:1082C0006300000063000000630000006300000022
:1082D0006300000063000000630000001000000065
:1082E0000B0000000A000000100000001800000051
:1082F00028000000330000003D0000000C000000DA
:108300000C0000000E000000130000001A00000026
:108310003A0000003C000000370000000E000000A2
:108320000D000000100000001800000028000000F0
:108330003900000045000000380000000E00000079
:1083400011000000160000001D00000033000000B6
:1083500057000000500000003E0000001200000026
:108360001600000025000000380000004400000056
:108370006D000000670000004D00000018000000C4
:108380002300000037000000400000005100000002
:1083900068000000710000005C0000003100000077
:1083A000400000004E000000570000006700000081
:1083B000790000007800000065000000480000001F
:1083C0005C0000005F000000620000007000000020
:1083D0006400000067000000630000000001020369
:1083E00011040521310612415107617113223281B6
:1083F00008144291A1B1C109233352F0156272D120
:108400000A162434E125F11718191A262728292AD3
:1084100035363738393A434445464748494A535434
:1084200055565758595A636465666768696A737424
:1084300075767778797A82838485868788898A9227
:10844000939495969798999AA2A3A4A5A6A7A8A94C
:10845000AAB2B3B4B5B6B7B8B9BAC2C3C4C5C6C771
:10846000C8C9CAD2D3D4D5D6D7D8D9DAE2E3E4E59D
:10847000E6E7E8E9EAF2F3F4F5F6F7F8F9FA0102CB
:1084800003000411051221314106135161072271C5
:1084900014328191A1082342B1C11552D1F0243385
:1084A000627282090A161718191A25262728292AFE
:1084B0003435363738393A434445464748494A53B4
:1084C0005455565758595A636465666768696A73A4
:1084D0007475767778797A838485868788898A9295
:1084E000939495969798999AA2A3A4A5A6A7A8A9AC
:1084F000AAB2B3B4B5B6B7B8B9BAC2C3C4C5C6C7D1
:10850000C8C9CAD2D3D4D5D6D7D8D9DAE1E2E3E400
:10851000E5E6E7E8E9EAF1F2F3F4F5F6F7F8F9FA57
:10852000000102030405060708090A0B0001020303
:108530000405060708090A0B426F677573206D650D
:10854000737361676520636F646520256400414C27
:1085500049474E5F545950452069732077726F6EBA
:10856000672C20706C6561736520666978004D41E9
:10857000585F414C4C4F435F4348554E4B20697305
:108580002077726F6E672C20706C65617365206652
:10859000697800426F677573206275666665722040
:1085A000636F6E74726F6C206D6F646500496E76D8
:1085B000616C696420636F6D706F6E656E742049C5
:1085C0004420256420696E20534F5300496E766124
:1085D0006C69642063726F70207265717565737465
:1085E0000044435420636F656666696369656E7411
:1085F000206F7574206F662072616E67650044435A
:1086000054207363616C656420626C6F636B2073CC
:10861000697A65202564782564206E6F74207375EF
:1086200070706F7274656400436F6D706F6E656E0D
:108630007420696E6465782025643A206D69736DD5
:1086400061746368696E672073616D706C696E67D1
:1086500020726174696F2025643A25642C2025649A
:108660003A25642C20256300426F67757320487596
:1086700066666D616E207461626C65206465666912
:108680006E6974696F6E00426F67757320696E70F2
:10869000757420636F6C6F72737061636500426FF5
:1086A000677573204A50454720636F6C6F72737013
:1086B00061636500426F677573206D61726B6572EF
:1086C000206C656E6774680057726F6E67204A5041
:1086D0004547206C696272617279207665727369B0
:1086E0006F6E3A206C69627261727920697320251D
:1086F000642C2063616C6C657220657870656374AE
:10870000732025640053616D706C696E672066612B
:1087100063746F727320746F6F206C617267652071
:10872000666F7220696E7465726C6561766564202F
:108730007363616E00496E76616C6964206D656D6E
:108740006F727920706F6F6C20636F646520256491
:1087500000556E737570706F72746564204A504571
:1087600047206461746120707265636973696F6E1C
:1087700020256400496E76616C69642070726F67B1
:108780007265737369766520706172616D65746579
:1087900072732053733D25642053653D2564204149
:1087A000683D256420416C3D256400496E76616C0E
:1087B00069642070726F6772657373697665207083
:1087C0006172616D65746572732061742073636199
:1087D0006E2073637269707420656E7472792025DF
:1087E0006400426F6775732073616D706C696E67AA
:1087F00020666163746F727300496E76616C6964A0
:10880000207363616E2073637269707420617420D9
:10881000656E74727920256400496D70726F7065A1
:10882000722063616C6C20746F204A504547206C45
:1088300069627261727920696E2073746174652057
:108840002564004A50454720706172616D6574650A
:108850007220737472756374206D69736D617463D3
:10886000683A206C696272617279207468696E6B13
:10887000732073697A652069732025752C206361E4
:108880006C6C657220657870656374732025750063
:10889000426F677573207669727475616C206172BE
:1088A0007261792061636365737300427566666502
:1088B000722070617373656420746F204A5045475D
:1088C000206C69627261727920697320746F6F2005
:1088D000736D616C6C0053757370656E73696F6E48
:1088E000206E6F7420616C6C6F77656420686572B0
:1088F0006500434349523630312073616D706C69B5
:108900006E67206E6F7420696D706C656D656E7436
:1089100065642079657400546F6F206D616E7920F5
:10892000636F6C6F7220636F6D706F6E656E7473C2
:108930003A2025642C206D617820256400556E73E3
:108940007570706F7274656420636F6C6F722063F2
:108950006F6E76657273696F6E207265717565737F
:108960007400426F6775732044414320696E6465EB
:108970007820256400426F67757320444143207658
:10898000616C7565203078257800426F67757320BB
:1089900044485420696E64657820256400426F67FE
:1089A00075732044515420696E64657820256400F5
:1089B000456D707479204A50454720696D6167653F
:1089C0002028444E4C206E6F7420737570706F7247
:1089D0007465642900526561642066726F6D20457C
:1089E0004D53206661696C65640057726974652037
:1089F000746F20454D53206661696C65640044695D
:108A0000646E277420657870656374206D6F72657D
:108A1000207468616E206F6E65207363616E00491B
:108A20006E7075742066696C65207265616420657E
:108A300072726F72004F75747075742066696C6520
:108A4000207772697465206572726F72202D2D2DEA
:108A5000206F7574206F66206469736B207370617A
:108A600063653F004672616374696F6E616C207369
:108A7000616D706C696E67206E6F7420696D706CCB
:108A8000656D656E74656420796574004875666609
:108A90006D616E20636F64652073697A652074610F
:108AA000626C65206F766572666C6F77004D6973D6
:108AB00073696E6720487566666D616E20636F64CA
:108AC00065207461626C6520656E747279004D6119
:108AD00078696D756D20737570706F727465642040
:108AE000696D6167652064696D656E73696F6E207D
:108AF000697320257520706978656C7300456D7009
:108B0000747920696E7075742066696C65005072A6
:108B1000656D617475726520656E64206F6620698D
:108B20006E7075742066696C650043616E6E6F745B
:108B3000207472616E73636F646520647565207460
:108B40006F206D756C7469706C6520757365206F2E
:108B500066207175616E74697A6174696F6E2074D4
:108B600061626C65202564005363616E20736372DB
:108B700069707420646F6573206E6F742074726105
:108B80006E736D697420616C6C206461746100495E
:108B90006E76616C696420636F6C6F7220717561B1
:108BA0006E74697A6174696F6E206D6F646520639D
:108BB00068616E6765004E6F7420696D706C656DDD
:108BC000656E7465642079657400526571756573AE
:108BD00074656420666561747572652077617320C1
:108BE0006F6D697474656420617420636F6D706962
:108BF0006C652074696D650041726974686D657497
:108C00006963207461626C65203078253032782089
:108C1000776173206E6F7420646566696E656400A9
:108C20004261636B696E672073746F7265206E6F4B
:108C30007420737570706F72746564004875666631
:108C40006D616E207461626C6520307825303278F9
:108C500020776173206E6F7420646566696E656449
:108C6000004A504547206461746173747265616D98
:108C700020636F6E7461696E73206E6F20696D6121
:108C80006765005175616E74697A6174696F6E20F1
:108C90007461626C6520307825303278207761739A
:108CA000206E6F7420646566696E6564004E6F7433
:108CB0002061204A5045472066696C653A207374EC
:108CC0006172747320776974682030782530327847
:108CD0002030782530327800496E73756666696396
:108CE00069656E74206D656D6F727920286361739C
:108CF00065202564290043616E6E6F742071756173
:108D00006E74697A65206D6F7265207468616E207B
:108D1000256420636F6C6F7220636F6D706F6E657A
:108D20006E74730043616E6E6F74207175616E7442
:108D3000697A6520746F2066657765722074686152
:108D40006E20256420636F6C6F72730043616E6EDA
:108D50006F74207175616E74697A6520746F206D0F
:108D60006F7265207468616E20256420636F6C6F7C
:108D7000727300496E76616C6964204A50454720E1
:108D800066696C65207374727563747572653A20D8
:108D90002573206265666F726520534F4600496EE9
:108DA00076616C6964204A5045472066696C65208D
:108DB0007374727563747572653A2074776F20539B
:108DC0004F46206D61726B65727300496E76616CFF
:108DD0006964204A5045472066696C652073747247
:108DE0007563747572653A206D697373696E672077
:108DF000534F53206D61726B657200556E737570C1
:108E0000706F72746564204A5045472070726F63BA
:108E10006573733A20534F4620747970652030781B
:108E20002530327800496E76616C6964204A50457D
:108E3000472066696C65207374727563747572651A
:108E40003A2074776F20534F49206D61726B6572C1
:108E500073004661696C656420746F20637265619C
:108E600074652074656D706F726172792066696CCB
:108E7000652025730052656164206661696C6564D4
:108E8000206F6E2074656D706F72617279206669F3
:108E90006C65005365656B206661696C6564206F65
:108EA0006E2074656D706F726172792066696C6591
:108EB000005772697465206661696C6564206F6E25
:108EC0002074656D706F726172792066696C6520BF
:108ED0002D2D2D206F7574206F66206469736B20B3
:108EE00073706163653F004170706C6963617469A0
:108EF0006F6E207472616E73666572726564207441
:108F00006F6F20666577207363616E6C696E657341
:108F100000556E737570706F72746564206D617248
:108F20006B65722074797065203078253032780056
:108F30005669727475616C20617272617920636F19
:108F40006E74726F6C6C6572206D657373656420EE
:108F5000757000496D61676520746F6F2077696473
:108F60006520666F72207468697320696D706C6526
:108F70006D656E746174696F6E0052656164206620
:108F8000726F6D20584D53206661696C656400579F
:108F90007269746520746F20584D53206661696C46
:108FA000656400436F70797269676874202843298B
:108FB00020323031362C2054686F6D617320472E7B
:108FC000204C616E652C20477569646F20566F6C6C
:108FD0006C626564696E67003962202031372D4A02
:108FE000616E2D323031360043617574696F6E3AAF
:108FF000207175616E74697A6174696F6E20746135
:10900000626C65732061726520746F6F20636F619D
:1090100072736520666F7220626173656C696E653C
:10902000204A5045470041646F62652041505031ED
:1090300034206D61726B65723A2076657273696F68
:109040006E2025642C20666C616773203078253093
:109050003478203078253034782C207472616E7327
:10906000666F726D20256400556E6B6E6F776E2093
:1090700041505030206D61726B657220286E6F74A4
:10908000204A464946292C206C656E677468202565
:109090007500556E6B6E6F776E20415050313420E5
:1090A0006D61726B657220286E6F742041646F620F
:1090B00065292C206C656E677468202575004465F1
:1090C00066696E652041726974686D6574696320B4
:1090D0005461626C65203078253032783A203078DF
:1090E0002530327800446566696E6520487566668D
:1090F0006D616E205461626C652030782530327865
:1091000000446566696E65205175616E74697A61A7
:1091100074696F6E205461626C6520256420207034
:109120007265636973696F6E2025640044656669C2
:109130006E65205265737461727420496E74657235
:1091400076616C20257500467265656420454D5337
:109150002068616E646C65202575004F62746169DA
:109160006E656420454D532068616E646C652025F2
:109170007500456E64204F6620496D61676500206B
:109180002020202020202025336420253364202522
:10919000336420253364202533642025336420255F
:1091A000336420253364004A4649462041505030FC
:1091B000206D61726B65723A2076657273696F6EAD
:1091C0002025642E253032642C2064656E7369740A
:1091D0007920256478256420202564005761726E0B
:1091E000696E673A207468756D626E61696C20699A
:1091F0006D6167652073697A6520646F6573206EA1
:109200006F74206D617463682064617461206C65A3
:109210006E677468202575004A4649462065787453
:10922000656E73696F6E206D61726B65723A207442
:10923000797065203078253032782C206C656E6727
:109240007468202575002020202077697468202507
:10925000642078202564207468756D626E61696C85
:1092600020696D616765004D697363656C6C616E43
:10927000656F7573206D61726B6572203078253073
:1092800032782C206C656E67746820257500556EE9
:109290006578706563746564206D61726B657220BA
:1092A00030782530327800202020202020202025F2
:1092B00034752025347520253475202534752025F6
:1092C00034752025347520253475202534750051DA
:1092D00075616E74697A696E6720746F20256420E9
:1092E0003D2025642A25642A256420636F6C6F72F3
:1092F00073005175616E74697A696E6720746F20AE
:10930000256420636F6C6F72730053656C656374C2
:10931000656420256420636F6C6F727320666F72C2
:10932000207175616E74697A6174696F6E00417441
:10933000206D61726B6572203078253032782C2078
:109340007265636F7665727920616374696F6E20F0
:10935000256400536D6F6F7468696E67206E6F745B
:1093600020737570706F72746564207769746820FB
:109370006E6F6E7374616E646172642073616D7080
:109380006C696E6720726174696F730053746172E7
:1093900074204F66204672616D652030782530322A
:1093A000783A2077696474683D25752C2068656972
:1093B0006768743D25752C20636F6D706F6E656EE8
:1093C00074733D25640020202020436F6D706F6E04
:1093D000656E742025643A202564687825647620BB
:1093E000713D2564005374617274206F6620496D6D
:1093F000616765005374617274204F662053636126
:109400006E3A20256420636F6D706F6E656E7473A5
:109410000020202020436F6D706F6E656E742025D4
:10942000643A2064633D25642061633D2564002027
:109430002053733D25642C2053653D25642C204129
:10944000683D25642C20416C3D256400436C6F739E
:1094500065642074656D706F726172792066696CE5
:1094600065202573004F70656E65642074656D70AE
:109470006F726172792066696C65202573004A46B7
:10948000494620657874656E73696F6E206D6172F0
:109490006B65723A204A5045472D636F6D70726557
:1094A00073736564207468756D626E61696C2069A0
:1094B0006D6167652C206C656E677468202575008A
:1094C0004A46494620657874656E73696F6E206DF3
:1094D00061726B65723A2070616C6574746520749A
:1094E00068756D626E61696C20696D6167652C20BD
:1094F0006C656E677468202575004A46494620658C
:109500007874656E73696F6E206D61726B65723A07
:1095100020524742207468756D626E61696C2069E3
:109520006D6167652C206C656E6774682025750019
:10953000556E7265636F676E697A656420636F6DDF
:10954000706F6E656E742049447320256420256415
:109550002025642C20617373756D696E67205943F3
:1095600062437200467265656420584D53206861FD
:109570006E646C65202575004F627461696E656468
:1095800020584D532068616E646C65202575005528
:109590006E6B6E6F776E2041646F626520636F6CD7
:1095A0006F72207472616E73666F726D20636F6488
:1095B0006520256400436F7272757074204A5045AF
:1095C0004720646174613A20626164206172697449
:1095D000686D6574696320636F646500496E636FCD
:1095E0006E73697374656E742070726F67726573E1
:1095F00073696F6E2073657175656E636520666F44
:109600007220636F6D706F6E656E742025642063C9
:109610006F656666696369656E7420256400436FD3
:109620007272757074204A50454720646174613AC3
:109630002025752065787472616E656F7573206280
:1096400079746573206265666F7265206D61726BF7
:1096500065722030782530327800436F72727570F1
:1096600074204A50454720646174613A20707265E5
:109670006D617475726520656E64206F662064612B
:109680007461207365676D656E7400436F727275E7
:109690007074204A50454720646174613A206261C9
:1096A0006420487566666D616E20636F646500575F
:1096B00061726E696E673A20756E6B6E6F776E20A1
:1096C0004A464946207265766973696F6E206E75E9
:1096D0006D6265722025642E2530326400507265FB
:1096E0006D617475726520656E64206F66204A50E6
:1096F00045472066696C6500436F7272757074200F
:109700004A50454720646174613A20666F756E6403
:10971000206D61726B657220307825303278206957
:109720006E7374656164206F662052535425640023
:10973000496E76616C696420534F53207061726189
:109740006D657465727320666F72207365717565DF
:109750006E7469616C204A504547004170706C69B5
:10976000636174696F6E207472616E736665727284
:10977000656420746F6F206D616E79207363616E14
:109780006C696E6573000000388525204E852520A4
:109790006E85252093852520AD852520CC85252027
:1097A000E1852520FE852520288625206886252020
:1097B000878625209E862520B4862520C8862520DC
:1097C000058725203587252051872520748725206A
:1097D000AB872520E2872520F987252019882520B9
:1097E0004388252090882520AB882520D6882520F1
:1097F000F2882520178925203D892520628925208A
:10980000758925208A8925209D892520B0892520D4
:10981000D5892520EA892520FE8925201F8A252033
:10982000358A2520648A25208C8A2520AD8A25202A
:10983000CE8A2520FD8A25200E8B25202A8B2520E7
:10984000688B25208F8B2520B68B2520CA8B252061
:10985000F88B2520208C25203C8C2520618C252010
:10986000838C2520AD8C2520D88C2520F68C2520B6
:10987000248D25204C8D2520738D25209E8D25201F
:10988000CB8D2520FB8D2520258E2520528E252051
:10989000758E2520938E2520B18E2520E78E2520DC
:1098A000118F2520308F2520538F25207A8F25205A
:1098B0008F8F2520A38F2520D88F2520E88F252066
:1098C000269025206890252092902520BE90252066
:1098D000E5902520019125202C91252047912520D8
:1098E0005B912520729125207F912520A79125202D
:1098F000DC9125201892252046922520679225206C
:109900008E922520A7922520CF922520F292252005
:109910000A9325202E9325202A972520539325202E
:109920008C932520C6932520E5932520F4932520AC
:10993000119425202F9425204C94252065942520D2
:109940007E942520C0942520FA942520309525204A
:1099500064952520789525208F952520B59525207F
:10996000DC9525201E9625205A9625208B962520AD
:10997000AF962520DD962520F896252030972520C6
:109980005B972520000000004A5045474D454D009B
:10999000256C6425630000000000000088130000AF
:1099A00040060000803E00000000000001000000B2
:1099B0000800000010000000090000000200000084
:1099C000030000000A000000110000001800000061
:1099D0002000000019000000120000000B00000031
:1099E00004000000050000000C000000130000004F
:1099F0001A000000210000002800000030000000D4
:109A000029000000220000001B00000014000000DC
:109A10000D00000006000000070000000E0000001E
:109A2000150000001C000000230000002A000000B8
:109A30003100000038000000390000003200000052
:109A40002B000000240000001D0000001600000094
:109A50000F000000170000001E000000250000009D
:109A60002C000000330000003A0000003B00000022
:109A7000340000002D000000260000001F00000040
:109A8000270000002E000000350000003C00000010
:109A90003D000000360000002F00000037000000ED
:109AA0003E0000003F0000003F0000003F000000BB
:109AB0003F0000003F0000003F0000003F000000AA
:109AC0003F0000003F0000003F0000003F0000009A
:109AD0003F0000003F0000003F0000003F0000008A
:109AE0003F0000003F0000000000000001000000F7
:109AF00008000000090000003F0000003F000000D7
:109B00003F0000003F0000003F0000003F00000059
:109B10003F0000003F0000003F0000003F00000049
:109B20003F0000003F0000003F0000003F00000039
:109B30003F0000003F0000000000000001000000A6
:109B400008000000100000000900000002000000F2
:109B50000A00000011000000120000003F00000099
:109B60003F0000003F0000003F0000003F000000F9
:109B70003F0000003F0000003F0000003F000000E9
:109B80003F0000003F0000003F0000003F000000D9
:109B90003F0000003F0000003F0000000000000008
:109BA0000100000008000000100000000900000093
:109BB00002000000030000000A0000001100000085
:109BC0001800000019000000120000000B00000047
:109BD000130000001A0000001B0000003F000000FE
:109BE0003F0000003F0000003F0000003F00000079
:109BF0003F0000003F0000003F0000003F00000069
:109C00003F0000003F0000003F0000003F00000058
:109C10003F0000003F0000003F0000000000000087
:109C20000100000008000000100000000900000012
:109C300002000000030000000A0000001100000004
:109C400018000000200000001900000012000000B1
:109C50000B000000040000000C00000013000000D6
:109C60001A00000021000000220000001B0000007C
:109C7000140000001C00000023000000240000006D
:109C80003F0000003F0000003F0000003F000000D8
:109C90003F0000003F0000003F0000003F000000C8
:109CA0003F0000003F0000003F0000003F000000B8
:109CB0003F0000003F0000003F0000003F000000A8
:109CC000000000000100000008000000100000007B
:109CD0000900000002000000030000000A0000006C
:109CE0001100000018000000200000001900000012
:109CF000120000000B00000004000000050000003E
:109D00000C000000130000001A00000021000000F9
:109D10002800000029000000220000001B000000B5
:109D2000140000000D000000150000001C000000E1
:109D3000230000002A0000002B0000002400000087
:109D40001D000000250000002C0000002D00000078
:109D50003F0000003F0000003F0000003F00000007
:109D60003F0000003F0000003F0000003F000000F7
:109D70003F0000003F0000003F0000003F000000E7
:109D80003F0000003F0000003F0000003F000000D7
:109D900000000000010000000800000010000000AA
:109DA0000900000002000000030000000A0000009B
:109DB0001100000018000000200000001900000041
:109DC000120000000B00000004000000050000006D
:109DD0000C000000130000001A0000002100000029
:109DE00028000000300000002900000022000000D0
:109DF0001B000000140000000D0000000600000021
:109E00000E000000150000001C00000023000000F0
:109E10002A00000031000000320000002B0000008A
:109E2000240000001D000000160000001E000000BD
:109E3000250000002C00000033000000340000006A
:109E40002D000000260000002E000000350000005C
:109E5000360000003F0000003F0000003F0000000F
:109E60003F0000003F0000003F0000003F000000F6
:109E70003F0000003F0000003F0000003F000000E6
:109E80003F0000003F0000003F0000003F000000D6
:109E90003F00000000000000000000000000F03F54
:109EA000EF6148B15031F63FCA6F4D91AEE7F43FD4
:109EB000AA116CEF62D0F23F000000000000F03FFA
:109EC0003BBFA7C06924E93FBB20C77B7A51E13F74
:109ED0005DAB72DE55A8D13F0040C5589F53424B41
:109EE00000404932A322A811C558217BFC73626847
:109EF000C558BF450B307E189F53FC73416D5462AB
:109F00009F53B341412D1217424B626854627E58F1
:109F1000424B213BBA28C3140040C5589F53424BC3
:109F200000404932A322A8114932BF45B341213B29
:109F300049328227371BE00DA3220B30412DBA286E
:109F4000A322371BBF128E09A8117E181217C31443
:109F5000A811E00D8E09DF0481011D5A0E0286252D
:109F60001003141112040B081405D8031706DA01A4
:109F70001907E5001C086F001E093600210A1A00A7
:109F8000230B0D00090C06000A0D03000C0D010047
:109F90008F0F7F5A2410253F2611F22C27127C2088
:109FA0002813B9172A1482112B15EF0C2D16A109AD
:109FB0002E172F0730185C0531190604331A0303D6
:109FC000341B4002361CB101381D4401391EF50016
:109FD0003B1FB7003C208A003E2168003F224E0014
:109FE00020233B0021092C00A525E15A40264C489E
:109FF00041270D3A4328F12E44291F26452A331FB5
:10A00000462BA819482C1815492D77114A2E740E85
:10A010004B2FFB0B4D30F8094E3161084F320607CC
:10A020003033CD053234DE0432350F04333663036A
:10A030003437D40235385C023639F801373AA40196
:10A04000383B6001393C25013A3DF6003B3ECB00F0
:10A050003D3FAB003D208F00C141125B5042044D9B
:10A0600051432C415244D8375345E82F54463C299C
:10A07000564779235748DF1E5749A91A484A4E17B1
:10A08000484B24144A4C9C114A4D6B0F4B4E510DBA
:10A090004D4FB60B4D30400AD051325858521C4DDE
:10A0A00059538E435A54DD3B5B55EE345C56AE2E0D
:10A0B0005D579A2956471625D85970555F5AA94CAD
:10A0C000605BD944615C223E635D2438635EB432D8
:10A0D0005D56172EDF60A8566561464F6662E547FC
:10A0E0006763CF4168643D3C635D5E3769663152AA
:10A0F0006A670F4C6B68394667635E41E96A2756A9
:10A100006C6BE7506D67854B6E6D97556F6B4F505D
:10A11000EE6F105A706D2255F06FEB5971711D5A28
:0400000300000CBD30
:00000001FF
