S00D0000696D6167652E7372656314
S3150000080000000420BD0C0000CF390100C9390100E9
S31500000810490D0000490D0000490D000000000000D0
S31500000820000000000000000000000000710401004C
S31500000830490D00000000000041050100A50501006A
S31500000840610D0000650D0000690D00006D0D0000D2
S31500000850710D0000750D0000790D00007D0D000082
S31500000860810D0000850D0000890D00008D0D000032
S31500000870910D0000950D0000990D00009D0D0000E2
S31500000880A10D0000490D0000490D0000490D0000B2
S315000008907553000083530000915300009F530000DE
S315000008A0AD530000BB530000C9530000D7530000EE
S315000008B0C50D0000C90D0000CD0D0000D10D0000D2
S315000008C0D50D0000D90D0000DD0D0000E10D000082
S315000008D0E50D0000E90D0000ED0D0000F10D000032
S315000008E0F50D0000F90D0000FD0D0000010E0000E1
S315000008F0050E0000090E00000D0E0000110E00008E
S31500000900150E0000190E0000490D0000490D0000EB
S31500000910490D0000490D0000490D0000490D000079
S3150000092001860100490D0000490D0000490D000037
S31500000930490D0000AD590100490D0000490D0000A8
S31500000940490D0000490D0000490D0000490D000049
S31500000950490D0000490D0000490D0000490D000039
S31500000960490D0000490D0000490D00001D0E000054
S31500000970210E0000250E0000290E00002D0E00009D
S31500000980310E0000350E0000390E0000490D000042
S31500000990490D0000490D0000490D0000490D0000F9
S315000009A0490D0000490D0000490D0000490D0000E9
S315000009B0490D0000C1590100490D0000490D000014
S315000009C0490D00003D0E0000490D0000490D0000D4
S315000009D0490D0000490D00006D59010081590100C3
S315000009E0490D00008559010099590100490D000083
S315000009F0490D0000490D0000410E0000450E0000A3
S31500000A00490D0000490D0000490D0000490D000088
S31500000A10490D0000490D0000ED390100A54B01000C
S31500000A20591C0000490D0000490D0000490D000049
S31500000A30490D0000490D0000490D0000490D000058
S31500000A40490D0000490D0000490E00004D0E000042
S31500000A50490D0000510E0000550E000035990100A9
S31500000A60D9780100590E00005D0E0000610E0000ED
S31500000A70650E0000690E00006D0E0000490D0000B5
S31500000A80490D0000490D0000490D0000490D000008
S31500000A90490D0000490D0000490D0000490D0000F8
S31500000AA0490D0000490D0000490D0000490D0000E8
S31500000AB0490D0000490D0000490D0000490D0000D8
S31500000AC0490D0000490D0000490D0000490D0000C8
S31500000AD0490D0000490D0000490D0000490D0000B8
S31500000AE0490D0000490D0000490D0000490D0000A8
S31500000AF0490D0000490D0000490D0000490D000098
S31500000B00490D0000490D0000490D0000490D000087
S31500000B10490D0000490D0000490D0000490D000077
S31500000B20490D0000490D0000490D0000490D000067
S31500000B30490D0000490D0000490D0000490D000057
S31500000B40490D0000490D0000490D0000490D000047
S31500000B50490D0000490D0000490D0000490D000037
S31500000B60710E0000750E0000790E00007D0E00006B
S31500000B70490D0000490D0000490D0000490D000017
S31500000B80490D0000490D0000810E0000850E000091
S31500000B90890E00008D0E0000490D0000490D000071
S31500000BA0910E0000950E0000B9390100B939010017
S31500000BB0B9390100B9390100B9390100B939010063
S31500000BC0B9390100B9390100B9390100B939010053
S31500000BD0B9390100B9390100B9390100B939010043
S31500000BE0B9390100B9390100B9390100B939010033
S31500000BF0B9390100B9390100B9390100FFFFFFFF1A
S31500000C0010B5054C237833B9044B13B10448AFF340
S31500000C1000800123237010BD80AE0020000000007C
S31500000C20E887020008B5034B1BB103490348AFF33D
S31500000C30008008BD0000000084AE0020E8870200A6
S31500000C40A3F5803A704700BF174B002B08BF134B24
S31500000C509D46FFF7F5FF00218B460F461348144AC1
S31500000C60121A1DF0E5F90E4B002B00D098470D4BDC
S31500000C70002B00D098470020002104000D000D48ED
S31500000C80002802D00C48AFF300801DF063F9200065
S31500000C90290013F041FA1CF0CBFE00BF000008004B
S31500000CA000000000000000000000042080AC0020CE
S31500000CB03C020220000000000000000072B6164848
S31500000CC0164901600A6882F3088815488047154965
S31500000CD0154A164B9A42BEBF51F8040B42F8040B54
S31500000CE0F8E7134A134B9A42BEBF51F8040B42F879
S31500000CF0040BF8E7104B00209A42BCBF42F8040BE5
S31500000D00FAE70E490E4A00209142BCBF41F8040B97
S31500000D10FAE762B60B48804708ED00E000080000DD
S31500000D20F51D0000D08802000080002074AC002071
S31500000D3000000020000000207840002080AC002049
S31500000D403C020220490C000012F036BE5248004711
S31500000D505248004752480047524800475248004709
S31500000D6052480047524800475248004752480047F9
S31500000D7052480047524800475248004752480047E9
S31500000D8052480047524800475248004752480047D9
S31500000D9052480047524800475248004752480047C9
S31500000DA052480047524800475248004752480047B9
S31500000DB052480047524800475248004752480047A9
S31500000DC05248004752480047524800475248004799
S31500000DD05248004752480047524800475248004789
S31500000DE05248004752480047524800475248004779
S31500000DF05248004752480047524800475248004769
S31500000E005248004752480047524800475248004758
S31500000E105248004752480047524800475248004748
S31500000E205248004752480047524800475248004738
S31500000E305248004752480047524800475248004728
S31500000E405248004752480047524800475248004718
S31500000E505248004752480047524800475248004708
S31500000E6052480047524800475248004752480047F8
S31500000E7052480047524800475248004752480047E8
S31500000E8052480047524800475248004752480047D8
S31500000E905248004752480047CF390100C93901007E
S31500000EA07104010041050100A505010069700000FB
S31500000EB0A1700000D9700000117100004971000096
S31500000EC081710000B9710000F17100002972000003
S31500000ED06172000099720000D1720000097300006F
S31500000EE04173000079730000B1730000490D0000E2
S31500000EF0718C0000918C0000B18C0000D18C000038
S31500000F00F18C0000118D0000318D0000518D000024
S31500000F10718D0000918D0000B18D0000D18D000013
S31500000F205D870000698700007587000081870000E3
S31500000F308D87000099870000C5870000F9870000AB
S31500000F402D8800006188000095880000C98800008F
S31500000F50490D0000490D0000490D0000490D000033
S31500000F60490D0000490D0000490D0000490D000023
S31500000F70490D0000490D0000490D0000490D000013
S31500000F80490D0000490D0000490D0000490D000003
S31500000F90490D0000717C0000490D0000490D00005C
S31500000FA0490D000045750000597500008175000067
S31500000FB0957500006D750000A9750000490D0000CB
S31500000FC0490D0000858E0000490D0000490D000006
S31500000FD0490D0000490D0000490D0000490D0000B3
S31500000FE0490D000053B94AB9002908BF00281CBFA3
S31500000FF04FF0FF314FF0FF3000F082B9ADF1080C31
S315000010006DE904CE00F01AF8DDF804E0DDE902230C
S3150000101004B07047430803F05533C01A830803F041
S31500001020333300F03330184400EB101000F00F306B
S3150000103000EB002000EB0040000E70472DE9F04762
S31500001040089D04468C46002B40F083808A42174652
S3150000105047D9B2FA82F242B1C2F1200024FA00F076
S315000010609140974040EA010C94404FEA1748230C00
S31500001070BCFBF8F61FFA87FE08FB16C143EA0143DC
S3150000108006FB0EF1994209D9FB1806F1FF3080F0F4
S315000010901981994240F21681023E3B445B1AA4B282
S315000010A0B3FBF8F008FB103344EA034400FB0EFEE2
S315000010B0A64509D93C1900F1FF3380F00581A64504
S315000010C040F2028102383C4440EA0640A4EB0E049A
S315000010D000261DB1D4400023C5E900433146BDE8D2
S315000010E0F08702B9FFDEB2FA82F2002A50D1CB1B9A
S315000010F04FEA174E1FFA87F80126B3FBFEFC210CB8
S315000011000EFB1C3341EA034108FB0CF38B4207D963
S3150000111079180CF1FF3002D28B4200F2E980844646
S31500001120C91AA3B2B1FBFEF00EFB101143EA01444B
S3150000113008FB00F8A04507D93C1900F1FF3302D29D
S31500001140A04500F2D9801846A4EB080440EA0C40FA
S31500001150BFE78B4209D9002D00F0B1800026C5E912
S31500001160000130463146BDE8F087B3FA83F6002E1B
S315000011704AD18B4202D3824200F2B880841A61EBD4
S31500001180030101208C46002DA8D0C5E9004CA5E737
S31500001190C2F1200320FA03F6974001FA02F04FEA63
S315000011A0174ED9403043030CB1FBFEF61FFA87F801
S315000011B00EFB161143EA014306FB08F1994204FAB5
S315000011C002F409D9FB1806F1FF3C80F08D809942A4
S315000011D040F28A80023E3B445B1A81B2B3FBFEF0CA
S315000011E00EFB103341EA034100FB08F38B4207D99B
S315000011F0791800F1FF3C73D28B4271D90238394419
S31500001200CB1A40EA064678E7C6F1200C03FA06F444
S3150000121022FA0CF31C4320FA0CF701FA06F34FEA04
S31500001220144E21FA0CF11F433B0CB1FBFEF91FFAD9
S3150000123084F80EFB191143EA014109FB08FA8A45B5
S3150000124002FA06F200FA06F308D9611809F1FF302E
S3150000125048D28A4546D9A9F102092144A1EB0A01DF
S31500001260BFB2B1FBFEF00EFB101147EA014700FBCF
S3150000127008F8B84507D9E71900F1FF312ED2B8456D
S315000012802CD90238274440EA0940A7EB0807A0FBFF
S3150000129002894F45C64649461AD317D05DB1B3EB0E
S315000012A00E0267EB010707FA0CFCF2404CEA020259
S315000012B0F740C5E9002700263146BDE8F0872E46EF
S315000012C028460BE70646E9E61846FDE64345E5D21D
S315000012D0B8EB020E69EB04010138DFE70846D2E7F6
S315000012E060468DE78146B9E7664675E730464AE7C8
S315000012F0ACF1020C394413E702383C4424E700BF42
S31500001300704700BF00000000000000000000000061
S3150000131001F0FF01102A2BDB10F0070F08D010F8A0
S31500001320013B013A8B422DD010F0070F42B3F6D1A4
S31500001330F0B441EA012141EA014122F007047FF0BD
S3150000134000070023F0E80256083C85EA010586EA14
S31500001350010685FA47F5A3FA87F586FA47F6A5FA50
S3150000136087F68EB9EED1F0BC01F0FF0102F007025C
S3150000137032B110F8013B013A83EA010313B1F8D107
S315000013800020704701387047002D06BF35460338E8
S31500001390073815F0010F07D1013015F4807F02BF21
S315000013A0013015F4C03F0130F0BC0138704700BF72
S315000013B010F8012B11F8013B012A28BF9A42F7D0F9
S315000013C0D01A7047034613F8012B002AFBD1181ACE
S315000013D00138704710B504460B68116898472046D7
S315000013E010BD012A03D0022A03D0002070470160F5
S315000013F0FBE70B680360F8E77047836810B504469F
S3150000140013B1032201469847204610BD70B50D4E14
S315000014103378BFF35B8F13F0010410D130461CF014
S315000014208AF860B1084D3046084B85F8544F2B605A
S315000014301CF08DF8064A284606491CF071F8024849
S3150000144070BD00BF9CAE0020A0AE0020A4610200CB
S3150000145000800020F913000000F1080373B504466C
S315000014600D460360E1B10846FFF7ACFF0F2805EB18
S315000014700006019007D9002201A920461CF042F976
S31500001480019B2060A3603246294620681CF096F92D
S31500001490019B2268002120466360D15402B070BDD2
S315000014A001481CF022F900BFB01402002DE9F043F8
S315000014B097B006460D4602AA06A8FFF7CDFF079885
S315000014C00EAF0A2829D803AA29463846FFF7C4FFD3
S315000014D00F9816282BD90E9B173865491844FFF725
S315000014E067FFB0FA80F4640938461CF02DF906A8A7
S315000014F01CF02AF906AAE4B15E493846FFF7ACFFAC
S31500001500394630461CF09BF90123384633761CF0E9
S315000015101BF9304617B0BDE8F0830B38069B5649D9
S315000015201844FFF745FF0028CDD10124DFE700244A
S31500001530DAE729463846FFF78FFF0F980D2808D9B6
S315000015400E9B0E384D491844FFF732FFB0FA80F46F
S31500001550640938461CF0F8F8002C00F0818001215F
S31500001560084612F0F5FA002017F050F84FF4C83389
S3150000157003FB00F4002C02DA41481CF0B9F854D001
S3150000158020461BF0E7FF2246002180461CF050FD56
S315000015902022002106A806AC1CF04AFD3D46FFF7B6
S315000015A035FF4FF4A0730322CDF830800A938146AD
S315000015B0CDE9082301238DF834300FCC0FC594E80C
S315000015C00F0085E80F0000232020CDE903330593A3
S315000015D01BF0C0FFBC4600F1200E04460390CDF878
S315000015E014E0CDF810E0BCE80F000FC495E80F003A
S315000015F084E80F0003A9484617F0B4FC0446039894
S3150000160008B11BF092FF94B91E481DF06FFB1C2217
S31500001610214630461CF00CFD3476B8F1000F3FF43D
S3150000162078AF40461BF081FF73E7A046B0E74FF462
S31500001630A07200244B234046114600971094CDE932
S315000016400E4414F091FE2146012012F081FA0E9B01
S3150000165033600F9B7360109BB36002233376DCE725
S315000016601C22214630461CF0E3FC347651E700BFCD
S31500001670E614020091150200DA1402009D1502001C
S31500001680FE1402002F15020013B50B4602466C46E7
S31500001690D0E9000184E8030093E8030082E8030030
S315000016A094E8030083E8030002B010BD2DE9F84377
S315000016B0074688461646154604464FF00009444537
S315000016C01AD029462046C5F808901035FFF7DCFFEA
S315000016D0A36855F8082C2046103444F8082C45F821
S315000016E0083C55F8042C54F8043C44F8042C45F8FE
S315000016F0043CFFF782FEE2E7E01B3044BDE8F883D6
S3150000170070B506248EB0384D2978002081F001018D
S31500001710297012F01DFA4FF4FA7010F0FBFC013C30
S31500001720F2D132481DF0E2FAFFF770FE012117F000
S3150000173095FEFFF76BFE012117F078FE0AAB08A8AD
S315000017408DF82840CDE9083413F098FA18B10899B5
S3150000175027481DF0CBFA274B0025274E102004936F
S31500001760264B03950793264B00960693CDE9015524
S315000017701BF0F0FE04460146856004A8FFF784FFCF
S31500001780A268069B294606922846E268A360079B44
S3150000179007922246E360FFF789FF294600F110020F
S315000017A02846FFF783FFCDE90140103404A80394CF
S315000017B0FFF723FE684614F05DFC284610F074FF20
S315000017C00096DDE90145A54204D020461034FFF716
S315000017D014FEF8E7019808B11BF0A7FE08A81BF055
S315000017E0B3FF0EB070BD00BFF8BD0020511502005A
S315000017F079150200AD14000008590200D513000047
S31500001800E313000010B5044640F658711BF08FFE36
S31500001810204610BD13B5019011F0E0FF044618B143
S31500001820019A00211CF004FC204602B010BD11F004
S31500001830D7BFEFF305835BB1EFF311834FF02002BF
S3150000184082F31188BFF36F8FBFF34F8F036070472A
S315000018500EF020BEEFF3058313B180F311887047B5
S315000018600EF046BE10B5044630B9084B40F2ED11F5
S31500001870074A08481CF0A6F804200FF087FA10B1B2
S315000018802060002010BD43F2DD70FBE71416020055
S3150000189060160200BF15020008B530B90B4B40F2C6
S315000018A00A210B4A0B481CF08DF84B1C00681EBF22
S315000018B04FF47A735943B1FBF3F10FF049FD002859
S315000018C043F2DE7018BF002008BD00BF14160200E8
S315000018D070160200BF15020008B530B9074B40F27A
S315000018E02A21074A07481CF06DF800680FF024FA11
S315000018F0002843F2DD7018BF002008BD1416020050
S315000019007E160200BF15020008B530B9054B4FF42C
S315000019101071054A05481CF055F800680FF08EFD59
S31500001920002008BD141602008E160200BF15020024
S3150000193038B50D46044630B9084B4FF41471084AC1
S3150000194008481CF03FF80EF0A3FB206010B1002001
S31500001950257138BD43F2DD70FBE700BF2816020093
S315000019609F160200BF15020037B50025019530B954
S31500001970144B40F26A21144A14481CF023F80068FC
S31500001980E8B1EFF30584B4B101AA0EF0CBFC01284F
S3150000199004D00F4B4FF41E710B4AEDE7019840B18E
S315000019A00C4B4FF080521A60BFF34F8FBFF36F8F0F
S315000019B0284603B030BD0EF02BFC2046F9E743F273
S315000019C0DD70F6E728160200AF160200BF1502000A
S315000019D03C16020004ED00E073B5069D30B9114BCC
S315000019E040F2E121104A11481BF0ECFF066821F095
S315000019F07F449EB101793046009313460A1E214664
S31500001A0018BF01220EF052FB204005B128600028C5
S31500001A1043F2DE7018BF002002B070BD43F2DD70E5
S31500001A20FAE700BF28160200BC160200BF15020026
S31500001A3008B530B9074B40F21731074A07481BF083
S31500001A40C1FF006818B10EF03FFC002008BD43F24C
S31500001A50DD70FBE728160200CA160200BF15020059
S31500001A6010B504460846114634B9084B40F22D31EC
S31500001A70074A08481BF0A6FF00220EF0EBFF10B144
S31500001A802060002010BD43F2DD70FBE74D1602001A
S31500001A90DB160200BF15020013B530B9144B40F235
S31500001AA04931144A14481BF08DFF00240068019444
S31500001AB0EFF305839BB1234601AA0FF079F90128BC
S31500001AC012D1019B13B9002002B010BD0B4B4FF091
S31500001AD080521A60BFF34F8FBFF36F8FF3E71A463A
S31500001AE00FF038F80128EED043F2DD70ECE700BFC6
S31500001AF04D160200EA160200BF15020004ED00E0D2
S31500001B0008B530B90B4B40F271310B4A0B481BF04C
S31500001B1059FF531C00681EBF4FF47A735A43B2FB39
S31500001B20F3F20FF067FA012843F2DE7008BF0020D7
S31500001B3008BD00BF4D160200F6160200BF150200D2
S31500001B4008B530B9054B40F2A131054A05481BF0EE
S31500001B5039FF00680FF072FC002008BD4D16020028
S31500001B6002170200BF15020007B5186C01A99A6397
S31500001B700FF0B6F9019B3BB1054B4FF080521A604E
S31500001B80BFF34F8FBFF36F8F03B05DF804FB00BF49
S31500001B9004ED00E02DE9F0410D4616461F460446C9
S31500001BA030B329B3442200211CF042FA04200FF07E
S31500001BB0EDF8E06348B10322002101200EF04AFF50
S31500001BC0206420B9E06B0FF039FC01200EE0A0463E
S31500001BD03A463146284648F8045B06F047FB284655
S31500001BE02346044A414606F0C7FB0020BDE8F081C3
S31500001BF00420FBE7691B00004FF0FF31C06B0FF0BC
S31500001C00A7BBC06B0FF098B837B504460191FFF734
S31500001C10F3FF012813D1019A211D206806F0E8FB85
S31500001C20054628B12046FFF7ECFF284603B030BD35
S31500001C304FF0FF31206C0FF09DFAA56BF2E74FF4E1
S31500001C406175F2E70123024A1370024A93607047F6
S31500001C5000BE002000000F40FFF7F4BF2DE9F84357
S31500001C602C4B1C68844228BF044604B32A4E2B4DD5
S31500001C703368DFF8B49023F00103D9F800803360AD
S31500001C802B6823F001032B6072B6BFF34F8FBFF3AF
S31500001C906F8F10F065FF224F58B9AB686B602B68E9
S31500001CA043F001032B603B68013B6B6062B6BDE805
S31500001CB0F883013C08FB04F33361336843F0010306
S31500001CC03360BFF34F8F30BFBFF36F8F154B0022CA
S31500001CD01A7062B600BF1978B1B11A700E4A0F4D6C
S31500001CE0136823F0010313600EF0D4FB2B68204623
S31500001CF043F001032B6010F0EFFB3B68013B6B6088
S31500001D00BDE8F8430EF0F4BB746AD9F80000B4FBE2
S31500001D10F0F4E3E708BE002000000F4010E000E00A
S31500001D2004BE002000BE0020FCBD00200C4B642237
S31500001D301A6002220B4B1A606FF000420A4B1A60BF
S31500001D400A4B4FF08072DA60002243F8F02C43F819
S31500001D50E82C632243F8EC2C032243F8F02C70475E
S31500001D6004BE0020FCBD002008BE002000E100E00B
S31500001D700B1E10DD00F01F011944BFF34F8F064AFA
S31500001D800144C2F85C0220300B1A002BF9DCBFF3C9
S31500001D904F8FBFF36F8F704700ED00E00B1E10DD15
S31500001DA000F01F011944BFF34F8F064A0144C2F8E1
S31500001DB0680220300B1A002BF9DCBFF34F8FBFF3FC
S31500001DC06F8F704700ED00E00B1E10DD00F01F0165
S31500001DD01944BFF34F8F064A0144C2F870022030FF
S31500001DE00B1A002BF9DCBFF34F8FBFF36F8F7047D1
S31500001DF000ED00E03C4A08B5D2F8883043F47003A1
S31500001E00C2F88830394A1388580705D5138823F055
S31500001E1004031B041B0C1380354A1388590705D588
S31500001E20138823F004031B041B0C1380314B1A6820
S31500001E3092044CD5304A5A604FF6FF729A601A687F
S31500001E4022F0A00242F020021A602C4B1A6890047D
S31500001E5043D5294A5A604FF6FF729A601A6822F0F3
S31500001E60A00242F020021A60254B1A68D10703D55A
S31500001E701A6822F001021A601B4B5A69920315D4A4
S31500001E805A6912F4003211D1BFF34F8FBFF36F8F2F
S31500001E90C3F85022BFF34F8FBFF36F8F5A6942F4D6
S31500001EA000325A61BFF34F8FBFF36F8F154A136F1E
S31500001EB023F4005313670C4A536943F0100353612C
S31500001EC0BFF34F8FBFF36F8F00F04AF808BD4CF297
S31500001ED020525A604DF62812ADE74CF220525A6055
S31500001EE04DF62812B6E700BF00ED00E00000034003
S31500001EF0004003400080034020C528D90000C140AF
S31500001F0010E000E000400E4010B5C4010E4A04F196
S31500001F10814402EBC00004F598042368C3F302234E
S31500001F20C05C04F0BDFB23680246DBB201339A4273
S31500001F30B0FBF3F006D2054B40F6C501044A05484E
S31500001F401BF040FD10BD00BF9A17020012170200D9
S31500001F50831702001717020000487047CCBE002006
S31500001F6008B511F09FFC08BD10B592B00420FFF72C
S31500001F70CBFF14220446002101A81CF059F8302298
S31500001F80002106A81CF054F801A807F047FB01231E
S31500001F9001A919488DF8043007F068FB04234FF0B7
S31500001FA0004216498DF818304FF480331248CDE9B7
S31500001FB0072303F10133124A03F102230993114B5C
S31500001FC0B2FBF4F2CDE90A131E2300218DF830305E
S31500001FD0A023534306AA0D9341F68463CDE90F333C
S31500001FE040F20123ADF84430234607F0FDFBB0FA7A
S31500001FF080F0400912B010BD00400D401212780F5B
S3150000200000CA9A3B2A2A463C7FB5684603F086FCFE
S31500002010074B694607480093074B0193074B02930A
S31500002020074B039303F0C0FD07B05DF804FB00BF48
S315000020300CBE0020000044403CBE00206CBE0020C8
S315000020409CBE002010B5E4B04FF49E72002115AC82
S3150000205020461BF0EDFF1420FFF756FF4FF4003328
S3150000206030212060A3600223009402A8E38140F29D
S31500002070033323820C23E3744FF40063C4E909336A
S315000020804023E3622023C4E90D13074C019405F0B5
S31500002090BFFB02A9204605F001FB0449684602F091
S315000020A06FFA64B010BD00BF00C00C40CCBE00206B
S315000020B038B5044611F006FC02F0DEF800F056FBD7
S315000020C001F0A8FD0CB101F099FDFFF74DFF10B925
S315000020D00B481CF00BFE0B4D0B4C0C480C4A641BBA
S315000020E00C49121A1BF07CFF2246002128461BF0E1
S315000020F09FFFFFF789FFBDE83840FFF7A3BF00BF8A
S31500002100651702000000008140680681000000811A
S315000021100000008144B502004B78C0018A781B029A
S31500002120013A03F4E063D2B213430A78002A0CBFE3
S3150000213000224FF080721343034A1350BFF34F8FB0
S31500002140BFF36F8F704700BF0000CC402DE9F74307
S31500002150EC4C00232046ADF804308DF8063004F030
S31500002160DBFEE94BE94AD3F800199142224640F0DA
S31500002170D882D3F81039DBB20B2B40F0D2826369D8
S3150000218023F000536361636823F4F85343F4B053B8
S315000021906360A368002BFCDADB4BDD4ED3F87038A6
S315000021A0DB48DA06C3F300114ABF002201221146BA
S315000021B006F024FF0121304606F09EFE012130463E
S315000021C006F0E0FE022004F011FAD6F8C03043F023
S315000021D00203C6F8C03004F0EDFA336D43F0020393
S315000021E03365336943F002033361336943F0807327
S315000021F03361336A43F010033362336A5B00FCD504
S315000022000024012501A9022720468DF805408DF8F6
S315000022100650FFF781FF01A908208DF805404FF011
S3150000222006088DF80650FFF777FFBA484FF01809F1
S3150000223003F0B8FEB84804F07FF9B84803F028FF69
S3150000224021461B22022003F0B5FF13222946022055
S3150000225003F0B0FF02211822084603F0ABFF20224C
S315000022600321022003F0A6FF04F050F821460D22B8
S31500002270032003F09FFF11222946032003F09AFF53
S3150000228020220221032003F095FF0321162208468F
S3150000229003F090FFD6F81032A14823F00803C6F8E1
S315000022A01032042604F0C6F82946052004F07EF80C
S315000022B004F01CF920460DEB06018DF805608DF83B
S315000022C00650FFF729FF0DEB060138468DF805602D
S315000022D08DF80670FFF720FF03230DEB060130464D
S315000022E08DF805808DF80630FFF716FF0DEB060119
S315000022F005208DF805408DF80650FFF70DFF0723E2
S315000023000DEB060140468DF806608DF80530FFF7A7
S3150000231003FFF0230DEB060108208DF805408DF82C
S315000023200630FFF7F9FE0DEB06010E208DF805408D
S315000023308DF80650FFF7F0FE0DEB06010F208DF825
S3150000234005408DF80690FFF7E7FE0DEB060110201D
S315000023508DF805408DF80690FFF7DEFE0DEB0601C1
S3150000236011208DF805408DF80650FFF7D5FE0DEBD0
S31500002370060112208DF805408DF80650FFF7CCFEB9
S315000023800DEB060113208DF805408DF80650FFF77A
S31500002390C3FE0DEB060119208DF805408DF8065099
S315000023A0FFF7BAFE0DEB06011A208DF805408DF8F1
S315000023B00650FFF7B1FE0DEB06011B208DF8054018
S315000023C08DF80650FFF7A8FE0DEB06011C208DF8D0
S315000023D005408DF80650FFF79FFE0DEB06011D2008
S315000023E08DF805408DF80650FFF796FE0DEB0601B9
S315000023F01E208DF805408DF80650FFF78DFE0DEB7B
S3150000240006011F208DF805408DF80650FFF784FE63
S315000024100DEB060120208DF805408DF80650FFF7DC
S315000024207BFE0DEB060121208DF805408DF8065048
S31500002430FFF772FE0DEB060122208DF805408DF8A0
S315000024400650FFF769FE0DEB060123208DF80540C7
S315000024508DF80650FFF760FE0DEB060124208DF87F
S3150000246005408DF80650FFF757FE0DEB06012520B7
S315000024708DF805408DF80650FFF74EFE0DEB060170
S3150000248026208DF805408DF80650FFF745FE0DEB2A
S31500002490060127208DF805408DF80650FFF73CFE13
S315000024A00DEB060128208DF805408DF80650FFF744
S315000024B033FE0DEB060129208DF805408DF80650F8
S315000024C0FFF72AFE0DEB06012A208DF805408DF850
S315000024D00650FFF721FE0DEB06012B208DF8054077
S315000024E08DF80650FFF718FE0DEB06012C208DF82F
S315000024F005408DF80650FFF70FFE0DEB06012D2067
S3150000250010E000BF0080CA4000C0CA406959AC57FD
S315000025100040C8402C1A0200C01C0200CC1C02005D
S31500002520341A02008DF805408DF80650FFF7F4FDC9
S315000025300DEB06012E208DF805408DF80650FFF7AD
S31500002540EBFD0DEB06012F208DF805408DF80650AA
S31500002550FFF7E2FD0DEB060130208DF805408DF802
S315000025600650FFF7D9FD0DEB060134208DF8056006
S315000025708DF80660FFF7D0FD0DEB060135208DF8CE
S3150000258005408DF80650FFF7C7FD0DEB0601362016
S315000025908DF805408DF80650FFF7BEFD0DEB0601E0
S315000025A037208DF805408DF80650FFF7B5FD0DEB89
S315000025B0060138208DF805408DF80650FFF7ACFD72
S315000025C00DEB060139208DF805408DF80650FFF712
S315000025D0A3FD0DEB06013A208DF805408DF8065057
S315000025E0FFF79AFD0DEB06013D208DF805408DF8AD
S315000025F00650FFF791FD0DEB06013E208DF8058094
S315000026008DF80670FFF788FD0DEB060140208DF86A
S3150000261005408DF80650FFF77FFD0DEB06014120C2
S315000026208DF805408DF80650FFF776FD0DEB060197
S3150000263042208DF805408DF80650FFF76DFD0DEB35
S31500002640060143208DF805408DF80650FFF764FD1E
S315000026500DEB06014C208DF805408DF80650FFF76E
S315000026605BFD3A4B3A4C1A6822F007021A601A6868
S3150000267022F0380242EA09021A601A6822F0C00201
S315000026801A605A6822F003025A609A6822F003021E
S315000026909A60DA6822F49F6222F00702DA601A6909
S315000026A022F002021A615A6922F0050232435A6187
S315000026B05A6922F002025A619A6922F002029A616C
S315000026C09A6922F001029A619A6D22F001029A65D6
S315000026D0DA6D22F00102DA651A6E22F001021A663C
S315000026E05A6E22F001025A669A6E22F001029A662A
S315000026F0DA6E22F00102DA662368164AC3F3022371
S31500002700D05C03F0CDFF2368DBB22B449842B0FBCC
S31500002710F3F215D2104B40F6C501104A10481BF0D3
S3150000272051F9536923F000535361536823F4F85366
S3150000273043F4A85353600B4A9368002BFCDA2BE54D
S31500002740094B1A6003B0BDE8F08300BF00400E409D
S315000027500000CC40481A020012170200121A0200AA
S31500002760171702000080CA4004800020FFF7EEBC65
S31500002770104642B100231373536833B11B6823B16B
S315000027800A46022118470320704701207047104669
S3150000279042B100235373536833B11B6823B10A4611
S315000027A00121184703207047012070472DE9F043A7
S315000027B0044687B018B9012007B0BDE8F083837BD3
S315000027C0002BF8D04268926851799942F3D303F10D
S315000027D0005312680C2740F6024C013B02EBC3067D
S315000027E012F8335000239D42E5D907FB03F27068C7
S315000027F08118825A62453BD10D7A00239D422DD81D
S315000028000026CB782374002ED5D000250120DFF8D2
S3150000281070802F46DFF86C90A6603379AB42CBD937
S315000028200623B2688DF808706B43D118D25C8DF818
S315000028300620D2094B88ADF804304B788DF8073066
S3150000284018D0022B02D12773CDF80C9003AA01A948
S3150000285020680135049408F033F8DEE71A01486869
S3150000286000EB0316805CE27B9042CAD00133C5E7D9
S315000028700133B8E7022B04BF6773CDF80C80E5E798
S315000028808F27000071270000836870B5044693B156
S31500002890002501200626A3681A79954202D3002353
S315000028A0A36070BD9A6806FB05F320680135D15C0C
S315000028B008F025F8EFE70120F3E7000070B50A4CB1
S315000028C00E46154623685BB9214601F00FFD30B967
S315000028D023683BB14FF47F436660E3812C6070BD93
S315000028E00220FCE70320FAE70000002010B50446AA
S315000028F030B1FFF7C9FF0023C4E90033E38110BDFF
S315000029000320FCE77FB504461546002A60D0002860
S315000029105ED0CBB2013B032B54D8DFE803F01E0296
S31500002920064000238373012414E04368002BFAD089
S315000029302A78837B9A42F6D0FFF7A6FF2B782046AB
S31500002940A3730023E373FFF731FF044610B1214858
S3150000295007F022FD204604B070BD2B68227C197951
S3150000296098889142DFD12E1DADF808005888009650
S3150000297005F10806ADF80A00287B01968DF80C00D3
S315000029805B78222B07D163686A460B2120461B68B9
S3150000299098470446DEE7104807F0FEFCC3E74368A5
S315000029A0002BC0D02D88037CB3EB152FBBD1EDB225
S315000029B0C37BAB42B7D0FFF767FF2046E573FFF74F
S315000029C0F5FEE6E70A460548054907F0E5FCAAE7ED
S315000029D00324BFE7D81C0200F21C0200241D0200DB
S315000029E0371D020038B5044648B1057B4DB90120B4
S315000029F02073206807F050FF00B1257338BD03200F
S31500002A00FCE70220FAE738B5044648B1457B4DB9E4
S31500002A1001206073206807F045FF00B1657338BD7B
S31500002A200320FCE70220FAE72DE9F04390F8943002
S31500002A3087B004461BB9012007B0BDE8F0834268A1
S31500002A40926851799942F6D31268002AF3D003F1BD
S31500002A5000530C27013B02EBC30612F83350002348
S31500002A609D42E8D907FB03F270688118825C082A48
S31500002A702CD10D7A00239D421DD80027CB7884F8EF
S31500002A809530002FD7D000260120DFF88C80354600
S31500002A90DFF88890A7603B79B34219D80123E56037
S31500002AA0C4F88450C4F8883084F88C5084F88F5069
S31500002AB084F89650C0E71A01486800EB0317805C5B
S31500002AC094F893209042D9D00133D4E70133C7E775
S31500002AD00623B9688DF8085073430136CA18107971
S31500002AE08DF80900CB5C20688DF806305188ADF86A
S31500002AF0041001A9527804948DF80720DA0903AA74
S31500002B0015BF84F8913084F89230CDF80C90CDF84A
S31500002B100C8007F0D5FEBEE72D310000712F0000B6
S31500002B20836870B5044693B1002501200626A36884
S31500002B301A79954202D30023A36070BD9A6806FBFA
S31500002B4005F320680135D15C07F0D9FEEFE70120D7
S31500002B50F3E70000F8B5214C0F4616462568002D10
S31500002B603AD104F198032146A36104F1B803E36165
S31500002B7004F1C803236204F1DC03E36304F1E40314
S31500002B80236404F1F003236501F0B0FB30B184F84F
S31500002B90945084F89350C4E90055F8BD236833B9BE
S31500002BA0606084F8940084F893000320F5E7FF231F
S31500002BB0702284F8940084F89330236A6061676019
S31500002BC01A700A229870DA711873587384F88D0097
S31500002BD084F88E003460E0E70220DEE7140000206F
S31500002BE010B5044648B1FFF79BFF0023C4E9003344
S31500002BF084F8943084F8933010BD0320FCE7F0B5D8
S31500002C0004468FB01646002A00F06F81002800F0B7
S31500002C106C81C9B20139052900F26B81DFE811F038
S31500002C2034010600430067008C00BC00002301AAA3
S31500002C30052180F8943043681B689847019B054638
S31500002C40002B00F05481013B01AE4FF0010C04F162
S31500002C50440E84F89030B3681BB373680BB3331D0E
S31500002C600EEB0C170FCB87E80F0094F890205FFA55
S31500002C708CF39A4205D30CF1010C1036BCF1040F0B
S31500002C80E9D1226A702313700A23D371002393704B
S31500002C901373537384F88D3084F88E3028460FB042
S31500002CA0F0BD0125E1E74368002B00F0228190F892
S31500002CB0943012789A4200F005810BB1FFF730FF8D
S31500002CC03378204684F89430002384F89330FFF755
S31500002CD0ABFE05460028E1D11F23A26994F89210A5
S31500002CE0206807F0DFFD012384F88D30D6E74368BE
S31500002CF0002B00F0FE80168890F89530B3EB162F67
S31500002D0040F0F780F6B290F89330B34200F0DA80E4
S31500002D10FFF706FF2046FFF787FE054648B91F2343
S31500002D20A26994F89210206807F0BCFD012384F88C
S31500002D308D3084F89360B1E74368002B00F0D980AA
S31500002D408368002B00F0D58090F886307BB9117827
S31500002D5090F891200120914207D184F8860084F8EA
S31500002D608E302068317807F001FE054600E0012527
S31500002D7094F88730002B91D1317894F892209142C3
S31500002D808CD1012284F88D30206884F88720317830
S31500002D9007F0ECFD054681E74368002B00F0A980AB
S31500002DA08368002B00F0A58090F88950012D3FF430
S31500002DB075AF90F88650012D40D1127890F8913079
S31500002DC09A4209D1002380F8863080F88E30006858
S31500002DD0317807F0DCFD054694F88730012B0ED1DB
S31500002DE0327894F892309A4209D10023206884F808
S31500002DF0873084F88D30317807F0C9FD054694F8A0
S31500002E008F30023B012B29D894F88A30012B17D139
S31500002E10B4F88630002B7FF441AF94F88D202068FB
S31500002E20012A94F8921084F88A3025D184F88D30DE
S31500002E3007F03CFD002384F88F302FE70125CBE710
S31500002E4094F88E302068012B94F891100CD184F8F8
S31500002E50963007F02BFD002384F88F3094F88A30E3
S31500002E60012B7FF41BAFD3E70D23E26907F014FDB6
S31500002E70012384F88E30EEE71F23A26907F012FDC6
S31500002E80012384F88D30D5E713681A7802F01F0500
S31500002E90012D2ED190F89500197988427FF4FEAE67
S31500002EA05978FE2903D0FF290ED00525F6E6598864
S31500002EB00029FAD1DB88012BF7D11206F5D590341B
S31500002EC0C6E901450025E9E659880029EDD1DB88E8
S31500002ED0002BEAD11306E8D440F20112A4F8885078
S31500002EE084F88A50A4F88620ECE70325D6E6042564
S31500002EF0D4E60125D2E630B5036985B0002504463F
S31500002F000093836902955A7BC36800EB02118DF822
S31500002F100C20B3F5803F6A46C96D28BF4FF4803355
S31500002F208B4294BF01930191042143681B68984723
S31500002F30A36922695B7B94F8911004EB03135B6D24
S31500002F409A4206D22068DDE9013207F0A5FC05B0F9
S31500002F5030BD0123206884F88B5084F88630022324
S31500002F6084F8855084F88F3007F000FD2846EEE798
S31500002F707FB54B6814460E465A1C2CD194F8853002
S31500002F80A3B163681D688DB1A269D37B03F07F038B
S31500002F90282B0BD1002309682046029101210193B9
S31500002FA00093537B6A468DF80C30A84794F89650E8
S31500002FB0012D03D00125284604B070BD0023E26927
S31500002FC094F8911084F896300D23206807F064FC7D
S31500002FD0A4F88E50EFE7E26894F88B5093429CBFBA
S31500002FE0D21AE260012D0CD1002394F891102068CA
S31500002FF084F88B3084F8865084F8853007F0B6FC68
S31500003000D9E794F88520BAB90D2BD3D10B68196886
S31500003010264B9942CED1012584F88E201F23A26922
S3150000302094F89210206884F8885007F03BFC84F8E6
S315000030308D50C0E701252AE062681568002DB9D0D9
S3150000304001933368029323690093A3695A7B8DF831
S315000030500C20DB7B03F07F03282B03D16A4601217A
S315000030602046A847E368002BE4D0A36920465A7B94
S31500003070736804EB0212926DB3FBF2F223691344F8
S315000030802361FFF738FFE3680546002B93D1002341
S31500003090E26994F8911084F885300123206884F859
S315000030A08E300D2307F0F8FB85E700BF55534253DA
S315000030B030B5036985B000250446009383690295FF
S315000030C05A7BC36800EB02118DF80C20B3F5803FE4
S315000030D06A46096E28BF4FF480338B4294BF019332
S315000030E00191032143681B689847A36922695B7BAA
S315000030F094F8921004EB03135B6D9A4206D2206893
S31500003100DDE9013207F0CEFB05B030BD01232068B2
S3150000311084F88C5084F88730022384F8845084F82D
S315000031208F3007F023FC2846EEE700007FB51446F3
S315000031304A680E46531C2CD194F88430A3B16368B8
S315000031401D688DB1A269D37B03F07F032A2B0BD1B7
S315000031500023096820460291022101930093537BC4
S315000031606A468DF80C30A84794F88D50002D40F033
S31500003170AB81B4F886304BB91F23A26994F892103C
S31500003180206807F08FFB012384F88D30284604B0B1
S3150000319070BDE3689A429CBF9B1AE360A369DB7B20
S315000031A003F0BF03152B06D163681B681BB1002211
S315000031B00B212046984794F88C30012B0CD1002522
S315000031C094F89210206884F8873084F88450A4F824
S315000031D08C5007F0CBFBD9E794F88450002D37D0FC
S315000031E0736801933368029323690093A3695A7B3A
S315000031F08DF80C2062681568CDB1DB7B03F07F0388
S315000032002A2B03D16A4602212046A847E5688DB1DC
S31500003210A36920465A7B736804EB0212926DB3FBD6
S31500003220F2F2236913442361FFF742FF0546E36880
S31500003230002BABD1002384F884300D23E26994F887
S315000032409110206807F028FB012384F88E309DE753
S3150000325094F88830002B00F01E8173681F2B40F015
S315000032601A81A369994A1968914240F014815E7BDC
S3150000327016F0F00F40F00F81997B11F0E00240F05C
S315000032800A8194F890000130864280F00481013969
S315000032900F2900F20081E1698D4884F88D20E260F3
S315000032A0086058688A60486084F8882093F90C00A2
S315000032B09E680028197B02DB321E18BF01220028F7
S315000032C084F8842008DA3EB1012094F8862084F838
S315000032D0850022B1054659E7002284F88520DB7B6C
S315000032E0032B04D0226A0020907010735073CA0911
S315000032F02F2B666284F8392050D8112B0CD8032B5B
S3150000330000F09480042B00F09D80002B00F092804A
S31500003310204600F039FC57E0123B1D2BF8D801A2DD
S3150000332052F823F0C33300001133000011330000BC
S315000033305534000011330000113300001133000032
S3150000334011330000AB330000753400001133000068
S31500003350653400003D3400001133000011330000D5
S3150000336011330000113300005D34000011330000FA
S315000033704D340000113300001133000025340000E5
S3150000338011330000BB33000011330000113300007D
S3150000339011330000113300006D3400009E2B55D010
S315000033A007D8552B56D05A2BB2D1204600F054FAE6
S315000033B00AE0A82B36D0AA2BAAD1204600F0FCF9A9
S315000033C002E0204600F0AFF9236A05469B7843B138
S315000033D0E3691A7B2AB9A269D27B032A1CBF0122A0
S315000033E01A73052D0ED194F88430012B46D194F82A
S315000033F087200AB984F88C30002384F884300223AD
S3150000340084F88F3094F88430002B7FF4BFAE94F8A4
S315000034108530002B7FF4BAAE94F88B30002B7FF406
S31500003420B5AE0AE7204600F0A2F9CDE7204600F047
S3150000343059F9C9E7204600F0E4F9C5E7204600F04F
S315000034403CFBC1E7204600F019FBBDE7204600F033
S3150000345053FAB9E7204600F023FAB5E7204600F014
S3150000346093FAB1E7204600F049FBADE7204600F0AD
S31500003470E9F9A9E7204600F062FBA5E794F8853054
S31500003480012BBCD194F886200AB984F88B3000232E
S3150000349084F88530B3E794F89210206807F066FA4E
S315000034A094F89110206807F061FA002384F88D30B3
S315000034B0012384F88F3040F20113A4F886304FF4CC
S315000034C08073A4F8883061E600255FE655534243D1
S315000034D05553425330B484690129647B00EB0414CC
S315000034E0A56D5468126804FB05F40261C46002D13C
S315000034F030BCFFF700BD30BCFFF7DABDD0E90932BA
S3150000350070B504464BB9C1698B6012B910460A738F
S3150000351070BD022218460A73FAE790F8391000299E
S315000035206ED0C56942B9AB60134694F89110E26A51
S31500003530206807F0B1F90FE090F83A10002954D04E
S31500003540934290F8381013D99B1A0129AB60EBD13E
S3150000355000F13002FFF7BEFFE36908B918735CE0BB
S3150000356001221A730322236A9A7011221A7354E0F5
S315000035704FF00002AA6010D1012907D100F13002F4
S31500003580FFF7A8FFE36940BB1873C1E7C26A90F86A
S315000035909110006807F080F9F4E7012916D18269D5
S315000035A0527B00EB0212966DB3FBF6F206FB12336A
S315000035B0426300F13002AB60FFF78CFFE36960B94C
S315000035C094F83820012ADFD102220CE0C26A90F872
S315000035D09110006807F060F9F0E701221A730322E0
S315000035E0236A9A7011221A7392E7C26AAB600B467D
S315000035F090F89110006807F04FF9E3690222B5E7E9
S315000036006AB990F89210006807F0B0F9636AE26947
S3150000361093600123137384F88730052078E790F8C8
S315000036203A1059B190F89210006807F09FF9E369D3
S31500003630626A9A6002221A730123ECE79342C56913
S3150000364090F8386019D99B1A012EAB600DD100F1A4
S315000036503002FFF73FFFE36900283FF47FAF012206
S315000036601A730322236A9A7080E7134690F8921021
S31500003670C26A006807F016F9EDE7A96016D1012EB7
S315000036800DD100F13002FFF725FFE36900283FF472
S315000036907BAF01221A73236A03229A70A3E7C26AD8
S315000036A090F89210006807F0FDF8EEE7012E12D1AF
S315000036B08269527B00EB0212966DB3FBF6F206FBB3
S315000036C01233426300F13002AB60FFF703FF0028BC
S315000036D0E1D1E36974E7C26A90F89210006807F0D6
S315000036E0E1F8F4E710B5036A86B0044604938369EB
S315000036F003F10F025B7B8DF81430436801921B685F
S3150000370013B101AA0F21984712232046A362012371
S3150000371084F83A30236AE362002384F83830FFF7EE
S31500003720EDFE06B010BD10B5036A86B004460493DC
S31500003730836903F10F025B7B8DF8143043680192B5
S3150000374000221B68CDE9022213B101AA082198477D
S31500003750029B2046A362012384F83A30039BE3626E
S31500003760002384F83830FFF7C9FE06B010BD826921
S3150000377010B4D37BD2F81110282B09BA15D1D38AED
S315000037805BBA9BB2012480F83A40527B00EB0212EE
S31500003790926D80F838405A435DF8044B82620022ED
S315000037A0C0E90C13C262FFF7A9BEA82B0ABFD2F864
S315000037B0153000231BBAE5E7826910B4D37B0024D9
S315000037C0D2F811102A2B09BA14D1D38A5BBA9BB24C
S315000037D080F83A40527B00EB0212926D5A43C0E9E0
S315000037E00A24012280F838205DF8044BC0E90C1346
S315000037F0FFF784BEAA2B0ABFD2F8153023461BBAA0
S31500003800E6E730B5036A87B004460493836903F19B
S315000038100F025B7B019201228DF81430002380F8A1
S315000038203A208362C36280F83830FFF767FE636828
S3150000383005461B681BB101AA072120469847284662
S3150000384007B030BD00220121826280F83A10C262C0
S3150000385080F83820FFF752BE10B5036A86B00446DA
S315000038600493836903F10F025B7B8DF81430436880
S31500003870019200221B68CDE9022213B101AA092197
S315000038809847029B2046A362012384F83A30039BA3
S31500003890E362002384F83830FFF730FE06B010BD2F
S315000038A010B5036A86B004460493836903F10F02D8
S315000038B05B7B8DF814304368019200221B68CDE9CA
S315000038C0022213B101AA0A219847029B2046039AB5
S315000038D0A3620023E26284F83A3084F83830FFF7B6
S315000038E00DFEA3691B7CDB0704D5236A05229A70AB
S315000038F024221A7306B010BD836930B585B05D7B8E
S31500003900002304468DF80C50CDE9013343681B684B
S3150000391013B101AA1021984794F89030AB423FBFEB
S31500003920236A052200259A70029931B1019B13B3CF
S3150000393004EB0515C5E915310821A069437BC07B59
S315000039400533252804EB03135A68A16202F1FF32FE
S3150000395012BA12D1E16B0A609B681BBA4B60012355
S315000039602046E16284F83A30002384F83830FFF7C5
S31500003970C5FD05B030BD1946DFE7216C4A609B687E
S315000039801BBA8B60EBE7000070B53B4B044688B072
S315000039901868A36900905D7B0023CDE90533636851
S315000039A08DF81C501B681BB105AA112120469847AB
S315000039B094F89030AB423FBF236A052200259A70E7
S315000039C0069B2BB1059A1AB104EB0515C5E915231B
S315000039D0A36994F84C50997DDA7D42EA0121002DC5
S315000039E048D06269002A14BF022003205B7B002DA9
S315000039F04FEAC00503F105038DF8035004EB0313EA
S31500003A005A689E6812BA33BA0392049314BF4FF0F1
S31500003A1000734FF0807301920C22334302EBC00215
S31500003A201BBA8A42029328BF0A46236D9DF80010EE
S31500003A3019709DF80110236D59709DF80210236DC1
S31500003A40997001A9236DDD70042311F8015B206DC7
S31500003A50C55401330C2BF8D101232046A26284F809
S31500003A603A30236DE362002384F83830FFF746FDD1
S31500003A7008B070BD2846B9E72814020070B50025C5
S31500003A8001260446856280F83A60C56280F838509F
S31500003A90FFF734FDE3691A7B022A0DD0A269127C76
S31500003AA002F01F02172A1DBF05221E73236A1D730B
S31500003AB01EBF9A7024221A7370BD30B5036A87B090
S31500003AC004460493836903F10F025B7B0192012292
S31500003AD08DF81430002380F83A208362C36280F8A0
S31500003AE03830FFF70BFD636805461B681BB101AA5A
S31500003AF00C2120469847284607B030BD30B5036AEA
S31500003B0087B004460493836903F10F025B7B01923D
S31500003B1001228DF81430002380F83A208362C362B4
S31500003B2080F83830FFF7EAFC636805461B681BB16E
S31500003B3001AA0D2120469847284607B030BD30B56A
S31500003B40036A87B004460493836903F10F025B7B23
S31500003B50019201228DF81430002380F83A20836206
S31500003B60C36280F83830FFF7C9FCE36905461B7B62
S31500003B70022B06D063681B681BB101AA0E212046E2
S31500003B809847284607B030BD10B4C1690022012409
S31500003B908A600C730521036A8262997020215A7328
S31500003BA019735DF8044BFFF7A9BC000010B50E4C65
S31500003BB00E4BD4F8002FC2F30222134493F8F00000
S31500003BC002F06EFDD4F8003F0246DBB201339A42A2
S31500003BD0B0FBF3F006D2064B40F6C501054A06488F
S31500003BE019F0F0FE10BD00BF0000CC402F1E0200F1
S31500003BF012170200081E02001717020010B5FFF781
S31500003C00D5FF012203464FF4E1310620BDE81040FE
S31500003C1006F09EBA984B99495A69084612F4003F35
S31500003C202DE9F041964D2E460ED0BFF34F8FBFF3D0
S31500003C306F8F5A6922F400325A610022C3F850226B
S31500003C40BFF34F8FBFF36F8F8B4A5369DB0324D5C6
S31500003C500023C2F88430BFF34F8F536923F48033B7
S31500003C605361BFF34F8FD2F8803043F6E07CC3F345
S31500003C70C907C3F34E335B0103EA0C083C4648EA26
S31500003C80847E013CC2F874E2F9D2203B13F1200F86
S31500003C90F2D1BFF34F8FBFF36F8FBFF35F8F764ABB
S31500003CA0536A23F480335362764B5A6822F001023A
S31500003CB05A60BFF34F8FBFF36F8F1022724CDA60DA
S31500003CC0724A1A61724ADA60724A1A61DC601A61D3
S31500003CD01322714CDA60714A1A611422DA60704A52
S31500003CE01A61DC601A616F4ADA606F4A1A616F4ABC
S31500003CF0DA606F4A1A616F4ADA606F4A1A616F4A70
S31500003D00DA606F4A1A61002225FA02F4012C0CD8F7
S31500003D104AB36C4CB4FBF5F705FB17453DB16A4B4E
S31500003D20B1216A4A6A4819F04DFE0132ECE70125D5
S31500003D309540B54203D0674BB221644AF2E7042AA4
S31500003D4003D8654BB321614AECE7013A24F01F041E
S31500003D50520044F01A0402F03E02DC6042F0427265
S31500003D6042F001021A615D4A5D4CDA605D4A1A61F1
S31500003D705D4ADA605D4A1A615D4ADA605D4A1A6137
S31500003D80DC601A61002221FA02F4012C0AD82AB357
S31500003D90594CB4FBF1F501FB154129B1574BD5211F
S31500003DA04A4ABFE70132EEE701219140814203D042
S31500003DB0534BD621454AB5E7042A03D8464BD721AB
S31500003DC0424AAFE7013A44F01F045200DC6002F0B9
S31500003DD03E0242F0447242F001021A61BFF35F8F65
S31500003DE005225A60244B5A6A42F480325A62BFF363
S31500003DF04F8FBFF36F8F5A6912F4803223D1C3F805
S31500003E008420BFF34F8FD3F8802043F6E074C2F3CB
S31500003E10C900C2F34E32520102EA0406014646EADE
S31500003E2081750139C3F86052F9D2203A12F1200F98
S31500003E30F2D1BFF34F8F5A6942F480325A61BFF311
S31500003E404F8FBFF36F8F0C4B5A6912F4003211D1AA
S31500003E50BFF34F8FBFF36F8FC3F85022BFF34F8F5F
S31500003E60BFF36F8F5A6942F400325A61BFF34F8F26
S31500003E70BFF36F8FBDE8F08100ED00E00020000089
S31500003E800080000090ED00E0120000603F0010008E
S31500003E901100008039001003150000203B001003BC
S31500003EA023000303160020202700030317003020F9
S31500003EB025000303180000302F00030619000080B8
S31500003EC033000303000000204D1D02001F1E0200E8
S31500003ED0651D02009D1D0200B81D02001B0000406A
S31500003EE01E0080412F0010031C0000412900100312
S31500003EF01D0040412700100300002C20BF1D0200BA
S31500003F00E31D0200C64A46F22063D158C9072DE9CF
S31500003F10F0410BD40121D150BFF34F8FBFF36F8F08
S31500003F2002F5CC4230321368DB07FCD50A22BD4BC2
S31500003F30052402251A60042143F8042C012043F8C5
S31500003F40082C4FF00C0C43F80C2C1527B64BB74E2B
S31500003F501C601D6443F8044CDD63B54BDFF80CE3CD
S31500003F601960C3F8F0030023DFF804833360B14E11
S31500003F7037600327C6F840C0A6F50B26A6F6EC76F2
S31500003F803260C6F840C046F8200C376246F81C0C72
S31500003F90C6F894307762A84E3060C6F8FC520E44DC
S31500003FA03060C6F8E4520E443060C6F8E4520E445F
S31500003FB03060C6F8E4520E443060C6F8E4520E444F
S31500003FC03060C6F8E4520E443060F83EC6F8FC0095
S31500003FD0C6F80001C6F80401C6F80801C6F80C01C7
S31500003FE0C6F8E45335607560C6F8C403443E3260D3
S31500003FF072603266C6F84412C6F84812C6F8A45271
S315000040001026CEF80060CEF87830CEF80460CEF8F0
S3150000401074304FF0200EC8F800E0C8F804E0DFF86E
S3150000402054E2CEF80030CEF8B4348E44CEF80030E8
S315000040300EF5107ECEF86C32CEF80050CEF8045055
S31500004040AEF5407ECEF80070CEF804700E27CEF89E
S315000040504472CEF848720EF58E7E784F3960A7F519
S31500004060BA77C7F87811C7F8B833C7F8BC3324371E
S3150000407047F8243C47F8203C47F81C3C47F8183CD6
S3150000408047F8143C47F8103C47F80C3C47F8083C06
S3150000409047F8043C3B607B60BB60FB603B617B6137
S315000040A0BB61FB613B627B62BB62FB623B637B6322
S315000040B0BB63FB6340373B607B60BB60FB603B617F
S315000040C07B61BB61FB613B627B62BB62FB623B6304
S315000040D07B63BE63C7F88C301127CEF80070CEF82C
S315000040E00470CEF8A8030EF1080ECEF80070CEF8D4
S315000040F080038E44CEF80070CEF880038E44CEF84E
S315000041000070CEF880038E44CEF800704C4F3860B5
S315000041104C484D4F0260A0F53D70C0F8F822C0F83B
S31500004120FC22C0F80023C0F80423C0F8082302606C
S3150000413040F8342C40F8202C3C60444F39607960BC
S31500004140B960F96039617961B961F9613962796299
S3150000415047F8041C47F8081C40F8202CC0F880607B
S31500004160C0F88460C0F88860C0F88C60C0F89060C1
S31500004170C0F894608267C0F81421C0F81021344852
S31500004180046034480260C0F8B420C0F8B820122297
S31500004190C0F8A420C0F8A8201322C0F8AC20C0F8AC
S315000041A0B0202D4A1160903242F88CCC42F8881C1F
S315000041B042F8841C42F8801C42F87C1C42F8983C69
S315000041C05360136002F53A0202F53C421560234A39
S315000041D01360C2F8B4C0C2F8B8C0C2F8A430C2F8BE
S315000041E0A830C2F8AC30C2F8B0301D4B1C6043F8A2
S315000041F00C4C1C4B1C605C6043F8684C43F8644CE8
S3150000420043F8D44C43F8D04C43F87C4C43F8804CEC
S31500004210154B1C60DC601C615C61BDE8F08100BF71
S315000042200000CC40F8800E401840C94058830E402C
S3150000423014810E400C40C940E4810E4084810E403A
S3150000424060850E4010840E402040C94044810E40D7
S315000042503040C94098810E40E0830E40DC830E401A
S315000042602480C0408C810E401C80C0401080C0401D
S315000042705080C0406C810E40FFF744BE73B50024E9
S31500004280064601A80D460194FDF7D3FA074B1A68B6
S31500004290964206D101982B60FDF7DCFA204602B063
S315000042A070BD0198FDF7D6FA0420F8E72801002032
S315000042B037B50024054601A80194FDF7BAFA0A4B62
S315000042C01A685AB19A7BAA4208D101989C73C3E92D
S315000042D00044FDF7BFFA204603B030BD0198FDF754
S315000042E0B9FA0420F8E700BF2801002073B50024BE
S315000042F0064601A80D460194FDF79BFA084A136885
S315000043004BB1927BB24206D101982B60FDF7A2FA1F
S31500004310204602B070BD0198FDF79CFA0420F8E72C
S31500004320280100202DE9F7430F46154622B904233C
S31500004330184603B0BDE8F08301A9FFF79FFF0028E8
S31500004340F5D1044601264FF00C08DFF85890019B82
S31500004350E0B25B681A7A824201D83346E8E71B6806
S3150000436008FB003083681B79012B15D0022B15D072
S31500004370032B15D0042B0DD1032309EB03132A4677
S31500004380394640689B68984705280346D0D00028E0
S3150000439008BF00260134DAE70023EEE70123ECE745
S315000043A00223EAE7A820020073B50D4601A90446D8
S315000043B01646FFF763FF88B9012D08D101992046FB
S315000043C00BF0A0FD019A02212046FFF7ABFF019BEF
S315000043D03246294620465B685B68984702B070BD46
S315000043E02DE9F74F07460C469046002A5DD0002976
S315000043F05BD04B68002B58D0002301A80193FDF732
S3150000440018FA2B4B01981E681D461EB39B7BBB42B8
S3150000441020D10124FDF71EFA204603B0BDE8F08F37
S31500004420DFF89490AF73C5F80890FDF713FA6C6047
S31500004430A9F110021F49384606F0BAF9044678B9C0
S315000044406B685FFA86F91B7A4B4510D82B68C8F85B
S315000044500030E1E7002EE3D00224FDF7FBF9DBE7AD
S31500004460286806F084F93846FFF722FFD4E70C23C4
S31500004470DFF848A04FF0000B03FB09F96B681968D9
S3150000448049448B681A799AF80C309A4204D1DAF8C2
S3150000449000300A1D384698470BF1010B0AF1100A45
S315000044A0BBF1050FEAD10136CAE70424B4E700BF21
S315000044B028010020A943000038010020A82002009E
S315000044C070B586B00B78012506468DF80C300223B0
S315000044D00C4602928DF80D3040F201130595ADF8A9
S315000044E00E3001AB049302A9304603F065FB58B9C0
S315000044F06388A18805FA03F3019A39B1934314BF7F
S3150000450001230023002BEED106B070BD1342F6E75F
S3150000451070B51E4686B00B7801250C4602A98DF8AB
S315000045200C30022302928DF80D3040F209130595E6
S31500004530ADF80E3001AB049303F03EFB38B9A36827
S31500004540019A1340E268934208BF0546357006B0EB
S3150000455070BD7FB500238DF80C1002A9CDE901339B
S3150000456003238DF80D304FF48673ADF80E3001AB92
S3150000457004930123059303F01FFB07B05DF804FBCA
S31500004580F8B50D46064628B9324B9121324A3348D2
S3150000459019F018FA19B9324B92212F4AF7E7046835
S315000045A004220021284619F043FD2E4B706804F1C1
S315000045B03C07218E28605980618EEB619980616B82
S315000045C094F820209960A16B1A70D960214603F0F7
S315000045D0ABF94FF480720021384619F029FD40F2FC
S315000045E00641214A214BE1662149DFF898E0C4F8EB
S315000045F08C104FF401517068C4E90F2342F2014355
S315000046001C4AC4E927E1C4E91323C4E933231A4940
S315000046101A4AC4F8DC100331C4E91723184A4FF4C8
S315000046200053C4F8BC100021C4E93F2340233A4696
S3150000463003F0FCF973681A6842F001021A60186800
S3150000464010F00100FBD1636AAB60A36AEB60E36A1A
S315000046502B61F8BDDC21020056210200F820020081
S31500004660CD210200ECBE00200304100C083080248B
S31500004670D80418080F04C004100418089F04000486
S315000046801F04A0040204100C2DE9F0439046826832
S3150000469087B0C66951431F46002396F800904D0027
S315000046A004468DF80D304FF4847302A90068029514
S315000046B08DF80C90ADF80E3003F07EFA10BB2A464A
S315000046C031462068FFF7FCFEE0B9022302A9206804
S315000046D08DF80D304FF4807302958DF80C90ADF87F
S315000046E00E30CDE9048703F067FA58B90DF10703D8
S315000046F02A4631462068FFF70BFF18B99DF80700D8
S3150000470080F0010007B0BDE8F0832DE9F043914643
S3150000471087B0C66998460023044637788DF80D3071
S3150000472040F203138DF80C70ADF80E30D0E9022577
S3150000473000682A4401FB02F502A9029503F03CFA3F
S3150000474080BB032302A920688DF80D304FF48373D4
S3150000475002958DF80C70ADF80E30CDE9049803F093
S315000047602BFAF8B94FF485738DF80D0002A920686D
S3150000477002958DF80C70ADF80E3003F01DFA88B96D
S315000047802A4631462068FFF79BFE58B90DF107030C
S315000047902A4631462068FFF7BBFE18B99DF8070088
S315000047A080F0010007B0BDE8F083F0B5836885B0FE
S315000047B0C66904465943056937784D43006839464A
S315000047C0FFF7C7FE00236D0069468DF8053040F2FD
S315000047D00313206800958DF80470ADF8063003F0D9
S315000047E0EBF990B940F205138DF80500694620688B
S315000047F000958DF80470ADF8063003F0DDF920B9A8
S315000048002A4631462068FFF75BFE05B0F0BD10B5BD
S31500004810EFF3108472B6438902890BB19A420ED027
S3150000482052B901600023013248600B604160028189
S31500004830184684F3108810BD43681960F2E743F206
S315000048407A70F6E7EFF3108172B660B103896BB147
S31500004850013B02689BB2038103B9436000235360A6
S3150000486013680360104681F3108870471846FAE70C
S315000048700068704710B50446C430FFF7F9FF50B121
S31500004880A378012B07D1C268816804F10C00BDE84A
S31500004890104000F05FBB43F2215010BDF7B505464E
S315000048A0FFF7E8FF002705F1D0063046FFF7E0FFE7
S315000048B00446C4B9EFF3108272B66B6882F31088AF
S315000048C07BB19A686AB11869D968884209D300929F
S315000048D09C601A69DC6901921CB1DA8A6946186A19
S315000048E0A04703B0F0BD3046FFF7ACFFA368A76052
S315000048F0009323690193E3691BB1E28A6946206A42
S3150000490098473046FFF7B4FF0446D2E731B18378C3
S31500004910012B03D100210C3000F033BB43F22150B0
S3150000492070472DE9F0470D46044600B9FEE701B988
S31500004930FEE7EFF3108772B64A68D0F8BC30D0F8BD
S31500004940B81013448B4280F09080D0F8BC3043F20C
S315000049502358D0F8B4002968184419F041FBD4F85C
S31500004960BC306A681344C4F8BC3028E0D4F8BC20D4
S315000049702E68501CC4F8BC00D4F8B400F65C86540B
S31500004980D4F8BC20D4F8B800824201D3C4F8BC10D5
S31500004990D4F8BC60D4F8C02096420CD1D4F8C0201C
S315000049A00132C4F8C020D4F8C020904201D8C4F81F
S315000049B0C01043F2265801336A689A42D6D8D4F812
S315000049C0BC30D4F8B820D4F8C06013449B1BB3FBAA
S315000049D0F2F602FB163663680BB363689B68F3B1A5
S315000049E06368DA6863681B699A420CD963680021B8
S315000049F0DB688A46626812699B1AB34228BF33464F
S31500004A008B4237D8F61A6368DA6863681B699A427C
S31500004A1005D863681B7D002B51D16268936061687D
S31500004A2032462046FFF772FF76B10023C5E900360D
S31500004A3063684BB16368DB6933B16368424660689B
S31500004A402946DB69006A9847228848F641739A42EC
S31500004A5007D1D4F8B82020466168013A921BFFF7C7
S31500004A6055FF87F31088BDE8F087002343F22358EB
S31500004A701946A1E7D4F8C0E0D4F804906268D2F8E9
S31500004A8010C0D4F8B42012F80EE0D9F8082002F8C5
S31500004A900CE0D4F8C020D4F8B8000132C4F8C02025
S31500004AA0D4F804C0DCF810200132CCF81020D4F879
S31500004AB0C020824201D3C4F8C0A00131A0E76368D8
S31500004AC000222046DA82FFF7E9FEA8E72DE9F04149
S31500004AD00E461746054600B9FEE701B9FEE700F1A6
S31500004AE0C4084046FFF7C4FE0446B8B14046FFF787
S31500004AF0A9FE2846FFF7BEFE7368E7822361237D81
S31500004B00012B09D1214605F1D000FFF780FE28468A
S31500004B10BDE8F041FFF7C2BE0023A360BDE8F08107
S31500004B20704700002DE9F8431E46044600B9FEE72B
S31500004B3001B9FEE702B9FEE7856905B9FEE7406AF5
S31500004B40224B9842FDD1012E02D1E369002BFCD005
S31500004B50EFF3108872B6A3682BB188F3108843F27E
S31500004B602250BDE8F88305F1C409E260A160236123
S31500004B7048462675FFF77CFE214607464846FFF75E
S31500004B8046FE88F3108847B12EB905F10C06E26897
S31500004B9023699A4207D80020E3E72846FFF76AFE12
S31500004BA00028F1D0DDE7EFF305835BB1EFF3108763
S31500004BB072B6AB78012B02D1304600F0F8F987F3D4
S31500004BC01088E4E70120FFF7ABFFE0E75457BBAAE4
S31500004BD0704700002DE9F341089D0E461F46044626
S31500004BE000B9FEE701B9FEE702B9FEE7806900B940
S31500004BF0FEE7616A514B9942FDD1012F02D1E3696B
S31500004C00002BFCD0EFF3108872B6A16831B188F39F
S31500004C10108843F2225002B0BDE8F081012AE2601A
S31500004C20A6602161277527D1D0F8BC20D0F8C03006
S31500004C309A4218D0D0F8C0202369D0F8B4C003F146
S31500004C40010EC4F810E01CF80220F254D0F8C0306F
S31500004C500133C0F8C030D0F8B830D0F8C0209A423E
S31500004C6001D3C0F8C010002D47D0236900202B6067
S31500004C70A06088F31088CEE7D0F8B8E0D0F8BC3052
S31500004C80D0F8C0C073442161A3EB0C03B3FBFEFC58
S31500004C900EFB1C338E469A4228BF1A46236993425E
S31500004CA011D3D0F8B830D0F8BC20D0F8C0101A44D0
S31500004CB0521AB2FBF3F103FB1122013B21469A1A69
S31500004CC0FFF724FECFE7D0F8C030D0F8B410D4F800
S31500004CD010C0CB5C06F80C30D0F8C030D0F8B81055
S31500004CE00133C0F8C030D0F8C0308B4201D3C0F8D1
S31500004CF0C0E0236901332361D0E72269E3689A4261
S31500004D0010D3A56088F31088012F0FD1E3690BB982
S31500004D10002080E722696946206A01922A460096A9
S31500004D209847F5E788F31088002FF1D1E2682369E8
S31500004D309A42EDD90120FFF74BFFF7E74452AABB91
S31500004D4070B504460D4601B9FEE700B9FEE70B68EB
S31500004D5003B9FEE74B6803B9FEE74FF492720021F0
S31500004D6019F066F96B8923802B7AA370012B2A68C8
S31500004D70C4F8B4206A68C4F8B82013D104F10C064C
S31500004D80E968304600F0C4F8054648B922460749A6
S31500004D90304600F000F922460549304600F001F998
S31500004DA0284670BD43F22155FAE700BFCD4A000000
S31500004DB02349000038B50D46044600B9FEE701B99F
S31500004DC0FEE7EFF3108272B683680133836082F3E5
S31500004DD0108848F6417302889A4202D18861002001
S31500004DE038BD2C220021284619F022F9014BAC616E
S31500004DF06B62F4E75457BBAAF8B50C46054600B9F2
S31500004E00FEE701B9FEE7028848F641739A4202D1ED
S31500004E1088610020F8BDEFF3108772B6466866B960
S31500004E2041602C223146204619F002F9044B3046E7
S31500004E30A561636287F31088ECE743F22250F9E735
S31500004E404452AABB0123FFF76DBE002307B50093AA
S31500004E500123FFF7BFFE03B05DF804FB10B500B9F0
S31500004E60FEE7446A034B9C42FDD1C0E907120020CD
S31500004E7010BD00BF5457BBAA10B500B9FEE7446A7F
S31500004E80034B9C42FDD1C0E90712002010BD00BFB4
S31500004E904452AABB13B5144602B9FEE742F6AC73F8
S31500004EA099420FD1104600F027FA236F43B104F15F
S31500004EB07A026946606F00920122019200229847A9
S31500004EC002B010BD42F6AB739942F9D192F86C303C
S31500004ED0002BF5D00022636E84F86C20002BEFD0F7
S31500004EE0E16DA06E0091216E01916946E7E701220E
S31500004EF000F17A0110B580F87820044600F080F9B8
S31500004F0020B1002343F2215084F8783010BD000010
S31500004F1070B504460E4601B9FEE700B9FEE700F09B
S31500004F20C1F80546002DFDD1B37A22460849204630
S31500004F3084F8793000F046F994F87930012B04D1E1
S31500004F402046BDE87040FFF7D2BF284670BD00BFBF
S31500004F50954E000070B500B9FEE701B9FEE702B94B
S31500004F60FEE790F86C604EB90126C0E9171280F88A
S31500004F706C6000F083F90028FDD170BD43F2225029
S31500004F80FBE700B9FEE790F87930012B01D1FFF776
S31500004F90AEBF0020704700B9FEE7C0E91912002035
S31500004FA0704700B9FEE7C0E91C120020704700B93F
S31500004FB0FEE700F0CBB90000354B70B553F8204042
S31500004FC034B9344B40F24711334A344818F0FAFCEE
S31500004FD0334B53F82050284603F020FE8202064643
S31500004FE02BD5284603F004FE830226D5E36823B3B7
S31500004FF0E1686269531C6361AB69180507D423F441
S31500005000FD6323F005031B051B0D022B3CD1EB6949
S3150000501003F07F038B54626923699A420DD34FF0E4
S315000050200261284603F0C7FD0023E360636823B1ED
S31500005030A26842F6AC712046984732021ED5284631
S3150000504003F0D6FD030219D5A369BBB1A269236A91
S31500005050591C2162D35CEB61226AE3699A420DD343
S315000050604FF40001284603F0A6FD0023A361636800
S3150000507023B1A26842F6AB712046984731462846CE
S31500005080BDE8704003F0D6BDEB69DBB2C2E700BFF6
S31500005090FCBE0020662102009A220200792102004D
S315000050A03423020070B50C4686B0054630B93A4B3B
S315000050B040F21D21394A3A4818F084FC21B9394B8F
S315000050C040F21E21354AF6E78B7B0C2B04D9364B72
S315000050D040F21F21314AEEE7344E56F8233023B909
S315000050E0334B4FF408712D4AE5E701A803F02CFD78
S315000050F06368226801A90193237A8DF80830637AE0
S315000051008DF80B30A37A003B18BF01238DF81530BC
S31500005110E37A003B18BF01238DF81430237B003B54
S3150000512018BF01238DF80E30637B003B18BF0123A7
S315000051308DF80F3040F20113ADF81230A37B56F80C
S31500005140230003F00FFCA0B9A37B1A492B70E27B66
S315000051506A70194A42F8235031F9132031F8133096
S31500005160002A0ADA03F00F03144A1A44202313769E
S3150000517001E042F6AF7006B070BD114C2025A118B3
S3150000518081F80053012103F01F03520901FA03F3CA
S3150000519044F82230EFE700BFC5210200B222020028
S315000051A079210200D4210200E32102003423020007
S315000051B02C22020068230200FCBE0020FCEC00E06A
S315000051C000E100E008B530B9094B40F23231094A36
S315000051D0094818F0F7FB4378012B04D1074B40F23E
S315000051E03631044AF4E7C0E90112002008BD00BFC9
S315000051F0C5210200BF2202007921020073220200AB
S3150000520010B530B9164B4FF45071164A164818F0BF
S31500005210D9FB21B9154B40F24131124AF6E722B9C2
S31500005220134B40F242310F4AF0E74378012B04D189
S31500005230104B40F246310B4AE8E7C46864B9026194
S315000052400D4B02784461C1604FF0026153F82200B1
S3150000525003F098FC204610BD42F6AA70FBE700BF9B
S31500005260C5210200D7220200792102005A2202003B
S3150000527067220200732202003423020010B530B9FF
S31500005280164B40F25B31164A164818F09BFB21B9C3
S31500005290154B4FF45771124AF6E722B9134B40F2F9
S315000052A05D310F4AF0E74378012B04D1104B40F2F1
S315000052B061310B4AE8E7846964B9C2610D4B027833
S315000052C0046281614FF4000153F8220003F05AFC96
S315000052D0204610BD42F6A970FBE700BFC5210200BB
S315000052E0F2220200792102005A22020067220200FD
S315000052F0732202003423020010B5044630B90E4B67
S3150000530040F292310D4A0E4818F05CFB4378012BAF
S3150000531004D10C4B40F29631084AF4E7C3684BB10E
S31500005320094B4FF00261027853F8220003F043FC68
S315000053300023E360002010BDC52102000A230200FD
S3150000534079210200732202003423020008B530B925
S31500005350054B40F2DB31054A054818F033FB00786F
S31500005360BDE80840FFF728BEC52102001F23020042
S3150000537079210200012008B5FFF71EFEBFF34F8F0B
S3150000538008BD022008B5FFF717FEBFF34F8F08BD13
S31500005390032008B5FFF710FEBFF34F8F08BD0420AA
S315000053A008B5FFF709FEBFF34F8F08BD052008B506
S315000053B0FFF702FEBFF34F8F08BD062008B5FFF7C3
S315000053C0FBFDBFF34F8F08BD072008B5FFF7F4FDBF
S315000053D0BFF34F8F08BD082008B5FFF7EDFDBFF3FB
S315000053E04F8F08BD10B506281FD8DFE810F007005C
S315000053F036007800C00008014C017A01D048B1B1EE
S31500005400D0F8201821F48031C0F82018D0F82018E0
S3150000541021F0FF010A43C0F82028C0F83038D0F840
S31500005420003583F48033C0F80035002014E0D0F84E
S31500005430203843F48033C0F82038D0F8203823F0E1
S31500005440FF031A43C0F82028D0F8003583F48033D0
S31500005450C0F80035D0F8400810BDB948F9B1D0F809
S315000054605048D0F8501804F4007421F48031C0F884
S315000054705018D0F8501821F0FF010A43C0F8502800
S31500005480C0F86038D0F8503883F48073C0F85038CC
S31500005490D0F8503803F400739C42F9D0C5E7D0F831
S315000054A05018D0F8503801F4007143F48033C0F836
S315000054B05038D0F8503823F0FF031A43C0F850286C
S315000054C0D0F8503883F48073C0F85038D0F850388C
S315000054D003F400739942F9D0D0F87008BCE79848F5
S315000054E029B3D0F88048D0F8801804F4007421F469
S315000054F08031C0F88018D0F8801821F0FF010A43E7
S31500005500C0F88028C0F89038D0F8803883F48073CB
S31500005510C0F88038D0F8803803F400739C42F9D084
S31500005520D0F8803823F48033C0F880387DE7D0F88F
S315000055308018D0F8803801F4007143F48033C0F845
S315000055408038D0F8803823F0FF031A43C0F880284B
S31500005550D0F8803883F48073C0F88038D0F880386B
S3150000556003F400739942F9D0D0F8A00874E77448A0
S3150000557029B3D0F8B048D0F8B01804F4007421F478
S315000055808031C0F8B018D0F8B01821F0FF010A43F6
S31500005590C0F8B028C0F8C038D0F8B03883F48073AB
S315000055A0C0F8B038D0F8B03803F400739C42F9D094
S315000055B0D0F8B03823F48033C0F8B03835E7D0F8E7
S315000055C0B018D0F8B03801F4007143F48033C0F855
S315000055D0B038D0F8B03823F0FF031A43C0F8B0282B
S315000055E0D0F8B03883F48073C0F8B038D0F8B0384B
S315000055F003F400739942F9D0D0F8D0082CE750484C
S3150000560001B3D0F82049D0F8201904F4007421F42D
S315000056108031C0F82019D0F8201921F0FF010A4383
S31500005620C0F82029C0F83039D0F8203983F48073C7
S31500005630C0F820390346D3F8202902F400729442B8
S31500005640F9D0F2E6D0F82019D0F8203901F400712B
S3150000565043F48033C0F82039D0F8203923F0FF0313
S315000056601A43C0F82029D0F8203983F48073C0F893
S3150000567020390346D3F8202902F400729142F9D06A
S31500005680D3F84009E8E62E48A9B1D0F8E01821F48D
S315000056908031C0F8E018D0F8E01821F0FF010A4385
S315000056A0C0F8E028C0F8F038D0F8003483F400439E
S315000056B0C0F80034B9E6D0F8E03843F48033C0F8D7
S315000056C0E038D0F8E03823F0FF031A43C0F8E028AA
S315000056D0D0F8003483F40043C0F80034D0F8100941
S315000056E0BAE61748A9B1D0F8E01821F48031C0F81D
S315000056F0E018D0F8E01821F0FF010A43C0F8E028CE
S31500005700C0F8F038D0F8703583F00103C0F8703572
S315000057108BE6D0F8E03843F48033C0F8E038D0F8B0
S31500005720E03823F0FF031A43C0F8E028D0F87035BC
S3150000573083F00103C0F87035D0F800098CE600BF8D
S315000057400040C84013460A460121FFF74BBE00231E
S315000057500A461946FFF746BE2DE9F041DDF81880E6
S31500005760144605460E4604FA08F41F46FFF7EFFFF7
S315000057703146444004EA070242402846BDE8F0416B
S31500005780FFF7E0BF2DE9F041EFF3108572B64F4CFD
S31500005790636913F4803325D00023C4F88430BFF343
S315000057A04F8F636923F480336361BFF34F8FD4F85F
S315000057B0803043F6E07CC3F3C907C3F34E335B0185
S315000057C003EA0C083E4648EA867E013EC4F874E2C7
S315000057D0F9D2203B13F1200FF2D1BFF34F8FBFF365
S315000057E06F8F012359B93A4E3A4F34683F6847F8EC
S315000057F02420621C032A88BF0A4632600BE0012976
S3150000580013D1354E354F34683F6847F824200134AC
S31500005810032C16D83460BFF36F8FBFF34F8FB9B91F
S3150000582000F580300122C2611EE0022903D12C4E10
S315000058302C4F3468E8E7032905D12B4E2B4F3468EB
S31500005840E2E70022D9E785F310880420BDE8F0815D
S31500005850012906D0022935D0032905D100F580207B
S31500005860E0E700F50030C16143B3184A536913F409
S31500005870803323D1C2F88430BFF34F8FD2F8803003
S3150000588043F6E074C3F3C900C3F34E335B0103EA86
S315000058900407014647EA81760139C2F86062F9D207
S315000058A0203B13F1200FF2D1BFF34F8F536943F41E
S315000058B080335361BFF34F8FBFF36F8F85F310882B
S315000058C00020C3E700F54030ACE700BF00ED00E084
S315000058D040BF002030BF002044BF002034BF00205E
S315000058E048BF002038BF00204CBF00203CBF00202E
S315000058F0094AC0B213684340D9070BD500F001032B
S315000059001360BFF34F8FBFF36F8F1032136843409E
S31500005910DB07FBD4704700BF0065CC4070B50B4E6B
S3150000592086B01822002104466D4618F081FB0FCE82
S315000059300FC596E8030085E803006D460FCD0FC43A
S3150000594095E8030084E8030006B070BD2C1402003D
S315000059502DE9F04F85B004469B46574E04F5802A44
S31500005960564F04F54038DFF858C1DFF858E1CDE965
S315000059700212002210461146029B1B788BBB04F5CF
S315000059808035ED6B9DB3EFF31082019272B6002B5A
S315000059903AD1DEF8002004F580301032C06B0028C2
S315000059A07ED04FF0000952F82900039D854263D14D
S315000059B009F1010052F8200028B100F07F42B2F14F
S315000059C0405F18BF0120ABBBDEF80050012205EB9B
S315000059D08905C5E9043304F580335A63012200239F
S315000059E052E0012B07D0022B08D0032B09D0BBF1C4
S315000059F0010FC1D14EE004F50035C2E7D8F83C509E
S31500005A00C0E7DAF83C50BDE7012B05D1DCF80020F1
S31500005A1004F500301032C1E7022B04D13A68D8F8F9
S31500005A203C001032BBE7032B40D13268DAF83C0069
S31500005A301032B4E7012B09D1DCF8002002EB890211
S31500005A40C2E9041104F500325363C7E7022B08D1FB
S31500005A503B6803EB89090123C9E90411C8F834300E
S31500005A60BCE7032BBAD1336803EB8903C3E90411FE
S31500005A700123CAF83430B1E709F10209B9F1080F78
S31500005A8091D1002201231046019D85F31088BBF1B8
S31500005A90010F07D10AB941F69C0005B0BDE8F08FA9
S31500005AA00246EFE7002B7FF467AFF6E7BBF1010F85
S31500005AB0F1D0042000225FE73CBF002038BF002061
S31500005AC034BF002030BF0020F0B5C1B017460446F1
S31500005AD0E8220D4606A800211E4618F0A9FA144A27
S31500005AE0144B012FCDE90023134A736814BF1349E1
S31500005AF01349039232680293049205910AB9114A36
S31500005B00039293B1059B43F4806305936A46297813
S31500005B102046FFF737FE03460028F7D16A46294696
S31500005B202046FFF715FF41B0F0BD064B0193EDE7A8
S31500005B30060080B020002012040082120600508267
S31500005B4016005082020000A070B5C0B0164604468A
S31500005B50F0220D4604A8002118F06AFA0E4B0F4AEF
S31500005B600296CDE900230E4B03938EB103F5006335
S31500005B7003936A4629782046FFF704FE0346002869
S31500005B80F7D16A4629462046FFF7E2FE40B070BDCF
S31500005B90044B0193EDE700BF20002012040080B003
S31500005BA000105082020000A02DE9F041044686B0A4
S31500005BB001200D46FFF79CFE4FF000432868636006
S31500005BC04FF0104363604E4B636030B94D4B40F26B
S31500005BD0BE614D4A4D4817F0F5FE4D4E302200216C
S31500005BE00027306018F024FA4A4B326804261F60FA
S31500005BF004F5803368685A601032DE605A62DE62ED
S31500005C0090B1DFF82C8130223946C8F8000018F030
S31500005C100FFA414BD8F800201F6004F500335A6094
S31500005C201032DE605A62DE62A86888B13B4E3022CE
S31500005C300021306018F0FCF9394B002204211A606B
S31500005C4004F5403332685A601032D9605A62D9621C
S31500005C50E86898B1334E30220021306018F0E8F938
S31500005C60314B002204211A6004F1041332681A60D1
S31500005C7004F580231032D9605A62D9622B4B002278
S31500005C80C4F800366B7C297C9B008DF80C2001F053
S31500005C90030103F00C030B4343F48053CDE90122C7
S31500005CA0C4F80036D4F8C02612F003020ED0D4F899
S31500005CB00034ABB12B7D0020AA7C5B0243EAC223F1
S31500005CC0AA7D02F003021343E36006E001AB03A9D9
S31500005CD02046FFF7F9FE0028E9D006B0BDE8F081BE
S31500005CE0D4F82034002BE5D1D4F84024002AE1D1A1
S31500005CF003A92046FFF728FF0028DBD0EDE700BF09
S31500005D000023080082230200EB2302009E230200E8
S31500005D1030BF002040BF002044BF002038BF002015
S31500005D2048BF00203CBF00204CBF002041100100AE
S31500005D3034BF00202DE9F84F1C4605460E4618468E
S31500005D4017461E4924229DF83080DDF834B0DDE97F
S31500005D500AA918F045F9236843F009022260BBF14D
S31500005D60000F1DD06369C4F808B043F40063636193
S31500005D70012FC4F8109002BF636943F010036361FA
S31500005D80B8F1020FC4E907A910D1636943F480731F
S31500005D906361224631782846BDE8F84FFFF7F2BC2A
S31500005DA043F4403343F009032360E1E7B8F1010F00
S31500005DB0EFD1636943F40073EAE700BFF8230200FA
S31500005DC02DE9F041C6B0044615461F469DF83461DC
S31500005DD041F69C084E9B2A4620460591CDE9026372
S31500005DE04C9BCDE9007306ABFFF7A4FF4045059930
S31500005DF0F0D020B9034606AA2046FFF7A9FD46B013
S31500005E00BDE8F08100294FF4803214BF0421082137
S31500005E10FFF798BC00294FF4004214BF0421082163
S31500005E20FFF790BC000000000238002138B5C4B26C
S31500005E302DED028B2046FFF78AFC302105462046D1
S31500005E40FFF785FC202108EE100A2046FFF77FFCAD
S31500005E5007EE900AB8EE488B05F07F03B8EE675B55
S31500005E60012006EE103AC5F3426585EE087B00FA7E
S31500005E7005F5B8EEC66BBDEC028B37EE066B9FEDF3
S31500005E80087B26EE076B07EE905AB8EEE77B86EEA8
S31500005E90075BFCEEC57B17EE900A38BDAFF30080BA
S31500005EA00000000060E37641094A46F66063D15877
S31500005EB0C9070BD40121D150BFF34F8FBFF36F8FAA
S31500005EC002F5DC4270321368DB07FCD5704700BF71
S31500005ED00000CC4010B54FF4005204460421FFF7F1
S31500005EE031FC0649E12000F05FFD20464FF40052E8
S31500005EF00821BDE81040FFF725BC00BF00CA9A3B49
S31500005F0001282DE9F74304460E4617461D46DDE9EE
S31500005F100A8904D04FF480420821FFF713FCB9F137
S31500005F20000F0DD0B9F802001021B9F80020C0F317
S31500005F300E0040EA0242204642F40042FFF702FC0D
S31500005F40424630212046FFF7FDFB3A4620212046F7
S31500005F50FFF7F8FB00217F23324620460091FFF72A
S31500005F60FBFB012C08D019232A460021204600936A
S31500005F704FF06063FFF7F0FB4FF4800220460421E8
S31500005F80FFF7E0FB0649642000F00EFD4FF4C04227
S31500005F900421204603B0BDE8F043FFF7D3BB00BFA2
S31500005FA000CA9A3B426838B5A2F168030546682BD9
S31500005FB005D9314B7821314A314817F003FD314B71
S31500005FC0D3F80012880422D5D3F800128A431ED1D2
S31500005FD0D3F800222978D24302EAC13212F4C03F34
S31500005FE015D1D3F80022510405D4D3F8002242F487
S31500005FF08042C3F80022234BD3F80022520005D575
S31500006000D3F8002222F08042C3F8002238BD1D4C8E
S31500006010204602F055FFD4F8003213F4C04F23F0A7
S31500006020005322D12C782A79E403164D04F4C034A7
S315000060301443154A1A40144344F0804343F4005372
S31500006040C5F80032BFF34F8FBFF36F8F0F491E2085
S3150000605000F0AAFCD5F800329B00FBD524F0804462
S3150000606044F4C044C5F80042D0E723F4C04343F0EB
S315000060708043C4F80032D5E71C240200B125020093
S315000060808D2402000040C840007FFEDF00CA9A3B14
S3150000609038B5414B0446D3F8402212022AD598B1AE
S315000060A0D3F86032027A1D0400D46AB161683A4BB3
S315000060B00D88D3F860024B88C3F30E0343EA054309
S315000060C043EAC233834215D1334BD3F840229004BE
S315000060D005D4D3F8402242F40052C3F84022D3F844
S315000060E04022510005D5D3F8402222F08042C3F861
S315000060F0402238BD284D284602F0E2FED5F870321F
S31500006100264A43F08033C5F87032D5F84032134240
S3150000611007D023F4000323F4005343F08043C5F86B
S3150000612040329CB1237A8BB162687AB123681A49EE
S3150000613023F040431088C1F8A0325388C3F30E03FE
S3150000614043EA004343F40043C1F86032124C1E2078
S31500006150134B1449C4F8403200F026FC124B114987
S31500006160FA20C4F8403200F01FFC104BC4F840324D
S315000061702346D3F840229200FBD50D4AC3F84022AD
S3150000618002F14042C3F84022D3F8702202F07F3277
S31500006190C3F87022ADE700BF0040C8400020800071
S315000061A00800004000CA9A3B08088040080080406A
S315000061B008208040232AF7B506D92B4B40F235112B
S315000061C02A4A2B4817F0FEFB0B2A04D8294B4FF41A
S315000061D09B71264AF5E7022806D0032841D0264BB4
S315000061E04FF4A271214AECE7244E254BCC003F2701
S315000061F01D688020A740D3F800C0A0403D40E54080
S31500006200AA4206D108250CEA000CCD403CFA05F559
S3150000621025D04025D3F800C0A240A5400CEA050CC5
S31500006220CDF804C0D3F800C040EA0C0CC3F800C097
S31500006230D3F800C02CEA07071F601F683A431A60AC
S315000062400222346802FA01F1614031601A6822EADA
S31500006250000018601A6801992A408A42FAD003B0F1
S31500006260F0BD084E084BC1E7DB240200C225020040
S315000062708D240200F9240200172502005042C8406E
S315000062807042C8402042C8403042C84008B5831E0C
S31500006290DBB2012B06D9154B4FF4C371144A1548CE
S315000062A017F090FBC9003F230328134A03FA01F3B2
S315000062B00BD0D2F870021840104BC8400B2809D8F2
S315000062C00F4B40F29B110A4AE9E7D2F83002184018
S315000062D00C4BF2E7232804D90B4B4FF4CE71044A3A
S315000062E0DDE7B3FBF0F01223584308BD1D2502007D
S315000062F0D02502008D2402000040C84000A4781F6B
S315000063005025020000389C1C6F25020010B5214C58
S31500006310D4F8103213F4001F234614D0D4F81022F8
S31500006320910405D4D4F8102242F40052C4F8102285
S31500006330D3F81022520005D5D3F8102222F080425D
S31500006340C3F8102210BD204602F0BAFDD4F8303250
S3150000635011491E2043F08033C4F830320F4BC4F885
S31500006360103200F021FB0E4B0B491E20C4F81032F0
S3150000637000F01AFB0B4BC4F81032D4F810329B0015
S31500006380FBD5094BC4F8103203F14043C4F8103270
S31500006390D8E700BF0040C84000CA9A3B1000004042
S315000063A010082040100020401820204008B505287D
S315000063B031D8DFE800F0030F14202C2E194AD2F84A
S315000063C0003221B143F40033C2F8003208BD23F491
S315000063D00033F9E70120BDE80840FFF713BD114A75
S315000063E0D2F8403221B143F48033C2F84032EDE7AF
S315000063F023F48033F9E70B4AD2F8103221B143F483
S315000064008033C2F81032E1E723F48033F9E7022043
S31500006410E1E70320DFE7044B40F22521034A044865
S3150000642017F0D0FA0040C84017250200E125020007
S315000064308D24020073B52C4D0446284602F040FD1B
S31500006440D5F800630121022006F02026FFF7DAFCCA
S31500006450B6F1202F1BD1D5F800330021022023F4FA
S315000064600053C5F80033D5F8003343F48043C5F82C
S315000064700033FFF7CFFC4FF4804208210220FFF7DC
S3150000648061F94FF4800208210220FFF75BF9164AF2
S31500006490207CD2F8003343F40053C2F8003321784D
S315000064A062686378A56800B1E0680F4CCDE90050DA
S315000064B00220FFF725FD0220FFF70CFDD4F800337C
S315000064C09B00FBD501210220FFF7A4FCD4F8003382
S315000064D00021022023F48043C4F8003302B0BDE853
S315000064E07040FFF78FBC00BF0040C84008B5114B95
S315000064F000210320D3F8502322F40052C3F850237E
S31500006500D3F8502342F48042C3F85023FFF782FCAD
S315000065104FF4804208210320FFF714F900210320DD
S31500006520FFF778FC4FF4800208210320BDE80840FD
S31500006530FFF708B90040C84037B52A4C0546204643
S3150000654002F0BEFC01210846FFF75CFCD4F8C0321D
S3150000655043F40053C4F8C0322B7A13B16B68002B96
S315000065603DD100236FF07042292101201D4CCDE959
S3150000657000231D4AFFF7C4FC0120FFF7ABFCD4F84B
S31500006580C0329B00FBD501210846FFF743FCD4F837
S31500006590C03223F48043C4F8C0322B78ABB9D4F8A8
S315000065A0C03223F000736A78C4F8C0320D4B8AB942
S315000065B0D3F8C02222F0806200210120C3F8C02255
S315000065C003B0BDE83040FFF71DBCD4F8C03243F03D
S315000065D00073E8E7D3F8C02242F08062ECE703B02C
S315000065E030BD00BF0040C840AAAAAA0A10B504469A
S315000065F030210420FFF7ABF820F4A0623CB942F446
S31500006600807230210420BDE81040FFF79BB8012CB2
S3150000661008BF42F48062F4E708B5052823D8DFE80E
S3150000662000F00503292B1C20144808BD144B02203A
S31500006630D3F80022D3F80032C3F3C133013300FA92
S3150000664003F31048B0FBF3F0D3B258430028ECD163
S315000066500D4B40F2D1510D4A09E00420FFF7E4FB4F
S31500006660F4E70520FAE70A4B40F2CE51074A0948FB
S3150000667017F0A8F90848D8E70848D6E700CA9A3BB1
S315000066800040C84000366E018E250200F425020047
S31500006690172502008D24020000A4781F00389C1CD8
S315000066A010B51E2860D8DFE800F0106769656969D3
S315000066B0121216161823252729292B303335373978
S315000066C0393B3D444446464848002D4810BD00200D
S315000066D0FFF7A2FF05E00220FAE700210220FFF7FC
S315000066E0D5FD0028F2D1274B4FF4C861264A3FE07A
S315000066F00121F3E70221F1E70321EFE70320E7E7B2
S315000067000320FFF789FF4008EBE700210320E6E7B7
S315000067100121FBE70221F9E70321F7E70120D7E78B
S315000067200120EEE70120FFF777FF0523B0FBF3F02A
S31500006730D7E70420CCE70520CAE7144C144A23689F
S31500006740C3F30223D05CFFF7ABFF23680246DBB23C
S3150000675001339A42B0FBF3F0C3D20E4B40F6C501AB
S315000067600D4A0E4817F02EF90D4B40F23D61064AD0
S315000067700C48F7E70C48A9E70C48A7E70C48A5E73B
S315000067800024F4008E250200052602000000CC40FD
S3150000679013260200121702009A250200171702009C
S315000067A0172502008D2402000084D717006CDC0236
S315000067B000366E01044B1A6D22F001021A651A6E3C
S315000067C042F001021A6670470040C8400120704737
S315000067D008B50846FFF768FB294B4FF000422949E8
S315000067E09A63294AC3F8A420B1FBF0F200FB121009
S315000067F0002843D192B21E2A0FD80C2A0FD90D3A7F
S31500006800112A3BD8DFE802F00E3A312E3A3A3A2BFB
S315000068103A283A3A0C3A3A3A3A34F02A2BD008BD9A
S315000068204FF0A070D3F8A0104FF4803221F0E07141
S315000068300843C3F8A000C3F8A8204022C3F8A42048
S315000068404FF080429A6300225A600D4AD2F8A03077
S31500006850002BFBDA0120E2E74FF08070E2E74FF40D
S315000068604000DFE74FF40000DCE74FF48000D9E793
S315000068704FF0C070D6E74FF0E070D3E70020CEE7C8
S315000068800040434000389C1C001020000120704747
S3150000689008B50846FFF708FB294B4FF00042294987
S315000068A09A63294AC3F8A420B1FBF0F200FB121048
S315000068B0002843D192B21E2A0FD80C2A0FD90D3ABE
S315000068C0112A3BD8DFE802F00E3A312E3A3A3A2B3B
S315000068D03A283A3A0C3A3A3A3A34F02A2BD008BDDA
S315000068E04FF0A070D3F8A0104FF4803221F0E07181
S315000068F00843C3F8A000C3F8A8204022C3F8A42088
S315000069004FF080429A6300225A600D4AD2F8A030B6
S31500006910002BFBDA0120E2E74FF08070E2E74FF44C
S315000069204000DFE74FF40000DCE74FF48000D9E7D2
S315000069304FF0C070D6E74FF0E070D3E70020CEE707
S315000069400080434000389C1C0010200038B5431ED0
S315000069504D420C460B442B40984201D9002038BDCD
S315000069606FF00402521A9A42F8D3081D184417F021
S3150000697019FB0028F2D0033443F2390304442C40B7
S31500006980201A24F8043C24F8020C2046E7E730F8E5
S31500006990041C43F23902914204D130F8023CC01A79
S315000069A017F008BB7047000038B5002845D0A0FB9B
S315000069B00145224A002320462946FAF713FB0B46D7
S315000069C01F4902464FF0FF30A94208BFA04205D238
S315000069D01C4BC5211C4A1D4816F0F4FF1C49C8680B
S315000069E0C50103D4C86840F08070C86019490868BA
S315000069F0840103D5184B8221184AECE70868C007C2
S31500006A0003D4086840F0010008604968114C521828
S31500006A1043F10003012B08BF002A08D3013243F1DA
S31500006A20FF33002160688B4208BF8242F9D3002100
S31500006A306068994208BF9042F9D338BD40420F00C2
S31500006A403F420F008B280200452902009F280200C2
S31500006A50F0ED00E0001000E0F22802002F2902000D
S31500006A60F8B5866905460C4606F4C0138661B3F58B
S31500006A70C01F3AD0002B38D04B7F06F48016022B6D
S31500006A8021D1087D4A7DC3B29042D1B236BF5A1D8C
S31500006A905A1A521AD2B2032A15D83EB3EA6A44F8F1
S31500006AA023200133276ADBB2052B28BF0023237579
S31500006AB0637F013BDBB263772FB1636A40F65732DF
S31500006AC021462846B847637F012B0ED8237F8BB11A
S31500006AD0A269237F013BDBB223771368A3613EB132
S31500006AE0EA62637F0133DBB26377F8BDAA6AD6E751
S31500006AF0AA62F6E716B9EB6AAB62F6E7AB6AEB6237
S31500006B00F3E70000B0F1814F08B505D0034BB5217E
S31500006B10034A044816F056FF002008BD5829020013
S31500006B20C62902007A2902000A4947F2A002C0B229
S31500006B308B584340DB070BD500F001038B50BFF3A6
S31500006B404F8FBFF36F8F044A13684340DB07FBD4B4
S31500006B50704700BF0000CC40B070CC4011F0010F70
S31500006B6010B508BF0023046818BF2023890724F442
S31500006B70807248BF43F0400302601A430260026815
S31500006B801A42FCD1046010BD11F0010F0CBF0023A6
S31500006B904FF480438A07826848BF43F400531A4380
S31500006BA0826082681A42FCD170470000836C23F031
S31500006BB000438364836823F48053836000238360E7
S31500006BC0836843F4004310B58360846814F400447A
S31500006BD0FBD10321FFF7C2FF0321FFF7D5FF83692E
S31500006BE08361054B03604FF45043446084608364C3
S31500006BF00463446310BD00BF0008004070B504463E
S31500006C000D4631B9364B40F21911364A364816F060
S31500006C10D9FE0B880E7A5E4373075BD14B89590701
S31500006C2058D1FFF76FFF0120FFF77EFF2046FFF7E1
S31500006C30BDFF6A68AB891343EA7B42BB43F48073AA
S31500006C402360AA7B2B7A2ABB022B45D12A88534381
S31500006C506A8842EA0343720663636B89A3EB060301
S31500006C604FEAD3032363A36843F00103A3601FD154
S31500006C704FF040436360A36823F0700343F02003A2
S31500006C8020460121A360FFF77FFF002070BD43F07F
S31500006C908043D3E7042B03D1A36C43F00803A3641A
S31500006CA0012A03D1A36843F00803A3600123CDE7BB
S31500006CB0B30608D14FF000436360A36823F0700366
S31500006CC043F01003DCE74FF080436360A36823F0D2
S31500006CD07003D5E70420D9E7042BE7D1DCE700BF32
S31500006CE0D4210200D62902007A2902000B0C026880
S31500006CF01B0413430360CBB282688909134301F472
S31500006D007F718360836C19438164704710B50C0CE6
S31500006D100268240422EA0402CCB28909026082686D
S31500006D2001F47F7122EA04028260826C22EA010188
S31500006D308164FFF7E7FE054B4FF08072C3F88420AD
S31500006D40BFF34F8FBFF36F8F10BD00BF00E100E0B0
S31500006D50F8B5054617461E460C4631B90E4B40F2AD
S31500006D6082210E4A0E4816F02DFE282200212046CA
S31500006D7017F05EF92846C4E90876FFF7C3FE094B0B
S31500006D80094A43F82040094B1A60094B4FF08072BC
S31500006D905A600020F8BD00BFC5210200DF290200AD
S31500006DA07A29020050BF0020616A000054BF00200B
S31500006DB000E100E038B50C4631B91D4B40F2A9217F
S31500006DC01C4A1D4816F0FEFD0B7F012B2CD9836C47
S31500006DD023F4402323F0300343F0300383648A69AD
S31500006DE00B7F013BDBB20B7713688B6182628A698A
S31500006DF00B7F013BDBB20B7713688B610223C26208
S31500006E004B770121FFF7C0FE01234FF4C011A37792
S31500006E10FFF76CFF836843F480538360836C43F011
S31500006E2000438364002038BD40F65430FBE700BFC2
S31500006E30C5210200F82902007A29020038B5054664
S31500006E400C4631B9144B40F2DD21144A144816F0B1
S31500006E50B9FD836C4FF4C01123F00043836483684B
S31500006E6023F480538360FFF751FF617F0023C9B28B
S31500006E70A3776377DAB28A4201D3002038BD4AB1DC
S31500006E80EA6AA06901331060A261227F0132D2B2A0
S31500006E902277EFE7AA6AF4E7C52102000A2A020070
S31500006EA07A29020010B5046824F4C01303608B69C4
S31500006EB013608A610B7F0133DBB20B77046000201D
S31500006EC010BD10B54C7D0B7D9C4211D0046824F496
S31500006ED0C01303604B7D51F8233013604B7D0133A3
S31500006EE0DBB2052B28BF00234B750460002010BDC4
S31500006EF040F65530FBE70000054A4FF0814008B5E3
S31500006F00044B11681B689847BFF34F8F08BD00BF3D
S31500006F1050BF002054BF0020836823F0806323F015
S31500006F2001038360C36823F01003C360C36843F0A2
S31500006F300803C360036923F4606343F420630361B9
S31500006F40436923F4C0134361436943F480234361D7
S31500006F50704700001F2910B506D90D4B40F20131CC
S31500006F600C4A0D4816F02EFD00EB411241F21C03AF
S31500006F70D45AC36A406ACB40C8405B00800003F025
S31500006F80020300F004000343C4F3C010184310BD0D
S31500006F908B2A0200152B02003E2A02002DE9F04141
S31500006FA0044630B92D4B4FF4AF612D4A2D4816F0EB
S31500006FB009FD037C41F21C078168CB7701EB431185
S31500006FC0C368CA5B056802F08006C2F3C01233B913
S31500006FD0002D2DD0AC464168BDE8F041604741F236
S31500006FE018000858CF5BC11ABFB24B0916B3DBB203
S31500006FF0617C58B28B4226D1E37C217D994201D037
S31500007000FF0628D4E37C5BB26074E17CC91A49B2FE
S31500007010E17415B161682046A8474EB1A36841F2F4
S315000070201C01227C03EB4210415AC90600D51A778F
S31500007030BDE8F0811F2901D9013BD8E7237D013B3B
S3150000704003F0FF03D4E7617C49B25B1ADCD5217DEE
S3150000705043FA81F3D8E70023D6E700BFE92A020006
S31500007060302B02003E2A020000210B4808B5FFF72C
S3150000707071FF420703D5094B1868FFF78FFF1021F0
S315000070800548FFF767FF430703D5044B186CFFF766
S3150000709085FFBFF34F8F08BD0000074058BF002093
S315000070A001210B4808B5FFF755FF420703D5094BE9
S315000070B05868FFF773FF11210548FFF74BFF430799
S315000070C003D5044B586CFFF769FFBFF34F8F08BD1C
S315000070D00000074058BF002002210B4808B5FFF703
S315000070E039FF420703D5094B9868FFF757FF12216E
S315000070F00548FFF72FFF430703D5044B986CFFF7AE
S315000071004DFFBFF34F8F08BD0000074058BF00205A
S3150000711003210B4808B5FFF71DFF420703D5094BAE
S31500007120D868FFF73BFF13210548FFF713FF430716
S3150000713003D5044BD86CFFF731FFBFF34F8F08BD63
S315000071400000074058BF002004210B4808B5FFF790
S3150000715001FF420703D5094B1869FFF71FFF1421EA
S315000071600548FFF7F7FE430703D5044B186DFFF7F5
S3150000717015FFBFF34F8F08BD0000074058BF002022
S3150000718005210B4808B5FFF7E5FE420703D5094B75
S315000071905869FFF703FF15210548FFF7DBFE430794
S315000071A003D5044B586DFFF7F9FEBFF34F8F08BDAB
S315000071B00000074058BF002006210B4808B5FFF71E
S315000071C0C9FE420703D5094B9869FFF7E7FE16216A
S315000071D00548FFF7BFFE430703D5044B986DFFF73D
S315000071E0DDFEBFF34F8F08BD0000074058BF0020EB
S315000071F007210B4808B5FFF7ADFE420703D5094B3B
S31500007200D869FFF7CBFE17210548FFF7A3FE430712
S3150000721003D5044BD86DFFF7C1FEBFF34F8F08BDF2
S315000072200000074058BF002008210B4808B5FFF7AB
S3150000723091FE420703D5094B186AFFF7AFFE1821E6
S315000072400548FFF787FE430703D5044B186EFFF783
S31500007250A5FEBFF34F8F08BD0000074058BF0020B2
S3150000726009210B4808B5FFF775FE420703D5094B00
S31500007270586AFFF793FE19210548FFF76BFE43078F
S3150000728003D5044B586EFFF789FEBFF34F8F08BD39
S315000072900000074058BF00200A210B4808B5FFF739
S315000072A059FE420703D5094B986AFFF777FE1A2164
S315000072B00548FFF74FFE430703D5044B986EFFF7CB
S315000072C06DFEBFF34F8F08BD0000074058BF00207A
S315000072D00B210B4808B5FFF73DFE420703D5094BC6
S315000072E0D86AFFF75BFE1B210548FFF733FE43070D
S315000072F003D5044BD86EFFF751FEBFF34F8F08BD81
S315000073000000074058BF00200C210B4808B5FFF7C6
S3150000731021FE420703D5094B186BFFF73FFE1C21E0
S315000073200548FFF717FE430703D5044B186FFFF711
S3150000733035FEBFF34F8F08BD0000074058BF002041
S315000073400D210B4808B5FFF705FE420703D5094B8B
S31500007350586BFFF723FE1D210548FFF7FBFD43078A
S3150000736003D5044B586FFFF719FEBFF34F8F08BDC7
S315000073700000074058BF00200E210B4808B5FFF754
S31500007380E9FD420703D5094B986BFFF707FE1E215F
S315000073900548FFF7DFFD430703D5044B986FFFF75A
S315000073A0FDFDBFF34F8F08BD0000074058BF00200A
S315000073B00F210B4808B5FFF7CDFD420703D5094B52
S315000073C0D86BFFF7EBFD1F210548FFF7C3FD430709
S315000073D003D5044BD86FFFF7E1FDBFF34F8F08BD10
S315000073E00000074058BF002008B5084B984209D056
S315000073F0A3F58043984207D0054BB821054A0648B5
S3150000740016F0E0FA002008BD0120FCE700404240EB
S31500007410982B0200BB2B02004B2B020070B50546D1
S315000074204668FFF7E1FF0446AB681E4016F0406F62
S3150000743009D0134B53F820302BB11249002251F8D2
S3150000744020102846984716F0407F09D00E4B53F877
S3150000745024302BB10B490022284651F824109847B6
S315000074600A4B1E420AD00A4B53F8243033B1054A60
S31500007470284652F82410BDE87040184770BD00BF7A
S31500007480F0BF0020D8BF0020E8BF002000007C60CD
S31500007490E0BF002070B504464668FFF7A5FF054625
S315000074A0A3681E4016F00C0F09D00C4B53F8203081
S315000074B02BB10B49012251F8201020469847B307FB
S315000074C00BD0084B53F825303BB105492046012225
S315000074D051F82510BDE87040184770BDF0BF002078
S315000074E0D8BF0020E8BF002070B504464668FFF705
S315000074F07BFF0546A3681E4016F0C00F09D00D4B52
S3150000750053F820302BB10C49022251F820102046A6
S31500007510984716F0300F0BD0084B53F825303BB187
S3150000752005492046022251F82510BDE8704018474B
S3150000753070BD00BFF0BF0020D8BF0020E8BF00200C
S31500007540FFF752BF034808B5FFF768FFBFF34F8F39
S3150000755008BD00BF00404240034808B5FFF7F0FFF2
S31500007560BFF34F8F08BD00BF00404240034808B537
S31500007570FFF754FFBFF34F8F08BD00BF0000424026
S31500007580034808B5FFF786FFBFF34F8F08BD00BF5E
S3150000759000004240034808B5FFF7A6FFBFF34F8F30
S315000075A008BD00BF00004240034808B5FFF7C8FF0A
S315000075B0BFF34F8F08BD00BF00004240036843F091
S315000075C0010303600368DB07FCD47047D0F8E030A2
S315000075D013F0020304D0D0F8E00000F00100704779
S315000075E01846704708B5034A7421034B034816F042
S315000075F0E9F900BF5A2C0200CC2B0200D82B02005E
S3150000760008B568B1084B984209D003F58043984203
S3150000761007D0064B8B21064A064816F0D3F90120FF
S3150000762008BD0220FCE700BF00C00C40282C020069
S31500007630692C0200D82B020008B540F60A030B405D
S3150000764024D00A0509D40A071AD48A071BD4104B7A
S31500007650E521104A104816F0B5F941F6593241694C
S315000076600B434361D0F8BC3043F00103C0F8BC3093
S31500007670D0F8B83043F00103C0F8B830104608BD62
S3150000768041F65A32EBE741F65B32E8E71A46F5E790
S31500007690172502007D2C0200D82B0200F8B50D46F6
S315000076A00446FFF7ADFF564B564A1B5C5B01D158AB
S315000076B0C9070AD40121D150BFF34F8FBFF36F8F93
S315000076C010321A441368DB07FCD5236820464E4F58
S315000076D023F002032360FFF771FFAB7AEA780020FC
S315000076E01B0443EA02332A78120102F030021343E4
S315000076F02A7C43EA02636A7843EA82332A7943EAB8
S31500007700C223AA7843EA4233AA7B43EAC213EA7B3E
S3150000771043EA82132A8943F0020323606B8A43EA11
S3150000772002436360394BA1682A7D0B4043EA02633A
S315000077306A7943EAC243AA7943EAC23395F84620F6
S3150000774043EAC22395F84720A360E36823F0780351
S3150000775043EA821395F8482043EA421395F84920F4
S3150000776043EA021395F84A2043EAC2032A46E36035
S3150000777004EB8006917E01300632336A082803EA5C
S31500007780070343EAC173117C4FEA016101F0E0612E
S3150000779043EA0103517C4FEA014101F4702143EAB7
S315000077A00103518AC1F3C90143EA01033362DFD100
S315000077B0D4F8B83023F07C03C4F8B8302B7BD4F867
S315000077C0B820DB08013B9B0003F07C031343C4F89D
S315000077D0B830D4F8BC3023F07C03C4F8BC30EB7A64
S315000077E0D4F8BC20DB08013B9B0003F07C03134369
S315000077F0C4F8BC30002323666366A366E366F8BD5F
S31500007800AA2C02000060CC4000FCF078FF77F7005D
S3150000781038B508B9FFF7E6FE00F14C010246002331
S3150000782002F8013B9142FBD14FF4807240F6FF0112
S31500007830038042804FF6FF72838083714181082165
S31500007840C38120230281017300210274428200F168
S315000078504602037500F1160303F8011B9A42FBD199
S31500007860034600F1240401210F25002299760633F0
S315000078705D745A82A342F9D14FF4807380F83E10AA
S3150000788080F844108387A0F842304FF00003A0F838
S315000078904620A0F8482080F84A3038BD10B5520876
S315000078A004462046FFF792FE0028FAD02368C3F369
S315000078B00113032B31D10B797BBB0868194B984216
S315000078C02ED88B7C4FF47A704B215843B0FBF1F3E2
S315000078D05943884288BF01335B0203F4FC4343F4F7
S315000078E0807302F13001002A44F8213008BF0322D8
S315000078F0216818BF4FF44032DB0721F002012160F6
S315000079000AD5D4F8E83032EA0303FAD1642300BF7B
S31500007910013B13F0FF03FAD110BD4FF48073E0E78B
S315000079207923DEE7FFE0F505F8B504460D4656086F
S315000079302046FFF74BFE0028FAD0AB6804EB820026
S31500007940E98903666B7CB5F81AC003F01F03354F4F
S3150000795043EA0143297D07EA0C4743EA8123297B51
S31500007960C90389B20B43297C490101F478710B43A1
S31500007970E97CC90201F4F0410B432B490367D0F8B7
S31500007980803019406B7E1B0703F0E0433B430B43FB
S31500007990A97D41B16F7D01393F02490307F4706744
S315000079A089B239430B43297E39B10139EF7D49014B
S315000079B007F00F07C9B239430B43C0F88030294698
S315000079C02046FFF76BFF23682A7F43F002032360FC
S315000079D0D4F89430D2B123F00103C4F89430D4F82B
S315000079E09430B6B923F00403C4F89430D4F8943034
S315000079F043EA8203C4F89430236823F00203236029
S31500007A002046FFF7E3FD0028FAD0F8BD43F0010356
S31500007A10E3E723F00803C4F89430D4F8943043EA3B
S31500007A20C203E7E70000FF0F101000803F2970B582
S31500007A3004461E4606D9104B4FF40B710F4A1048E8
S31500007A4015F0C0FF2046FFF7C1FD0028FAD08031AF
S31500007A500C4D0223002004EB8101A561E361B042D5
S31500007A6003D10123A561E36170BD52F8203041F8CE
S31500007A7020300130F3E700BF4E2C0200982C0200A4
S31500007A80D82B0200F05AF05A2DE9F843D0F8BC3052
S31500007A9006460F461446C3F3840301335D004FEADE
S31500007AA0C3080CBF4FF00409C14614B92046BDE80F
S31500007AB0F88371694B06FCD53046FFF7BDFD0028FB
S31500007AC0F5D1A04511D8034657F8232003F16001EC
S31500007AD0013346F821209D42F6D84F44A4EB080412
S31500007AE0736943F040037361DFE703340346A40878
S31500007AF057F8232003F16001013346F821209C4208
S31500007B00F6D107EB84070024EAE72DE9F843D0F81D
S31500007B10B850044688469146C5F384050135EE0003
S31500007B206D0014BF37460427B9F1000F01D148464E
S31500007B300DE04E4512D9D4F8F030DBB2B9EBC30FE5
S31500007B400FD961692046FFF777FD0028F3D0BDE81D
S31500007B50F8832046FFF770FD0028F8D161698B068F
S31500007B60F7D561692046FFF767FD0028EFD14E453E
S31500007B7010D800F1400354F8233048F82030013083
S31500007B808542F6D8B844A9EB0609636943F0200399
S31500007B906361C9E709F103094FEA990900F1400356
S31500007BA054F8233048F8203001308145F6D108EBEF
S31500007BB089084FF00009E8E738B50B790D46044609
S31500007BC000EB8303D3F8802042F00042C3F8802004
S31500007BD0436943F01E0343610B68C0F8A030D0F838
S31500007BE0BC3043F00103C0F8BC30D0F8B83043F0E5
S31500007BF00103C0F8B8304979AA794B1E1204022B4A
S31500007C00EB7902F4702203F1FF3394BFA8890020B8
S31500007C101B0603F0E06313430343C4F8A430D4F80F
S31500007C20B03043F00103C4F8B03001F0FD03012B7E
S31500007C3012D12046D5E90212FFF726FF024620465A
S31500007C40FFF7C4FC0028FAD06B797BB9616920463E
S31500007C50BDE83840FFF7F0BC022905D12046D5E93A
S31500007C600212FFF752FFE9E70022E8E7104638BDA7
S31500007C70044A0548516808B5044B1B689847BFF38A
S31500007C804F8F08BDF8BF002000C00C4004C0002084
S31500007C901F2908B505D9084B7121084A084815F06F
S31500007CA091FE012303FA01F112B9C0F8881008BD4C
S31500007CB0C0F88410FBE700BFAD2C0200382D02008F
S31500007CC0B72C020010B50124C3690F2902F1FF3257
S31500007CD004FA01F488BF103923EA0403C36194BF90
S31500007CE000F10C0300F11003042A0BD8DFE802F0C0
S31500007CF0030B151D2400480003211A68814022EA5F
S31500007D000101196010BD4C0003201A680121A04032
S31500007D1022EA0002A1401143F3E74C0003201A684F
S31500007D200221A04022EA0002F4E749000322186873
S31500007D3002FA01F10143E4E7C3691C43C461E1E7C8
S31500007D4073B5002316460446204A52F8040B8442B3
S31500007D5012D00133102BF8D11D4B39211D4A1E4874
S31500007D6015F030FE727820460191FFF791FF6368A7
S31500007D7001991D43656022E00D2B13D8174AD35C89
S31500007D808A2B0FD05B01164AD058C0070AD40120AF
S31500007D90D050BFF34F8FBFF36F8F10321A44136862
S31500007DA0DB07FCD5012562698D4022EA0502EB431B
S31500007DB062613278002AD5D1626813406360B27876
S31500007DC0204602B0BDE87040FFF77CBF482D020098
S31500007DD0042D0200272D0200B72C0200882D020078
S31500007DE00060CC4040010A4BC9B21A584A40D2073B
S31500007DF00CD501F001021A50BFF34F8FBFF36F8FFE
S31500007E00044A024413684B40DB07FBD4704700BFAB
S31500007E100060CC401060CC4008B5034A2E21034BCD
S31500007E20034815F0CFFD00BF9D2E0200962D0200DF
S31500007E30B82D020038B504460D4629B9334B3C210E
S31500007E40334A344815F0BEFD334A002352F8041B6A
S31500007E508C4214D00133072BF8D1FFF7DDFF2268DF
S31500007E609B0122F4B86203F4E073134342E06368B3
S31500007E7023F47F6323F00F031343636038BD274A5F
S31500007E800121D05CFFF7AEFF00232360236843F493
S31500007E9000432360226812F40042FBD12B7A697AF0
S31500007EA0002B14BF4FF400730023002914BF0821D0
S31500007EB000210B43A97A002914BF202100210B437E
S31500007EC0E97A002914BF102100210B43297B0029E0
S31500007ED014BF042100210B43697B002918BF02222D
S31500007EE0134323602B78052BB9D1236823F4B86399
S31500007EF043F4A86323606A68013AB2F5805FB6D39B
S31500007F00074BDB21074A08489CE700BF042E020006
S31500007F10AD2E0200B82D0200CC2E0200E82E020083
S31500007F20172E0200892E02003D2E020010B50446CF
S31500007F3028B9094B7221094A094815F043FD102258
S31500007F40002116F075F8012323706360054BA360CA
S31500007F504FF48073A38110BDD4210200B62E020017
S31500007F60B82D020000010100002808DB01234209A8
S31500007F7000F01F0003FA00F0014B43F8220070479F
S31500007F8000E100E040010A4BC9B21A584A40D20744
S31500007F900CD501F001021A50BFF34F8FBFF36F8F5C
S31500007FA0044A024413684B40DB07FBD4704700BF0A
S31500007FB00060CC401060CC4038B5036904460D46DD
S31500007FC0DA0706D50A4B1B681BB10A4A52F821107C
S31500007FD09847D4F81031DB0707D5074B1B6823B148
S31500007FE0064A204652F825109847BFF34F8F38BDF2
S31500007FF024C0002008C0002044C0002028C0002063
S3150000800038B5049D08BB124B9321124A124815F04D
S31500008010D9FC6400013D002DFBD10A25B0FBF4F428
S315000080204FF47A706943B4FBF0F40C48B0FBF4F4F7
S31500008030B1FBF4F10531B1FBF5F18A4238BF0A46CE
S31500008040934228BF1346184638BD0124E3E700BF14
S31500008050EF2E0200EA2F0200032F020040420F001B
S3150000806008B5084A0346002052F8041B994208D076
S3150000807001300728F8D1044B8421044A044815F03E
S31500008080A1FC08BD80300200512F0200D82F02004B
S31500008090032F020010B511F4705402461BD08B0456
S315000080A010D40B0511D44B0512D411F4805F40F2A5
S315000080B087330CBF002018465461136943F440739C
S315000080C0136110BD40F28A30F6E740F28930F3E7DB
S315000080D040F28630F0E72046F3E7436903F0407349
S315000080E0B3F1007F0CBF4FF46170002070470000B1
S315000080F01C22002110B5044615F09AFF40F2011328
S31500008100054A236000232371C4E90223C4E904332A
S315000081100123237610BD00BFA08601002DE9F74F8D
S31500008120836A002704694FF00A0AC3F303434FF03A
S31500008130010C04F001044FF0FF3BB946BE46009423
S3150000814065460469023324F0010404610AFB01F464
S315000081500194019CB4FBF5F4B4FBF2F4B3FBF5F81F
S315000081600534C8F1FE06B4FBFAF43444C8F17806C7
S31500008170E4B2B4425FD96D00EDB20EF1010E5FFAC2
S315000081808EFEBEF1080FE4D1342464267D1C4C43D8
S31500008190B4FBF2F4B4FBFCF4B3FBFCF3B4FBF6F46F
S315000081A0FB1A2C1BC3F34703A3425CD81425B1FB6F
S315000081B0F2F1B1FBFCF4B1FBF5F162080CF102053A
S315000081C0A408013AA94204F1FF34D2B2E4B211D9AB
S315000081D0856A0239C5F30365A1EB0C0C816A654516
S315000081E021F0706138BF5FFA8CF52D0605F07065D9
S315000081F00D4385621204FF1A240609F007091902C5
S3150000820002F47C1204F07C5407F03F0701F47C5121
S3150000821022430A4317438764436A23F0070343EA6A
S3150000822009034362009B1BB1036943F00103036129
S3150000823003B0BDE8F08FB1FBF5F608F10208A044E3
S31500008240B6FBF8F6B2428CBF961BB61A5E4508D24C
S315000082502746F146AC46002E96D06D00B346EDB2E9
S315000082608BE75E46F9E7013BDBB29DE72DE9F3417B
S3150000827004460D461646FFF7F3FE3D4B0121185CFA
S31500008280FFF780FE0223002023616B78206183F0D4
S315000082900102AB78DB0043EA8203AA7D2361216AEF
S315000082A02B7E21F007015B000A4303F002031A4309
S315000082B0EB7D9B0003F004031343EA782362636AB1
S315000082C023F0E06323F4007343EA42222B791B0672
S315000082D003F0E06313436362A065297DA76A39B1A1
S315000082E000900F2301223046FFF78AFE60F31B67DA
S315000082F0697D41B100230122304600930F23FFF729
S315000083007FFE60F313473146AA682046A762FFF74F
S3150000831005FF636AE96803F0070849B140F6FF7391
S3150000832001223046CDF80080FFF76AFE60F30B07A6
S315000083302969A76291B140F6FF730122090A304606
S31500008340CDF80080FFF75CFEE26A0A4B03EA0020E4
S3150000835022F47F2323F470631843E06223692A78AA
S3150000836023F001031343236102B0BDE8F08100BF8F
S315000083709C30020000FF0F00F8B5054617461E4662
S315000083800C4631B9134B4FF47F71134A134815F05D
S3150000839019FB34220021204615F04AFE2846FFF735
S315000083A05FFE0F4B0F4A43F820400F4B1A60AB6934
S315000083B023F4785323F00303C4E90B76AB610B4B2C
S315000083C033F9100010F1800F03D0BDE8F840FFF735
S315000083D0CBBDF8BDC521020002300200032F02000A
S315000083E008C000205D85000024C00020A4300200E3
S315000083F02DE9F04106460C4631B9464B40F2515143
S31500008400454A464815F0DEFA22B9454B40F252512C
S31500008410414AF6E7D368042B04D9424B40F2535144
S315000084203D4AEEE79379012B03D15369B3F5806F8B
S315000084306AD894F80080B8F1000F68D13046FFF78B
S315000084404CFE844600282CD1B369154604F1140766
S3150000845023F4785323F00303B361336943F4407381
S3150000846033610FCD0FC7636995E80300DB0787E823
S31500008470030019D5A37E012B0CBF0223032323700F
S31500008480636A6360A36A63804FF4FE437361736A31
S3150000849023F480737362B36943F4785343F00303A0
S315000084A0B3616046BDE8F081236A04F108000BB9A8
S315000084B094F81A80228B48EA420242F480622281B2
S315000084C003B307461946013915D20133A26A6AB1C8
S315000084D0A27E012A0AD1B8F1000F07D1218B40F202
S315000084E0014242EA410220F813200133012263804F
S315000084F060602270C8E7E269CD00EA40D2B227F890
S31500008500022FE0E70123E1E74FF0040CC9E74FF43F
S31500008510617CC6E7C521020041300200032F02003C
S31500008520742F0200852F02000B78A3B1836923F410
S31500008530785323F003038361036943F440730361B3
S31500008540054B42691340B3F1807F02D14FF40073AB
S31500008550036600230B707047000200012DE9F14FFE
S3150000856005460C4631B9784B40F2EF51774A7848C8
S3150000857015F028FA0878002800F0BE80696963883B
S31500008580EE6DEF6D06F007065BB9A36A4BB136B127
S31500008590012E06D1052804D163695B0701D421F4B5
S315000085A080612846FFF776FD8046002840F0C680A9
S315000085B0C7F30242C6F104034FF005094FF0040C5D
S315000085C04FF0030E40F2FF1A2678013E042E00F209
S315000085D0B080DFE806F0033F52778B005F1E002B6A
S315000085E000F08980636893F801B013F8026B46EADD
S315000085F00B262E6663606388013B9BB2638023BBB8
S31500008600A36A23B3666A84F800E06660A67E638088
S31500008610012E1AD1AE6926F00106AE611E46EF6D37
S3150000862007F00707042FFAD0B6F5807F04D9A6F520
S315000086308076C5F860A0F2E7013B6FF0FF0B1E0ADB
S315000086400BFB063646F480762E663B46BCE784F87E
S3150000865000C0FAE75F1E002B4DD0A36A013BDBB2D8
S3150000866043F480732B66A37E84F800E0012BECD1E3
S31500008670AB6923F00103AB61E7E7A67EB6B95F1EDF
S31500008680002B38D063685E1C66601B782B66638897
S31500008690013B9BB26380002BD7D1A67E84F800C035
S315000086A0B6FA86F67609002ECFD024E0561E12B30F
S315000086B062682F6F02F1010BC4F804B017703246DE
S315000086C01F46E4E7666916F0040609D15F1E93B1FA
S315000086D04FF400732B663B461F4684F80090E2E792
S315000086E0A67E012E0CBF30460126F5E763695E07BC
S315000086F005D48A0509D440B901B0BDE8F08FA37E40
S31500008700002BF8D1EB6D5B07F5D1AB69E66A23F474
S31500008710785323F00303AB6100232370002EEBD0C4
S31500008720236B424621462846B44601B0BDE8F04FC9
S315000087306047084B4FF49F61074A18E721462846D1
S31500008740FFF7F2FEE1E700BFBE2F02006130020034
S31500008750032F0200172502002330020001210148E1
S31500008760FFF72ABC0040104002210148FFF724BC55
S315000087700080104003210148FFF71EBC00C01040D6
S3150000878004210148FFF718BC0000114005210148EB
S31500008790FFF712BC0040C34006210148FFF70CBC9E
S315000087A00080C34008B5436ADB074CBF034B044B4C
S315000087B01B689847BFF34F8F08BD00BF64C00020F9
S315000087C068C0002008B5074B596831B9064B40F61A
S315000087D09D01064A064815F0F5F80648BDE808402A
S315000087E0FFF7E0BF48C000200F310200A5310200AC
S315000087F0C13002000040114008B5074B996831B9F5
S31500008800064B40F6A601064A064815F0DBF8064870
S31500008810BDE80840FFF7C6BF48C000202831020067
S31500008820BD310200C13002000080114008B5074B7F
S31500008830D96831B9064B40F6AF01064A064815F02D
S31500008840C1F80648BDE80840FFF7ACBF48C00020A5
S3150000885041310200D5310200C130020000C0114092
S3150000886008B5074B196931B9064B40F6B801064AF7
S31500008870064815F0A7F80648BDE80840FFF792BF7E
S3150000888048C000205A310200ED310200C13002001A
S315000088900000124008B5074B596931B9064B40F63E
S315000088A0C101064A064815F08DF80648BDE808409D
S315000088B0FFF778BF48C0002073310200053202007E
S315000088C0C130020000C0C24008B5074B996931B9F2
S315000088D0064B40F6CA01064A064815F073F80648E4
S315000088E0BDE80840FFF75EBF48C000208C3102009B
S315000088F01D320200C13002000000C34040010A4B95
S31500008900C9B21A584A40D2070CD501F001021A50D2
S31500008910BFF34F8FBFF36F8F044A024413684B4077
S31500008920DB07FBD4704700BF0060CC401060CC4032
S3150000893008B5084A0346002052F8041B994208D09D
S3150000894001300D28F8D1044B7B21044A044815F068
S3150000895039F808BD88330200843202005133020020
S31500008960353202002DE9F84F04460D4629B96D4B04
S31500008970F2216D4A6D4815F025F80B681BB96C4B52
S31500008980F321694AF6E7097A032903D9694BF521E8
S31500008990654AEFE7697A032903D9674BF621624AEC
S315000089A0E8E74FF00A0E00264FEA830998460EFBC9
S315000089B002FA4FF0040C37465FFA8CFBBAFBF9F16A
S315000089C005319944B1FBFEF189B2012938BF012175
S315000089D00CFB01F00CF1010CB2FBF0F0834234BF4A
S315000089E0C01A181A40459EBF80465E460F46BCF127
S315000089F0210FE1D16422B3FBF2F303EB43034345BA
S31500008A00C0F08D802046C7F30C07FFF791FF4B4B54
S31500008A100121185CFFF772FFA368321F013E43F085
S31500008A200203032A4FEA0666A360A36806F0F85617
S31500008A3023F00203A360236998BF43F4003323F0B5
S31500008A401F2323F0FF031E433E432661236923F0C1
S31500008A5000532361A269EB7B22F4E26229791B02AF
S31500008A6022F0070203F4E0630A431A43AB7B9B0040
S31500008A7003F0040313436A79012A4BD1002946D037
S31500008A8023F40063A361EB7922695B0322F40052AD
S31500008A9003F40053134323616A7A2B7A43EA0243B1
S31500008AA0E362A36A43F08803A362A36A43F44043E4
S31500008AB0A3626B7B2A7B1B01616A520103F01003E0
S31500008AC002F0200213430B436362AB7A1BB1636A65
S31500008AD043F008036362EB7A1BB1636A43F0010358
S31500008AE06362A979164B174A002918BF1A466369AB
S31500008AF013432A7C6361A3690AB143F400236A7CA9
S31500008B000AB143F480230020A361BDE8F88F43F443
S31500008B100063B7E70029B5D043F01003B2E740F28F
S31500008B202150F2E7D42102006433020035320200FC
S31500008B30A9320200C33202000A330200BC3302002B
S31500008B4000C01FE000C01FC010B5044630B90A4B74
S31500008B5040F20621094A0A4814F034FF1422002183
S31500008B6015F066FA00234FF4E1322382C4E90023AC
S31500008B70C4E9023310BD00BFD421020070330200E5
S31500008B80353202000B02026903F44043134301F439
S31500008B90407221F070410361836A21F4732123F44A
S31500008BA0403321F47F61134321F00F01836283690F
S31500008BB01943816170470A02036902F4404223EABD
S31500008BC0020301F4407221F070410361836A21F4CB
S31500008BD0732123EA020321F47F6123F4403321F059
S31500008BE00F018362836923EA0101816170470000F6
S31500008BF081690269084B120A0B4002F040021A43CF
S31500008C000369806A1B0A00F4407003F08003134373
S31500008C1023F440731843704700C3F00F4269836A18
S31500008C2003481B0C03F0C30313431840704700BFEF
S31500008C30C3C0FFC110B58B070C4C04EA010407D072
S31500008C40826A230422F4703203F4403313438362AE
S31500008C50436903F0785323434361FFF7DFFF204264
S31500008C6040F21A5008BF002010BD00BF03C01FC04D
S31500008C70044A0548516808B5044B1B689847BFF37A
S31500008C804F8F08BD6CC0002000C00740A0C0002068
S31500008C90044A0548916808B5044B1B689847BFF31A
S31500008CA04F8F08BD6CC0002000000840A0C0002007
S31500008CB0044A0548D16808B5044B1B689847BFF3BA
S31500008CC04F8F08BD6CC0002000400840A0C00020A7
S31500008CD0044A0548116908B5044B1B689847BFF359
S31500008CE04F8F08BD6CC0002000800840A0C0002047
S31500008CF0044A0548516908B5044B1B689847BFF3F9
S31500008D004F8F08BD6CC0002000C00840A0C00020E6
S31500008D10044A0548916908B5044B1B689847BFF398
S31500008D204F8F08BD6CC0002000000940A0C0002085
S31500008D30044A0548D16908B5044B1B689847BFF338
S31500008D404F8F08BD6CC0002000400940A0C0002025
S31500008D50044A0548116A08B5044B1B689847BFF3D7
S31500008D604F8F08BD6CC0002000800940A0C00020C5
S31500008D70044A0548516A08B5044B1B689847BFF377
S31500008D804F8F08BD6CC0002000C00940A0C0002065
S31500008D90044A0548916A08B5044B1B689847BFF317
S31500008DA04F8F08BD6CC0002000000A40A0C0002004
S31500008DB0044A0548D16A08B5044B1B689847BFF3B7
S31500008DC04F8F08BD6CC000200040C240A0C00020EC
S31500008DD0044A0548116B08B5044B1B689847BFF356
S31500008DE04F8F08BD6CC000200080C240A0C000208C
S31500008DF008B5034A2A21034B034814F0E3FD00BFDC
S31500008E0061340200C9330200FF330200094AC0B2CE
S31500008E1013684340D9070BD500F001031360BFF375
S31500008E204F8FBFF36F8F103213684340DB07FBD4BD
S31500008E30704700BF8062CC4008B5054B984201D010
S31500008E40FFF7D6FF0120BDE80840FFF7DFBF00BFF0
S31500008E500080C440032910B505D9074B5621074A9F
S31500008E60074814F0AFFD4FF40003CB40046A1C42E0
S31500008E70FCD040F8212010BD4A34020070340200B4
S31500008E80FF33020008B5084B196831B9074B40F2A9
S31500008E904E31074A074814F095FD074B07481B68F3
S31500008EA09847BFF34F8F08BDA4C00020E9340200E5
S31500008EB0003502009D340200A8C000200000C24018
S31500008EC0002110B504460846FCF741FC40F20512A5
S31500008ED090420DD000210846FCF734FC05490120DC
S31500008EE0FDF762FDD4F8703543F01003C4F8703511
S31500008EF010BD00BF00CA9A3B10B5D0F81035044625
S31500008F00D1B923F005031E49C0F810354FF47A7025
S31500008F10FDF74AFDD4F8103519494FF47A7023F05D
S31500008F202003C4F81035FDF73FFDD4F8103523F4BF
S31500008F300023C4F8103510BD23F001031049C0F812
S31500008F4010354FF47A70FDF72FFDD4F810350C4923
S31500008F504FF47A7043F40023C4F81035FDF724FD6E
S31500008F60D4F8103506494FF47A7043F02003C4F85C
S31500008F701035FDF719FDD4F8103543F00403D8E792
S31500008F8000CA9A3B10B5D0F830350446D1B143F447
S31500008F9000331949C0F830354FF47A70FDF704FDF7
S31500008FA0D4F8303514494FF47A7043F48023C4F86A
S31500008FB03035FDF7F9FCD4F8303523F00403C4F856
S31500008FC0303510BD43F004030B49C0F830354FF47B
S31500008FD07A70FDF7E9FCD4F8303507494FF47A701A
S31500008FE023F48023C4F83035FDF7DEFCD4F83035A1
S31500008FF023F40033E3E700BF00CA9A3B002A46D0B9
S3150000900001291AD002292DD0002948D1D0F850358F
S3150000901023F0010343F00203C0F85035D0F8603561
S3150000902023F4E05343F0807343F48063C0F8603563
S31500009030D0F860355901FBD57047D0F8503523F08C
S315000090400303C0F85035D0F8603523F4E05343F0FD
S31500009050807343F40063C0F86035D0F860355A0178
S31500009060FBD57047D0F8503523F00303C0F85035D0
S31500009070D0F8603523F4E05343F0807343F4805313
S31500009080C0F86035D0F860355B01FBD57047D0F885
S31500009090603523F0807323F4E053C0F860357047E1
S315000090A040010A4BC9B21A584A40D2070CD501F002
S315000090B001021A50BFF34F8FBFF36F8F044A024469
S315000090C013684B40DB07FBD4704700BF0060CC4001
S315000090D01060CC4008B5034A4B21034B034814F0FB
S315000090E071FC00BFB63502001B3502003D3502009B
S315000090F0F8B506460F4614462AB95C4B5D215C4A14
S315000091005C4814F05FFCD378022B02D1002900F0F2
S31500009110AA80E079012802D1002F00F0A58086B14F
S31500009120554B9E4261D003F580439E425FD003F5C6
S3150000913080439E425DD003F580439E425BD0FFF79D
S31500009140C9FF33464D4A0121602502EB830305FB27
S315000091500765D85DFFF7A4FFB6F88E3120789BB27D
S3150000916043F00F03A6F88E31E378A98803F00303D2
S31500009170627A01F4E65143EAC03360790B436178C1
S31500009180012843EA81334FEAC20101F0380143EA7C
S315000091900103A1784FEA012101F4407143EA01037A
S315000091A0E1794FEA81019BB201F0040143EA010330
S315000091B023D002282CD0002835D143F40053AB80AD
S315000091C0EB88217A23F074031B051B0D43EA013358
S315000091D0217909019BB201F070010B43A1790329A2
S315000091E03DD8DFE801F0242F34390123AAE7022312
S315000091F0A8E70323A6E70423A4E7B6F888C10C373B
S315000092001FFA8CFCB8402CEA0000A6F88801D6E7C5
S315000092100C370121B6F8880101FA07F70743BFB2F8
S31500009220A6F88871CBE7164B8D21114A68E743F003
S315000092300403EB8022B9AB889BB243F04003AB80BA
S31500009240002011E023F4806343F40063F1E723F484
S31500009250006343F48063ECE743F44063E9E7084BBB
S31500009260AB21034A4CE70120F8BD00BFDC21020018
S31500009270C63502003D35020000C01840F135020037
S315000092801725020010B5044628B90B4BDE210B4A00
S315000092900B4814F097FB0A22002114F0C9FE0023A4
S315000092A023706370E371E3702371A370637223729A
S315000092B0A371637110BD00BFDC210200CF3502002F
S315000092C03D3502002DE9F04F87B004919DF840101E
S315000092D00591DDE9114132B98A4B4FF48B718A4A07
S315000092E08A4814F06FFB24B9894B40F21711864A5D
S315000092F0F6E723B9874B4FF48C71834AF0E721B91F
S31500009300854B40F21911804AEAE7022B00F2F780FA
S315000093106027049D083207FB0507FE88C6F3021680
S3150000932021FA06F6B6FBF4F6C6F34E0C00241FFA35
S3150000933086F8013ECCF10001A646A146B6B289B236
S3150000934003910CF1FF3189B20291394612F8075C9C
S315000093504FF0640A08FB05F5B5FBFAF50195059D86
S31500009360BDF804A0032D00F28F80DFE805F002109F
S31500009370697A2CB9039DE6467D80029D4C81CD819C
S315000093804FEA5A05C5F1000A1FFA8AFA0CE01CB921
S315000093907C80A1F80AC0CE81BDF80450A8EB050A6E
S315000093A04544CAF34F0A6D0812F808BCBBF1010F19
S315000093B053D1A1F812A0CD8212F8085C32F804ACA1
S315000093C0012D66D1A1F830A04FF00A0B4D8C25F087
S315000093D030052D042D0C4D8412F8025CB1F822A044
S315000093E02D011FFA8AFA05F0300545EA0A054FF005
S315000093F0080A4D84012505FA0BF512F806BC2DB2B4
S31500009400BBF1000F75D1B1F822B01FFA8BFB2BEA26
S3150000941005054D840832049DB0F880B1AA440125A3
S3150000942005FA0AFA2C444AEA0B0AE4B21FFA8AFA47
S31500009430A342A0F880A189D1002007B0BDE8F08F33
S315000094402CB9039DE6467D80029D4C81CD81AAEB19
S315000094500E05CEF1000AADB296E7A1F81AA0CD83AB
S31500009460AAE71CB97C80A1F80AC0CE8112F8085C74
S31500009470012D04D1A1F81290A1F816A09CE7A1F83D
S315000094801A90A1F81EA097E7244B4FF4CD711E4AFF
S3150000949026E7022DA1F832A017D025D84D8C25F04D
S315000094A00C052D042D0C4D8412F8025CB1F822A097
S315000094B0AD001FFA8AFA05F00C0545EA0A054FF0D9
S315000094C0090B4FF0040A4D8494E74D8C25F00305F3
S315000094D02D042D0C4D84B1F822A012F8025C1FFA5F
S315000094E08AFA05F00305E8E70C4B4FF4E071064AEB
S315000094F0F6E6B1F822B045EA0B05ADB289E70120E0
S315000095009BE700BF89350200E43502003D350200C5
S31500009510943502009F350200AA3502001725020085
S31500009520054B064AD3F80038DB064CBF044B054B07
S315000095301B681360704700BF0040C840ACC00020E5
S315000095401C0021001C002000014B1B681B681847EB
S31500009550ACC000207047000008B5034A8121034BC8
S31500009560034814F02FFA00BFDB360200053602006E
S3150000957028360200021F084B9A4209D80023C00869
S315000095800B7000B970470B78400801330B70F8E791
S3150000959042F21370704700BFFCFF3F0010B529B9B7
S315000095A00C4BA0210C4A0D4814F00CFA0C4B4FF44E
S315000095B07A72B1FBF3F1B3FBF1F102FB00F3002287
S315000095C0D0B2013201FB00F49C42F9D308B1013854
S315000095D0C0B210BD75360200EC3602002836020015
S315000095E040420F000C4946F22042C0B28B5843401D
S315000095F0DB070FD500F001038B50BFF34F8FBFF38E
S315000096006F8F02F1814202F59802103213684340CF
S31500009610DB07FBD4704700BF0000CC4010B5044602
S3150000962028B90E4BFC210E4A0E4814F0CBF9142231
S31500009630002114F0FDFC4FF47F43012223801F23F9
S315000096402271A370A368227303F07F4343F482134D
S3150000965043F08503A360044B236110BD88360200E6
S31500009660FF360200283602008524604038B50C46D5
S3150000967031B91E4B4FF490711D4A1E4814F0A2F9E1
S315000096801D4DA8422FD10120FFF7ACFF00231A463B
S31500009690191D0133092B45F82120F9D10123164A5A
S315000096A02B601368DB07FCD4237811689B0003F05A
S315000096B004030B43617843EA0143A178090601F0EC
S315000096C0F8510B4343F002031360237903B1A368F7
S315000096D09360227B084B02B12269DA601A6822F095
S315000096E002021A6038BDFFF737FF00BF9736020047
S315000096F0153702002836020000400D4010B5C46B35
S3150000970044F00104C463C0F8902003F00F0204295A
S315000097104FD8DFE801F044342F032F00062A27D064
S3150000972003F00D01A1F1080CDCF1000141EB0C0185
S31500009730072A32D003F00D02092A14BF00220122A3
S3150000974012B1029AC0F8A02043F0254343F4B403B3
S31500009750C0F89C30C36BDB07FCD5C36B43F0010339
S31500009760C363C36B13F002032AD181BB084610BD45
S315000097700121DDE7941E61426141032ADDE7022AE9
S3150000978009D0A2F1040CDCF1000141EB0C01032A23
S3150000979003D0052AD1E70121F9E70122D0E7A2F19A
S315000097A00804093A61426141012A8CBF0022012264
S315000097B0C6E70A4B40F28C41094A0A4814F002F9FE
S315000097C0C36B43F00203C36342F21170CFE7D0F8D4
S315000097D0B0101846039A1160C9E700BF17250200AA
S315000097E033370200283602002DE9F04F054689B0CE
S315000097F088461E46144632B99A4B4FF4BC719A4AB3
S315000098009A4814F0DFF823B9994B40F27911964A39
S31500009810F6E792F82C3023B9964B4FF4BD71924A75
S31500009820EEE7536803F10043B3F1C04F80F01181B6
S3150000983013780593002B00F00F81D2F81CA08E4AF6
S315000098404FEA1A17B2FBF6F2B7FBF2F7BAB2B2F565
S31500009850807F00F20481636A0DF11F01D0F8049045
S315000098600393A36AA068D4F820B00493FFF782FE9E
S31500009870002840F0EB8062689DF81F1022F47F609C
S31500009880059B490020F00F0001F03E01014308F15D
S31500009890040041F0010145F82010617BA07B09011D
S315000098A094F80CC0042801F0700EE17B0CF0030C58
S315000098B018BF00024FEA812118BF00F4407001F47E
S315000098C0406141EA0E010BBF41EA0C0141EA0C017D
S315000098D041F0800101432964B8F1000F0AD0042148
S315000098E001FA03F3217829EA030908FA01F149EAA2
S315000098F0010169606B683F02059223F00F03BFB256
S315000099006B6094F82D30D5F85011013B21F03F01E2
S315000099105B0003F03E030B43314643F00103C5F8F9
S315000099205031207CFFF73AFE314600F00F09607C8B
S31500009930FFF734FE80463146A07CFFF72FFE314606
S315000099404FEA081800025FFA88F800F4F85048EA6F
S315000099500008E07CFFF722FE3146400348EA090989
S3150000996080B240EA0909207DFFF718FE314600045F
S3150000997000F4702040EA0909607DFFF70FFE3146CA
S31500009980000500F4700040EA09006864A07DFFF756
S3150000999005FE31468046E07DFFF700FE31468146F2
S315000099A0207EFFF7FBFD049A0221BBFBFAFB48EA87
S315000099B00B6848EA092949EA0040A864284694F851
S315000099C02C30013B5B0003F00E033B43B2FBFAF77E
S315000099D0039A43EA0763B2FBFAFA0AF1FF3A059AD9
S315000099E04FEA0A4A0AF47F0A43EA0A03EB64234B66
S315000099F0C3F894100021C3F898100F23CDE9001185
S31500009A00FFF77CFE10BB01460C23CDE9000028467B
S31500009A106268FFF773FEC8B901460C23CDE9000062
S31500009A2028466268FFF76AFE80B901900146E27B2C
S31500009A302846637B43EA021300930A236268FFF712
S31500009A405DFE18B9EB6C43F00103EB6409B0BDE8A9
S31500009A50F08F42F21A70F9E742F21770F6E742F217
S31500009A601B70F3E7883602001F3702002836020013
S31500009A70A9360200BB36020000CA9A3B00400D40E0
S31500009A8008B531B9114B40F21711114A114813F0BC
S31500009A9099FF436843F0004343608B6882681B016B
S31500009AA022F0F002DBB2134383600B7863B14B689C
S31500009AB082689B0222F4F84203F4F843134383605E
S31500009AC0836843F48073836008BD00BF8836020054
S31500009AD0A73702005737020010B5044630B9084BC5
S31500009AE040F24711074A084813F06CFF0C22002188
S31500009AF014F09EFA00232370C4E9013310BD00BFA1
S31500009B0088360200B83702005737020010B50446FF
S31500009B1030B9074B4FF4AA71064A074813F052FFB3
S31500009B200822002114F084FA00232370636010BD1C
S31500009B308836020037380200D53702000139092974
S31500009B4015D8DFE801F0050A0E151A1F24292E3351
S31500009B50836C23F4007383647047836C23F48063FF
S31500009B60F9E7D0F8A03023F00103C0F8A030704721
S31500009B70D0F8A03023F00203F7E7D0F8A03023F0A6
S31500009B800403F2E7D0F8A03023F00803EDE7D0F89D
S31500009B90A03023F01003E8E7D0F8A03023F020032C
S31500009BA0E3E7D0F8A03023F04003DEE7D0F8A0309A
S31500009BB023F08003D9E7C36C013943F40073C3640F
S31500009BC0092915D8DFE801F0050A0E151A1F242900
S31500009BD02E33C36C43F40073C3647047C36C43F401
S31500009BE08063F9E7D0F8A43043F00103C0F8A4304D
S31500009BF07047D0F8A43043F00203F7E7D0F8A4305A
S31500009C0043F00403F2E7D0F8A43043F00803EDE78D
S31500009C10D0F8A43043F01003E8E7D0F8A43043F0BE
S31500009C202003E3E7D0F8A43043F04003DEE7D0F8A2
S31500009C30A43043F08003D9E707B531B9124B4FF48E
S31500009C408F71124A124813F0BDFE0B7863B14B6850
S31500009C50826B9B0222F4F84203F4F84313438363B6
S31500009C60836B43F48073836301220A48D1B2019166
S31500009C70FFF764FF0199FFF79EFF01320B2AF5D12A
S31500009C8003B05DF804FB00BF8836020025380200E9
S31500009C90D53702000000C940064B80B2C3F8E00881
S31500009CA0C3F8F018D3F8002482F40042C3F8002465
S31500009CB0704700BF0040C84080B2074B40F4803078
S31500009CC0C3F8E008D3F8002482F40042C3F8002465
S31500009CD0D3F81009704700BF0040C84010B50446CD
S31500009CE028B90A4B94210A4A0A4813F06BFE10223F
S31500009CF0002114F09DF9002319222370638050235C
S31500009D00C4E901231423E36010BD00BFDC21020077
S31500009D10B43802005538020010B500F11004204690
S31500009D20FFF7CAFF01432046BDE81040FFF7B4BF66
S31500009D3007EE901ADFED326A9FED327A012AF8EECD
S31500009D40E77A314B9FED316AA7EEA67ADFED307ADE
S31500009D50D3ED006A76EEA76ADFED2E7A70B5E6EEF1
S31500009D60C67A0446D7EE077A87EE867AFDEEC77A7C
S31500009D7017EE905A19D0022A29D0CABB00F1200644
S31500009D803046FFF799FF244920F07F6001EA05413C
S31500009D9020F4702001433046FFF77EFF4FF4802108
S31500009DA02046BDE87040FFF7B7BF00F130063046E9
S31500009DB0FFF782FF20F47F60C5F30B0120F00F0050
S31500009DC001433046FFF768FF4FF40021E8E72030F3
S31500009DD0FFF772FF20F47F60C5F30B0120F00F0040
S31500009DE0014304F12400FFF757FF4FF40031D7E792
S31500009DF00A4B40F217110A4A0A4813F0E3FD00BF66
S31500009E006F1283BBE17AAC40B0C000206F12033CF6
S31500009E109A990543B36AE8410000FF0F172502002F
S31500009E20CC3802005538020038B505460C4629B92B
S31500009E30164B3021164A174813F0C4FD164B103046
S31500009E40D3F83034C3F38B2307EE903A134BF8EE76
S31500009E50E77AC3ED007A0B78012B0CBF4988002105
S31500009E6041F48031FFF718FF616828460022FFF7AA
S31500009E705FFFA16828460122FFF75AFFE1682846DE
S31500009E800222BDE83840FFF753BF00BFD4210200CD
S31500009E90A8380200553802000040C840B0C0002073
S31500009EA008B548B1054B984205D0054B4621054AF1
S31500009EB0054813F087FD012008BD00BF00C0034020
S31500009EC0E038020052390200043902000C4946F219
S31500009ED06052C0B28B584340DB070FD500F0010338
S31500009EE08B50BFF34F8FBFF36F8F02F1814202F5A4
S31500009EF09802103213684340DB07FBD4704700BF5B
S31500009F000000CC4008B5FFF7CBFF0120BDE80840B4
S31500009F10FFF7DCBFC2F3460302F0010213B530F8C7
S31500009F201340ADF8044002AC224402F8041CBDF80C
S31500009F30042020F8132002B010BD38B50446EFF314
S31500009F40108572B6D0F83021D0F82C319A422CD038
S31500009F50D0F82C21D0F830319A4210D9D0F82C21E3
S31500009F60D0F83031D0F83011D21A01F59A7104F2D6
S31500009F7034702144FAF766FF85F3108838BDD0F8AF
S31500009F803031D0F82821D0F83011D21AD0F82C313F
S31500009F90002BEAD001F59A71014400F5EC60FAF75E
S31500009FA051FFD4F82C210021DFE743F22150E3E7EB
S31500009FB078B171B1D0F830314A681344C0F8303105
S31500009FC0D0F82831D0F830219A4202D30023C0F8C5
S31500009FD030317047D8B1D1B1D0F8303149680B442F
S31500009FE0C0F83031D0F82831D0F83011994202D378
S31500009FF00023C0F830310AB9FFF79FBF43F224535C
S3150000A0009A4204D10023C0F83031C0F82C31704791
S3150000A01030B129B122B9034B1146186806F060BF6A
S3150000A020704700BF0CC1002001460122074810B549
S3150000A030FAF70BFF044638B9054B4FF0FF311868A5
S3150000A04007F098F8204610BD0124FBE7CC08002055
S3150000A0500CC10020F8B500B9FEE701B9FEE7EFF341
S3150000A060108572B6244BD3F82C41D3F83021944294
S3150000A07018D0D3F82861D3F82C21D3F830413244D4
S3150000A080121BB2FBF6F406FB14220126D3F8287144
S3150000A0907C1EA21A914221D985F310884FF0FF3415
S3150000A0A02046F8BD00263246F0E7D3F82C4104F1ED
S3150000A0B0010E1C44C3F82CE110F802E084F834E1E8
S3150000A0C0D3F82C41A74201D8C3F82CC101329142E2
S3150000A0D00C46EADC2EB185F31088E1E700229446AF
S3150000A0E0F5E70548FFF729FF85F31088002818BF14
S3150000A0F04FF0FF34D4E700BF4001002010B50446FE
S3150000A10000B9FEE7104B1B68DBB1EFF305832BB9F3
S3150000A1100E4B4FF0FF31186807F02CF82046FFF77A
S3150000A12083FF00280CBF01244FF0FF34EFF30583B3
S3150000A1302BB906481A461946006806F00BFD20465C
S3150000A14010BD4FF0FF34FAE7B4C00020B8C00020BD
S3150000A15030B58BB00025344C012A8DF81020ADF8AF
S3150000A1601250CDE9063140F20113CDE90855ADF89C
S3150000A170223004F54D738DF8260002934FF4806368
S3150000A18003934ED106AB29464FF4F762204605935A
S3150000A19013F04EFF4FF40073201D02A9C4F82831B6
S3150000A1A02060FAF7CDFD0546002DFDD11F4901209F
S3150000A1B006F0ACFD1E4B29462A46186003230120F3
S3150000A1C000931C4B06F0C4FB1B4B1C49186020680F
S3150000A1D0FAF7F0FD0028FDD1134A194902F234704E
S3150000A1E0FAF73CFE17492068FAF7E4FD0028FDD18E
S3150000A1F00D4A154902F5EC60FAF730FE134920685E
S3150000A200FAF7FAFD0546002DFDD1074A104902F27C
S3150000A2108C70FAF731FE22680E4B1A6028460BB096
S3150000A22030BD43F22155F9E740010020BCC00020B3
S3150000A230B8C0002010C100200CC100207408002006
S3150000A240D59F0000A0080020B19F0000CC08002088
S3150000A25011A00000B4C0002010B50B4CD4F82C217E
S3150000A260D4F830319A4201D1002010BDEFF30583B6
S3150000A2703BB908F09DFC0228F0D1012007F04AFF07
S3150000A280ECE70120F1E700BF400100202DE9F8438B
S3150000A29007460D4600B9FEE700293BD01E4B18685D
S3150000A2A0A0B31E4E0C46B046EFF3108972B6D6F830
S3150000A2B02C21D6F830319A422AD0D6F82821D6F861
S3150000A2C02C11D6F830311144C91AB1FBF2F302FB56
S3150000A2D01313D8F82821013AD11A0ED0A14201D27F
S3150000A2E094420AD3A142A5EB040028BF2146384474
S3150000A2F0FFF7B0FE0028C8BF241A89F3108824B1DE
S3150000A300FFF7AAFF80B20028CED0281BBDE8F8834D
S3150000A3100023DEE70846F9E7B4C00020400100202C
S3150000A3202DE9F843002506460C4690461F46A946E9
S3150000A330BD4201DBBDE8F88321684B1C7F2B04D9A5
S3150000A3403046FFF7A3FFC4F800902368013506F8EE
S3150000A3500380236801332360EAE7000030B5A1B02B
S3150000A3600D46002104467C2201A8009113F060FEF0
S3150000A370074B186848B12946064B6A46204600F046
S3150000A38060F801466846FFF781FF21B030BD00BF87
S3150000A390B4C0002021A300000FB407B504A951F8EA
S3150000A3A0040B0191FFF7DAFF03B05DF804EB04B08C
S3150000A3B07047002307B50DF107008DF80730FFF74A
S3150000A3C09DFE0028CCBF9DF807004FF0FF3003B07C
S3150000A3D05DF804FBF8B514461D462022431A0134E5
S3150000A3E0DDE9066739463046A84714F8012D02B95B
S3150000A3F0F8BD012339463046A847F6E7F0B50024F4
S3150000A40004700C6824B93023437001231846F0BD4C
S3150000A410002B00F1010514BF3727572726460135C3
S3150000A420B4FBF2F402FB1463092B94BF03F1300171
S3150000A430F9182B46B24203F8011DA3EB0003EDD930
S3150000A440E4E72DE9F0471F4690B00023054616467F
S3150000A4500C464FF00A0A039305932A78002A00F067
S3150000A460AC80252A38D0012303A930460135B847E8
S3150000A470F3E70AFB08381546A8F130086B786A1C22
S3150000A480A3F130010929F4D92E2B05D1154612F86E
S3150000A490013F303B092BF9D9A946013599F801202E
S3150000A4A002F0FB03682BF7D0642A01D0692A16D183
S3150000A4B054F8043B0A2204A90493012307A8FFF7D2
S3150000A4C09DFF03AB07AA014602444046CDE900635F
S3150000A4D03B46FFF77FFF0AE04FF00008CEE702F0A9
S3150000A4E0DF03462B06D1073424F00704083409F1AC
S3150000A4F00205B2E7582B17D154F8043B05A907A863
S3150000A5000593B2F178034FF0100218BF0123FFF74D
S3150000A51075FF03AB07AA014602444046CDE9006336
S3150000A5203B46FFF757FFE2E76F2A1BD0622A19D096
S3150000A530702A0BD0752A15D0632A23D154F8042B20
S3150000A5400123D2B203A93046B847D0E754F8043BFA
S3150000A550042206A905A8069313F042FD1022012342
S3150000A56005A9ABE754F8043B6F2A059306D0622A87
S3150000A57006D0702A0CBF10220A22F0E70822EEE766
S3150000A5800222ECE7732A16D154F8045B002DAED0F4
S3150000A5902846013DF6F716FF2022A8EB000303A983
S3150000A5A03046B84715F8012F002AA0D0012303A989
S3150000A5B03046B847F6E70123C4E7039810B0BDE874
S3150000A5C0F08720B1436823B15B6900681847032010
S3150000A5D0704706207047F0B50C4685B00021054649
S3150000A5E0CDE90032039168B3416869B3E6090C27E7
S3150000A5F046EA4406F6B207FB0607397F31BB03A8D5
S3150000A600F7F717F9012103983977F7F723F914F0CB
S3150000A610800F6968286814BF8F68CF682146DDE916
S3150000A6200032B847044650B103A8F7F702F90C20E8
S3150000A630002300FB065503982B77F7F70BF9204606
S3150000A64005B0F0BD0324FAE70624F8E70224F6E78E
S3150000A6507FB50B7A0446112B35D0122B38D0102B30
S3150000A6603AD10126002580F8A76001A80195F7F7E1
S3150000A670E0F8019884F8A860F7F7ECF82A460E216E
S3150000A6802046FFF79EFF01A8F7F7D3F8019884F854
S3150000A690A850F7F7DFF8022304F1900284F8A450DB
S3150000A6A084F8A63023461D77C3E905550C339A4234
S3150000A6B0F9D123690022012120469847002084F819
S3150000A6C0A75004B070BD0369002202219847F8E73D
S3150000A6D0036900220321F9E703F00F02052A1ED8B9
S3150000A6E0DB0943EA42030C2202FB03025069B0B1C4
S3150000A6F0086801904868497A02908DF80C1061B19B
S3150000A7000022227784F828200C2201A9204602FB89
S3150000A7100343D3E90552A847D3E71177F4E70120AD
S3150000A720CFE703460A4610B5C9B1C0B10469C4B142
S3150000A73090F8A84054B10C7A14F00F0F06D014F01C
S3150000A740700F03D1BDE81040FFF782BF1146D868ED
S3150000A750F7F7A2F900280CBF0020022010BD032045
S3150000A760FCE70120FAE700221146FFF72ABF37B5BA
S3150000A7700446D0B1436823B15B680068984700235C
S3150000A7806360E06818B1F7F7DBF90023E3600025A2
S3150000A79001A80195F7F74DF80198256084F8A550B2
S3150000A7A0F7F758F8284603B030BD0320FBE7000052
S3150000A7B02DE9F74306460F469046002A64D000234B
S3150000A7C001A80193F7F735F8304B01981D681C4630
S3150000A7D065B393F8A530B34228D1F7F73BF80125C6
S3150000A7E029E084F8A560F7F735F82761274B2A4654
S3150000A7F02F4684F8A56084F8A45084F8A750013247
S3150000A8001F770C2AC3E9057703F10C03F7D1B31EB2
S3150000A810012B14D901A80197F7F70BF801982760C7
S3150000A820062584F8A570F7F715F804E0002DD8D0B2
S3150000A8300225F7F70FF8284603B0BDE8F083144B5E
S3150000A8400821144F63603846E760F7F709F9814637
S3150000A85020B1A7F10800FFF78AFFC0E7C8F800405B
S3150000A860A7F108026368304611461B6898470546FB
S3150000A87030B1A7F10800FFF77AFFC8F80090DAE7D1
S3150000A880022384F8A630D6E70325D4E7F80800208B
S3150000A890643902000009002001F00F0141F0800137
S3150000A8A0FFF799BE01F00F01FFF795BE20B143688F
S3150000A8B023B11B69006818470320704706207047BC
S3150000A8C070B4B8B1C9B1C2B18C7804F00F05052DCA
S3150000A8D013D8E4090C2644EA45041568526806FBB9
S3150000A8E004039A6100225D611A770A46022170BC50
S3150000A8F0FFF767BE032070BC70470420FBE72DE915
S3150000A900FF4100270C4601F00F0805468DF8071099
S3150000A910039738B303A8F6F78CFF0123039885F84D
S3150000A920A830F6F797FF0DF1070203212846FFF737
S3150000A93048FE064603A8F6F77CFF039885F8A8703C
S3150000A940F6F788FFB8F1050F0ED8E4090C2344EAA0
S3150000A950480403FB0453C3E905771F77304604B068
S3150000A960BDE8F0810326F9E70426F7E707B58DF879
S3150000A970071001F00F01052907D80DF10702042180
S3150000A980FFF71FFE03B05DF804FB0420FAE707B5E6
S3150000A9908DF8071001F00F01052907D80DF1070200
S3150000A9A00521FFF70EFE03B05DF804FB0420FAE76D
S3150000A9B0DAB1023906291AD8DFE801F004071113C3
S3150000A9C0090E15000F21FFF7FCBD1021FBE790F8DB
S3150000A9D0A63000201370704790F8A430F9E70621DE
S3150000A9E0F1E70721EFE70921EDE704207047012091
S3150000A9F0704703390B292BD8DFE801F0062A2A090C
S3150000AA000F2A2A2628222A241121FFF7DABDFAB1B5
S3150000AA10137880F8A6300020704790F8A630032BF4
S3150000AA200AD0AAB11378142100F1A40280F8A43048
S3150000AA30032380F8A630E8E700F1A4020821E4E742
S3150000AA400A21E2E70B21E0E70C21DEE70D21DCE736
S3150000AA50012070471FB5044678B100234FF0FF323E
S3150000AA6001A9C068ADF80C30CDE90133F7F748F815
S3150000AA7018B901A92046FFF7EBFD04B010BD4369E4
S3150000AA8003F1200203F500718361F0B51A602032EC
S3150000AA901B688A42FAD10022056900F11C0400F104
S3150000AAA04C071A6010234FF0010E4FF0400C80F84F
S3150000AAB07C304368D3F8401121F47F01C3F840117C
S3150000AAC0D3F84011C3F84011D3F8A81141F008019A
S3150000AAD0C3F8A811D3F8A81121F00401C3F8A811EE
S3150000AAE02946C1F808E0403151F8406C6CF31A462B
S3150000AAF041F8406C11F8086C44F8042BA74262F345
S3150000AB000006E26201F8086CEBD140F24711C3F887
S3150000AB105851C3F85421C3F8481180F87E20F0BD7F
S3150000AB202DE9F04F0D4689B01F46CB094900044672
S3150000AB300393002301F01E010592079341EAD51BFA
S3150000AB40002800F0FA8003694FEA8B1803EB8B1399
S3150000AB5093F8386016F0010600F0F18090F87E3028
S3150000AB60A3B907F57F5307A83F33B3F5804F2CBF32
S3150000AB704FEA93394FF00109F6F75BFE94F87CC073
S3150000AB80CC4507D202260798F6F764FE304609B090
S3150000AB90BDE8F08F4FF00009D4F818A004EB8B0144
S3150000ABA0CE46DAF80020B7F5804F02983B46019270
S3150000ABB0524628BF4FF480430497BEF1000F08BFEA
S3150000ABC01046DDF804A00CF1FF3CFF1A02904FF08E
S3150000ABD001005FFA8CFC10604FF000005060059891
S3150000ABE070449060906800F5805020F47F6020F0FB
S3150000ABF00F00D060D06800F580501061106900F534
S3150000AC0080505061506900F580509061506863F340
S3150000AC101E405060D069D2F808B063F31E30CBF303
S3150000AC200B0BD06120F0004020F47F6020F00F0075
S3150000AC3040EA0B00D06103D1506840F400405060F8
S3150000AC4050684FF0800B9E446BF307005060C86C51
S3150000AC5000283BD00260CA64002FA2D1019A15F0E9
S3150000AC600F0184F87CC0A2611CD1039AD2B122697B
S3150000AC7002EB080090F83800800713D5049888B1D5
S3150000AC80D08E98420ED952F80800C0F30A40B3FBA2
S3150000AC90F0FC00FB1C332BB952F8083067F35D73E8
S3150000ACA042F80830ED08012305F010050D4303FABC
S3150000ACB005F5B9F1000F21D16368D3F8B0212A4216
S3150000ACC008D007980026F6F7C5FD5FE7B146CA61CA
S3150000ACD0CA64C1E7D3F8402142F48042C3F8402158
S3150000ACE0D3F8B811D3F840215204F3D5D3F8402154
S3150000ACF00D4222F48042C3F84021E2D123699844F0
S3150000AD00029BC8F808300023C8F80C30BFF34F8FF9
S3150000AD100C4A6368C3F8B051D3F8B8112942D0D1B0
S3150000AD20013A03D10798F6F795FD2FE7D3F8BC1142
S3150000AD302942C6D1C3F8B051EEE7032626E701261D
S3150000AD4024E700BF809698002DE9FF4702EB4109F2
S3150000AD50002541EAC212064600EB8908DFF8B4A0D6
S3150000AD604FEA8919D8F81C40D7B224F01F04CDE960
S3150000AD70015514B904B0BDE8F087019B3BB9A3683F
S3150000AD80A28B03EA0A03C2F30B021343019363681F
S3150000AD901A0638D4E2696168C2F31233029AC1F323
S3150000ADA00E415B1A1344D8F84C200293D8F81C3095
S3150000ADB093422BD1C8F81C500122C8F84C50336975
S3150000ADC04B449A60DD6063681B0404D4D8F81C30D9
S3150000ADD033F01F0309D101A930688DF80C708DF886
S3150000ADE00D50FFF79EFCCDE90155B3696560236000
S3150000ADF096F87C30B461013386F87C30D8F81C4074
S3150000AE0024F01F04B5E74FF0FF33CCE71B68C8F802
S3150000AE101C30D8E700F0FFFF2DE9F041304B86B03B
S3150000AE20054688460193A3F58043174602932D4BAA
S3150000AE3093E8070006AB03E90700AB1EDAB2012A66
S3150000AE4048D8294A1678002E46D10121274C284693
S3150000AE501170274A84F87F50013D626102F5006255
S3150000AE60EDB2226106AA02EB830353F8143C636039
S3150000AE7005F06EF806ABA06003EB850555F80C3CB3
S3150000AE80E3606368D3F8402142F00202C3F8402130
S3150000AE90D3F840219207FBD4D3F8242102F01F02F5
S3150000AEA0052A84F87D2019D9D3F8A8210F4822F065
S3150000AEB00302C4F80080C3F8A821D3F8A82142F001
S3150000AEC00202C3F8A821FFF7DAFD3C60304606B05F
S3150000AED0BDE8F0810626F9E70326F7E70126F5E740
S3150000AEE00000434044140200E4C1002060C1002079
S3150000AEF00010002008B9032070470B4B984202D17E
S3150000AF000A4B00221A7043680020C3F84801D3F8A0
S3150000AF10402122F00102C3F84021D3F8402142F03B
S3150000AF200202C3F84021704760C10020E4C100203E
S3150000AF3001F00F0141F08001FFF7F2BD01F00F01B2
S3150000AF40FFF7EEBD2DE9FF474FEAD10801F00F03E9
S3150000AF504C00002608F010080F4604F01E040546B3
S3150000AF6048EA03034FF0010844EAD114009608FAB0
S3150000AF7003F8002800F084806846F6F75AFC4FF084
S3150000AF80FF330FFA84FE019605EB84040293E2690F
S3150000AF9022F01F0213468BB919461E46DFF8E490CD
S3150000AFA09C469AB901B101932B6903EB8E1E0123CE
S3150000AFB0CEF808300023CEF80C3050E0D97F41F0AF
S3150000AFC08001D9771B6823F01F03E4E792F91F007D
S3150000AFD0002842DA5068000627D43BB99168938B63
S3150000AFE001EA0901C3F30B030B430121D4F81CA0AA
S3150000AFF0E06C82452BD1C4F81CC0C4F84CC0506824
S3150000B000000428D4E06930F01F0008BF0126A869B3
S3150000B010C2F804C01060AA6195F87C20013285F858
S3150000B0207C20E26922F01F02BBE76868D0F8B4A171
S3150000B0304AEA080AC0F8B4A1D0F8B4A11AEA080F7F
S3150000B040FAD1D0F8B8A11AEA080FEFD1C5E7DAF8B5
S3150000B0500000E061D3E70126D9E701B1019300982A
S3150000B060F6F7F8FB46B1002601A928688DF80C70A2
S3150000B0708DF80D60FFF755FB304604B0BDE8F0874C
S3150000B0800326F9E700F0FFFFCA0803692DE9F0413E
S3150000B09002F0100201F00F04012605462243CF09F3
S3150000B0A09640620042EAD11203EB82134FEA8218FD
S3150000B0B093F838206FF3000283F83820FFF742FF39
S3150000B0C06B68D3F8B021324224D1D3F8B82132408C
S3150000B0D020D1296941F808206CB9002FD3F8C02186
S3150000B0E014BF6FF40D016FF08D010A40C3F8C02143
S3150000B0F02046BDE8F08103EB8404002FD4F8C0316C
S3150000B10014BF6FF40D016FF08D010B40C4F8C03110
S3150000B1101446EDE70224EBE72DE9F74F0C461646F9
S3150000B1200546002800F0AC81142900F2AB81DFE867
S3150000B13011F0150020002900B900C200E90019012C
S3150000B1401F012700A901A901A9015101A9018F0128
S3150000B150A201A901A901A901A90147014268D2F8E2
S3150000B160403143F00103C2F84031204603B0BDE848
S3150000B170F08F4268D2F8403123F00103C2F8403123
S3150000B1800024F2E7002A00F07D8192F802A092F8EE
S3150000B19003B04FEADA090AF00F08514609F0100920
S3150000B1A049EA08034FF0010909FA03F913880193E4
S3150000B1B0FFF7C8FE6F68D7F8B02119EA020FD4D19D
S3150000B1C0D7F8B82119EA0209CFD1019B4FEA480105
S3150000B1D02A694FEADA1CC3F30A0E0BF0030341EAAD
S3150000B1E0DA11012B4FEA811002EB81112BD1348841
S3150000B1F0BEF5806F1558C4F3C12428BF4FF4806E86
S3150000B200013464F39F751550145891F838506EF355
S3150000B2101A441450347964F3410581F83850B8F172
S3150000B220000F15D1145844F000541450145844F427
S3150000B23000441450D7F8C021BCF1000F1ED19B006A
S3150000B24043F0C0031DE0145869F39F741450DBE704
S3150000B250B4FA84F41558640964F35D7515501458EE
S3150000B2606FF3CF34145007EB8802D2F8C001BCF15B
S3150000B270000F10D19B0043F0C0030FE09B0443F482
S3150000B28040031343C7F8C03191F8383043F0010347
S3150000B29081F8383074E79B0443F440030343C2F853
S3150000B2A0C031F1E7002A00F0ED80117803B0BDE867
S3150000B2B0F04FFFF7E9BE002A00F0E480167816F09A
S3150000B2C00F040ED12146FFF73DFE80212846FFF7E9
S3150000B2D039FE6A68D2F8C03143F00113C2F8C031B2
S3150000B2E043E73146FFF72EFE6B68F20903EB840451
S3150000B2F014BF4FF480320122D4F8C0311343C4F88E
S3150000B300C0313DE7002A00F0BD8011786B6811F06E
S3150000B3100F024FEAD1100ED10028D3F8C02114BF76
S3150000B3206FF480306FF0010002402846C3F8C02158
S3150000B330FFF708FE24E7002803EB820318BF6FF42B
S3150000B3408030D3F8C02108BF6FF0010002EA000286
S3150000B35014BF4FF480004020C3F8C021D3F8C021A9
S3150000B3600243E2E7002A00F08D8000241480FCE608
S3150000B370002A00F08780137803F00F04052C00F2F2
S3150000B3808180DB09426874B16F34002B02EB8402C2
S3150000B39014BF4FF48033012352681A4214BF0123AD
S3150000B3A000237380ECE6002BD2F8C02114BF4FF4C3
S3150000B3B0803301231A4214BF012300237380D4E68D
S3150000B3C0002A5FD0337842685B0643F08073C2F888
S3150000B3D05431D5E64268D2F8A43143F4FE03C2F8EC
S3150000B3E0A4314FF0FF3283681A60AB681C6B14F00F
S3150000B3F000542BD16A68D2F8441141F08001C2F89A
S3150000B4004411D3F8C41041F48021C3F8C410D2F813
S3150000B410841141F40001C2F884111A6BE96842F400
S3150000B420600242F400721A630A6842F0005242F463
S3150000B43040320A600A6842F480620A601A6B42F07F
S3150000B44080421A63012385F881308EE600BFCCE77F
S3150000B450002464F07F01E6B228460134C9B2FFF742
S3150000B46013FE31462846FFF70FFE062CF1D128467B
S3150000B470FFF705FB84E62AB190F8803013707FE66B
S3150000B480032472E6012470E62DE9F04F87B0002808
S3150000B49000F08E800468E268636811684D050CD57B
S3150000B4A01168002909DAD3F8841121F40001C3F8E0
S3150000B4B08411116821F480611160D3F84411D3F826
S3150000B4C0482101EA020818F0400FC3F8448118D059
S3150000B4D0D3F8AC214FF0FF11C3F8AC21D3F8BC214F
S3150000B4E0C3F8BC21C3F8B411D3F8B02112F0FF1F82
S3150000B4F0F8D1D3F8843113F480735CD0012384F837
S3150000B5007E3018F0010F0CD06368D3F8AC61002EC2
S3150000B5105BD16268D2F8BC31C2F8BC31002B40F076
S3150000B5209B8018F0040F31D000238DF81530626827
S3150000B530D2F8845115F48075CDE9033314D1D2F8CD
S3150000B540843113F4007F14BF0223002384F8803073
S3150000B55094F87E3043B1102303A98DF81430206887
S3150000B560FFF7DFF884F87E5094F8813073B1636892
S3150000B570D3F8843113F0800308D184F88130122384
S3150000B58003A98DF814302068FFF7CBF818F4807FF4
S3150000B5900ED06368D3F884311B0609D5002303A9AE
S3150000B5A0CDE903331123ADF814302068FFF7B9F85D
S3150000B5B007B0BDE8F08FCDE90333102303A9ADF83A
S3150000B5C014302068FFF7ADF89BE70025012726FA1F
S3150000B5D005F35FFA85F9D8073AD523694946204627
S3150000B5E04FEAC51A03EBC51B1BF8302FD209009290
S3150000B5F0FFF7AAFB009A2046494682F00102FFF7B0
S3150000B600A3FB08238DF8149007FA05F28DF8157040
S3150000B61004936368CDF80CB0C3F8AC212269524498
S3150000B620D2E90A0CD3F8401141F40051C3F8401195
S3150000B630D3F840118904F5D503A9C2E90C0CD3F857
S3150000B6404021206822F40052C3F84021FFF769F830
S3150000B6500135062DBBD15CE74FF0000B23FA0BF248
S3150000B6605FFA8BF7D60705D40BF1010BBBF1200F60
S3150000B670F4D156E7BBF10F0F85BF103F0122002220
S3150000B680FFB2052FF0D802EB470900215FFA89F9CE
S3150000B690CDE9031167B95AB1216991F87800850798
S3150000B6A006D5086C800003D4086C40F0005008648E
S3150000B6B004EB89064FF0000A47EAC211F56907EB69
S3150000B6C0021701224FEA891925F01F05009102FA97
S3150000B6D007F7002DC8D0F56925F01F052A465AB18F
S3150000B6E05168090602D4516808046DD551680906E7
S3150000B6F0BAD452681204B7D5002DB5D069680806C9
S3150000B700E7D4039949B9A968A88B21F47F61C0F3EE
S3150000B7100B0021F00F01014303916868E969C0F34A
S3150000B7200E40C1F31231091A04980144F06C0491D9
S3150000B730F16981424CD1C6F81CA00122C6F84CA082
S3150000B740216949448A60C1F80CA06968090403D4D8
S3150000B750F16931F01F020CD1019303A9009B8DF80A
S3150000B76015A08DF814302068FEF7DBFF019BCDE9AC
S3150000B77003AAA169C5F804A0296094F87C10A56104
S3150000B780013184F87C10F16931F01F013FF46CAF90
S3150000B79048680D460206AFD56268C2F8B071D2F8A5
S3150000B7A0B8010742A8D1D2F8B0010742FBD1D2F8BE
S3150000B7B0B80117EA000E9FD1206948448160C0F89D
S3150000B7C00CE0C2F8B07197E7126822F01F0286E714
S3150000B7D00968F161B9E770B51346066900220446A7
S3150000B7E00D46826116B111464069B0472946206868
S3150000B7F0BDE8704003F0EDB92DE9F3410F4616465A
S3150000B8001D46BDF82080044648B301A9006803F030
S3150000B810C3F930BB0A9B019A23610B9BD069636114
S3150000B820099BC2E90138104BC2E90434077046701F
S3150000B830A36845809B6CE1689B78A0F806808380AE
S3150000B840206803F045F938B10199206803F0C1F981
S3150000B850012002B0BDE8F081019BA361F9E7032056
S3150000B860F7E70220F5E700BF6DB8000070B5134694
S3150000B8700669002204460D4682611EB1CA68406907
S3150000B8804968B04729462068BDE8704003F0A1B971
S3150000B890F7B506461C200F46F5F7BCFF0446A0B1D7
S3150000B8A0002501AA082146608560304603F0A9F903
S3150000B8B0019B01AA09212360304603F0A2F9019BEE
S3150000B8C02846E3603C6003B0F0BD0C20FBE70000B7
S3150000B8D0F7B5089F14461E460546002834D08160F9
S3150000B8E0406801F0CBFA002830D144B926B123468E
S3150000B8F0224621463846B047204603B0F0BD01A98E
S3150000B900286803F049F918BB019A40F60131114B3A
S3150000B910C5E90467C2E90435D3691980A968896C49
S3150000B92089785C809980D880E968C2E90100286836
S3150000B93003F0CEF8044610B9019BAB61DCE7019930
S3150000B940286803F046F9D7E70424D5E70446D3E789
S3150000B9500124D1E7D7B7000070B50D460646C8B139
S3150000B960A1B1C96871B1AA6972B1286803F003F977
S3150000B9700446A968304601F0BDFA2846F5F757FF98
S3150000B980204670BD0C46F4E71446F2E72C4601F05B
S3150000B990B1FAF5E70324F3E71FB5CDE90223002248
S3150000B9A0CBB22121CDE90022FFF726FF05B05DF8D5
S3150000B9B004FB1FB5079C9BB20394069C0093CBB275
S3150000B9C02121CDE901240122FFF716FF04B010BDA5
S3150000B9D01FB5079C9BB20394069C00930B46A121BE
S3150000B9E0CDE901240222FFF707FF04B010BD1FB501
S3150000B9F0CDE90223062301910322A121009300230E
S3150000BA00FFF7FAFE05B05DF804FB70B5066A04465A
S3150000BA100D4613461EB1CA68406A4968B0472946B2
S3150000BA206068BDE8704003F0D4B8406803F0D1B850
S3150000BA3070B51346866A002204460D46C2611EB1E1
S3150000BA40CA68C06A4968B04729466068BDE8704060
S3150000BA5003F0BFB82DE9F3411D46C36904460F46FE
S3150000BA601646BDF8288043BB01A9406803F094F848
S3150000BA70E0B90B9B019AA3620C9BD069E362099B18
S3150000BA80C2E901380E4BC2E90434BDF82030077014
S3150000BA90467045808380A0F806802169606803F0BF
S3150000BAA017F828B10199606803F093F8012001E0C6
S3150000BAB0019BE36102B0BDE8F0810220FAE700BF16
S3150000BAC031BA0000F7B5002506464C200F46F5F7BB
S3150000BAD0A1FE0195044678B320210820FAF736FF27
S3150000BAE0202160630420FAF731FF2021206404201E
S3150000BAF0FAF72CFF2021E0630120FAF727FF01AABD
S3150000BB000821A0633046C4E9026503F07AF8019B78
S3150000BB1001AA09216360304603F073F8019B01AA6C
S3150000BB2007212361304603F06CF8019B284684F810
S3150000BB3032303C6003B0F0BD0C20FBE72DE9F0434A
S3150000BB400E4685B090461F460546002860D0C16067
S3150000BB50806801F093F904468146002852D169694C
S3150000BB6051B10246686803F006F86969686802F030
S3150000BB70A6FF0446C5F8149096F854C000234FF06B
S3150000BB800C0EDAB294450AD8B8F1000F39D1002F5D
S3150000BB9038D04346424641460C98B84732E00EFB41
S3150000BBA003F2B05890F90210827800292EDAC17893
S3150000BBB001F00301032929D1AB68009302F00F03BA
S3150000BBC06A468DF8093083798DF808304379017912
S3150000BBD0686841EA032140F20133ADF80A300023D8
S3150000BBE0C1F30A018DF80C3040F6B833ADF80610F3
S3150000BBF005F11401ADF8043002F058FF04460028A0
S3150000BC00C2D00124204605B0BDE8F0830133B8E771
S3150000BC100324F7E770B50C46064680B359B3496965
S3150000BC2039B30022606802F0A6FF6169606802F01D
S3150000BC3046FF002305466361216929B1E2691AB10D
S3150000BC40606802F098FF0546E168304601F052F957
S3150000BC50606BFAF79CFE206CFAF799FEE06BFAF738
S3150000BC6096FEA06BFAF793FE2046F5F7E0FD284610
S3150000BC7070BD0D46E0E7254601F03CF9F7E70325E0
S3150000BC80F5E70000F7B50E4615461F460446C0B157
S3150000BC9001A9406802F080FF88B9089B019A636297
S3150000BCA0094B276261696068C2E90165C2E904342B
S3150000BCB002F03CFF30B10199606802F08AFF012072
S3150000BCC000E0032003B0F0BD0BBA000037B50D4607
S3150000BCD00446F0B101A9406802F05EFFD8B9019AA6
S3150000BCE040F223310D4BC2E90434D369C2E90100A5
S3150000BCF019800421D8805980606821699D8002F0EE
S3150000BD00E7FE20B10199606802F063FF012003B0ED
S3150000BD1030BD0320FBE70220F9E700BF2BBA000085
S3150000BD2010B586B0089CCDE903340023CDE9011295
S3150000BD300622A0210093FFF78DFE06B010BD7FB549
S3150000BD40CDE9032300230122CDE9013300930B46FD
S3150000BD502021FFF77FFE07B05DF804FB10B586B023
S3150000BD60089CCDE903340023CDE901121A46A0212F
S3150000BD700093FFF76FFE06B010BD10B586B0089CA5
S3150000BD8000912321CDE903340023CDE90133134685
S3150000BD900322FFF75FFE06B010BD10B586B0089C03
S3150000BDA000912321CDE903340023CDE90133134665
S3150000BDB00122FFF74FFE06B010BD10B586B0099CF4
S3150000BDC00494089CCDE902340023CDE900121A46FA
S3150000BDD0A321FFF73FFE06B010BD000013B50446D1
S3150000BDE078B190F8483063B990F84520064BD208F0
S3150000BDF00090816B0132FFF745FF10B9032384F8E9
S3150000BE00483002B010BD00BFB1C100002DE9F043BB
S3150000BE1090F8471085B0D0F81890044601F1005804
S3150000BE2008F1FF3809EBC80559F838202B79002AA4
S3150000BE3040F09180023B0392082B4CD8DFE803F0D8
S3150000BE4005156E474E54566E700003232B7120461F
S3150000BE50794B226C009304230194FFF7AEFF002870
S3150000BE6039D1022384F848301EE0036C1B68DE03D8
S3150000BE7008D5042310222B716F4B00902046FFF744
S3150000BE808CFFECE7D80712D50623042220462B7137
S3150000BE90694B0094FFF771FFE8B9022384F8483034
S3150000BEA06B790BB1013B6B7105B0BDE8F083DA022B
S3150000BEB009D49F0309D41E030DD5132202232B7127
S3150000BEC05D4B0094DAE71422F8E71122F6E7036CDB
S3150000BED01B68D807D8D402232B7134E007232B71B3
S3150000BEE02046FFF77BFFDFE70823AFE7036C1B68FD
S3150000BEF0DA02F0D56A7972B90A225F052A7105D588
S3150000BF000223AB714C4B14220094B7E713F4007371
S3150000BF1018BF0123F5E709232B71F3E7052395E7FE
S3150000BF2003AA0121806802F06CFE94F83230A979E8
S3150000BF3001339DF80C206068DBB20195009394F8FC
S3150000BF40473000F06DFE00233C4A84F847305360CA
S3150000BF5001236B71C4E70A3B4768062B12D8DFE85A
S3150000BF6003F004194042545604000B232B71324B44
S3150000BF70226C0093042301942046FFF71EFF00283D
S3150000BF803FF46FAF0A232D4A2B710023536084F8C8
S3150000BF904730A5E7226C0C2013682871DE0306D50E
S3150000BFA0254B102200942046FFF7F7FEE7E798039B
S3150000BFB003D5214B11220094F5E75B030AD51E4BEE
S3150000BFC0122220460094FFF7E8FE0028DAD10E235D
S3150000BFD02B7146E70D232B71174B01940093042315
S3150000BFE0CAE70D23C2E7236C1E6816F00106C9D105
S3150000BFF00223114638462B7100F0E9FE0F4B49F833
S3150000C00038605E6084F847606AE70F23AEE7226C0B
S3150000C0107B681668D7F8DC0216F0040605D01022F5
S3150000C02000212A7107229847ACE70A2231462A7175
S3150000C0309847C7F8DC62A5E741C00000F0C10020C0
S3150000C0407FB590F849200446012A2CD04BB1002335
S3150000C050554A80F84830536080F84730FFF7BEFEF7
S3150000C06021E090F84820012A40F0968080F8483078
S3150000C070039390F84430023B052B00F28B80DFE8F7
S3150000C08003F0031489306A4E0323072280F84430F4
S3150000C090464B0090616B2046FFF742FE002879D19F
S3150000C0A0012384F8483004B070BD456B03AA0C2107
S3150000C0B0806802F0A6FDEB78BDF80C20C3F34113AF
S3150000C0C00133DB00039313442386AB78072B84F8F4
S3150000C0D04530E8D805230822009484F84430334BD1
S3150000C0E0D8E785694DB990F84500C000F5F792FB91
S3150000C0F0A06100284ED084F8465094F8461094F873
S3150000C1004520914210D20131284B08222046C9B25F
S3150000C110009484F84610FFF730FE0028C0D00023B4
S3150000C120204684F8443099E700234FF48175194678
S3150000C130184684F8473003939A4203D80029EED074
S3150000C1400392ECE7A16901EBC30641F83300013322
S3150000C1500121B580F0E7C26BD178937843EA0123D9
S3150000C1600021DA07039380F844100DD503460F4AE1
S3150000C1702046FFF7E4FD0028D1D1012384F848309A
S3150000C180072384F844308EE79B07C8D50346074A41
S3150000C1900121EDE70123F4E7022A84D180F8483033
S3150000C1A0FFF734FE7FE700BFF0C1002041C000006A
S3150000C1B02DE9F34190F849200446012A3DD000229A
S3150000C1C080F848205BB1C369002B36D1274A80F836
S3150000C1D04730536002B0BDE8F041FFF7FFBD1D4692
S3150000C1E0224E0627DFF88880A36BC5F3C401EAB2A6
S3150000C1F0595C05F00703D940CB0714D57368FAB923
S3150000C20023B19C420FD194F8473063B943460422C8
S3150000C210E16B204684F844700094FFF79FFD48B117
S3150000C220002384F84430013594F84520EBB29A4255
S3150000C230DAD20FE0012384F8483002B0BDE8F0817D
S3150000C24033B19C42EFD194F847300BB19342EAD117
S3150000C250E3690BB12046BDE72046746084F84720A9
S3150000C26002B0BDE8F041FFF7D1BD00BFF0C100202C
S3150000C27041C00000DBB22DE9F043022B85B04FF040
S3150000C28000040D461746CDE9024400F08780032BD3
S3150000C2902AD0012B24D0204605B0BDE8F08309FB47
S3150000C2A00676B36C5A79092A10D19C7974B903AA17
S3150000C2B00721284602F0A5FC039B052B06D8684BF0
S3150000C2C01D60684B1E60684B1F60E4E708F10108BB
S3150000C2D097F8C2315FFA88F6B342E0D80824DAE765
S3150000C2E0A0464FF05809F3E75D4F3A680AB90024B3
S3150000C2F0D1E75C4E3368002BF9D003AA0721284604
S3150000C30002F07FFC03995948FEF746F803AA01217B
S3150000C3102846574D02F075FC03995648FEF73CF83F
S3150000C320EC6834B905F11000E860F5F79BFA00B146
S3150000C330EC60386802A9FFF7C5FB0446E868029F6F
S3150000C34018B14FF0FF31F5F7A7FAAB68E8683B6024
S3150000C350AF6008B1F5F7C0FA4FF44073A7F84A305A
S3150000C360414B1B68D3F8B831DB799B0644BF0123E8
S3150000C37087F84A30002C8ED10223012522460298E6
S3150000C38087F8443087F848503B4B00973168FFF7F1
S3150000C390D5FB0028ABD087F844507CE7344FF868CB
S3150000C3A018B14FF0FF31F5F777FABB689A681C6849
S3150000C3B0AA4240D1BC601C46F86808B1F5F78CFA71
S3150000C3C05CB37B6803AA0721A068A3424FF000066E
S3150000C3D008BF0023B14608BF7B6002F012FC039938
S3150000C3E02648FDF7D9FF03AA0121284602F009FCD9
S3150000C3F003992048FDF7D0FF012384F8493094F8CB
S3150000C40045305FFA86F8A06943451CD808B1F5F7B0
S3150000C4100EFA21462846FFF7FDFBBC68002C7FF488
S3150000C42066AFF86800283FF462AFF5F76DFAFC6076
S3150000C43031E723461446002CBED0A1682268A942E3
S3150000C440F7D11A60B8E740B150F8381029B16068E2
S3150000C45000F0BDFCA36943F838900136CFE700BF72
S3150000C460ECC1002004C20020E8C100207C39020093
S3150000C470F0C100209339020041C00000A03902003B
S3150000C480002373B501930E46134B15469C6814B9E9
S3150000C490012002B070BD01AA0121A06802F0B1FB23
S3150000C4A0019B9E4201D02468F1E705F10053A16982
S3150000C4B00022013B41F8332001EBC3000123037145
S3150000C4C094F84730AB4201D184F8472029462046EC
S3150000C4D0FFF7FCFBDCE700BFF0C10020002337B507
S3150000C4E0CDE90033104B0D469C6814B9204603B0C5
S3150000C4F030BD6A460121A06802F083FB009B9D4285
S3150000C50004D02468F1E701950198F0E76A46042112
S3150000C510A06802F076FB009B022BF4D001AA05214D
S3150000C520A06802F06EFBEFE7F0C10020002373B5B0
S3150000C530CDE90033114B0E4615469C6814B92046CA
S3150000C54002B070BD6A460121A06802F05AFB009B4A
S3150000C5509E4204D02468F1E701950198F0E76A4607
S3150000C5600421A06802F04DFB009B022BF4D001AA27
S3150000C5700521A06802F045FBEFE700BFF0C10020EF
S3150000C580002337B501930D46084B9C6814B9204625
S3150000C59003B030BD01AA0121A06802F032FB019B65
S3150000C5A09D4201D02468F1E7208EF1E7F0C100201A
S3150000C5B090B189B1D0F8D8229142136805D1C0F85C
S3150000C5C0D832002070471A460346002BF9D08B421A
S3150000C5D01868F8D11060F4E70320704707B58DF8A6
S3150000C5E0071050B1D0F8D4320DF1070202210068CD
S3150000C5F09B69984703B05DF804FB0320FAE738B55A
S3150000C6000C4605464FF0FF318068F5F745F9611E87
S3150000C610012305EBD10201F007018B4092F8E912E4
S3150000C62021EA030182F8E912A868BDE83840F5F767
S3150000C63053B92DE9F041804642EA034546680C4667
S3150000C64001B3002391F8CA1104F1500C4FF0580EB3
S3150000C6501A461F46D8B281421AD886B3012A00D09C
S3150000C66009BB2A4604F108012046B04706461FB317
S3150000C6702B4604F1080221464046FFF7FBFDA6B90A
S3150000C680002003E02A460846B0470320BDE8F081B3
S3150000C6900EFB03F001335CF800004079092814BF53
S3150000C6A001220127D6E70126E1E70028E8D0012D7F
S3150000C6B00CBF08200120E9E7002EF8D1E0E7002FA3
S3150000C6C0F5D03E46D4E7000030B590F8E45185B089
S3150000C6D00446082D61D06946406802F05DFA0028DC
S3150000C6E067D10099023D344BC1E90434CB69187017
S3150000C6F09880D8805880052D26D8DFE805F0031EDF
S3150000C700032735421222ADF80C2094F8E421022AC0
S3150000C71004BF0822ADF80C20D4F8CC2102920122E5
S3150000C720ADF80420002220468DF806204FF4D06292
S3150000C7301A8001AA02F01DF906E0052220465A7069
S3150000C74004F5F47202F00EF905B030BDD4F8D82124
S3150000C750029202228DF8042094F8E3218DF8052038
S3150000C7600922ADF80C20DDE7D4F8D421029202228A
S3150000C7708DF8042094F8E3218DF80520B4F8DC2127
S3150000C780EFE7D4F8C021204652795A8009225A7020
S3150000C79000231A4602F0D2F8D6E701460023032208
S3150000C7A04068FFF746FF0028CED1092384F8E4311C
S3150000C7B0CAE70120C8E700BFBDC700002DE9F04168
S3150000C7C0154604464068CF6802F003FA7DB9012396
S3150000C7D0254E84F8E63194F8E431013B06EBC302BA
S3150000C7E052685ABB16F8333084F8E43107E00A2D54
S3150000C7F012D194F8E6318BB1013B84F8E63120463C
S3150000C800FFF762FF70B301252B46214660680522BB
S3150000C810BDE8F041FFF70DBF0E2DF5D00B2594F8BE
S3150000C820E531002BF0D0013B84F8E531012384F893
S3150000C830E631002384F8E3310223D5E73946204662
S3150000C8409047054618B994F8E431013BCAE7092830
S3150000C85006D194F8E43106EBC30616F8073CC3E7A5
S3150000C8600828DCD1BDE8F081B83902002DE9F84F7F
S3150000C870D0F8D0210446436890F8E4010238042831
S3150000C88014D8DFE800F003151E234E00082903D054
S3150000C89001252846BDE8F88FD4F8CC11C9799181D5
S3150000C8A0D3F8D4128C6905211868A0470025F0E753
S3150000C8B094F8E81184F8E911D3F8D4128C690421AC
S3150000C8C0F2E7B1F1120518BF0125E2E70929DFD128
S3150000C8D0D4F8D821D4F8D401D178937843EA012347
S3150000C8E0A4F8DC3120B1FAF752F80023C4F8D431A9
S3150000C8F0B4F8DC01A0F10903B3F59C5FC8D2830745
S3150000C9001BBF20F00300202120210430FAF71EF877
S3150000C910C4F8D401D4F8D431002B14BF00250C255B
S3150000C920B7E7B4F8DC318B42B2D1D4F8D4311B7AF4
S3150000C930FA2BADD894F8E33104F2CB12002101337F
S3150000C94084F8E331E31D03F8011F9A42FBD1D4F8C2
S3150000C950D431B4F8DC21581CA4F8DE111A44A4F82A
S3150000C960E01184F8E211824292D91D78092D8FD107
S3150000C970587802288CD1C4F8C0310933A4F8C811FC
S3150000C980C4F8C41184F8CA119A4206D80021582660
S3150000C9904FF00C0E4FF0000C67E0591C8A42F5D997
S3150000C9A059780429F2D0D4F8C40108B9C4F8C431BE
S3150000C9B000293FF46DAF197800293FF469AFB4F848
S3150000C9C0C8010B440844A4F8C801DDE7581C82429C
S3150000C9D07FF65EAF587804287FF45AAF03F109005A
S3150000C9E08242FFF455AFD878002840F0928094F840
S3150000C9F0CA91B9F1040F3FF64BAF19FB06F809F1DE
S3150000CA00010708F1080184F8CA71A04406FB09472A
S3150000CA10214488F85B0088F85C003B65A8F858005C
S3150000CA207865987888F85A00187800283FF430AF6F
S3150000CA3003449A421CD806FB09F904EB090ADAF802
S3150000CA405000007988B15F1CBA427FF621AF5F784B
S3150000CA50052F7FF41DAF06283FF61AAFDAF850709F
S3150000CA6098F85C003F7987421CD89A42AED867E0B6
S3150000CA70581C8242DFD993F801A0AAF104000128CC
S3150000CA80D9D9786D00B97B65BAF1000F3FF400AFD4
S3150000CA90187800283FF4FCAEB8F858A08244A8F8ED
S3150000CAA058A0C5E75F1CBA427FF6F2AE5F78052F45
S3150000CAB07FF4EEAE0EFB00901F7820448360A0F852
S3150000CAC010C0C0F80CC0002F3FF4E2AE3B449A42BF
S3150000CAD005D898F85C00013088F85C00BEE75F1C5A
S3150000CAE0BA42F6D993F801B0ABF10407012FF0D999
S3150000CAF0C76807B9C360BBF1000F3FF4C9AE1F7822
S3150000CB00002F3FF4C5AEB0F810B0BB44A0F810B08B
S3150000CB10DCE700293FF4BCAE91F85300013081F800
S3150000CB205300C86C00B9CB64187800283FF4B0AE47
S3150000CB30B1F85070034407449A42A1F8507012D8D5
S3150000CB40184804F5EF7394F8CA110126001BC218A1
S3150000CB50914213D80023012221466068FFF769FD40
S3150000CB6078B9054695E6581C82427FF67EAF58781E
S3150000CB7004283FF47AAF0028D6D189E603F8016B82
S3150000CB80E5E7D4F8CC3194F8E3215B7C9A42FFF4D4
S3150000CB9080AE00230422214660680825FFF749FD80
S3150000CBA077E600BF22FEFFFFD0F8DC328B4208BFDB
S3150000CBB0002370B50C4608BFC0F8DC3291F8E911C5
S3150000CBC0054619B12846FFF71AFD03E094F8E81167
S3150000CBD00029F7D1D4F8D01159B10022284601F026
S3150000CBE0CAFFD4F8D011284601F069FF0023C4F823
S3150000CBF0D031D4F8D40108B1F9F7C9FE94F8EF6141
S3150000CC00D4F8CC01F9F7C3FE2046F4F710FE012E46
S3150000CC1005D128460321BDE87040FFF7DFBC70BD93
S3150000CC202DE9F04F85B0894690469B469DF838A081
S3150000CC3005460F9F002800F0C180D0F8D8626EB973
S3150000CC404FF4F870F4F7E6FD0446C0B931460C23FC
S3150000CC50052228460C26FFF7ECFC0AE096F8EB3195
S3150000CC6043450AD196F8EC315B4506D100230226EE
S3150000CC703B60304605B0BDE8F08F3668DFE701233C
S3150000CC8003224560202180F8E63180F8EA3180F8F9
S3150000CC90E79180F8E52180F8E9611B20F9F756FE57
S3150000CCA00346C4F8CC0128B9F9F771FE2046F4F71B
S3150000CCB0BEFDCBE71233B9F1020F84F8EB81C4F85D
S3150000CCC0D83184F8ECB184F8EFA131D0BAF1010F74
S3150000CCD02ED941462846FFF701FC5A4684F8ED0155
S3150000CCE041462846FFF722FC84F8EE014FF0FF315B
S3150000CCF0A868F4F7D1FD05F2E922002312F8011B1A
S3150000CD00DEB2FF2919D10133082BF7D1A868F4F751
S3150000CD10E3FDD4F8CC010126F9F739FE2046F4F7F5
S3150000CD2086FD0123052200212846FFF782FCA0E7A5
S3150000CD3084F8ED8184F8EEB1D8E7002221FA02F8F2
S3150000CD40D0B218F0010826D14FF001092B4409FA98
S3150000CD5002F20A4383F8E92200EBC6034B4484F847
S3150000CD60E831D5F8D8322360C5F8D84284F8E49182
S3150000CD70A868F4F7B1FD124B6A4604F5E871284637
S3150000CD8000948DF80C80CDE9013801F08FFE06463F
S3150000CD9028B13C60BDE70132082ACFD1B6E70223AD
S3150000CDA0204684F8E431FFF78FFC28B14B46052274
S3150000CDB021462846FFF73DFC3C605AE7032658E724
S3150000CDC0B80B0800022380F8E431FFF77DBC70B58C
S3150000CDD00C460546E8B1E1B1002691F8E42181F858
S3150000CDE0EA617AB1082A0FD8D1F8D01111B13246CA
S3150000CDF001F0C1FE21462846FFF7DAFB2846FFF779
S3150000CE00D3FE0022104670BD33460222FFF711FC06
S3150000CE10F7E70322F6E7F8B50E4617460546D8B1FA
S3150000CE204FF0FF318068F4F737FDD5F8D8424CB99A
S3150000CE30A868F4F751FD8CB121462846BDE8F840B4
S3150000CE40FFF7C5BF94F8EB31B34203D194F8EC3148
S3150000CE50BB42EDD02468EAE70320F8BD2046FCE794
S3150000CE6041B1D0F8D8323BB18B4201D10020704796
S3150000CE701B68F8E70420704701207047F8B50F4695
S3150000CE80044670B369B346684FF0FF31B068F4F7F3
S3150000CE9003FD174B93F8F952012D24D19E4222D15E
S3150000CEA021463046FFF7DCFF0346B06823B994F805
S3150000CEB0CA5104F1080204E0F4F70EFD2846F8BD55
S3150000CEC05832D9B28D4208D99742194603F1010367
S3150000CED0F6D10C44022384F8DE310025F4F7FCFC7D
S3150000CEE0ECE70325EAE7B0680125F4F7F5FCE5E78A
S3150000CEF010C200202DE9F04188460446002850D093
S3150000CF0047684FF0FF312A4EB868F4F7C5FC96F82B
S3150000CF10F952012D47D1B74245D121463046FFF798
S3150000CF209FFF28B1B868F4F7D7FC2846BDE8F08122
S3150000CF30B8F1000F0FD094F8CA1104F10803C2B279
S3150000CF40914208D99845024600F1010012D1A31872
S3150000CF50032283F8DE2194F8EA31F3B994F8CA0182
S3150000CF6004F5EF72D9B2884206D821461048FFF779
S3150000CF701FFB07E05833E2E712F8011B01330229D1
S3150000CF80F0D10025B068F4F7A7FC012DCDD12146DC
S3150000CF906068FFF709FE0025C7E7B068F4F79CFC58
S3150000CFA0F9E70325C1E7B8680125F4F795FCBCE766
S3150000CFB010C200202DE9F843054680B379B34B68CB
S3150000CFC083422ED1FFF74CFF064660BB91F8E43151
S3150000CFD091F8EB8191F8EC9191F8EF7181F8EA0103
S3150000CFE023B1082B28460ED8FFF7F1FE012F10D1EA
S3150000CFF039462846FFF7F2FA02212846FFF7EEFAED
S3150000D0003046BDE8F883FFF7D3FA2846FFF7CCFD94
S3150000D010ECE74A4641462846FFF732FAF0E7032690
S3150000D020EEE70426ECE70026EAE7000010B54DF629
S3150000D030C024012904FB03F34FF00604B3FBF4F309
S3150000D0404FF47A7403F65F43B3FBF4F319D1022865
S3150000D0500DD140F62300584300F51B2000F23C702A
S3150000D060174B98422AD91749B0FBF1F010BD28BBDF
S3150000D0701548012A00FB03F30CBF14481448184452
S3150000D080EEE7022807D140F62300584300F560205A
S3150000D09000F6D410E4E730B90B48584300F50B000E
S3150000D0A000F57970DCE7012808D1012A07BF094994
S3150000D0B009480549064801FB0300D1E70120D5E7E9
S3150000D0C03F420F0040420F00544601004CF46E00F0
S3150000D0D054A65F003E530A009CB1DB03836AD3F873
S3150000D0E0442111041AD4D3F84421D3F8401102F490
S3150000D0F0004201F020010A43B2F5004FF3D0202A86
S3150000D100F1D0C26AC3F85821D3F8402142F0200278
S3150000D110C3F84021D3F844211204FBD57047836A33
S3150000D120D3F8442152041ED4D3F84421D3F8401135
S3150000D13002F4804201F010010A43B2F5804FF3D0A9
S3150000D140102AF1D08268C3F85421D3F84021D106C1
S3150000D15005D4D3F8402142F01002C3F84021D3F899
S3150000D16044215204FBD57047F8B500231546044602
S3150000D1700E4613600A46AA421BD16F894FF0FF3153
S3150000D180E06BC7F30E071F44F4F786FB94F865308F
S3150000D190ABB92661656194F86530AE4203F10103CF
S3150000D1A0DBB284F865300DD1E06BF4F795FB3846B9
S3150000D1B0F8BD51891268C1F30E010B44DBE76369C0
S3150000D1C01E60E7E73668E6E72DE9F043002385B001
S3150000D1D006460C46C06B4FF0FF31CDE90033CDE972
S3150000D1E00233F4F759FBF5681DB12B6823F01F03D2
S3150000D1F0F360F06BF4F770FB002D5ED005F1400292
S3150000D2002B460021A56143F8041B9342FBD1012361
S3150000D21001AA042160682B606B612C63C5E90333A6
S3150000D2203223EB6301F0EDFC227D019E032A42D0FE
S3150000D23067890F2F94BF3F074FF070472AB9022E18
S3150000D24018BF47F0006747F48047A37C01216A4670
S3150000D25060684FEA0328B4F80C90360301F0D1FC5D
S3150000D260009B4FEA094901993343022943EA09031E
S3150000D27043EA080343EA07036B6020D1637D03AAF0
S3150000D28060689E0701F0BDFC02AA0321606801F0F8
S3150000D290B8FC039B0020029A1B0443EAC25394F88D
S3150000D2A02720134394F8282043EA02233343AB6034
S3150000D2B005B0BDE8F0830027C7E70120F8E703AA19
S3150000D2C0052160684FF0804601F09BFC02AA06210A
S3150000D2D0606801F096FCDCE7D0F84431D0F84021D4
S3150000D2E003F4004302F020021343B3F5004FF3D0DA
S3150000D2F0202BF1D0D0F8403123F02003C0F8403184
S3150000D300D0F844311B04FBD4704770B58D690646CE
S3150000D3100C46C06B4FF0FF31F4F7BEFAEB682A6992
S3150000D320D20701D5DB0715D42B6813F001031BD1F7
S3150000D330227D032A03D0B06AFFF7CEFF0123012224
S3150000D340EA602A61AA6922F0FF02AA6113B1304697
S3150000D350FFF7C4FE00236C6BF06BAB636B63F4F7F3
S3150000D360BBFA1CB9204670BD0023E8E7D4E90912D0
S3150000D37030462568FFF7F8FEA36821460E2298423C
S3150000D38094BF181A00202369E06060692C4698470C
S3150000D390E7E7D0F84431D0F8402103F4804302F0A7
S3150000D3A010021343B3F5804FF3D0102BF1D0D0F811
S3150000D3B0403123F01003C0F84031D0F844315B040B
S3150000D3C0FBD47047F7B515460E460023023A05F121
S3150000D3D00E01019322F8023F9142FBD104680CB979
S3150000D3E003B0F0BD237D03F0FD03012B20D101AA7C
S3150000D3F004216068E78901F004FC019B022BE38BA2
S3150000D40023D1B34214D8082F94F8260019D9F31A59
S3150000D410B0EBC30F4FEAC30213D8121A013F3A42C8
S3150000D42006D100B2228C35F81030134425F810309E
S3150000D4302468D4E735F81030228C134425F81030D0
S3150000D440384480B20728F5D9F2E79E42F0D3F31AA2
S3150000D450013F3B40ECD194F82720DA40D10741BF89
S3150000D46035F81320618C521825F8132094F82820DB
S3150000D470DA40D20741BF35F81320A18C521825F89F
S3150000D48013200133082BE6D1D2E72DE9F74F0746E3
S3150000D490866B4FF0010B16B903B0BDE8F08F337DF4
S3150000D4A013B1023B012B04D8B5694FF0000A6C6B2F
S3150000D4B00CB93668EFE72368A26A009348F2800346
S3150000D4C0D2F80890D5F8188009EA0303B3F5004F9F
S3150000D4D042D109F07E03616A38460193FFF744FEA4
S3150000D4E0A268019B904294BF101A00202268E06057
S3150000D4F06A633222A5F83EA0AA877BB118F0800F96
S3150000D50003D1AB6923F0FF03AB6119F03E0FD4E9F9
S3150000D510043014BF0B220A2221460EE0337D43B9A4
S3150000D520E0690388B3F5817F03D183780BB9BB6BC0
S3150000D5302BB9236900222146606998471DE0D97CF2
S3150000D5409A7C42EAC11201798A4203D1596872680B
S3150000D55091423CD01B68EBE718F0800FA9D118F078
S3150000D5607E0FA6D0D5F81880EB6813F0010900D11C
S3150000D5702BB9AB6923F0FF03AB61009C98E7996870
S3150000D580090402D41B68002BF9D1C5F810B0C5F800
S3150000D5900CB0A96921F0FF01A9610BB11B682B61D1
S3150000D5A0616A3846FFF7E0FDA368984298BFA3EB8F
S3150000D5B00009236818F03E0FC4F80C906B634FF017
S3150000D5C03203A5F83EA0AB87D4E90430A1E71A7D63
S3150000D5D0023A012AADD89A69936923F00043936110
S3150000D5E0A7E700002DE9F0438C4B89B0871E8146E2
S3150000D5F00093A3F58043012F88461646019300F257
S3150000D6000981002568201560F4F704F9044600280E
S3150000D61000F002810323C0F8008080F860904FEA92
S3150000D620870880F8613008AB80F8665003EB870303
S3150000D63053F8203C8362484602F08AFCDFF8F4C1C6
S3150000D64002ABA065B9F1010F9CE807000DF1200CB3
S3150000D65083E807000CE907001CD80023E3650222D3
S3150000D660A36AC3F84021D3F840219007FBD4D3F82E
S3150000D670A82142F00302C3F8A821D3F8083194F890
S3150000D6806030012B1DD82046F4F7D1F8012009B0EF
S3150000D690BDE8F0831A46FFB22B46294652F8040B22
S3150000D6A028B108AD05EB8305013345F80C0C0131B3
S3150000D6B00329F3D19F42D0D808AB984458F80C3CC4
S3150000D6C0CCE7574B1A78002A58D101221A70554BCD
S3150000D6D0A360554B03F54072184603F5007103F13C
S3150000D6E040056360E3602161226340F8805BC4E922
S3150000D6F00622C4E90822186403F1C000C3F88000BA
S3150000D70003F58070C3F8C00003F5A070C3F80001EC
S3150000D71003F5C070C3F8400103F5E07003F5087324
S3150000D72043F8A00C002043F8600C0120013043F8B8
S3150000D730203C20330828F9D10B46002184F86500E7
S3150000D74043F8E01F626301226361384B013243F8FC
S3150000D7502C3C2C33102AF9D104F14000E063F4F795
S3150000D76081F800288FD104F1480001216064F4F7A4
S3150000D770DFF838B1E06BF4F7C7F884E7A368002B4D
S3150000D780A7D180E7E3681A6843F00201E36222F05A
S3150000D7901F02E2605A68196042F400425A60012290
S3150000D7A0C3E903225A61A368191F03F6FC7341F803
S3150000D7B0042F8B42FBD1A36AD3F80421D10607D5E7
S3150000D7C0D3F8842122F02A0242F48052C3F884213D
S3150000D7D0D3F80821920703D5D3F84021C3F8402196
S3150000D7E0D3F84021002022F47F02C3F84021D3F869
S3150000D7F0402142F00102C3F840210D4AC3F88020BF
S3150000D800D3F8482142F0807242F03702C3F848212B
S3150000D81034603CE706203AE70C2038E70000434036
S3150000D8200CC2002000300020002000202C23002005
S3150000D8309F860100501402000023826A816810B599
S3150000D840C2F848310446C2F84031084AC06B9142DA
S3150000D85004BF074A1370F4F757F8606CF4F7E8F85A
S3150000D8602046F3F7E4FF002010BD00BF0030002083
S3150000D8700CC200202DE9F04F95B082460023C06B04
S3150000D88007914FF0FF3115460993F4F705F8DAF8DA
S3150000D890344014B12368CAF83430DAF83C00F4F79F
S3150000D8A01BF8002C00F0AF8204F12C022346002165
S3150000D8B043F8041B9342FBD12868042109AA60603F
S3150000D8C06B7AA374AB7AE3742B7AE381EB88A3813A
S3150000D8D0EB7A23752B7B0133DBB2032B88BF032343
S3150000D8E06375AB88638100236374A36101F089F9D2
S3150000D8F0267D0999012E2AD0032E2DD10229E289EF
S3150000D9002DD1013A012303FA02F2E281E389022EC4
S3150000D910A38302D0032E63D02EB921465046FFF7CB
S3150000D92053FC002841D001254FF0FF31DAF83C00C6
S3150000D930F3F7B2FFDAF83430DAF83C002360CAF8BD
S3150000D9403440F3F7C9FF284615B0BDE8F08FE389E8
S3150000D950013B06FA03F3E381022910D1D6E7D3B2DD
S3150000D960012B0BD913F0F00F0DD0100615D4590664
S3150000D97015D413F0200F14BF20231023E381E3896D
S3150000D980DB009BB2C3E71A070BD45F070BD413F077
S3150000D990020F14BF02230123F0E78023EEE74023A2
S3150000D9A0ECE70823EAE70423E8E7DAF82C20A36982
S3150000D9B01168196043F0020313604FF0FF31DAF883
S3150000D9C03C00F3F769FFDAF83830DAF83C00002556
S3150000D9D02360CAF83840F3F77FFF079B1C60B2E765
S3150000D9E09AF8628000256068B8F1020F40F0A581C0
S3150000D9F00AAA0421CDE90A55CDE90C55CDE90E5503
S3150000DA0001F0FFF8DDF82890627D3146A3895FFAC0
S3150000DA1089F05343E27CFFF709FBB9F1020F074691
S3150000DA2077D10AF1380010AA2946B4F81CB0019043
S3150000DA30CDE91055CDE91255FFF7C4FC2A46BBB215
S3150000DA4001980093B64B1FFA85F8D84537D30F25B2
S3150000DA506AE7C6F3CF09914506D010AA4946019058
S3150000DA60FFF7B0FCAE4B019806F0070114AA02EBD3
S3150000DA704102595C32F810CC009A62448A4200F3A3
S3150000DA80C4815E444A46B6B2B6F5005FE1D3A28BC6
S3150000DA904FEAD80805F00705072AA4F81E8084F87F
S3150000DAA026500ED80023012101FA05F01544EDB2E7
S3150000DAB00343072DDBB2F7D984F8273006E0464644
S3150000DAC0E2E7012303FA05F584F827502784214667
S3150000DAD05046FFF779FB00287FF425AFE18B4FF026
S3150000DAE0010CB1F5806FBFF468AFDAF80820A369BE
S3150000DAF0A08B02EB810242B11668F50740F17281F4
S3150000DB00C3F800C043F002031360073001EBD001F5
S3150000DB10E7E70AAA0C21606801F073F80A9848231F
S3150000DB200BAAC0EBC0000521B0FBF3F0C319606877
S3150000DB30049301F066F8E389E27C0593A38942BB6E
S3150000DB4031464046FFF772FA013001231FFA80F989
S3150000DB500093734B0226012502930CAB0393B71E69
S3150000DB604FF00008BFB21FFA88F30193019A059B94
S3150000DB70934200F2B480002D40F0B780039B01363B
S3150000DB800233072E0393029B03F101030293E6D1AE
S3150000DB905DE70122314640464FF00109FFF746FA9C
S3150000DBA0013083B20093D4E70B9BDAF83850069322
S3150000DBB000231093CDE90C33CDE90E335DBB5948F4
S3150000DBC00CAA072532F8023B10F8011B8B4206D936
S3150000DBD0B2F800C022F8021C63445B1A1380013DB0
S3150000DBE015F0FF05EED1731E711CDBB28B4254D9C2
S3150000DBF00CAA59460AF13800FFF7E4FB039B029A88
S3150000DC001B8811784B448B4200F30281334606F1A0
S3150000DC10020C0CAA5AE02B7D03F0FD03012B08D160
S3150000DC2010AA0521686800F0ECFF109B069A9A423C
S3150000DC3001D02D68C2E710AA0421686800F0E1FF50
S3150000DC40109B022BF5D0EB8B9B45F2D3EA89ABEB0D
S3150000DC500303013A1A42ECD195F826100CAB2A8C34
S3150000DC60013133F811000244287D92B2012823F8CD
S3150000DC701120DED095F82620288C023233F81210B7
S3150000DC80014423F8121095F82620288C033233F825
S3150000DC901210014423F81210CBE714AA049802EBE1
S3150000DCA0430232F8202C02441E48C05C824200F235
S3150000DCB0AF800133DBB299E732F8130000990844CC
S3150000DCC01749595C0133884200F3A280634501D8A5
S3150000DCD0082BF1D1059B9B441FFA8BFB01E0DDF875
S3150000DCE004B0BBF5806FFFF45FAF019B0122E383B5
S3150000DCF0FBB202FA07F1043784F82630023384F8BF
S3150000DD0027100021DBB284F828109F4201D3082B8C
S3150000DD100AD1049BA4F822902384009BA384D6E610
S3150000DD20F8390200F039020002FA03F094F82810DC
S3150000DD300133014384F82810E7E70CAA0C210C955F
S3150000DD40A846109500F05DFF0C9A48216068C2EB6A
S3150000DD50C203B3FBF1F31344042110AA0C9300F0A1
S3150000DD6050FFA389E27C217D9DF84000FFF75EF914
S3150000DD700C9BB4F80EC01844B4F81CE0A9B28E454A
S3150000DD807FF665AEC9080B46B3F5806F0AD305F07A
S3150000DD900705E18384F8278084F8265084F82880D4
S3150000DDA0208494E6DAF83820002632B90644B6F51F
S3150000DDB0617F30D863449BB2E6E7177D07F0FD0725
S3150000DDC0012F0DD1D78BBB420AD3B2F80E90DF1BC1
S3150000DDD009F1FF3919EA070F02BF178CF619B6B217
S3150000DDE01268E2E726F01F07BB423FF48EAE06F04C
S3150000DDF00605022D05D13D6BAD8B854201D81E600F
S3150000DE0080E63A4677E602259DE501354A461AE65A
S3150000DE1008F10108A7E60135B0E700BF70B50B7D34
S3150000DE2004460D46022B03D0032B4CD0002B30D1D9
S3150000DE30E06AAA69036823F01F0393420AD1A06A25
S3150000DE40FFF74AFAAB691A68E36A1A602046FFF7D9
S3150000DE5045F90CE001460B68DE0708D423F01F03E2
S3150000DE609A4258D0984254D01946002BF3D1AE6945
S3150000DE700123336029462046FFF747FA4FF0FF316A
S3150000DE80E06BF3F709FDE368E06B3360E660F3F7F8
S3150000DE9023FD4FF0FF31E06BF3F7FEFCA36B9D42D1
S3150000DEA02FD12B68A363E06BF3F716FD4FF0FF311C
S3150000DEB0E06BF3F7F1FC636BE06B2B606563F3F7E4
S3150000DEC00BFD002070BDC98BAE69B1F5806F03D321
S3150000DED0336843F00103CCE7A36803EB810343B146
S3150000DEE01A68D00705D422F01F02964206D132687E
S3150000DEF01A60AB8B073301EBD301E6E71346EEE777
S3150000DF001346002BCFD01A68AA42F9D12A681A60A4
S3150000DF10C9E79A42ABD1A06AFFF7DEF9AB691B6885
S3150000DF200B6093E72DE9F74F14460A7D05468946AF
S3150000DF301AB1931E012B00F29E80A368002A40F0BE
S3150000DF409C80002B0CBF4FF002084FF003084FF0E7
S3150000DF50FF31E86BD9F81870F3F79EFC95F8653039
S3150000DF604345C0F09C80A3EB08032E690020DBB27A
S3150000DF70324685F86530B8F101081168106040F046
S3150000DF808B80296103B96B61E86BF3F7A5FC99F8FF
S3150000DF901430A168002B40F090806C4B4FF0010CC0
S3150000DFA06B4AC6E901C3E36903F58050F36010408C
S3150000DFB0306103F500501040706103F5405003F5E1
S3150000DFC0804310401340B061F361002971D032687C
S3150000DFD00B04C2F804C043F0004394F82000002864
S3150000DFE064D143F0800393606368594803F5805C0D
S3150000DFF0D3600CEA000CC2F810C003F5005C0CEA12
S3150000E000000CC2F814C003F5405C03F580430CEA2B
S3150000E010000C0340C2F818C0D361136801225A608D
S3150000E0200022DA60002946D094F82000494A4A497D
S3150000E030002818BF0A469A601A6842F001021A6060
S3150000E040C4E90963002323607B6B002B76D1BC6394
S3150000E0507C634FF0FF31E86BF3F71EFC07F110020B
S3150000E0603B690BB1D9076DD5E86B1660F3F734FC45
S3150000E0702846FFF733F8002015E0C3F30D089B0B85
S3150000E080B8F1000F0CBF984603F10108B8F1010F73
S3150000E09038BF4FF001085AE711600A466BE7E86B94
S3150000E0A0F3F71AFC012003B0BDE8F08F43F4C07308
S3150000E0B099E73246B1E7274ABDE794F820304FF09A
S3150000E0C0010B626899F811E0019302EB010A4FEA2D
S3150000E0D0CE7E33461E4802F5804CC3F804B0D445C4
S3150000E0E0E14628BFD146A9EB02014EEA0148019953
S3150000E0F0D9B948F4486102F5805808EA0008C3E92E
S3150000E1000212C3F8108002F5005802F5405208EAE0
S3150000E11000080240C3F814809A610CEA0002DA6132
S3150000E1201A682AB113464A46D5E748F45861E2E729
S3150000E130012241F400411A60996081E7BB6B1C60C3
S3150000E140BC6386E71A461B688BE700BF800208009F
S3150000E15000F0FFFF8081008080800080FFF7E2BE34
S3150000E1600023F7B5154604460093002800F05681B3
S3150000E170C9B20139042900F25381DFE811F0050024
S3150000E1807D00100117012C0117683B7D13B1023B7E
S3150000E190012B02D8BE69736B0BB90020D5E06D6800
S3150000E1A0002D64D09D4202D1B36B9D425FD04FF0EB
S3150000E1B0FF31E06BF3F770FBF368D907019324D4C2
S3150000E1C09B681A0621D53B7D032B02D0A06AFFF778
S3150000E1D083F8F36843F00103F360336943F0010306
S3150000E1E033613B7D032B02D02046FEF777FF6B6A37
S3150000E1F001A90A68D70703D49A422DD11A680A6082
S3150000E200AA6A934205D01B68F2E733690193DB07DC
S3150000E210D9D5736B9D4222D12B687363E06BF3F7FC
S3150000E2205BFB2046D5E90912FEF79EFFAB680E227E
S3150000E2302946984294BF181A00202B69E86068693D
S3150000E2409847B36923F0FF03B361019B002BA4D069
S3150000E250D807A2D43361A0E71146CAE71346002BBC
S3150000E260DCD01A689542F9D12A681A60D6E7394691
S3150000E2702046FFF74AF890E71378013B052B2ED886
S3150000E280DFE803F003111C222867826AD2F8843182
S3150000E29023F02A0343F48073C2F88431D2F8843120
S3150000E2A0D905FBD479E7032380F86130A26AD2F856
S3150000E2B0483143F00403C2F848316EE790F8613004
S3150000E2C0032B7FF46AAFF1E7826AD2F8483123F074
S3150000E2D00403F0E7806AD0F88431DB0701D401201B
S3150000E2E033E04FF47A73C0F88830D0F88C3043F0BE
S3150000E2F04143C0F88C30FEF7EFFFA06AFFF749F8FC
S3150000E300A36AD3F8440110F4404020D1D3F8842105
S3150000E3100026002722F48012C3F88421D3F8842132
S3150000E32042F40012C3F88421D3F8842142F080021B
S3150000E330C3F88421D3F8482142F00072C4E9146777
S3150000E340C3F84821012384F8663003B0F0BD00BF4E
S3150000E350D6E7836AD3F8842122F08002C3F88421A9
S3150000E360D3F8842122F40002C3F8842190F86120B6
S3150000E370032AB4D0C16D032280F866200A6822F40D
S3150000E38080620A60D3F8402142F00102C3F84021BE
S3150000E390D3F8842142F04002C3F88421FDE6836A63
S3150000E3A0D3F84C31C3F3CA031360F6E6966901212C
S3150000E3B06A46686800F025FC7368009A43F6F071B7
S3150000E3C01343A26A7360D2F84C01D2F84C311B1A7F
S3150000E3D00B42FAD0E1E64FF0FF31C06B9669F3F7D6
S3150000E3E05BFAA06A0F49D0F8443113F4004F0ED0FF
S3150000E3F0FEF772FF7368AA8920460B4043EA024380
S3150000E4007360FEF76BFEE06BF3F766FAC5E67368BA
S3150000E410AA890B4043EA02437360F4E7032094E7BA
S3150000E420082092E7FFFF00F82DE9F04F87B000289B
S3150000E4306ED0046804AB0022FF2100934FF0FF3337
S3150000E440606CF3F7C9FA002862D1049B180726D539
S3150000E450A36AD3F8842191075DD4D3F8841194F884
S3150000E460612011F0010102F1FF32D2B269D1012A15
S3150000E47015D884F86610D3F8482122F00072C3F844
S3150000E480482194F8600001F0D0FDA06AFEF724FF51
S3150000E490A06AFEF77EFF0421606CF3F765FA049B21
S3150000E4A0DD0600F19C80049B980614D594F8613033
S3150000E4B0032B00F08C8194F86630012B40F05B81D1
S3150000E4C02068D4E9142352EA030140F00D81D0E913
S3150000E4D0B823C4E9142394F86130022B40F08181FB
S3150000E4E0049B9D0702D52046FEF7CFFF049B5807E5
S3150000E4F00ED5A26A2068D2F8483123F00403C2F888
S3150000E50048310323002284F861301146FEF783FC6C
S3150000E51007B0BDE8F08FD3F84C11D3F884219207E9
S3150000E52007D5D3F8842122F02A0242F00202C3F86A
S3150000E5308421D3F84C21521AC2F30D02082AECD9D1
S3150000E5408BE7012AABD9002243F6F87084F86620DF
S3150000E550D3F8482122F00072C3F848216522D3F887
S3150000E5604C51D3F84C11491B0142FAD0D3F884110F
S3150000E570CF0740F15181013AF1D1D3F8842122F03D
S3150000E5802A0242F48072C3F88421D3F88421D60586
S3150000E590FBD4D3F88431C3F38163022B84F8623051
S3150000E5A004D1012194F8600001F03FFDA26AD2F87F
S3150000E5B04C11D2F84C315B1AC3F30D03572BF8D923
S3150000E5C00121606CF3F7D0F9A26AD2F8843043F0E7
S3150000E5D04143C2F88430012384F861305FE7D4F800
S3150000E5E038A04FF0320BBAF1000F3FF45CAF9AF847
S3150000E5F0143013F0FD0F4DD1DAF81850D5F83480E9
S3150000E600B8F1000F46D094F86130022B30D00123C8
S3150000E610D8F828902B61AB6923F0FF03AB61A96B97
S3150000E620B9F1000F0AD0D9F80820D9F80030120441
S3150000E63001D4494556D1DA0700D42B612046D8E9E2
S3150000E6400912FEF791FDD8F808300B224146984290
S3150000E65094BF181A0020D8F80030C8F80C006B6375
S3150000E660D8F81400D8F81030A5F83CB0984711E057
S3150000E670AB69190611D5D5F80C9005F11802116889
S3150000E680EB8FC1F30E419BB299420BD089B2A5F82C
S3150000E6903CB0E987DAF800A0A5E7D8F8289009F198
S3150000E6A00802ECE7AB8F013B9BB2AB87AB8F9BB20B
S3150000E6B0002BEFD1A06A0392FEF70EFE039A1368B1
S3150000E6C0C3F30E43994203D02046FEF707FDE1E768
S3150000E6D0012320462B61AB6923F0FF03AB61FEF7F4
S3150000E6E0FDFC9CE799469BE7D0E9B889B8EB0206A2
S3150000E6F069EB0307002F08BF052EFFF4ECAEA36AF3
S3150000E700D3F8402122F00102C3F84021D3F8442176
S3150000E71042F08002C3F84421A26DD2F8C41041F43D
S3150000E7208021C2F8C410D3F8841141F40001C3F863
S3150000E73084114FF0FF331360A56D296B11F0005162
S3150000E74017D1E26D136843F0005343F4403313606E
S3150000E750136843F48063136007222B6B43F08043F6
S3150000E7602B634368D0F8DC029847022384F86630AE
S3150000E770B1E600BFE0E7032B7FF4ADAEA36AD3F8A2
S3150000E780842157063FF5A7AED3F88421256822F4E5
S3150000E7900012C3F88421D3F88431DE0704D520465D
S3150000E7A0FEF79CFCFEF7BBFC6B680A220021D5F83D
S3150000E7B0DC0298470023A26AC5F8DC3284F866308A
S3150000E7C0D2F8483123F00073C2F8483183E60023BB
S3150000E7D0A26A84F86630D2F8483123F00073C2F892
S3150000E7E04831049BD9077FF593AE2046FEF776FCA9
S3150000E7F0FEF795FC05AB94F8621001930123009394
S3150000E800002320681A46FEF70BFA00287FF480AE34
S3150000E810022384F861307BE60323DDE670B5002829
S3150000E82031D00468E36D1A68510522D51A680021B3
S3150000E830206822F480621A6009224368D0F8DC025C
S3150000E8409847A36AD3F88431DA0704D52046FEF741
S3150000E85045FCFEF764FCA26AD2F8403143F001039E
S3150000E860C2F8403194F86630022B04BF032384F8C3
S3150000E8706630A26A294DD2F84431D2F848211340B5
S3150000E8802B602B6803B970BDA26AC2F844319B079E
S3150000E89003D00221606CF3F767F82B685E0728D572
S3150000E8A0A36AD3F8842150061FD594F86620012A5E
S3150000E8B01BD1D3F884312668D90704D52046FEF744
S3150000E8C00DFCFEF72CFC736806220021D6F8DC024C
S3150000E8D098470023A26AC6F8DC3284F86630D2F87C
S3150000E8E0483123F00073C2F848310821606CF3F711
S3150000E8F03BF82B68DA0103D51021606CF3F734F886
S3150000E9002B689B0103D52021606CF3F72DF8A26AD2
S3150000E910D2F84431D2F84821B1E700BF08C200203E
S3150000E920826AD2F8843123F02A0343F48073C2F852
S3150000E9308431D2F88431DB05FBD4704738B50C46F8
S3150000E940C9690546CB80D0F8D0114068C4E90123D7
S3150000E950224600F0BDF820B12146686800F039F97A
S3150000E960012038BDCB6912785A8000231A46FFF77A
S3150000E970E5BF10B41388CC695BBA63809378A38033
S3150000E98013895DF8044B5268FFF7D8BF37B50025E9
S3150000E990044601A80195F2F74CFF019884F8F95254
S3150000E9A0F2F758FF03B030BD2DE9F74300253B4C85
S3150000E9B0074601A80E4690460195F2F73AFF94F8ED
S3150000E9C0F932012B25D0A14622462B462946013392
S3150000E9D002F8011BB3F5407FF9D10123019884F8B1
S3150000E9E0F932F2F737FF2E4A0023013349F82C2F6C
S3150000E9F02032102BF9D1BB1E012B9CBF294BC4F82A
S3150000EA00D432D4F8D4325BB92448FFF7BFFF0620CE
S3150000EA1003E00198F2F71EFF032003B0BDE8F08380
S3150000EA201A68E2B15A68D2B19A68C2B1DA68B2B16C
S3150000EA301A69A2B15A6992B19B6983B11A4D002332
S3150000EA4084F8FA722846C4F80480C4F8D832A5605F
S3150000EA50F2F708FF28B1A5F10C00FFF797FF012098
S3150000EA60DBE704350F23C4F8D052013B2C3513F0F5
S3150000EA70FF0345F82C5CF8D1D4F8D4323846074A5F
S3150000EA801B681146984708B9236823B9A068F2F7AE
S3150000EA903BFF0248E1E73460BFE700BF10C2002039
S3150000EAA080AC0020003A02001CC2002028B122B12E
S3150000EAB0D0F8D43200689B6818470320704728B105
S3150000EAC021B1D0F8D4320068DB68184703207047BC
S3150000EAD070B50E461446054630B329B322B300235B
S3150000EAE04FF0FF3182F82130D3601360D3691B7871
S3150000EAF0DB0982F820308068F2F7CEFE0821E06953
S3150000EB00F3F74CF9A16811B16068F3F75DF9D5F830
S3150000EB10D4322246314628681B6998470446A868BD
S3150000EB20F2F7DAFE204670BD0324FBE770B50E4609
S3150000EB3014460546E8B1E1B1DAB100234FF0FF31E2
S3150000EB40D360012382F820308068F2F7A5FEA16821
S3150000EB5011B16068F3F738F9D5F8D4322246314658
S3150000EB6028685B6998470446A868F2F7B5FE204610
S3150000EB7070BD0324FBE707B560B159B1D0F8D432B4
S3150000EB8000689B69CDE900126A460121984703B0E7
S3150000EB905DF804FB0320FAE738B50D460446B0B12C
S3150000EBA0A9B14FF0FF318068F2F776FED4F8D03283
S3150000EBB02B603BB11B68A068C4F8D032F2F78CFE1C
S3150000EBC0002038BDA068F2F787FE0120F9E7032090
S3150000EBD0F7E738B50C46054678B181B14FF0FF31FD
S3150000EBE08068F2F759FED5F8D032A8682360C5F8D8
S3150000EBF0D042F2F771FE002038BD0320FCE708463C
S3150000EC00FAE710B51446002848D0002A46D0C9B203
S3150000EC1001390E2927D8DFE801F0081114281A1D3A
S3150000EC20170F0C2B3220373B3E0090F8E93123605A
S3150000EC3019E0D0F8D031FAE74368F8E790F8EB31FD
S3150000EC40F5E790F8EC31F2E790F8EF31EFE790F85E
S3150000EC50ED31ECE790F8EE31E9E790F8EB1140681A
S3150000EC60FDF78EFC2060002019E090F8E731DEE722
S3150000EC70D0F8CC21D17A937A43EA0123D7E7D0F8AA
S3150000EC80CC21517A137AF7E790F8E331013BCEE7CE
S3150000EC90D0F8D431CBE7B0F8DC31C8E7042010BD9A
S3150000ECA010464AB1002382F84A30536833B11B68D4
S3150000ECB023B10A46032118470320704701207047F5
S3150000ECC010464AB1002382F82230536833B11B68DC
S3150000ECD023B10A46012118470320704701207047D7
S3150000ECE010464AB1002382F83630536833B11B68A8
S3150000ECF023B10A46022118470320704701207047B6
S3150000ED002DE9F04F044687B018B9012007B0BDE8D9
S3150000ED10F08F002390F84C600393002EF5D04268E4
S3150000ED2092685179B142F0D306F10056D2F80090BC
S3150000ED300C27013E09EBC60A19F836509D42E4D964
S3150000ED4007FB03F2DAF804008118825C022A69D113
S3150000ED500F7A00239F425AD80025CB7884F84D308D
S3150000ED60002DD2D0002701204FF0060BA560B84633
S3150000ED702A79554BBA4257D819F8367000234FF006
S3150000ED800C0C9F420DD90CFB03F2DAF80460B118A3
S3150000ED90B25C0A2A40F0838091F808C000239C45A3
S3150000EDA072D80027DFF82481DFF824913E46E5601B
S3150000EDB02B79BB42AAD906238DF80860A9687B4344
S3150000EDC0CA1810798DF80900CB5C8DF80630518889
S3150000EDD0ADF80410D90952788DF8072063D0022ABD
S3150000EDE00DD103F00F0384F8226084F8206084F8C4
S3150000EDF021306FF00103E661A361CDF80C9003AA00
S3150000EE0001A9206801370494FBF75AFDD0E71A01DF
S3150000EE10486800EB0315805C94F84E2090429CD025
S3150000EE20013397E7013389E78DF808800BFB07F27A
S3150000EE30A868811891F804C08DF809C0825C8DF825
S3150000EE4006204888ADF80400D00949788DF80710E7
S3150000EE500FD003290DD102F00F0284F84A8084F8FE
S3150000EE60488084F849206FF00102C4F84480226487
S3150000EE70039303AA01A920680494FBF721FD002847
S3150000EE807FF444AF013773E71A014E6806EB0317A8
S3150000EE90B65C94F84E20964203D001337FE70133E7
S3150000EEA06FE73D467DE7022AA9D103F00F0384F8F8
S3150000EEB0366084F8346084F835306FF001032663D9
S3150000EEC0E362CDF80C809AE7A1EC0000E1EC0000CB
S3150000EED0C1EC0000836870B5044623B3C36813B35E
S3150000EEE0002501200626A3681A79954209D3002534
S3150000EEF00626E3681A7995420CD30023C4E9023347
S3150000EF0070BD9A6806FB05F320680135D15CFBF7F6
S3150000EF10F6FCE8E79A6806FB05F320680135D15C44
S3150000EF20FBF7EDFCE5E70120EAE72DE9FF4705469B
S3150000EF301646002A00F0B081002800F0AD81C9B263
S3150000EF400139052900F2AA81DFE811F0180106004F
S3150000EF500B00210036007C00002085F84C000024C0
S3150000EF6048E04368002B00F09981127890F84C3005
S3150000EF709A42F4D0FFF7AEFF337885F84C30002381
S3150000EF8085F84E302846FFF7BBFE044632E043685C
S3150000EF90002B00F08381148890F84D30B3EB142FCA
S3150000EFA040F07C81E4B290F84E30A342D7D0FFF710
S3150000EFB091FF85F84E40E5E74368002B00F06E812F
S3150000EFC08368002B00F06A81C368002B00F066811D
S3150000EFD0012400274FF00608A146AB681A79BA4209
S3150000EFE00CD800274FF006084FF00109EB681A7994
S3150000EFF0BA4213D8204604B0BDE8F087996808FBEA
S3150000F00007F33278CB5C9A4206D185F84890286897
S3150000F0103178FBF7ABFC04460137DEE7996808FB5D
S3150000F02007F33278CB5C93420AD1DB09286814BF18
S3150000F03085F8203085F834903178FBF797FC044644
S3150000F0400137D3E74368002B00F028818368002B43
S3150000F05000F02481C368002B00F0208100270124E2
S3150000F0604FF006096FF0010AB846AB681A79BA4242
S3150000F07038D84FF000084FF0060A6FF001094746EE
S3150000F080EB681A794245B5D999680AFB08F33278D4
S3150000F090C95C914223D12868FBF779FC3378044692
S3150000F0A0DB094CD095F82030CBB1AA6985F82070E1
S3150000F0B0911C14D0EB6995F821102868FBF7ECFB3E
S3150000F0C0044650B1AB692A46694628680093EB6945
S3150000F0D08DF808700193FFF7F3FDC5E9069708F16F
S3150000F0E00108CDE7996809FB07F33278C95C9142BC
S3150000F0F023D12868FBF74BFC33780446DB091CD088
S3150000F10095F84830CBB12A6C85F84880901C14D00D
S3150000F1106B6C95F849102868FBF7BEFB044650B1A6
S3150000F1202B6C2A466946286800936B6C8DF808801C
S3150000F1300193FFF7C5FDC5E910A8013795E795F8D6
S3150000F1403430002BCBD0EA6A85F83470931CC6D0D5
S3150000F1502B6B95F835102868FBF7A4FB044650B1D5
S3150000F160EB6A2A466946286800932B6B8DF808706F
S3150000F1700193FFF7B5FDC5E90B97B0E713681A7859
S3150000F18002F01F04012C40F0898090F84D70187928
S3150000F190998887427FF42EAF301DADF80810598844
S3150000F1A0009006F10800ADF80A10317B01908DF849
S3150000F1B00C10597804290BD92039C8B2032801D973
S3150000F1C0052417E70329FBD8DFE801F0483E525C27
S3150000F1D0013952B2032903D8DFE801F00E18222CB8
S3150000F1E0002AEDDBDB88002BEAD06B686A46042137
S3150000F1F01B6828469847C8E6002AE1DADB88002B18
S3150000F200DED06B686A4605211B68F2E7002AD7DB69
S3150000F210DB88002BD4D06B686A4606211B68E8E7BA
S3150000F220002ACDDADB88002BCAD06B686A46072134
S3150000F2301B68DEE7002AC3DBDB88002BC0D16B68C6
S3150000F2406A4608211B68D4E71406B9D5DB88002B6B
S3150000F250B6D06B686A4609211B68CAE71006AFD4A8
S3150000F260DB88002BACD06B686A460A211B68C0E7B6
S3150000F2701106A5D4DB88002BA2D16B686A460B2148
S3150000F2801B68B6E712069BD4DB88002B98D16B6807
S3150000F2906A460C211B68ACE70324ABE60124A9E609
S3150000F2A0F8B5144C0F4616462368F3B92146F5F710
S3150000F2B01DF80546B8B92368CBB1FF2384F84C0086
S3150000F2C004F11400676084F84E302061F2F7CAFA40
S3150000F2D004F128006062F2F7C5FA04F13C00A0636D
S3150000F2E0F2F7C0FA34602846F8BD0225FBE703258D
S3150000F2F0F9E700BF0040002010B5044698B1006948
S3150000F300F2F702FB606AF2F7FFFAA06BF2F7FCFA7B
S3150000F3102046FFF7DFFD0023C4E9003384F84C30B4
S3150000F32084F84E3010BD0320FCE738B5F0B190F8F4
S3150000F33021408C420CD100F11004A57C012D19D07E
S3150000F3400125A574257C55B10020C4E9022338BDEA
S3150000F35090F849408C420BD100F13804EDE7006883
S3150000F360FBF79AFA0028F2D0A574F0E70320EEE73F
S3150000F3700120ECE70220EAE7F8B50446A8B190F8C8
S3150000F3803600012813D0012094F8347084F8360032
S3150000F3901FB10020C4E90B23F8BD2068FBF782FAF1
S3150000F3A00028F9D084F83670F6E70320F4E7022047
S3150000F3B0F2E710464AB1002382F82130536833B190
S3150000F3C01B6823B10A460121184703207047012014
S3150000F3D0704710464AB1002382F82230536833B191
S3150000F3E01B6823B10A4602211847032070470120F3
S3150000F3F0704700002DE9F043037F87B004461BB930
S3150000F400012007B0BDE8F0834268926851799942BD
S3150000F410F6D31268002AF3D003F100530C27013B00
S3150000F42002EBC30612F8335000239D42E8D907FBCE
S3150000F43003F270688118825C032A49D10D7A002391
S3150000F4409D423BD80026CB786377002ED8D0002586
S3150000F4500120DFF880802F46DFF87C90A6603379A4
S3150000F460AB42CED90623B1688DF808706B430135DF
S3150000F470CA1810798DF80900CB5C20688DF8063023
S3150000F480DB0951886FF00103ADF8041001A9527829
S3150000F49018BFE3608DF8072003AA19BF84F823700C
S3150000F4A02761636184F824700ABFA761CDF80C90C8
S3150000F4B0CDF80C800494FBF703FAD0E71A014868EC
S3150000F4C000EB0316805CA27F9042BCD00133B7E705
S3150000F4D00133AAE7D3F30000B3F30000836870B5E5
S3150000F4E0044693B1002501200626A3681A799542A1
S3150000F4F002D30023A36070BD9A6806FB05F320685B
S3150000F5000135D15CFBF7FBF9EFE70120F3E72DE9C5
S3150000F510F04F054687B01646002A00F04F810028B6
S3150000F52000F04C81C9B200230139CDE90033052929
S3150000F53000F24681DFE811F0C60006000E00220048
S3150000F54034005D00037780F8213080F82230836034
S3150000F550002436E04368002B00F03281037F3278C6
S3150000F5609A42F5D00BB1FFF7B9FF33782B7700231A
S3150000F570AB772846FFF73EFF044622E04368002BA0
S3150000F58000F01E813488437FB3EB142F40F01881BE
S3150000F590E4B2837FA342DBD0FFF7A0FFAC77E8E7B6
S3150000F5A04368002B00F00C818368002B00F0088173
S3150000F5B0012400274FF00608A146AB681A79BA4223
S3150000F5C003D8204607B0BDE8F08F9A6808FB07F31A
S3150000F5D0D25C337893420AD1DB09286814BF85F8D8
S3150000F5E0233085F824903178FBF7C0F904460137BB
S3150000F5F0E3E74368002B00F0E3808368002B00F00C
S3150000F600DF804FF0000801244FF0060B6FF0010A6F
S3150000F6104746AB681A794245D3D90BFB08F99B6874
S3150000F620327813F80910914227D12868FBF7AFF911
S3150000F63033780446DB09AB6822D095F82320E2B183
S3150000F640EA6885F82370901C17D09B68286813F821
S3150000F65009102B6901F00F01FBF71EF9044650B1A2
S3150000F660EB682A4603A9286803932B698DF8147062
S3150000F6700493FFF79EFEC5E903A708F10108C8E752
S3150000F68095F82420002AF8D06A6985F82470911C20
S3150000F690F3D09B68286813F80910AB6901F00F01D5
S3150000F6A0FBF700F9044650B16B692A4603A928689E
S3150000F6B00393AB698DF814700493FFF78AFEC5E9CE
S3150000F6C005A7DAE733681A7802F01F04012C77D110
S3150000F6D0407F197988427FF474AF597801390A2935
S3150000F6E070D8DFE801F0061A2C6F6F6F6F6F385213
S3150000F6F05F00120666D5DA88002A63D05B886A4600
S3150000F70003215BBAADF808306B681B68284698473A
S3150000F710009B04467360019B0FE0170652D5DB88F9
S3150000F720002B4FD005F11F076B6804211B683A4672
S3150000F73028469847012304467760B36041E71406DC
S3150000F74040D5DB88002B3DD005F120076B680521ED
S3150000F7501B683A46ECE7100634D4DA88002A31D022
S3150000F7605B88317B5BBAB268ADF808306B681B68A2
S3150000F77019B1019209216A46C8E77168CDE90012FC
S3150000F7806A46062128469847F6E611061AD4DA880C
S3150000F790C2B95B882A4607211B0A02F81F3F6B681D
S3150000F7A01B68EFE712060DD4DA885AB95B882A4639
S3150000F7B0082102F8203F6B681B68E3E7032400E793
S3150000F7C00124FEE60524FCE670B50A4C0E461546F5
S3150000F7D023685BB92146F4F789FD30B923683BB14C
S3150000F7E0FF2366602077A3772C6070BD0220FCE7BC
S3150000F7F00320FAE75040002010B5044638B1FFF761
S3150000F8006DFE0023C4E900332377A37710BD0320E0
S3150000F810FCE72DE9FF411C46002307460E468DF8FE
S3150000F8200330154691F90030002B03DB052004B0A8
S3150000F830BDE8F081B1F802800DF1030206210068EF
S3150000F840FBF7B6F89DF80330022BEFD84FEA1821E4
S3150000F850F2885FFA88F30129029211D1327802F018
S3150000F8601F02134352D1B388002B4FD101AA0B219B
S3150000F8703868F4F799FD019B2B60029B2360D6E75D
S3150000F8800229CAB20AD13278D1063FD1B288002AFB
S3150000F8903CD101AA0C218DF80C30E9E7032A0AD1E4
S3150000F8A03278D20632D18DF80E3001AAB3880D21F6
S3150000F8B0ADF80C30DCE7212A0BD1327802F01F02BA
S3150000F8C0012A23D113BBB38801AA0E218DF80C306F
S3150000F8D0CEE7222A0BD1327802F01F02012A15D177
S3150000F8E0A3B9B38801AA0F218DF80C30C0E7232AEB
S3150000F8F00CD1327802F01F02012A07D18DF80C30A4
S3150000F90001AAB38810218DF80D30B1E70520B2E7C2
S3150000F9107FB591F90020002305460C46002A8DF894
S3150000F9200F300B7802DA052004B070BDDB06FAD181
S3150000F9308B88002BF7D1CE88002EF4D10DF10F0263
S3150000F94006210068FBF734F89DF80F30012BEAD842
S3150000F9500DF10F02062128688DF80F60FBF749F8B4
S3150000F960638843B901230DF10F02062128688DF83B
S3150000F9700F30FBF73EF8A21C032128680192F4F72A
S3150000F980D1FC019A09212868F4F70EFDCCE773B57E
S3150000F99091F90020002305460C46002A8DF8073011
S3150000F9A00B7802DA052002B070BDDB06FAD18B882F
S3150000F9B0002BF7D1CE88002EF4D10DF107020621D7
S3150000F9C00068FAF7F5FF9DF80730032B0BD0022BE2
S3150000F9D0E8D863880DF1070207218DF807302868FB
S3150000F9E0FBF707F8DFE7324607212868FBF701F83F
S3150000F9F00028D8D101230DF1070206218DF8073022
S3150000FA00EDE7002337B58DF8063005468DF807304B
S3150000FA100C4691F90030002B02DA052003B030BD08
S3150000FA20CB88002BF9D10DF1060206210068FAF702
S3150000FA30BFFF9DF80630012BEFD86378032B04BF78
S3150000FA4001238DF80730237813F01F0309D163884B
S3150000FA50012BE2D10DF1070214212868F4F7A4FC6A
S3150000FA60DCE7022BD9D16388002BD6D1A1880B07FE
S3150000FA7006D19DF80730C9B2286853B1FAF776FF68
S3150000FA809DF80730221D286833B10521F4F74AFC9A
S3150000FA90C4E7FAF77CFFF3E70621F7E72DE9F34120
S3150000FAA0174691F900201E460023002A05468DF8C8
S3150000FAB007300C460B7803DB052002B0BDE8F08169
S3150000FAC003F01F03022BF7D14B88002BF4D1B1F8BA
S3150000FAD00680B8F1020FEFD10DF10702062100688A
S3150000FAE0FAF766FF9DF80730002BE5D1A3882C4670
S3150000FAF00821286824F80C3F2246FAF759FF3C6093
S3150000FB00C6F80080D9E72DE9F74F1E4600230546C3
S3150000FB108B468DF80330174691F90030002B03DB36
S3150000FB20052003B0BDE8F08F4C88002CF8D1B1F861
S3150000FB3006A0BAF1020FF3D10DF103020621006807
S3150000FB40FAF736FF9DF80330012BE9D89BF80090B1
S3150000FB5005F10C0819F01F090DD142460421286849
S3150000FB60FAF726FFAB8903F00303AB81C6F800A0C2
S3150000FB70C7F80080D5E7B9F1010F04D1AC81204662
S3150000FB80C6F800A0F4E7B9F1020F12D1BBF80430B1
S3150000FB9001AA052128688DF80430ADF80640FAF769
S3150000FBA007FFBDF8063003F00303AB81C6F80090EB
S3150000FBB0DEE70520DCE737B591F90020002305468E
S3150000FBC00C46002A8DF807300B7802DA052003B0C0
S3150000FBD030BD03F01F03012BF8D1CB88002BF5D1E4
S3150000FBE00DF1070206210068FAF7E2FE9DF80730DC
S3150000FBF0002BEBD1A2880421A3782C46286843EA7F
S3150000FC00022324F80C3F2246F4F78CFB22460A21F5
S3150000FC102868F4F7C9FBDAE72DE9F341164691F9AE
S3150000FC2000201F460023002A05468DF807300C46A3
S3150000FC300B7803DB052002B0BDE8F08103F01F035B
S3150000FC40012BF7D14B88002BF4D1B1F80680B8F11F
S3150000FC50010FEFD10DF1070206210068FAF7A8FEA1
S3150000FC609DF80730002BE5D1A38805F10C02C7F8F3
S3150000FC70008016211B0232602868AB81F4F794FBE2
S3150000FC80D9E7F7B5154691F900201E460023002A4C
S3150000FC9004468DF807300B7802DB052003B0F0BD73
S3150000FCA0DB06FAD14B88002BF7D18B88002BF4D1D9
S3150000FCB0CF88012FF1D10DF1070206210068FAF76E
S3150000FCC077FE9DF80730012BE7D804F10C02376068
S3150000FCD015212A602068F4F767FBDFE770B50D464B
S3150000FCE0114604461A460529049B04D10021BDE8A5
S3150000FCF07040FAF73BBEE8881E68864288BF1860E7
S3150000FD0089B91B6812682046FAF7C6FD78B995F9D5
S3150000FD100030002B0BDA0346024601462046BDE8BA
S3150000FD207040FAF7BFBD00231A461946EBE770BDCF
S3150000FD304B682DE9F04101338AB04FF000080546C3
S3150000FD400E4617468DF80F80CDE9048803D10520AD
S3150000FD500AB0BDE8F081002AF9D0946806210DF1B9
S3150000FD600F02FAF725FE317A002900F08B807368BE
S3150000FD70082BECD13268002AE9D053886380938837
S3150000FD80A380D388E38050786070127812F01C0F3D
S3150000FD90227004D041462846FAF7E8FDD7E712F06C
S3150000FDA060011CD10C280FD90520059B1BB1049BB3
S3150000FDB0002B08BF052005AB0246214628460093C6
S3150000FDC004ABFFF78BFFC3E74D4B53F82060002EC3
S3150000FDD0EAD005AB04AA21463846B047E5E7002B32
S3150000FDE02FD012062DD420291CD10022012128460D
S3150000FDF00694079206AA8DF824100893F4F792FA4F
S3150000FE00089B0593079B04930028CDD1E388002126
S3150000FE10059A2846934238BF0593DDE90423FAF78D
S3150000FE2041FD95E74029BFD10022132128460694BB
S3150000FE300792012208938DF8242006AAF4F7B4FA53
S3150000FE40DEE720290FD100220121284606940792D9
S3150000FE5006AA8DF824100893F4F764FA089B059314
S3150000FE60079B0493A1E740299ED10022132128462F
S3150000FE7006940792012208938DF8242006AAF4F727
S3150000FE8093FAEBE79DF80F30032B0AD16378052B25
S3150000FE907FF45DAF05AB04AA21463846FFF777FD30
S3150000FEA056E77268002A3FF452AFE388002B3FF40E
S3150000FEB04EAF94F9000023780028FFF648AF03F010
S3150000FEC06003202B0BD1336828468DF824100121BE
S3150000FED0089206AA07930694F4F724FA6BE7402BD8
S3150000FEE00BD1336828468DF824101321089206AAF0
S3150000FEF007930694F4F758FA5DE705205BE700BF21
S3150000FF001C3A020030B5104B87B0054603AACDE96E
S3150000FF1003310E4B01A901930123ADF80830FAF71E
S3150000FF20CFFC044660B98DF8060003AA01A928464D
S3150000FF30FAF7C6FC044618B180212846FAF7DFFC1A
S3150000FF40204607B030BD00BF31FD000040008000F4
S3150000FF5030B51A4B87B005466C46012D93E807006D
S3150000FF6006AB84E8070003E9070002D8002007B0C3
S3150000FF7030BDAB1EDBB2012B09D9AB1FDBB2012BA7
S3150000FF8005D9A5F10A03DBB2012B88BF2B46002257
S3150000FF90114654F8040B28B106AD05EB8205013273
S3150000FFA045F80C0C01310329F3D19342DED806AA99
S3150000FFB002EB830353F80C0CD9E700BF5C14020074
S3150000FFC038B51446FFF7C4FF58B31F230022C0F804
S3150000FFD03031836B43F480238363036B43F4C01394
S3150000FFE00363036B43F480430363036B43F40043EF
S3150000FFF003630260BCB16378A5781B0401692D0216
S31500010000247803F4702321F00F1105F4706504F0D0
S315000100100F0421F470612B4323430B430361104604
S3150001002038BD0120FCE72046FAE710B50C46FFF77C
S315000100308FFF20B1036B1CB143F00203036310BDB4
S3150001004023F00203FAE70000034B0360034B0B6046
S315000100505A231360704700BF10C50020F0C5002069
S31500010060034B0360034B0B60B4231360704700BF5F
S3150001007058C7002038C80020024808B5FAF78CF99D
S31500010080FEE700BF503A020081B2082003F0F4BB3C
S3150001009038B5202003F0A2FB044628B1002540F81C
S315000100A0045B00F047F92577204638BD2DE9F04776
S315000100B0DDF820900C4617469846064680B94FF063
S315000100C0200383F31188BFF36F8FBFF34F8F4A4924
S315000100D04A480EF00BFE4FF4FA7002F01BF8FAE7ED
S315000100E011F07F4A10D04FF0200383F31188BFF33C
S315000100F06F8FBFF34F8F424940480EF0F7FD4FF423
S31500010100FA7002F007F8FAE781B94FF0200383F39A
S315000101101188BFF36F8FBFF34F8F3A4937480EF0FF
S31500010120E5FD4FF4FA7001F0F5FFFAE702F040FD44
S3150001013098B9B9F1000F10D04FF0200383F311885D
S31500010140BFF36F8FBFF34F8F2F492C480EF0CEFDB3
S315000101504FF4FA7001F0DEFFFAE701F0BBFE3568F5
S3150001016004EA0503B8F1000F15D1B3B9B9F1000FCF
S315000101700FD0002F0CBF00214FF08071B8F1000F96
S3150001018001D041F0806100254A462143301D02F02D
S315000101902FFBCA4605E09C42E8D117B125EA0403C4
S315000101A0336001F033FFBAF1000F1AD038B9174B9B
S315000101B04FF080521A60BFF34F8FBFF36F8F02F07B
S315000101C029FE830105460AD400F064F9356804EA7C
S315000101D00503B8F1000F07D143B900F089F925F0FD
S315000101E07F452846BDE8F0879C42F6D1002FF4D022
S315000101F025EA04043460F0E7AE3A02007C3A0200D4
S31500010200BA3A0200F33A0200083B020004ED00E0AC
S315000102102DE9F0410D46044680B94FF0200383F3E2
S315000102201188BFF36F8FBFF34F8F234923480EF019
S315000102305DFD4FF4FA7001F06DFFFAE711F07F46AC
S3150001024010D04FF0200383F31188BFF36F8FBFF3F4
S315000102504F8F1B4919480EF049FD4FF4FA7001F012
S3150001026059FFFAE700F10C0701F034FE2168206915
S31500010270294321608742216807D121EA06012160CD
S3150001028001F0C4FE2068BDE8F081D0E9002822F023
S315000102907F4312F0806F03EA010502D11DB9404682
S315000102A0E8E7AB42FBD1D20141F0007148BF1E43E2
S315000102B002F060FBF3E700BFAE3A02007C3A0200AF
S315000102C05E3B0200FFF7A4BF38B5044601F002FE0B
S315000102D004F10C05636843B9237F13B9204603F083
S315000102E07FFABDE8384001F091BE2069A84210D1DD
S315000102F04FF0200383F31188BFF36F8FBFF34F8F46
S31500010300064907480EF0F2FC4FF4FA7001F002FFBD
S31500010310FAE74FF0007102F02DFBDBE7933B020099
S315000103207C3A020013460A460146014803F0FAB92F
S31500010330C502010000F108034FF0FF32436003617B
S31500010340C0E902230023036070470023036170475D
S3150001035043689A684B608A609A685160996003683D
S31500010360086101330360704730B50C68631C0AD11C
S3150001037003695A684A6091608B6059600368086135
S315000103800133036030BD00F1080213465268156857
S31500010390A542FAD9EDE70369D0E901128A605160F5
S315000103A05968814208BF5A60002202611A68013AFF
S315000103B01A6018687047000008480068006880F3F2
S315000103C008884FF0000080F3148862B661B6BFF367
S315000103D04F8FBFF36F8F00DF00BF000008ED00E015
S315000103E0DFF80C00016841F47001016070470000FC
S315000103F088ED00E0002307B50193114B1B6801331B
S3150001040010D04FF0200383F31188BFF36F8FBFF332
S315000104104F8F0C490C480EF069FC4FF4FA7001F04D
S3150001042079FEFAE74FF0200383F31188BFF36F8F4C
S31500010430BFF34F8F019B002BFCD003B05DF804FB8B
S3150001044008800020F93B02007C3A02004FF08073DD
S3150001045021F0010140F8202C44380364034BC163A9
S3150001046083636FF002030362704700BFF503010067
S31500010470074B19680868B0E8F04F80F30988BFF3A5
S315000104806F8F4FF0000080F311887047AFF3008043
S3150001049050CB002008B54FF0200383F31188BFF33A
S315000104A06F8FBFF34F8F0E4A13680133012B136011
S315000104B015D10C4B1B6813F0FF0F10D04FF0200322
S315000104C083F31188BFF36F8FBFF34F8F0649074838
S315000104D00EF00CFC4FF4FA7001F01CFEFAE708BDB1
S315000104E00880002004ED00E0133C02007C3A020083
S315000104F00D4A08B5136883B94FF0200383F31188B9
S31500010500BFF36F8FBFF34F8F084909480EF0EEFB1B
S315000105104FF4FA7001F0FEFDFAE7013B13600BB9E7
S3150001052083F3118808BD00BF08800020483C020003
S315000105307C3A0200000000000000000000000000FC
S31500010540EFF30980BFF36F8F154B1A681EF0100F7A
S3150001055008BF20ED108A20E9F04F10602DE909004F
S315000105604FF0200080F31188BFF34F8FBFF36F8FD9
S3150001057002F038F84FF0000080F3118809BC1968C1
S315000105800868B0E8F04F1EF0100F08BFB0EC108AF3
S3150001059080F30988BFF36F8F704700BFAFF3008008
S315000105A050CB002008B54FF0200383F31188BFF329
S315000105B06F8FBFF34F8F01F09BFC18B1034B4FF0C8
S315000105C080521A60002383F3118808BD04ED00E010
S315000105D0434B444A13B51968914210D14FF0200399
S315000105E083F31188BFF36F8FBFF34F8F3E493F48A7
S315000105F00EF07CFB4FF4FA7001F08CFDFAE71A68F5
S315000106003B4B9A4210D14FF0200383F31188BFF37D
S315000106106F8FBFF34F8F374934480EF067FB4FF4A6
S31500010620FA7001F077FDFAE7334B00211A78D2B25E
S315000106300192FF221A701B78304ADBB28DF8033023
S315000106409DF8033003F02003137007232C4A13602F
S315000106509DF803005C1E000614D411B1032B136030
S3150001066019D04FF0200383F31188BFF36F8FBFF3C7
S315000106704F8F24491D480EF039FB4FF4FA7001F0F3
S3150001068049FDFAE79DF8033001215B00DBB28DF8E5
S3150001069003302346DCE74FF4407300241360019BCB
S315000106A0154ADBB21370184B1A6842F470021A60CD
S315000106B01A6842F070421A60F1F738FB134B1C605E
S315000106C0FFF78EFE124A136843F040431360FFF7AB
S315000106D073FE01F087FFFFF78DFE204602B010BDC5
S315000106E000ED00E071C20F415A3C02007C3A020063
S315000106F070C20F417D3C020000E400E008CB0020FF
S315000107000CCB0020A03C020020ED00E00880002078
S3150001071034EF00E008B5EFF305830F2B16D9184A1D
S315000107209B5C184A12789A4210D94FF0200383F342
S315000107301188BFF36F8FBFF34F8F134913480EF024
S31500010740D5FA4FF4FA7001F0E5FCFAE7104B114ABD
S315000107501B68126803F4E063934210D94FF020033B
S3150001076083F31188BFF36F8FBFF34F8F0A49074891
S315000107700EF0BCFA4FF4FA7001F0CCFCFAE708BDB2
S31500010780F0E300E008CB0020E23C02007C3A0200E4
S315000107900CED00E00CCB00200C3D020010B5044628
S315000107A0FFF778FEA46BFFF7A3FEB4FA84F04009C5
S315000107B010BDF8B51546026C0446866B52B907683A
S315000107C047BB806802F052FA0546A7600136284603
S315000107D0A663F8BD65B940680DF002FC6368226C3A
S315000107E01344A26893426360F0D323686360EDE724
S315000107F0C0680DF0F5FB226CE36851429B1A226832
S315000108009342E3603EBFA3685B18E360022D01D10A
S3150001081016B1013E0025D9E73546D7E70346084616
S315000108201A6C10B462B1DC68996814448C42DC60BD
S315000108305DF8044B24BF1968D960D9680DF0D0BBA7
S315000108405DF8044B704770B50446FFF723FE94F834
S31500010850455004F124066DB2002D14DCFF2304F18A
S31500010860100684F84530FFF743FEFFF713FE94F8B0
S3150001087044506DB2002D12DCFF2384F84430BDE8EC
S315000108807040FFF735BE636A002BE7D0304602F0B1
S315000108901BF808B102F05EF9013D6DB2DCE7236990
S315000108A0002BE9D0304602F00FF808B102F052F9F8
S315000108B0013D6DB2DEE7000038B50D46044680B94C
S315000108C04FF0200383F31188BFF36F8FBFF34F8F70
S315000108D01C491D480EF00AFA4FF4FA7001F01AFC91
S315000108E0FAE7FFF7D7FD2268D4E90F3162604B437F
S315000108F0D0185B1A1344A0600020E360FF23A063B5
S3150001090084F8443084F8453095B9236963B104F11C
S31500010910100001F0D9FF38B10C4B4FF080521A602C
S31500010920BFF34F8FBFF36F8FFFF7E2FD012038BD95
S3150001093004F11000FFF7FEFC04F12400FFF7FAFCB6
S31500010940F2E700BF4E3D02007C3A020004ED00E0F2
S3150001095013B51C4680B94FF0200383F31188BFF30A
S315000109606F8FBFF34F8F354935480EF0BFF94FF4FE
S31500010970FA7001F0CFFBFAE783B94FF0200383F356
S315000109801188BFF36F8FBFF34F8F2E492C480EF09E
S31500010990ADF94FF4FA7001F0BDFBFAE78AB111BB6C
S315000109A04FF0200383F31188BFF36F8FBFF34F8F8F
S315000109B0254923480EF09AF94FF4FA7001F0AAFB83
S315000109C0FAE781B14FF0200383F31188BFF36F8FEC
S315000109D0BFF34F8F1D491A480EF088F94FF4FA708C
S315000109E001F098FBFAE750230193019B502B10D09D
S315000109F04FF0200383F31188BFF36F8FBFF34F8F3F
S31500010A0013490F480EF072F94FF4FA7001F082FBA8
S31500010A10FAE7002908BF2246019B0123226084F8D8
S31500010A204630C4E90F0119462046FFF745FF9DF8F8
S31500010A301030204684F84C3002B010BD563D0200FD
S31500010A407C3A0200783D02008E3D0200C63D02005E
S31500010A50FE3D0200F8B50D461746064680B94FF031
S31500010A60200383F31188BFF36F8FBFF34F8F1C49A8
S31500010A701C480EF03BF94FF4FA7001F04BFBFAE714
S31500010A804843A1B1B0FBF1F3B34210D04FF02003BC
S31500010A9083F31188BFF36F8FBFF34F8F124911484C
S31500010AA00EF024F94FF4FA7001F034FBFAE75030F6
S31500010AB002F094FE044670B1002380F8463065B119
S31500010AC000F15003012120462360C4E90F65FFF7B9
S31500010AD0F3FE84F84C702046F8BD0346F2E700BFEA
S31500010AE0563D02007C3A0200193E020010B50C4642
S31500010AF080B94FF0200383F31188BFF36F8FBFF3E3
S31500010B004F8F114911480EF0F1F84FF4FA7001F0C8
S31500010B1001FBFAE7884210D24FF0200383F31188D4
S31500010B20BFF36F8FBFF34F8F094908480EF0DEF808
S31500010B304FF4FA7001F0EEFAFAE702220021FFF70C
S31500010B4089FF00B1846310BD683E02007C3A020051
S31500010B50783E02002DE9FF4788461F46044601926A
S31500010B6080B94FF0200383F31188BFF36F8FBFF372
S31500010B704F8F604960480EF0B9F84FF4FA7001F0F2
S31500010B80C9FAFAE791B9036C83B14FF0200383F3F5
S31500010B901188BFF36F8FBFF34F8F584956480EF038
S31500010BA0A5F84FF4FA7001F0B5FAFAE7022F13D15E
S31500010BB0E36B012B10D04FF0200383F31188BFF3B1
S31500010BC06F8FBFF34F8F4E494B480EF08FF84FF49E
S31500010BD0FA7001F09FFAFAE701F0EAFF064690B9CA
S31500010BE0019B8BB14FF0200383F31188BFF36F8F05
S31500010BF0BFF34F8F434940480EF078F84FF4FA702F
S31500010C0001F088FAFAE700264FF00009DFF8F8A0AC
S31500010C1037E0019D1DB9FFF76BFC002050E016B9C6
S31500010C2002A801F02DFFFFF763FC01F053F9FFF76E
S31500010C3031FC94F84430FF2B01D184F8449094F8A8
S31500010C404530FF2B01D184F84590FFF751FC01A9EE
S31500010C5002A801F021FF002846D1FFF71BFCA26B79
S31500010C60E36B9A422FD1FFF743FC019904F110007F
S31500010C7001F098FD2046FFF7E6FD01F0C7F950B3F4
S31500010C800126FFF707FCA26BE36B9A4201D3022F01
S31500010C90BFD13A4641462046FFF78BFD636A1BB139
S31500010CA004F1240001F010FE38B1174B4FF08052C9
S31500010CB01A60BFF34F8FBFF36F8FFFF719FC012047
S31500010CC004B0BDE8F087FFF713FC2046FFF7BBFD34
S31500010CD001F09CF9D4E74FF08053CAF80030BFF316
S31500010CE04F8FBFF36F8FCBE72046FFF7ACFD01F0C7
S31500010CF08DF992E74E3D02007C3A0200953E0200D4
S31500010D00E53E0200083B020004ED00E000220B462E
S31500010D1013B5114600900120FFF71AFE044638B1BB
S31500010D2000231A46194683600360C360FFF712FF6A
S31500010D30204602B010BD000038B5044680B94FF018
S31500010D40200383F31188BFF36F8FBFF34F8F0D49D4
S31500010D500D480DF0CBFF4FF4FA7001F0DBF9FAE71D
S31500010D60856801F01FFF85420AD1E368013BE36014
S31500010D7023B91A4619462046FFF7ECFE012000E08A
S31500010D80002038BD2C3F02007C3A020002460021B9
S31500010D90012010B5FFF75EFE044638B100231A465E
S31500010DA0194683600360C360FFF7D4FE204610BD79
S31500010DB02DE9F843894690461F46044680B94FF00F
S31500010DC0200383F31188BFF36F8FBFF34F8F3F4922
S31500010DD03F480DF08BFF4FF4FA7001F09BF9FAE7EB
S31500010DE091B9036C83B14FF0200383F31188BFF3EC
S31500010DF06F8FBFF34F8F374935480DF077FF4FF4AB
S31500010E00FA7001F087F9FAE7022F13D1E36B012B90
S31500010E1010D04FF0200383F31188BFF36F8FBFF318
S31500010E204F8F2D492A480DF061FF4FF4FA7001F0FA
S31500010E3071F9FAE7FFF76EFCEFF311864FF0200325
S31500010E4083F31188BFF36F8FBFF34F8FA26BE36BF1
S31500010E509A4201D3022F36D194F845503A46494673
S31500010E6020466DB2A36BFFF7A4FC6B1C13D1636A1A
S31500010E700BB901200BE004F1240001F025FD002847
S31500010E80F7D0B8F1000FF4D00120C8F8000086F3BE
S31500010E901188BDE8F8837F2D10D14FF0200383F32D
S31500010EA01188BFF36F8FBFF34F8F0C4908480DF0C0
S31500010EB01DFF4FF4FA7001F02DF9FAE701356DB215
S31500010EC084F84550D5E70020E1E700BF4E3D02001A
S31500010ED07C3A0200953E0200E53E0200343F0200E4
S31500010EE070B50D46044680B94FF0200383F311888F
S31500010EF0BFF36F8FBFF34F8F39493A480DF0F6FEB6
S31500010F004FF4FA7001F006F9FAE7036C83B14FF07A
S31500010F10200383F31188BFF36F8FBFF34F8F3249DD
S31500010F2030480DF0E3FE4FF4FA7001F0F3F8FAE7FA
S31500010F30036893B9836883B14FF0200383F3118863
S31500010F40BFF36F8FBFF34F8F284926480DF0CEFEB2
S31500010F504FF4FA7001F0DEF8FAE7FFF7DBFBEFF387
S31500010F6011864FF0200383F31188BFF36F8FBFF310
S31500010F704F8FA26BE36B93422FD994F84510013240
S31500010F80FF294BB2A26310D1636A0BB9012009E0B4
S31500010F9004F1240001F098FC0028F7D0002DF5D0CB
S31500010FA00120286086F3118870BD7F2B10D14FF088
S31500010FB0200383F31188BFF36F8FBFF34F8F0C4963
S31500010FC008480DF093FE4FF4FA7001F0A3F8FAE722
S31500010FD001335BB284F84530D8E70020E2E700BF71
S31500010FE04E3D02007C3A02004D3F0200663F020080
S31500010FF0343F02002DE9F04385B00F4604460192C5
S3150001100080B94FF0200383F31188BFF36F8FBFF3CD
S315000110104F8F534953480DF069FE4FF4FA7001F0B2
S3150001102079F8FAE791B9036C83B14FF0200383F3A2
S315000110301188BFF36F8FBFF34F8F4B4949480DF0AE
S3150001104055FE4FF4FA7001F065F8FAE701F0B0FDCC
S31500011050064690B9019B8BB14FF0200383F31188AB
S31500011060BFF36F8FBFF34F8F40493E480DF03EFEF1
S315000110704FF4FA7001F04EF8FAE700264FF0000837
S31500011080DFF8EC903BE0019D1DB9FFF731FA002036
S3150001109052E016B902A801F0F3FCFFF729FA00F0B5
S315000110A019FFFFF7F7F994F84430FF2B01D184F8C3
S315000110B0448094F84530FF2B01D184F84580FFF731
S315000110C017FA01A902A801F0E7FC00283DD1204644
S315000110D0FFF764FB98B3019904F1240001F062FB68
S315000110E02046FFF7B0FB00F091FF38B94FF080536F
S315000110F0C9F80030BFF34F8FBFF36F8F0126FFF79B
S31500011100C9F9A56B002DBED0013D39462046FFF732
S3150001111085FBA563236963B104F1100001F0D4FBDB
S3150001112038B1134B4FF080521A60BFF34F8FBFF3A4
S315000111306F8FFFF7DDF9012005B0BDE8F08320468A
S31500011140FFF781FB00F062FFD8E72046FFF77BFB44
S3150001115000F05CFF2046FFF721FB0028CED096E782
S31500011160CD3F02007C3A0200D93F0200083B020053
S3150001117004ED00E02DE9FF410446019180B94FF0ED
S31500011180200383F31188BFF36F8FBFF34F8F6A4933
S315000111906A480DF0ABFD4FF4FA7000F0BBFFFAE7B9
S315000111A0056C85B14FF0200383F31188BFF36F8F70
S315000111B0BFF34F8F624961480DF098FD4FF4FA7005
S315000111C000F0A8FFFAE701F0F3FC064690B9019B8F
S315000111D0ABB14FF0200383F31188BFF36F8FBFF3D9
S315000111E04F8F584955480DF081FD4FF4FA7000F0C4
S315000111F091FFFAE72E460027DFF8508159E00546B0
S31500011200F9E7019BA3B985B14FF0200383F3118858
S31500011210BFF36F8FBFF34F8F4B4948480DF066FD03
S315000112204FF4FA7000F076FFFAE7FFF761F95EE036
S3150001123016B902A801F024FCFFF75AF900F04AFE9C
S31500011240FFF728F994F84430FF2B01D184F8447054
S3150001125094F84530FF2B01D184F84570FFF748F922
S3150001126001A902A801F018FC00284AD12046FFF77F
S3150001127095FA00283FD023683BB9FFF70BF9A06820
S3150001128001F0A6FC0546FFF733F9019904F12400A4
S3150001129001F088FA2046FFF7D6FA00F0B7FE38B912
S315000112A04FF08053C8F80030BFF34F8FBFF36F8FF5
S315000112B00126FFF7EFF8A36B002BA2D0013BA36336
S315000112C0236813B901F0B2FDA060236963B104F18B
S315000112D0100001F0F9FA38B11C4B4FF080521A6038
S315000112E0BFF34F8FBFF36F8F0125FFF701F9284633
S315000112F004B0BDE8F0812046FFF7A5FA00F086FEAE
S31500011300D6E72046FFF79FFA00F080FE2046FFF75A
S3150001131045FA0028CCD0002DE9D0FFF7BBF8616A69
S3150001132019B1236B1968C1F10501A068002501F007
S3150001133001FDFFF7DDF8DAE7CD3F02007C3A020056
S315000113404D3F0200083B02002C40020004ED00E084
S3150001135037B5044680B94FF0200383F31188BFF3F4
S315000113606F8FBFF34F8F0F490F480DF0BFFC4FF43E
S31500011370FA7000F0CFFEFAE78568019101F012FCE0
S315000113808542019905D1E36801200133E36003B089
S3150001139030BD2046FFF7EEFE0028F8D0E3680133A2
S315000113A0E360F4E72C3F02007C3A020013B50446E1
S315000113B080B94FF0200383F31188BFF36F8FBFF31A
S315000113C04F8F094909480DF091FC4FF4FA7000F06E
S315000113D0A1FEFAE7FFF75EF8A06B0190FFF788F828
S315000113E0019802B010BD00BF4F3D02007C3A0200D9
S315000113F00023074A10B552F833402CB942F833108E
S3150001140002EBC303586010BD0133082BF3D1FAE791
S3150001141010CB00200023084A10B502EBC3014C682B
S31500011420844204D1002042F83300486010BD0133E4
S31500011430082BF2D1FAE700BF10CB002010B5044605
S3150001144080B94FF0200383F31188BFF36F8FBFF389
S315000114504F8F0A490A480DF049FC4FF4FA7000F023
S3150001146059FEFAE7FFF7D6FF94F8463023B920462E
S31500011470BDE8104002F0B4B910BD00BF4E3D0200F8
S315000114807C3A020070B504460D461646FFF702F88F
S3150001149094F84430FF2B02D1002384F8443094F8A9
S315000114A04530FF2B02D1002384F84530FFF720F8A1
S315000114B0A36B2BB93246294604F1240001F0DAF96F
S315000114C02046BDE87040FFF7BEB9826843680068F0
S315000114D01344181A824298BF801A704793422DE925
S315000114E0F84328BF13460646894690461C46002BFC
S315000114F053D0056883685F1BA74228BF2746BA42B7
S3150001150010D24FF0200383F31188BFF36F8FBFF31F
S315000115104F8F234923480DF0E9FB4FF4FA7000F091
S31500011520F9FDFAE7EA19934210D24FF0200383F34B
S315000115301188BFF36F8FBFF34F8F1B4919480DF009
S31500011540D5FB4FF4FA7000F0E5FDFAE781693A46FA
S31500011550484629440CF044FDBC4218D9A04510D296
S315000115604FF0200383F31188BFF36F8FBFF34F8FC3
S315000115700E490C480DF0BAFB4FF4FA7000F0CAFDA3
S31500011580FAE7E21BB16909EB07000CF029FD2544D6
S31500011590B368AB4298BFED1A35602046BDE8F883C3
S315000115A04C4002007C3A0200664002009E40020066
S315000115B02DE9F0410E4604465521904630461F4618
S315000115C00CF036FDB042054610D04FF0200383F3F0
S315000115D01188BFF36F8FBFF34F8F0B490B480DF087
S315000115E085FB4FF4FA7000F095FDFAE724220021FD
S315000115F020460CF01DFD9DF81830A5612377C4E93E
S315000116000287BDE8F08100BFB24002007C3A0200C9
S315000116102DE9F041836816464568044688465F1BF6
S31500011620974228BF1746EA19934210D24FF020037A
S3150001163083F31188BFF36F8FBFF34F8F19491A4890
S315000116400DF054FB4FF4FA7000F064FDFAE780697F
S315000116503A4628440CF0C4FCBE4219D9F21BA368D1
S315000116609A4210D94FF0200383F31188BFF36F8F8D
S31500011670BFF34F8F0D490C480DF038FB4FF4FA704C
S3150001168000F048FDFAE708EB0701A0690CF0A8FC99
S315000116903544A36830469D4228BFED1A6560BDE812
S315000116A0F08100BFFA4002007C3A0200324102009A
S315000116B037B504460D4601923BB3017FC90716D4DF
S315000116C09A4294BF01920193019ACAB94FF020033D
S315000116D083F31188BFF36F8FBFF34F8F0D490E4808
S315000116E00DF004FB4FF4FA7000F014FDFAE7069AC8
S315000116F093420DD304220DEB0201FFF789FFE3E7C5
S3150001170029462046FFF784FF0346184603B030BD3D
S315000117100023FAE7674102007C3A020030B585B042
S315000117200D461946089C83B94FF0200383F31188AF
S31500011730BFF36F8FBFF34F8F354936480DF0D6FA99
S315000117404FF4FA7000F0E6FCFAE784B94FF0200393
S3150001175083F31188BFF36F8FBFF34F8F2E492D4847
S315000117600DF0C4FA4FF4FA7000F0D4FCFAE78542A2
S3150001177010D94FF0200383F31188BFF36F8FBFF3A6
S315000117804F8F264923480DF0B1FA4FF4FA7000F055
S31500011790C1FCFAE7002A14BF03230223042810D848
S315000117A04FF0200383F31188BFF36F8FBFF34F8F81
S315000117B01B4918480DF09AFA4FF4FA7000F0AAFC8A
S315000117C0FAE724220392039A242A10D04FF0200329
S315000117D083F31188BFF36F8FBFF34F8F11490D4804
S315000117E00DF084FA4FF4FA7000F094FCFAE7012D3B
S315000117F00246009320462B4638BF0123FFF7D8FE49
S31500011800237F204643F00203237705B030BD00BF96
S31500011810EC4102007C3A020007420200C541020087
S315000118207D4102001C42020008B580B94FF0200339
S3150001183083F31188BFF36F8FBFF34F8F09490A48AE
S315000118400DF054FA4FF4FA7000F064FCFAE782687E
S3150001185003684168D0180138401A824298BF801A3D
S3150001186008BD00BF3E4202007C3A02002DE9F0436A
S3150001187087B0044617468946039381B94FF0200382
S3150001188083F31188BFF36F8FBFF34F8F4D494E48D6
S315000118900DF02CFA4FF4FA7000F03CFCFAE780B92F
S315000118A04FF0200383F31188BFF36F8FBFF34F8F80
S315000118B0464945480DF01AFA4FF4FA7000F02AFC31
S315000118C0FAE7037FDB0734D5161DB24210D34FF07A
S315000118D0200383F31188BFF36F8FBFF34F8F3C490A
S315000118E039480DF003FA4FF4FA7000F013FCFAE7E9
S315000118F08368B34234BF00230123039AFAB9204611
S31500011900FFF792FF05462B463A4649462046009682
S31500011910FFF7CEFE054640B12046FFF7D6FDE36848
S31500011920984202D32046FEF7AFFB284607B0BDE832
S31500011930F08386680123964228BF1646DDE7002B11
S31500011940DDD004A801F074F8FEF7A4FD2046FFF7E8
S315000119506BFF8642054631D90021084601F08AFC13
S31500011960D4F81480B8F1000F10D04FF0200383F3A0
S315000119701188BFF36F8FBFF34F8F164912480DF0D1
S31500011980B5F94FF4FA7000F0C5FBFAE701F00AF970
S315000119906061FEF7ADFD039B41464246009340461A
S315000119A0434601F04FFA03A904A8C4F8148001F0D4
S315000119B073F80028C8D0002DA1D0A4E7FEF798FD42
S315000119C0F9E700BF4D4202007C3A02003E420200A6
S315000119D056420200784202002DE9F043044685B0E2
S315000119E016469946884681B94FF0200383F311883C
S315000119F0BFF36F8FBFF34F8F444945480DF076F91A
S31500011A004FF4FA7000F086FBFAE780B94FF0200335
S31500011A1083F31188BFF36F8FBFF34F8F3D493C4866
S31500011A200DF064F94FF4FA7000F074FBFAE7037FE6
S31500011A3013F0010F14BF04270027B9F1000F30D0AE
S31500011A40FEF728FD2046FFF740FD8742054619D3DC
S31500011A500021084601F00EFC236983B14FF02003F3
S31500011A6083F31188BFF36F8FBFF34F8F2A4928483D
S31500011A700DF03CF94FF4FA7000F04CFBFAE701F077
S31500011A8091F82061FEF734FDAF4214D30023CDF85F
S31500011A9000901A461946184601F0D4F9002320464B
S31500011AA02361FFF712FDB842054604D800252846F2
S31500011AB005B0BDE8F08377B12B463A4603A9204627
S31500011AC0D4F80090FFF70AFD039BED1B9E421BD243
S31500011AD00026C4F800902B46324641462046FFF7C1
S31500011AE0FDFC05460028E1D000F0F4F9636943B135
S31500011AF000266069334632463146009601F012FAF5
S31500011B00666100F083FAD2E71E46E4E7A3420200CB
S31500011B107C3A02003E420200AC42020073B5044622
S31500011B2080B94FF0200383F31188BFF36F8FBFF3A2
S31500011B304F8F124912480DF0D9F84FF4FA7000F0A0
S31500011B40E9FAFAE7EFF311864FF0200383F31188E0
S31500011B50BFF36F8FBFF34F8F0069002548B120692E
S31500011B602B462A46CDE90051294601F0A1FA01206A
S31500011B70256186F3118802B070BD00BF3E420200A6
S31500011B807C3A02002DE9F0410446FEF783FC314B15
S31500011B90314D1A68314E01321A602A68002A4FD136
S31500011BA02C601B68012B25D12D48FEF7C3FB2D4860
S31500011BB0FEF7C0FB2C48FEF7BDFBDFF8DC802B48A7
S31500011BC0FEF7B8FB2A4F2B48FEF7B4FB4046FEF75B
S31500011BD0B1FB3846FEF7AEFB2748FEF7ABFB2748BD
S31500011BE0FEF7A8FB2648FEF7A5FB264BC3F80080A7
S31500011BF0254B1F60254A264913680868013313607F
S31500011C00E3640123E26A9340034314200B60211D20
S31500011C10134B00FB0230FEF79BFBFEF769FC3368B2
S31500011C2063B12B68DA6AE36A9A4207D2194B4FF01D
S31500011C3080521A60BFF34F8FBFF36F8FBDE8F081FB
S31500011C403368002BD6D12B68DA6AE36A9A42D1D877
S31500011C502C60CFE7C8CB002050CB002024CC00203D
S31500011C605CCB002070CB002084CB002098CB0020D9
S31500011C70F0CB0020ACCB002010CC00203CCC0020C7
S31500011C8028CC002054CB002058CB0020D4CB0020F8
S31500011C90D8CB002004ED00E0DCCB0020F8B51D4FC9
S31500011CA000221D4B04460E461D683B68386883F8C2
S31500011CB0DF200430FEF76FFB3B4640B93968174811
S31500011CC0CF6A01210268B94022EA01020260621C60
S31500011CD007D136B1196812480431BDE8F840FEF75C
S31500011CE037BB2C191A68546007D30E4A1068196855
S31500011CF0BDE8F8400431FEF737BB0B4A1068196896
S31500011D000431FEF731FB094B1A68A24200D91C6067
S31500011D10F8BD00BF50CB002050CC0020D8CB00200E
S31500011D2028CC002058CB002054CB002004CC002026
S31500011D30094B0A4A1B681268D06A58B9084A1268E0
S31500011D40012A08D8012B06D8064B1868064B1B68D2
S31500011D50C01A704700207047D8CB002050CB002016
S31500011D605CCB002004CC002050CC0020064A13682E
S31500011D701968064B19B94FF0FF321A60704712689D
S31500011D80D2681268F9E700BF54CB002004CC0020CA
S31500011D902DE9F0474FEA820A07460D46A52152462C
S31500011DA09846AAF1040ADDE90994206B0CF040F982
S31500011DB0226B92442AF0070AC4F848A0002D51D09C
S31500011DC06B1E04F13402133513F8011F02F8011BCF
S31500011DD0197809B1AB42F7D1002384F84730089E40
S31500011DE00025201D042EA56528BF0426E66266652A
S31500011DF0C6F10506FEF7A9FA04F11800FEF7A5FAE1
S31500011E001422294604F15C002461A66164622567F7
S31500011E100CF00EF90822294604F1D4000CF008F959
S31500011E200222294604F1DC000CF002F9602229465F
S31500011E3004F174000CF0FCF80C4B42463946A367DA
S31500011E4050460B4B84F8DF50E3670A4BC4F88030E9
S31500011E50FEF7FCFA2060B9F1000F01D0C9F8004085
S31500011E60BDE8F08784F83450B9E700BF1085020059
S31500011E7030850200F08402002DE9F043074685B063
S31500011E80900088461646994601F0A8FC0546E8B139
S31500011E90E02001F0A3FC0446A8B100230563324605
S31500011EA0414680F8DE300D9B0290384601930C9B2B
S31500011EB000934B46FFF76CFF2046FFF763FE0120B8
S31500011EC005B0BDE8F083284601F08AFC4FF0FF30EB
S31500011ED0F6E70000024A136801331360704700BF3A
S31500011EE0D0CB0020014B1868704700BF50CC0020B2
S31500011EF02DE9F84F384B1B68002B67D1374B1E680D
S31500011F0001361E60FEB9364B1A68126882B14FF06F
S31500011F10200383F31188BFF36F8FBFF34F8F3149CE
S31500011F2031480CF0E3FE4FF4FA7000F0F3F8FAE7EB
S31500011F302E4A19681068186011602D4A136801331A
S31500011F401360FFF713FF2B4F00243B689E4207D215
S31500011F50294B1B68002B18BF01242046BDE8F88FCA
S31500011F60DFF87C90DFF89C80DFF89CA0D9F8003080
S31500011F701B681BB94FF0FF333B60E9E7D9F8003026
S31500011F80DB68DD686B689E42F6D305F1040B5846A3
S31500011F90FEF701FAAB6A1BB105F11800FEF7FBF972
S31500011FA0EA6A0123D8F800101420934000FB02A02E
S31500011FB00B435946C8F80030FEF7CAF90F4BEA6AD7
S31500011FC01B68DB6A9A4228BF0124CFE70C4A00242A
S31500011FD0136801331360C0E7D0CB002050CC00203A
S31500011FE054CB0020DA4202007C3A020058CB002092
S31500011FF008CC002004CC002054CC002050CB00207B
S315000120000CCC0020D8CB00205CCB00202DE9F3417D
S31500012010354C236883B94FF0200383F31188BFF34E
S315000120206F8FBFF34F8F314931480CF05FFE4FF48C
S31500012030FA7000F06FF8FAE7FEF72CFA2368013B15
S315000120402360246834B10024FEF752FA204602B018
S31500012050BDE8F081274B1B68002BF4D0264D274E97
S31500012060DFF8AC801FE0EB680127DC6804F118009B
S31500012070FEF791F9211D08460191FEF78CF9E26AF6
S31500012080306807FA02F301990343142000FB02802A
S315000120903360FEF75DF91A4BE26A1B68DB6A9A4206
S315000120A001D3184B1F602B68002BDCD10CB1FFF755
S315000120B05DFE154D2C6844B1124E0127FFF718FF3E
S315000120C000B13760013CF9D12C600E4B1B68002B27
S315000120D0B9D00E4B4FF080521A60BFF34F8FBFF34A
S315000120E06F8F0124B0E700BFD0CB0020054302006B
S315000120F07C3A0200C8CB002010CC0020D8CB0020AF
S3150001210050CB002054CC00200CCC002004ED00E084
S315000121105CCB002008B540B9124B4FF080521A60D3
S31500012120BFF34F8FBFF36F8F08BD0F4B196881B196
S315000121304FF0200383F31188BFF36F8FBFF34F8FE7
S315000121400A490B480CF0D2FD4FF4FA70FFF7E2FF93
S31500012150FAE7FFF7BFFEFFF7A1FDFFF757FF0028DC
S31500012160DAD0E1E704ED00E0D0CB00201A4302000B
S315000121707C3A020070B586B0DDE90B5485B94FF0A3
S31500012180200383F31188BFF36F8FBFF34F8F21496C
S3150001219021480CF0ABFD4FF4FA70FFF7BBFFFAE7ED
S315000121A084B94FF0200383F31188BFF36F8FBFF318
S315000121B04F8F1A4918480CF099FD4FF4FA70FFF742
S315000121C0A9FFFAE7E0260596059EE02E10D04FF00E
S315000121D0200383F31188BFF36F8FBFF34F8F10492D
S315000121E00D480CF083FD4FF4FA70FFF793FFFAE701
S315000121F025630225059E84F8DE5004AD02940195FF
S315000122000A9D0095FFF7C4FD2046FFF7BBFC049825
S3150001221006B070BD344302007C3A02004B43020013
S315000122206043020010B5044674300CF085FD94F845
S31500012230DE303BB9206B01F0D3FA2046BDE81040F1
S3150001224001F0CEBA012BF8D0022B10D04FF02003AB
S3150001225083F31188BFF36F8FBFF34F8F044905488E
S315000122600CF044FD4FF4FA70FFF754FFFAE710BD86
S31500012270794302007C3A0200F8B504462D4DFEF77B
S3150001228009F904B92C68261D3046FEF784F860B9B1
S31500012290E76A1420284B78431B5833B92749012292
S315000122A00B68BA4023EA02030B60A36A1BB104F16F
S315000122B01800FEF770F8224A1368013313602B6881
S315000122C0A34223D131461F48FEF742F81E4A13683E
S315000122D001331360FEF70CF91C4B1B6843B32B68E3
S315000122E0A34225D11A4B1B68D3B14FF0200383F3C8
S315000122F01188BFF36F8FBFF34F8F164916480CF045
S31500012300F5FC4FF4FA70FFF705FFFAE7134A20468A
S315000123101368013B1360FFF785FFFFF727FDD9E738
S315000123200F4B4FF080521A60BFF34F8FBFF36F8F81
S31500012330F8BD00BF50CB00205CCB0020D8CB0020DD
S31500012340D4CB00203CCC0020CCCB002024CC0020D8
S31500012350D0CB00201A4302007C3A0200C8CB0020F1
S3150001236004ED00E073B5054680B94FF0200383F311
S315000123701188BFF36F8FBFF34F8F234923480CF0AA
S31500012380B5FC4FF4FA70FFF7C5FEFAE7FEF7C2F99E
S31500012390EFF311864FF0200383F31188BFF36F8F9C
S315000123A0BFF34F8F1A4B6A699A422AD1AC6A194810
S315000123B0844226D02CBB184B1B68FBB9174B291D31
S315000123C0EC6A1B6808460191DB6A9C4234BF002413
S315000123D00124FDF7E0FFEA6A114801230199056826
S315000123E093402B43036014200E4B00FB0230FDF794
S315000123F0AFFF86F31188204602B070BD05F11801C2
S31500012400F5E70024F5E700BFBF4302007C3A02006E
S3150001241028CC002010CC0020D0CB002050CB0020AF
S31500012420D8CB00205CCB002010B588B0002407AAC9
S3150001243006A905A8CDE90544FDF706FE059B079A01
S315000124400293069B1B491C48CDE900432346FFF72F
S3150001245091FED0B100F08EFF012818D14FF0200374
S3150001246083F31188BFF36F8FBFF34F8F134B144A5A
S315000124701B68743313604FF0FF32124B1A60124B14
S315000124801860124B1C60FEF7A3F808B010BD0130AE
S31500012490FBD14FF0200383F31188BFF36F8FBFF396
S315000124A04F8F0B490B480CF021FC4FF4FA70FFF7E4
S315000124B031FEFAE7CD4302002525010050CB00206D
S315000124C0A0AA002004CC002024CC002050CC00205F
S315000124D0D24302007C3A020008B50E4B0E491A6837
S315000124E0096802448A4210D94FF0200383F3118808
S315000124F0BFF36F8FBFF34F8F084909480CF0F6FB06
S315000125004FF4FA70FFF706FEFAE71A6810441860EE
S3150001251008BD00BF50CC002004CC002003440200BB
S315000125207C3A02002DE9F041254E264F264C274DD7
S3150001253023683BBB264B1B68012B06D94FF0805302
S315000125403B60BFF34F8FBFF36F8FFFF7F1FB092896
S31500012550ECD9FFF7BFFC1F4B1A681F4B1B689A4249
S3150001256025D24FF0200383F31188BFF36F8FBFF39A
S315000125704F8F1A491A480CF0B9FB4FF4FA70FFF75E
S31500012580C9FDFAE7FDF786FFF368D3F80C8008F179
S315000125900400FDF700FF2B68013B2B602368013B1C
S315000125A02360FDF7A5FF4046FFF73CFEC0E7FFF7B6
S315000125B0BFFB092801D9EFF751FBFFF727FDB5E767
S315000125C03CCC002004ED00E0CCCB0020C8CB0020A1
S315000125D05CCB002004CC002050CC00203944020002
S315000125E07C3A020038B5264B1A68264B12B10122F5
S315000125F01A6038BD1A6002F0E9FA234B23491860C4
S315000126000C681A68A24206D9214A1D681068026F31
S31500012610121B2A4402671B680B601E4B1B68B3FA28
S3150001262083F3DBB214221C49C3F11F035A438C58AE
S31500012630881884B94FF0200383F31188BFF36F8F95
S31500012640BFF34F8F154916480CF050FB4FF4FA7043
S31500012650FFF760FDFAE74468083264680A44944269
S31500012660446004BF62684260142202FB03135B6884
S31500012670DA68074B1A601B680A4A74331360B8E7B5
S31500012680D0CB002054CC0020C4CB0020C0CB0020EE
S3150001269050CB0020D8CB00205CCB00205C4402004C
S315000126A07C3A0200A0AA0020F8B50446334EFDF795
S315000126B0F1FE04B93468251D2846FDF76CFE60B9A4
S315000126C0E76A14202E4B78431B5833B92D49012252
S315000126D00B68BA4023EA02030B60A36A1BB104F13B
S315000126E01800FDF758FE29462748FDF731FE94F8F4
S315000126F0DC30012B02D1002384F8DC3094F8DD3084
S31500012700012B02D1002384F8DD30204DFDF7F0FEC8
S315000127102A682AB1FDF7BEFEFFF728FBFDF7E8FEA2
S315000127203368A3421DD12B68E3B1194B1B6883B1F2
S315000127304FF0200383F31188BFF36F8FBFF34F8FE1
S31500012740144915480CF0D2FA4FF4FA70FFF7E2FC7F
S31500012750FAE7124B4FF080521A60BFF34F8FBFF367
S315000127606F8FF8BD084A11680D4A1268914201D16E
S315000127703360F6E7BDE8F840FFF734BF50CB0020E1
S315000127805CCB0020D8CB002028CC002024CC002014
S31500012790D0CB00201A4302007C3A020004ED00E08F
S315000127A0C8CB002010B50C4680B94FF0200383F347
S315000127B01188BFF36F8FBFF34F8F0A490A480CF098
S315000127C095FA4FF4FA70FFF7A5FCFAE7074B19687B
S315000127D01831FDF7C9FD20460121BDE81040FFF77C
S315000127E05DBA00BFA34402007C3A020050CB002030
S315000127F010B5144680B94FF0200383F31188BFF357
S315000128006F8FBFF34F8F164916480CF06FFA4FF4CE
S31500012810FA70FFF77FFCFAE7134B1B6883B94FF099
S31500012820200383F31188BFF36F8FBFF34F8F0F49D7
S315000128300C480CF05BFA4FF4FA70FFF76BFCFAE701
S315000128400B4B41F000411A68916119681831FDF787
S315000128507FFD20460121BDE81040FFF71FBA00BFEA
S31500012860A34402007C3A0200D0CB0020AF44020010
S3150001287050CB002038B50D46144680B94FF02003E1
S3150001288083F31188BFF36F8FBFF34F8F0B490C484A
S315000128900CF02CFA4FF4FA70FFF73CFCFAE7094BFF
S315000128A019681831FDF754FD002C21460CBF284646
S315000128B04FF0FF30BDE83840FFF7F0B9A3440200FE
S315000128C07C3A020050CB0020C36837B5DC6884B976
S315000128D04FF0200383F31188BFF36F8FBFF34F8F40
S315000128E01C491D480CF002FA4FF4FA70FFF712FC6E
S315000128F0FAE704F1180108460191FDF74CFD174B63
S3150001290001991B68FBB9211D08460191FDF743FD9D
S31500012910E26A134801230199056893402B4303603A
S315000129201420104B00FB0230FDF712FDFFF71EFAD3
S315000129300D4BE26A1B68DB6A9A4208D901200B4BF0
S31500012940186003B030BD0A48FDF702FDF0E700202C
S31500012950F7E700BFC94402007C3A0200D0CB002051
S31500012960D8CB00205CCB002050CB002054CC0020DB
S3150001297010CC0020264A126873B582B94FF02003A5
S3150001298083F31188BFF36F8FBFF34F8F214922481D
S315000129900CF0ACF94FF4FA70FFF7BCFBFAE741F023
S315000129A00041C468016084B94FF0200383F31188A4
S315000129B0BFF36F8FBFF34F8F184917480CF096F985
S315000129C04FF4FA70FFF7A6FBFAE7FDF7E4FC0125E1
S315000129D0FFF7CCF9211D08460191FDF7DCFCE26AFF
S315000129E00F4805FA02F30199066833430360142080
S315000129F00C4B00FB0230FDF7ABFC0B4BE26A1B688C
S31500012A00DB6A9A4201D9094B1D6002B070BD00BF55
S31500012A10D0CB0020D84402007C3A0200C94402000F
S31500012A20D8CB00205CCB002050CB002054CC00201A
S31500012A3010B5044680B94FF0200383F31188BFF324
S31500012A406F8FBFF34F8F0A490A480CF04FF94FF4C5
S31500012A50FA70FFF75FFBFAE7FDF71CFD064B1B68F3
S31500012A602360064B1B686360BDE81040FDF740BD5F
S31500012A70F84402007C3A020008CC002050CC002029
S31500012A80034B1B680360034B1B684360704700BF21
S31500012A9008CC002050CC002070B50E46054680B902
S31500012AA04FF0200383F31188BFF36F8FBFF34F8F6E
S31500012AB0224923480CF01AF94FF4FA70FFF72AFB62
S31500012AC0FAE781B94FF0200383F31188BFF36F8FC3
S31500012AD0BFF34F8F1B491A480CF008F94FF4FA70EF
S31500012AE0FFF718FBFAE7FDF7D5FC174B1968174BEB
S31500012AF01A6892F8DF4044B11B68002283F8DF2090
S31500012B000124FDF7F5FC204670BD33685A1CF8D048
S31500012B100F482C6800686A68844204D08A4202D849
S31500012B2000233360ECE7881A8342F9D95B1A2846F9
S31500012B30002413443360FFF7A3FFE2E7F8440200E1
S31500012B407C3A02000245020050CC002050CB002006
S31500012B5008CC0020014B01221A60704754CC00209A
S31500012B600B4B1B687BB90B4A106870B90A4B1B6883
S31500012B7063B90A4B18680A4B1B68013B984214BF9C
S31500012B80012002207047002070471846704700BF99
S31500012B9010CC002054CC00200CCC002028CC0020E6
S31500012BA0C8CB0020014B1868704700BF50CB0020EE
S31500012BB0054B1B6833B1054B1B68002B0CBF02206C
S31500012BC0002070470120704724CC0020D0CB002084
S31500012BD0F7B50446002832D0214AC36A1168164661
S31500012BE0C96A8B4233D28269002A04DB3268D26A0F
S31500012BF0C2F10502826114221A4D02FB0353626976
S31500012C009A421ED1211D08460191FDF7C4FB164BC0
S31500012C10019930B9E76A01201A68B84022EA000230
S31500012C201A6032681E68D26AE262012404FA02F06E
S31500012C3030431860142000FB0250FDF789FB204643
S31500012C4003E033680120DB6AE36203B0F0BD136879
S31500012C50406DDC6AA0422CBF00200120F5E700BFD1
S31500012C6050CB00205CCB0020D8CB002037B50446E2
S31500012C7010B9002003B030BD284B1B68834210D029
S31500012C804FF0200383F31188BFF36F8FBFF34F8F8C
S31500012C90234924480CF02AF84FF4FA70FFF73AFA60
S31500012CA0FAE79B6D83B94FF0200383F31188BFF3D5
S31500012CB06F8FBFF34F8F1C491A480CF017F84FF46A
S31500012CC0FA70FFF727FAFAE7C16A013B426D83659D
S31500012CD09142CED0002BCCD1011D08460191FDF7C2
S31500012CE05AFB124A019930B9E56A01201368A840D6
S31500012CF023EA00031360636D1568C3F10500E362FF
S31500012D00A061012404FA03F0284310601420084A44
S31500012D1000FB0320FDF71CFB2046ABE750CB002050
S31500012D20104502007C3A020026450200D8CB00205D
S31500012D305CCB002037B5044600285CD0826D82B991
S31500012D404FF0200383F31188BFF36F8FBFF34F8FCB
S31500012D502A492B480BF0CAFF4FF4FA70FFF7DAF94C
S31500012D60FAE7436D994238BF1946C36A8B4242D08E
S31500012D70012A40D1234A1268824210D14FF0200322
S31500012D8083F31188BFF36F8FBFF34F8F1E491C4822
S31500012D900BF0ACFF4FF4FA70FFF7BCF9FAE7826962
S31500012DA01A4D002A4FF01402C16202FB0353A8BF59
S31500012DB0C1F105014269A8BF81619A421BD1011D7A
S31500012DC008460191FDF7E7FAE46A114A019928B923
S31500012DD001201368A04023EA000313600123106851
S31500012DE0A3400343142000FB0450136003B0BDE865
S31500012DF03040FDF7ADBA03B030BD00BF2645020035
S31500012E007C3A020050CB00203B4502005CCB0020FF
S31500012E10D8CB0020044B1A68196890691A68CB6AE6
S31500012E20C3F105039361704750CB0020044B1A6828
S31500012E301AB119688A6D01328A651868704700BF30
S31500012E4050CB002001282DE9F843DDF82080044607
S31500012E50894617461E4610D94FF0200383F3118881
S31500012E60BFF36F8FBFF34F8F2A492B480BF03EFFFD
S31500012E704FF4FA70FFF74EF9FAE7284DFDF70AFB12
S31500012E802B68234493F8DC30022B1BD02B680121DD
S31500012E9003EB8403D3F8D42022EA0902C3F8D42031
S31500012EA02B68234483F8DC10B8F1000F0AD04046A2
S31500012EB0FEF7F4FE1A4B4FF080521A60BFF34F8FA4
S31500012EC0BFF36F8FFDF714FBFDF7E4FA36B12B68FC
S31500012ED004F1340203EB82035B6833602B682344FD
S31500012EE093F8DC30022B13D12B68012603EB840304
S31500012EF0D3F8D42022EA0702C3F8D4202B681C4455
S31500012F00002384F8DC30FDF7F3FA3046BDE8F88398
S31500012F100026F3E7514502007C3A020050CB00201F
S31500012F2004ED00E001292DE9F341089E05460C4612
S31500012F3090461F4610D94FF0200383F31188BFF343
S31500012F406F8FBFF34F8F504950480BF0CFFE4FF4B0
S31500012F50FA70FFF7DFF8FAE780B94FF0200383F341
S31500012F601188BFF36F8FBFF34F8F494947480BF065
S31500012F70BDFE4FF4FA70FFF7CDF8FAE7FDF78AFACE
S31500012F802EB104F1340305EB83035B6833602B191F
S31500012F90022293F8DC6083F8DC20F6B2042F25D8F0
S31500012FA0DFE807F00B03141E1C0005EB8404D4F8BC
S31500012FB0D42042EA0802C4F8D420012E2BD00126DF
S31500012FC0FDF796FA304602B0BDE8F08105EB8404C0
S31500012FD0D4F8D4300133C4F8D430EEE7022E51D000
S31500012FE0343405EB8404C4F80480E6E7294B1B68F6
S31500012FF0002BE2D04FF0200383F31188BFF36F8FCC
S31500013000BFF34F8F244921480BF070FE4FF4FA703D
S31500013010FFF780F8FAE7291D08460191FDF7BBF98C
S31500013020EA6A1E4806FA02F301990468234303601B
S3150001303014201B4B00FB0230FDF78AF9AB6A83B102
S315000130404FF0200383F31188BFF36F8FBFF34F8FC8
S3150001305014490E480BF04AFE4FF4FA70FFF75AF87E
S31500013060FAE7FEF783FE104BEA6A1B68DB6A9A42AF
S31500013070A5D90E4B4FF080521A60BFF34F8FBFF3A5
S315000130806F8F9DE700269BE7874502007C3A020089
S31500013090BF45020050CC0020CD450200D8CB002010
S315000130A05CCB0020EC45020050CB002004ED00E093
S315000130B02DE9F3470C4692461D468046DDE90A97FF
S315000130C080B94FF0200383F31188BFF36F8FBFF3ED
S315000130D04F8F5C495C480BF009FE4FF4FA70FFF71D
S315000130E019F8FAE7012910D94FF0200383F3118863
S315000130F0BFF36F8FBFF34F8F544953480BF0F6FD63
S315000131004FF4FA70FFF706F8FAE7FDF703FBEFF362
S3150001311011864FF0200383F31188BFF36F8FBFF33E
S315000131204F8FB9F1000F06D004F1340308EB830386
S315000131305B68C9F8003008EB040292F8DC305FFAEC
S3150001314083F9022382F8DC30042D26D8DFE805F066
S315000131500B03141F1C0008EB8404D4F8D42042EAA4
S315000131600A02C4F8D420B9F1010F2BD0012086F34D
S31500013170118802B0BDE8F08708EB8404D4F8D43096
S315000131800133C4F8D430EEE7B9F1020F57D0343425
S3150001319008EB8404C4F804A0E5E72D4B1B68002B5B
S315000131A0E1D04FF0200383F31188BFF36F8FBFF394
S315000131B04F8F284924480BF099FD4FF4FA70FEF71A
S315000131C0A9FFFAE7D8F8283083B14FF0200383F33B
S315000131D01188BFF36F8FBFF34F8F1F491A480BF04A
S315000131E085FD4FF4FA70FEF795FFFAE71B4B1B6856
S315000131F00BBB08F1040108460191FDF7CCF818480C
S31500013200D8F82C20046809FA02F3019923430360D4
S315000132101420144B00FB0230FDF79AF8124BD8F834
S315000132202C201B68DB6A9A42A0D9012307B13B60B7
S315000132300E4A13609AE708F118010D48ECE70020E1
S3150001324095E700BFBF4502007C3A020087450200B0
S3150001325050CC0020CD450200EC450200D0CB002029
S31500013260D8CB00205CCB002050CB002054CC0020D2
S3150001327010CC0020012938B504460D4610D94FF06F
S31500013280200383F31188BFF36F8FBFF34F8F0D496F
S315000132900D480BF02BFD4FF4FA70FEF73BFFFAE7F2
S315000132A008B90A4B1C68FDF7F5F86119002491F875
S315000132B0DC30022B02D181F8DC400124FDF718F93C
S315000132C0204638BD2A4602007C3A020050CB002037
S315000132D0F7B5114CFDF7DEF82568BDB90F4F104E55
S315000132E03846FDF727F83046FDF724F80D4B0E4A10
S315000132F010211F600A200D4B1E600D4B0095FDF736
S3150001330027FB206010B10B49FEF772F803B0BDE848
S31500013310F040FDF7EDB800BF7CCD002000CD0020C8
S3150001332014CD002058CC002060CC00205CCC0020BD
S315000133302CCD002088460200914208B5416000610B
S315000133400AD8D21A83699A420DD2011D074B186811
S31500013350FDF70AF8002008BD9A4201D2994202D22D
S31500013360011D034BF3E70120F5E700BF5CCC00200C
S3150001337058CC002010B588B0FFF7AAFF164B1B6882
S31500013380B3B1002407AA06A905A8CDE90544FCF7AF
S3150001339067FE059B079A0293069B10490193042336
S315000133A00F4800932346FEF7E5FE0E4B186080B9E1
S315000133B04FF0200383F31188BFF36F8FBFF34F8F55
S315000133C009490A480BF092FC4FF4FA70FEF7A2FE87
S315000133D0FAE7012008B010BD7CCD0020A946020005
S315000133E0F134010080CD0020B14602007C3A020092
S315000133F07FB5164604461A4680B94FF0200383F37B
S315000134001188BFF36F8FBFF34F8F114911480BF02E
S315000134106DFC4FF4FA70FEF77DFEFAE70E4D286853
S3150001342078B105290294CDE900160CDCFFF7C0FB43
S3150001343000230228694628680CBF089A1A46FDF738
S3150001344089FB04B070BD00236946FDF7B1FCF8E7BE
S31500013450B94602007C3A02007CCD0020F0B5204D31
S3150001346085B000272B681A682AB91E4A11681360AD
S31500013470296005B0F0BDDB68DC681E68211D0846C1
S315000134800391FCF788FF236A2046984794F8283071
S31500013490039913F0040FE5D0A36933449E4205D284
S315000134A0286863602461FCF75FFFDBE7002332468F
S315000134B0204600971946FFF79BFF0028D2D14FF00F
S315000134C0200383F31188BFF36F8FBFF34F8F064934
S315000134D006480BF00BFC4FF4FA70FEF71BFEFAE7F9
S315000134E058CC00205CCC0020C04602007C3A020089
S315000134F02DE9F04F834F87B0DFF824A2B9463B6828
S31500013500D3F800B0BBF1000F28D0DB680024D3F854
S3150001351000B07D4EFEF7DEFCFEF7E4FC054633689F
S31500013520B04698421CD330601CB3784B1B681C68AC
S31500013530B4FA84F46409764B2246ABEB05011868AC
S31500013540FDF7A0FFFEF762FD78B94FF08053CAF888
S315000135500030BFF34F8FBFF36F8F06E00124D8E72A
S31500013560FFF77CFF3560FEF751FD694E4FF0000B0A
S315000135703DE08345DFD8FEF749FDD9F80030DB6829
S31500013580DE68301DFCF707FF96F82830580720D56E
S31500013590B1695B462A4630465944FFF7CDFEE0B194
S315000135A023465A46214630460094FFF721FFA0B92B
S315000135B04FF0200383F31188BFF36F8FBFF34F8F53
S315000135C0544955480BF092FB4FF4FA70FEF7A2FDF1
S315000135D0FAE723F0010386F82830336A3046984724
S315000135E0C3E7039B05999847029B002B0ADA002241
S315000135F002A93068FDF7FEFC002880D0029B0498E2
S31500013600002BEEDB049C6369A3B9FEF76BFCD8F8CB
S3150001361000300546984201D2FFF720FF029BC8F809
S315000136200050092BE3D8DFE803F00909093C43649C
S3150001363009093C43201DFCF7AEFEE6E794F8283065
S315000136402A46A169204643F0010384F82830039BEA
S315000136501944FFF771FE0028C9D0236A204698470E
S3150001366094F828305907C2D5A26900230399204648
S31500013670CDF800B00A441946FFF7BAFE0028B6D1C4
S315000136804FF0200383F31188BFF36F8FBFF34F8F82
S31500013690204921480BF02AFB4FF4FA70FEF73AFD58
S315000136A0FAE794F8283023F0010384F828309EE7DE
S315000136B094F82830039943F00103A16184F8283076
S315000136C081B94FF0200383F31188BFF36F8FBFF3E6
S315000136D04F8F124910480BF009FB4FF4FA70FEF7B1
S315000136E019FDFAE72B462A4629442046FFF724FE10
S315000136F07DE794F828309A07D5D4204600F070F873
S3150001370075E700BF58CC002028CD00205CCC0020F6
S315000137107CCD0020C04602007C3A0200C846020069
S3150001372004ED00E01FB514461A466FF00103CDE91A
S31500013730003005480023CDE9021469460068FDF70B
S3150001374037FB04B010BD00BF7CCD002038B50C4658
S31500013750FEF7C0FB0B4B0C491D682A198A4205D995
S315000137604FF0FF35FCF788FC284638BD1A60074A3A
S3150001377013681B1B1360064B196821441960FEF779
S3150001378045FCF1E70C80002000000081108000203C
S3150001379084CD002008B5EFF305831BB9BDE80840C9
S315000137A0FEF798BB4FF0200383F31188BFF36F8FA9
S315000137B0BFF34F8F044905480BF098FA4FF4FA709E
S315000137C0FEF7A8FCFAE700BFED4602007C3A0200CC
S315000137D0FEF71CBCFEF77EBBFEF718BC0AF0E2BB87
S315000137E00AF0E8BB082894BF054B012010B59FBF1E
S315000137F003EBC00443F830100020626010BD00BF27
S3150001380088CD0020082838B504460D460CD800F0AE
S315000138109FF8064B1B68984206D245EA04400021F0
S31500013820BDE8384000F09CB8012038BD18470200B9
S3150001383038B5C4B20D46022C09D0032C05D0012C93
S3150001384004D189880420FFF7DDFF2C7038BDC988B3
S31500013850F8E70A780B46012A02D0022A06D07047F9
S315000138604860022105201970FFF7CCBF4A6842EA79
S31500013870004048600321F5E7082838B504460D469F
S315000138800CD800F065F8064B1B68984206D245EA4B
S3150001389004400121BDE8384000F062B8012038BD7E
S315000138A01847020008B500F053F8054B1B6898420B
S315000138B003D2BDE8084000F02BB8012008BD00BFC7
S315000138C01847020010B500F043F80C4A12689042FE
S315000138D012D2B0FA80F30A490A4A5B0901EBC00425
S315000138E001EBC3035462D362074C084B1462936223
S315000138F0BDE8104000F018B8012010BD18470200BD
S31500013900D0CD002088CD0020533801003138010088
S31500013910044808B5F5F790FA00210120BDE80840F2
S31500013920FFF770BF0080C440074A536A23F470232F
S3150001393043F0807353622022044B83F876234FF4BD
S315000139408002DA60002070470080C44000E100E098
S31500013950024BD3F86009C0F30030704700C0CA407B
S31500013960024608B529B903210348F5F773FA002081
S3150001397008BD014BD860FAE70080C4400C4BD869FA
S3150001398010B488B1030C5A1ED2B2072A0CD8DBB286
S31500013990084A52F833403CB102EBC30380B259687E
S315000139A023465DF8044B18475DF8044B704700BF8A
S315000139B00080C44088CD002008B5EFF305810320BF
S315000139C089B2FFF71FFFFEE708B5FFF7F5FF08B558
S315000139D0FFF7F2FF704770477047704770477047AF
S315000139E07047704770477047704700002DE9F041F6
S315000139F00D4D14240D4F4FF001082A6A0C4E174045
S31500013A0027FA04F3DB0706D508FA04F303F070433B
S31500013A102B623368984701340436202CF0D1BFF36A
S31500013A204F8F0020BDE8F0810080C4409001F0FF77
S31500013A30344702007FB504AB044603E906000023C0
S31500013A400299C0E9003383600398050140F31B0026
S31500013A50B0F1006F02D30A4809F04AFE20B12846A8
S31500013A60019109F077FD019946192060A66015B10B
S31500013A702A460AF0B5FA2046666004B070BD00BF5A
S31500013A80FE1402000029F0B50E46D4BF0021012123
S31500013A90012891B0044609D002280AD0002853D142
S31500013AA0012401F01BFF204611B0F0BD01F016FF05
S31500013AB0F9E700F07FFD042001F02CFF044618B958
S31500013AC022480BF013F9EEE701210AA800F04EFD9A
S31500013AD0002E4FF47A720CAD08AB03AF0DF1040C56
S31500013AE01DDD642EA8BF642626EAE676CDE90862C6
S31500013AF001268DF82C600FCBCDE9015685E80F0024
S31500013B003B4605A89CE80600FFF794FF05A800F0D0
S31500013B1089FD05980028C6D009F007FDC3E70126EF
S31500013B2000218DF82C60CDE908120FCBCDE90356A3
S31500013B3085E80F00634605A897E80600FFF77AFFB8
S31500013B4005A800F047FEE4E70024ACE7644702005D
S31500013B50002914BF64210021FFF794BF7047704705
S31500013B607047022A38B5044607D0032A0FD0012A26
S31500013B7001D10B682360002038BD0D680C2009F0C7
S31500013B80E9FC034695E8070083E80700F2E70068C9
S31500013B900028F0D00C2109F0CAFCECE7022A38B55E
S31500013BA0044607D0032A0FD0012A01D10B682360EE
S31500013BB0002038BD0D680C2009F0CCFC034695E8C1
S31500013BC0070083E80700F2E700680028F0D00C211F
S31500013BD009F0ADFCECE703680968126870B49D68EA
S31500013BE05C681B68661005EB6400E40744BFAC59CA
S31500013BF0E35870BC18470368096830B49C685A6872
S31500013C001B68551004EB6200D20748BF625930BCED
S31500013C1048BFD358184710B5044600F59060EDF734
S31500013C20ECFB204610BD0000044B10B5044640F8DD
S31500013C30043BEDF7E2FB204610BD00BF44570200EE
S31500013C4070B5044600F23C4009F07EFDD4F83054CC
S31500013C50D4F83464AE4204D028461035EDF7CDFBD6
S31500013C60F8E7D4F8300408B109F05FFCD4F824541D
S31500013C70D4F82864AE4204D028461035EDF7BDFBD2
S31500013C80F8E7D4F8240408B109F04FFCD4F8080485
S31500013C9008B109F04AFC204670BD0000F8B5304E67
S31500013CA03578BFF35B8F15F0010557D1304609F022
S31500013CB042FC002852D02B4B2B4C1A68A71D2560BD
S31500013CC0C4F806209A8853F8060F628104F10C02A3
S31500013CD05968257184F8285003C29868012304F1B4
S31500013CE00C01106002222377304684F8403084F8B4
S31500013CF04C3004F1380384F82C20636504F1500339
S31500013D0084F85020A3654FF481732576A4F85C30BE
S31500013D10164BC4E90C1540F20221A16304F1180106
S31500013D20E1630A21C4E91835616404F1580304F119
S31500013D302801C4E90875A164A366C4F88854C4F8C7
S31500013D409C54C4F8E055C4F8E455C4F8E85509F0A4
S31500013D50FEFB074A2046074909F0E2FB0248F8BD87
S31500013D6008EC0020681402000CEC0020A9410100B7
S31500013D7000800020173C010010B50B4C2378BFF3DF
S31500013D805B8FDB070ED4204609F0D5FB50B10748FF
S31500013D9003F042FD204609F0DAFB054A05490348CE
S31500013DA009F0BEFB014810BD00CE002004CE002064
S31500013DB000800020413C01002DE9F04101208EB038
S31500013DC0DFF8508315461E46EEF772F9A648F5F759
S31500013DD0C1FB00F0D7FD00F071FE01F00BFD98F874
S31500013DE00010BFF35B8F11F001040FD1404609F0BB
S31500013DF0A2FB58B19D4F40469D4BFC603B6009F0CC
S31500013E00A6FB9C4A38469C4909F08AFB974802F072
S31500013E100DF800F0A1FDFFF741FF3246294601F0FA
S31500013E202DF9002001F090FB50B9FFF737FF934BB6
S31500013E30934A94490093542300F090FFFEF74AF801
S31500013E400021914E084614F0EFFC00F071FBFFF7DC
S31500013E5093FF04780134E4B20470FFF78DFF05780F
S31500013E600135EDB20570FFF787FF4378214600243F
S31500013E705A1CD2B2427082712A46304602F082FC46
S31500013E80FFF77AFF05460C20099409F063FB7F4B87
S31500013E90866007900594C0E900347D4B0C200A9397
S31500013EA07C4B099309F056FB7B4B07AA866006F10A
S31500013EB038010390C0E90034784B2846784C0693C4
S31500013EC0784B059317230193774B009303AB03F0CC
S31500013ED02DFF03A8EDF791FA07A8EDF78EFAFFF784
S31500013EE04BFF03F05FFC2378BFF35B8FDA070ED439
S31500013EF0204609F020FB50B16C4805F0C9FC20466C
S31500013F0009F025FB5B4A6A49684809F009FB694ED5
S31500013F10664805F02BFC3578674CBFF35B8F15F0CF
S31500013F20010517D1304609F006FB98B1634B3046BF
S31500013F30C4F838552360624BC4F840551B68C4F871
S31500013F404455C4F83C3509F002FB4A4A5D4920460E
S31500013F5009F0E6FA23685C4E9B6857489847337820
S31500013F605A4CBFF35B8F13F001050FD1304609F0B0
S31500013F70E2FA58B1564B3046C4F83055236009F081
S31500013F80E6FA3C4A5349204609F0CAFA23684F48E3
S31500013F909B689847504C00F02DFD504B302207A8E6
S31500013FA083F82423F4F7A4F80220F2F779FB07AA91
S31500013FB003464B494B48EDF7EDFD2378BFF35B8F85
S31500013FC0DB070ED4204609F0B6FA50B1464D20461D
S31500013FD0464B2B6009F0BBFA264A4549284609F0AB
S31500013FE09FFA444E3F49404808F0D3FF3378BFF368
S31500013FF05B8F13F0010410D1304609F09CFA60B1D1
S315000140003D4D30463D4B85F8544F2B6009F09FFAE4
S31500014010184A3B49284609F083FA3249364804F0E2
S31500014020B7FD0322002337493748CDE9002340F67F
S315000140308C22FDF721FF01280AD0FFF72FFE334B13
S315000140400F4A10490093692300F088FEFDF742FFED
S315000140502F4A136C43F008031364FEF7E5F90020B9
S315000140600EB0BDE8F08100BF0080CC40E0EB00203F
S31500014070A457020000800020293C0100D34702001A
S3150001408090470200BA47020048F200205544010059
S31500014090F73B0100633B0100A96B0100D73B01001F
S315000140A0E0CD00209D3B01006D480200E4CD0020DB
S315000140B04741010090D7002094D70020705E02008E
S315000140C098AA00205F3B010058D200205CD2002054
S315000140D0405F0200613B0100DCDC002000E100E002
S315000140E00040C34004F20020E0DC002050830200BF
S315000140F05D3B01009CAE0020A0AE0020A461020041
S31500014100F9130000E947020001170000F247020017
S3150001411000400E40DCEB002001231A46FFF74CBE9F
S3150001412070B505460C466CB1E1682846FFF7F8FF05
S31500014130A66804F11400EDF760F9204609F0F5F9D7
S315000141403446F0E770BD10B50446C1680430FFF788
S31500014150E7FF204610BD70B58B68164604460D1D57
S31500014160012253B118691D463268904287BF98688B
S315000141700122D86800220346F3E792B1CA68AA422F
S3150001418003D1C4E90035204670BD284609F04CFA32
S31500014190336802699A424FF00003F2D3C4E900037F
S315000141A0F1E72846F4E700002DE9F04F92464B4A25
S315000141B08146141D95689046A3462DED028B08EEA7
S315000141C0101A85B045B12A694A453ABFEA682546BB
S315000141D0AA682C461546F5E75C4502D02269914549
S315000141E030D2182009F0B6F900225C450746426133
S315000141F000F11002C0F810902FD1D8F8141021B197
S31500014200D8F810603169494509D3344902A8FFF746
S31500014210A2FFDDE90246002E5BD0002C57D15E4598
S3150001422055D03869336998422CBF002001202C4BA8
S315000142303246394609F0FAF9D8F814300133C8F88C
S3150001424014303C46524618EE101A606905B0BDECB2
S31500014250028BBDE8F04F02F0F1B92169019289455F
S3150001426019D2D8F80C108C4209D0204609F0DCF995
S315000142700169019A494505D2C16851B904462646E4
S315000142800C46C8E7154902A8FFF765FFDDE90214E8
S31500014290F5E72146F3E71CD9D8F81060B4420BD0F4
S315000142A0204609F0AEF901690546019A494505D945
S315000142B0E36853B926461D462C46ACE7074902A8D2
S315000142C0FFF749FFDDE90256F6E70646F4E7012066
S315000142D0ADE73846274609F028F9B2E72C0B01204D
S315000142E0300B012070B58B68164604460D1D012260
S315000142F053B118691D463268904287BF98680122FA
S31500014300D86800220346F3E792B1CA68AA4203D1EC
S31500014310C4E90035204670BD284609F085F93368A1
S3150001432002699A424FF00003F2D3C4E90003F1E7B0
S315000143302846F4E72DE9F04300F1040885B0064666
S3150001434089468568444655B1D9F800302A699A42AA
S315000143503ABFEB682546AB682C461D46F3E7A045F8
S3150001436004D0D9F8002023699A422ED2182009F0E8
S31500014370F1F8D9F800900023A045074600F1100294
S31500014380C0F81090436125D173691BB131690B697E
S315000143904B4509D3314602A8FFF7A4FFDDE90241E7
S315000143A0002951D0002C4DD141454BD038690B69BC
S315000143B098422CBF0020012043460A46394609F09F
S315000143C035F97369013373613C4604F1140005B094
S315000143D0BDE8F08323690192994518D2F3689C429E
S315000143E009D0204609F020F90369019A4B4505D207
S315000143F0C36853B9044621461C46D1E7314602A893
S31500014400FFF770FFDDE90234F5E72346F3E71BD931
S3150001441031698C420BD0204609F0F3F80369054651
S31500014420019A4B4505D9E36853B921461D462C46E9
S31500014430B6E7314602A8FFF755FFDDE90251F6E777
S315000144400146F4E70120B7E73846274609F06DF83B
S31500014450BAE7000013B504460191054801A9FFF723
S3150001446069FF0460019BC4F84C3402B010BD00BF63
S31500014470440B012013B50C46019001A90548009291
S31500014480FFF758FF009A2146006802F0A9FB02B027
S3150001449010BD00BF440B012010B5044640F6FC6177
S315000144A009F045F8204610BD10B504464FF4A96140
S315000144B009F03DF8204610BD10B5044640F23451CE
S315000144C009F035F8204610BD10B5154C154B54F8BA
S315000144D0060F1A46616803C20221A06819741249BF
S315000144E010600022D96103F10C011A7319620121CE
S315000144F0C3F8902483F8241083F8281003F11C01D3
S31500014500D96203F12801196340F20311998607491B
S31500014510C3E90E1203F13001C3E90532196410BD76
S315000145206814020048F20020020C070075440100DD
S3150001453007B5064801A900F085FB18B101A90020BD
S3150001454014F076F903B05DF804FB00BF844802005D
S3150001455008B5034A2821034B034809F033FA00BF83
S315000145609048020017250200E248020000230D4A86
S3150001457013B50446A0F80530C3710260037109B191
S31500014580012903D16171204602B010BDFFF786FBF8
S31500014590054B064A064900933A2300F0DFFBFDF777
S315000145A099FCF0E700C01840FF480200E24802000B
S315000145B0BA47020038B5174A04230124164D136081
S315000145C0C2F8F4431A441360144B1C602B78FBB9F0
S315000145D01348F5F797FC4FF49D7240F2011110480C
S315000145E0F5F798FC40F23B1240F201110C48F5F741
S315000145F091FC4FF49E7240F201110948F5F78AFCCD
S3150001460040F23D1240F201110548F5F783FC2C708A
S3150001461038BD00BF0C810E40DCF600200C850E4033
S3150001462000C003402DE9F04F8BB00446D0E90023CA
S3150001463004AFEA46934246D09B1A2F2B0AD9FFF7BD
S315000146402DFB584B584A59490093582300F086FBD5
S31500014650FDF740FCD4E90032D21A202A1ED19A680D
S315000146609B699A420AD0FFF719FB514B4E4A4F49B3
S3150001467000935A2300F072FBFDF72CFC23681A7B8A
S315000146801B7F9A420AD0FFF709FB4A4B464A474924
S3150001469000935B2300F062FBFDF71CFCD4F800805D
S315000146A007F10C00F4F7EEFD022307F10C0298F86E
S315000146B00C10D8F808003B74F4F71AFD012807D14D
S315000146C03D480AF013FB1C37D546BD46BDE8F08FC1
S315000146D0D4E90023394E9B1AD6F800215B10C2F3A8
S315000146E0022223F00703ADEB030D354B134404AD52
S315000146F0187CF1F7D5FFD6F80031DBB20133B0FBF8
S31500014700F3F298423A602DD32A460025A946D4F8F9
S3150001471000C002F108066368D8F80800A3EB0C0391
S3150001472098F80C10B5EB231F23D20CEB05134FEAB7
S31500014730051E013593F80DB05CF80EC07B603B6831
S3150001474006F808BC82F801C082F8029082F8069049
S3150001475002937B685B68CDE900930123F4F7B2FD10
S315000147603246D4E7174B40F6C501174A174809F0F8
S3150001477029F9032913D8164BB0F888215B5C92B24C
S3150001478003F00F011B020A4303F47063A0F88821AA
S31500014790B0F8882192B21343A0F8883193E7FFF766
S315000147A0D7FE00BF0E490200E2480200BA470200E6
S315000147B02649020069490200B84902000000CC40BE
S315000147C0FC49020012170200CA490200171702002B
S315000147D0F849020038B5D0E90030984212D00B4DA5
S315000147E0197B9C6803290ED8695C1033B4F88821BB
S315000147F00902984292B201F4706122EA0102A4F818
S315000148008821EDD138BDFFF7A3FE00BFF8490200AC
S315000148107047704730B5002289B00C460F488DF8B5
S315000148201420CDE901224B6800930B6805A9F1F725
S31500014830C7FA0546D4E90001EDF79AFAB5FA85F00B
S31500014840236940098DF810000BB908F054FF63691C
S3150001485004A904F10800984709B030BD000044409E
S3150001486010B5044640F6F86108F061FE204610BD19
S315000148707FB50023044604934FF0FF326946D4F80E
S31500014880F40EFCF7B7FB0128F6D169462046FFF77F
S31500014890C1FFF1E738B50B4C2378BFF35B8FDB071C
S315000148A00ED4204608F047FE50B1074D2046074B6F
S315000148B02B6008F04CFE064A2846064908F030FEF1
S315000148C0014838BDE0F60020E4F60020144D020050
S315000148D000800020134801001FB50446002218215C
S315000148E00420FCF7B7F8C4F8F40E50B9FFF7D6F96F
S315000148F0134B144A144900932A2300F02FFAFDF7AB
S31500014900E9FA231D4FF461721049029304F1E4039D
S315000149100F480193042300932346FDF72BFC68B946
S31500014920FFF7BCF90B4B074A00932B23064900F00E
S3150001493015FA04B0BDE81040FDF7CCBA04B010BDBD
S31500014940974C0200744C0200BA470200FF4C020069
S3150001495071480100A64C020008B5FFF79BFFBDE8B0
S315000149600840FFF7B9BF0000054B07B50193F4F7FF
S31500014970D7FD01A8F4F7E8FD03B05DF804FB00BF1D
S31500014980000010EB094B4FF0FF31094A186910601E
S315000149901961810603D5596C01315964516041078A
S315000149A003D5996C01319964916070470040C0400C
S315000149B0DC05012010B50B4C2378BFF35B8FDB07B9
S315000149C00ED4204608F0B7FD50B1074804F088FE22
S315000149D0204608F0BCFD054A0549034808F0A0FD3C
S315000149E0014810BDE8050120F005012000800020E6
S315000149F02D4A01001FB56846F5F770F90020694692
S31500014A008DF80000F5F710FA05B05DF804FB70B5F6
S31500014A1005460C464CB1E1682846FFF7F8FFA66843
S31500014A20204608F082FD3446F4E770BD10B5044611
S31500014A30806B30B18368013B836013B90368DB681F
S31500014A40984704F108002169FFF7E1FF204610BDF0
S31500014A5010B5C4010E4A04F1814402EBC00004F50D
S31500014A6098042368C3F30223C05CF1F719FE236897
S31500014A700246DBB201339A42B0FBF3F006D2054B94
S31500014A8040F6C501044A054808F09CFF10BD00BF69
S31500014A90564D020012170200CA49020017170200FA
S31500014AA008B5034ADB21034B034808F08BFF00BF1F
S31500014AB0284D0200172E02003D2E0200F0B58BB0E4
S31500014AC02B4C06A8F3F732FA01230E208DF8183085
S31500014AD0FFF7BEFF06A905462046F3F7ABF92548C1
S31500014AE0E368B5FBF0F043F020030138E360B0F56D
S31500014AF0805F4FF02003A36001D3FFF7D1FF636806
S31500014B001D4F3B40184360601C4E4FF40003F36099
S31500014B1023680F201A4D43F001032360FFF798FF26
S31500014B2006A904462846F3F785F94FF4FA63B4FB60
S31500014B30F3F3013BB3F5805FDFD26A683A40134372
S31500014B406B60EB6843F00103EB604FF08073F36039
S31500014B5003A8F4F7C1FF01A8F4F7D8FF03A9094890
S31500014B60F4F78EFF01A90748F5F766F80BB0F0BD1B
S31500014B7000C00E4040420F0000F0FFFF00E100E0E0
S31500014B8000000F400000C940044B00220449586A46
S31500014B900B68101843F10001704700BF00C00E40BA
S31500014BA038060120074B9A68920609D520229A6099
S31500014BB0054AD2E90031013341F10001C2E9003170
S31500014BC0704700BF00C00E403806012008B5FFF748
S31500014BD0DBFF08BD024BD3F80009D3F81019704763
S31500014BE000C0CA4030B589B00446FFF7F3FF144A46
S31500014BF00B460090112103A80AF03EF904F10803BF
S31500014C0003A82360ECF7DEFB03AB1028029003EB4D
S31500014C10000507D1002202A9204608F073FD029B78
S31500014C202060A3602A4603A9206808F0C7FD029BFD
S31500014C302268002120466360D15409B030BD00BF0F
S31500014C40CE4F020030B587B00D4602AB69460093E0
S31500014C50002301938DF8083000F0D4FC044630B1EE
S31500014C602946009813F000FE041E18BF0124684669
S31500014C7008F06AFD204607B030BD00000146014834
S31500014C8000F0C0BCD94F0200022A38B5044607D04D
S31500014C90032A0FD0012A01D10B682360002038BDF9
S31500014CA00D680C2008F056FC034695E8070083E8DA
S31500014CB00700F2E700680028F0D00C2108F037FC65
S31500014CC0ECE7022A38B5044607D0032A0FD0012A99
S31500014CD001D10B682360002038BD0D680C2008F057
S31500014CE039FC034695E8070083E80700F2E7006808
S31500014CF00028F0D00C2108F01AFCECE703680968DB
S31500014D00126870B49D685C681B68661005EB6400E8
S31500014D10E40744BFAC59E35870BC184703680968F7
S31500014D2030B49C685A681B68551004EB6200D207C0
S31500014D3048BF625930BC48BFD3581847064C4FF09C
S31500014D40805508B5FFF718F802F0CFFD2560BFF3CF
S31500014D504F8FBFF36F8FF5E704ED00E00EB43FB55B
S31500014D6007AB00F59C6504464FF4807153F8042B9C
S31500014D70284603930AF0C0FA014601902846F5F742
S31500014D8085FAF5F769FA019A2946201D01F016FC04
S31500014D9004B0BDE8304003B07047000013B50446C7
S31500014DA0084621604FF0FF31FCF7E4F901280AD0EB
S31500014DB0FEF774FF054B064A064900932D23FFF7BC
S31500014DC0CDFFFDF787F8204602B010BD075002005F
S31500014DD0E94F0200BA470200002313B51A460446FA
S31500014DE019460068FBF7B6FE01280AD0FEF756FF02
S31500014DF0054B064A064900933023FFF7AFFFFDF73F
S31500014E0069F8204602B010BD36500200E94F020093
S31500014E10BA4702001FB5D0F8F0350446019183B1B7
S31500014E2010460292009208F0A6FB0390DDE90021EC
S31500014E3009F0D6F800234FF0FF3202A92068FBF7EC
S31500014E4089FE04B010BD13B501381446019101283D
S31500014E5008D8FEF723FF22460199FFF7DBFF20461C
S31500014E6002B010BD4FF0FF34F9E7D0F8F435F7B5CD
S31500014E7005460E461446D3B3D0F8EC1501A8FFF744
S31500014E808DFFD5F8E8259442A8BF144664B3D5F83A
S31500014E90E02505F59467D5F8E435B9189A4220D985
S31500014EA0C2F14002304609F09BF8D5F8E025403AB8
S31500014EB0121904D0A01A3946304409F091F8D5F8F0
S31500014EC0E8351B1BC5F8E835D5F8E035234403F072
S31500014ED03F03C5F8E03501A8FFF77EFF204603B082
S31500014EE0F0BD22463046E8E74FF0FF34F3E74FF0D6
S31500014EF0FF34F3E707B520B14FF0FF3003B05DF89B
S31500014F0004FBCDE90012FEF7C9FEDDE90012FFF749
S31500014F10ACFF0028F2DCEFE7F0B50023A5B01A4F8D
S31500014F200446ADF81030D0F89C34CDF812303B78F9
S31500014F30BFF35B8F13F001050FD1384608F0FBFA7A
S31500014F4058B1124E3846124BF560336008F0FFFA3D
S31500014F50104A3046104908F0E3FA104D04A90B48EF
S31500014F6000F010FFD4F89C0410220A236946006859
S31500014F70FCF732FD02460028F4D02B680121684671
S31500014F809B6808F093FFEDE7DCEB0020E0EB0020E7
S31500014F90A457020000800020293C0100A0AA00209D
S31500014FA007B50190FEF77AFE0199FFF7B5FF0000FC
S31500014FB037B50446F5F7FDF9D4F8EC15C5B201A8E5
S31500014FC0FFF7ECFED4F8E4353F2B05D9134B9121BD
S31500014FD0134A144808F0F6FC234483F8A054D4F885
S31500014FE0E435D4F8E025013303F03F039342C4F8D6
S31500014FF0E43508D1013303F03F03C4F8E03501A8D5
S31500015000FFF7EAFED6E7D4F8E8350133402BC4F8BA
S31500015010E835F4D9044B9B21014ADAE756500200E0
S3150001502077500200AC500200D050020007B5019043
S31500015030FEF734FE0199FFF7BBFF0446051D07B5D0
S315000150404FF0FF3269462068FBF7D4FF0128F7D1FC
S31500015050DDE90010F5F71AF92846DDE9002101F02E
S31500015060ADFA01980028EBD008F063FAE8E707B536
S315000150700190FEF713FE0199FFF7DFFF2DE9F04FCF
S31500015080854D8FB0044688462B1D0121C0F89C54DE
S3150001509017460093002205F128038020FCF73EFB0A
S315000150A02860FEF769FE90F800900AAE04F1040A42
S315000150B009F1010900255FFA89F980F80090FEF7E8
S315000150C05BFE90F800B00BF1010B5FFA8BFB80F8E9
S315000150D000B0FEF751FE03780133DBB2037005938E
S315000150E0FEF74AFE4278511C0492C9B241708171A1
S315000150F0FEF742FE90F801C0049A0CF10101059BEE
S31500015100C9B2417081714946504600925A460C9582
S31500015110CDE901C601F08CF93046ECF76EF9FEF7E0
S315000151202BFE81460C20089508F014FA5B4BC0F85B
S3150001513008A006900C95C0E90035594B0C2009933F
S31500015140584B089308F006FA574B06AAC0F808A070
S3150001515004F160010A90C0E90035544B48460D93AD
S31500015160534B0C9342230193524B0093334602F067
S31500015170DDFD3046ECF741F906A8ECF73EF92A4683
S3150001518008211020FBF766FC206050B9FEF786FD6A
S31500015190494B4A4A4A490093CB23FFF7DFFDFCF707
S315000151A099FE0120FBF7F2FDC4F8EC0550B9FEF7B4
S315000151B075FD444B414A42490093CE23FFF7CEFD8C
S315000151C0FCF788FE042200233F494048CDE900232D
S315000151D04FF46172FCF750FE01280AD0FEF75EFD1E
S315000151E03B4B364A36490093D023FFF7B7FDFCF710
S315000151F071FEB8F1000F18D004F5BE634FF4617269
S31500015200344901930323344800930023FCF734FE09
S3150001521001280AD0FEF742FD304B284A284900935F
S31500015220D423FFF79BFDFCF755FEC7B1032304F218
S31500015230F4544FF461722A490093002329480194DA
S31500015240FCF71AFE01280AD0FEF728FD264B1B4A59
S315000152501B490093D923FFF781FDFCF73BFE00F0C4
S3150001526073FEB0B10322002320492148CDE9002372
S315000152704FF46172FCF700FE01280AD0FEF70EFD1D
S315000152801C4B0E4A0E490093DE23FFF767FDFCF720
S3150001529021FE0FB0BDE8F08F00002C20195401004B
S315000152A01D4D0100894C010015660100FD4C0100F0
S315000152B0C34C01007B530200F6500200AC500200C1
S315000152C0BA470200055102000F5102003D4D01008F
S315000152D01F510200A25102006F500100B551020098
S315000152E0435202002D50010056520200E4520200C0
S315000152F0A14F0100F45202002DE9F04300F1040828
S3150001530085B0064689468568444655B1D9F80030C8
S315000153102A699A423ABFEB682546AB682C461D4678
S31500015320F3E7A04504D0D9F8002023699A422ED28A
S31500015330182008F00FF9D9F800900023A045074678
S3150001534000F11002C0F81090436125D173691BB1B9
S3150001535031690B694B4509D3314602A8FEF7FBFEBD
S31500015360DDE90241002951D0002C4DD141454BD0F8
S3150001537038690B6998422CBF0020012043460A4632
S31500015380394608F053F97369013373613C4604F1F8
S31500015390140005B0BDE8F08323690192994518D23E
S315000153A0F3689C4209D0204608F03EF90369019A48
S315000153B04B4505D2C36853B9044621461C46D1E77D
S315000153C0314602A8FEF7C7FEDDE90234F5E72346BA
S315000153D0F3E71BD931698C420BD0204608F011F94D
S315000153E003690546019A4B4505D9E36853B9214638
S315000153F01D462C46B6E7314602A8FEF7ACFEDDE9AE
S315000154000251F6E70146F4E70120B7E73846274699
S3150001541008F08BF8BAE7000013B504460191054878
S3150001542001A9FFF769FF0460019BC4F88C3402B03F
S3150001543010BD00BF2C0B01200020704708B506489F
S31500015440002300681A461946FBF784FB013818BF8A
S315000154504FF0FF3008BD00BF4006012008B5054BDF
S315000154604FF0FF311868FBF785FE013818BF4FF082
S31500015470FF3008BD4006012010B50C46ECF76CFD67
S3150001548020B104F10C01EFF790F908B16FF00400B7
S3150001549010BD2DE9F843089C0D4617461E46ECF74C
S315000154A05BFD8146A8B10C35AD01B4B1B4F5006F11
S315000154B0A046324605EBD72128BF4FF4006848467F
S315000154C04346EFF722F920B947444644A4EB0804C2
S315000154D0EBE76FF00400BDE8F8832046FBE72DE912
S315000154E0F843089C0D4617461E46ECF735FD8146E6
S315000154F0A8B10C35AD01B4B1B4F5006FA046324682
S3150001550005EBD72128BF4FF4006848464346EFF71D
S31500015510BBF820B947444644A4EB0804EBE76FF017
S315000155200400BDE8F8832046FBE7000010B50446F9
S315000155300168024807F092FB204610BD980601203B
S31500015540004870479806012038B5254C0546206865
S3150001555008B1FBF773FF0120FBF718FC206008B9BF
S31500015560002038BD1F4C54220021204608F060FD62
S315000155701D4B4FF400724FF4003163601B4BA36067
S315000155801B4BE3601B4B23611B4B63611B4BC4E944
S315000155900912A361FA224FF40063C4E90733C4E98F
S315000155A00B2363633DB90F49154807F039FA002803
S315000155B008DB0120D5E72146114807F0C3F9002889
S315000155C0F1DACDE707490E4807F0BCF90028C7DB39
S315000155D004490B4807F024FAC043C00FC1E700BFD6
S315000155E04006012044060120DF54010093540100C6
S315000155F079540100395401005D5401003D54010004
S315000156009806012030B597B002460C46012301AD3C
S315000156101248294607F0F4FA00281DDB29460F48EF
S31500015620009507F06BFB011E06DA00246846FFF7BA
S315000156307DFF204617B030BD204608F09CF929466B
S315000156400648D4E9002307F02FFB0028EDDB646848
S31500015650231A5C425C41E9E70024EAE79806012047
S315000156602DE9F84306460C4691B16FF00042D0E9A8
S315000156700013A3EB0108B168C91AA2EB08008C421A
S3150001568008D822460021184608F0D2FC044474606A
S31500015690BDE8F883A04202D2194808F029F844452A
S315000156A0254638BF454618EB05051AD2002D18DBED
S315000156B019D0284607F04EFF07462246002107EB80
S315000156C0080008F0B5FCD6E90092A2EB0902002A0F
S315000156D00BDD4946384608F091FC484607F025FFA0
S315000156E006E01546E5E72F46E7E7B9F1000FF4D1E5
S315000156F044443D4437603C44B5607460C8E700BF2C
S31500015700BD530200002808DB0123420900F01F00F7
S3150001571003FA00F0014B43F82200704700E100E074
S315000157207047012A08BF0160002070472DE9F74F35
S31500015730856906464FF0000B8561002D3ED0EB07CB
S3150001574034D5204B00240193019B53F8041B8E4250
S3150001575001932FD11C4B53F8241059452AD1FFF739
S3150001576013FA1A4B8046E70003EBC400D0E9002385
S3150001577052EA03000DD0164800EB070CDCE9000CD9
S31500015780B8EB0000814661EB0C00984208BF9145D9
S3150001579010D3104800EB041082681AB1C268019157
S315000157A0904701990A4B1F44C7E900810BF1010B90
S315000157B06D08C2E701341E2CC6D1F7E703B0BDE878
S315000157C0F08F00BF50540200045502004009012029
S315000157D0300A01201007012038B5054CA4F5F075F3
S315000157E0103C2046EBF709FEAC42F9D138BD00BFAB
S315000157F0F00801202DE9F74F2F490120FBF786FA22
S315000158002E4C2F4B0025DFF8C8902E4FDFF8C480B1
S31500015810DFF8C4A02C4E1860A36833B103222146D9
S31500015820204698470023C4E902330022002358F892
S3150001583004BB5AF8041B58460191E9E80223E7E83C
S3150001584002233246F2F77CFAB27801990AB3584636
S31500015850F2F738FADBF818300199CBF81830012342
S31500015860DBF8142003FA01F1184B1143CBF814109D
S3150001587033F9151011F1800F13D00846FFF742FFD7
S3150001588000290EDB01F16041502301F5614181F8E8
S3150001589000330135103403361E2DBDD103B0BDE8EA
S315000158A0F08F01F00F015023043901F1604101F538
S315000158B06D410B76EDE700BFF008012010070120CE
S315000158C0200B0120300A012014800020C854020058
S315000158D04009012050540200045502001FB50A4B2D
S315000158E00446019103A81968FFF758FA074B019A74
S315000158F053F82410064B53F82400F2F7C9F903A80C
S31500015900FFF76AFA04B010BD200B0120045502000E
S31500015910505402000F4B37B50446196801A8FFF72A
S315000159203DFA0D4A0D4B52F8245053F824301F2DE1
S3150001593005D90B4BB2210B4A0B4808F043F81C68FA
S3150001594001A8FFF749FA24FA05F000F0010003B0B7
S3150001595030BD00BF200B0120045502005054020047
S31500015960AD2C0200D753020003540200034808B5C8
S31500015970FFF7DCFEBFF34F8F08BD00BF00001340E9
S31500015980FFF7F4BF034808B5FFF7D0FEBFF34F8F0B
S3150001599008BD00BF00401340034808B5FFF7C6FE27
S315000159A0BFF34F8F08BD00BF00801340034808B501
S315000159B0FFF7BCFEBFF34F8F08BD00BF00001440C8
S315000159C0034808B5FFF7B2FEBFF34F8F08BD00BF0E
S315000159D00000CA400B46024613B5D0E900016C46E9
S315000159E084E8030093E8030082E8030094E80300D7
S315000159F083E80300986891689060D8689960D168D7
S31500015A00D060D96002B010BD2DE9F04F00230446E5
S31500015A10444D00EB400085B0934605EB00082B543E
S31500015A204148E5004246414E415C88F80210404932
S31500015A3051F824703F49384651F824A05146F2F7EF
S31500015A407FF93D4901EB041998F80210002940D06D
S31500015A500023694658462E440293FFF7BBFF494689
S31500015A606846FFF7B7FF6846EBF7C7FCDDE90E01AD
S31500015A70C6E90001FFF788F8304B98F802201D446B
S31500015A80C5E9000151463846F2F71CF9BB69012107
S31500015A90BB617B6901FA0AF11943294B796133F933
S31500015AA0141011F1800F0ED00846FFF72BFE0029C6
S31500015AB009DB01F16041502301F5614181F80033B1
S31500015AC005B0BDE8F08F01F00F011E4B50225A546C
S31500015AD0F6E71B4B33F91430002B0DDB5A09012174
S31500015AE003F01F03203201FA03F3174941F822306C
S31500015AF0BFF34F8FBFF36F8F144B494668462E4451
S31500015B000393134B0293FFF765FF6846EBF775FCAA
S31500015B100A49002200230D44C6E90023C5E90023F2
S31500015B20CEE700BF148000207C5502004009012009
S31500015B30505402000455020010070120300A0120CA
S31500015B40C854020014ED00E000E100E02157010015
S31500015B502357010070B5002386B005460E4604930F
S31500015B60144693683BB10222214602A89847E3688E
S31500015B700593A36804930023002231462846CDE904
S31500015B80002302AAFFF740FF02A8EBF736FC06B096
S31500015B9070BD0000054B1E20002201389A6003F1FA
S31500015BA01003FAD1024A034907F0BABC10070120D3
S31500015BB000800020D957010003689B6818470368D5
S31500015BC0DB68184730B50446A3B0124D606A4FF042
S31500015BD0FF33802202A90068FBF7FEFE0028F5D0FC
S31500015BE09DF8081029B101290AD0284609F07EF846
S31500015BF0ECE723680DF1090120465B689847E5E764
S31500015C00E368002BE2D00DF1090301A9201D0193E0
S31500015C102369F3E7825502008FB50446124F134EEE
S31500015C2000224FF0FF3503AB012011460095FDF729
S31500015C3009F9206A2B46802203990068FBF716FEB4
S31500015C40002360691A461946FAF784FF0128E7D04E
S31500015C50FEF724F83823324605490097FFF77EF808
S31500015C60FCF738F9DCE700BFBF550200A255020078
S31500015C70BA47020013B50446032200210120FAF7B0
S31500015C80E9FE606150B9FEF709F8244B244A25491B
S31500015C9000935523FFF762F8FCF71CF922462249C7
S31500015CA00820FDF79FFD04F118034FF461721F49A7
S31500015CB0019304231E4800932346FCF7DDF80128CF
S31500015CC00AD0FDF7EBFF1B4B154A164900935823E3
S31500015CD0FFF744F8FCF7FEF804F11C034FF4617278
S31500015CE0154901930423154800932346FCF7C4F88C
S31500015CF001280AD0FDF7D2FF114B094A0949009341
S31500015D005B23FFF72BF8FCF7E5F8A069FCF7CCFC61
S31500015D10E06902B0BDE81040FCF7C6BCE7550200D9
S31500015D20A2550200BA470200795D0100F55502004D
S31500015D30B95B0100015602007D560200BF5B0100FE
S31500015D4089560200002307B508460193084B01A9AD
S31500015D501843FBF7E3FE019B3BB1064B4FF0805224
S31500015D601A60BFF34F8FBFF36F8F03B05DF804FB6B
S31500015D7000002C2004ED00E00B4601461846FFF713
S31500015D80E1BF00008369F7B504460D4643B3436995
S31500015D9033B30027134E04232A460121A069009735
S31500015DA0FDF7C0F838B94FF080533360BFF34F8F1A
S31500015DB0BFF36F8FEFE74FF0FF316069FBF7DAF959
S31500015DC001280DD0FDF76AFF074B084A00932D23E2
S31500015DD00749FEF7C3FF03B0BDE8F040FCF77AB808
S31500015DE003B0F0BD04ED00E005570200A255020024
S31500015DF0BA4702000978014808F078BF54570200F3
S31500015E0010B50446006A4FF0FF33042204F1240161
S31500015E100068FBF72BFD10B9034808F067FF204621
S31500015E20BDE81040FFF7F8BE7857020073B51D4E66
S31500015E3005461D4B32689A4232D01C4C0122002184
S31500015E40231D04624FF48060009304F12803FBF7DD
S31500015E5065FC2B6A20601B6813B304F58563012278
S31500015E6000214FF480606B6204F22C43009304F529
S31500015E708A63FBF753FC6B6AC4F828041B687BB181
S31500015E8031460B4A0B4808F0ABF800220A490720B5
S31500015E90FDF7A8FC284602B0BDE87040FFF7EABE50
S31500015EA002B070BD74800020EFBEADDEA8002C20CC
S31500015EB07080002000002020ED5E010038B5044608
S31500015EC08069FCF74FFA0546E069FCF74BFA55EA9B
S31500015ED0000307D0044B4FF080521A60BFF34F8F77
S31500015EE0BFF36F8F38BD00BF04ED00E02DE9F0412F
S31500015EF0DFF8508005460E4698F80030BFF35B8FF9
S31500015F0013F001040FD1404607F015FB58B1094FB4
S31500015F104046094BFC603B6007F019FB074A3846CF
S31500015F20074907F0FDFA324629460248BDE8F04125
S31500015F30FFF7C4BFE0EB0020A45702000080002059
S31500015F40293C0100DCEB0020034B1868034BC01A07
S31500015F5018BF0120704700BF74800020EFBEADDE80
S31500015F606FF00F0070476FF00F0070477047704772
S31500015F704FF000007047084608B507F0E5FB4FF003
S31500015F80000008BD4FF000007047F8B5CE681C460A
S31500015F900D46174606F00303022B0DD1FFF7D0FA83
S31500015FA023463A4626F0030106F07EFE041E0EDA6B
S31500015FB04FF0FF342046F8BD012BF9D126F0030638
S31500015FC0AB68224638463168194408F009F8AB68CF
S31500015FD02344AB60EEE7000070B50A4B0446D0E9F6
S31500015FE001560360AE4207D0AB681BB103222946B6
S31500015FF0284698471035F5E7606808B107F095FA25
S31500016000204670BD0859020010B50446FFF7E4FFAB
S315000160101021204607F08BFA204610BD086808B506
S3150001602008B107F082FA4FF0000008BD10B5CC6840
S3150001603004F00303022B10D134F0030418D094F8B2
S31500016040543023B1FFF77CFA214606F007FE5821AA
S315000160502046BDE8104007F06ABA012B08D134F09A
S31500016060030405D0206808B107F05FFA0C21EFE7B9
S3150001607010BD000038B5074D04462B783BB912F028
S31500016080DFFB12F0E9FB12F0F7FB01232B70024B49
S315000160901C6038BD280B0120240B012070B50B4C68
S315000160A086B024680D9E25680496BDF83060039677
S315000160B00B9E02960A9ECDE900361346AD680A4646
S315000160C001462046A84706B070BD00BF240B01203B
S315000160D0054B0A461B68196810B4CC680146184678
S315000160E023465DF8044B1847240B01201346054A45
S315000160F030B41468226815690A4601462046AC4642
S3150001610030BC6047240B012073B5074C069E2468FA
S315000161102568CDE9003613466D690A4601462046D3
S31500016120A84702B070BD00BF240B0120054B0A46EB
S315000161301B68196810B48C690146184623465DF838
S31500016140044B1847240B01201346054A30B4146842
S315000161502268D5690A4601462046AC4630BC6047EE
S31500016160240B0120024B014618680268126A104787
S31500016170240B012008B50B7E054AFF2B08BF4FF003
S31500016180FF3352F8233098474FF0000008BD00BF97
S31500016190F05802002DE9F0470C46054688B017462F
S315000161A000211422204607F043FFD5E901694E4537
S315000161B000F08580B36800970BB907F09CFAF36885
S315000161C06A46314601A898479DF81CA0BAF1010F0D
S315000161D040D158204FF0000807F0BCF90546582277
S315000161E0002107F025FF85F85480FFF7A9F95346EA
S315000161F0019A294606F004FD40451FDB85F854A0A7
S31500016200C4F80080FFF79CF9294606F077FD0223C2
S31500016210AA072374C4E9010805D02A4B2A4A232177
S315000162202A4807F0CFFB45F00205E56001A968465B
S31500016230FFF7A0FF012008B0BDE8F08795F85430BC
S3150001624023B1FFF77DF9294606F008FD58212846B6
S3150001625007F06DF99DF81C30FF2B2AD0032B09D1CD
S31500016260019B2360029BC4E90133022323740023AB
S31500016270E360DBE7022B1CD101990025029A0C2071
S315000162802374521A2160A560626007F063F9019BCD
S3150001629001950360029B4360039B83608307CDE9FD
S315000162A0025502D0074B0A4AB9E740F00100E06007
S315000162B0BCE701A968461036FFF75CFF77E70020C7
S315000162C0B9E700BFB4570200E55702005B58020068
S315000162D0805802007047F0B5044685B00D4601921C
S315000162E012F0B6FA01220199204612F0D5FA0121DF
S315000162F0204612F0B5FAE669D4F8F430226A9342E0
S315000163001AD27343002103EB43032B441A46E06977
S315000163100332884209D912F8030C013112F8017CC3
S3150001632002F8010C02F8037CF1E7012203A92046D9
S31500016330039312F069FADFE7204612F0B5FA204618
S3150001634012F0A2FA05B0F0BD38B5D0E90024A51ABD
S31500016350A94203D9491BFFF783F938BDFDD2114480
S31500016360A14218BF4160F8E72DE9F043ADF50B7D79
S3150001637005468846174601A81E46DDF8489212F0E2
S315000163804BFA5A2122904FF4D07222A812F070FAD9
S31500016390289929B9239B182222A81B689847289077
S315000163A048464FF42051FFF7CFFF289C0E4B32464B
S315000163B0294622A8A3600D4BE3600D4B2361D9F852
S315000163C00030C4F8149023604FF420536360032314
S315000163D02B930223CDE929878DF8B030FFF77BFF98
S315000163E00DF50B7DBDE8F083D56201000B6401005C
S315000163F0F563010008B5836958695B68D0E9002136
S31500016400891AC91AFFF7A0FF08BD38B58469606902
S31500016410D0E90035ED1A05F52051FFF795FF6369BF
S3150001642001201B681D444FF420532560636038BD6D
S315000164302DE9F04389B080F87A3498460023DDF8D7
S315000164404890044680F878140E4680F8792415465B
S31500016450069304AFD9F808304BB1022249463846B3
S315000164609847D9F80C300793D9F80830069302AA51
S3150001647004F27C4366F07F0665F07F0597E803002A
S3150001648082E8030093E8030087E8030092E803002B
S3150001649083E80300069B3846D4F88424C4F8843480
S315000164A0079B0692D4F88824C4F888340792EAF741
S315000164B0A4FF9DF8403003220021012084F83730E3
S315000164C09DF84430A670257284F80E8084F8433016
S315000164D0FAF7C0FAC4F8740450B9FDF7DFFB064BAE
S315000164E0064A074900932E23FEF738FCFBF7F2FC18
S315000164F009B0BDE8F08300BFE75502002C59020040
S31500016500BA4702008A7AF8B502F00203D20742F2CC
S31500016510A1024E8948BF43F00103D0F88C74C0F83C
S31500016520682404460A89022180F8703480F86C24B4
S315000165300022A0F86E1480F86D2480F8712497F873
S315000165404F30E3B900F58D6290F878140A23384686
S31500016550F8F7EBFE054618B10A490B48F3F71CFF9D
S31500016560012387F84F30D4F8903406F00106B3F5CD
S31500016570966F267001D1FEF7F7F92846F8BD012579
S31500016580F1E700BF505902006459020000F51A7282
S3150001659008B5038A90F87A14D0F88C04F8F7ECFE63
S315000165A0024628B103490448BDE80840F3F7F4BEA2
S315000165B008BD00BF88590200B4590200037870B5BE
S315000165C0044615460BB9002070BDB2F5007F04D90B
S315000165D00E490F48F3F7E0FEF5E700F1680630468D
S315000165E007F0FEFC2B46324694F87914D4F88C0455
S315000165F0F8F79BFE0028E6D1C821D4F87404FAF70F
S31500016600B9FD431E58425841DEE700BFDC5902007E
S31500016610165A020009290A4608B507D00A2907D0E1
S3150001662004490548F3F7B8FE002008BDFFF7AEFFA1
S315000166300120FAE7375A02006D5A02004B1E30B5A7
S31500016640044685B00A2B64D8DFE803F006394B63AC
S315000166506363636363515E00516871B1208AB1FB64
S31500016660F0F300FB131343B91A4694F87914D4F8DE
S315000166708C04F8F75AFE05B030BD13680BB9002932
S315000166804CD10023D4F874041A461946FAF762FA73
S3150001669001280AD0FDF702FB214B224A2249009329
S315000166A0AC23FEF75BFBFBF715FC238A04F51A7294
S315000166B094F87A14D4F88C04F8F75EFEDBE7D4F884
S315000166C0843404F51A754BB1536802A903AA04F27E
S315000166D07C40CDE90253D4F888349847238A2A4668
S315000166E0E6E7D4F88C34002083F84F00C3E75368FB
S315000166F01B68072B06D1116804F592601A460968D2
S3150001670007F06EFC0020B6E711462046FFF7FAFEB9
S31500016710B1E70A4605480649F3F73EFE0120AAE716
S31500016720BF5502002C590200BA4702006D5A0200F9
S31500016730875A020070B505460C464CB1E1682846F9
S31500016740FFF7F8FFA668204606F0EFFE3446F4E7A9
S3150001675070BD10B504468168FFF7ECFF204610BDF9
S31500016760054800230549021D037183604361C0E9A1
S315000167700322034A06F0D4BE2C0B01205367010005
S315000167800080002070B580F8441461F07F01044652
S3150001679080F8452401708CB082710421C3770022F0
S315000167A00A20FAF757F9C4F8480450B9FDF776FA02
S315000167B0324B334A334900932F23FEF7CFFAFBF7C7
S315000167C089FB0423002230493048CDE900322346B3
S315000167D04FF46172FBF750FB01280AD0FDF75EFA10
S315000167E02B4B274A274900933023FEF7B7FAFBF7CD
S315000167F071FB08AB06A80693002307938DF820309A
S31500016800FEF73CFA04F58A6178BB224BC4F8503492
S315000168106FF07F43002604F25C4504F25442C4F84B
S3150001682054341D4B2846C4F8586402931B4BCDE9DA
S31500016830004304F58B6312F007F8324618492846DF
S3150001684011F0FAFF32461749284611F0F5FF324694
S315000168501549284611F0F0FFD4F8500412F018F843
S3150001686006A806F071FF0CB070BD0698059111F0EF
S31500016870FBFF05990028C8D0CAE700BFE55A020008
S31500016880C15A0200BA470200EF5A0200416A0100EA
S31500016890FC5A02000A0A0A0145182420D968010097
S315000168A0C534242019352420D9342420054B002051
S315000168B0054A4B61054B8B61054BC1E90923054B24
S315000168C0CB627047712324202C01001A6B690100E9
S315000168D011BADFAD062A75730146C069FFF7E6BF37
S315000168E02DE9F743164680460C2006F033FE0023B9
S315000168F0378904468360C0E900334FB3384606F052
S3150001690029FE054605EB07092560C4F8089027B15D
S315000169103A460021284607F08BFB00233289294697
S315000169203046C4F80490019411F0BAFF33898342CA
S3150001693010D0019C3CB1206808B106F0F6FD0C218F
S31500016940204606F0F4FD6FF00B0003B0BDE8F083BE
S315000169503D46D7E7002301A9D8F848041A46FAF7B5
S31500016960F9F80128E5D10020EFE70A460146C0699A
S31500016970FFF7B6BF2DE9FF41D0F89034044615461E
S31500016980A3B300F14406281D1B4A022BC0F30D00D8
S315000169900392A4F8440005D1019111F041FF019938
S315000169A0A4F844002A4604F1460007F019FBA81C86
S315000169B0124F06354FF08058042203A9304407F0E0
S315000169C00FFB2B46324694F84414D4F84C04ECF7EA
S315000169D009F8022806D1C7F80080BFF34F8FBFF32D
S315000169E06F8FEEE720B10648F3F7D6FC6FF00B0088
S315000169F004B0BDE8F08100BFDEADBEEF04ED00E0FE
S31500016A00845B0200044607B54FF0FF3201A9D4F8B2
S31500016A104804FAF7EFFA0128F6D1019B2046D3E99B
S31500016A200012521AFFF7A6FF019D002DECD028682F
S31500016A3008B106F07AFD0C21284606F078FDE3E759
S31500016A40014608B5FFF7DEFFF8B596B205460F46D3
S31500016A504FF4C1723146002011F0DAFE044628B91E
S31500016A600D4808F043F96FF00100F8BD394632468A
S31500016A7011F006FFD5F86C3405F25C4120469847C3
S31500016A800028F2D00146054808F030F9204611F0F9
S31500016A90B7FE6FF00B00E8E7B05B0200CA5B0200CD
S31500016AA08B7A098903F00202DB074FF0000348BF26
S31500016AB042F0010230B542F2A10485B0D0F84C543F
S31500016AC08DF80C208DF80D30CDE90133ADF8044079
S31500016AD002246B7C8DF80A408DF808108BB990F86A
S31500016AE044140A2301AA2846EBF77CFF044618B191
S31500016AF005490648F3F750FC01236B74204605B09F
S31500016B0030BD0124FAE700BF50590200E45B0200E0
S31500016B10D0F8903470B505460C4673B9B0F84462A6
S31500016B20304611F07DFE022C07D9023CC6F30D0654
S31500016B30A64203D10123C5F8903470BDC0F30D0000
S31500016B40844201D10223F6E70248BDE87040F3F71B
S31500016B5023BC00BF085C020010B50446FFF7D8FF4E
S31500016B60D4F89034E3B1022BB4F8440201D111F008
S31500016B7057FE030408D5C0F3C221012910D00948E4
S31500016B80BDE81040F3F708BCC0F30D0242B1043A68
S31500016B9004F24621204692B2BDE81040FFF754BFE9
S31500016BA010BD00BF2C5C020009290A4608B50AD0AF
S31500016BB00A290AD1038900F5117290F84514D0F813
S31500016BC04C04EBF720FF012004E003490348F3F7E7
S31500016BD0E3FB002008BD00BF475C02007D5C0200AC
S31500016BE0022910B5044611D00B2927D001292AD133
S31500016BF05168FFF7B1FF238904F5117294F8451422
S31500016C00D4F84C04BDE81040EBF7FDBE516871B1F4
S31500016C100089B1FBF0F300FB131343B994F8441454
S31500016C201A46D4F84C04BDE81040EBF7DBBE1368F6
S31500016C30002BE0D10029DED0012010BD1146BDE8B0
S31500016C401040FFF72DBF0248F3F7A6FBF4E700BF9C
S31500016C50955C020070B505460C464CB1E1682846C4
S31500016C60FFF7F8FFA668204606F05FFC3446F4E716
S31500016C7070BD10B504468168FFF7ECFF204610BDD4
S31500016C80054800230549021D037183604361C0E97C
S31500016C900322034A06F044BC440B0120736C010035
S31500016CA0008000207FB503680446DB68984700230F
S31500016CB004934FF0FF3201A9D4F81C05FAF79AF9AB
S31500016CC00128F6D1236801A920461B699847F0E7F8
S31500016CD0022A38B5044607D0032A0FD0012A01D16A
S31500016CE00B682360002038BD0D680C2006F032FCCD
S31500016CF0034695E8070083E80700F2E700680028E5
S31500016D00F0D00C2106F013FCECE7F0B40468049F04
S31500016D106568A6684FEA650C246806EB6500ED0711
S31500016D2044BF56F80C502C593D68A44604951B687F
S31500016D3012680968F0BC604730B5194D85B0044644
S31500016D402B78BFF35B8FDB070ED4284606F0F3FBE7
S31500016D5050B1144802F09CFD284606F0F8FB124A91
S31500016D601249104806F0DCFB00250C20029506F0BE
S31500016D70F1FB0F4B40F69A0241F66E2184600090BA
S31500016D80C0E900350B4B074803930B4B02936B4647
S31500016D9002F0FCFE6846EAF730FB05B030BD00BFE5
S31500016DA0E0CD0020E4CD0020008000204741010015
S31500016DB0DD6E01000B6D0100D16C01001FB50446AB
S31500016DC0002214210420F9F745FEC4F81C0550B928
S31500016DD0FCF764FF134B144A144900932A23FDF769
S31500016DE0BDFFFBF777F8231D4FF487721049029315
S31500016DF004F1E4030F480193032300932346FBF7B1
S31500016E00B9F968B9FCF74AFF0B4B074A00932B23E4
S31500016E100649FDF7A3FF04B0BDE81040FBF75AB8D9
S31500016E2004B010BD974C0200744C0200BA47020030
S31500016E30545E0200A56C0100A64C02001FB5EFF3DB
S31500016E400583D0F81C05EBB1002303AAF9F7B0FFBF
S31500016E5001280AD0FCF722FF134B144A1449009368
S31500016E604123FDF77BFFFBF735F8039B3BB1114B44
S31500016E704FF080521A60BFF34F8FBFF36F8F05B08B
S31500016E805DF804FB4FF0FF32F9F764FE0128F6D0F6
S31500016E90FCF704FF084B054A054900934423FDF717
S31500016EA05DFFFBF717F8EAE7AF5C0200744C0200DE
S31500016EB0BA47020004ED00E0EE5C02007FB5002354
S31500016EC08DF8051001A904938DF80430FFF7B6FF7C
S31500016ED002A8EAF792FA07B05DF804FBF8B5069C3A
S31500016EE00546C0F82015A1B2022928D0032922D0CF
S31500016EF0012926D193F8C2610021582703F1480CD4
S31500016F008E4210DD07FB01F05CF8004094F805E0C5
S31500016F10BEF1FE0F0DD1A479012C0AD10344C5F8A7
S31500016F202425C5F82835D5F82435C3B100242046D3
S31500016F30F8BD0131E4E70121FFF7C0FFF6E70021C3
S31500016F40FAE7C4F307440B2CF0D12246054906485B
S31500016F5007F0CCFE21462846FFF7B0FFE7E70824F5
S31500016F60E5E700BF285D0200395D020010B5044661
S31500016F7043B1054807F0BAFE0B212046BDE8104093
S31500016F80FFF79CBF0321F9E7495D020010B50446EE
S31500016F9043B1094807F0AAFE0B212046BDE810407F
S31500016FA0FFF78CBFD0F83825D0F83C359A4234BF6C
S31500016FB004210521F2E700BF645D020010B5044615
S31500016FC043B10A4807F092FE0B212046BDE8104066
S31500016FD0FFF774BFD0F8403503210133C0F84035BF
S31500016FE0D0F838351A44C0F83825EFE77C5D020041
S31500016FF010B5044643B1074807F078FE0B21204639
S31500017000BDE81040FFF75ABF0621C0F84035C0F869
S315000170103835F5E7935D020010B5044643B10A48D9
S3150001702007F064FE0B212046BDE81040FFF746BF7E
S31500017030D0F8403507210133C0F84035D0F838354E
S315000170401A44C0F83825EFE7B45D020010B50446CE
S3150001705043B1174807F04AFE0B212046BDE8104010
S31500017060FFF72CBFD0F83825D0F83C359A4201D22B
S315000170700621F3E70F4BD0F844151A680E4806F0BF
S31500017080A1FF90B10D4807F031FE0B212046FFF715
S3150001709015FFD4F8440506F08DFF0023C4F84435E6
S315000170A0C4F84035C4F8383510BD0821EEE700BFF5
S315000170B0CB5D020098AA002078800020E75D0200DF
S315000170C010B5044643B1054807F010FE0B212046D2
S315000170D0BDE81040FFF7F2BE0A21F9E70C5E020097
S315000170E010B5044643B1054807F000FE0B212046C2
S315000170F0BDE81040FFF7E2BE0A21F9E7215E020072
S3150001710037B5097804460B2900F2AC80DFE801F0B7
S31500017110B00614222B4147666972758F00F22C5115
S31500017120D0F82405F4F7B4FB90B90221204603B048
S31500017130BDE83040FFF7C2BE00900022D0F8281506
S315000171404C4BD0F82C05F4F7C3FB002800F09080D7
S315000171500B21EBE70346484A04F5A661D4F82C0552
S31500017160F4F745FCF1E7454BD0F838251B6844494F
S315000171709B1A01900091B3F5807F424928BF4FF4D5
S3150001718080730A44B4F84015D4F82C05F4F711FCC1
S31500017190DBE73D4B0190009300231A46F2E7D0F856
S315000171A04435364D23B9286806F0FCFEC4F844057B
S315000171B0D4F838252B68D4F844159B1A3348019422
S315000171C00A44B3F5807F009094F8401528BF4FF428
S315000171D08073D4F82C05F4F7FBFBB6E703462C4A7B
S315000171E0BAE703462B4A4FF47A71D0F82C05F4F727
S315000171F0D3FBAAE70346284AAEE7D0F8203518683C
S31500017200F7F78EFBD4F82C15D4F82405F4F7A4FB74
S3150001721018B10B212046FFF751FE0023D4F82405AF
S31500017220C4F82C3503B0BDE83040F5F7CBBD1B4C97
S315000172302378BFF35B8FDB070ED4204606F07BF97C
S3150001724050B1174802F04CFA204606F080F9154A6B
S315000172501549134806F064F9114803B0BDE83040FA
S3150001726002F077BA114803B0BDE8304007F03EBDE1
S3150001727003B030BD6D6F01008D6F010098AA00202B
S31500017280BD6F010078800020F16F010019700100C7
S315000172904D700100C1700100E1700100E805012097
S315000172A0F0050120008000202D4A01003B5E02000E
S315000172B037B50D780C4615B90131FFF721FFE368A3
S315000172C02BB1236901A9201D8DF80450984703B0FD
S315000172D030BD7FB503680446DB68984700230493F5
S315000172E04FF0FF3201A9D4F81C05F9F783FE0128F6
S315000172F0F6D1236801A920461B699847F0E7022ABF
S3150001730038B5044607D0032A0FD0012A01D10B68EC
S315000173102360002038BD0D680C2006F01BF90346DA
S3150001732095E8070083E80700F2E700680028F0D037
S315000173300C2106F0FCF8ECE7F0B40468049F6568DC
S31500017340A6684FEA650C246806EB6500ED0744BFA5
S3150001735056F80C502C593D68A44604951B681268D2
S315000173600968F0BC6047000030B5194D85B0044688
S315000173702B78BFF35B8FDB070ED4284606F0DBF8CC
S3150001738050B1144802F084FA284606F0E0F8124A91
S315000173901249104806F0C4F800250C20029506F0A3
S315000173A0D9F80F4B49F2023241F6D10184600090BF
S315000173B0C0E900350B4B074803930B4B02936B4611
S315000173C002F0E4FB6846EAF718F805B030BD00BFE5
S315000173D0E0CD0020E4CD00200080002047410100DF
S315000173E06D75010039730100FF7201001FB5044676
S315000173F0002214210420F9F72DFBC4F81C0550B90D
S31500017400FCF74CFC134B144A144900932A23FDF74D
S31500017410A5FCFAF75FFD231D4FF48772104902930D
S3150001742004F1E4030F480193032300932346FAF77B
S31500017430A1FE68B9FCF732FC0B4B074A00932B23DC
S315000174400649FDF78BFC04B0BDE81040FAF742BDD2
S3150001745004B010BD974C0200744C0200BA470200FA
S315000174602B5F0200D3720100A64C020070B50C46D8
S315000174700978D0F83035F9B10133C0F83035012B30
S3150001748020DC0420FEF72AFA23787BB10E4D4FF05B
S3150001749080560220FEF73EFA2E60BFF34F8FBFF3F0
S315000174A06F8F0028F5D00A20FAF734FE21780320E1
S315000174B0BDE87040FEF712BA5A1E22EAE272C0F81F
S315000174C03025DCE770BD00BF04ED00E01FB5EFF32A
S315000174D00583D0F81C05EBB1002303AAF9F768FC74
S315000174E001280AD0FCF7DAFB134B144A144900931E
S315000174F04123FDF733FCFAF7EDFC039B3BB1114B3E
S315000175004FF080521A60BFF34F8FBFF36F8F05B0F4
S315000175105DF804FB4FF0FF32F9F71CFB0128F6D0AA
S31500017520FCF7BCFB084B054A054900934423FDF7CC
S3150001753015FCFAF7CFFCEAE7AF5C0200744C0200D7
S31500017540BA47020004ED00E0EE5C02007FB50023BD
S315000175508DF8051001A904938DF80430FFF7B6FFE5
S3150001756002A8E9F74AFF07B05DF804FBF8B504463F
S3150001757006980E46C0F3074580B20138042850D854
S31500017580DFE800F0032A254F450093F8C261002188
S31500017590582703F1480C8E4210D907FB01F05CF81D
S315000175A0005095F805E0BEF1FF0F0ED1AD79FF2D24
S315000175B00BD10344C4F82025C4F82435D4F820356A
S315000175C0002B37D000252846F8BD0131E3E701211C
S315000175D02046FFF7BBFFF5E700212046FFF7B6FF80
S315000175E0D4F82815D4F8200505F0F0FE014610B1AF
S315000175F0114807F07BFBD4F820153046F5F7DAFC85
S315000176000028DFD001210D4807F070FBDAE70C49AD
S315000176102A460C4807F06AFB05212046FFF796FF2C
S31500017620D1E7002DCFD006492A46074807F05EFB71
S315000176300621F2E70825C6E7845E0200A65E02007F
S31500017640C75E0200D45E0200395D020010B5044631
S3150001765043B1054807F04AFB06212046BDE8104024
S31500017660FFF774BF0321F9E7F05E020010B5044687
S3150001767043B1054807F03AFB06212046BDE8104014
S31500017680FFF764BF0421F9E70F5F02000B7813B51A
S315000176900446042B3BD8DFE803F0030B1B2E38000E
S315000176A0FDF788F9002102B0BDE8104002F04AB8A2
S315000176B000F5A561D0F8200505F067FE30B1062179
S315000176C0204602B0BDE81040FFF740BF0221F7E7B0
S315000176D000900022D0F82415104BD0F8280505F0AB
S315000176E0C5FE18B106212046FFF730FFFDF762F906
S315000176F0D4F82815D7E7034600F22C51084AD0F8EA
S31500017700280505F0A1FE0028D9D102B010BDFDF76C
S3150001771051F902B0BDE8104002F01BB84D760100E8
S315000177206D76010073B50E780C460025012E11D039
S31500017730022E13D016B90131FFF7A8FFE3683BB15A
S31500017740236901A9201D8DF804608DF8055098471D
S3150001775002B070BD0131FFF789FEEFE7D0F8305571
S31500017760002DD4BF00250125E8E770B50C680D464C
S315000177700646E9F727FE0323013000214000637026
S3150001778002232070701E6B60E31810F8012F02337C
S315000177903AB103F8022C03F8011C6A6802326A60E6
S315000177A0F3E770BD38B5D0F808140446D0F80C34A8
S315000177B0154A5B1AC0F8141400F214419B10534386
S315000177C0124A80F81C34C0F8182400F5846202209D
S315000177D0ECF706FE28B101460D4807F087FA0020AE
S315000177E038BD1D20EEF75CFF01464CF25030EFF735
S315000177F0DBF8D4F82004F2F7B6FF18B1054807F014
S3150001780075FAECE70120EBE7ABAAAAAA657A0100B3
S31500017810545F0200745F020070B500F2444388B001
S31500017820002500F23C46C0F83C3404460580C0F809
S315000178300454C0F80854C0F80C54C0F81054C0F8E9
S315000178402454C0F82854C0F82C54C0F83054C0F859
S315000178503454C0F83854C0F8405480F8445402A84F
S31500017860FDF7C0F902A93046184E06F002F802A843
S3150001787005F06AFFB3783288284615498DF8063037
S31500017880ADF80420EEF7A4FF11492846EEF79EFF56
S3150001789001AA0F490220F8F793FB0E4B602283F8E9
S315000178A088234FF480721A61334602AA53F8030FF4
S315000178B059681B7A03C21370092202A9A01CC4F8D5
S315000178C0042406F08DFB204608B070BD7A14020030
S315000178D000366E0100E100E008B5FCF74DFAD0F87C
S315000178E02004BDE80840F3F7CFBDD0F82004F3F734
S315000178F0B1B807B5CDE9002182680AB905F0FBFEEA
S31500017900C3686A4601A9984703B05DF804FB000005
S31500017910F7B51E46531E054614460E2B00F28A8005
S31500017920DFE803F00C7E8588888888883C6D080E20
S3150001793013886D00434B33601223736000240DE0FE
S3150001794002354FF480633560F7E73F48B47A30601B
S315000179503CB904223D49726006F042FB204603B061
S31500017960F0BD328940F209439A4215D1022C08D062
S31500017970032C09D0012C0BD131463548FFF7F5FE12
S31500017980DCE731463348F9E73146D5F83C04F5E7FB
S315000179902146314807F0AAF90524DFE700240C2720
S315000179A0D5F82404D5F828341B1AB4EB231F10D2BA
S315000179B0D5F8083400EB041007FB04335B68019328
S315000179C083680BB905F097FEC36801A9013498478E
S315000179D0E6E700270124D5F83004D5F834341B1A1C
S315000179E0B7EB231F08D200EB0710324609210137F6
S315000179F0FFF77FFF0440EEE784F00104AEE70027BE
S31500017A00D5F83004D5F834341B1AB7EB231F95D2B9
S31500017A1000EB0710324621460137FFF76AFFEFE711
S31500017A2000220A21D5F82004F2F7E3FF86E70022B7
S31500017A300C21F7E7224609490948012407F056F9BE
S31500017A408CE700BF086002005C0B012004600200A5
S31500017A508B5F0200925F0200A85F0200C75F02000F
S31500017A60CF5F020037B50D4604460192FCF784F953
S31500017A70019B2A46214603B0BDE83040FFF748BFC7
S31500017A802DE9F84FD0E9008706468946A7EB080499
S31500017A909346A310214C5C43214B9C4202D12148C1
S31500017AA005F026FE012C2246A1EB080538BF01226E
S31500017AB0A41831D244B19C4228BF1C460C20604315
S31500017AC005F048FD824600E0A2460AEB0503002DBB
S31500017AD09BE8070083E8070004DD2A464146504635
S31500017AE006F08CFAA7EB09070C35002F554404DD87
S31500017AF03A464946284606F073FA3D44B8F1000F66
S31500017B0002D0404605F011FD0C2000FB04A4C6E995
S31500017B1000A5B460BDE8F88F1C46CFE7ABAAAAAAB8
S31500017B20AAAAAA0AEA5F020038B5002304460D464E
S31500017B3083608B682BB102229847EB68E360AB68E0
S31500017B40A360204638BD38B5002304460D46836040
S31500017B508B682BB102229847EB68E360AB68A360A0
S31500017B60204638BD2DE9F843074688461646154690
S31500017B7004464FF0000944451AD029462046C5F867
S31500017B8008901035E9F780FDA36855F8082C2046C2
S31500017B90103444F8082C45F8083C55F8042C54F8E0
S31500017BA0043C44F8042C45F8043CE9F726FCE2E7DA
S31500017BB0E01B3044BDE8F8832DE9F347D0E90079AD
S31500017BC088466FF078431146A9EB07020646B3EBE8
S31500017BD0221F4FEA221402D11A4805F089FD012C11
S31500017BE02246A8EB070A38BF0122A41827D24CB1B6
S31500017BF09C4228BF1C462001019105F0ABFC01996E
S31500017C00054600E0254605EB0A00FFF78DFF4146D4
S31500017C102A463846FFF7A6FF494600F110024046BC
S31500017C20FFF7A0FF804617B1384605F07EFC05EB4D
S31500017C300414C6E90058B46002B0BDE8F0871C46DA
S31500017C40D9E700BFEA5F02002DE9F84307468846F7
S31500017C501646154604464FF0000944451AD02946F2
S31500017C602046C5F808901035E9F70EFDA36855F8CA
S31500017C70082C2046103444F8082C45F8083C55F8E1
S31500017C80042C54F8043C44F8042C45F8043CE9F768
S31500017C90B4FBE2E7E01B3044BDE8F8832DE9F34786
S31500017CA0D0E9007988466FF078431146A9EB0702BF
S31500017CB00646B3EB221F4FEA221402D11A4805F0F9
S31500017CC017FD012C2246A8EB070A38BF0122A4188A
S31500017CD027D24CB19C4228BF1C462001019105F0D8
S31500017CE039FC0199054600E0254605EB0A00FFF738
S31500017CF02AFF41462A463846FFF7A6FF494600F1C4
S31500017D0010024046FFF7A0FF804617B1384605F03E
S31500017D100CFC05EB0414C6E90058B46002B0BDE8DA
S31500017D20F0871C46D9E700BFEA5F02002DE9F04162
S31500017D301E46D0F80C54D0F8103404461746DDF828
S31500017D401C809D4232D007C985E807000C35C4F86E
S31500017D500C54D4F82804D4F82C3498422DD0394642
S31500017D60FFF7E2FED4F828341033C4F82834D4F8E7
S31500017D703404D4F83834984226D03146FFF7E3FE6E
S31500017D80D4F834341033C4F83434D4F80434A01C91
S31500017D90069903EB08021844C4F80424424606F087
S31500017DA01FF9B4F80434A380BDE8F0810A4600F552
S31500017DB081602946FFF764FECBE701463A4604F2A5
S31500017DC02440FFF7F9FED2E70146324604F5866004
S31500017DD0FFF764FFD9E700004A43002184460B46BA
S31500017DE02DE9F0470C460D464FF0E50A8A4222DDA1
S31500017DF09CF8009001319CF801800CF1030C4E4671
S31500017E001CF801ECC1454F4638BF4646764538BF9A
S31500017E107646C14528BF4746774594BFF71BA6EB73
S31500017E200E0716FB0AF6C7EB0727B742DEBF4D441E
S31500017E3044447344DAE707EE905A9FED395A4FF0FE
S31500017E40000CF8EE676A07EE904AB8EE677A07EE1D
S31500017E50903AF8EE677AB4EEE77AF1EE10FA54BF8B
S31500017E60F0EE475AF0EE675AF4EEE56AF1EE10FAD3
S31500017E70F4EEC56A58BFF0EE665AF1EE10FAB4EEAA
S31500017E80C57A54BF85EEA66A9FED266AF1EE10FA11
S31500017E90F4EEC57A54BFC5EE876ADFED226AF1EECC
S31500017EA010FA58BF85EEA77ADFED1F7A48BF9FED1E
S31500017EB01D7A26EE276A66EEA76ABCEEC66AFCEE56
S31500017EC0E66A16EE103A9DB216EE903A27EE277A3A
S31500017ED09CB2BCEEC77A17EE103A9BB262451DDD25
S31500017EE001780CF1010C47780330694310F8016CF5
S31500017EF06743090A5E433F0AFF294FEA162628BF50
S31500017F00FF21FF2F28BFFF27FF2E00F8031C28BFE4
S31500017F10FF2600F8027C00F8016CDFE7BDE8F08778
S31500017F20CDCCCC3D0000000000008043022A06D0E3
S31500017F30032A02D0012A00D10160002070470B6894
S31500017F400360FAE7022A034606D0032A02D0012A71
S31500017F5000D101600020704703C983E80300F9E7F7
S31500017F6003680446DB6800B58DB0984700230A9381
S31500017F704FF0FF326946D4F8F40EF9F73BF80128C1
S31500017F80F6D12368694620461B699847F0E7000049
S31500017F902DE9F84F07EE902A9B4680460D46B8EE2E
S31500017FA0E77A07EE90BA164602EB420A2DED048BEC
S31500017FB09DF83830B8EEE78ADFED377A93B3C7EE2E
S31500017FC0086AB7EE006AF4EEC66AF1EE10FACDBFA2
S31500017FD028EE277AFDEEC78A27EE277AC7EE278A8B
S31500017FE0D4BF87EE278AFDEEE88AB8EEE87A26EA5C
S31500017FF0E679BDEEC88A002709EB490987EE879A1B
S31500018000B8EEC87AC7EE879ABB4540DD18EE103A3E
S31500018010BB420ADC284655445246002106F008F8C0
S315000180200137F1E7FDEEC78ADFE707EE907A4FF4F5
S315000180307370E91C0022F8EEE77A67EEA97AFDEE85
S31500018040E77A17EE903A58439642A1F1030C1CDDEC
S3150001805007EE902AF8EEE77A67EE897AFDEEE77A7F
S3150001806017EE904A04EB44040444444418EE903A53
S3150001807001349A42B4BF14F8013C00230CF8013BC9
S315000180808C45F3D101320331DEE74D44C8E7BDEC3F
S31500018090048BBDE8F88F00BF0000A24337B5069DEB
S315000180A01C4618B919602A6003B030BD0228A1F137
S315000180B0A201A2F1A20207D0032850D0012851D172
S315000180C052421A60296003E04942524219602A600D
S315000180D02368A23323602B68A2332B602368002B0D
S315000180E00BDAFBF7DBFD264B264A274900934FF4B3
S315000180F0B173FCF733FEF9F7EDFE2368B3F5A27F02
S315000181000BDBFBF7CBFD214B1E4A1F49009340F2C7
S315000181106313FCF723FEF9F7DDFE2B68002B0BDA60
S31500018120FBF7BCFD1A4B174A174900934FF4B2737C
S31500018130FCF714FEF9F7CEFE2B68B3F5A27FB3DB8D
S31500018140FBF7ACFD134B0F4A009340F265130E4942
S31500018150FCF704FE03B0BDE83040F9F7BBBE494267
S315000181601A60AFE7FBF79AFD0B4B064A06490093E7
S315000181704FF4AE73FCF7F2FDF9F7ACFEA8E700BFCA
S315000181803C6002001A600200BA4702004860020021
S3150001819076600200826002001725020010B52DEDFF
S315000181A0028B84B008EE103A044603AB009302AB8F
S315000181B0C068FFF773FF9DF820309FED1B7AB8EE7C
S315000181C0488A06EE903A9DF82430DFED187AF8EEEB
S315000181D0666AC8EE075A86EE875A06EE903A039B00
S315000181E0F8EE666AD4E9002186EE876ADFED106A49
S315000181F001FB0322029965EEA66A65EE277A67EE10
S31500018200857AE6EEA57ADFED0B6A66EE266AE6EE7C
S31500018210867A67EE877AFCEEE77A17EE903A535440
S3150001822004B0BDEC028B10BD00007F435917373FE8
S31500018230D0B3593E98DD933D30B585B01D46044611
S3150001824003AB009302ABC068FFF728FF6168DDE965
S31500018250023201FB0232236802EB42029D5461683D
S31500018260DDE9022301FB0323226803EB43031344E5
S315000182709DF820205A706168DDE9022301FB032382
S31500018280226803EB430313449DF824209A7005B03A
S3150001829030BD00002DE9F04F0C4693468DB0924A51
S315000182A08246002120461D4605F0C2FE4FF4A27209
S315000182B0BBF1010F08940B95CDE9092257D102258F
S315000182C000230AF2872805922C4603936F1C661C2D
S315000182D021460234BBF1000F42D0A6462A46B146DA
S315000182E03B46B4460491059800FB03A308F24510EA
S315000182F0005D13F809900690059813F80C3000FB01
S3150001830002A212F80E0007900498125C08A80192C6
S3150001831018F8042000922A46FFF78EFF079B2A468B
S315000183203146019308A8069B00934B46FFF784FF4D
S31500018330B4F5A17FCBDB039BB7F5A17F8BF0010BD6
S3150001834083F00103039302D10DB0BDE8F08F039BC7
S3150001835008F5A2783D46002B14BF03240224B5E795
S31500018360B6463A46A1462B468C460496BBE7BBF178
S31500018370000FE9D1022212F001030BF5A179039353
S3150001838059D00AEB0B000BF1010404924FF00208DD
S3150001839090F889321AF8041090F846510B4490F877
S315000183A04411294401330131C3F34703C1F34701A2
S315000183B0019190F8451108A800910121FFF73CFFB2
S315000183C0049A0BF5A0730AEB04050493049BA342DC
S315000183D035D20AEB04052646A8EB0408B14508EB9D
S315000183E0060173D915F8013B01366878023395F811
S315000183F04371034495F88702034495F889020344BF
S315000184002878384495F84571C3F3870C039B0230ED
S31500018410384495F88872384495F84471C0F387005A
S31500018420002B4FD06346CDE9000708A80492FFF759
S3150001843003FF049AD2E75C464FF00108C1E7AE7824
S315000184402B7895F88812334495F8447195F846B11E
S31500018450023395F88A020B4469780644394495F843
S315000184608972034495F8450102310136C3F3870346
S315000184705944C6F34706394495F847710744C1F391
S31500018480870E03990137C7F3470729B9B4463E4614
S3150001849067469C46034660464146059202340235CC
S315000184A0CDE900E008A8FFF7C7FE059A08F101012A
S315000184B0334608A808F10208CDE900B7FFF7BCFE6C
S315000184C0059A83E73B46CDE9000CAEE7A9EB040B21
S315000184D00132A14538BF4FF0000B0234B2F5A17F3E
S315000184E0A3447FF448AF2FE730CE04001FB50446FE
S315000184F0002230210420F8F7ADFAC4F8F40E50B981
S31500018500FBF7CCFB134B144A144900932A23FCF7BF
S3150001851025FCF9F7DFFC231D4FF461721049029324
S3150001852004F1E4030F480193042300932346F9F76A
S3150001853021FE68B9FBF7B2FB0B4B074A00932B23CD
S315000185400649FCF70BFC04B0BDE81040F9F7C2BCC4
S3150001855004B010BD974C0200744C0200BA470200E9
S315000185608D610200617F0100A64C02001FB5044621
S3150001857002AB03C9626883E80300002382E80300B3
S315000185801A4619462068F8F7E5FA01280DD0FBF7D7
S3150001859085FB074B074A009335230749FCF7DEFBAA
S315000185A004B0BDE81040F9F795BC04B010BD00BF9A
S315000185B0B1600200744C0200BA47020038B50B4C98
S315000185C02378BFF35B8FDB070ED4204604F0B3FF9D
S315000185D050B1074D2046074B2B6004F0B8FF064A01
S315000185E02846064904F09CFF014838BDDCDC002022
S315000185F0E0DC002050830200008000205D3B01008A
S3150001860008B5EEF779FCBFF34F8F08BD28B10138E5
S3150001861001288CBF002001207047032070477FB5D9
S31500018620002302910221D0F8F80E00932423ADF81D
S3150001863004300123CDE9031269468DF8063005930E
S31500018640E9F7E2FAB0FA80F0400907B05DF804FBF9
S3150001865000B5002389B0D0F8F80E02938DF80E30DC
S3150001866002238DF80720242205930DF107030491B7
S3150001867002A906930123ADF80C200793E9F7C4FA82
S31500018680B0FA80F0400909B05DF804FB90F8402F7C
S3150001869010B50446002A4AD0032242F25011FFF7D0
S315000186A0D7FF012242F25B112046FFF7D1FF94F872
S315000186B0452F42F211012046FFF7CAFF94F8442FD5
S315000186C042F212012046FFF7C3FF94F8492F42F206
S315000186D013012046FFF7BCFF94F8482F42F214011C
S315000186E02046FFF7B5FF94F84D2F42F215012046BB
S315000186F0FFF7AEFF94F84C2F42F216012046FFF722
S31500018700A7FF94F8512F42F217012046FFF7A0FF69
S3150001871094F8502F42F218012046FFF799FF0122E3
S3150001872042F253112046BDE81040FFF791BF42F2D5
S315000187305011F8E710B50446082241F20301FFF78C
S3150001874087FF082241F207012046FFF781FF0A222F
S3150001875043F244012046FFF77BFF002243F2450125
S315000187602046FFF775FF0A2243F247012046FFF72D
S315000187706FFFC02243F250012046FFF769FF4222F4
S3150001878043F251012046FFF763FF502243F25201A3
S315000187902046FFF75DFF002243F253012046FFF713
S315000187A057FF032243F254012046FFF751FFF722F8
S315000187B043F255012046FFF74BFFF82243F25601DB
S315000187C02046FFF745FF292243F257012046FFF7CE
S315000187D03FFF1F2243F258012046FFF739FF1E22B1
S315000187E043F259012046FFF733FF43224FF48051EC
S315000187F02046FFF72DFF402241F201012046FFF7F7
S3150001880027FF322241F202012046FFF721FF7F2294
S315000188104FF454712046FFF71BFF012241F2060176
S315000188202046FFF715FF002241F208012046FFF717
S315000188300FFFA02241F209012046FFF709FF60223E
S3150001884041F20A012046FFF703FF902241F20B0194
S315000188502046FFF7FDFE402241F20C012046FFF7BC
S31500018860F7FE07224FF400512046FFF7F1FE0122E1
S315000188704FF404512046FFF7EBFE5F2242F201114D
S315000188802046FFF7E5FE0A2242F202112046FFF7D3
S31500018890DFFE032242F203112046FFF7D9FE05222D
S315000188A042F204112046FFF7D3FE022242F20511DD
S315000188B02046FFF7CDFE142242F206112046FFF7AD
S315000188C0C7FE022242F207112046FFF7C1FE03222C
S315000188D042F208112046FFF7BBFE032242F20911BC
S315000188E02046FFF7B5FE002242F20A112046FFF7A5
S315000188F0AFFE802242F20B112046FFF7A9FE40226D
S3150001890042F20C112046FFF7A3FE202242F20D117E
S315000189102046FFF79DFE032242F20E112046FFF785
S3150001892097FE002242F20F112046FFF791FE8522A3
S3150001893042F210112046FFF78BFE002242F211117E
S315000189402046FFF785FE2046A02242F21211FFF7CC
S315000189507FFE2046BDE81040FFF798BE00224FF487
S31500018960807110B5044680F8542FFFF771FE4FF061
S31500018970814004F6FC61BDE81040EEF75FBA0000E5
S3150001898037B50D460446FFF719FE00212A7804F093
S31500018990F1FBFFF713FE2A78012104F0EBFB0A2015
S315000189A0F9F7B8FB2B786BB3FF230A258DF8063050
S315000189B08DF807300DF1060200212046FFF72FFE44
S315000189C00DF1070201212046FFF729FE40F20311AE
S315000189D000222046FFF73CFE9DF80610012903D12F
S315000189E09DF80730B02B0DD0013DE3D101299DF84B
S315000189F0072001D1B02A05D0034806F077F90020F7
S31500018A0003B030BD0120FBE7CF600200104B13B568
S31500018A10C0F8243F40F60203044600F62471C0F86C
S31500018A20283F012380F82C3F0823A0F82E3F094B4D
S31500018A30C0F8303F4FF08140EEF7E0F828B98DF8E5
S31500018A40040001A92046FFF79BFF02B010BD00BF3D
S31500018A5008004233100000010B685A1C13B51ED1E1
S31500018A6000F6FC6101AA4FF08140EEF72AFA0446AE
S31500018A7080B915490198E9F77BF9019B134A93429D
S31500018A800AD0134A934218D0124A934217D0124A77
S31500018A90934216D04FF0FF34204602B010BD032B8F
S31500018AA0F8D80949094A01FB032200F6FC614FF097
S31500018AB081400192EEF7F6F9ECE70124ECE7022496
S31500018AC0EAE70324E8E700BF109A010000000081ED
S31500018AD0109A01812034038130CE048138B50B7898
S31500018AE004460D465BB9FFF725FE2A7840F201617F
S31500018AF02046FFF7ADFD2B7884F8353F38BD0022BF
S31500018B004FF40451FFF7A4FD00224FF48051204693
S31500018B10FFF79EFD002241F208012046FFF798FD6E
S31500018B20002240F205212046FFF792FD012240F284
S31500018B300E212046FFF78CFD002240F20F21204630
S31500018B40FFF786FDD1E7F7B504460E4600254FF03F
S31500018B50FF373368AB420DDD01A920460197FFF7C8
S31500018B607BFF431CF5D0019001A920460135FFF793
S31500018B7073FFEEE703B0F0BD00230122C1E9003324
S31500018B80C1E9033340F243130A72C1E90533704761
S31500018B9030B504460D4685B0FFF7A8FCC4F8F85E6B
S31500018BA0002504F63871204684F8545FFFF7E4FF88
S31500018BB0084B6A46032103930820074B84F8405F5C
S31500018BC002930094FCF7C6FF6846E8F716FC05B069
S31500018BD030BD00BF018E01002D7F010070B40C462F
S31500018BE0064600F638750FCC0FC594E8070085E8F0
S31500018BF00700304670BCFFF749BD10B50446012297
S31500018C0042F25311FFF724FDD4F8383F23B1D4F8CB
S31500018C103C0FBDE81040184710BD38B50C460A7820
S31500018C204FF480710546FFF713FD237885F8343F2D
S31500018C3038BD00002DE9FF410E460DF10F0243F24A
S31500018C4060010546FFF7EBFC9DF80F2043F260013A
S31500018C50284642F020021E4C00278DF80F20FFF710
S31500018C60F7FC2846FFF766FD002241F2120128466D
S31500018C70FFF7EEFC002305F6FC614FF081401A4632
S31500018C800191EEF765F833780199052B14BF4FF082
S31500018C9004084FF00208013722464FF08140019146
S31500018CA004F5CD34EEF7FEF8B845019904F1100448
S31500018CB0F1D14FF08140EEF77DF804463146284662
S31500018CC0FFF7ABFFB4FA84F0400904B0BDE8F081C8
S31500018CD00000008130B50D7885B00C46072D0DD802
S31500018CE0DFE805F0040A201C25292D300431FFF7A1
S31500018CF0A1FF8DF8040001E0FFF730FEA36A5BB126
S31500018D0002AB8DF80050E26ADDE9000183E8030059
S31500018D10194604F12000904705B030BD0431FFF734
S31500018D202FFEE6E70431FFF797FE0190E6E70431EF
S31500018D30FFF7D4FEE2E70431FFF705FFDEE7FFF7B1
S31500018D405CFFDBE70431FFF749FFD7E738B50C468F
S31500018D500546084604F00FFC611E03460022002961
S31500018D6003DB013903F8012BF9E72860284638BDF2
S31500018D7010B50446006808B104F0DBFB204610BDBF
S31500018D801FB5EFF30583D0F8F40EEBB1002303AA68
S31500018D90F8F70EF801280AD0FAF780FF134B144AA8
S31500018DA0144900934123FBF7D9FFF9F793F8039B85
S31500018DB03BB1114B4FF080521A60BFF34F8FBFF397
S31500018DC06F8F05B05DF804FB4FF0FF32F7F7C2FE77
S31500018DD00128F6D0FAF762FF084B054A05490093C8
S31500018DE04423FBF7BBFFF9F775F8EAE7AF5C02002E
S31500018DF0744C0200BA47020004ED00E0EE5C02008A
S31500018E0000B500238DB000680A93062369468DF8E4
S31500018E100030FFF7B5FF08A8E8F7EFFA0DB05DF8E7
S31500018E2004FB00002DE9F04188B014460646884649
S31500018E3003220021012002AFF7F70CFE04AB04F177
S31500018E4020020546CDE9040693E8030087E80300FE
S31500018E5092E8030083E8030097E8030082E8030031
S31500018E60A26A184606921B4AA262E26A07921A4A47
S31500018E70E262E8F7C2FA00234FF0FF322146D8F842
S31500018E80F40EF7F767FE01280AD0FAF707FF134B2E
S31500018E90134A144900933723FBF760FFF9F71AF8D1
S31500018EA04FF0FF312846F8F765F901280AD0FAF79D
S31500018EB0F5FE0D4B0A4A0B4900933823FBF74EFF8B
S31500018EC0F9F708F82846F8F7B9FA304608B0BDE8C8
S31500018ED0F08100BF457F01006D850100EE5C020057
S31500018EE0744C0200BA470200FD600200F0B500238F
S31500018EF08FB006460D460C93022317468DF80830AF
S31500018F004FF0FF33039302AA31466846FFF78AFF03
S31500018F10019C0FB1631CF6D0032C0AA897BF054B21
S31500018F200023054A03FB04232B60E8F766FA204673
S31500018F300FB0F0BD109A01000000008100B50023BA
S31500018F408FB00C93022302AA0391014668468DF85D
S31500018F500830FFF767FF0AA8E8F74FFA0FB05DF888
S31500018F6004FB00002DE9F04F90F8543F04460D46EE
S31500018F702DED028B93B0039353B9B24805F0B6FEBB
S31500018F80DDF80CA0504613B0BDEC028BBDE8F08FA6
S31500018F9090F8343F052B08D10720FCF7BBFC82462D
S31500018FA018B9A94805F0A2FEECE7002601220CA992
S31500018FB020460C96FFF79AFF08EE900A0C980028B7
S31500018FC000F0278294F8343F052B03D13146072060
S31500018FD0FCF784FC6B682C68DDF80CA09FED9B8A7E
S31500018FE00A930A9BA34200F00D822368012B44D009
S31500018FF0022B00F0F481002B40F00182E368B3F507
S31500019000A27F17D12369B3F5A27F13D1A1690C9869
S31500019010D4E90123FFF73EF9237F4BB1E8F7F6F9CF
S3150001902090F8353F23B9A069D4E90312FEF7D4FEBF
S315000190302034D6E786490EA8FFF788FE0E990C98CC
S31500019040D4E90123FFF726F9237F53B1E8F7DEF9C7
S3150001905090F8353F2BB94FF4A2720E981146FEF7E0
S31500019060BBFE237D0E980093A169D4E90323FEF785
S315000190708FFF0EA8FFF77CFEDAE7E368B3F5A27F60
S3150001908040F043812369B3F5A27F40F03E810C9AFB
S31500019090A1690292D4E90172CDE90E13012FCDE93E
S315000190A0103266D1029A099302F2872802F5737289
S315000190B00792039A06920022049202221546571C31
S315000190C0069B6E1C05950235002B4AD0059BAB46C7
S315000190D01146B1460893B6463B460998844602981E
S315000190E00CFB03030798405D13F809900B90029857
S315000190F013F80E300CFB01000899089210F80BB01A
S31500019100405C0599019018F8050000900EA8FFF73C
S3150001911045F80B9B089A314600930EA84B46CDF8AD
S3150001912004B00592FFF73AF8B5F5A17F059AC7DBBA
S31500019130069BB7F5A17F83F001030693049B83F099
S31500019140010304933FF474AF049B08F5A2783A46F1
S31500019150002B079B03F5A27314BF03250225079372
S31500019160ADE7B3463946A9461346DDF814E008963D
S31500019170B3E7002F7FF45CAF022212F0010307F57B
S31500019180A17B049359D0029B7D1C02994FF00209E1
S31500019190D8190592495D90F8893290F846610B44D9
S315000191A090F84411314401330131C3F34703C1F34C
S315000191B04701019190F845110EA800910121FEF792
S315000191C0EDFF059A029B5E1907F5A0730693069BB0
S315000191D0AB423FD2029B2F46A9EB05095E19BB455F
S315000191E009EB070140F2848016F8010B01370230C2
S315000191F0737896F843C1034496F88702034496F8B8
S31500019200890203443078604496F845C1C3F3870E5A
S31500019210049B0230604496F888C2604496F844C1C3
S31500019220C0F38700002B5FD07346CDE9000C0EA872
S315000192300592FEF7B3FF059AD1E74FF001093D46C6
S31500019240C0E700BF2A6102005961020000007F43A6
S3150001925030CE0400B778337896F888123B4496F8F6
S315000192608A0296F844C10233074496F847810B44B3
S3150001927096F846110137059103447178C7F34707FC
S31500019280C3F3870E96F845016144059B96F889C29A
S315000192908044023108F101081944049BC8F34708C8
S315000192A06144C1F387012BB9BC464746E046F44603
S315000192B0864660467346079202350236CDE90010AE
S315000192C049460EA8FEF76AFF059B079A09F10101B7
S315000192D000930EA83B46CDF80480059209F10209D8
S315000192E0FEF75CFF059A72E76346CDE9000E9EE73D
S315000192F0ABEB05070132AB4538BF00270235B2F5A6
S31500019300A17F2F447FF439AF92E643490DA8FFF7B9
S315000193101DFD0EA8D4E90331594301EB4101FFF7C5
S3150001932015FDD4E90123DDE90C01FEF7B3FF237D29
S31500019330DDE90D010093D4E90323FEF729FE00219F
S31500019340DDF83880D4F818C008469FED345ADFEDB1
S31500019350344A9FED344AD4E9036E86453ADD01EB82
S3150001936041020CEB010700254244AE4202F1030221
S315000193702DDD12F8033C013507EE903A12F8023C56
S3150001938007EE103AF8EE677A12F8013CB8EE477A22
S3150001939087EE886AC7EE085A07EE103AB8EE477AA2
S315000193A0C7EE086A26EE057A65EEA47A67EEA57A17
S315000193B0E6EE077A26EE847AE6EE877A67EE887A13
S315000193C0FCEEE77A17EE903A07F8013BCDE701305C
S315000193D03144C2E70EA8FFF7CBFC0DA84AE6E368C5
S315000193E0B3F5A27F0BD12369B3F5A27F07D10E4A4C
S315000193F00C99A06904F0F4FDDDF80CA018E64FF015
S31500019400000A15E6E8F702F818EE901AFFF796FD3E
S31500019410B8E58246B6E500BF30CE0400D0B3593E6A
S315000194205917373F98DD933D109A010030B58FB03B
S315000194300023044602AA8DF80C10014668460C93D7
S315000194408DF80830FFF7EEFC9DF804500AA884F861
S31500019450545FE7F7D2FF28460FB030BD10B50023A1
S315000194608EB00C93032302AA8DF80C1001466846B0
S315000194708DF80830FFF7D6FC9DF804400AA8E7F7F7
S31500019480BCFF20460EB010BD00487047E86B0200D5
S31500019490004870472867020000487047A876020016
S315000194A000487047186C020000487047406C020083
S315000194B0004870470866020000487047C0770200FE
S315000194C0004870476878020000487047307802000B
S315000194D000487047C065020000487047B865020041
S315000194E000487047806502000048704750780200C6
S315000194F000487047D877020000487047907602000E
S3150001950000487047207702000048704798780200AB
S3150001951000487047D077020000487047787802000B
S31500019520004870473074020000487047E873020033
S3150001953000487047B87802000048704780780200FA
S31500019540004870478879020000487047A0790200F8
S315000195500048704770790200004870476077020042
S3150001956000487047787702000048704790770200FC
S3150001957000487047A877020000487047D873020078
S31500019580004870471874020000487047506C02008A
S31500019590004870470074020000487047387702009F
S315000195A00048704788670200004870471878020033
S315000195B000487047007802000048704700790200B1
S315000195C0004870471879020000487047D0780200B9
S315000195D0004870473076020000487047487602001E
S315000195E000487047607602000048704778760200AE
S315000195F0004870471877020000487047407802001B
S3150001960000487047F877020000487047E878020082
S3150001961000487047487802000048704750770200BA
S31500019620004870475877020000487047F0770200FB
S3150001963000487047B078020000487047686C020025
S31500019640004870474074020000487047C86702002E
S31500019650004870470865020000487047A864020088
S3150001966000487047A067020000487047E86402009E
S3150001967000487047F07802000048704730790200D0
S31500019680004870474079020000487047507902004F
S315000196900048704760790200704710B504460421FE
S315000196A003F045FF204610BD08B5034AE121034BEF
S315000196B0034804F087F900BFB861020017250200CC
S315000196C04C62020008B5034A4421034B034804F0E7
S315000196D079F900BF856202001725020017630200AF
S315000196E0144B37B50025036000F10C030022044634
S315000196F0456005738563C0E90453C0E90635002357
S31500019700C0E90C55C0E90A230120F7F73FFB84F8AD
S315000197104050E06350B9FAF7C1FA074B074A0849C6
S3150001972000932F23FBF71AFBF8F7D4FB204603B06F
S3150001973030BD00BF90630200085102005E63020063
S31500019740BA470200016319B900220023C0E90A23BE
S315000197507047012380F840307047044608B52068F9
S31500019760F4F762FEFBE708B5FFF7F7FFF7B504224A
S31500019770002103463B48CDE900214FF461723A4985
S31500019780F8F77AFB01286BD0384E3578BFF35B8F3B
S3150001979015F0010557D1304603F0CDFE002852D011
S315000197A0334B344C1A68A71D2560C4F806209A88E5
S315000197B053F8060F628104F10C025968257184F889
S315000197C0285003C29868012304F10C01106002229B
S315000197D02377304684F8403084F84C3004F138035E
S315000197E084F82C20636504F1500384F85020A365A6
S315000197F04FF481732576A4F85C301F4BC4E90C1530
S3150001980040F20221A16304F11801E1630A21C4E9CE
S315000198101835616404F1580304F12801C4E9087597
S31500019820A164A366C4F88854C4F89C54C4F8E055EE
S31500019830C4F8E455C4F8E85503F089FE0F4A2046FA
S315000198400F4903F06DFE0F4B0F4A00935E230F493C
S315000198500848FBF783FA03B0BDE8F040F8F73ABBD6
S3150001986003B0F0BD67970100B879020008EC00204B
S31500019870861402000CEC0020A941010000800020A2
S31500019880173C0100EA790200C4790200BA470200D6
S3150001989037B500F108030025044612490572C0E9EF
S315000198A00353C0E90535104B28461A889B78ADF855
S315000198B004208DF80630ECF7EBFF0A492846ECF751
S315000198C0E5FF01AA07490320F6F77AFB074A214675
S315000198D00320F5F769F810B1054805F007FA2046A7
S315000198E003B030BD00366E01981402006F9B010073
S315000198F0707A020010B50B4C2378BFF35B8FDB0740
S315000199000ED4204603F017FE50B10748FFF7C0FFFB
S31500019910204603F01CFE054A0549034803F000FEF4
S31500019920014810BDE0CD0020E4CD002000800020DC
S315000199304741010008B5FFF7DDFF0068BDE80840B3
S31500019940F4F76CBF38B5002304460D4683608B6877
S315000199502BB102229847EB68E360AB68A36020460F
S3150001996038BD70B58B68164604460D1D012253B1EC
S3150001997030681D461A69904239BF98680122D86835
S3150001998000220346F3E792B1CA68AA4203D1C4E9A9
S315000199900035204670BD284603F046FE336802694D
S315000199A09A424FF00003F2D3C4E90003F1E72846D7
S315000199B0F4E72DE9F04300F1040885B0064689462F
S315000199C08568444655B1D9F800302A699A423ABFAA
S315000199D0EB682546AB682C461D46F3E7A04504D047
S315000199E0D9F8002023699A422ED2242003F0B2FD31
S315000199F0D9F800900023A045074600F11002C0F8EF
S31500019A001090C36125D173691BB131690B694B454F
S31500019A1009D3314602A8FFF7A4FFDDE90241002977
S31500019A2051D0002C4DD188454BD038690B699842ED
S31500019A302CBF0020012043460A46394603F0F6FDB5
S31500019A407369013373613C4604F1140005B0BDE846
S31500019A50F083236901924B4518D9F3689C4209D0DA
S31500019A60204603F0E1FD0369019A4B4505D2C3681F
S31500019A7053B9044621461C46D1E7314602A8FFF7F1
S31500019A8070FFDDE90234F5E72346F3E71BD23169BE
S31500019A908C420BD0204603F0B4FD03690546019ABA
S31500019AA04B4505D9E36853B921461D462C46B6E711
S31500019AB0314602A8FFF755FFDDE90251F6E70146F7
S31500019AC0F4E70120B7E707F11400E7F796FC3846FB
S31500019AD003F02BFD2746B6E72DE9F0410E468EB081
S31500019AE005460B219046304603AA1F46F5F789F82D
S31500019AF00A2104AA3046F5F784F8039BBDF8101035
S31500019B0005F1080CEC68281D41EA034163460591FD
S31500019B1034B12269914296BF2346E468A468F7E707
S31500019B209C4522D01B6999421FD305A9FFF741FF26
S31500019B3001460AA8FFF706FF2B68CDE906360C9BFE
S31500019B40CDE908870BB903F0D6FD09AB0D9C07AA31
S31500019B5006A900930AA808ABA04704460AA8E7F796
S31500019B604CFC20460EB0BDE8F0810124F9E737B57B
S31500019B700D4604460192FFF7BDFE019B2A4621468A
S31500019B8003B0BDE83040FFF7A7BF000070B592B241
S31500019B9088B01E46043042EA014204AD01A9019291
S31500019BA0FFF707FF314604462846FFF7CBFE02AB17
S31500019BB095E8030083E8030094E8030085E80300C1
S31500019BC093E80300A26884E80300069B28460692F0
S31500019BD0E268A360079B0792E360E7F70EFC044B7C
S31500019BE0202283F8872380221A6108B070BD00BF46
S31500019BF000E100E00368013304D04068431C584289
S31500019C0058417047012070470B6810B504689C42A3
S31500019C1009D040684A68904205D0944203D0181A88
S31500019C2018BF012010BD0020FCE740F30903B3F182
S31500019C30FF3F08BF0130C0F3090004307047031F1E
S31500019C400439083010B553F8042F51F8044F8342F4
S31500019C5082EA04021A60F6D110BD036833B942687C
S31500019C6022B98068B0FA80F0400970470020704739
S31500019C7008B503681B0D13F4E06306D00430FFF743
S31500019C80C3FFB0FA80F0400908BD1846FCE700B9E9
S31500019C907047884201D00068F9E701207047836E5A
S31500019CA09A6A436DD31A1944B1FBF2F302FB1311FD
S31500019CB0836D8B4210B50BD94C09426E012301F01D
S31500019CC01F0103FA01F152F824300B4342F8243004
S31500019CD0002010BD11F0805F154A036830B5154CA0
S31500019CE083EA010518BF144625421FD043F3090430
S31500019CF001341BD001EA02040F4A1A4042F09F4286
S31500019D0042F4E002944211D00A0D02F4E064B4F583
S31500019D10806F09D1C3F38924C1F389218C4203D30E
S31500019D2052B203EB82230360002000E0012030BD24
S31500019D3000FCFF7F00FC0F7000FC0F000246084686
S31500019D4008B5FFF772FF136818441060002008BDBC
S31500019D5003680133036000207047836E9B6B10B567
S31500019D60044613B9C06804F025F9A36EDB6B13B979
S31500019D70E06904F01FF9A36E1B6C13B9606E04F061
S31500019D8019F9002010BD10B50C46026BFF21E068E1
S31500019D9004F04EF94FF0FF33236010BD38B5CD699D
S31500019DA00446816635B9654B4FF45A61644A654884
S31500019DB003F008FE0A6A22B9634B40F6A151604AD4
S31500019DC0F5E7086B20B9614B40F6A2515C4AEEE714
S31500019DD0B0FBF5F305FB130323B15D4B40F6A6512A
S31500019DE0574AE4E7B0FBF2F302FB130323B1594BE5
S31500019DF040F6A751524ADAE74A6AB2FBF0F300FB92
S31500019E00132323B1544B40F6A8514D4ACFE7A2F193
S31500019E1008054FF0FF33B3FBF5F3013BB3FA83F3C8
S31500019E20C3F12003B2EB830F04D24C4B40F6AB5186
S31500019E30434ABCE7CB6A23B9494B40F6B451404A81
S31500019E40B5E78B6BABB1E360A36EDA6BE2B1E261AE
S31500019E502146A06EFFF797FFA06E04F11001FFF7F0
S31500019E6092FFA36E586BB0B93E4B40F6D251344ABD
S31500019E709DE704F097F8E0600028E5D12046FFF75A
S31500019E806CFF6FF00B0058E0186B04F08BF8E06183
S31500019E900028DDD1F2E7410702D11B6C9A0704D0F5
S31500019EA0314B40F6D351264A81E74BB16366A36E27
S31500019EB05A6CFF2A0AD92D4B4FF45E61204A76E788
S31500019EC004F070F860660028F1D1D7E742B1E26686
S31500019ED09A6C002A06DA264B40F6E651184A66E7DE
S31500019EE0FF22F4E708BF6FF0004240F2FE3122671D
S31500019EF0DA6C8A4204D91F4B40F6EC51104A56E7F8
S31500019F00002A08BF0A4662671A6D5B6A9A4204D93B
S31500019F10194B40F6F2510A4A49E700204FF0FF3348
S31500019F20C4E90A00C4E90833C4E90F006064A06308
S31500019F302065C4E90C00C4E9120038BD867A020026
S31500019F40328202009F7A0200E07A0200F97A020068
S31500019F50137B0200437B0200737B0200A47B020099
S31500019F60F07B02000C7C0200297C02007D7C020051
S31500019F70977C0200B87C0200D37C0200826A8A4286
S31500019F8008B505D8074BF421074A084803F01AFD1E
S31500019F90C3689847002803DD054BF621024AF4E71A
S31500019FA008BD00BFBB7D0200E38102009F7A02006B
S31500019FB0027D020008B50368C3F3090242B900290C
S31500019FC006DA0A4B40F6FF71094A0A4803F0FAFC21
S31500019FD01944C1F3090321F00041003B18BF0123D5
S31500019FE041EAC3710160002008BD00BF0B7D02007C
S31500019FF03B8202009F7A0200F8B5456A0F460E6859
S3150001A000083DAE4213D3B6FBF5F00138E7F702F887
S3150001A010841CA6EB8404B4FBF5F42046E6F7FAFFAC
S3150001A020A6EB800004FB150520463D60F8BD002027
S3150001A030FCE700002DE9F04F87B0894602920268DD
S3150001A0400593936A0490DDE910A4DDE91286534570
S3150001A05003D9A319526A934222D96FF05300A2E0A1
S3150001A060B9F1000F3FD0D9F800309A453BD1D9E973
S3150001A070015205EB020BA34535D9A54214D8ABEB2A
S3150001A080040B651BD9F80C104046B345294428BF7B
S3150001A090B346D8445C44A6EB0B065A4603F0A0FF30
S3150001A0A0002EDDD130467EE02D1BB54228BF354658
S3150001A0B0029B1B689A451CD1029BD3E901120A44F3
S3150001A0C0944216D28C4210D3121B611ADB684046A9
S3150001A0D09542194428BF15462A46A8442C44761BA6
S3150001A0E003F07EFFDCE73546E2E7091B8D4228BF18
S3150001A0F00D46049B1868059BB3421ED8C269B4FB82
S3150001A100F2F302FB1343C3B9964216D35146B5FB8C
S3150001A110F2F302FB13532246A5EB030B0393CDF88F
S3150001A12000B043681F464346B84700283BD1039B0E
S3150001A130D8445C445D1B2E44B2E7836A9A4505D335
S3150001A1401A4B5A211A4A1B4803F03CFCC569029B6B
S3150001A150059FC3F800A0B4FBF5F105FB1141621A96
S3150001A1605A606B1E3B442344B3FBF5FC05FB1C3CC8
S3150001A170456AA3EB0C0C0B1B016BAC4594BF634406
S3150001A1805B198B4228BF0B4602998B600093CB6803
S3150001A19051464568A847002803DD074B6521044A57
S3150001A1A0D1E73FF47DAF07B0BDE8F08FBB7D02007C
S3150001A1B0B28102009F7A0200027D02002DE9F04F72
S3150001A1C0994689B006463C300F460592D1E903838C
S3150001A1D00793FFF74DFD059BC3F3892A00287DD020
S3150001A1E0BAF1000F7CD0F46B3E4AC4F38923C9F35C
S3150001A1F08924A34294BF1446002406F1680B079DE7
S3150001A2002846FFF712FD031D434533D8A8EB000886
S3150001A21007AA0423002158460393CDE901823A682F
S3150001A22000923246FFF706FF30BB079B1BBA6B4015
S3150001A23023F000430793BAF1000F23D02A0D02F44D
S3150001A240E063B3F5806F1DD1A9EB0403C5F3892142
S3150001A250C3F38920884215D323F07F4323F4700387
S3150001A26023F47F7323F0030343F0804343F4801305
S3150001A270AB4204D16FF0010009B0BDE8F08F52B2D4
S3150001A28004EB8224A9EB0401059B69401940B6D170
S3150001A29045F309030133EDD0C5F30909149B324691
S3150001A2A05846994528BF9946139B0293129BCDF8B0
S3150001A2B00C900433434401933B6800934B46FFF7EC
S3150001A2C0B9FE0028D8D1149B0146A3EB0902139BC2
S3150001A2D003EB090003F0ACFE6019CDE704468CE7F9
S3150001A2E054468AE700FCFFFF1FB5C3F30904029435
S3150001A2F0069C019400240094FFF760FF04B010BD92
S3150001A30030B587B01446094B03AD094A0095FFF7EE
S3150001A310EBFF002804DA831C08BF002007B030BD1C
S3150001A32020462946FFF78BFC0020F7E70C00F07F5B
S3150001A3300000F07F2DE9F04F93B01E460746884690
S3150001A340BDF880309146BDF988B00C93BDF88430D4
S3150001A350DDF870A00D931E9BC3F38F230B934FEA79
S3150001A3608B230A933046FFF760FCD8F80C3000EBDC
S3150001A37009049C4252D20FAA0423002107F1680066
S3150001A3800393CDE90142D8F8002000923A46FFF73F
S3150001A39051FE00283FD10F9BA14610AD1BBA5E406E
S3150001A3A0D8F8003046F000461093231D0F961193FE
S3150001A3B01F9B0F9C5C401E9B1C40434B1C40D1D1F4
S3150001A3C00B9B002B38D10F99C1F30A53002BC9D02F
S3150001A3D040F2011293424FD1249AC1F30903C1F30A
S3150001A3E0892138460892239AC91A07925A1C594458
S3150001A3F0CDE90432354B4FF0005209B2CDE90232B4
S3150001A400002206914FF0FF332946CDE90022FFF7DE
S3150001A41091FF0028A6D013B0BDE8F08F1D9B002B3D
S3150001A4204FDDDAF800300AF1080A5AF8045C0F9396
S3150001A4301D9B013B1D93BBE70FAB4A464146384680
S3150001A4400893234BCDE906431D9BCDE90444CDE991
S3150001A45000A3CDE902443346FFF76CFF0028DADB9F
S3150001A46080D10F9B0C9AC3F389239A423FF67AAFA8
S3150001A4700D9A9A42A7D875E7B3F5817F1AD10F993C
S3150001A480C1F309039C42BFF46DAFC1F38921AB68E7
S3150001A4906A680C35594443EA812115F80C3C03F5E9
S3150001A4A0407341EA0351DDE9233098470028B2D1D0
S3150001A4B00134E4E70A9B2A461944DDE9233098472B
S3150001A4C0A7E70020A7E700BF0000F07F00FC0F60B0
S3150001A4D0D59C010030B587B001680446082004AD5B
S3150001A4E08B6E0390029550680190126800920A469D
S3150001A4F05B6A103102F16800FFF79CFD30B9211D3E
S3150001A5002846FFF781FB003818BF012007B030BD90
S3150001A5102DE9F04F95B0154607460C460B93136887
S3150001A520826E926A934280F0E28169688A4240F2C1
S3150001A530DE8100214FF004080EAA00F1680B00939A
S3150001A5404346CDF80C80CDE9011202465846CDE9C5
S3150001A5500E11FFF76FFD4346064610B110F1540F79
S3150001A56013D103934FF000080FAB3A46CDF80480A0
S3150001A5704146029358466B6800930423FFF75AFD40
S3150001A580064630B110F1540F54D0304615B0BDE82F
S3150001A590F08FDDE90E31C91A0029D4BF002101214E
S3150001A5A055F8213002224FF0FF36236081F0010376
S3150001A5B00A92099355F82330636014AB03EB8101CA
S3150001A5C051F8183CA3600023E3600893AB4A10AB33
S3150001A5D0B0464FF0000A92E80300042283E8030024
S3150001A5E004F108014FF0FF3002F0B0FB00230C909C
S3150001A5F0079305934FF0FF33069306984FF004092E
S3150001A600FFF713FB0DAA8244BB6ECDF80C90002117
S3150001A6105846CDE901A2226800923A465B6AFFF7E5
S3150001A62009FD054658B115F1540F40F03E81089BCE
S3150001A630A37526E04146B3E701230A93C6E74A46D6
S3150001A6400DA90C9802F082FB0D9B069A1BBA0C9081
S3150001A6505340002B04930D933DDA4FEA125A0AF444
S3150001A660E06ABAF5A06F09D1BA6EE368156AB3FB61
S3150001A670F5F005FB1030B0FA80F56D0905F0010023
S3150001A680A075E368002B00F01A81214607F13C0012
S3150001A690FFF7EEFA48B1FB6BC6F38922C3F38923B0
S3150001A6A09A4240F0048146F000461F9B3BB1A28AC4
S3150001A6B0C6F38923934228BF13461F9A1380002E9F
S3150001A6C0BFF663AFC6F38926A38AB3428CBF6FF088
S3150001A6D00106002659E70498FFF7A7FABB6E504416
S3150001A6E05B6A9842A3D8049A120D02F4E062B2F5AD
S3150001A6F0A06F40D112AA29465846CDF80C90029275
S3150001A7000AF104020192226800923A46FFF792FC8E
S3150001A7100546002887D1129A0C9B9A4287D10D9B38
S3150001A7200CA9049A1B0DF86A82EAC3734A4604937C
S3150001A73002F00CFBF8620D98FFF777FA049B504480
S3150001A7402361059BE060A382109BA361119BE361DA
S3150001A750079BE3754FF0FF330C934346049A464635
S3150001A7609846069249E709F10109012212A90C98B6
S3150001A77002F0ECFA0C900D98FFF757FA484523685A
S3150001A78016D90121BA6E5846039112A9029109EB15
S3150001A7900A01CDE900310021536A3A46FFF74AFC26
S3150001A7A005460028DFD010F1540F7ED1089BA37512
S3150001A7B00D9B1A0D12F4E0611FD1C3F38923059A8B
S3150001A7C09A4201D8013305931E9B0D9981EA03092B
S3150001A7D00B9B19EA03094DD1236812AA12930AF1B8
S3150001A7E004031393DDE920309847051E3FDA15F17E
S3150001A7F0540F5AD184F8169043E7B1F5806F1DD1F5
S3150001A800059851B240FA82F292B205921C4A08EAC0
S3150001A810020242F09F4242F4E002934202D148F022
S3150001A8200048D1E7B8F1FF3FCED0C3F38923C8F37F
S3150001A83089229342C8D808EB8128C5E7B1F5C06FD4
S3150001A840C2D102F00103082200215846039210AA40
S3150001A850079302920AF10402BB6E019222680092EA
S3150001A8603A465B6AFFF7E6FB5430ADD1DFE60D9B56
S3150001A87008D198464346B04670E700BF9C140200D3
S3150001A88000FC0F0088EA03021A490A420AD0022D87
S3150001A890F0D1C8F38922C3F389218A42EAD343F06E
S3150001A8A00048E7E74FF0FF38E4E72E466DE6711CF6
S3150001A8B03FF4FBAE9A4288BFA6F58066F5E614A87A
S3150001A8C0099900EB810151F8181CA1600A99D4E994
S3150001A8D000230129C4E900327FF4AEAE06490748D8
S3150001A8E0CDE9002140F22E42054904F0FFF96FF04F
S3150001A8F053064AE600FCFF7F0B5E02003F7D020025
S3150001A9009F7A02002DE9F0470123002588B006460B
S3150001A9100F461446DFF85C80DFF85C90DFF85CA038
S3150001A920C2E9065304F118021046FFF763F910B1A4
S3150001A9306FF0010018E0B36E9B6AB5EB530F16D2A8
S3150001A9403B6821460135059606937B68079305AB5F
S3150001A950CDE90090CDE9028330465346FFF7D8FD95
S3150001A9600028DFD0831CDDD008B0BDE8F0876FF08A
S3150001A9705300F9E7D5A4010008000020FF03F07F8A
S3150001A9801FB50023CDE9023301934FF0FF33009346
S3150001A990FFF7BEFD05B05DF804FB2DE9F04101238B
S3150001A9A0002406468846154602F11807C2E9064301
S3150001A9B03846FFF71FF910B16FF0010011E0B36ED1
S3150001A9C09B6AB4EB530F0ED2414638460134FFF76A
S3150001A9D01BF930B13A4629463046FFF7D1FF002828
S3150001A9E0E6D0BDE8F0816FF05300FAE72DE9F04FAC
S3150001A9F08DB0814688461668059204931BB140F2D4
S3150001AA00FF33049A1380D9F82030444CC8F8183023
S3150001AA10DFF820A1D9F82430C8F81C305146304659
S3150001AA2004F01FFB35185146284604F0F7FA0128B1
S3150001AA30074605EB000625D102463949284603F0AB
S3150001AA40C1FA0028EAD0B346012351465846069377
S3150001AA5004F007FB83445146584604F0DFFA0246E8
S3150001AA60C0B10228069B12D12E49CDE906035846EC
S3150001AA7003F0A8FADDE9062348B9013B08D10BF139
S3150001AA800206CBE70228DED102462649D6E7013384
S3150001AA909344DAE72B78002B39D0059B1D60230DF3
S3150001AAA0022B38D1C4F3892440F2FF3308F1180B85
S3150001AAB09C420BD01C4B41461C4A484643EA842320
S3150001AAC0CDF800B0FFF710FC041E20DB2F2128462D
S3150001AAD004F097FA09AA0028049B0392414618BF7D
S3150001AAE00023134A484600970B97CDE901324FF0F0
S3150001AAF0F0435A46CDE90995FFF70AFD041E06DB28
S3150001AB008CD198F81730002BE0D16FF00104204664
S3150001AB100DB0BDE8F08F6FF01304F8E700FC2F00CD
S3150001AB20757D0200747D02000800002000FC0F7094
S3150001AB3061AD01003D7D02002DE9F04F89B09146DE
S3150001AB4006468846129A05A956F8680F9A46013AAA
S3150001AB50DDF850B00592FFF74FFA054651465846C3
S3150001AB60139B9847024628BB25B305F0010706A8A3
S3150001AB704146CDF800A0C7F10204A300CDE90120AA
S3150001AB8003934A463046FFF755FA024690B9013C0F
S3150001AB90944207DC08AB023F03EB84043D4454F8BE
S3150001ABA008ACDBE706995846139B98470122002813
S3150001ABB0EED00246104609B0BDE8F08F2DE9F04F00
S3150001ABC089B004468846DDF84C9005924BB94FF0A2
S3150001ABD0FF32C9F80020149A0020136009B0BDE8BD
S3150001ABE0F08F013B07A9806E4FF0040A0793FFF728
S3150001ABF003FA12A9064654F8680F0DF1140BFFF774
S3150001AC00FBF90746B742059A03D3129BC9F8002000
S3150001AC10E1E7F51B96FAA6F300212046B5FA85F57C
S3150001AC20B3FA83F3C5F11F059D4228BF1D46AB004C
S3150001AC30CDE902BACDE9002304234246FFF7FAF92A
S3150001AC400028CBD1012303FA05F5761BDAE70000CC
S3150001AC502DE9F04F87B0074688461546139E03F146
S3150001AC60FF3ADFF894B0DDE911490EB930463FE00D
S3150001AC702B68E868023315D1D5E901120A449442DA
S3150001AC8010D28C420ED3121B611AB24201444846BD
S3150001AC9028BF3246059203F0A3F9059A914414445C
S3150001ACA0B61AE2E7D7F868C06FF00103DCF81C10AA
S3150001ACB02B600AEB01032344B4FBF1F2B3FBF1FE73
S3150001ACC001FB124201FB1E31A21A5B1ADCF830109D
S3150001ACD06A608B4200925A4628BF0B464146CDE92F
S3150001ACE00103AB603846109BFFF768FA0028BCDA0F
S3150001ACF007B0BDE8F08F00BF00FCF7FF2DE9F04F6C
S3150001AD0087B0884617469946129E002400F1680AC4
S3150001AD100DF1100BA64201D800201AE0351B109B3D
S3150001AD2042460021082D2344504628BF0825CDE977
S3150001AD300093CDE902B53B1BFFF77CF948B9119B9E
S3150001AD402A465846191903F03DF9002804D005DBB7
S3150001AD50022007B0BDE8F08F2C44DBE70120F8E7BD
S3150001AD6030B50446C1F3090585B01046A3682168CC
S3150001AD70AB4228BF2B4602931A4663680193436888
S3150001AD80009303680846FFF7B9FF28B9A368AB42E9
S3150001AD9002D02CBF0220012005B030BD2DE9F043C1
S3150001ADA00E460968994685B0CB1C074690463ED8A3
S3150001ADB0806E836A994205D31F4B93211F4A20480F
S3150001ADC002F000FE026AB4681444013CB4FBF2F3DB
S3150001ADD002FB13437268E41AF36800948568A84776
S3150001ADE0051E03DD174B9721144AE8E706D1B9F191
S3150001ADF0000F07D13146B86EFEF7C5FF284605B0EC
S3150001AE00BDE8F0834FF0FF33224641463846C8F885
S3150001AE100030F36802940193736800933368FFF777
S3150001AE206DFF002805DBE5D06FF05305E6E7002549
S3150001AE30E4E70546E2E700BF777D0200BE81020036
S3150001AE409F7A0200027D02002DE9F74FDDE90C85AC
S3150001AE509146064618F1020F0C469A46826EDDE9C6
S3150001AE600EB708D0936A434505D8294BC821294A0C
S3150001AE70294802F0A7FDEB19526A93422FD9274BB5
S3150001AE80C921244AF4E7236898452ED16068A8426F
S3150001AE902BD8B26E126B0244954226D2521BE3683E
S3150001AEA0281A5946BA42184428BF3A46019203F075
S3150001AEB097F8019A636815449344BF1AA268EB1A7E
S3150001AEC0934238BF1346B26E126BA360934206D10A
S3150001AED053464A4621463046FFF760FF10B9002F18
S3150001AEE0D1D1384603B0BDE8F08F013303D00C4B06
S3150001AEF0E621084ABCE7B36EC4F800801A6AB5FBBE
S3150001AF00F2F302FB1353EB1A63600023A360E6E737
S3150001AF109D7D0200D78102009F7A0200D97D020041
S3150001AF20FC7D0200F0B585B01D460C461746CDE9FD
S3150001AF3002234B68024601930B6800F1100100934E
S3150001AF400023FFF781FF064640B92A463946E068E5
S3150001AF5001F0FCFE6368E0602B446360304605B097
S3150001AF60F0BD2DE9F04F06461046904699460C462F
S3150001AF702DED028B87B0FEF758FE4B684A690746EE
S3150001AF80034493424BD88B6828F0004A05AA304601
S3150001AF908AEA03031BBA05930423FFF7C3FF054699
S3150001AFA060B9B8F1000FA7F104030DDB4A4621464B
S3150001AFB03046FFF7B7FF80BBC4F808A0284607B0A4
S3150001AFC0BDEC028BBDE8F08F06F16803B8460DF1C2
S3150001AFD0130B08EE103AB8F1040FA7EB0803EBD0F8
S3150001AFE00122002118EE100ACDE902B2D9F8042097
S3150001AFF0134432460193D9F800300093A8F10403B3
S3150001B000FFF718F848B901235A462146304608F198
S3150001B010FF38FFF787FF0028DDD00546CEE76FF042
S3150001B0201B05CBE713460A46D0E90001FFF799BF96
S3150001B030836E2DE9F04F1A6A80464F680E4640F23C
S3150001B040FE3B17440737B7FBF2F302FB13732DEDF3
S3150001B050028BFF1A8DB00023CDE90533A7F1080352
S3150001B06007937568BD4219D341464FF0FF334246F7
S3150001B070404641F8103B0023FFF790FE04460028A6
S3150001B08040F0BF80D8F8680003699847041E6EDD5A
S3150001B090604BBD21604A614802F094FC05F1040A47
S3150001B0A0A7EB0A055D4594BF55440AEB0B05BD4266
S3150001B0B003D2079B9D4228BF1D464FF0FF3309AAC5
S3150001B0C0002108F1680009930423CDE90152326891
S3150001B0D0039300924246FEF7ADFF044618B110F104
S3150001B0E0540F40F08E80099BA5EB0A050AAC042299
S3150001B0F01BBAF06821466FEA03094FEAD97303F5D3
S3150001B100A06345EA0355B36845F47F2545F44065D8
S3150001B11009955D402DBA0A9501F018FE0823F060E5
S3150001B1200B90424608F110014046CDE9024373688F
S3150001B1300193336800930023FFF786FE0446002837
S3150001B1405FD1059B71681BB90B1D0593F3680693C7
S3150001B150099B09F00049C3F3090289EA0303043292
S3150001B160B3604FF0FF330A44F360726079E748D168
S3150001B17008F168033569DDF814A008EE103ABD42FE
S3150001B1803FD20AF104034FF0FF3907931DE0059BF7
S3150001B190AB4202D1069B4B4530D101230DF1280B61
S3150001B1A042460021039318EE100A33680093079B69
S3150001B1B0CDE9015B5B1BFEF73DFF08BB484601225B
S3150001B1C05946013501F0C2FD8146079BAB42DED8E7
S3150001B1D0B9F1000F1BD1A7EB0A0540F2FE339D42E0
S3150001B1E094BF55440AEB0305BD4204D2A7F10803F7
S3150001B1F09D4228BF1D4605F1040AC0E76FF05300C2
S3150001B200044620460DB0BDEC028BBDE8F08F6FF011
S3150001B2105304F6E7027D0200CB8102009F7A020009
S3150001B2202DE9F04F91B004460D46164600211C2229
S3150001B23008A805934FF0000802F0FAFEDFF83091F6
S3150001B2400123DFF830A10F930EA8FEF7D3FC20B13E
S3150001B250A76A002F58D1384644E0A36E9B6AB8EB23
S3150001B260530F80F082800E99304608F10108A847F5
S3150001B270002837D10F993046A847002832D10EAAA7
S3150001B28008A92046FFF77CFB60BB0746DFF8E8B05C
S3150001B290BDF83420BBB29A42D6D906AA09EA872359
S3150001B2A008A92046009243EA0B035246FFF71CF811
S3150001B2B0002803DA831C15D10137E9E740F202229F
S3150001B2C0030DB2EB105F10D1079B002BF4D0009356
S3150001B2D02246069B00212046CDE90156FFF72CFCAC
S3150001B2E00028E9D011B0BDE8F08F059A002AE3D015
S3150001B2F0B3F5007FE0D106993046A8470028F1D181
S3150001B30007993046A847EBE7BB79012B01D03F6887
S3150001B3109FE73B6B03F48813B3F5803F15D03B6B76
S3150001B32003F49013B3F5003FF1D17B6B002BEED004
S3150001B3300093224607F140012046CDE90156BB6B39
S3150001B340FFF7FAFB0028E2D0CCE7FB6A002BE6D038
S3150001B3500093224607F140012046CDE90156BB6A1A
S3150001B360FFF7EAFB0028DAD0BCE76FF05300B9E734
S3150001B37000FCFF0300FC0F70080000202DE9F341DB
S3150001B38004460D460127354EA36DD4E917219A428D
S3150001B3900ED1626D134400293AD1314A31490092E6
S3150001B3A04FF40C72304803F0A1FC6FF01B0026E04D
S3150001B3B0501C01394FEA521CE06502F01F0021665C
S3150001B3C0616E07FA00F051F82CC010EA0C0FDCD1BF
S3150001B3D0636D1A44A36E986AB2FBF0F300FB132265
S3150001B3E02A600125A66DE36DB34235D05A0903F0F3
S3150001B3F01F0051F8222005FA00F0104002D102B0D8
S3150001B400BDE8F0810133E365236E013B2366EAE77C
S3150001B410A06E4FF00008D0F828C0B3FBFCF20CFB7D
S3150001B4201233426B606E6365D300C4F85C808B4255
S3150001B43094BFA365A165414602F0FAFD01232246A8
S3150001B44031462046FFF7ECFE00289DD0A36E9B6A8D
S3150001B450C4E916882366D2E70020D0E79F9C010045
S3150001B4600B5E02009F7A02001F7E02007FB50C462A
S3150001B47004310646FFF782FF054688BB2146304662
S3150001B480FFF77CFF054658BB22460423014642F8D6
S3150001B490080F019006F16800CDE9022322680092A7
S3150001B4A03246FEF7C7FD10B110F1540F1BD1B36E32
S3150001B4B0DA6A002A0BDDA3680132013B42F0010280
S3150001B4C01344B3FBF2F102FB11329B1AA3604FF056
S3150001B4D0FF330422C4E903230022E361C4E90523FF
S3150001B4E0284604B070BD0546FAE700002DE9F04F85
S3150001B4F0044687B00D46DFF818A1DFF8189105A9B3
S3150001B5002046FFF73BFF064648B90599A06EFEF7B0
S3150001B51035FD0646002863D010F1540F66D030463B
S3150001B52007B0BDE8F08F2A6BDB1BD2022BD5AA88A8
S3150001B530781C05F108014AEA822EA26ED2F824C0CF
S3150001B54060454AD801204246CDF800E003900DF14E
S3150001B5501300CDE901702046FFF77AFB88B90DF19A
S3150001B5601302012304F1100120460393CDE9017270
S3150001B570059A00922246FFF767FC90B110F1540F2D
S3150001B58034D00646CBE701224146584603920DF1D7
S3150001B5901302CDE90172AA6B00922246FEF74AFD1B
S3150001B5A0DCE70137EB6BBB42BDD8A36EE1691A6BD1
S3150001B5B0E86C02F015FD236904F11001A06E2B64FD
S3150001B5C063696B64A369AB64FEF7DDFB059BAB6343
S3150001B5D02B6B43F400332B63A1E76FF05300D0E7E5
S3150001B5E0074605F1400804F1680BDBE7059B40F6C9
S3150001B5F0972205490548CDF8009003F077FB4FF0F7
S3150001B600FF3323617BE700BF9F7A0200467E02007B
S3150001B610000010200B5E02002DE9F04F8FB00646A8
S3150001B6200C4605930B6B07929F0706D4A84B40F671
S3150001B6307E31A84AA84802F0C5F95D031CD4276BE0
S3150001B640390522D4D4F83480059B326F08EB030107
S3150001B650914200F26E8117F400371CD0236BDA0297
S3150001B6602BD4059B0493049A236B002A4BD123F414
S3150001B6700023059D236304E000F05EF905460028DA
S3150001B680DDD028460FB0BDE8F08FE26A616B8A42D1
S3150001B69088BF6263D6E7E36A9845DFD9636301230E
S3150001B6A00DAA214630468DF83470FFF7B5FF051E09
S3150001B6B0E7DB636B9845F2D8D0E7059B656BB16E06
S3150001B6C0E818E36A0A6B984238BF18460B6DC3B196
S3150001B6D040F2FE37DB08BA4228BF3A46934228BFFA
S3150001B6E013468342BDD28B6A3046E56321463366F3
S3150001B6F0FFF7FCFE236B054630BB23F4801323635F
S3150001B700AFE74B6AE4E713F4003104D0B26EE06BA5
S3150001B710526A904250D1DB02626B00F1F58004F16E
S3150001B720400AC9B9C2B104F13C03013A5146304657
S3150001B730029304F1380300920193D4E90A23FFF737
S3150001B7403DFA054620B1236B43F40023236398E7B2
S3150001B7505146B06EFEF717FBB36E9B6A3366A36B59
S3150001B7600893636B06930BA93046FFF707FE054660
S3150001B7700028E8D10B99B06EFEF700FC054678B1BA
S3150001B78015F1540FDFD1554B40F66612524900931D
S3150001B79053480B9B03F0AAFA4FF0FF332364E2E709
S3150001B7A0069BB06E002B2DD10B9BA363069BE36317
S3150001B7B0236B43F400332363B36E04F140085F6ADD
S3150001B7C0E36BFF1A049B9F4228BF1F46079B324625
S3150001B7D0414630460293E36B03970193A36B0093B3
S3150001B7E00123FFF731FB0546002800F0928010F196
S3150001B7F0540FA8D121463046FFF778FE05460028AA
S3150001B800E4D0A0E7069B0CA9013B0C93FEF7F4FBE1
S3150001B8100C9BB26E0133526A0C93934251D10130A3
S3150001B820089BA9460DAF90FAA0F80D93B8FA88F8CF
S3150001B83008F1010B4FEA8903324651463046099316
S3150001B8400423CDE90273099B01930B9B009301230A
S3150001B850FFF7FAFA0546002892D1C84542D109F107
S3150001B8600109CB45E6D80B9BA3634FEA8B039EE701
S3150001B870089AA3EB08030021584600923246CDF8F8
S3150001B8800480CDE90279FEF7D5FB054600287FF451
S3150001B8905AAF0B9B32465146304600930123CDF8F1
S3150001B8A00480CDE90279FFF7CFFA054600287FF437
S3150001B8B067AF08F101080C9B4345D9D80B9AA263DF
S3150001B8C075E7A84606F1680B4FF001090DAFF2E7DF
S3150001B8D0697E0200208202009F7A02000B5E02004E
S3150001B8E0467E020004230146324606F16800CDE990
S3150001B8F00273099B01930D9B00930423FEF79AFBA8
S3150001B90005460028ABD01EE76FF00103C4E90E32ED
S3150001B9104EE7636B3B446363E36B3B44E363079B23
S3150001B9203B440793049BDB1B0493B36E9B6A33660C
S3150001B93099E66FF01A05A4E60B6B2DE9F0430C4668
S3150001B940590399B0054608D5DA0223F4802358BF76
S3150001B9504FF0FF32236358BF2264216B11F400308C
S3150001B96039D011F48011666BE76A4ED1542203A8CF
S3150001B97002F05EFBA36ACDE90D37012313AFCDE9D2
S3150001B9800F3695E80F0087E80F004FF0FF372F605D
S3150001B990626BE36A9A4221D3DFF89490DFF89480D0
S3150001B9A0224F01232A4604F140012846FFF7F6F902
S3150001B9B078B310F1540F0ED14146A36B40F6E6223F
S3150001B9C03846CDF8009003F091F921462846FFF755
S3150001B9D08DFD0028E5D019B0BDE8F08301230DF1F6
S3150001B9E00B0203A9284600F027F80028F3DB012300
S3150001B9F00DF10B0221462846FFF70EFE0028EADB71
S3150001BA002B680133C4D01397C1E7BE422CBF6663CE
S3150001BA106763A36B0020A362636BE362236B23F46A
S3150001BA20003343F48033C4E90C36D4E7467E020082
S3150001BA300B5E02009F7A02002DE9F04F1D460B6B4B
S3150001BA40904685B0DA0707460C4606D43E4B40F6CB
S3150001BA5034313E4A3E4801F0B5FF9E0305D4666B7C
S3150001BA60E26A964208D3002003E0FFF765FF00284B
S3150001BA70F5D005B0BDE8F08F961B04F1400ADFF85A
S3150001BA80D4B0AE4228BF2E46B146B9F1000F01D15E
S3150001BA903046EEE7226B510304D5BB6EE16B5B6A60
S3150001BAA0994215D1D202636B3AD404F13C02514654
S3150001BAB03846029204F13802CDE90032D4E90A236C
S3150001BAC0FFF77CF80028D4D1236B43F4802323634A
S3150001BAD0BB6EE26B5B6A216B9D1A4D4528BF4D46D5
S3150001BAE011F4801121D002EB050CA08804F10801A4
S3150001BAF063454BEA802023D3CDE90002CDE90285D7
S3150001BB0052463846FFF7A4F80028B2D1636BA84421
S3150001BB10A9EB05092B446363E36B2B44E363B4E7A9
S3150001BB206FF00102C4E90E23CEE7019207F1680026
S3150001BB30A26BCDE9028500925246FEF77BFAE3E756
S3150001BB406FF0530095E700BF967E02000F82020058
S3150001BB509F7A020000001020002307B5044901AABC
S3150001BB600193FFF75DFB00B9019803B05DF804FB93
S3150001BB70519D01002DE9F04F0546A1B00C469146B5
S3150001BB809A46866A4EBBA44610AF40F20148BCE80D
S3150001BB900F000FC79CE80F0087E80F00374640F2F9
S3150001BBA0FF4109F10400564546D1002F7AD0A38AF8
S3150001BBB0002B77D118AA21462846FEF7EEFE8446C9
S3150001BBC0002864D010F1020F6CD010AD0FCD0FC458
S3150001BBD095E80F0084E80F002AE006F10800A0426C
S3150001BBE001D13668CEE72146FEF70EF80028F8D1D6
S3150001BBF0B379012BF5D1336BDB02F2D5AB6EF16A6A
S3150001BC001A6B9142EDD9726B31469B6A2846F263F3
S3150001BC102B66FFF76BFC844650B9336B31462846D9
S3150001BC2023F480133363FFF787FE84460028D8D0B8
S3150001BC30604621B0BDE8F08F59F836304FEA135C03
S3150001BC40C3F30A53434504D1A38A0133A3820136C0
S3150001BC50A9E78B420CD1A38A33B9954B40F23D71CA
S3150001BC60944A954801F0AEFE013B0127A382EEE717
S3150001BC700CF4E063B3F5C06FE9D150F836301A68B9
S3150001BC80A2615B68E3610CF00103E375DFE79DF8F0
S3150001BC9077303BB1224618A9284600F0F7FB8446C7
S3150001BCA0002892D1A37D13B9A38AFE2B2DD923682F
S3150001BCB04FF0FF31E268A86E1893236919921A931F
S3150001BCC0CDE91B12016D91B308390DF1600B2846C0
S3150001BCD0CDF800901D910BA90B9508917749CDF8E8
S3150001BCE030B007910021CDE90511CDE90311CDE968
S3150001BCF001A12146FEF71EFB8446D0B11CF11C0FA3
S3150001BD0003D01CF1540F7FF460AF4FF0FF334A4666
S3150001BD10214628462B61A38A02930023CDE90043DD
S3150001BD20534600F0D1F88446002851D04DE7416AC8
S3150001BD30CAE705F1300705F13C060F9005F1480801
S3150001BD403946CDE90D000DA8FDF779FF31460DA85D
S3150001BD50FDF775FF0DA84146FDF771FF0D9B0DA877
S3150001BD6023F47F7323F003030D93FDF776FF88B960
S3150001BD700DAA21462846FEF7C3FA844600287FF419
S3150001BD8024AF0DAB4E4A59462846FFF7EAF88446DA
S3150001BD900028B3D159462846FFF74AF984460028B8
S3150001BDA0ACD1AB6E199A196AB2FBF1F301FB1323FD
S3150001BDB023B1444B40F29C713E4A52E7E2601A9A23
S3150001BDC0226197E8070086E80700AB64C8E90133FA
S3150001BDD0D5F828804FF0FF3B464626B9B8F1000F4B
S3150001BDE045D1C44624E706F10807A74201D13668C2
S3150001BDF0F3E710A93846FDF707FF86460028F6D176
S3150001BE00A446BCE80F000FC79CE80F0087E80F00A7
S3150001BE10D645ECD059F83E3040F2FF41C3F30A5201
S3150001BE208A4213D1B288C3F389239A4204D1C6E95F
S3150001BE3002BB0EF1010EEBE7FBD9B379013A022BF6
S3150001BE40B280F6D1B36A013BB362F2E740F2014137
S3150001BE508A42EED1B288C3F389239A42E9D3B379F0
S3150001BE600132022BB280E4D1B36A0133ECE708F167
S3150001BE70080410A92046FDF7C7FE50B908F12006AF
S3150001BE80B8F80430B8F81C108B4202D398F81F009A
S3150001BE9010B9D8F80080A1E75B1A32462146284638
S3150001BEA0A8F80430FEF76CFD84460028E8D0BFE60A
S3150001BEB0C37E0200008202009F7A020025B00100C3
S3150001BEC00CFCFF7FD27E02002DE9F04F9FB00546A4
S3150001BED00E464FF00009BDF8A470BDF8A8B0DFF812
S3150001BEE060A3CDE90B230B680E934B680F93ABEB65
S3150001BEF00708B8F1010F5BDCAB6EB268DB6A013291
S3150001BF00002BB26036DD013343F00103B2FBF3F1DE
S3150001BF1003FB112373BB012416A93046169317940C
S3150001BF20FDF772FE002840F099802846FFF714FEBF
S3150001BF30041EC0F28B80AB6E9B6AB4EB530F19D211
S3150001BF40B84B4FF4CD62B8490093B848B36802F0D4
S3150001BF50CDFE289B314628460093CDE9017BDDE9DC
S3150001BF600B2300F055FA0446002800F09F8010F1DB
S3150001BF701C0F6BD14FF0000800234FF0FF32A86E63
S3150001BF807168CDE91732CDE91923036D1691002B9E
S3150001BF9000F08E80083B1B93FDF7F0FF0446002856
S3150001BFA000F0888014F1540F50D14FF0000956E08B
S3150001BFB016AB00222899284608939D4BCDF808A078
S3150001BFC007937B42CDF858901BB2CDE905B30C9B84
S3150001BFD001930B9BCDE9039700934FF0FF33FEF7D7
S3150001BFE0A9F9044690BBB8F1FE0F15DCAA6E516A99
S3150001BFF0136DA1F124006BB35908146A621E53181C
S3150001C000B3FBF4F204FB12329B1A169A834228BF41
S3150001C01003469A427FF670AF07EB6808289B3146C4
S3150001C02028461FFA88F80093CDE9018BDDE90B2339
S3150001C03000F0EEF9044678B110F11C0F06D1AB6E93
S3150001C040169A5B6A243B9342BFF456AF20461FB053
S3150001C050BDE8F08F4908D0E7C34648E7A1464FF04F
S3150001C060FF332B61B9F1000F08D16E4B40F2FE622E
S3150001C0706D4900936F48736802F038FE00234FF054
S3150001C080010816A93046CDE91638FDF7BDFD002891
S3150001C09040F0B580634B40F2037263496FF01B04B5
S3150001C0A000936548736802F021FECFE7BB4661E75E
S3150001C0B0436A6FE70DF15809042306F10802284681
S3150001C0C04946FEF72FFF044600287FF46BAF10ABFD
S3150001C0D0024628990893594B07937B421BB2CDE937
S3150001C0E005B3574B02930C9B01930B9BCDE90307B9
S3150001C0F0009328464FF0FF33CDE91059FEF71AF9A0
S3150001C100044600287FF44EAF06F1180318460D9336
S3150001C110FDF770FD0D9B68B9F27D2846494902F588
S3150001C120C06241EA02524946FEF71BFF0446002857
S3150001C1307FF438AF0023CDE912331493B8F1000F21
S3150001C14009D105F13C0112A8FDF779FD05F1300190
S3150001C15012A8FDF774FD05F1480A12A85146FDF72C
S3150001C1606EFD129B12AA314623F47F73284623F0F3
S3150001C17003031293FEF7C4F8044600287FF466AF62
S3150001C18012A8FDF76AFD48B912AB2F4A494628465F
S3150001C190FEF7E7FE044600287FF404AF4946284629
S3150001C1A0FEF746FF044600287FF4FCAEAA6E179BF5
S3150001C1B0126AB3FBF2F102FB11320B9232B1234B3D
S3150001C1C040F2EC61224A184801F0FCFBD6E9001264
S3150001C1D0F360ABEB0707189BB7823361C6E9002111
S3150001C1E0A864CAE90100B8F1000F40F0CF8005F15B
S3150001C1F03C03303595E8070083E8070026E7311D43
S3150001C2002846FFF7BBF8044600283FF4B5AE10F107
S3150001C2101C0F7FF41BAFB9F1000F3FF417AFC846EF
S3150001C220AAE600BF0B5E02009F7A0200F87E0200BA
S3150001C2303D9D0100467E0200287F020025B00100D7
S3150001C24000FC0F4008FC0F000CFCFF7FD27E0200B1
S3150001C250F081020007F108010EA8FDF7D5FC18B917
S3150001C2603368BB607368FB60BB79022B09D107F1A8
S3150001C2702C010EA8FDF7C8FC18B93368FB62736878
S3150001C2803B633F689BE005F1300B01215846FDF702
S3150001C29091FE00283AD149465846FDF7E9FC10B30C
S3150001C2A02B6B4FF47C625349C3F3892A0C9B52488A
S3150001C2B0CDE901A3179B0093169B02F017FD2A6B8C
S3150001C2C04E4BAF631340C5E90C37C8F389239A4532
S3150001C2D005D2A8F580684A4F47EA8A2703E040F26B
S3150001C2E0FF339A45F7D1002312AA494628461297E9
S3150001C2F01596CDE913380223FFF73CFC30B94FF010
S3150001C300FF315846FDF756FE002867D08046444661
S3150001C3109CE6494605F13000FDF7AAFCE8B12C6B15
S3150001C32040F6E772374BC4F3892432493248CDE9E6
S3150001C3300143179B0093169B02F0D8FC2A6B2F4BE7
S3150001C340C5F838801340C5E90C3840F2FF339C42EA
S3150001C3501EBF2B4B43EA84230B930B9B494628466E
S3150001C3601293002313939DF86F3003F5C062264B99
S3150001C37043EA025312AACDE914360223FFF7FAFB68
S3150001C380044600283FF462AE8046C0E70F9B1D4F6E
S3150001C390019240F2147200931C480E9BCDE90217DC
S3150001C3A0144902F0A3FC05F120010EA8FDF72CFCAF
S3150001C3B00C9718B933682B6273686B62AF6A002FEA
S3150001C3C07FF448AF4A460EA92846FEF79BFAB0F11C
S3150001C3D00008BFF658AF18F1020F98D14A460EA9C8
S3150001C3E02846FEF7DAFA8046002892D010F1020FAD
S3150001C3F08DD12BE69F7A02005E7F0200FF0300804B
S3150001C4000000F04F0B5E020008FC0F00A17F020046
S3150001C4102DE9F0430C46816E8FB00646896ABDF858
S3150001C4205C70016606A9CDE90432FFF71FF80546DF
S3150001C43038BBE17D30468DF82F10A1690C91E16979
S3150001C4400D91BDF86010CDE901711699DDE904324F
S3150001C450009106A9FFF738FD054690B9DDF8189059
S3150001C4600123DDF81C8006F120012046C4F818904E
S3150001C470C4F81C80E375FDF7C7FB10B90FB9C6E90F
S3150001C480089828460FB0BDE8F083000073B514463E
S3150001C4900E4600F1480205462146FDF731FF70B907
S3150001C4A0E37D18343146284603F5C062054B0194F5
S3150001C4B043EA02536A4600930123FFF75BFB02B08E
S3150001C4C070BD00BF08FC0F000B6B70B51E0386B074
S3150001C4D005460C4602D5002006B070BDFFF72CFAC2
S3150001C4E0226B18B142F400222263F5E7D103F2D59B
S3150001C4F004F108063046FDF77DFB0028EBD1D30297
S3150001C5005BBFD4E90A016B46E26A082246BF40F2E4
S3150001C5100120E36CC3E90001A18858BF40F2022063
S3150001C52042EA812242EA00522846CDE90223226DDF
S3150001C530936843EA8123314643F081530493536858
S3150001C54002AA05930223FFF715FB236B18B143F4E7
S3150001C55000232363C0E723F48033FAE770B5054669
S3150001C5600C46FFF7B1FF064605F12802AB6A1BB17F
S3150001C5709C42196808D11160236D1B6813B9E06CE0
S3150001C58001F018FD304670BD1A460B46EFE7000074
S3150001C590C36B1A0D12F4E06F2DE9F0410446A0B009
S3150001C5A007D1236BC3F30900002830D120B0BDE8C1
S3150001C5B0F081504AC3F3892305464F49029241F25D
S3150001C5C019020193436C4D48009355F8403F02F020
S3150001C5D08DFB18A92A462046FEF7D2F90028E5D197
S3150001C5E0E36B216BC3F38922454BA0630B4018A96A
S3150001C5F0C4E90C30434B43EA822310AACDE910303B
S3150001C60001232046FFF7B6FA0028CAD0CEE71C223E
S3150001C610002108A83C4F01F00BFD364E0123DFF83F
S3150001C620F4808DF837300F930EA8FDF7E3FA38B191
S3150001C630204650F8301F494249B2FDF7BBFCB5E729
S3150001C6400EAA10A92046FEF79BF90028AED19DF847
S3150001C6503730002B43D118AA0EA92046FEF752F90E
S3150001C660002813DA831CA1D10F9B41F24E02224905
S3150001C670009326480E9B019602F038FB10AA08A9E2
S3150001C6802046FFF703FF002890D1CDE704AD03460E
S3150001C6903A4618A920460095FDF726FE002885DBB7
S3150001C6A004990E9B059899420F9A01D1904216D092
S3150001C6B0914201D1984212D0CDE90021CDE902067D
S3150001C6C041F264020C49124802F010FB012306AA4A
S3150001C6D008A92046CDE90685FFF74CFAD3E710AD48
S3150001C6E00DF1200C0FCDACE80F0095E80F008CE89A
S3150001C6F00F0099E70B5E02009F7A0200DD7F0200C0
S3150001C700FF0300800000F04F00FCFF7F0E80020057
S3150001C7103B80020008FC0F602DE9F04713F0020F81
S3150001C7208AB006460D469846039233D1129B05F10F
S3150001C730080703AA30462B6500233946C5F8308021
S3150001C7406B63EB63EB642B1DFEF750F9041E06DAEF
S3150001C750A31C16D1AA8840F2FF339A4211D00123B5
S3150001C760A01CAB71B36A2B60B56251D118F4807FFE
S3150001C77007D00398E4F726FEF36E834213D26FF0D7
S3150001C78023042B6B2946304643F400232B63FFF722
S3150001C790E5FE04E0FFF7FCFE04460028C6D020466D
S3150001C7A00AB0BDE8F087AB88624A40EA8320624C52
S3150001C7B042EA8322039940F4801044EA83230492D7
S3150001C7C0002206903046059207913946CDE9083296
S3150001C7D0032304AAFFF7CEF90028D0D14FF00008B1
S3150001C7E04FF00C09DFF858A12B6D9A68424536D8EF
S3150001C7F01B68002B63D0EB6405F14001B06EFDF7B9
S3150001C800C2FA40F20123B3EB145F62D00024C6E7FB
S3150001C81018F4007F40F08480C4F30A50012840F0E8
S3150001C8208280AB8818F4806F4FEA832308D043F0E7
S3150001C83000542B6B43F4803344F480142B63CDE70F
S3150001C84005F1280243F0005339463046009243F081
S3150001C85008033A4AFDF748FD041EBFDA91E72A6B41
S3150001C860D10705D42B6B9A071DD408F10108BBE744
S3150001C870586809FB08F2B5F804C08118825C304695
S3150001C8808B6802F54072496843EA8C230091394668
S3150001C89043EA02535246FDF727FD0028E2DA831CDC
S3150001C8A0E0D004466DE72A6D526809FB08229168BB
S3150001C8B0726F91423AD843F480332B63D5E7B36E56
S3150001C8C0186B01F06FFBE864002895D16FF00B043B
S3150001C8D057E76FF001032A6BC4F30904AB6242F414
S3150001C8E080122B640023EC626B64B36E2A631B6BAC
S3150001C8F0AB64002C8AD040F2FE31AA8830468B42C6
S3150001C90028BF0B46394643EA8223EA6C43F00053BB
S3150001C91000920A4AFDF7E8FC041EBFF677AF30E73E
S3150001C9206FF010042DE76FF014042AE76FF01B0473
S3150001C93027E700BF000010400000102000FC0F7028
S3150001C94000FCFF7F70B54B6996B0054608460E465A
S3150001C95098470446002858D131462846FDF71EFA65
S3150001C960044600284ED1AB6E0146686E5A6B01F043
S3150001C9705FFBAB6E6C650EA99A6A28465B6BDB00A2
S3150001C980C5E91742934294BFAB65AA65FEF76EFDF2
S3150001C9900446002833D14FF400330EA90293AB6E3F
S3150001C9A05A6A9B6A039208AA0493EB6E05932B6F4E
S3150001C9B006936B6F0793164BCDE90830154B284646
S3150001C9C00A93154B0B93154B0C9302AB0D93032353
S3150001C9D0FFF7D0F8044690B9034602468DF84E009B
S3150001C9E00EA92846FFF7C6F8044640B90123009070
S3150001C9F06A460EA928460193FDF7C2FF044628465A
S3150001CA00FDF7ABF9B36930469847204616B070BDBD
S3150001CA10000010400800F00F7F800200180010206F
S3150001CA202DE9F0474B6996B0044608460E469847ED
S3150001CA30054600284CD131462046FDF7AFF905469B
S3150001CA40002842D101461C220EA82F4601F0F0FA19
S3150001CA50DFF8A0810123DFF8A091DFF8A0A11593EB
S3150001CA6014A8FDF7C7F8002836D004F12000FDF719
S3150001CA70C1F8002840F0A98004F130073846FDF7D7
S3150001CA80ECF860B9524B40F6C56252490293A36B6A
S3150001CA9051480193636B0093236B02F027F9236BD3
S3150001CAA003EBD373236304F13C0397E8070083E8A0
S3150001CAB00700A36EE16A9B6AB1FBF3F203FB121254
S3150001CAC0236662650022C4E91622B3693046984797
S3150001CAD0284616B0BDE8F087A36E9B6AB7EB530FE5
S3150001CAE070D20823019014AA0EA9079305AB20461C
S3150001CAF00137CDE90293394B0093394BCDE905480E
S3150001CB00FDF706FD002824DB52D040F3090301336B
S3150001CB104ED00E9B0EA9324A204623620F9B6362BA
S3150001CB2008AB00935346FDF7DFFB002811DB089A9B
S3150001CB30130C91B2022B00D181B1254992B2294839
S3150001CB400191009240F68D62224902F0CFF86FF012
S3150001CB50150005462046FDF700F9B6E70B9B5BB1CC
S3150001CB60E26E934207D91A491F48CDE9002140F6E2
S3150001CB7096621849E9E7E3660C9B5BB1226F934223
S3150001CB8007D913491948CDE9002140F6A162114997
S3150001CB90DBE723670D9B5BB1626F934207D90C49B3
S3150001CBA01348CDE9002140F6AC620A49CDE7636737
S3150001CBB004F130020EA92046FDF7A2FB00283FF43E
S3150001CBC04FAFC6E76FF05300C3E76FF01505C1E736
S3150001CBD00B5E02009F7A0200448102000800F00FFA
S3150001CBE000FCFF7F88800200B1800200E280020023
S3150001CBF0138102007F80020061AD01001800102040
S3150001CC00F0B50546806E85B01F4643691646039109
S3150001CC1098470446B8B90399A86AFDF738F8039905
S3150001CC2030B10A4B41F2E431094A0A4800F0CAFE22
S3150001CC30094B3246284600933B46FFF76DFD0446F5
S3150001CC40A86E83699847204605B0F0BD7B81020036
S3150001CC504E8202009F7A02008882020037B505469D
S3150001CC60806E019143699847044698B90199A86A6B
S3150001CC70FDF70DF8019930B9084B41F20741084A11
S3150001CC80084800F09FFE2846FFF768FC0446A86E98
S3150001CC9083699847204603B030BD00BF7C810200FE
S3150001CCA05C8202009F7A0200F7B50546806E1F4638
S3150001CCB016464369019198470446A8B90199A86A9D
S3150001CCC0FCF7E5FF019930B9094B41F22941094ABF
S3150001CCD0094800F077FE3B4632462846FEF7ACFE91
S3150001CCE00446A86E83699847204603B0F0BD00BF8D
S3150001CCF07C8102006B8202009F7A020070B50646B3
S3150001CD00806E0D46436998470446B0B92946B06A14
S3150001CD10FCF7BDFF30B90A4B41F28B41094A0A487B
S3150001CD2000F050FED5E90B439B0303D5686B8442A3
S3150001CD3038BF0446B06E83699847204670BD00BF70
S3150001CD407C810200798202009F7A020030B50A4492
S3150001CD500B4D914200D130BD11F8013B83EA00042D
S3150001CD6004F00F0455F8244084EA101080EA1313E6
S3150001CD7003F00F0355F8233083EA1010E9E700BFEB
S3150001CD80948202007047022A034606D0032A02D083
S3150001CD90012A00D101600020704703C983E803001E
S3150001CDA0F9E77FB503680446DB68984700230493D7
S3150001CDB04FF0FF3201A9D4F8F40EF4F71BF901285C
S3150001CDC0F6D1236801A920461B699847F0E70000C0
S3150001CDD01FB50446002214210420F3F73BFEC4F8D4
S3150001CDE0F40E50B9F6F75AFF134B144A144900933F
S3150001CDF02A23F7F7B3FFF5F76DF8231D4FF4617298
S3150001CE001049029304F1E4030F48019304230093AC
S3150001CE102346F5F7AFF968B9F6F740FF0B4B074A1A
S3150001CE2000932B230649F7F799FF04B0BDE810409C
S3150001CE30F5F750B804B010BD974C0200744C0200CF
S3150001CE40BA4702003D830200A3CD0100A64C0200B1
S3150001CE501FB50B88ADF80C304368BDF80C2000688F
S3150001CE601A8000231A461946F3F774FE01280DD0DD
S3150001CE70F6F714FF074B084A009335230749F7F7DE
S3150001CE806DFF05B05DF804EBF5F724B805B05DF864
S3150001CE9004FB00BFB1600200744C0200BA470200F5
S3150001CEA02DE9F0410546884600240E4E4FF0805785
S3150001CEB04146D5F8F80EE4F7A7FEB0F5617F0BD031
S3150001CEC040F28933984202D101340A2CF0D1B0FAEA
S3150001CED080F04009BDE8F0813760BFF34F8FBFF3A3
S3150001CEE06F8FE5E704ED00E0C1F3C111002358227D
S3150001CEF061F07F0100B589B08DF8071002A9029390
S3150001CF00ADF80C200DF107028DF80E3004930123C4
S3150001CF100593CDE90623FFF7C3FF09B05DF804FBCE
S3150001CF2070B586B005460C461646FFF7DDFF80B1A3
S3150001CF300023E4B26946284600935823ADF804302D
S3150001CF4001238DF80630CDE90243CDE90463FFF7ED
S3150001CF50A7FF06B070BD30B589B005460C468DF801
S3150001CF600720FFF7C1FF90B100235822E4B202A9BE
S3150001CF7002932846ADF80C200DF107028DF80E300C
S3150001CF80012304940593CDE90623FFF789FF09B030
S3150001CF9030BD38B504460D46FFF71AFFC4F8F85EF2
S3150001CFA038BD00007FB50C780E460DF10F0205461F
S3150001CFB0022C94BF273440F6FF742146FFF7B0FFD9
S3150001CFC050B9F6F76BFE134B134A144900938023AD
S3150001CFD0F7F7C4FEF4F77EFF73789DF80F20ABB127
S3150001CFE042F00102214628468DF80F20FFF7B3FFD4
S3150001CFF050B9F6F753FE0A4B074A084900938623B0
S3150001D000F7F7ACFEF4F766FF04B070BD02F0FE025E
S3150001D010E8E700BFF2820200D4820200BA470200AA
S3150001D020028302001FB5FF230DF10F0240F28111A9
S3150001D0308DF80F30FFF774FF50B9F6F72FFE074B47
S3150001D040074A084900938B23F7F788FEF4F742FF56
S3150001D0509DF80F0005B05DF804FB00BF12830200C6
S3150001D060D4820200BA47020073B50E780C46002539
S3150001D0706EB1012E0FD0E3683BB1236901A9201DD2
S3150001D0808DF804608DF80550984702B070BD0131E6
S3150001D090FFF788FFEFE7FFF7C5FF0546EBE700005F
S3150001D0A0F0B58BB00C460746032200210120F3F7A9
S3150001D0B0D1FC03AB221D0690079306AB04AE0546D1
S3150001D0C093E8030086E8030092E8030083E803007F
S3150001D0D096E8030082E80300E268184608921F4AB0
S3150001D0E0E260226909921E4A2261E4F786F9002369
S3150001D0F04FF0FF322146D7F8F40EF3F72BFD012846
S3150001D1000AD0F6F7CBFD174B174A18490093372378
S3150001D110F7F724FEF4F7DEFE4FF0FF312846F4F769
S3150001D12029F801280AD0F6F7B9FD114B0E4A0F4925
S3150001D13000933823F7F712FEF4F7CCFE2846F4F7EE
S3150001D1407DF9BDF80C300020DAB2C3F3072362F390
S3150001D150070063F30F200BB0F0BD00BF87CD0100C0
S3150001D16051CE0100EE5C0200744C0200BA47020087
S3150001D170FD6002007FB500238DF8051001A98DF829
S3150001D180062004938DF80430FFF78AFF02A8E4F71E
S3150001D19034F907B05DF804FB2DE9F04F044685B07C
S3150001D1A0054600F1A8060027E96821B12068F1F7D4
S3150001D1B086FC85F825701C35AE42F5D1D4E901010E
S3150001D1C0EFF75CFE0546002840F0BD80A76897F89A
S3150001D1D05430062B42D106464FF00C09F1B209FB39
S3150001D1E001F357F803C09CF902009CF803200028BC
S3150001D1F09CF8023002F0030232DA022A60D160683A
S3150001D20003F00F034FF001084FF0000B00908DF86B
S3150001D21009309CF806004FF4807C8DF80CB08DF82F
S3150001D220080040F20120ADF80A00494801901C208F
S3150001D230414360180C31027400F1250AA0F812C0AE
S3150001D2406A460375214480F8158080F82580206898
S3150001D250F1F72CFC00286FD08AF800B0012572E0A6
S3150001D260022A69D1606803F00F034FF000084FF0FE
S3150001D270010B00908DF809309CF806004FF4007CF4
S3150001D2808DF80C808DF808003248ADF80AC001907F
S3150001D2901C20414360180C31027400F1250AA0F8E4
S3150001D2A012C06A460375214480F8158080F825B0BE
S3150001D2B02068F1F7FBFB00283ED08AF80080CDE715
S3150001D2C0032A39D1606803F00F034FF0000B8DF884
S3150001D2D0093000909CF806008DF808009CF805E0DE
S3150001D2E09CF8040040F2013C8DF80CB0ADF80AC080
S3150001D2F040F6B83C40EA0E20ADF804C04FF01C0CD5
S3150001D300C0F30A000CFB01F1ADF8060004EB0108BD
S3150001D3100C3188F81430012388F810202144A8F82C
S3150001D32012006A4688F8153088F825302068F1F72A
S3150001D330BDFB08B188F825B0013697F85420F3B241
S3150001D3409A423FF64BAF284605B0BDE8F08F00BFC5
S3150001D350B80B0001B80B0002002370B5C0F8B83055
S3150001D36004460D46134612B9FFF716FF0346D4F8D5
S3150001D370BC6026B10022D4F8C0001146B047294648
S3150001D3802068BDE87040F1F724BCF7B50646C82011
S3150001D3900F46E4F73FFA0446A8B1002501AA082181
S3150001D3A0466085603046F1F72CFC019B01AA0921F4
S3150001D3B023603046F1F725FC019B2846C4F8B430BA
S3150001D3C03C6003B0F0BD0C20FBE700002DE9F047FF
S3150001D3D00C46074698B371B300250E4601F1A8081D
S3150001D3E0DFF860A0A946F16871B100222068F1F763
S3150001D3F0C2FBF1682068F1F762FB054610B15046A1
S3150001D400ECF7CAFFC6F80C901C364645EBD1D4F8AA
S3150001D410B41031B1D4F8B8201AB12068F1F7ABFBDA
S3150001D4200546A1683846EFF765FD2046E4F7FFF9A2
S3150001D4302846BDE8F0872546EFF75CFDF8E70325AA
S3150001D440F6E700BF6483020068B1002325301C2281
S3150001D45002FB03F1415C09B9052B04D10133062B0B
S3150001D460F6D1002070470120704700002DE9F743EF
S3150001D470DDF8288017461E460446002847D08160FD
S3150001D4804068EFF7FBFC0546B0B9254604F1A8094B
S3150001D490E9681C3500222068F1F76DFB4D45F7D18F
S3150001D4A077B9002E35D02046FFF776FE3A46054677
S3150001D4B0034639464046B047284603B0BDE8F083E7
S3150001D4C001A92068F1F768FB28BB019A40F60131F2
S3150001D4D0124BC4E92F68C2E90434D3691980A168E3
S3150001D4E0896C8978D88099805F80D4F8B410C2E9B4
S3150001D4F001002068F1F7ECFA054618B9019BC4F85A
S3150001D500B830D9E701992068F1F763FBD4E7032521
S3150001D510D2E73546D0E70125CEE700BF59D3010052
S3150001D5200B460146184600F06FBA00F043BDFFF7FF
S3150001D530FCBFFFF7FABF0368DB0706D4437803B1E4
S3150001D540FFDE012343701846704700207047012310
S3150001D55003607047012838BF012010B504462046F4
S3150001D56000F020FD30B900F01DFA08B900F022FAEA
S3150001D5708047F4E710BDFFF7EDBF08B500F00CFAE0
S3150001D580C3689A68C26010B502B1506042685A60B9
S3150001D5900C68844203D10B609860436010BD9168AA
S3150001D5A081420CBF9360D360F6E78368DA688260D4
S3150001D5B010B502B1506042685A600C68844203D1CA
S3150001D5C00B60D860436010BDD16881420CBFD36047
S3150001D5D09360F6E7037833B943685B68834202D107
S3150001D5E0DB6818467047826822B11346D268002A62
S3150001D5F0FBD1F6E743689A688242F2D118465B6826
S3150001D600F9E7C36823B118469B68002BFBD1704725
S3150001D6104368DA68824202D118465B68F9E7C26854
S3150001D620934218BF18467047FFF7D4BF2DE9F84358
S3150001D6301E4603F104080023C1E902330C464A6081
S3150001D6400B7000B39642916018D17160F4600127A6
S3150001D6504FF000097368A3423FD060680278002A40
S3150001D6603CD14568AB68984223D1EB6883B11A78FF
S3150001D67072B907701F702A702C46EBE7B3689342A4
S3150001D680E5D1B160E3E7D160F3689342DFD1DDE72D
S3150001D690C368A34203D14146FFF772FF044663689C
S3150001D6A041461F70284685F80090FFF77EFF254604
S3150001D6B0E2E713B11A78002ADBD08368A34203D1CB
S3150001D6C04146FFF772FF0446636841461F702846CC
S3150001D6D085F80090FFF754FFE9E7234601221A7007
S3150001D6E0BDE8F88308B500F065F908B500F062F900
S3150001D6F008B500F05FF908B500F05CF90AB100F071
S3150001D7006FBC704708B50B68B3F1804F02D30D4863
S3150001D710FFF7EEFF93420BD9B3EB420F4FEA4200FC
S3150001D72006D2B0F1804F2ABF6FF0404308600B600C
S3150001D7300868013001D5FFF7D5FFBDE80840FFF7BE
S3150001D74009BF00BF7E83020050F8083B834202D026
S3150001D7501846FFF7EABE7047406801F1804101397A
S3150001D760091A914208B502D21846FFF7C1FF08BD52
S3150001D770012A10B502D10A78027010BDFFF7BEFF6B
S3150001D780FBE7012A30B403D10B78037030BC704734
S3150001D790002AFBD030BC00F031BC0B46012B10B483
S3150001D7A01146044603D122705DF8044B7047002BE5
S3150001D7B0FAD05DF8044B1A4600F03ABC08B5521A85
S3150001D7C0FFF7D6FF08BD2DE9F3470A9E1F464368BA
S3150001D7D001EB0208B21A1A44A3EB080903460192A7
S3150001D7E053F8082B9A4218BF82680D4608BF0F22CC
S3150001D7F001A90446FFF786FF82461DB121682A4624
S3150001D800FFF7B6FF37B12EB1324639460AEB0500AE
S3150001D810FFF7AEFFB9F1000F07D0216835444A463C
S3150001D82041440AEB0500FFF7A3FF2046FFF78CFFF3
S3150001D830019BC4F800A0A36002B0BDE8F08770B5F3
S3150001D84004460E460830206056F8083B9E420D46B7
S3150001D8500BD110223146FFF751FF6B68636000233D
S3150001D8602E606B602B72204670BD23608B68A360AF
S3150001D870F3E7F8B50D4651F8083B6A689942044644
S3150001D88000680DD10AB1FFF773FF6B682268636008
S3150001D8900021D1542A6800236B6013702046F8BD1D
S3150001D8A0C4E9003204F10807B842AB6818BFA6689C
S3150001D8B0A36008BF002010B12860AE60EAE72960C6
S3150001D8C0E8E700002DE9F34116461D4604461C4BC8
S3150001D8D02A460F463146FFF73FFF2346626853F853
S3150001D8E0080B984218BFA368A5EB0608904408BF29
S3150001D8F00F2343451BD3F319D21A06D0AE4204D0E7
S3150001D900384481192844FFF73CFF35B120689DF85A
S3150001D910202029463844FFF740FF2368C4F80480D5
S3150001D9200022204603F8082002B0BDE8F0810095E8
S3150001D9300023324639462046FFF745FFE5E700BF9B
S3150001D9409683020007B500920B4600224168FFF755
S3150001D950B9FF03B05DF804FB10B544688C42034679
S3150001D96003D2091BFFF7EEFF10BD81BF03684160BB
S3150001D97000225A54F8E708B50022FFF7EDFF08BD6B
S3150001D98008B5804700F016F8024B1868BFF35B8FA5
S3150001D990704700BF9CAA002008B5FFF7F5FFFFF707
S3150001D9A0EFFF0000024B1868BFF35B8F704700BFA3
S3150001D9B02002022008B5062001F042FA012003F0F8
S3150001D9C031FD00001FB514461A46094B1B68054672
S3150001D9D0D8684CB1074B0091CDE9013406492B4675
S3150001D9E000F0D2F9FFF7E6FF044B1C46F3E700BF50
S3150001D9F0A0AA0020B3830200C08302000B5E0200CE
S3150001DA000A22002101F0C4BB10B5054C13462CB106
S3150001DA100A4601460220AFF3008010BD2046FCE70E
S3150001DA2000000000014B1868704700BFA0AA002043
S3150001DA3008B5074B044613B10021AFF30080054B2F
S3150001DA401868836A03B19847204603F0EBFC00BFD0
S3150001DA5000000000508502008A892DE9F041054643
S3150001DA6010070C4658D44B68002B05DC0B6C002BB9
S3150001DA7002DC0020BDE8F081E66A002EF9D0002321
S3150001DA8012F480522F682B6032D0606DA3895A0739
S3150001DA9005D56368C01A636B0BB1236CC01A0023EA
S3150001DAA00246E66A216A2846B047431CA38906D185
S3150001DAB029681D292CD82A4ACA40D60728D500220A
S3150001DAC06260D9042269226004D5421C01D12B6807
S3150001DAD003B96065616B2F600029CAD004F1440364
S3150001DAE0994202D0284600F0BBFA00206063C1E7E4
S3150001DAF0216A01232846B047411CC7D12B68002B58
S3150001DB00C4D01D2B01D0162B01D12F60B1E7A389FB
S3150001DB1043F04003A381ADE70F69002FA9D0930716
S3150001DB200E6808BF4B690F6018BF0023A6EB0708F4
S3150001DB308B60B8F1000F9CDD216AA66A43463A461E
S3150001DB402846B047002806DCA38943F04003A38199
S3150001DB504FF0FF308EE70744A8EB0008E9E700BF66
S3150001DB600100402038B50B6905460C4613B900255E
S3150001DB70284638BD18B183690BB900F087F8144BF4
S3150001DB809C421BD16C68B4F90C30002BEFD0626E4D
S3150001DB90D00704D4990502D4A06D00F000FA2846F6
S3150001DBA02146FFF759FF636EDA070546E0D4A389DC
S3150001DBB09B05DDD4A06D00F0F3F9D9E7054B9C4236
S3150001DBC001D1AC68DFE7044B9C4208BFEC68DAE799
S3150001DBD01085020030850200F0840200002310B592
S3150001DBE00446C0E90033C0E904338360818143669A
S3150001DBF0C2818361194608225C3000F019FA054B8F
S3150001DC006362054BA362054BE362054B2462236302
S3150001DC1010BD00BF79EF01009FEF0100D7EF0100B2
S3150001DC20FBEF0100014900F0C1B800BF65DB01004F
S3150001DC3070B54A1E682555430E4605F1740100F07C
S3150001DC405FFA044640B10021C0E900160C30A0601D
S3150001DC5005F1680200F0ECF9204670BD014800F0BC
S3150001DC609EB900BF34020220014800F099B900BFF5
S3150001DC7034020220014800F092B900BF33020220AB
S3150001DC80014800F08DB900BF3302022010B50446E9
S3150001DC90FFF7F0FFA3691BB1BDE81040FFF7F0BF26
S3150001DCA0C4E912332365134B134A1B68A262A342CC
S3150001DCB004BF0123A361204600F020F860602046DE
S3150001DCC000F01CF8A060204600F018F80022E06081
S3150001DCD004216068FFF782FFA06801220921FFF78E
S3150001DCE07DFFE06802221221FFF778FF0123A3617D
S3150001DCF0D2E700BF5085020025DC0100F8B50746D2
S3150001DD00FFF7ACFF1E4B1E68B36913B93046FFF728
S3150001DD10BDFF4836D6E90134013B03D533680BB361
S3150001DD203668F7E7B4F90C50D5B9164BE36004F140
S3150001DD305800656600F032F9FFF796FFC4E9015510
S3150001DD40C4E904552560A5610822294604F15C0051
S3150001DD5000F06EF9C4E90D55C4E912552046F8BD27
S3150001DD606834D9E704213846FFF762FF044630607C
S3150001DD700028D5D1FFF778FF0C233B60EEE700BF03
S3150001DD80508502000100FFFF0EB403B5014603AB47
S3150001DD90054853F8042B0068019300F035FA02B0E8
S3150001DDA05DF804EB03B07047A0AA00202DE9F84303
S3150001DDB00646884600F148040027D4E90195B9F1E1
S3150001DDC0010905D52468002CF7D13846BDE8F8834A
S3150001DDD0AB89012B07D9B5F90E30013303D029469A
S3150001DDE03046C04707436835E9E700002DE9F843A7
S3150001DDF0089C8946174602FB03F8054618B1836954
S3150001DE000BB9FFF743FF264B9C4223D16C68636E27
S3150001DE10DE0705D4A389980502D4A06D00F0BFF8EA
S3150001DE20A389190720D52369F3B10026464529D0D0
S3150001DE30A06819F8061001380028A06004DAA36961
S3150001DE40984219DB0A2917D023685A1C22601970D7
S3150001DE500136EBE7134B9C4201D1AC68D7E7124B75
S3150001DE609C4208BFEC68D2E72146284601F0B6FA83
S3150001DE700028DAD0002605E02246284601F04AFAB3
S3150001DE800130E5D1636EDA0705D4A3899B0502D477
S3150001DE90A06D00F085F8B6FBF7F0BDE8F88300BF8A
S3150001DEA01085020030850200F084020007B5009358
S3150001DEB013460A46014603480068FFF797FF03B079
S3150001DEC05DF804FBA0AA002007B5044B014601AA90
S3150001DED0186800F005F803B05DF804FBA0AA00205D
S3150001DEE02DE9F84F074689461646F5F773FC184B98
S3150001DEF01C689A4634B14B46984613F8011B39B152
S3150001DF003D29F9D13846F5F767FC0020BDE8F88FC1
S3150001DF10A8EB0908A34654F8040B0028F2D04246A0
S3150001DF20494601F08CF80028F4D154F8043C03EB7F
S3150001DF30080513F808303D2BECD1DAF80030ABEBCD
S3150001DF4003039B1038463360F5F746FC681CDDE792
S3150001DF5004AB002070B50D4D0D4C641BA4100026BA
S3150001DF60A64209D10B4D0C4C0AF03EFC641BA410D1
S3150001DF700026A64205D170BD55F8043B98470136E7
S3150001DF80EEE755F8043B98470136F2E7B8880200F8
S3150001DF90B8880200B8880200CC8802007047704732
S3150001DFA070470000024B0146186800F0A9B800BF8F
S3150001DFB0A0AA0020024B0146186800F051B800BF24
S3150001DFC0A0AA002030B501390024A24201D10020C7
S3150001DFD005E0035D01340D5DAB42F6D0581B30BD43
S3150001DFE00A44914200F1FF3300D1704710B511F890
S3150001DFF0014B03F8014F9142F9D110BD884210B58A
S3150001E00001EB020402D98442234607D8431EA142EA
S3150001E01008D011F8012B03F8012FF8E70244014655
S3150001E0208A4200D110BD13F8014D02F8014DF7E700
S3150001E03002440346934200D1704703F8011BF9E7F6
S3150001E04013B54A431146019200F05AF8044618B135
S3150001E050019A0021FFF7ECFF204602B010BD000037
S3150001E06037B5002948D051F8043C0190002BA1F1A5
S3150001E0700404B8BFE418F5F78DFB204A019813682C
S3150001E080154633B96360146003B0BDE83040F5F757
S3150001E0909FBBA3420BD921686218934204BF1A6839
S3150001E0A05B68636004BF521822602C60ECE71A4675
S3150001E0B05B680BB1A342FAD911685518A5420BD179
S3150001E0C0246821445418A3421160DDD11C685B68A1
S3150001E0D0536021441160D7E702D90C230360D3E7CB
S3150001E0E0256861198B4204BF19685B68636004BFC8
S3150001E0F0491921605460C7E703B030BD24020220EC
S3150001E100F8B5CD1C25F0030508350C2D38BF0C25B7
S3150001E110002D064601DBA94203D90C2333600020FA
S3150001E120F8BDF5F737FB21490A6814469CB9204F1B
S3150001E1303B6823B921463046F5F708FB3860294686
S3150001E1403046F5F703FB431C23D10C2333603046DD
S3150001E150F5F73EFBE3E723685B1B17D40B2B03D9CB
S3150001E16023601C44256004E06368A2420CBF0B6077
S3150001E17053603046F5F72CFB04F10B00231D20F00C
S3150001E1800700C21ACCD01B1AA350C9E722466468FD
S3150001E190CCE7C41C24F00304A042E3D0211A304684
S3150001E1A0F5F7D4FA0130DDD1CFE700BF2402022012
S3150001E1B0280202209368013B002B10B4936008DA11
S3150001E1C09469A34201DB0A2903D15DF8044B01F0EE
S3150001E1D0A1B81368581C1060197008465DF8044B05
S3150001E1E07047F8B506460F461446D518AC4201D11C
S3150001E1F0002007E014F8011B3A463046FFF7DAFF24
S3150001E200431CF3D1F8BD00002DE9F04F0D469DB03A
S3150001E21014469846064618B183690BB9FFF736FDD1
S3150001E220894B9D421BD175686B6ED90705D4AB89A5
S3150001E2309A0502D4A86DFFF7B2FEAB891B0701D57B
S3150001E2402B69EBB92946304601F0C8F8C0B16B6EAF
S3150001E250DC070ED54FF0FF301DB0BDE8F08F7B4BCC
S3150001E2609D4201D1B568DFE7794B9D4208BFF5684C
S3150001E270DAE7AB899805EDD4A86DFFF791FEE9E7DA
S3150001E2800023099320238DF82930CDF80C80302303
S3150001E290DFF8C0818DF82A304FF0010923469A46EE
S3150001E2A013F8012B0AB1252AF9D1BAEB040B0BD0CD
S3150001E2B05B46224629463046FFF793FF013000F0C0
S3150001E2C0AA80099A5A4409929AF80030002B00F064
S3150001E2D0A28000234FF0FF32CDE905230AF1010A9E
S3150001E2E0049307938DF853301A935446052214F874
S3150001E2F0011B5848E3F70CF8049AD8B9D10644BF74
S3150001E30020238DF85330130744BF2B238DF8533048
S3150001E3109AF800302A2B15D0079A544600204FF060
S3150001E3200A0C214611F8013B303B092B4ED9B0B1FD
S3150001E330079214E0A0EB080309FA03F313430493CD
S3150001E340A246D2E7039B191D1B680391002BBBBF95
S3150001E3505B4242F0020207930793B8BF0492237807
S3150001E3602E2B0CD163782A2B35D1039B1A1D1B68E2
S3150001E3700392002BB8BF4FF0FF3302340593DFF849
S3150001E380E4A0217803225046E2F7C2FF40B14023C0
S3150001E390A0EB0A0003FA00F0049B03430134049343
S3150001E3A014F8011B2C488DF828100622E2F7B0FF5D
S3150001E3B000283FD0294B1BBB039B073323F00703E0
S3150001E3C008330393099B3B44099367E70CFB02322D
S3150001E3D00C460120A5E700230134059319464FF0A9
S3150001E3E00A0C204610F8012B303A092A03D9002BD2
S3150001E3F0C5D00591C3E70CFB012104460123F0E7D3
S3150001E40003AB00932A46164B04A9304600F0BCF82C
S3150001E4100746781CD6D16B6ED90705D4AB899A0508
S3150001E42002D4A86DFFF7BCFDAB895B063FF512AFC1
S3150001E430099811E703AB00932A46094B04A9304614
S3150001E44000F02EFBE4E700BF1085020030850200D4
S3150001E450F0840200548502005E85020089E5010010
S3150001E460E3E101005A850200F0B52DED028BB0EE15
S3150001E470408B85B017460D9D0C9E18EE902A25F00F
S3150001E4802005002AB6BF2D220022B1EE408B462D73
S3150001E4900C461A7004D0452D00D10134022100E04A
S3150001E4A0032103AB019302AB009322463346B0EE40
S3150001E4B0480B01F09DF8472D09D1FB0707D4039BB3
S3150001E4C00E9A1B1A136005B0BDEC028BF0BD462DEA
S3150001E4D000EB04020CD10378302B07D1B5EE408B4B
S3150001E4E0F1EE10FA1CBFC4F10104346033681A441A
S3150001E4F0B5EE408BF1EE10FA08BF03923021039B73
S3150001E5009342DCD25C1C03941970F8E7F7B5034615
S3150001E5100029B8BF494203F8022BB4BF2D222B2292
S3150001E520092942702ADD0DF10704A4460A27A646E9
S3150001E5300A4691FBF7F607FB16153035632A04F1F7
S3150001E540FF340EF8015C3146F1DC3031AEF10205E3
S3150001E55004F8011C441C294661450AD30DF1090240
S3150001E560A2EB0E02654588BF00221344181A03B0B8
S3150001E570F0BD11F8012B04F8012FEDE730233031FE
S3150001E5808370C170031DF1E72DE9F04F8BB00C4686
S3150001E590DDF8508016461F46054601F0ABFDD0F862
S3150001E5A000B05846E2F70EFF00230893D8F8003072
S3150001E5B094F818902268073323F0070303F1080142
S3150001E5C0C8F800108246D3E90001C4E912019FEDA3
S3150001E5D0987B94ED120BB0EEC06BB4EE476BF1EE87
S3150001E5E010FA24DDB5EEC00BF1EE10FA02D52D239B
S3150001E5F084F84330904B9148B9F1470F94BF984640
S3150001E60080460323236122F004020023226004933F
S3150001E6100097334609AA2146284600F0D3F901306E
S3150001E62040F08A804FF0FF300BB0BDE8F08FB4EEBA
S3150001E630400BF1EE10FA09D710EE903A002BBCBF51
S3150001E6402D2384F843307E487E4BD5E7636809F075
S3150001E650DF010491591C3CD1062363600023039317
S3150001E66008ABCDE9019342F4806207AB6168009380
S3150001E67022600DF11B032846FFF7F6FE049B07995E
S3150001E680472B804608D1C81C02DB6368994241DDED
S3150001E690A9F102095FFA89F9B9F1650F20D80139A3
S3150001E6A04A4604F150000791FFF730FF089A04909B
S3150001E6B01318012A236102DC2268D20701D501332E
S3150001E6C023619DF81B30002BA2D02D2384F8433003
S3150001E6D09EE704994729C1D1002BBFD10123BCE78D
S3150001E6E0B9F1660F18D1002963680BDD216113B9F1
S3150001E6F02268D00702D501330B4423610023A165AB
S3150001E7000493DEE713B92268D20701D50233F4E791
S3150001E7100123F2E74FF06709089B994205DB23685D
S3150001E7202161D807EAD54B1CE7E70029D4BFC1F11F
S3150001E730020201221344E0E723685A0507D423693C
S3150001E740424631462846B84701302AD16AE7B9F12F
S3150001E750650F40F2E28094ED127BB5EE407BF1EE5F
S3150001E76010FA33D1384A012331462846B8470130D9
S3150001E7703FF458AFDDE907239A4202DB2368D80745
S3150001E7800FD553465A4631462846B84701303FF41D
S3150001E79049AF4FF0000804F11A09089B013B4345B4
S3150001E7A009DC23689B0700F10881E068099B984210
S3150001E7B0B8BF184638E701234A4631462846B847C6
S3150001E7C001303FF42FAF08F10108E6E7079B002B64
S3150001E7D03CDC1D4A012331462846B84701303FF447
S3150001E7E021AFDDE90723134302D12368D907D8D521
S3150001E7F053465A4631462846B84701303FF412AFD0
S3150001E8004FF0000904F11A0A079B5B424B4501DCF4
S3150001E810089B95E70123524631462846B847013001
S3150001E8203FF400AF09F10109EEE700BFAFF3008045
S3150001E830FFFFFFFFFFFFEF7F65850200698502008D
S3150001E840718502006D850200763D0200089AA36D6E
S3150001E8509A42A8BF1A46002A914638DC002305933E
S3150001E86029EAE97904F11A02A36D05990493A3EB48
S3150001E87009038B4233DCDDE907239A423CDB23683B
S3150001E880DA0739D4089A049B0799D31AA2EB01092E
S3150001E8909945A8BF9946B9F1000F35DC4FF000083C
S3150001E8A029EAE97904F11A0ADDE907239B1AA3EBA0
S3150001E8B0090343457FF775AF012352463146284682
S3150001E8C0B84701303FF4AEAE08F10108ECE7134654
S3150001E8D0314642462846B8470130BFD1A2E6012358
S3150001E8E0314628460492B84701303FF49BAE059B5A
S3150001E8F0049A01330593B7E753465A4631462846EB
S3150001E900B8470130BED18DE6049A4B4642443146A2
S3150001E9102846B8470130C1D184E6089A012A01DCAC
S3150001E920DB0737D50123424631462846B847013031
S3150001E9303FF478AE53465A4631462846B847013029
S3150001E9403FF470AE94ED127BB5EE407BF1EE10FA1A
S3150001E9501BD0089B08F10102013B31462846B84706
S3150001E96001300ED15EE601234A4631462846B847B4
S3150001E97001303FF457AE08F10108089B013B4345BE
S3150001E980F1DC049B04F15002DBE64FF0000804F1D0
S3150001E9901A09F2E701234246DFE701234A463146D7
S3150001E9A02846B84701303FF43DAE08F10108E36857
S3150001E9B009995B1A4345F0DCF7E64FF0000804F1CC
S3150001E9C01909F4E72DE9F047164699468A680B6955
S3150001E9D0DDF820809342B8BF1346336091F8432097
S3150001E9E007460C460AB1013333602368990642BFD4
S3150001E9F0336802333360256815F0060506D104F144
S3150001EA00190AE36832689B1AAB4226DC94F8432064
S3150001EA10131E226818BF012392062BD404F1430268
S3150001EA2049463846C04701301ED02368E56832683A
S3150001EA3003F00603042B08BFAD1AA36822690CBFB5
S3150001EA4025EAE57500259342C4BF9B1AED180026F9
S3150001EA501A34B5421AD1002008E00123524649462C
S3150001EA603846C047013003D14FF0FF30BDE8F0878B
S3150001EA700135C6E7E1185A1C302081F843002244CB
S3150001EA8094F8451082F843100233C7E70123224662
S3150001EA9049463846C0470130E6D00136D9E700007D
S3150001EAA02DE9FF470C469146277E0C99782F804623
S3150001EAB09A4604F1430207D8622F0AD8002F00F0C4
S3150001EAC0D880582F00F0A38004F1420684F84270E2
S3150001EAD03AE0A7F16303152BF6D801A050F823F00D
S3150001EAE039EB01004DEB0100C9EA0100C9EA010059
S3150001EAF0C9EA0100C9EA01004DEB0100C9EA0100BA
S3150001EB00C9EA0100C9EA0100C9EA010059EC01009C
S3150001EB107DEB01003BEC0100C9EA0100C9EA0100F5
S3150001EB207BEC0100C9EA01007DEB0100C9EA0100A5
S3150001EB30C9EA010043EC01000B681A1D1B680A6053
S3150001EB4004F1420684F842300123A3E025680868EF
S3150001EB502E0600F104030AD505680B60002D03DAC1
S3150001EB602D236D4284F843305E480A2319E015F0DF
S3150001EB70400F05680B6018BF2DB2EFE70B682568DB
S3150001EB80181D0860280601D51D6802E06906FBD537
S3150001EB901D8854486F2F0CBF08230A23002184F8CF
S3150001EBA043106668A660002EA2BF216821F0040109
S3150001EBB021600DB9002E4DD01646B5FBF3F103FBCE
S3150001EBC01157C75D06F8017D2F46BB420D46F4D9A4
S3150001EBD0082B0BD12368DF0708D5236961689942A1
S3150001EBE0DEBF302306F8013C06F1FF36921B226197
S3150001EBF0CDF800A04B4603AA21464046FFF7E2FEA8
S3150001EC0001304CD14FF0FF3004B0BDE8F0873548F4
S3150001EC1084F8457023680E681F0656F8045B0E607B
S3150001EC2014D5D90744BF43F0200323601DB92368D7
S3150001EC3023F0200323601023B0E7236843F0200369
S3150001EC4023607823284884F84530E3E75E0648BF09
S3150001EC50ADB2E6E71646BBE70B68266860691D1D7F
S3150001EC600D6035061B6801D5186002E07106FBD5FB
S3150001EC701880002323611646BAE70B681A1D0A603D
S3150001EC801E68626800213046E2F742FB08B1801B2C
S3150001EC90606063682361002384F84330A8E7236931
S3150001ECA0324649464046D0470130ABD023689B07E0
S3150001ECB013D4E068039B9842B8BF1846A4E7012322
S3150001ECC0324649464046D04701309BD00135E3687C
S3150001ECD003995B1AAB42F2DCEBE7002504F1190656
S3150001ECE0F5E700BF75850200868502000FB40A4B61
S3150001ECF013B51C6824B1A36913B92046FEF7C6FFF4
S3150001ED0005AB049AA16801932046FFF77DFA02B08C
S3150001ED10BDE8104004B07047A0AA002038B50C46E3
S3150001ED200968054609B1FFF7F9FF21462846BDE8FE
S3150001ED303840FFF795B900002C4B1B68834270B52C
S3150001ED40044651D0436A43B1DB68002B4AD1636A5A
S3150001ED50196811B12046FFF783F9616911B120469F
S3150001ED60FFF77EF9616A11B12046FFF779F9A16BC8
S3150001ED7011B12046FFF774F9E16B11B12046FFF797
S3150001ED806FF9216C11B12046FFF76AF9E16D11B1F6
S3150001ED902046FFF765F9A16D11B12046FFF760F92D
S3150001EDA0616B11B12046FFF75BF9A369E3B1A36A71
S3150001EDB020469847A16CB9B12046BDE87040FFF7DF
S3150001EDC0ADBF495941B90435636A802DD968F8D177
S3150001EDD02046FFF745F9BAE70E682046FFF740F9E6
S3150001EDE03146EFE70025EFE770BD00BFA0AA00207E
S3150001EDF01F2938B504460D4604D9162303604FF082
S3150001EE00FF3038BD426C12B152F821304BB9204661
S3150001EE1000F030F82A4601462046BDE8384000F0A9
S3150001EE2017B8012B0AD0591C03D116230360012000
S3150001EE30E7E7002442F82540284698470020E0E706
S3150001EE40024B01461868FFF7D3BF00BFA0AA0020F6
S3150001EE5038B5074D00230446084611462B6002F0DB
S3150001EE60D1FA431C02D12B6803B1236038BD00BF20
S3150001EE707812012002F0B6BA0CB430B5174B0C1E4D
S3150001EE801D689DB008DA8B232B604FF0FF301DB053
S3150001EE90BDE8304002B070474FF40273ADF814304C
S3150001EEA014BF04F1FF332346049307934FF6FF7310
S3150001EEB002900690ADF81630209A21AB02A9284699
S3150001EEC0019301F091FD431CBCBF8B232B60002CE9
S3150001EED0DDD0029B00221A70D9E700BFA0AA00204C
S3150001EEE00EB400B59CB01DAB029006906FF00041C8
S3150001EEF0094807910491094953F8042B05910068C3
S3150001EF00019302A901F070FD029B00221A701CB048
S3150001EF105DF804EB03B07047A0AA00200802FFFFCA
S3150001EF200EB410B59FB021AC4FF4017154F8042B07
S3150001EF300192ADF81C1004900890E2F743FA0C4BCD
S3150001EF40059009900D930B48019A006803940023DC
S3150001EF50119316934FF6FF73ADF81E3004A923469D
S3150001EF6001F09CFE1FB0BDE8104003B0704700BF22
S3150001EF709BEF0100A0AA002010B50C46B1F90E10B6
S3150001EF8002F050F90028ABBF636DA3891B1823F467
S3150001EF908053ACBF6365A38110BD002070472DE986
S3150001EFA0F0411F468B89DB0505460C46164605D5FD
S3150001EFB0B1F90E100223002201F0A0F8A389B4F9D9
S3150001EFC00E1023F48053A38132463B462846BDE802
S3150001EFD0F04100F0F1B910B50C46B1F90E1001F08F
S3150001EFE08DF8431CA38915BF606523F4805343F450
S3150001EFF08053A38118BFA38110BDB1F90E1000F093
S3150001F0005BBAC9B2034610F8012B1AB18A42F9D18B
S3150001F01018467047002918BF0023F9E770B5034663
S3150001F0201E4613F8014B44B14A1E01E0A54204D025
S3150001F03012F8015F002DF9D1F2E7301A70BD10B553
S3150001F0406AB10139841810F8013B11F8012F934276
S3150001F05003D1A04201D0002BF5D1981A10BD10465C
S3150001F060FCE770B503461E4613F8014B3CB14A1E38
S3150001F07001E0A542F7D012F8015F002DF9D1301A4F
S3150001F08070BD0000012B2DE9F04701D0242B06D9D4
S3150001F090FEF7C8FC162303600020BDE8F0873A4F4F
S3150001F0A08E4676461EF8014BE55D15F00805F8D14A
S3150001F0B02D2C34D19EF800404FF0010806F1020EC6
S3150001F0C0002B5CD0102B0CD1302C0AD19EF80040BD
S3150001F0D004F0DF04582C4DD19EF8014010230EF1A7
S3150001F0E0020E08F1004C0CF1FF3C0026BCFBF3F9C3
S3150001F0F0354603FB19CAA4F13007092F18D83C4637
S3150001F100A34224DD002E1FDBA9451DD301D1A24553
S3150001F1101ADB05FB034501261EF8014BEBE72B2CF9
S3150001F12008BF9EF80040A84608BF06F1020EC7E7D1
S3150001F130A4F14107192F01D8373CE1E7A4F1610792
S3150001F140192F04D8573CDBE74FF0FF36E4E7002ED2
S3150001F15005DA22230360654642B928469DE7B8F1E0
S3150001F160000F00D06D42002AF7D00EB10EF1FF312B
S3150001F1701160F2E73024002BB3D10823B1E7302C1C
S3150001F180A4D00A23ADE700BFF0830200FFF77ABFE0
S3150001F19013460A46014602480068FFF773BF00BFDF
S3150001F1A0A0AA00202DE9F0433B4E86468C466046D8
S3150001F1B01CF8014BA55D15F00805F8D12D2C34D1AD
S3150001F1C09CF800404FF0010800F1020C002B5ED0C4
S3150001F1D0102B0CD1302C0AD19CF8000000F0DF0076
S3150001F1E058284FD19CF8014010230CF1020C4FF026
S3150001F1F0FF370025B7FBF3F703FB07F96FEA0909A8
S3150001F2002846A4F13006092E18D83446A34224DD37
S3150001F210002D1FDB87421DD301D1A1451ADB00FB5F
S3150001F220034001251CF8014BEBE72B2C08BF9CF88A
S3150001F2300040A84608BF00F1020CC7E7A4F1410649
S3150001F240192E01D8373CE1E7A4F16106192E04D83D
S3150001F250573CDBE74FF0FF35E4E7002D07DA2223C1
S3150001F260CEF800304FF0FF3042B9BDE8F083B8F177
S3150001F270000F00D04042002AF7D00DB10CF1FF314A
S3150001F2801160F2E73024002BB1D10823AFE7302C0F
S3150001F290A2D00A23ABE700BFF0830200FFF782BFCB
S3150001F2A030B5141E05469BB0184605DA8B232B6034
S3150001F2B04FF0FF301BB030BD4FF40273ADF80C3088
S3150001F2C014BF04F1FF332346029305934FF6FF73F0
S3150001F2D000910491ADF80E3002461E9B6946284600
S3150001F2E001F082FB431CBCBF8B232B60002CE1D0B9
S3150001F2F0009B00221A70DDE707B5009313460A4604
S3150001F300014603480068FFF7CBFF03B05DF804FB35
S3150001F310A0AA0020F8B50E461446054618B1836921
S3150001F3200BB9FEF7B3FC214B9C422BD16C68A36948
S3150001F330A360A3891A072FD523696BB323692068B4
S3150001F340C01A6369F6B28342374604DC2146284671
S3150001F350FEF708FC30BBA368013BA36023685A1C77
S3150001F36022601E7063690130834204D0A389DB07E2
S3150001F37006D50A2E04D121462846FEF7F3FB88B9A5
S3150001F3803846F8BD0A4B9C4201D1AC68CFE7094B20
S3150001F3909C4208BFEC68CAE72146284600F01EF8E1
S3150001F3A00028CBD04FF0FF37EAE700BF10850200F7
S3150001F3B030850200F084020038B5074D0446084640
S3150001F3C0114600222A601A46F5F73DFD431C02D17B
S3150001F3D02B6803B1236038BD78120120324B70B51A
S3150001F3E01D6806460C4625B1AB6913B92846FEF7DA
S3150001F3F04DFC2E4B9C420FD16C68A389B4F90C20AD
S3150001F40019072CD4DD0611D40923336042F04003D9
S3150001F410A3814FF0FF303EE0254B9C4201D1AC6801
S3150001F420EBE7244B9C4208BFEC68E6E7580712D588
S3150001F430616B41B104F14403994202D03046FEF7B3
S3150001F4400FFE00236363A38923F02403A381002312
S3150001F450636023692360A38943F00803A3812369B9
S3150001F4604BB9A38903F42073B3F5007F03D021467A
S3150001F470304600F079FEA089B4F90C2010F00103A2
S3150001F4800AD00023A36063695B42A361236943B980
S3150001F49010F08000BAD170BD810758BF6369A360BF
S3150001F4A0F4E70020F7E700BFA0AA002010850200BC
S3150001F4B030850200F084020038B5064D002304466B
S3150001F4C008462B6001F07EFF431C02D12B6803B175
S3150001F4D0236038BD781201202DE9F74F03690C69C5
S3150001F4E0A3420746C0F28180013C01F1140800F1F4
S3150001F4F0140505EB8403019358F8243055F82420AC
S3150001F50001339A424FEA840B08EB8409B2FBF3F606
S3150001F51031D34FF0000E4046AC46F24650F8042B6C
S3150001F52093B206FB03E34FEA134E9BB2AAEB030326
S3150001F530120CDCF800A006FB02E213FA8AF34FEA8A
S3150001F540124E1FFA82FADCF80020CAEB124202EBD5
S3150001F55023429BB243EA024381454CF8043B4FEAFE
S3150001F560224ADBD255F80B302BB9019B043B9D4255
S3150001F5701A462ED33C61384601F0B4F8002824DB44
S3150001F580013628464FF0000C58F8042BD0F800E05D
S3150001F59093B2ACEB0303120C13FA8EF3C2EB1E42C9
S3150001F5A002EB23429BB243EA0243C14540F8043BC6
S3150001F5B04FEA224CE8D255F8242005EB840322B900
S3150001F5C0043B9D421A460AD33C61304603B0BDE86E
S3150001F5D0F08F1268043B002ACCD1013CC7E71268C0
S3150001F5E0043B002AF0D1013CEBE70020EEE70000E6
S3150001F5F02DE9F04F59EC108B95B0456A1E9C079189
S3150001F600CDE9028906460992109375B91020FEF7D5
S3150001F610C9FC0246706220B9AB4BEA21AB48FEF742
S3150001F620D1F9C0E901550560C560736A196851B120
S3150001F6305A684A60012393408B60304600F014FEFD
S3150001F640736A00221A60B9F10003BBBF23F00043BD
S3150001F650039300230122ACBF236022609C4B039CD1
S3150001F660A3431AD1109A42F20F731360C4F3130322
S3150001F67053EA080300F012851F9B53B9954B1FE00F
S3150001F680954B009308331F9A1360009815B0BDE897
S3150001F690F08F904B00930333F5E79DED027BB5EEBA
S3150001F6A0407BF1EE10FA8DED0A7B0BD1109A012306
S3150001F6B013601F9B002B00F0EE8488481860431EE0
S3150001F6C00093E2E713A99DED0A0B12AA304601F059
S3150001F6D0ADF8C4F30A5105461298002947D00B9C90
S3150001F6E0C4F31304DDE90A2344F07F5343F44013C2
S3150001F6F0A1F2FF31002443EC162BB7EE087B9FEDF8
S3150001F7006C5B36EE477B9FED6C6BA7EE056BB0EE3F
S3150001F710467B06EE901AB8EEE65B9FED696BA5EEA9
S3150001F720067BFDEEC76BB5EEC07BF1EE10FA16EE69
S3150001F73090BA119408D5B8EEE66BB4EE476BF1EECC
S3150001F74010FA18BF0BF1FF3BBBF1160F32D8644B11
S3150001F75003EBCB0393ED007B9DED0A6BB4EEC76B18
S3150001F760F1EE10FA01D50BF1FF3B002323E01399CB
S3150001F770014401F23243202BC3BFC3F1400304FA13
S3150001F78003F301F21244C3F12003C6BF28FA04F8B9
S3150001F79043EA080308FA03F307EE903AB8EE677BEB
S3150001F7A001398DED007B019CDDE90023A4F1F8739D
S3150001F7B00124A0E701230F93431A5A1E45BFC3F143
S3150001F7C00103059300230023069254BF0593069374
S3150001F7D0BBF1000F18DB069BCDF838B05B440693EE
S3150001F7E00023079A092A49D8052AC4BF043A079271
S3150001F7F0079AA2F10202CCBF00240124032A48D8A9
S3150001F800DFE802F00B2E2C3A059B0022A3EB0B033B
S3150001F81005930E92CBF10003E3E700220892099AC1
S3150001F820002A39DC4FF0010AD1465246CDF824A010
S3150001F830776A00217960042000F1140C94457968F7
S3150001F8402FD930460C9300F0CFFC0C9B009002465A
S3150001F850002849D1234B4FF4D571DFE60122DDE7BC
S3150001F86000220892099A0BEB020A0AF101094A469B
S3150001F870012AB8BF0122DBE70122F2E701240022B7
S3150001F880CDE907244FF0FF3A0021D1461222099112
S3150001F890CEE701220892F5E7DDF824A0D1465246CB
S3150001F8A0C6E7013179604000C6E700BFAFF30080CB
S3150001F8B061436F63A787D23FB3C8608B288AC63F6F
S3150001F8C0FB799F501344D33FA4850200BB850200F8
S3150001F8D00000F07FA085020097850200773D0200B7
S3150001F8E0F086020037860200726A00991160B9F14A
S3150001F8F00E0F72D8002C70D0BBF1000F40F3A6801A
S3150001F900CA490BF00F0201EBC2021BF4807F92ED94
S3150001F910007B4FEA2B1100F08D80C54A9DED0A5BF5
S3150001F92092ED086B85EE066B8DED026B01F00F0112
S3150001F9300322BF4800297FD19DED026B86EE077B2E
S3150001F9408DED027B0F99002900F0B280B7EE006BB6
S3150001F9509DED027BB4EEC67BF1EE10FA40F1A88074
S3150001F960B9F1000F00F0A480BAF1000F31DDB2EE5B
S3150001F970046B27EE067B8DED027B0BF1FF3701321F
S3150001F98050469DED026BB1EE0C5B07EE902AB8EE88
S3150001F990E77BA7EE065B8DED025B039CDDE90212B8
S3150001F9A0A4F15072002840F08680B1EE047B36EE59
S3150001F9B0476B42EC171BB4EEC76BF1EE10FA00F37E
S3150001F9C07282B1EE477BB4EEC76BF1EE10FA00F12D
S3150001F9D06782DDE90A12CDE90212139A002AC0F202
S3150001F9E02981BBF10E0F00F32581904B03EBCB036D
S3150001F9F093ED006B099B002B80F2C380B9F1000FD8
S3150001FA0000F3BF8040F04C82B1EE047B26EE076B1B
S3150001FA109DED027BB4EEC76BF1EE10FA4C464F46F4
S3150001FA2080F22282DDF80080312308F8013B0BF1D8
S3150001FA30010B1EE202227CE7CC0704D590ED006B98
S3150001FA40013227EE067B4910083073E72ED0CBF141
S3150001FA500001764A01F00F0002EBC00292ED007B35
S3150001FA609DED0A6B26EE077B8DED0C7BDDE90C78AF
S3150001FA70CDE902786E4809110024022239B9002C19
S3150001FA803FF460AFDDE90C01CDE902015AE7CF078A
S3150001FA9009D59DED0C6B90ED007B26EE077B8DED78
S3150001FAA00C7B0132012449100830E7E7022249E7BD
S3150001FAB05F46484665E742EC171B5C4A02EBC0020B
S3150001FAC012ED024B009A1418089A52B3B6EE003B97
S3150001FAD0B7EE002BDDF8008083EE045BB2EE043B4B
S3150001FAE035EE477BFDEEC64B14EE902AB8EEE45B8D
S3150001FAF0303236EE456BB4EEC76BF1EE10FA08F80C
S3150001FB00012B39D432EE465BB4EEC75BF1EE10FA47
S3150001FB1072D4A0453FF45DAF27EE037B26EE036B5F
S3150001FB20E0E7DDF8008027EE047B2146B2EE043BD8
S3150001FB30FDEEC64B14EE902A303208F8012BA04593
S3150001FB40B8EEE45B36EE456B18D1B6EE005B37EEE8
S3150001FB50054BB4EEC46BF1EE10FA4DDC35EE477B86
S3150001FB60B4EEC76BF1EE10FA7FF533AF8846013973
S3150001FB7018F8013C302BF9D0BB462AE026EE036B80
S3150001FB80D6E79DED027BB2EE044BDDF8008087EEF1
S3150001FB90065BBDEEC55B15EE103A303308F8013B46
S3150001FBA0009BA8EB03039945B8EEC53BA3EE467B44
S3150001FBB033D137EE077BB4EEC67BF1EE10FA1ADCD1
S3150001FBC0B4EE467BF1EE10FA03D115EE103AD907E1
S3150001FBD011D42946304600F047FB0023109A88F8D5
S3150001FBE000300BF1010313601F9B002B3FF44DAD59
S3150001FBF0C3F8008049E55F464346984613F8012D50
S3150001FC00392A06D1009A9A42F7D100993022013752
S3150001FC100A701A7801321A70AEE727EE047BB5EE48
S3150001FC20407BF1EE10FAB2D1D3E700BFF0860200B5
S3150001FC30C88602000899002900F0D1800799012998
S3150001FC4000F3B4801199002900F0AC8002F233422E
S3150001FC50DDF814801C460A93059B13440593069B05
S3150001FC60012113443046069300F0BAFB0A9B07466E
S3150001FC70B8F1000F0DDD069A002A0ADD4245059905
S3150001FC80A8BF4246891A05910699A8EB02088A1A65
S3150001FC90069203B3089A002A00F0A680002C13DD11
S3150001FCA03946224630460C9300F056FC2A46014658
S3150001FCB00746304600F0AAFB29460A90304600F076
S3150001FCC0D3FA0A9A0C9B15461A1B04D029463046CC
S3150001FCD000F042FC05460121304600F081FB0E9BF7
S3150001FCE0002B044640F382801A460146304600F056
S3150001FCF033FC079B012B04467BDD00230A93226913
S3150001FD0004EB8202106900F01BFBC0F12000069B88
S3150001FD10184410F01F0000F08D80C0F12002042A63
S3150001FD2040F38680C0F11C00059B03440593069BA6
S3150001FD30034480440693059B002B05DD29461A469C
S3150001FD40304600F063FC0546069B002B05DD214687
S3150001FD501A46304600F05AFC04460F9B002B6BD026
S3150001FD602146284600F0BEFC002865DA0023294614
S3150001FD700A22304600F09AFA089B0BF1FF3B054632
S3150001FD80002B00F09281394600230A22304600F00A
S3150001FD908DFABAF1000F074600F38E80079B022BFE
S3150001FDA051DC89E0129AC2F1360251E709F1FF34BA
S3150001FDB0A342BFBF0E9AE31AD2181346B7BF0E93DA
S3150001FDC01C1B23460024B9F1000FB5BF059ADDF8C7
S3150001FDD01480A2EB09084A46B8BF00223BE7DDF8CA
S3150001FDE01480089F1C4643E71A466FE7079B012BC1
S3150001FDF018DC029BB3B9039BC3F31302A2B923F028
S3150001FE000042120D12058AB1059B01330593069B2B
S3150001FE100133069301230A930E9B002B7FF46FAFE8
S3150001FE20012074E70023F6E7029BF4E70A92F3E761
S3150001FE3081D010461C3077E7B9F1000F37DC079BFC
S3150001FE40022B34DDCA46BAF1000F0DD121465346C5
S3150001FE500522304600F02AFA01460446284600F0FB
S3150001FE6041FC00283FF7DEAD099BDDF800806FEA13
S3150001FE70030B4FF000092146304600F0F5F9002F3B
S3150001FE803FF4A7AEB9F1000F05D0B94503D04946F5
S3150001FE90304600F0E9F93946304600F0E5F998E6D2
S3150001FEA000242746E0E7BB4604460746BAE5089B19
S3150001FEB0CA46002B00F00081B8F1000F05DD394676
S3150001FEC04246304600F0A2FB07460A9B002B5DD056
S3150001FED07968304600F088F9804628B9824B024697
S3150001FEE040F2EA21FFF79ABB3A690232920007F122
S3150001FEF00C010C30FEF774F801224146304600F041
S3150001FF0085FB009B01330593009B53440993029B98
S3150001FF1003F00103B94608930746059B2146013BB9
S3150001FF2028460293FFF7D8FA03463033069049462E
S3150001FF3028460A9300F0D6FB3A46824621463046C9
S3150001FF4000F0ECFBC2680A9B80460ABB01462846C4
S3150001FF5000F0C8FB0A9B0246414630460E920A93C0
S3150001FF6000F082F9079B0E9ADDF8148043EA02013C
S3150001FF70089B0B430A9B0DD1392B29D0BAF1000FEF
S3150001FF8001DD069B3133029A137074E73846B8E7F0
S3150001FF900122E1E7BAF1000F06DB079941EA0A0AF5
S3150001FFA008995AEA010120D1002AECDD29460122ED
S3150001FFB03046059300F02AFB2146054600F092FBE8
S3150001FFC00028059B02DCDED1DA07DCD5392BD8D136
S3150001FFD0029A3923137043469846013B18F8012CBF
S3150001FFE0392A51D001321A7045E7002A03DD392B2F
S3150001FFF0EED00133C7E7059A099902F8013C8A4216
S315000200002BD0294600230A22304600F04FF9B94583
S3150002001005464FF000034FF00A024946304607D123
S3150002002000F044F981460746059B0133059374E7C0
S3150002003000F03CF93946814600230A22304600F098
S3150002004035F90746F0E7BAF1000F009ACCBFD04661
S315000200504FF0010890444FF000092946012230462C
S31500020060029300F0D3FA2146054600F03BFB002836
S31500020070B1DC02D1029BDB07ADD44346984613F8A6
S31500020080012D302AFAD0F6E6009A9A42A4D10BF153
S31500020090010B312378E7154BFFF712BB1F9B002B91
S315000200A07FF4EEAA124BFFF70BBBBAF1000F03DC8B
S315000200B0079B022B3FF7C7AEDDF800802146284694
S315000200C0FFF70AFA00F1300308F8013B009AA8EBA1
S315000200D002029245B7DD294600230A22304600F085
S315000200E0E5F80546EAE700BF37860200763D0200DC
S315000200F09785020000487047F8AB002038B5074DD7
S3150002010004460846114600222A601A4601F082F980
S31500020110431C02D12B6803B1236038BD781201203B
S3150002012070B50E46B1F90E10002996B014461D465A
S3150002013007DA00232B60B3891A0610D44FF48063C2
S315000201400EE06A4601F0F4F80028F2DB019A02F4A6
S315000201507042A2F500535A425A412A60EEE7402302
S315000201600020236016B070BD8B8973B59D070646C5
S315000201700C4607D504F1470323602361012363611B
S3150002018002B070BD01AB6A46FFF7CAFF0099054689
S315000201903046FDF7B5FF48B9B4F90C309A05EFD4ED
S315000201A023F0030343F00203A381E3E70D4BB3629B
S315000201B0A389206043F08003A381009B6361019BB6
S315000201C020615BB1B4F90E10304601F0C3F828B1D4
S315000201D0A38923F0030343F00103A381A089054306
S315000201E0A581CDE725DC010070B5466A04460D46B9
S315000201F076B91020FDF7D6FE0246606220B9184B8A
S3150002020018486621FDF7DEFBC0E901660660C66096
S31500020210666AF36883B1636ADB6853F82500B8B986
S31500020220012101FA05F6721D92002046FDF708FF2C
S3150002023060B1C0E901560EE0212204212046FDF7F5
S31500020240FFFE636AF060DB68002BE4D1002070BD1C
S31500020250026843F825200023C0E90333F7E700BF0D
S31500020260A48502004886020070B5466A05460C4619
S3150002027076B91020FDF796FE0246686220B9094B50
S3150002028009488A21FDF79EFBC0E901660660C66041
S315000202903CB16B6A6268DB6853F82210216043F84E
S315000202A0224070BDA4850200488602002DE9F04175
S315000202B00E69074698460C4601F1140000230568AC
S315000202C0A9B202FB01814FEA114C2D0C02FB05C5B6
S315000202D089B2013301EB05419E4240F8041B4FEA05
S315000202E01548ECDCB8F1000F22D0A368B34219DC42
S315000202F0616838460131FFF777FF054628B902469D
S315000203000D4B0E48B521FDF75DFB2269023204F161
S315000203100C0192000C30FDF763FE21463846FFF7CA
S31500020320A3FF2C4604EB86030136C3F8148026612C
S315000203302046BDE8F08100BF3786020048860200EB
S31500020340030C1B04D3B90004102310F07F4F04BF23
S315000203500002083310F0704F04BF0001043310F09E
S31500020360404F04BF80000233002805DB10F0804FA7
S3150002037003F1010308BF2023184670470023E4E770
S31500020380036813F0070201460BD0DA0724D4980754
S3150002039049BF5B089B0801200B605CBF0B60022013
S315000203A0704798B2B0B91B0C102013F0FF0F04BFB0
S315000203B01B0A08301A0704BF1B0904309A0704BF38
S315000203C09B080230DA0703D45B0800F1010005D06E
S315000203D00B6070471046E8E7002070472020704700
S315000203E010B50C460121FFF7FFFE024628B9054B60
S315000203F005484FF4A071FDF7E5FA01234461036154
S3150002040010BD00BF37860200488602002DE9F04F74
S3150002041014460A6923699A42B8BF0B460D46BCBF09
S3150002042025461C46D5F810A0D4F81090AB6869682A
S315000204300AEB0907BB4285B0B8BF0131FFF7D4FE0C
S3150002044030B90246424B434840F25D11FDF7BAFA13
S3150002045000F1140606EB87083346002243451ED3F5
S3150002046005F1140C04F114030CEB8A0C03EB89025C
S315000204700292ACEB0502153A22F00302043205F1B0
S3150002048015018C4538BF04220192029A03939A42BF
S3150002049008D8002F55DC076105B0BDE8F08F43F898
S315000204A0042BDBE7B3F800A0BAF1000F20D005F168
S315000204B0140EB14600225EF8044BD9F800B0A1B280
S315000204C01FFA8BFB0AFB01B11144D9F80020240C58
S315000204D0120C0AFB042404EB114489B241EA0441DA
S315000204E0F44549F8041B4FEA1442E4D801997250C4
S315000204F0039AB2F802900433B9F1000F1FD03468A0
S3150002050005F11401B6464FF0000A0A88BEF802B099
S3150002051009FB02B29244A4B244EA0A444EF8044BDE
S3150002052051F8044BBEF80020240C09FB042404EB0A
S315000205301A448C454FEA144AE7D8019AB450043655
S31500020540A3E758F8043D002BA5D1013FA1E700BF60
S3150002055037860200488602002DE9F843154612F056
S31500020560030206460F4607D0254C013A002354F8EB
S315000205702220FFF79BFE0746AD103DD0746A7CB978
S315000205801020FDF70FFD0246706228B91D4B1E486A
S315000205904FF4D771FDF716FAC0E901440460C4604E
S315000205A0D6F82480D8F808404CB940F2712130467A
S315000205B0FFF716FF0023C8F80800044603604FF051
S315000205C00009EB070AD5394622463046FFF71EFFD9
S315000205D0394680463046FFF747FE47466D100BD038
S315000205E0206838B9224621463046FFF70FFF2060C1
S315000205F0C0F800900446E4E73846BDE8F88300BF39
S31500020600B8870200A4850200488602002DE9F04759
S315000206100C464968236903EB6218A36807469146AC
S315000206204FEA621A08F10106B3420BDB3846FFF7BE
S31500020630DBFD054648B90246284B294840F2D91146
S31500020640FDF7C0F901315B00EEE7002300F114016A
S3150002065000F110021846534533DB20692AEAEA7A8A
S3150002066004F1140319F01F0901EB8A0103EB800C54
S315000206702BD0C9F1200E8A460022186800FA09F02A
S3150002068002434AF8042B53F8042B9C4522FA0EF235
S31500020690F3D8ACEB0403153B23F00303043304F154
S315000206A01500844538BF0423CA500AB108F1020670
S315000206B0013E38462E612146FFF7D6FD2846BDE8A3
S315000206C0F08742F8040F0133C5E7043953F8042BC7
S315000206D041F8042F9C45F9D8EAE700BF37860200A5
S315000206E04886020030B502690C69121B0ED100F170
S315000206F01403143103EB840001EB840150F8045D0A
S3150002070051F8044DA54203D005D30122104630BD4F
S315000207108342F3D3FAE74FF0FF32F7E72DE9F84FBA
S315000207200C460646114620461746FFF7DBFF051E16
S3150002073010D129463046FFF757FD30B9394B0246EC
S3150002074040F232213848FDF73DF90123C0E904356C
S31500020750BDE8F88FA4BF3B46274630467968A6BF58
S315000207601C4600250125FFF73FFD20B92D4B024609
S315000207704FF41071E6E73E69C560256907F1140179
S3150002078004F1140900F1140E07F1100201EB860CB4
S3150002079009EB8505F246002759F8043B52F804BFD7
S315000207A01FFA83F817FA8BF71B0CA7EB0808C3EBA3
S315000207B01B4303EB28431FFA88F81F144D4548EAEA
S315000207C003434AF8043BE7D82B1B153B23F00303EC
S315000207D004331534A54238BF0423194473449E4694
S315000207E00D4665450ED30CF10302521A22F003029E
S315000207F003398C4538BF00221A4452F8043D7BB1B6
S315000208000661A5E755F8048B17FA88F4221402EB61
S315000208101842A4B244EA02444EF8044B1714E0E725
S31500020820013EEAE737860200488602002DE9F743D1
S315000208308946012157EC106B9046FFF7D5FC04461A
S3150002084030B90246254B264840F20A31FDF7BAF87E
S31500020850C7F30A55C7F3130335BB002E019328D0FD
S3150002086068460096FFF78CFD009900B3019AC0F125
S31500020870200302FA03F30B43C24063610192019B18
S31500020880A361002B14BF022201222261D5B1A5F277
S3150002089033450544C9F80050C0F13500C8F80000D8
S315000208A0204603B0BDE8F08343F48013D5E76161C7
S315000208B0E5E701A8FFF764FD019B6361012222615E
S315000208C02030E3E704EB8203A0F23240C9F80000CD
S315000208D01869FFF735FDC0EB4210DFE737860200E5
S315000208E048860200F8B5074614460E4621B9BDE809
S315000208F0F8401146FDF704BC22B9FDF7B1FB2546C7
S315000209002846F8BD00F048FDA0420FD221463846DF
S31500020910FDF7F6FB05460028F2D031462246FDF7E2
S315000209205FFB31463846FDF79BFBE9E73546E7E7CD
S315000209302DE9F0478E689E4282460C4690461F4637
S3150002094038D88A8912F4906F32D025680969A5EBE6
S315000209500109656905EB450505EBD57501334B4480
S315000209606D109D4238BF1D46530531D52946FDF708
S31500020970C7FB064650B90C23CAF80030A38943F0D8
S315000209804003A3814FF0FF30BDE8F08721694A4654
S31500020990FDF726FBA38923F4906343F08003A3812A
S315000209A0266165614E44A5EB09052660A5603E46B3
S315000209B0BE4200D93E46324620684146FDF71EFB3E
S315000209C0A36822689B1B3244A36022600020DBE7F7
S315000209D02A46FFF787FF06460028E1D121695046DD
S315000209E0FDF73EFBC7E700002DE9F04F98468B89DD
S315000209F01B069DB007460D4614460ED50B6963B914
S31500020A004021FDF77DFB2860286120B90C233B605D
S31500020A104FF0FF30D1E040236B610023099320237E
S31500020A208DF82930CDF80C803023DFF8A8818DF8B7
S31500020A302A304FF0010923469A4613F8012B0AB1D0
S31500020A40252AF9D1BAEB040B0BD05B46224629467E
S31500020A503846FFF76DFF013000F0AA80099A5A4422
S31500020A6009929AF80030002B00F0A28000234FF082
S31500020A70FF32CDE905230AF1010A049307938DF8A3
S31500020A8053301A935446052214F8011B5148E0F7D5
S31500020A903FFC049AD8B9D00644BF20238DF85330C0
S31500020AA0110744BF2B238DF853309AF800302A2BB6
S31500020AB015D0079A544600204FF00A0C214611F829
S31500020AC0013B303B092B4ED9B0B1079214E0A0EBA3
S31500020AD0080309FA03F313430493A246D2E7039BDE
S31500020AE0191D1B680391002BBBBF5B4242F0020239
S31500020AF007930793B8BF049223782E2B0CD1637801
S31500020B002A2B35D1039B1A1D1B680392002BB8BFF3
S31500020B104FF0FF3302340593DFF8C8A02178032291
S31500020B205046E0F7F5FB40B14023A0EB0A0003FA7A
S31500020B3000F0049B03430134049314F8011B264876
S31500020B408DF828100622E0F7E3FB002838D0234B65
S31500020B501BBB039B073323F0070308330393099B4D
S31500020B603344099367E70CFB02320C460120A5E7E2
S31500020B7000230134059319464FF00A0C204610F85B
S31500020B80012B303A092A03D9002BC5D00591C3E7B8
S31500020B900CFB012104460123F0E703AB00932A462E
S31500020BA00F4B04A93846FDF7EFFC421C0646D6D188
S31500020BB0AB895B063FF52CAF09981DB0BDE8F08FF7
S31500020BC003AB00932A46064B04A93846FDF768FF95
S31500020BD0EBE700BF548502005E85020089E501004D
S31500020BE0310902005A85020038B54B1C144603D15E
S31500020BF04FF0FF35284638BD938923F020039381B1
S31500020C00636B5268CDB28BB1A36B934208DD236846
S31500020C105A1E226003F8015C636801336360E9E7E8
S31500020C20214600F04BFB0028F1D0E1E72169236859
S31500020C3051B1994208D213F8011CA94204D1013BD1
S31500020C40013223606260D5E7C4E90F3204F144033E
S31500020C5063630323A363234603F8465F23600123EA
S31500020C60DCE710B50C46496B69B104F144039942BD
S31500020C7001D0FDF7F5F9236C63600020606313B1C0
S31500020C80E36B236010BD2369236000236360A3899D
S31500020C9043F02003A3814FF0FF30F3E72DE9F04F35
S31500020CA00C46ADF5237D0021CDE94411B249A09150
S31500020CB00DF10408B149B24FDFF8C892CDF8188198
S31500020CC00646A191009392F800A0BAF1000F00F037
S31500020CD051811AF8073013F0080302F1010519D001
S31500020CE06368002B0FDD23681A78BA5C120701D4F9
S31500020CF02A46E8E7459A0132459262680133013A8B
S31500020D0062602360ECE7A19B2146304698470028A3
S31500020D10E9D0EDE7BAF1250F40F083804193439382
S31500020D2053782A2B02BF1023951C41930A22AB4605
S31500020D301BF8011BA1F13003092B1DD9914803228F
S31500020D40E0F7E6FA40B10123A0EB090003FA00F04E
S31500020D50419B184341905D4615F8013B782B06D816
S31500020D60572B10D8252B5CD056D8002B74D00323D2
S31500020D7047930A23429381E0439B02FB0313303BD2
S31500020D8043935D46D3E7A3F15802202AEFD801A187
S31500020D9051F822F0670E02006F0D02006F0D02007D
S31500020DA0C50E02006F0D02006F0D02006F0D0200EC
S31500020DB06F0D02006F0D02006F0D02006F0D020033
S31500020DC0DB0E0200B10E02001F0E02001F0E020011
S31500020DD01F0E02006F0D0200B50E02006F0D02001B
S31500020DE06F0D02006F0D02006F0D0200EB0E020086
S31500020DF0BD0E02005F0E02006F0D02006F0D0200B3
S31500020E00E70E02006F0D0200B10E02006F0D020026
S31500020E106F0D0200670E0200453B022BA7D8052381
S31500020E202BE06368002B0DDD23681A78524540F0EB
S31500020E30A180013362682360459B013A01336260F7
S31500020E40459355E7A19B2146304698470028EBD0AB
S31500020E504498002840F084804FF0FF3086E0419AA3
S31500020E6042F020024192419A42F4007241921022CB
S31500020E706F2B429234BF0323042347936368002BEC
S31500020E8041DD419B590604D423681A78BA5C1207DD
S31500020E9040D4479B022B4FDC6B46224641A9304683
S31500020EA000F074F8012865D002287FF421AFCFE75D
S31500020EB00A22DDE7002342930323DEE70823429357
S31500020EC00423DAE72946404600F0BEF9419B43F087
S31500020ED04003419305460123CFE7419B43F040037C
S31500020EE041930023C9E70223C7E74198C3063FF5AA
S31500020EF0FFAE009B459A191D00911B68C0074CBFA7
S31500020F001A801A60F4E6A19B2146304698470028CB
S31500020F10B7D09DE7459A013245926268013A002AA6
S31500020F20626002DD01332360AEE7A19B21463046B3
S31500020F3098470028A8D08BE7042B06DC6B4622468E
S31500020F4041A9304600F07AF8ACE70F4B002B3FF48C
S31500020F50CFAE6B46224641A93046AFF30080A1E7E9
S31500020F60A38913F0400F18BF4FF0FF300DF5237D14
S31500020F70BDE8F08F4498F9E7E90B0200630C020022
S31500020F80F08302005A850200000000002DE9F843B2
S31500020F9015468A6880460C4632B98A69002A0CBF11
S31500020FA001224FF0FF328A602268DFF88C90D10668
S31500020FB05FBF1A68111D196016680027A06988B1FB
S31500020FC0012807D12B681A7863699B5C53B927BB42
S31500020FD0BDE8F883022820D12B681B7813F8093064
S31500020FE01B071AD42368DA065EBF2B681B7806F83D
S31500020FF0013B2A686B6801322A60A268013B013A0A
S315000210006B600137A26042B1002BD7DCD4F8803185
S315000210102946404698470028D0D0236813F010038B
S3150002102005D1E2680132E260A26902B13370236936
S315000210301F4427610020CBE7F08302002DE9F04F21
S315000210409846744B0C468246164693E8070087B0CC
S3150002105003AB83E80700704BA169704A032918BFE6
S315000210601A46A36801925A1EB2F5AE7F88BF6FF484
S31500021070AE75274682BF03EB050940F25D13A360F6
S3150002108057F81C3B43F4506398BF4FF000092360A6
S315000210903D464FF0000B316803AB097853F82B003D
S315000210A00222E0F735F928B3BBF1010F59D1626884
S315000210B02AB92268082342F4007263602260226819
S315000210C022F4A0622260A268511EA16092B1326827
S315000210D0511C3160127805F8012B7268013A002A18
S315000210E0726007DCD4F880213146504690470028CA
S315000210F040F085800BF1010BBBF1030FCBD1636886
S315000211000BB90A236360636845496069C91A00F02E
S315000211109BF84FF0000BA3682268002B3DD0316884
S31500021120606991F800C010F80C00002835D0BCF1B7
S31500021130300F24D1100522D50BF1010BB9F1000FA6
S3150002114003D0013309F1FF39A3607368013B002B19
S3150002115073601BDD336801333360A368013BA36010
S31500021160D9E7BBF1020FAED1226802F4C061B1F534
S31500021170007FBFD11023636042F48072A2E722F49B
S31500021180106222600B7805F8013BDEE7D4F8803165
S315000211903146504698470028DFD02368D9050DD539
S315000211A0BD4209D915F8011CD4F87C3132465046A5
S315000211B0984705F1FF394D46BD4228D0226812F004
S315000211C0100213D12A706368019E39465046B04711
S315000211D0D8F8003021681A1DC8F8002011F0200F37
S315000211E01B680FD01860E3680133E360ED1BAB4464
S315000211F025695D442561002007B0BDE8F08F4FF0F8
S31500021200000BCAE7CA074CBF18801860EBE701203B
S31500021210F2E700BFA41402009DF201008DF1010065
S31500021220DD87020038B5074D0446084611460022FE
S315000212302A601A46F3F75EFE431C02D12B6803B1FD
S31500021240236038BD7812012070B50B7804465E2BF8
S315000212500BBF4B78481C881C002208BF0122611E66
S3150002126004F1FF0501F8012FA942FBD10BB90138A0
S3150002127070BD82F00101E154421C12F8015C2D2D71
S3150002128002F1FF36104606D05D2DF1D00DB930467B
S31500021290EEE72B46EFE716785D2EFAD0B342F8DC7E
S315000212A01846013086422154FBDCD84330445D1C8B
S315000212B0B342A8BF00202B180232DEE72DE9F04127
S315000212C00C46496B04F1440399421DD14FF48061E7
S315000212D0FCF716FF18B94FF0FF30BDE8F0814FF466
S315000212E08063A36394F84630606380F8FF3394F812
S315000212F0453080F8FE3394F8443080F8FD3300F22E
S31500021300FD3020600020E8E7A66B77003A46FFF73B
S31500021310E9FA05460028DED000EB06080146324609
S315000213204046FCF75DFEC4E90D57C4F80080E9E7C4
S3150002133038B5074D00230446084611462B6000F0D7
S3150002134049F8431C02D12B6803B1236038BD00BFA4
S315000213507812012038B5064D0023044608462B6054
S3150002136000F048F8431C02D12B6803B1236038BD54
S315000213707812012082B001B901A942B14BB11378AA
S315000213800B601278101E18BF012002B0704710467B
S31500021390FBE76FF00100F8E751F8043C181F002B39
S315000213A0BCBF0B58C018704749B1FF2A85BF8A23B4
S315000213B003600A704FF0FF3098BF0120704708465D
S315000213C070470000024B58221A604FF0FF307047F8
S315000213D078120120024B58221A604FF0FF307047F4
S315000213E078120120024B58221A604FF0FF307047E4
S315000213F078120120024B58221A600020704700BF63
S3150002140078120120024B58221A604FF0FF307047C3
S3150002141078120120024B58221A604FF0FF307047B3
S3150002142078120120FEE700BF000000000000000065
S3150002143000000000000000000000000000020101A0
S3150002144001010300000000000002434000C24240C6
S31500021450000000000002434000C2424000000000BB
S3150002146000404340008043400003080000000002A1
S31500021470000200000002000200000C060609020932
S315000214800000010080FA00030800000000020002CA
S3150002149000000002000200000C060600FFFFFFFF2C
S315000214A0FFFFFFFFC4870200C7870200CA87020048
S315000214B062617369635F737472696E673A3A5F4D0C
S315000214C05F636F6E737472756374206E756C6C20D5
S315000214D06E6F742076616C696400696E6465782E3D
S315000214E07368746D6C00636F72616C5F6D696372B1
S315000214F06F5F63616D6572612E68746D6C00636106
S315000215006E6E6F7420637265617465207374643ADB
S315000215103A766563746F72206C61726765722074C5
S3150002152068616E206D61785F73697A652829005556
S315000215306E61626C6520746F2067657420667261E5
S315000215406D652066726F6D2063616D6572610D0A4D
S3150002155000496D61676520636F6C6C656374696FC2
S315000215606E204854545020736572766572206F76E9
S315000215706572205553420D0A0053657276696E678D
S31500021580206F6E3A20687474703A2F2F25730D0AF5
S31500021590002F696E6465782E68746D6C002F636126
S315000215A06D6572615F73747265616D004E554C4C68
S315000215B020213D207461736B48616E646C65002F57
S315000215C0636F72616C6D6963726F2F74686972649E
S315000215D05F70617274792F6E78702F727431313741
S315000215E0362D73646B2F636F6D706F6E656E7473D9
S315000215F02F6F73612F66736C5F6F735F61627374B3
S3150002160072616374696F6E5F667265655F72746F2D
S31500021610732E63004E554C4C20213D206D7574652A
S315000216207848616E646C65004E554C4C20213D2015
S315000216306576656E7448616E646C650070645041CF
S315000216405353203D3D20726573756C74004E554CA4
S315000216504C20213D206D73677148616E646C650094
S315000216604F53415F4D7574657843726561746500C9
S315000216704F53415F4D757465784C6F636B004F53E2
S31500021680415F4D75746578556E6C6F636B004F5391
S31500021690415F4D7574657844657374726F79004F56
S315000216A053415F4576656E74437265617465004F9A
S315000216B053415F4576656E74536574004F53415FBF
S315000216C04576656E7457616974004F53415F45767E
S315000216D0656E7444657374726F79004F53415F4D42
S315000216E0736751437265617465004F53415F4D7371
S315000216F06751507574004F53415F4D73675147658B
S3150002170074004F53415F4D73675144657374726F32
S31500021710790066726571002F636F72616C6D696321
S31500021720726F2F74686972645F70617274792F6E5A
S3150002173078702F7274313137362D73646B2F64656E
S3150002174076696365732F4D494D5852543131373698
S315000217502F647269766572732F66736C5F636C6F42
S31500021760636B2E68004661696C656420746F20693C
S315000217706E697469616C697A6520534452414D2ED3
S315000217800D0A00434C4F434B5F476574526F6F74AB
S31500021790436C6F636B4672657100020503000716A0
S315000217A00F1C02050300140F0918020503000F1887
S315000217B0090D02050300140F091802050300180992
S315000217C00B11020503001018090D0205030010187B
S315000217D00B0902050300140F0A180205030009107B
S315000217E0180A020503001018090D02050300101855
S315000217F0090D020503000F181A0D02050300101841
S31500021800090D020503001018090D02050300101840
S3150002181013140205030010181A1C020503001018FF
S315000218201A1C0205030010181314020503001018EF
S3150002183013140205030010181314020503001109FC
S315000218400C0F0205030011090C0F02050300101804
S31500021850090D020503001018090D02050300140FF5
S315000218600D18020503001018090D020503001018D1
S31500021870090D020503001018090D020503001018D0
S31500021880090D020503001018090D020503001018C0
S31500021890090D020503001018090D020503001018B0
S315000218A0090D020503001018090D020503001018A0
S315000218B0090D02050300140F0D1802050300140F8B
S315000218C00D18020503001018090D02050300101871
S315000218D0090D020503001018090D02050300101870
S315000218E0090D02050300140F0D1802050300140F5B
S315000218F00D18020503001318090D0205030013183B
S31500021900090D020503001318090D02050300131839
S31500021910090D02050300140F131802050300140F24
S315000219201318020503001018090D0205030010180A
S31500021930090D02050300171A180B02050300171AF0
S31500021940180B02050300171A180B02050300171AD3
S31500021950180B02050300171A180B02050300171AC3
S31500021960180B02050300171A180B020503000C0ACE
S315000219701807020503000C0A1807020503001810CF
S315000219801A0D0205030018101A0D02050300140FA2
S315000219901A18020503001A0F130D020503001A1383
S315000219A0180D020503001A13180D020503001A1377
S315000219B0180D02050300140F1A1802050300090B7D
S315000219C00F1C02050300090C111C02050300090C79
S315000219D0111C02050300090A111C02050300090A6B
S315000219E0111C020503000C0F0A1C020503000C0F52
S315000219F00A1C020503000C0F0A1C020503000C0F49
S31500021A00121C020503000C091218020503000D013F
S31500021A10121A434C4F434B5F476574526F6F7443C0
S31500021A206C6F636B46726571000000000000000077
S31500021A3084000000200400004D0000006400000045
S31500021A4000000000000000000205030007160F1C3C
S31500021A5002050300140F0918020503000F18090DE9
S31500021A6002050300140F09180205030018090B11D9
S31500021A70020503001018090D0205030010180B09D0
S31500021A8002050300140F0A18020503000910180ABA
S31500021A90020503001018090D020503001018090DAE
S31500021AA0020503000F181A0D020503001018090D8E
S31500021AB0020503001018090D02050300101813147D
S31500021AC00205030010181A1C0205030010181A1C3E
S31500021AD0020503001018131402050300101813144C
S31500021AE002050300101813140205030011090C0F56
S31500021AF00205030011090C0F020503001018090D57
S31500021B00020503001018090D02050300140F0D1833
S31500021B10020503001018090D020503001018090D2D
S31500021B20020503001018090D020503001018090D1D
S31500021B30020503001018090D020503001018090D0D
S31500021B40020503001018090D020503001018090DFD
S31500021B50020503001018090D020503001018090DED
S31500021B6002050300140F0D1802050300140F0D18C9
S31500021B70020503001018090D020503001018090DCD
S31500021B80020503001018090D020503001018090DBD
S31500021B9002050300140F0D1802050300140F0D1899
S31500021BA0020503001318090D020503001318090D97
S31500021BB0020503001318090D020503001318090D87
S31500021BC002050300140F131802050300140F13185D
S31500021BD0020503001018090D020503001018090D6D
S31500021BE002050300171A180B02050300171A180B31
S31500021BF002050300171A180B02050300171A180B21
S31500021C0002050300171A180B02050300171A180B10
S31500021C1002050300171A180B020503000C0A18071F
S31500021C20020503000C0A18070205030018101A0D14
S31500021C300205030018101A0D02050300140F1A18E4
S31500021C40020503001A0F130D020503001A13180DDD
S31500021C50020503001A13180D020503001A13180DC4
S31500021C6002050300140F1A1802050300090B0F1CC4
S31500021C7002050300090C111C02050300090C111CC4
S31500021C8002050300090A111C02050300090A111CB8
S31500021C90020503000C0F0A1C020503000C0F0A1CA6
S31500021CA0020503000C0F0A1C020503000C0F121C8E
S31500021CB0020503000C091218020503000D01121A8F
S31500021CC0010000000000000000000000010000000A
S31500021CD0000000000000000045656D456E64706FEF
S31500021CE0696E7473496E6974206661696C65640D08
S31500021CF00A005B45454D5D20556E68616E646C65F4
S31500021D006420636C617373207265717565737420E8
S31500021D10257820257820726571756573743A2025B9
S31500021D20780D0A00257320756E68616E646C6564B1
S31500021D3020256C750D0A005553425F44657669632A
S31500021D406543646345656D4576656E740021286E4C
S31500021D506F6E4361636865537461727420252073E4
S31500021D60697A6529002F636F72616C6D6963726FA0
S31500021D702F74686972645F70617274792F6D6F6413
S31500021D8069666965642F6E78702F727431313736E1
S31500021D902D73646B2F626F6172642E630073697AAE
S31500021DA065203D3D202875696E7433325F7429289B
S31500021DB031203C3C2069290069203E3D2035002126
S31500021DC02872706D736753686D656E5374617274B1
S31500021DD020252072706D736753686D656E53697A3C
S31500021DE065290072706D736753686D656E53697A03
S31500021DF065203D3D202875696E7433325F7429284B
S31500021E0031203C3C20692900434C4F434B5F4765D8
S31500021E1074526F6F74436C6F636B467265710042E6
S31500021E204F4152445F436F6E6669674D50550002DB
S31500021E3005030007160F1C02050300140F091802FA
S31500021E400503000F18090D02050300140F091802F5
S31500021E5005030018090B11020503001018090D02EB
S31500021E6005030010180B0902050300140F0A1802D5
S31500021E700503000910180A020503001018090D02CD
S31500021E800503001018090D020503000F181A0D02AA
S31500021E900503001018090D020503001018090D02AA
S31500021EA0050300101813140205030010181A1C0269
S31500021EB005030010181A1C02050300101813140259
S31500021EC00503001018131402050300101813140258
S31500021ED005030011090C0F0205030011090C0F027C
S31500021EE00503001018090D020503001018090D025A
S31500021EF0050300140F0D18020503001018090D0240
S31500021F000503001018090D020503001018090D0239
S31500021F100503001018090D020503001018090D0229
S31500021F200503001018090D020503001018090D0219
S31500021F300503001018090D020503001018090D0209
S31500021F400503001018090D02050300140F0D1802EF
S31500021F50050300140F0D18020503001018090D02DF
S31500021F600503001018090D020503001018090D02D9
S31500021F700503001018090D02050300140F0D1802BF
S31500021F80050300140F0D18020503001318090D02AC
S31500021F900503001318090D020503001318090D02A3
S31500021FA00503001318090D02050300140F13180286
S31500021FB0050300140F1318020503001018090D0279
S31500021FC00503001018090D02050300171A180B0263
S31500021FD0050300171A180B02050300171A180B023D
S31500021FE0050300171A180B02050300171A180B022D
S31500021FF0050300171A180B02050300171A180B021D
S315000220000503000C0A1807020503000C0A1807024A
S3150002201005030018101A0D0205030018101A0D0206
S31500022020050300140F1A18020503001A0F130D02F6
S315000220300503001A13180D020503001A13180D02E0
S315000220400503001A13180D02050300140F1A1802CD
S31500022050050300090B0F1C02050300090C111C02E3
S31500022060050300090C111C02050300090A111C02D2
S31500022070050300090A111C020503000C0F0A1C02C3
S315000220800503000C0F0A1C020503000C0F0A1C02B2
S315000220900503000C0F121C020503000C091218029C
S315000220A00503000D01121A00C9F70000F9F7000036
S315000220B00FF5000001000000A1F20000F9F2000095
S315000220C02BEF000002000000BD280000ED280000F2
S315000220D00529000003000000552B0000E12B00003B
S315000220E0FF2B0000040000000000000000000000BA
S315000220F000000000000000002F636F72616C6D69C2
S3150002210063726F2F74686972645F70617274792F7B
S315000221106E78702F7274313137362D73646B2F637C
S315000221206F6D706F6E656E74732F666C6173682F58
S315000221306E616E642F666C65787370692F66736C58
S315000221405F666C65787370695F6E616E645F666CFC
S315000221506173682E63004E616E645F466C617368DC
S315000221605F496E6974004E554C4C20213D207561C5
S31500022170727448616E646C65002F636F72616C6D78
S315000221806963726F2F74686972645F7061727479C1
S315000221902F6E78702F7274313137362D73646B2F30
S315000221A0636F6D706F6E656E74732F756172742FC7
S315000221B066736C5F616461707465725F6C70756181
S315000221C072742E63004E554C4C20213D2068616E80
S315000221D0646C65004E554C4C20213D20636F6E6643
S315000221E0696700636F6E6669672D3E696E73746117
S315000221F06E6365203C202873697A656F6628735F73
S315000222004C70756172744164617074657242617377
S315000222106529202F2073697A656F66284C505541CF
S3150002222052545F54797065202A2929004E554C4C28
S3150002223020213D20735F4C70756172744164617038
S31500022240746572426173655B636F6E6669672D3E84
S31500022250696E7374616E63655D004E554C4C202148
S315000222603D2064617461006C656E677468203E206F
S315000222703055007561727448616E646C652D3E6DF1
S315000222806F646520213D206B48414C5F5561727435
S31500022290426C6F636B4D6F64650048414C5F5561DC
S315000222A07274496E7465727275707448616E646C8C
S315000222B0650048414C5F55617274496E6974004805
S315000222C0414C5F55617274496E7374616C6C436103
S315000222D06C6C6261636B0048414C5F55617274526B
S315000222E06563656976654E6F6E426C6F636B696E88
S315000222F0670048414C5F5561727453656E644E6F58
S315000223006E426C6F636B696E670048414C5F556144
S31500022310727441626F7274526563656976650048CC
S31500022320414C5F5561727449737246756E63746986
S315000223306F6E00000000000000C007400000084069
S31500022340004008400080084000C0084000000940E4
S31500022350004009400080094000C0094000000A40D0
S315000223600040C2400080C24080FF140015001600E3
S315000223701700180019001A001B001C001D001E0081
S315000223801F00636F6E6669672D3E6A6F6252696EE1
S3150002239067496E746572666163655B305D002F63C3
S315000223A06F72616C6D6963726F2F74686972645FB4
S315000223B070617274792F6E78702F7274313137367C
S315000223C02D73646B2F646576696365732F4D494D72
S315000223D0585254313137362F647269766572732FCB
S315000223E066736C5F6361616D2E63004341414D5FAD
S315000223F0496E697400000000000080B020002012BF
S315000224000000000004008212000000000200508258
S3150002241000007060000000000000000028636F6E7C
S315000224206669672D3E6C6F6F704469766964657282
S31500022430203C3D202875696E7433325F74294152FF
S315000224404D5F504C4C5F4449565F53454C5F4D417E
S3150002245058292026262028636F6E6669672D3E6CF2
S315000224606F6F7044697669646572203E3D202875F7
S31500022470696E7433325F742941524D5F504C4C5F22
S315000224804449565F53454C5F4D494E29002F636FB1
S3150002249072616C6D6963726F2F74686972645F70C2
S315000224A0617274792F6E78702F7274313137362DCE
S315000224B073646B2F646576696365732F4D494D5856
S315000224C05254313137362F647269766572732F66CC
S315000224D0736C5F636C6F636B2E630066726163205D
S315000224E03C3D202875696E74385F74295046445FF6
S315000224F0465241435F4D41580066726163203E3D3C
S31500022500202875696E74385F74295046445F4652B6
S3150002251041435F4D494E0066616C73650028706CDD
S315000225206C203D3D206B434C4F434B5F506C6C53CC
S3150002253079733229207C7C2028706C6C203D3D20EA
S315000225406B434C4F434B5F506C6C5379733329008A
S3150002255066726163203E3D202875696E7433325F70
S3150002256074295046445F465241435F4D494E0066C8
S31500022570726163203C3D202875696E7433325F7444
S31500022580295046445F465241435F4D4158006672A8
S31500022590657120213D2030554C00434C4F434B5F23
S315000225A0476574526F6F74436C6F636B46726571E5
S315000225B000434C4F434B5F496E697441726D506CD8
S315000225C06C00434C4F434B5F496E6974506664001E
S315000225D0434C4F434B5F4765745066644672657160
S315000225E000434C4F434B5F536574506C6C42797099
S315000225F061737300434C4F434B5F476574506C6C79
S315000226004672657100434C4F434B5F476574467291
S315000226106571000205030007160F1C02050300146C
S315000226200F0918020503000F18090D02050300140D
S315000226300F09180205030018090B11020503001001
S3150002264018090D0205030010180B090205030014F0
S315000226500F0A18020503000910180A0205030010E2
S3150002266018090D020503001018090D020503000FD3
S31500022670181A0D020503001018090D0205030010B1
S3150002268018090D02050300101813140205030010A1
S31500022690181A1C0205030010181A1C020503001062
S315000226A01813140205030010181314020503001070
S315000226B01813140205030011090C0F020503001179
S315000226C0090C0F020503001018090D02050300107C
S315000226D018090D02050300140F0D18020503001058
S315000226E018090D020503001018090D020503001052
S315000226F018090D020503001018090D020503001042
S3150002270018090D020503001018090D020503001031
S3150002271018090D020503001018090D020503001021
S3150002272018090D020503001018090D02050300140D
S315000227300F0D1802050300140F0D180205030010F1
S3150002274018090D020503001018090D0205030010F1
S3150002275018090D020503001018090D0205030014DD
S315000227600F0D1802050300140F0D180205030013BE
S3150002277018090D020503001318090D0205030013BB
S3150002278018090D020503001318090D0205030014AA
S315000227900F131802050300140F1318020503001085
S315000227A018090D020503001018090D02050300178A
S315000227B01A180B02050300171A180B020503001755
S315000227C01A180B02050300171A180B020503001745
S315000227D01A180B02050300171A180B020503001735
S315000227E01A180B020503000C0A1807020503000C4F
S315000227F00A18070205030018101A0D02050300182D
S31500022800101A0D02050300140F1A18020503001A06
S315000228100F130D020503001A13180D020503001A01
S3150002282013180D020503001A13180D0205030014EE
S315000228300F1A1802050300090B0F1C0205030009F3
S315000228400C111C02050300090C111C0205030009E8
S315000228500A111C02050300090A111C020503000CD9
S315000228600F0A1C020503000C0F0A1C020503000CCA
S315000228700F0A1C020503000C0F121C020503000CB2
S31500022880091218020503000D01121A636F756E74A0
S31500022890203C3D2055494E5433325F4D4158002F5E
S315000228A0636F72616C6D6963726F2F7468697264AB
S315000228B05F70617274792F6E78702F72743131374E
S315000228C0362D73646B2F646576696365732F4D4984
S315000228D04D585254313137362F64726976657273A8
S315000228E02F66736C5F636F6D6D6F6E5F61726D2EB7
S315000228F063004457545F4354524C5F4E4F4359430F
S31500022900434E545F4D736B20213D20284457542D6E
S315000229103E4354524C2026204457545F4354524C53
S315000229205F4E4F435943434E545F4D736B290065C7
S315000229306E61626C654370754379636C65436F754E
S315000229406E7465720053444B5F44656C61794174E1
S315000229504C65617374557300696E7374616E636559
S31500022960203C2041525241595F53495A4528735FD0
S31500022970637369426173657329002F636F72616CB9
S315000229806D6963726F2F74686972645F70617274C5
S31500022990792F6E78702F7274313137362D73646BDE
S315000229A02F646576696365732F4D494D58525431CC
S315000229B03137362F647269766572732F66736C5F70
S315000229C06373692E63004353495F476574496E73A7
S315000229D074616E6365004353495F496E69740043CF
S315000229E053495F5472616E736665724372656174B0
S315000229F06548616E646C65004353495F5472616E4B
S31500022A00736665725374617274004353495F5472FC
S31500022A10616E7366657253746F7000696E7374616A
S31500022A206E6365203C2041525241595F53495A45D3
S31500022A3028735F65646D61426173657329002F6354
S31500022A406F72616C6D6963726F2F74686972645F0D
S31500022A5070617274792F6E78702F727431313736D5
S31500022A602D73646B2F646576696365732F4D494DCB
S31500022A70585254313137362F647269766572732F24
S31500022A8066736C5F65646D612E63006368616E6E6A
S31500022A90656C203C202875696E7433325F74294652
S31500022AA0534C5F464541545552455F45444D415F3F
S31500022AB04D4F44554C455F4348414E4E454C00747C
S31500022AC0636420213D204E554C4C00282875696EC2
S31500022AD07433325F74297463642026203078314659
S31500022AE05529203D3D2030550068616E646C652095
S31500022AF0213D204E554C4C007374617274496E73BD
S31500022B0074616E63654E756D203C3D20696E73740B
S31500022B10616E63650045444D415F47657443686174
S31500022B206E6E656C537461747573466C616773007F
S31500022B3045444D415F48616E646C65495251006976
S31500022B406E646578203C206D6178002F636F726138
S31500022B506C6D6963726F2F74686972645F706172FB
S31500022B6074792F6E78702F7274313137362D736403
S31500022B706B2F646576696365732F4D494D585254C0
S31500022B80313137362F647269766572732F66736CCC
S31500022B905F656E65742E6300696E7374616E63653C
S31500022BA0203C2041525241595F53495A4528735F8E
S31500022BB0656E657442617365732900454E45545FBF
S31500022BC0476574496E7374616E6365007372632040
S31500022BD0213D204E554C4C002F636F72616C6D691E
S31500022BE063726F2F74686972645F70617274792F91
S31500022BF06E78702F7274313137362D73646B2F6491
S31500022C006576696365732F4D494D58525431313794
S31500022C10362F647269766572732F66736C5F666CA3
S31500022C2065787370692E6300696E7374616E63658D
S31500022C30203C2041525241595F53495A4528735FFD
S31500022C40666C657873706942617365732900696E93
S31500022C50646578203C2036345500464C455853501E
S31500022C60495F4D656D73657400464C45585350492E
S31500022C705F476574496E7374616E636500464C45C1
S31500022C80585350495F436865636B416E64436C6594
S31500022C9061724572726F7200464C45585350495FD5
S31500022CA05570646174654C5554008A1C1D70696EBA
S31500022CB0203C20333255002F636F72616C6D69635D
S31500022CC0726F2F74686972645F70617274792F6EA5
S31500022CD078702F7274313137362D73646B2F6465B9
S31500022CE076696365732F4D494D58525431313736E3
S31500022CF02F647269766572732F66736C5F6770698B
S31500022D006F2E6300696E7374616E6365203C2041A9
S31500022D10525241595F53495A4528735F6770696F2A
S31500022D20426173657329004750494F5F476574498D
S31500022D306E7374616E6365004750494F5F50696EEA
S31500022D4057726974650000000000000000C012405E
S31500022D5000001340004013400080134000C013409F
S31500022D600000144000C0C5400000C6400040C640F6
S31500022D700080C64000C0C6400000C7400000CA40EE
S31500022D800080004200C000428A3333333333333388
S31500022D90333333333333696E7374616E6365203C48
S31500022DA02041525241595F53495A4528735F677011
S31500022DB074426173657329002F636F72616C6D696A
S31500022DC063726F2F74686972645F70617274792FAF
S31500022DD06E78702F7274313137362D73646B2F64AF
S31500022DE06576696365732F4D494D585254313137B3
S31500022DF0362F647269766572732F66736C5F6770BD
S31500022E00742E63004E554C4C20213D20696E697428
S31500022E10436F6E6669670064697669646572202D20
S31500022E20203155203C3D204750545F50525F50524E
S31500022E30455343414C45525F4D41534B002F636FFF
S31500022E4072616C6D6963726F2F74686972645F7008
S31500022E50617274792F6E78702F7274313137362D14
S31500022E6073646B2F646576696365732F4D494D589C
S31500022E705254313137362F647269766572732F6612
S31500022E80736C5F6770742E68004750545F536574A5
S31500022E90436C6F636B44697669646572004750548C
S31500022EA05F476574496E7374616E6365004750547B
S31500022EB05F496E6974004750545F4765744465669E
S31500022EC061756C74436F6E666967000000000000EE
S31500022ED000C00E4000000F4000400F4000800F402F
S31500022EE000C00F40000010408A40414243444573EF
S31500022EF06F75726365436C6F636B5F487A203E2021
S31500022F003055002F636F72616C6D6963726F2F7437
S31500022F10686972645F70617274792F6E78702F724D
S31500022F2074313137362D73646B2F64657669636548
S31500022F30732F4D494D585254313137362F647269C9
S31500022F40766572732F66736C5F6C706932632E637B
S31500022F5000696E7374616E6365203C204152524172
S31500022F60595F53495A45286B4C7069326342617303
S31500022F70657329004E554C4C20213D207472616EBA
S31500022F8073666572007472616E736665722D3E7346
S31500022F9075626164647265737353697A65203C3D38
S31500022FA02073697A656F66287472616E73666572DC
S31500022FB02D3E7375626164647265737329006C7069
S31500022FC06932634D617374657248616E646C652023
S31500022FD0213D204E554C4C004C504932435F4765CB
S31500022FE074496E7374616E6365004C504932435F77
S31500022FF04765744379636C6573466F725769647487
S3150002300068004C504932435F4D6173746572547265
S31500023010616E7366657243726561746548616E645A
S315000230206C65004C504932435F52756E5472616E44
S315000230307366657253746174654D616368696E6522
S31500023040004C504932435F4D61737465725472612C
S315000230506E736665724E6F6E426C6F636B696E67F6
S31500023060004C504932435F4D61737465725472610C
S315000230706E7366657248616E646C654952510000F2
S3150002308000000000004010400080104000C01040C8
S31500023090000011400040C3400080C3408A6263645E
S315000230A06566670080FF20002100220023002400BD
S315000230B0250074784461746120213D204E554C4CA4
S315000230C0002F636F72616C6D6963726F2F7468692A
S315000230D072645F70617274792F6E78702F727431B8
S315000230E03137362D73646B2F646576696365732F8A
S315000230F04D494D585254313137362F6472697665CF
S3150002310072732F66736C5F6C707370692E630073D3
S315000231105F6C7073706948616E646C655B315D20CB
S31500023120213D204E554C4C00735F6C70737069489C
S31500023130616E646C655B325D20213D204E554C4CC0
S3150002314000735F6C7073706948616E646C655B33A3
S315000231505D20213D204E554C4C00735F6C707370A0
S315000231606948616E646C655B345D20213D204E5575
S315000231704C4C00735F6C7073706948616E646C6569
S315000231805B355D20213D204E554C4C00735F6C70C3
S3150002319073706948616E646C655B365D20213D2003
S315000231A04E554C4C004C50535049315F447269762F
S315000231B0657249525148616E646C6572004C505397
S315000231C05049325F44726976657249525148616E5E
S315000231D0646C6572004C50535049335F4472697691
S315000231E0657249525148616E646C6572004C505367
S315000231F05049345F44726976657249525148616E2C
S31500023200646C6572004C50535049355F447269765E
S31500023210657249525148616E646C6572004C505336
S315000232205049365F44726976657249525148616EF9
S31500023230646C6572002F636F72616C6D6963726F85
S315000232402F74686972645F70617274792F6E787018
S315000232502F7274313137362D73646B2F646576693C
S315000232606365732F4D494D585254313137362F64A9
S315000232707269766572732F66736C5F6C70756172B4
S31500023280742E6300696E7374616E6365203C20411F
S31500023290525241595F53495A4528735F6C707561A2
S315000232A07274426173657329003055203C20636F46
S315000232B06E6669672D3E62617564526174655F422E
S315000232C07073002875696E74385F742946534C5FB3
S315000232D0464541545552455F4C50554152545F46FE
S315000232E049464F5F53495A456E28626173652920E4
S315000232F03E20636F6E6669672D3E74784669666F17
S3150002330057617465726D61726B002875696E7438E7
S315000233105F742946534C5F464541545552455F4CAE
S3150002332050554152545F4649464F5F53495A456E7E
S31500023330286261736529203E20636F6E6669672D78
S315000233403E72784669666F57617465726D61726B1B
S31500023350004C50554152545F476574496E7374610F
S315000233606E6365004C50554152545F496E69740054
S315000233704C50554152545F47657444656661756C9D
S3150002338074436F6E666967000000000000C0074064
S3150002339000000840004008400080084000C0084085
S315000233A000000940004009400080094000C0094071
S315000233B000000A400040C2400080C2408A56575868
S315000233C0595A5B5C5D5E5F6061696E7374616E63C0
S315000233D065203C202873697A656F6628735F6D7570
S315000233E0426173657329202F2073697A656F662897
S315000233F0735F6D7542617365735B305D2929002FBA
S31500023400636F72616C6D6963726F2F74686972643F
S315000234105F70617274792F6E78702F7274313137E2
S31500023420362D73646B2F646576696365732F4D4918
S315000234304D585254313137362F647269766572733C
S315000234402F66736C5F6D752E6300726567496E64D5
S315000234506578203C204D555F54525F434F554E547C
S31500023460004D555F476574496E7374616E636500FE
S315000234704D555F53656E644D736700696E73746173
S315000234806E6365203C2041525241595F53495A4569
S3150002349028735F70646D426173657329002F636FD1
S315000234A072616C6D6963726F2F74686972645F70A2
S315000234B0617274792F6E78702F7274313137362DAE
S315000234C073646B2F646576696365732F4D494D5836
S315000234D05254313137362F647269766572732F66AC
S315000234E0736C5F70646D2E6300735F70646D486108
S315000234F06E646C655B305D20213D204E554C4C0060
S3150002350050444D5F4556454E545F44726976657226
S3150002351049525148616E646C657200696E737461DA
S315000235206E6365203C2041525241595F53495A45C8
S3150002353028735F70776D426173657329002F636F1D
S3150002354072616C6D6963726F2F74686972645F7001
S31500023550617274792F6E78702F7274313137362D0D
S3150002356073646B2F646576696365732F4D494D5895
S315000235705254313137362F647269766572732F660B
S31500023580736C5F70776D2E630063686E6C50617248
S31500023590616D730070776D467265715F487A006E71
S315000235A0756D4F6643686E6C7300737263436C6F1E
S315000235B0636B5F487A0050574D5F476574496E7377
S315000235C074616E63650050574D5F496E69740050B1
S315000235D0574D5F47657444656661756C74436F6EDB
S315000235E06669670050574D5F536574757050776D05
S315000235F0008A8A8A8A4F4F4F4F505050505151512C
S315000236005152525252696E7374616E6365203C2048
S3150002361041525241595F53495A4528735F73656D4A
S3150002362063426173657329002F636F72616C6D6902
S3150002363063726F2F74686972645F70617274792F36
S315000236406E78702F7274313137362D73646B2F6436
S315000236506576696365732F4D494D5852543131373A
S31500023660362F647269766572732F66736C5F736543
S315000236706D632E6300636C6B5372635F487A20211D
S315000236803D20307830305500636F6E6669672021C1
S315000236903D204E554C4C00636F6E666967757265C8
S315000236A020213D204E554C4C00636C6B5372635F78
S315000236B0487A203E20307830305500636F6E666956
S315000236C0672D3E7265667265736842757273744CD5
S315000236D0656E203E2030783030550053454D435FAD
S315000236E0476574496E7374616E63650053454D4355
S315000236F05F436F6E7665727454696D696E670053C7
S31500023700454D435F47657444656661756C74436FE6
S315000237106E6669670053454D435F496E697400538F
S31500023720454D435F436F6E666967757265534452D2
S31500023730414D0053454D435F53656E644950436F97
S315000237406D6D616E64006461746574696D652021D6
S315000237503D204E554C4C002F636F72616C6D696350
S31500023760726F2F74686972645F70617274792F6EFA
S3150002377078702F7274313137362D73646B2F64650E
S3150002378076696365732F4D494D5852543131373638
S315000237902F647269766572732F66736C5F736E76C9
S315000237A0735F68702E6300534E56535F48505F52E4
S315000237B054435F496E697400534E56535F48505FD7
S315000237C05254435F47657444656661756C74436F12
S315000237D06E666967002F636F72616C6D6963726FE3
S315000237E02F74686972645F70617274792F6E787073
S315000237F02F7274313137362D73646B2F6465766997
S315000238006365732F4D494D585254313137362F6403
S315000238107269766572732F66736C5F736E76735F09
S315000238206C702E6300534E56535F4C505F53525486
S31500023830435F496E697400534E56535F4C505F5353
S315000238405254435F47657444656661756C74436F91
S315000238506E666967002F636F72616C6D6963726F62
S315000238602F74686972645F70617274792F6E7870F2
S315000238702F7274313137362D73646B2F6465766916
S315000238806365732F4D494D585254313137362F6483
S315000238907269766572732F66736C5F74656D707389
S315000238A0656E736F722E6300544D50534E535F49CB
S315000238B06E697400544D50534E535F4765744465A8
S315000238C06661756C74436F6E66696700544D50533A
S315000238D04E535F53657454656D70416C61726D0031
S315000238E0696E7374616E6365203C20415252415980
S315000238F05F53495A4528735F786261726142617308
S31500023900657329002F636F72616C6D6963726F2F25
S3150002391074686972645F70617274792F6E78702F41
S315000239207274313137362D73646B2F646576696331
S3150002393065732F4D494D585254313137362F6472C3
S3150002394069766572732F66736C5F78626172612E37
S31500023950630058424152415F476574496E73746110
S315000239606E63650019AE0000F5AE000031AF0000CF
S315000239703DAF000045AF000019B100006875622036
S3150002398061747461636865643A6C6576656C3D253D
S31500023990752000616464726573733D25750D0A00B6
S315000239A06875622064657461636865643A6C6576FD
S315000239B0656C3D2575200000000000000000000037
S315000239C0030200006DC80000040300006DC8000079
S315000239D00504000000000000060500006DC8000096
S315000239E0070500006DC8000008070000000000007F
S315000239F07D7D7D7D7D7D320064646464646464647F
S31500023A00E5D5000039D8000075D800001DDE00009B
S31500023A1025DF00005DE1000061E1000007FB000018
S31500023A2003FA00000000000003FA00000000000094
S31500023A308FF9000013F800000000000083FC00006C
S31500023A4011F9000019FC0000B7FB00009DFA000006
S31500023A506D616C6C6F63206661696C65642C2073A2
S31500023A6070696E2E2E2E0D0A0070784576656E747C
S31500023A7047726F757042756666657200636F6E6631
S31500023A8069674153534552542025730D0A007853F2
S31500023A90697A65203D3D2073697A656F66282045FF
S31500023AA076656E7447726F75705F7420290078456B
S31500023AB076656E7447726F75700028207578426954
S31500023AC07473546F57616974466F72202620657647
S31500023AD0656E744556454E545F424954535F434F93
S31500023AE04E54524F4C5F42595445532029203D3D76
S31500023AF0203000757842697473546F576169744651
S31500023B006F7220213D203000212820282078546120
S31500023B10736B4765745363686564756C6572537439
S31500023B206174652829203D3D207461736B534348B7
S31500023B304544554C45525F53555350454E444544B2
S31500023B402029202626202820785469636B73546F17
S31500023B505761697420213D20302029202900282020
S31500023B60757842697473546F53657420262065769E
S31500023B70656E744556454E545F424954535F434FF2
S31500023B804E54524F4C5F42595445532029203D3DD5
S31500023B9020300070785461736B7357616974696E73
S31500023BA067466F72426974732D3E784C6973744529
S31500023BB06E642E70784E65787420213D202820632D
S31500023BC06F6E7374204C6973744974656D5F7420EB
S31500023BD02A20292026282070785461736B73576136
S31500023BE06974696E67466F72426974732D3E784CCA
S31500023BF0697374456E642029007578437269746925
S31500023C0063616C4E657374696E67203D3D207E303C
S31500023C10554C002820706F72744E5649435F494EC8
S31500023C20545F4354524C5F524547202620706F72B0
S31500023C3074564543544143544956455F4D41534B8F
S31500023C402029203D3D2030007578437269746963EE
S31500023C50616C4E657374696E6700706F727443505F
S31500023C6055494420213D20706F7274434F5254458A
S31500023C70585F4D375F723070315F494400706F7222
S31500023C8074435055494420213D20706F7274434F4E
S31500023C90525445585F4D375F723070305F49440069
S31500023CA02820706F72744D41585F50524947524FE7
S31500023CB055505F42495453202D20756C4D61785002
S31500023CC0524947524F555056616C75652029203D21
S31500023CD03D20636F6E6669675052494F5F42495491
S31500023CE05300756343757272656E745072696F72B2
S31500023CF0697479203E3D2075634D6178537973432B
S31500023D00616C6C5072696F72697479002820706FE9
S31500023D10727441495243525F524547202620706FC2
S31500023D2072745052494F524954595F47524F555037
S31500023D305F4D41534B2029203C3D20756C4D6178E7
S31500023D4050524947524F555056616C75650070780E
S31500023D50517565756500757851756575654C656E45
S31500023D60677468203E202820554261736554797035
S31500023D70655F74202920300070785374617469631A
S31500023D80517565756520213D204E554C4C00212804
S31500023D90202820707563517565756553746F72615D
S31500023DA0676520213D204E554C4C20292026262091
S31500023DB0282075784974656D53697A65203D3D20E2
S31500023DC0302029202900212820282070756351756A
S31500023DD065756553746F72616765203D3D204E556A
S31500023DE04C4C202920262620282075784974656D9A
S31500023DF053697A6520213D203020292029007853F5
S31500023E00697A65203D3D2073697A656F662820517F
S31500023E10756575655F742029002820757849746573
S31500023E206D53697A65203D3D20302029207C7C2017
S31500023E302820757851756575654C656E67746820BE
S31500023E403D3D20282078517565756553697A654927
S31500023E506E4279746573202F2075784974656D53A7
S31500023E60697A65202920290075784D6178436F7536
S31500023E706E7420213D2030007578496E697469613F
S31500023E806C436F756E74203C3D2075784D617843A6
S31500023E906F756E7400212820282070764974656D2E
S31500023EA0546F5175657565203D3D204E554C4C202D
S31500023EB029202626202820707851756575652D3EA5
S31500023EC075784974656D53697A6520213D202820ED
S31500023ED05542617365547970655F742029203055A7
S31500023EE02029202900212820282078436F70795024
S31500023EF06F736974696F6E203D3D207175657565D6
S31500023F004F564552575249544520292026262028E5
S31500023F1020707851756575652D3E75784C656E67AE
S31500023F20746820213D2031202920290070784D75A2
S31500023F30746578006354784C6F636B20213D207161
S31500023F4075657565494E54385F4D41580070785114
S31500023F50756575652D3E75784974656D53697A6523
S31500023F60203D3D203000212820282070785175659B
S31500023F7075652D3E75785175657565547970652040
S31500023F803D3D20717565756551554555455F4953EA
S31500023F905F4D555445582029202626202820707822
S31500023FA051756575652D3E752E7853656D61706820
S31500023FB06F72652E784D75746578486F6C6465729C
S31500023FC020213D204E554C4C2029202900282070C6
S31500023FD0785175657565202900212820282028201A
S31500023FE070764275666665722029203D3D204E55E3
S31500023FF04C4C20292026262028202820707851750E
S3150002400065756520292D3E75784974656D53697A03
S315000240106520213D202820554261736554797065DB
S315000240205F742029203055202920290078496E689E
S3150002403065726974616E63654F63637572726564F6
S31500024040203D3D20706446414C53450078466972D6
S3150002405073744C656E677468203C3D20784D6178B8
S31500024060436F756E74002820784E657874546169C2
S315000240706C202B207846697273744C656E6774687F
S315000240802029203C3D20707853747265616D42751B
S31500024090666665722D3E784C656E67746800784375
S315000240A06F756E74203C3D20784D6178436F756E56
S315000240B074006D656D73657428207075634275664C
S315000240C06665722C202820696E7420292078577222
S315000240D069746556616C75652C20784275666665ED
S315000240E07253697A6542797465732029203D3D20B1
S315000240F0707563427566666572002820784E65782B
S315000241007448656164202B207846697273744C6525
S315000241106E6774682029203C3D207078537472655E
S31500024120616D4275666665722D3E784C656E677482
S315000241306800282078436F756E74202D20784669B2
S315000241407273744C656E6774682029203C3D20703A
S315000241507853747265616D4275666665722D3E7836
S315000241604C656E6774680078436F756E74203E20E6
S31500024170282073697A655F74202920300078427599
S315000241806666657253697A654279746573203E2064
S31500024190736242595445535F544F5F53544F5245CD
S315000241A05F4D4553534147455F4C454E4754480082
S315000241B07842756666657253697A65427974657383
S315000241C0203E20300078547269676765724C6576C6
S315000241D0656C4279746573203C3D2078427566664B
S315000241E0657253697A6542797465730070756353B3
S315000241F0747265616D42756666657253746F72613B
S3150002420067654172656100707853746174696353BE
S31500024210747265616D427566666572007853697A75
S3150002422065203D3D2073697A656F66282053747256
S3150002423065616D4275666665725F742029007078E5
S3150002424053747265616D4275666665720070765466
S315000242507844617461007852657175697265645358
S3150002426070616365203E2078446174614C656E67B7
S315000242707468427974657300707853747265616DFF
S315000242804275666665722D3E785461736B57616935
S3150002429074696E67546F53656E64203D3D204E55BA
S315000242A04C4C007076527844617461007078537495
S315000242B07265616D4275666665722D3E78546173EC
S315000242C06B57616974696E67546F52656365697687
S315000242D065203D3D204E554C4C0028206C69737478
S315000242E04C4953545F49535F454D505459282070E9
S315000242F07844656C617965645461736B4C69737457
S31500024300202920290075785363686564756C657287
S3150002431053757370656E646564007578536368657A
S3150002432064756C657253757370656E646564203D61
S315000243303D203000707578537461636B4275666612
S31500024340657220213D204E554C4C007078546173A5
S315000243506B42756666657220213D204E554C4C00B7
S315000243607853697A65203D3D2073697A656F6628C0
S31500024370205443425F7420290070785443422D3EF4
S315000243807563537461746963616C6C79416C6C6FAB
S315000243906361746564203D3D2074736B53544154CC
S315000243A04943414C4C595F414C4C4F43415445445F
S315000243B05F535441434B5F414E445F54434200783E
S315000243C05461736B546F526573756D650049444C45
S315000243D045007852657475726E20213D20657272B1
S315000243E0434F554C445F4E4F545F414C4C4F4341F3
S315000243F054455F52455155495245445F4D454D4FCF
S315000244005259002820785469636B436F756E742085
S315000244102B20785469636B73546F4A756D7020292B
S31500024420203C3D20784E6578745461736B556E62FC
S315000244306C6F636B54696D6500784E657874546170
S31500024440736B556E626C6F636B54696D65203E3D8E
S3150002445020785469636B436F756E74006C6973746C
S3150002446043555252454E545F4C4953545F4C454E48
S31500024470475448282026282070785265616479546A
S3150002448061736B734C697374735B207578546F70C8
S315000244905072696F72697479205D20292029203E45
S315000244A020300070784576656E744C6973740075B9
S315000244B0785363686564756C657253757370656E5F
S315000244C064656420213D2030007078556E626C6F01
S315000244D0636B65645443420075785363686564751B
S315000244E06C657253757370656E64656420213D2038
S315000244F0706446414C534500707854696D654F753A
S31500024500740070785469636B73546F5761697400F1
S315000245107078544342203D3D20707843757272652F
S315000245206E745443420070785443422D3E75784D62
S3150002453075746578657348656C6400707854434297
S3150002454020213D20707843757272656E7454434221
S31500024550007578496E646578546F57616974203CBA
S3150002456020636F6E6669675441534B5F4E4F5449E1
S315000245704649434154494F4E5F41525241595F4564
S315000245804E5452494553007578496E646578546FA6
S315000245904E6F74696679203C20636F6E6669675454
S315000245A041534B5F4E4F54494649434154494F4E3E
S315000245B05F41525241595F454E5452494553007824
S315000245C05461736B546F4E6F7469667900785469DF
S315000245D0636B436F756E74203D3D202820546963DA
S315000245E06B547970655F7420292030006C6973748E
S315000245F04C4953545F4954454D5F434F4E544149CC
S315000246004E4552282026282070785443422D3E7863
S315000246104576656E744C6973744974656D202920FC
S3150002462029203D3D204E554C4C007578496E6465F7
S3150002463078546F436C656172203C20636F6E6669C5
S31500024640675441534B5F4E4F54494649434154497F
S315000246504F4E5F41525241595F454E54524945535E
S3150002466000436F727465782D4D37000001030A040A
S31500024670010400041830344C5014050001010000F6
S315000246800000000061460200546D72510028207835
S3150002469054696D6572506572696F64496E546963D7
S315000246A06B73203E2030202900546D7220537663AE
S315000246B0007852657475726E007854696D65720081
S315000246C078526573756C74002820707854696D652C
S315000246D0722D3E7854696D6572506572696F6449D0
S315000246E06E5469636B73203E203020290021785076
S315000246F06F72744973496E73696465496E74657243
S31500024700727570742829004D61696E005365636F76
S315000247106E6461727900000002000000020000006F
S3150002472024470200040000000747020002000000BE
S315000247300C470200D5390100D9390100DB390100E5
S31500024740DD3901007D390100DF390100E13901005F
S31500024750E3390100E5390100E7390100E9390100D1
S31500024760D7390100545055204C4544207265717565
S31500024770697265732054505520706F776572207484
S315000247806F20626520656E61626C65642E0D0A009B
S315000247902F636F72616C6D6963726F2F6C696273DE
S315000247A02F626173652F6D61696E5F6672656572F0
S315000247B0746F735F6D372E63630025733A25642029
S315000247C0257320776173206E6F7420747275652E5F
S315000247D00D0A00636F72616C6D6963726F3A3A4CCF
S315000247E06673496E69742829006170705F6D61692C
S315000247F06E00785461736B437265617465286170EB
S31500024800705F6D61696E2C20226170705F6D6169E7
S315000248106E222C20636F6E6669674D494E494D4183
S315000248204C5F535441434B5F53495A45202A203328
S31500024830302C206E756C6C7074722C20636F7261F2
S315000248406C6D6963726F3A3A6B4170705461736B47
S315000248505072696F726974792C206E756C6C707403
S315000248607229203D3D2070645041535300090402D1
S315000248700002020C07000705840200020007050574
S31500024880020002002F646E735F73657276657200B2
S3150002489070776D5F6D6F64756C655F636F6E747252
S315000248A06F6C5F7420636F72616C6D6963726F3ACD
S315000248B03A7B616E6F6E796D6F75737D3A3A50779A
S315000248C06D4D6F64756C65546F436F6E74726F6C69
S315000248D02870776D5F7375626D6F64756C655F7452
S315000248E029002F636F72616C6D6963726F2F6C6939
S315000248F062732F626173652F70776D2E6363002179
S3150002490022496E76616C69642070696E2200706954
S315000249106E5F636F6E666967732E73697A6528299F
S31500024920203C3D20320070696E5F636F6E66696778
S31500024930735B305D2E70696E5F73657474696E6742
S315000249402E62617365203D3D2070696E5F636F6EF6
S31500024950666967735B315D2E70696E5F7365747429
S31500024960696E672E626173650070696E5F636F6E52
S31500024970666967735B305D2E70696E5F736574740A
S31500024980696E672E7375625F6D6F64756C65203D27
S315000249903D2070696E5F636F6E666967735B315D3A
S315000249A02E70696E5F73657474696E672E737562B5
S315000249B05F6D6F64756C650050574D5F496E697423
S315000249C0206661696C65640D0A0075696E7433321E
S315000249D05F7420434C4F434B5F476574526F6F744D
S315000249E0436C6F636B4672657128636C6F636B5FB2
S315000249F0726F6F745F7429000102040802050300D6
S31500024A0007160F1C02050300140F091802050300FE
S31500024A100F18090D02050300140F091802050300F9
S31500024A2018090B11020503001018090D02050300EF
S31500024A3010180B0902050300140F0A1802050300D9
S31500024A400910180A020503001018090D02050300D1
S31500024A501018090D020503000F181A0D02050300AE
S31500024A601018090D020503001018090D02050300AE
S31500024A70101813140205030010181A1C020503006D
S31500024A8010181A1C0205030010181314020503005D
S31500024A90101813140205030010181314020503005C
S31500024AA011090C0F0205030011090C0F0205030080
S31500024AB01018090D020503001018090D020503005E
S31500024AC0140F0D18020503001018090D0205030044
S31500024AD01018090D020503001018090D020503003E
S31500024AE01018090D020503001018090D020503002E
S31500024AF01018090D020503001018090D020503001E
S31500024B001018090D020503001018090D020503000D
S31500024B101018090D02050300140F0D1802050300F3
S31500024B20140F0D18020503001018090D02050300E3
S31500024B301018090D020503001018090D02050300DD
S31500024B401018090D02050300140F0D1802050300C3
S31500024B50140F0D18020503001318090D02050300B0
S31500024B601318090D020503001318090D02050300A7
S31500024B701318090D02050300140F1318020503008A
S31500024B80140F1318020503001018090D020503007D
S31500024B901018090D02050300171A180B0205030067
S31500024BA0171A180B02050300171A180B0205030041
S31500024BB0171A180B02050300171A180B0205030031
S31500024BC0171A180B02050300171A180B0205030021
S31500024BD00C0A1807020503000C0A1807020503004F
S31500024BE018101A0D0205030018101A0D020503000B
S31500024BF0140F1A18020503001A0F130D02050300FB
S31500024C001A13180D020503001A13180D02050300E4
S31500024C101A13180D02050300140F1A1802050300D1
S31500024C20090B0F1C02050300090C111C02050300E7
S31500024C30090C111C02050300090A111C02050300D6
S31500024C40090A111C020503000C0F0A1C02050300C7
S31500024C500C0F0A1C020503000C0F0A1C02050300B6
S31500024C600C0F121C020503000C09121802050300A0
S31500024C700D01121A2F636F72616C6D6963726F2F69
S31500024C806C6962732F626173652F71756575655FF5
S31500024C907461736B2E6800726571756573745F71EA
S31500024CA0756575655F00785461736B4372656174EF
S31500024CB065537461746963285374617469635461DA
S31500024CC0736B4D61696E2C204E616D652C20537499
S31500024CD061636B44657074682C20746869732C2058
S31500024CE05072696F726974792C207461736B5F7389
S31500024CF07461636B5F2C20267461736B5F2900728B
S31500024D00616E646F6D5F7461736B0000000000007A
S31500024D10000000001348010061480100D948010063
S31500024D201148010015480100766F69642047505406
S31500024D305F536574436C6F636B446976696465722D
S31500024D40284750545F547970652A2C2075696E7411
S31500024D5033325F7429000205030007160F1C020591
S31500024D600300140F0918020503000F18090D0205A6
S31500024D700300140F09180205030018090B11020596
S31500024D8003001018090D0205030010180B0902058D
S31500024D900300140F0A18020503000910180A020577
S31500024DA003001018090D020503001018090D02056B
S31500024DB003000F181A0D020503001018090D02054B
S31500024DC003001018090D020503001018131402053A
S31500024DD0030010181A1C0205030010181A1C0205FB
S31500024DE00300101813140205030010181314020509
S31500024DF00300101813140205030011090C0F020513
S31500024E00030011090C0F020503001018090D020513
S31500024E1003001018090D02050300140F0D180205F0
S31500024E2003001018090D020503001018090D0205EA
S31500024E3003001018090D020503001018090D0205DA
S31500024E4003001018090D020503001018090D0205CA
S31500024E5003001018090D020503001018090D0205BA
S31500024E6003001018090D020503001018090D0205AA
S31500024E700300140F0D1802050300140F0D18020586
S31500024E8003001018090D020503001018090D02058A
S31500024E9003001018090D020503001018090D02057A
S31500024EA00300140F0D1802050300140F0D18020556
S31500024EB003001318090D020503001318090D020554
S31500024EC003001318090D020503001318090D020544
S31500024ED00300140F131802050300140F131802051A
S31500024EE003001018090D020503001018090D02052A
S31500024EF00300171A180B02050300171A180B0205EE
S31500024F000300171A180B02050300171A180B0205DD
S31500024F100300171A180B02050300171A180B0205CD
S31500024F200300171A180B020503000C0A18070205DC
S31500024F3003000C0A18070205030018101A0D0205D1
S31500024F40030018101A0D02050300140F1A180205A1
S31500024F5003001A0F130D020503001A13180D02059A
S31500024F6003001A13180D020503001A13180D020581
S31500024F700300140F1A1802050300090B0F1C020581
S31500024F800300090C111C02050300090C111C020581
S31500024F900300090A111C02050300090A111C020575
S31500024FA003000C0F0A1C020503000C0F0A1C020563
S31500024FB003000C0F0A1C020503000C0F121C02054B
S31500024FC003000C091218020503000D01121A2530FE
S31500024FD0386C782530386C78002F7573625F69708B
S31500024FE05F61646472657373002F636F72616C6DC7
S31500024FF06963726F2F6C6962732F626173652F6DBD
S31500025000757465782E68007853656D6170686F7285
S315000250106554616B652873656D615F2C20706F72D4
S31500025020744D41585F44454C415929203D3D2070FD
S315000250306454525545007853656D6170686F7265A8
S31500025040476976652873656D615F29203D3D20704D
S3150002505064545255450072785F6275666665725F82
S3150002506077726974655F203C206B5278427566667A
S31500025070657253697A6500766F696420636F72613F
S315000250806C6D6963726F3A3A436F6E736F6C654DFE
S31500025090373A3A4D37436F6E736F6C655461736B73
S315000250A05278466E28766F69642A29002F636F72DA
S315000250B0616C6D6963726F2F6C6962732F626173C3
S315000250C0652F636F6E736F6C655F6D372E6363005A
S315000250D072785F6275666665725F617661696C6138
S315000250E0626C655F203C3D206B5278427566666550
S315000250F07253697A6500636F6E736F6C655F717563
S315000251006575655F0072785F6D757465785F0075A9
S3150002511073625F6465766963655F7461736B007859
S315000251205461736B437265617465287573625F645B
S3150002513065766963655F7461736B2C202275736291
S315000251405F6465766963655F7461736B222C2063A5
S315000251506F6E6669674D494E494D414C5F535441E6
S31500025160434B5F53495A45202A2031302C206E7515
S315000251706C6C7074722C206B55736244657669632D
S31500025180655461736B5072696F726974792C206E03
S31500025190756C6C70747229203D3D207064504153C9
S315000251A053006D375F636F6E736F6C655F74617307
S315000251B06B5F747800785461736B437265617465D2
S315000251C0285374617469634D37436F6E736F6C65F0
S315000251D05461736B5478466E2C20226D375F636F71
S315000251E06E736F6C655F7461736B5F7478222C20CB
S315000251F0636F6E6669674D494E494D414C5F535424
S3150002520041434B5F53495A45202A2031302C206EA8
S31500025210756C6C7074722C206B436F6E736F6C6559
S315000252205461736B5072696F726974792C2026749B
S31500025230785F7461736B5F29203D3D207064504135
S315000252405353006D375F636F6E736F6C655F746186
S31500025250736B5F727800785461736B437265617425
S3150002526065285374617469634D37436F6E736F6C4F
S31500025270655461736B5278466E2C20226D375F63DC
S315000252806F6E736F6C655F7461736B5F7278222CDD
S3150002529020636F6E6669674D494E494D414C5F53B7
S315000252A05441434B5F53495A45202A2031302C2022
S315000252B06E756C6C7074722C206B436F6E736F6CB0
S315000252C0655461736B5072696F726974792C20260A
S315000252D072785F7461736B5F29203D3D2070645064
S315000252E0415353006D345F636F6E736F6C655F7409
S315000252F061736B00785461736B43726561746528E0
S315000253005374617469634D34436F6E736F6C655485
S3150002531061736B466E2C20226D345F636F6E736F02
S315000253206C655F7461736B222C20636F6E666967AE
S315000253304D494E494D414C5F535441434B5F53498E
S315000253405A45202A2031302C206E756C6C7074728E
S315000253502C206B436F6E736F6C655461736B507266
S31500025360696F726974792C206E756C6C707472290F
S31500025370203D3D2070645041535300080B00020249
S3150002538002010009040000010202010005240010C6
S315000253900105240100010424020205240600010776
S315000253A00581030A000909040100020A0000000738
S315000253B00582020002000705030200020076656309
S315000253C0746F723A3A5F4D5F64656661756C745FBD
S315000253D0617070656E640075696E7433325F742035
S315000253E04750494F5F50696E52656164284750497C
S315000253F04F5F547970652A2C2075696E7433325F5B
S315000254007429002F636F72616C6D6963726F2F74FA
S31500025410686972645F70617274792F6E78702F7228
S3150002542074313137362D73646B2F64657669636523
S31500025430732F4D494D585254313137362F647269A4
S31500025440766572732F66736C5F6770696F2E68007C
S315000254500000CA400000CA400000C6400000C64024
S315000254600000C6400080C6400000CA400000C64098
S315000254700000CA4000C0C64000C0C64000C0C640C8
S315000254800000C6400000C6400000C7400040C640BB
S3150002549000001440000014400000144000001440B4
S315000254A000001440004013400080134000401340A7
S315000254B00040134000001340000013400040134018
S315000254C00000134000001440F3FFF3FFF3FFF3FF65
S315000254D0F3FFF3FF5D00F3FF5D00F3FFF3FFF3FF5E
S315000254E0F3FFF3FFF3FFF3FF3D003D003D003D00F8
S315000254F03D0069006A006800680066006600680090
S3150002550067003D0005000000060000001A000000CA
S31500025510180000001900000002000000030000004D
S315000255201B00000008000000070000001000000039
S315000255300F0000000D000000160000000800000029
S3150002554004000000090000000A0000000B00000031
S315000255500C000000060000001F0000000000000012
S3150002556005000000060000000A0000000B00000013
S31500025570000000001F0000000700000000010203F7
S315000255800405556E68616E646C656420495043205B
S315000255906D65737361676520747970652025640D86
S315000255A00A002F636F72616C6D6963726F2F6C698B
S315000255B062732F626173652F6970632E636300786D
S315000255C053656D6170686F72654769766528747890
S315000255D05F73656D6170686F72655F29203D3D205E
S315000255E07064545255450074785F73656D617068D6
S315000255F06F72655F006970635F74785F7461736B65
S3150002560000785461736B43726561746528497063EF
S315000256103A3A53746174696354785461736B466E93
S315000256202C20226970635F74785F7461736B222C1D
S3150002563020636F6E6669674D494E494D414C5F5313
S315000256405441434B5F53495A45202A2031302C207E
S31500025650746869732C206B4970635461736B507262
S31500025660696F726974792C202674785F7461736B22
S315000256705F29203D3D207064504153530069706399
S315000256805F72785F7461736B00785461736B4372F7
S3150002569065617465284970633A3A53746174696343
S315000256A052785461736B466E2C20226970635F7266
S315000256B0785F7461736B222C20636F6E6669674D27
S315000256C0494E494D414C5F535441434B5F53495AEE
S315000256D045202A2031302C20746869732C206B49AE
S315000256E070635461736B5072696F726974792C209E
S315000256F02672785F7461736B5F29203D3D2070646A
S3150002570050415353007853656D6170686F726554EA
S31500025710616B652874785F73656D6170686F726519
S315000257205F2C20706F72744D41585F44454C41594D
S3150002573029203D3D2070645452554500000000006A
S3150002574000000000755C01007BD50100195C0100B8
S31500025750C55B0100556E68616E646C656420737981
S315000257607374656D206D65737361676520747970F6
S31500025770653A2025640D0A004661696C65642074E9
S315000257806F2073656E64207332702062756666657B
S315000257907220616464726573730D0A000000000072
S315000257A0000000002D5E0100F55D0100015E0100B2
S315000257B0C55B0100287265696E74657270726574E4
S315000257C05F636173743C75696E747074725F743E64
S315000257D02870292026206B5461674D61736B29203E
S315000257E03D3D203000766F69642A20636F72616CDA
S315000257F06D6963726F3A3A7B616E6F6E796D6F7522
S31500025800737D3A3A546167676564506F696E746571
S315000258107228542A29205B7769746820756E736929
S31500025820676E656420696E7420546167203D20327C
S315000258303B2054203D20636F72616C6D6963726F09
S315000258403A3A7B616E6F6E796D6F75737D3A3A4641
S31500025850696C65486F6C6465725D002F636F726177
S315000258606C6D6963726F2F6C6962732F6261736507
S315000258702F687474705F7365727665722E63630047
S31500025880766F69642A20636F72616C6D6963726FE9
S315000258903A3A7B616E6F6E796D6F75737D3A3A54E3
S315000258A06167676564506F696E74657228542A2948
S315000258B0205B7769746820756E7369676E6564200C
S315000258C0696E7420546167203D20313B2054203D8F
S315000258D0207374643A3A766563746F723C756E73BC
S315000258E069676E656420636861723E5D0000000050
S315000258F0715F0100775F01001D600100855F010095
S315000259000000000000000000D95F010009600100EC
S31500025910615F0100675F01006D5F01006F5F01005B
S31500025920956101008B5F01002D6001002F636F728C
S31500025930616C6D6963726F2F6C6962732F63646346
S315000259405F61636D2F6364635F61636D2E636300E2
S31500025950536574436F6E74726F6C4C696E655374E3
S31500025960617465005553425F4465766963654364B5
S315000259706341636D53656E64206661696C6564207C
S31500025980696E2025730D0A00766F696420636F7253
S31500025990616C6D6963726F3A3A43646341636D3A4F
S315000259A03A536574436F6E66696775726174696F9F
S315000259B06E2829005553425F4465766963654364E0
S315000259C06341636D52656376206661696C65642026
S315000259D0696E2025733A2025640D0A00626F6F6C8A
S315000259E020636F72616C6D6963726F3A3A436463E6
S315000259F041636D3A3A5472616E736D697428636FCE
S31500025A006E73742075696E74385F742A2C207369FC
S31500025A107A655F74290025732064617461206C6164
S31500025A2072676572207468616E2074785F6275664B
S31500025A306665725F0D0A00626F6F6C20636F72613A
S31500025A406C6D6963726F3A3A43646341636D3A3AC5
S31500025A5048616E646C654576656E742875696E7408
S31500025A6033325F742C20766F69642A290025733AD3
S31500025A7020756E68616E646C6564206576656E7409
S31500025A8020256C750D0A007573625F7374617475F7
S31500025A90735F7420636F72616C6D6963726F3A3AF9
S31500025AA043646341636D3A3A48616E646C65722879
S31500025AB075696E7433325F742C20766F69642A2995
S31500025AC0002F636F72616C6D6963726F2F6C69620E
S31500025AD0732F6364635F65656D2F6364635F6565DA
S31500025AE06D2E63630074785F71756575655F00631B
S31500025AF064635F65656D5F7461736B00785461738F
S31500025B006B4372656174652843646345656D3A3A11
S31500025B105374617469635461736B46756E63746919
S31500025B206F6E2C20226364635F65656D5F746173BB
S31500025B306B222C20636F6E6669674D494E494D4153
S31500025B404C5F535441434B5F53495A45202A2031F7
S31500025B50302C20746869732C206B55736244657609
S31500025B606963655461736B5072696F726974792CDB
S31500025B70206E756C6C70747229203D3D20706450E5
S31500025B80415353005B45454D5D205553425F446585
S31500025B907669636543646345656D53656E64206625
S31500025BA061696C65642C204552525F49460D0A00B4
S31500025BB04661696C656420746F20616C6C6F636109
S31500025BC0746520706275660D0A0074637069705F91
S31500025BD0696E7075742829206661696C6564202572
S31500025BE0640D0A005553425F4465766963654364F2
S31500025BF06345656D53656E64206661696C656420F4
S31500025C00696E2025730D0A005B45454D5D20556E74
S31500025C1061626C6520746F206465746563742065C7
S31500025C206E6469616E6E6573730D0A00556E686106
S31500025C306E646C65642045454D206F70636F6465C4
S31500025C403A2025750D0A00626F6F6C20636F7261D0
S31500025C506C6D6963726F3A3A43646345656D3A3AAD
S31500025C6048616E646C654576656E742875696E74F6
S31500025C7033325F742C20766F69642A2900257320DB
S31500025C80756E68616E646C6564206576656E7420F7
S31500025C9025640D0A00556E68616E646C6564204564
S31500025CA0454D206576656E743A2025640D0A0078A6
S31500025CB0517565756553656E6446726F6D495352CB
S31500025CC028726571756573745F71756575655F2C8C
S31500025CD020267265712C2026726573636865647569
S31500025CE06C6529203D3D207064545255450078511B
S31500025CF07565756553656E6428726571756573742D
S31500025D005F71756575655F2C20267265712C207032
S31500025D106F72744D41585F44454C415929203D3DAF
S31500025D2020706454525545005553425F44465548C7
S31500025D306F73744576656E74002573206661696CAF
S31500025D4065643A2025750D0A004572726F722069E4
S31500025D506E20444655536574496E74657266616376
S31500025D60650D0A004572726F7220696E20444655AF
S31500025D704765745374617475730D0A004572726FC8
S31500025D807220696E204446555472616E736665725E
S31500025D900D0A004572726F7220696E204446555A8A
S31500025DA065726F4C656E6774685472616E73666570
S31500025DB0720D0A004572726F7220696E2044465552
S31500025DC0526561644261636B0D0A004572726F72BD
S31500025DD020696E2044465547657453746174757321
S31500025DE0526561640D0A0052656164206261636BEB
S31500025DF0206669726D7761726520646F6573206EC5
S31500025E006F74206D61746368210D0A004572726FAA
S31500025E107220696E204446554465746163680D0AB2
S31500025E20004572726F7220696E204446554368655A
S31500025E30636B5374617475730D0A00556E68616EF7
S31500025E40646C65642044465520737461746520252C
S31500025E50640D0A00656467657470755F6466755FD4
S31500025E607461736B00000000000000000000000077
S31500025E705F3B0100A9440100BD6D0100396D0100BF
S31500025E80B17201005553425F486F7374456467658A
S31500025E905470754465696E6974206572726F723AE0
S31500025EA02025750D0A005553425F486F737452657B
S31500025EB06D6F7665446576696365206572726F7289
S31500025EC03A2025750D0A00555342486F737445767C
S31500025ED0656E7400257320656E756D6572617469F1
S31500025EE06F6E206661696C65643A2025750D0A003D
S31500025EF04572726F7220696E2045646765547075CB
S31500025F00536574496E746572666163650D0A004570
S31500025F1072726F7220696E204564676554707547A8
S31500025F2065745374617475730D0A006564676574EC
S31500025F3070755F7461736B00000000000000000062
S31500025F40613B0100B9440100ED7301006973010070
S31500025F50257701005553425F446576696365436C54
S31500025F60617373496E6974206661696C6564202584
S31500025F70640D0A005553425F44657669636552753E
S31500025F806E206661696C65640D0A00476F6F676C07
S31500025F906500436F72616C2044657620426F6172C0
S31500025FA064204D6963726F00556E68616E646C653C
S31500025FB06420737472696E67207265717565737495
S31500025FC03A2025640D0A0048616E646C65720025EC
S31500025FD073206576656E7420756E68616E646C6595
S31500025FE064203078256C780D0A00766563746F72CA
S31500025FF03A3A5F4D5F7265616C6C6F635F696E738F
S31500026000657274000403090412010002EF020140E2
S31500026010D11808930100010203012F636F72616CAC
S315000260206D6963726F2F6C6962732F63616D65723E
S31500026030612F63616D6572612E6363002A6F7574E9
S315000260405F78203E3D2030002A6F75745F78203CD1
S31500026050207374617469635F636173743C696E74FF
S315000260603E2843616D6572615461736B3A3A6B57B0
S315000260706964746829002A6F75745F79203E3D2031
S3150002608030002A6F75745F79203C207374617469DD
S31500026090635F636173743C696E743E2843616D6528
S315000260A072615461736B3A3A6B4865696768742921
S315000260B0007853656D6170686F7265476976652809
S315000260C073656D29203D3D20706454525545004349
S315000260D0616D657261206D6F64656C206964206E06
S315000260E06F742061732065787065637465643A2005
S315000260F0307825303278253032780D0A00785365AB
S315000261006D6170686F726554616B652873656D2C7D
S3150002611020706F72744D41585F44454C4159292095
S315000261203D3D207064545255450043616D65726170
S31500026130206973206E6F7420656E61626C65642CD3
S315000261402063616E6E6F7420636170747572652070
S315000261506672616D652E0D0A0043616D657261207E
S31500026160697320696E2074726967676572206D6F44
S3150002617064652062757420776173206E6576657238
S31500026180207472696767657265640D0A0063616DE2
S315000261906572615F7461736B0000000000000000AD
S315000261A000000000F913000005180000ED8401004C
S315000261B00D8A0100D58C01007669727475616C20B6
S315000261C0636F6E737420706C6174666F726D733A6E
S315000261D03A64617277696E6E3A3A6472697665728A
S315000261E03A3A636F6E6669673A3A416F6E52657301
S315000261F065744373724F6666736574732620706C9A
S315000262006174666F726D733A3A64617277696E6E23
S315000262103A3A6472697665723A3A636F6E6669678C
S315000262203A3A43686970436F6E6669673A3A4765F8
S3150002623074416F6E52657365744373724F6666730B
S31500026240657473282920636F6E7374002F636F72EF
S31500026250616C6D6963726F2F6C6962732F747075EE
S315000262602F64617277696E6E2F6472697665722F1A
S31500026270636F6E6669672F636869705F636F6E66C8
S3150002628069672E68007669727475616C20636F6E39
S31500026290737420706C6174666F726D733A3A6461DE
S315000262A07277696E6E3A3A6472697665723A3A63E1
S315000262B06F6E6669673A3A576972654373724F66DB
S315000262C066736574732620706C6174666F726D7383
S315000262D03A3A64617277696E6E3A3A6472697665C1
S315000262E0723A3A636F6E6669673A3A426561676CFB
S315000262F06543686970436F6E6669673A3A476574C3
S31500026300576972654373724F66667365747328299B
S3150002631020636F6E7374002F636F72616C6D6963B5
S31500026320726F2F6C6962732F7470752F6461727746
S31500026330696E6E2F6472697665722F636F6E666917
S31500026340672F626561676C652F626561676C655F61
S31500026350636869705F636F6E6669672E68002F6394
S315000263606F72616C6D6963726F2F6C6962732F74E1
S3150002637070752F656467657470755F6D616E6167B0
S3150002638065722E636300000000000000000000003A
S31500026390999601009B96010089940100919401004F
S315000263A099940100A1940100A9940100B1940100FD
S315000263B0B9940100C1940100C9940100D19401006D
S315000263C0C5960100D9940100E1940100E994010007
S315000263D0F1940100F994010001950100099501006B
S315000263E011950100199501002195010029950100D9
S315000263F03195010039950100419501004995010049
S3150002640051950100599501006195010069950100B8
S315000264107195010079950100819501008995010028
S315000264209195010099950100A1950100A995010098
S31500026430B1950100B9950100C1950100C995010008
S31500026440D1950100D9950100E1950100E995010078
S31500026450F1950100F99501000196010009960100E6
S315000264601196010019960100219601002996010054
S3150002647031960100399601004196010049960100C4
S315000264805196010059960100619601006996010034
S3150002649071960100799601008196010089960100A4
S315000264A091960100A99601000CA3010000000000CC
S315000264B010A301000000000014A301000000000068
S315000264C018A30100000000001CA301000000000048
S315000264D020A30100000000002CA301000000000020
S315000264E03CA301000000000058C0040000000000A8
S315000264F048C104000000000050C104000000000072
S3150002650060C104000000000000A0010000000000BD
S31500026510D0A0010000000000D4A00100000000008D
S31500026520D8A0010000000000DCA00100000000006D
S3150002653000A601000000000000A501000000000006
S3150002654058A501000000000058A601000000000046
S3150002655040A601000000000044A601000000000061
S3150002656040A501000000000044A501000000000053
S3150002657004A701000000000000A2010000000000C4
S3150002658008000000000000000010000000000000EB
S3150002659000000000000000000000000000000000F3
S315000265A00020000000000000400000000000000083
S315000265B0000000000000000000A00400000000002F
S315000265C018600400000000002060040000000000C3
S315000265D02860040000000000306004000000000093
S315000265E04060040000000000386004000000000063
S315000265F0486004000000000068600400000000001B
S315000266000068040000000000C00004000000000052
S31500026610FFFFFFFFFFFFFFFF500104000000000025
S315000266201001040000000000FFFFFFFFFFFFFFFF55
S31500026630FFFFFFFFFFFFFFFFFFFFFFFFFFFFFFFF62
S31500026640FFFFFFFFFFFFFFFFFFFFFFFFFFFFFFFF52
S31500026650FFFFFFFFFFFFFFFFFFFFFFFFFFFFFFFF42
S31500026660FFFFFFFFFFFFFFFFFFFFFFFFFFFFFFFF32
S31500026670FFFFFFFFFFFFFFFFFFFFFFFFFFFFFFFF22
S31500026680FFFFFFFFFFFFFFFFFFFFFFFFFFFFFFFF12
S31500026690FFFFFFFFFFFFFFFFFFFFFFFFFFFFFFFF02
S315000266A0FFFFFFFFFFFFFFFFFFFFFFFFFFFFFFFFF2
S315000266B0FFFFFFFFFFFFFFFFFFFFFFFFFFFFFFFFE2
S315000266C0FFFFFFFFFFFFFFFFFFFFFFFFFFFFFFFFD2
S315000266D0FFFFFFFFFFFFFFFFFFFFFFFFFFFFFFFFC2
S315000266E0FFFFFFFFFFFFFFFF900104000000000015
S315000266F0D0010400000000001002040000000000A7
S31500026700500204000000000098020400000000008D
S31500026710E00204000000000028030400000000005C
S315000267202000040000000000B08604000000000003
S31500026730B886040000000000D086040000000000B5
S31500026740D886040000000000E08604000000000075
S31500026750E886040000000000F08604000000000045
S31500026760F886040000000000008704000000000014
S3150002677008870400000000001087040000000000E3
S31500026780A887040000000000E820040000000000C2
S31500026790F0200400000000000024040000000000B5
S315000267A018900100000000001C900100000000008B
S315000267B0209001000000000024900100000000006B
S315000267C07C90010000000000002004000000000090
S315000267D00820040000000000102004000000000051
S315000267E01820040000000000202004000000000021
S315000267F028200400000000003020040000000000F1
S3150002680038200400000000004020040000000000C0
S315000268104820040000000000502004000000000090
S315000268205820040000000000602004000000000060
S315000268306820040000000000702004000000000030
S315000268407820040000000000802004000000000000
S3150002685088200400000000009020040000000000D0
S315000268609820040000000000A020040000000000A0
S31500026870A820040000000000B02004000000000070
S31500026880B820040000000000C02004000000000040
S31500026890C820040000000000D02004000000000010
S315000268A0D820040000000000E020040000000000E0
S315000268B0E820040000000000F020040000000000B0
S315000268C0F82004000000000000210400000000007F
S315000268D0082104000000000010210400000000004E
S315000268E0182104000000000020210400000000001E
S315000268F028210400000000003021040000000000EE
S3150002690038210400000000004021040000000000BD
S31500026910482104000000000050210400000000008D
S31500026920582104000000000060210400000000005D
S31500026930682104000000000070210400000000002D
S3150002694078210400000000008021040000000000FD
S3150002695088210400000000009021040000000000CD
S315000269609821040000000000A0210400000000009D
S31500026970A821040000000000B0210400000000006D
S31500026980B821040000000000C0210400000000003D
S31500026990C821040000000000D0210400000000000D
S315000269A0D821040000000000E021040000000000DD
S315000269B0E821040000000000F021040000000000AD
S315000269C0F82104000000000000220400000000007C
S315000269D0082204000000000010220400000000004B
S315000269E0182204000000000020220400000000001B
S315000269F028220400000000003022040000000000EB
S31500026A0038220400000000004022040000000000BA
S31500026A10482204000000000050220400000000008A
S31500026A20582204000000000060220400000000005A
S31500026A30702204000000000078220400000000001A
S31500026A4080220400000000008822040000000000EA
S31500026A5090220400000000009822040000000000BA
S31500026A60A022040000000000A8220400000000008A
S31500026A70B822040000000000C0220400000000004A
S31500026A80C822040000000000D0220400000000001A
S31500026A90D822040000000000E022040000000000EA
S31500026AA0E822040000000000F022040000000000BA
S31500026AB00023040000000000082304000000000078
S31500026AC01023040000000000182304000000000048
S31500026AD02023040000000000282304000000000018
S31500026AE030230400000000003823040000000000E8
S31500026AF048230400000000005023040000000000A8
S31500026B005823040000000000602304000000000077
S31500026B106823040000000000702304000000000047
S31500026B207823040000000000802304000000000017
S31500026B3088230400000000009023040000000000E7
S31500026B409823040000000000C02304000000000097
S31500026B50002404000000000080240400000000005D
S31500026B60002504000000000080250400000000004B
S31500026B700026040000000000202604000000000099
S31500026B804026040000000000602604000000000009
S31500026B908026040000000000A02604000000000079
S31500026BA0C0260400000000000027040000000000C8
S31500026BB040270400000000008027040000000000B7
S31500026BC0C0270400000000000028040000000000A6
S31500026BD04028040000000000802804000000000095
S31500026BE0C02804000000000000600400000000004D
S31500026BF0086004000000000050600400000000006D
S31500026C0078600400000000008060040000000000BC
S31500026C10000005000000000018400400000000000B
S31500026C2058410400000000009841040000000000E2
S31500026C30D8410400000000001842040000000000D1
S31500026C40888704000000000090870400000000000E
S31500026C50F041040000000000F841040000000000BA
S31500026C604043040000000000108004000000000001
S31500026C7018800400000000002080040000000000CC
S31500026C80288004000000000030800400000000009C
S31500026C90388004000000000040800400000000006C
S31500026CA0488004000000000050800400000000003C
S31500026CB0588004000000000060800400000000000C
S31500026CC068800400000000007080040000000000DC
S31500026CD078800400000000008080040000000000AC
S31500026CE0888004000000000090800400000000007C
S31500026CF09880040000000000A0800400000000004C
S31500026D00A880040000000000B0800400000000001B
S31500026D10B880040000000000C080040000000000EB
S31500026D20C880040000000000D080040000000000BB
S31500026D30D880040000000000E0800400000000008B
S31500026D40E880040000000000F0800400000000005B
S31500026D50F88004000000000000810400000000002A
S31500026D6008810400000000001081040000000000F9
S31500026D7018810400000000002081040000000000C9
S31500026D802881040000000000308104000000000099
S31500026D903881040000000000408104000000000069
S31500026DA04881040000000000508104000000000039
S31500026DB05881040000000000608104000000000009
S31500026DC068810400000000007081040000000000D9
S31500026DD078810400000000008081040000000000A9
S31500026DE08881040000000000908104000000000079
S31500026DF09881040000000000A08104000000000049
S31500026E00A881040000000000B08104000000000018
S31500026E10B881040000000000C081040000000000E8
S31500026E20C881040000000000D081040000000000B8
S31500026E30D881040000000000E08104000000000088
S31500026E40E881040000000000F08104000000000058
S31500026E50F881040000000000008204000000000027
S31500026E6008820400000000001082040000000000F6
S31500026E7018820400000000002082040000000000C6
S31500026E802882040000000000308204000000000096
S31500026E903882040000000000408204000000000066
S31500026EA04882040000000000508204000000000036
S31500026EB05882040000000000608204000000000006
S31500026EC068820400000000007082040000000000D6
S31500026ED078820400000000008082040000000000A6
S31500026EE08882040000000000908204000000000076
S31500026EF09882040000000000A08204000000000046
S31500026F00A882040000000000B08204000000000015
S31500026F10B882040000000000C082040000000000E5
S31500026F20C882040000000000D082040000000000B5
S31500026F30D882040000000000E08204000000000085
S31500026F40E882040000000000F08204000000000055
S31500026F50F882040000000000008304000000000024
S31500026F6008830400000000001083040000000000F3
S31500026F7018830400000000002083040000000000C3
S31500026F802883040000000000308304000000000093
S31500026F903883040000000000408304000000000063
S31500026FA04883040000000000508304000000000033
S31500026FB05883040000000000608304000000000003
S31500026FC068830400000000007083040000000000D3
S31500026FD078830400000000008083040000000000A3
S31500026FE08883040000000000908304000000000073
S31500026FF09883040000000000A08304000000000043
S31500027000A883040000000000B08304000000000012
S31500027010B883040000000000C083040000000000E2
S31500027020C883040000000000D083040000000000B2
S31500027030D883040000000000E08304000000000082
S31500027040E883040000000000F08304000000000052
S31500027050F883040000000000008404000000000021
S3150002706008840400000000001084040000000000F0
S3150002707018840400000000002084040000000000C0
S315000270802884040000000000308404000000000090
S315000270903884040000000000408404000000000060
S315000270A04884040000000000508404000000000030
S315000270B05884040000000000608404000000000000
S315000270C068840400000000007084040000000000D0
S315000270D078840400000000008084040000000000A0
S315000270E08884040000000000908404000000000070
S315000270F09884040000000000A08404000000000040
S31500027100A884040000000000B0840400000000000F
S31500027110C884040000000000D084040000000000BF
S31500027120D884040000000000E0840400000000008F
S31500027130E884040000000000F0840400000000005F
S31500027140F88404000000000000850400000000002E
S3150002715008850400000000001085040000000000FD
S3150002716018850400000000002085040000000000CD
S31500027170288504000000000030850400000000009D
S31500027180388504000000000040850400000000006D
S31500027190488504000000000050850400000000003D
S315000271A0588504000000000060850400000000000D
S315000271B068850400000000007085040000000000DD
S315000271C078850400000000008085040000000000AD
S315000271D0888504000000000090850400000000007D
S315000271E09885040000000000A0850400000000004D
S315000271F0A885040000000000B0850400000000001D
S31500027200B885040000000000C085040000000000EC
S31500027210C885040000000000D085040000000000BC
S31500027220D885040000000000E0850400000000008C
S31500027230E885040000000000F0850400000000005C
S31500027240F88504000000000000860400000000002B
S3150002725008860400000000001086040000000000FA
S3150002726018860400000000002086040000000000CA
S31500027270288604000000000030860400000000009A
S31500027280388604000000000040860400000000006A
S31500027290488604000000000050860400000000003A
S315000272A0588604000000000060860400000000000A
S315000272B068860400000000007086040000000000DA
S315000272C078860400000000008086040000000000AA
S315000272D0888604000000000090860400000000007A
S315000272E09886040000000000A0860400000000004A
S315000272F0A886040000000000B0860400000000001A
S31500027300B886040000000000C086040000000000E9
S31500027310C886040000000000D086040000000000B9
S31500027320D886040000000000E08604000000000089
S31500027330E886040000000000F08604000000000059
S31500027340F886040000000000008704000000000028
S3150002735008870400000000001087040000000000F7
S3150002736018870400000000002087040000000000C7
S315000273702887040000000000308704000000000097
S315000273803887040000000000408704000000000067
S315000273904887040000000000508704000000000037
S315000273A05887040000000000608704000000000007
S315000273B068870400000000007087040000000000D7
S315000273C0788704000000000088870400000000009F
S315000273D09087040000000000102004000000000056
S315000273E01820040000000000C02004000000000075
S315000273F0E020040000000000D0200400000000008D
S315000274003042040000000000384204000000000080
S3150002741080430400000000007041040000000000E8
S315000274207841040000000000C04204000000000091
S315000274304040040000000000484004000000000034
S3150002744000400400000000000840040000000000A4
S315000274501040040000000000184004000000000074
S315000274602040040000000000284004000000000044
S315000274703840040000000000404004000000000004
S3150002748048400400000000005040040000000000D4
S3150002749058400400000000006040040000000000A4
S315000274A06840040000000000704004000000000074
S315000274B07840040000000000804004000000000044
S315000274C0884004000000000058410400000000004B
S315000274D06041040000000000684104000000000052
S315000274E07041040000000000784104000000000022
S315000274F080410400000000008841040000000000F2
S3150002750090410400000000009841040000000000C1
S31500027510A041040000000000A84104000000000091
S31500027520B041040000000000B84104000000000061
S31500027530C041040000000000C84104000000000031
S31500027540D041040000000000D84104000000000001
S31500027550E041040000000000E841040000000000D1
S31500027560F041040000000000F841040000000000A1
S31500027570004204000000000008420400000000006F
S31500027580104204000000000018420400000000003F
S31500027590204204000000000028420400000000000F
S315000275A030420400000000003842040000000000DF
S315000275B040420400000000004842040000000000AF
S315000275C0504204000000000058420400000000007F
S315000275D0604204000000000068420400000000004F
S315000275E0704204000000000078420400000000001F
S315000275F080420400000000008842040000000000EF
S31500027600A042040000000000C04204000000000086
S31500027610E0420400000000000043040000000000F5
S315000276202043040000000000604304000000000044
S31500027630702204000000000078220400000000000E
S315000276404027040000000000B822040000000000E9
S31500027650C022040000000000C02704000000000051
S3150002766000230400000000000823040000000000BC
S315000276704028040000000000482304000000000027
S315000276805023040000000000C0280400000000008F
S31500027690D841040000000000E041040000000000A0
S315000276A0E8410400000000006885040000000000B4
S315000276B070850400000000007885040000000000C8
S315000276C09085040000000000988504000000000078
S315000276D0A085040000000000A88504000000000048
S315000276E0B085040000000000B88504000000000018
S315000276F0C085040000000000C885040000000000E8
S315000277008085040000000000888504000000000057
S315000277101860040000000000504004000000000051
S31500027720184204000000000020420400000000008D
S315000277302842040000000000B041040000000000DE
S31500027740B8410400000000000043040000000000ED
S3150002775078400400000000008040040000000000A1
S31500027760502204000000000058220400000000001D
S3150002777060220400000000009822040000000000BD
S31500027780A022040000000000A8220400000000005D
S31500027790E022040000000000E822040000000000CD
S315000277A0F02204000000000028230400000000006C
S315000277B0302304000000000038230400000000000B
S315000277C0A086040000000000A88604000000000055
S315000277D000440400000000005841040000000000BC
S315000277E0684104000000000060410400000000003F
S315000277F08840040000000000604004000000000011
S31500027800682104000000000070210400000000004E
S3150002781000260400000000002821040000000000E9
S3150002782030210400000000000025040000000000D2
S31500027830C086040000000000C886040000000000A4
S3150002784058400400000000007040040000000000E0
S315000278501840040000000000584204000000000026
S315000278602040040000000000B08604000000000072
S31500027870B886040000000000004504000000000075
S3150002788050210400000000005821040000000000FE
S31500027890602104000000000098410400000000007E
S315000278A0A841040000000000A041040000000000FE
S315000278B090400400000000001021040000000000B7
S315000278C0182104000000000020210400000000002E
S315000278D028220400000000003022040000000000FC
S315000278E0C0260400000000006840040000000000FA
S315000278F060C004000000000068C004000000000030
S31500027900A821040000000000B021040000000000CD
S315000279104026040000000000E821040000000000E8
S31500027920F021040000000000802604000000000090
S3150002793070C004000000000078C0040000000000CF
S3150002794080C004000000000088C00400000000009F
S3150002795090C004000000000098C00400000000006F
S31500027960A0C0040000000000A8C00400000000003F
S31500027970102204000000000018220400000000008B
S3150002798020220400000000009021040000000000F4
S315000279909821040000000000A0210400000000005D
S315000279A0D021040000000000D821040000000000DD
S315000279B0E021040000000000557362486F7374549E
S315000279C061736B002F636F72616C6D6963726F2FE7
S315000279D06C6962732F7573622F7573625F686F735A
S315000279E0745F7461736B2E636300785461736B43C7
S315000279F0726561746528557362486F737454617356
S31500027A006B3A3A5374617469635461736B4D61697D
S31500027A106E2C2022557362486F73745461736B2205
S31500027A202C20636F6E6669674D494E494D414C5F26
S31500027A30535441434B5F53495A45202A2031302C37
S31500027A4020746869732C206B557362486F73745483
S31500027A5061736B5072696F726974792C206E756CE2
S31500027A606C70747229203D3D20706450415353005E
S31500027A705553425F486F7374496E69742066616933
S31500027A806C65640D0A006C66732D3E6366672D3E57
S31500027A90726561645F73697A6520213D2030002F2B
S31500027AA0636F72616C6D6963726F2F746869726459
S31500027AB05F70617274792F6E78702F7274313137FC
S31500027AC0362D73646B2F6D6964646C6577617265BC
S31500027AD02F6C6974746C6566732F6C66732E630003
S31500027AE06C66732D3E6366672D3E70726F675F73B9
S31500027AF0697A6520213D2030006C66732D3E6366EF
S31500027B00672D3E63616368655F73697A6520213D0F
S31500027B102030006C66732D3E6366672D3E6361639B
S31500027B2068655F73697A652025206C66732D3E63EE
S31500027B3066672D3E726561645F73697A65203D3DB5
S31500027B402030006C66732D3E6366672D3E6361636B
S31500027B5068655F73697A652025206C66732D3E63BE
S31500027B6066672D3E70726F675F73697A65203D3D69
S31500027B702030006C66732D3E6366672D3E626C6F25
S31500027B80636B5F73697A652025206C66732D3E638D
S31500027B9066672D3E63616368655F73697A65203D3A
S31500027BA03D203000342A6C66735F6E70773228305F
S31500027BB0786666666666666666202F20286C667339
S31500027BC02D3E6366672D3E626C6F636B5F73697AE7
S31500027BD0652D322A342929203C3D206C66732D3EC0
S31500027BE06366672D3E626C6F636B5F73697A6500CD
S31500027BF06C66732D3E6366672D3E626C6F636B5FC8
S31500027C006379636C657320213D2030006C66732DA9
S31500027C103E6366672D3E6C6F6F6B61686561645F7C
S31500027C2073697A65203E2030006C66732D3E63666A
S31500027C30672D3E6C6F6F6B61686561645F73697A0D
S31500027C406520252038203D3D203020262620287517
S31500027C50696E747074725F74296C66732D3E636606
S31500027C60672D3E6C6F6F6B61686561645F627566F6
S31500027C7066657220252034203D3D2030006C6673F7
S31500027C802D3E6366672D3E6E616D655F6D61782080
S31500027C903C3D20323535006C66732D3E6366672D9A
S31500027CA03E66696C655F6D6178203C3D20323134F9
S31500027CB037343833363437006C66732D3E63666765
S31500027CC02D3E617474725F6D6178203C3D203130C7
S31500027CD03232006C66732D3E6366672D3E6D6574A7
S31500027CE061646174615F6D6178203C3D206C6673EE
S31500027CF02D3E6366672D3E626C6F636B5F73697AB6
S31500027D006500657272203C3D2030006C66735F74BC
S31500027D1061675F73697A65286C66732D3E67737453
S31500027D206174652E74616729203E2030207C7C2098
S31500027D306F727068616E73203E3D2030002F002501
S31500027D40733A25643A6572726F723A20436F7272A1
S31500027D50757074656420646972207061697220614D
S31500027D6074207B3078256C782C203078256C787DD1
S31500027D7025730A002E2E007063616368652D3E62CC
S31500027D806C6F636B203C206C66732D3E6366672DB9
S31500027D903E626C6F636B5F636F756E7400626C6FCD
S31500027DA0636B203D3D2028286C66735F626C6F63AF
S31500027DB06B5F74292D3229207C7C20626C6F636B89
S31500027DC0203C206C66732D3E6366672D3E626C6FA7
S31500027DD0636B5F636F756E74006F6666202B20732C
S31500027DE0697A65203C3D206C66732D3E6366672D7D
S31500027DF03E626C6F636B5F73697A65007063616381
S31500027E0068652D3E626C6F636B203D3D2028286CB1
S31500027E1066735F626C6F636B5F74292D312900256F
S31500027E20733A25643A6572726F723A204E6F206D0C
S31500027E306F726520667265652073706163652025C1
S31500027E406C7525730A0025733A25643A6465627572
S31500027E50673A2042616420626C6F636B2061742012
S31500027E603078256C7825730A002866696C652D3E84
S31500027E70666C6167732026204C46535F4F5F5752EC
S31500027E804F4E4C5929203D3D204C46535F4F5F577C
S31500027E90524F4E4C59002866696C652D3E666C61E0
S31500027EA067732026204C46535F4F5F52444F4E4C19
S31500027EB05929203D3D204C46535F4F5F52444F4E59
S31500027EC04C59006469722D3E636F756E74203E20B4
S31500027ED03000636F6D6D69742E6F66662025206CA7
S31500027EE066732D3E6366672D3E70726F675F7369B8
S31500027EF07A65203D3D20300025733A25643A646553
S31500027F006275673A20457870616E64696E672073A0
S31500027F1075706572626C6F636B2061742072657630
S31500027F2020256C7525730A0025733A25643A776114
S31500027F30726E3A205375706572626C6F636B203095
S31500027F4078256C7820686173206265636F6D6520A1
S31500027F50756E7772697461626C6525730A002573A2
S31500027F603A25643A64656275673A20466978696EAD
S31500027F7067206D6F7665207768696C652072656C1F
S31500027F806F636174696E67207B3078256C782C206C
S31500027F903078256C787D2030782568780A25730A32
S31500027FA00025733A25643A64656275673A2052651C
S31500027FB06C6F636174696E67207B3078256C782CF0
S31500027FC0203078256C787D202D3E207B3078256CFC
S31500027FD0782C203078256C787D25730A0025733A33
S31500027FE025643A64656275673A20466978696E6700
S31500027FF0206D6F7665207B3078256C782C20307862
S31500028000256C787D20307825687825730A002573DB
S315000280103A25643A64656275673A20466978696EFC
S3150002802067206F727068616E207B3078256C782CC1
S31500028030203078256C787D25730A0025733A2564ED
S315000280403A64656275673A20466978696E672068A0
S31500028050616C662D6F727068616E207B3078256C5C
S31500028060782C203078256C787D202D3E207B307848
S31500028070256C782C203078256C787D25730A006C67
S315000280806974746C6566730025733A25643A657281
S31500028090726F723A20496E76616C696420766572F7
S315000280A073696F6E20762568752E25687525730AA5
S315000280B00025733A25643A6572726F723A20556EDC
S315000280C0737570706F72746564206E616D655F6D35
S315000280D061782028256C75203E20256C752925732C
S315000280E00A0025733A25643A6572726F723A205510
S315000280F06E737570706F727465642066696C655F05
S315000281006D61782028256C75203E20256C75292501
S31500028110730A0025733A25643A6572726F723A20C1
S31500028120556E737570706F727465642061747472C3
S315000281305F6D61782028256C75203E20256C752997
S3150002814025730A0025733A25643A64656275673AAF
S3150002815020466F756E642070656E64696E6720676F
S3150002816073746174652030782530386C7825303820
S315000281706C782530386C7825730A00216C66735F3B
S315000281806D6C6973745F69736F70656E286C667364
S315000281902D3E6D6C6973742C20287374727563742A
S315000281A0206C66735F6D6C6973742A2966696C65E7
S315000281B029006C66735F62645F72656164006C6657
S315000281C0735F62645F666C757368006C66735F6288
S315000281D0645F73796E63006C66735F62645F70726C
S315000281E06F67006C66735F62645F657261736500D8
S315000281F06C66735F6469725F636F6D70616374004E
S315000282006C66735F6469725F636F6D6D6974006C2F
S3150002821066735F66696C655F726177726561640039
S315000282206C66735F66696C655F7261777772697493
S3150002823065006C66735F696E6974006C66735F666F
S31500028240735F707265706F727068616E73006C66D0
S31500028250735F66696C655F6F70656E006C66735FEF
S3150002826066696C655F636C6F7365006C66735F66E7
S31500028270696C655F72656164006C66735F66696CE2
S31500028280655F73697A650000000000000000000067
S3150002829000000000000000006410B71DC8206E3BFD
S315000282A0AC30D9269041DC76F4516B6B5861B24DF5
S315000282B03C7105502083B8ED44930FF0E8A3D6D65F
S315000282C08CB361CBB0C2649BD4D2D38678E20AA0C7
S315000282D01CF2BDBD2F636F72616C6D6963726F2F85
S315000282E06C6962732F706D69632F706D69632E639B
S315000282F0630052656164287265672C202676616C7C
S3150002830029005772697465287265672C2076616C3C
S3150002831029005265616428506D6963526567697305
S31500028320746572733A3A6B44657669636549642C7F
S3150002833020266465766963655F69642900706D69E4
S31500028340635F7461736B00000000000000000000B0
S315000283505D3B010099440100D1CD010085CD0100AC
S3150002836069D001004572726F72207768656E20636C
S315000283706C6F73696E6720706970650D0A006261C1
S315000283807369635F737472696E673A3A5F4D5F63CE
S3150002839072656174650062617369635F73747269A1
S315000283A06E673A3A5F4D5F7265706C6163655F61D5
S315000283B07578002C2066756E6374696F6E3A2000BC
S315000283C0617373657274696F6E202225732220664B
S315000283D061696C65643A2066696C652022257322A0
S315000283E02C206C696E65202564257325730A0000AE
S315000283F0202020202020202020282828282820204D
S315000284002020202020202020202020202020202064
S3150002841088101010101010101010101010101010DC
S3150002842004040404040404040404101010101010BC
S315000284301041414141414101010101010101010195
S3150002844001010101010101010101011010101010C9
S315000284501042424242424202020202020202020266
S31500028460020202020202020202020210101010208E
S3150002847000000000000000000000000000000000F4
S3150002848000000000000000000000000000000000E4
S3150002849000000000000000000000000000000000D4
S315000284A000000000000000000000000000000000C4
S315000284B000000000000000000000000000000000B4
S315000284C000000000000000000000000000000000A4
S315000284D00000000000000000000000000000000094
S315000284E00000000000000000000000000000000084
S315000284F00000000000000000000000000000000074
S315000285000000000000000000000000000000000063
S315000285100000000000000000000000000000000053
S315000285200000000000000000000000000000000043
S315000285300000000000000000000000000000000033
S315000285400000000000000000000000000000000023
S31500028550A4AA0020232D302B2000686C4C006566EF
S315000285606745464700494E4600696E66004E414ED3
S31500028570006E616E00303132333435363738394168
S315000285804243444546003031323334353637383982
S3150002859061626364656600496E66696E6974790034
S315000285A04E614E005245454E54206D616C6C6F63B0
S315000285B020737563636565646564002F6D6E742F41
S315000285C0776F726B73706163652F776F726B7370FF
S315000285D06163652F4743432D392D706970656C6958
S315000285E06E652F6A656E6B696E732D4743432D392F
S315000285F02D706970656C696E652D3230305F323070
S315000286003230303532315F31353930303533333708
S31500028610342F7372632F6E65776C69622F6E65777E
S315000286206C69622F6C6962632F7374646C69622F62
S3150002863064746F612E630042616C6C6F63207375A4
S3150002864063636565646564002F6D6E742F776F7260
S315000286506B73706163652F776F726B73706163659D
S315000286602F4743432D392D706970656C696E652FEE
S315000286706A656E6B696E732D4743432D392D70699A
S3150002868070656C696E652D3230305F323032303053
S315000286903532315F313539303035333337342F7334
S315000286A072632F6E65776C69622F6E65776C69628D
S315000286B02F6C6962632F7374646C69622F6D7072BA
S315000286C065632E63000000000080E03779C34143F2
S315000286D0176E05B5B5B89346F5F93FE9034F384D20
S315000286E0321D30F94877825A3CBF737FDD4F1575CC
S315000286F0000000000000F03F0000000000002440DF
S3150002870000000000000059400000000000408F40B9
S31500028710000000000088C34000000000006AF84024
S315000287200000000080842E4100000000D012634148
S315000287300000000084D797410000000065CDCD41BE
S31500028740000000205FA00242000000E8764837429F
S31500028750000000A2941A6D42000040E59C30A2423D
S315000287600000901EC4BCD64200003426F56B0C43B2
S315000287700080E03779C3414300A0D8855734764359
S3150002878000C84E676DC1AB43003D9160E458E143BA
S31500028790408CB5781DAF154450EFE2D6E41A4B442F
S315000287A092D54D06CFF08044F64AE1C7022DB54474
S315000287B0B49DD9794378EA44050000001900000007
S315000287C07D0000002B2D00303000785800412D46E8
S315000287D0612D66383930313233343536375D0043F0
S315000287E000504F5349580000F8B500BFF8BC08BC0A
S315000287F09E467047F8B500BFF8BC08BC9E46704757
S315000288005FF800F0411924205FF800F06DD82420AB
S315000288105FF800F0753724205FF800F011FE24207F
S315000288205FF800F04D1924205FF800F0D9182420D3
S315000288305FF800F0FD1C24205FF800F029172420C1
S315000288405FF800F01D0624205FF800F0E9162420E8
S315000288505FF800F035F224205FF800F039C12420D9
S315000288605FF800F015D824205FF800F0E5282420F0
S315000288705FF800F081D624205FF800F04906242034
S315000288805FF800F04D3B24205FF800F035D7242036
S315000288905FF800F0710224205FF800F091EF2420C7
S315000288A05FF800F0C93A24205FF800F06FD7242061
S30D000288B09083FD7F0100000028
S315000288B8250C0000C9440100955B010061670100AF
S309000288C8816C0100B6
S309000288CC010C000093
S315000288D00000000000A4781FAAAAAAAA000000802D
S315000288E0000000010100000100000000000100007C
S315000288F00100000100000000040100000000030165
S315000289000000010000010100010000010100010157
S31500028910000101000000000000000000000000004D
S31500028920000000000000000000000000000000003F
S31500028930000000000000000000000000000000002F
S31500028940EFBEADDEEFBEADDE021E570214FAC22F37
S31500028950C231C2232212246822FFFF020016C0E09F
S31500028960C0F0C083C082C0D075D000C000C001C0B4
S3150002897002C003C004C005C006C0077F187E80126D
S3150002898027BD8F358E348D338C32E4FFFEFDE53202
S315000289905404FC70030200F8303005C2300200F8BD
S315000289A02033030200EBC233302269C2AF122676AD
S315000289B0A2AF9224C2AF908000E4F0A37480F0A329
S315000289C0E4F0A3F0A22492AF9001B8121A8000003C
S315000289D000007FA07EBB7D0D7C009001B8E0F8A36D
S315000289E0E0F9A3E0FAA3E0FBC3121A255021900195
S315000289F0B8E0FCA3E0FDA3E0FEA3E02401FFE43E11
S31500028A00FEE43DFDE43CFC9001B8121A5B80C31201
S31500028A1028E0802CC2AF85354585344485334385AD
S31500028A2032427F187E8012273FE4FF12122D12294E
S31500028A306A800D7F0112122D122676120006D22AA4
S31500028A40E535540CFFE4FEE5335404FDE4FCED4F3A
S31500028A506002D22AAF35AE34AD33AC32EC4D4E4F56
S31500028A60600F8F458E448D438C427F187E8012277D
S31500028A703F90801CE0F536908040E0F537908042CA
S31500028A80E0F538E53720E103020212A2AF9224C2D2
S31500028A90AF90801C7401F0A3E4F0A3F0A3F0A2242B
S31500028AA092AF90802DE0FF1313543F1392349080BF
S31500028AB02CE0F539A2AF9224C2AFF0A3E4F0A3F002
S31500028AC0A3F0A22492AFE539541C700302021230BD
S31500028AD02945E53930E3273029137B017A01795C90
S31500028AE07F007E807D007C801222BD80117B017A10
S31500028AF001795C7F007E807D007C101222BDA2AFD0
S31500028B009224C2AF9080387402F0A3E4F0A3F0A3DB
S31500028B10F0A22492AF8043E53930E3273029137B54
S31500028B20017A01795C7F007E807D007C801222BD05
S31500028B3080117B017A01795C7F007E807D007C104A
S31500028B401222BDA2AF9224C2AF9080387402F0A363
S31500028B50E4F0A3F0A3F0A22492AFE53730E23EA2FE
S31500028B60AF9224C2AF90801C7402F0A3E4F0A3F08B
S31500028B70A3F0A22492AF90802CE0F539A3E0FF1374
S31500028B8013543F139234A2AF9224C2AF90802CE5C5
S31500028B9039F0A3E4F0A3F0A3F0A22492AFE53730B4
S31500028BA0E32FA2AF9224C2AF90801C7403F0A3E419
S31500028BB0F0A3F0A3F0A22492AF90802CE0F539A2A4
S31500028BC0AF9224C2AFF0A3E4F0A3F0A3F0A22492E2
S31500028BD0AFE53820E103020350A2AF9224C2AF9060
S31500028BE0801C7481F0A3E4F0A3F0A3F0A22492AF58
S31500028BF090802CE0F539A2AF9224C2AFF0A3E4F044
S31500028C00A3F0A3F0A22492AFE539540C7003020339
S31500028C105090902CE0F53930E061909005E0753A7D
S31500028C2000F53B753B00F53A909004E0253BF53B99
S31500028C30E4353AF53A533A03E53BAE3A7803C333A1
S31500028C40CE33CED8F9F53B8E3A7E017F18C007FFA8
S31500028C50E48F41853A40F53FF53E754281D00712D1
S31500028C601C78A2AF9224C2AF9090307401F0A3E4B4
S31500028C70F0A3F0A3F0A22492AF801D909034E0F509
S31500028C80395339FEA2AF9224C2AFE539F0A3E4F01C
S31500028C90A3F0A3F0A22492AFE53820E20302041760
S31500028CA0A2AF9224C2AF90801C7482F0A3E4F0A318
S31500028CB0F0A3F0A22492AF90802CE0F539A2AF92F5
S31500028CC024C2AFF0A3E4F0A3F0A3F0A22492AFE58E
S31500028CD039540C700302041790902CE0F53930E1F8
S31500028CE06190900DE0753A00F53B753B00F53A90C0
S31500028CF0900CE0253BF53BE4353AF53A533A03E569
S31500028D003BAE3A7803C333CE33CED8F9F53B8E3A2F
S31500028D107E017F30C007FFE48F41853A40F53FF57B
S31500028D203E754282D007121C78A2AF9224C2AF903F
S31500028D3090307402F0A3E4F0A3F0A3F0A22492AF61
S31500028D40801D909034E0F5395339FDA2AF9224C2CA
S31500028D50AFE539F0A3E4F0A3F0A3F0A22492AFE5C5
S31500028D603730E07BA2AF9224C2AF90801CE4F0A31E
S31500028D70F0A3F0A3F0A22492AF7F2C7E801227BD2F
S31500028D8078AB121A4F78AB121A36EF5410FFE4FE84
S31500028D90FDFCEF6034A2AF9224C2AF90802C741017
S31500028DA0F0A3E4F0A3F0A3F0A22492AF302A30C2DB
S31500028DB02AA2AF9224C2AF90803804F0A3E4F0A3B3
S31500028DC0F0A3F0A22492AF8016D22E78AB121A36F6
S31500028DD08F458E448D438C427F2C7E8012273FE541
S31500028DE03820E003020523A2AF9224C2AF90801C72
S31500028DF07480F0A3E4F0A3F0A3F0A22492AF302D86
S31500028E001F7F2C7E801227BD78A7121A42EF4BFFD6
S31500028E10EE4AFEED49FDEC48FC78A7121A4F800C8B
S31500028E207F2C7E801227BD78A7121A4F78A7121AB6
S31500028E3036EF5410FFE4FEFDFCEF6019A2AF922458
S31500028E40C2AF90802C7410F0A3E4F0A3F0A3F0A2BA
S31500028E502492AF8016D22D78A7121A368F458E44E9
S31500028E608D438C427F2C7E8012273FE53830E352B9
S31500028E70A2AF9224C2AF90801C7483F0A3E4F0A345
S31500028E80F0A3F0A22492AF90802CE0F539A2AF9223
S31500028E9024C2AFF0A3E4F0A3F0A3F0A22492AFE5BC
S31500028EA039540C601D909034E0F53953397FA2AFE6
S31500028EB09224C2AFE539F0A3E4F0A3F0A3F0A22412
S31500028EC092AFA2AF9224C2AF90801CE536F0A3E423
S31500028ED0F0A3F0A3F0A22492AFD007D006D005D01B
S31500028EE004D003D002D001D000D0D0D082D083D01B
S31500028EF0F0D0E0328F46E546600F9001A6E0B4045A
S31500028F0004A3E060131228B0229001A6E0B408047C
S31500028F10A3E060041228B0227B007A0079478B4BCB
S31500028F208A4C894D9001A2E0900003121A03900127
S31500028F30A3E0900002121A039001A4E0900001122D
S31500028F401A039001A5E01219F1E4FFFE7D04FCABC1
S31500028F504AAA49A948A847C3121A2540557FF87E4E
S31500028F60FF7D7F7C00A847D3121A255045E546604F
S31500028F70041228B022A2AF9232C2AF90801CE4F053
S31500028F80A3F0A3F0A3F0A23292AFA2AF9232C2AF85
S31500028F909080287408F0A3E4F0A3F0A3F0A2329222
S31500028FA0AFAF4AAE49AD48AC47F55A755B081221D8
S31500028FB0DB22E4FFFE7D03FCAB4AAA49A948A84787
S31500028FC0C3121A2540557FF87EFF7D037C00A84711
S31500028FD0D3121A255045E54660041228B022A2AFE4
S31500028FE09232C2AF90801CE4F0A3F0A3F0A3F0A2E9
S31500028FF03292AFA2AF9232C2AF9080287408F0A329
S31500029000E4F0A3F0A3F0A23292AFAF4AAE49AD4864
S31500029010AC47F55A755B081221DB22C3E54A940078
S31500029020F54AE5499400F549E5489401F548E547CE
S315000290309400F547E4FF7E90FDFCAB4AAA49A94895
S31500029040A847C3121A25403CE47FF87E93FDFCA88C
S3150002905047D3121A25502DAE49AF4A12277F8F5198
S315000290608E508D4F8C4EE54660030207D8E54A24A2
S3150002907004FFE43549FE12277F8F558E548D538C9B
S31500029080520207D8E4FF7E80FDFCAB4AAA49A948F2
S31500029090A847C3121A254038E47FF87E83FDFCA850
S315000290A047D3121A255029AE49AF4A12277F8F514C
S315000290B08E508D4F8C4EE5467066E54A2404FFE4D9
S315000290C03549FE12277F8F558E548D538C52805010
S315000290D0E4FF7EA0FDFCAB4AAA49A948A847C312F1
S315000290E01A254038E47FF87EA7FDFCA847D3121A5A
S315000290F0255029AE49AF4A12277F8F518E508D4F88
S315000291008C4EE546701AE54A2404FFE43549FE1200
S31500029110277F8F558E548D538C5280041228B0228D
S315000291207B007A00794E8B4B8A4C894D9000031254
S3150002913019C4900018F09000021219C4900019F098
S315000291409000011219C490001AF01219AB90001B7C
S31500029150F0A2AF9232C2AF90801CE4F0A3F0A3F06B
S31500029160A3F0A23292AFA2AF9232C2AF908028741D
S3150002917008F0A3E4F0A3F0A3F0A23292AFE54670A2
S315000291803B7A007952F54B8A4C894D9000031219AD
S31500029190C490001CF09000021219C490001DF090B9
S315000291A000011219C490001EF01219AB90001FF0B4
S315000291B07E007F187D087C00121F69227E007F18C0
S315000291C07D047C00121F6922908004E0FFC45407CC
S315000291D0FF24FE600A146007147006D2298002C2B8
S315000291E0299001A7E0754600F547E547FE9001A6DE
S315000291F0E07C002400F547EC3EF5469001A3E0F939
S3150002920024FE6056147003020A3124FD7003020A1A
S315000292106414604624F87003020AB3240E60030243
S315000292200B1DD3E5479412E54694004006754600A9
S315000292307547123029127E197F107C007D18AB47C4
S31500029240AA461226BB020AE57E187FAB7C007D1871
S31500029250AB47AA461226BB020AE520290302099752
S31500029260D3E5479409E54694005028E9B402127EF4
S31500029270197F2C7C007D18AB47AA461226BB020A30
S31500029280127E197F357C007D18AB47AA461226BB93
S31500029290020A12D3E5479460E546940040067546F5
S315000292A000754760E9B402117E197F2C7C007D1897
S315000292B07B097A001226BB800F7E197F357C007DE2
S315000292C0187B097A001226BB7E197F3E7C007D211F
S315000292D0E54724F7FBE54634FFFA1226BB807BD32B
S315000292E0E5479409E54694005026E9B402117E1832
S315000292F07FC77C007D18AB47AA461226BB805B7EE1
S31500029300187FD07C007D18AB47AA461226BB804A3E
S31500029310D3E547943CE546940040067546007547FA
S315000293203CE9B402117E187FC77C007D187B097A5E
S31500029330001226BB800F7E187FD07C007D187B0929
S315000293407A001226BB7E187FD97C007D21E5472450
S31500029350F7FBE54634FFFA1226BB302103020AE583
S3150002936090001F7480F0302907A37470F0020AE59A
S3150002937090002074F9F0020AE59001A2E06003026F
S315000293800B1D90190CE493FF7E00D3E5479FE5463B
S315000293909E40048E468F477E197F0C7C007D18AB5B
S315000293A047AA461226BB020AE5020AE5302926909A
S315000293B01922E493FF7E00D3E5479FE5469E4004CB
S315000293C08E468F477E197F227C007D18AB47AA46C0
S315000293D01226BB80589018BDE493FF7E00D3E54762
S315000293E09FE5469E40048E468F477E187FBD7C00D1
S315000293F07D18AB47AA461226BB8032901998E49391
S31500029400FF7E00FE901997E4937C002400FFEC3E59
S31500029410FED3E5479FE5469E40048E468F477E195A
S315000294207F957C007D18AB47AA461226BBA2AF9257
S3150002943032C2AF90801CE4F0A3F0A3F0A3F0A232F4
S3150002944092AFA2AF9232C2AF9080287408F0A3E422
S31500029450F0A3F0A3F0A23292AF7E007F18AD47AC24
S3150002946046121F69221228B022202C03020BC8C200
S315000294702C7F287E9012277F8F498E488D478C46F7
S315000294807B007A0079469000031219C4900010F00E
S315000294909000021219C4900011F09000011219C432
S315000294A0900012F01219AB900013F0A2AF9232C2E2
S315000294B0AF90801C7483F0A3E4F0A3F0A3F0A23271
S315000294C092AF0B7A017948E9EAE429F561E43AF5C3
S315000294D060E43401F55FE433F55E7F207E80122678
S315000294E0FFA2AF9232C2AF908038E4F0A3F0A37429
S315000294F008F0A3E4F0A23292AFA2AF9232C2AF90CA
S3150002950090307480F0A3E4F0A3F0A3F0A23292AFFD
S31500029510202503020C4FC225A2AF9232C2AF908021
S315000295201C7401F0A3E4F0A3F0A3F0A23292AF30D0
S31500029530294E909019E0541F9029DD93F54AE4785C
S3150002954062F608F608F608F608F608F6E54AF8E4BA
S315000295507969F7E825E025E019F7A2AF9232C2AFA2
S31500029560908028E4F0E54A25E004A3F0A3E4F0A302
S31500029570F0A23292AF7B017A01795CAD4A1229B927
S31500029580A2AF9232C2AF9080387402F0A3E4F0A385
S31500029590F0A3F0A23292AF202703020CD6C227A272
S315000295A0AF9232C2AF90801C7402F0A3E4F0A3F033
S315000295B0A3F0A23292AF30294E90901DE0541F9034
S315000295C029DD93F54AE4786AF608F608F608F608FD
S315000295D0F608F6E54AF8E47971F7E825E025E01998
S315000295E0F7A2AF9232C2AF908028E4F0E54A25E0B6
S315000295F004A3F0A3E4F0A3F0A23292AF7B017A01B6
S315000296007974AD4A1229B9A2AF9232C2AF908038AC
S315000296107404F0A3E4F0A3F0A3F0A23292AF2028E0
S3150002962003020D5DC228A2AF9232C2AF90801C74B3
S3150002963003F0A3E4F0A3F0A3F0A23292AF30294ED6
S31500029640909021E0541F9029DD93F54AE47872F652
S3150002965008F608F608F608F608F6E54AF8E479790F
S31500029660F7E825E025E019F7A2AF9232C2AF908063
S3150002967028E4F0E54A25E004A3F0A3E4F0A3F0A26F
S315000296803292AF7B017A01798CAD4A1229B9A2AF27
S315000296909232C2AF9080387408F0A3E4F0A3F0A32C
S315000296A0F0A23292AF228E468F47C220301630A2E7
S315000296B0AF9232C2AF90801CE4F0A3F0A3F0A3F005
S315000296C0A23292AFA2AF9232C2AF90802CF0A374B4
S315000296D040F0A3E4F0A3F0A23292AF1228B0227BAC
S315000296E0007A00794890001BE01219F190001AE006
S315000296F0900001121A03900019E0900002121A0358
S31500029700900018E0900003121A03E54745467029B7
S315000297107A00794C90001FE01219F190001EE09039
S315000297200001121A0390001DE0900002121A039023
S31500029730001CE0900003121A03788B121A36C3EF4C
S315000297409400FFEE9400FEED9401FDEC9400FC788B
S315000297508B121A4FE4FF7E90FDFC788B121A42C3DD
S31500029760121A25404BE47FF87E93FDFC788B121A81
S3150002977042D3121A255039788B121A36854B6185D7
S315000297804A6085495F85485E1226FFE54745466081
S3150002979003020F19788B121A36EF2404FFE43EFEF9
S315000297A0854F61854E60854D5F854C5E1226FF2290
S315000297B0E4FF7E80FDFC788B121A42C3121A254002
S315000297C048E47FF87E83FDFC788B121A42D3121A84
S315000297D0255036788B121A36854B61854A60854943
S315000297E05F85485E1226FFE54745467074788B1200
S315000297F01A36EF2404FFE43EFE854F61854E6085EE
S315000298004D5F854C5E1226FF22E4FF7EA0FDFC78AA
S315000298108B121A42C3121A254047E47FF87EA7FD2F
S31500029820FC788B121A42D3121A255035788B121AEB
S3150002983036854B61854A6085495F85485E1226FFFB
S31500029840E5474546701B788B121A36EF2404FFE46F
S315000298503EFE854F61854E60854D5F854C5E1226C4
S31500029860FF22A2AF9232C2AF90801CEFF0A3E4F0C7
S31500029870A3F0A3F0A23292AF302960EF64017034F4
S31500029880A2AF9232C2AF9080247405F0A3740FF097
S31500029890A3E4F0A3747CF0A23292AFA2AF9232C2DA
S315000298A0AF9080387402F0A3E4F0A3F0A3F0A232E2
S315000298B092AF805BEF64026056EF64036051A2AF21
S315000298C09232C2AF9080247405F0A3740FF0A3E421
S315000298D0F0A3741CF0A23292AF8034A2AF9232C2CD
S315000298E0AF9080247405F0A3E4F0A3F0A37442F0D1
S315000298F0A23292AFEF147017A2AF9232C2AF90802B
S31500029900387402F0A3E4F0A3F0A3F0A23292AFEF10
S3150002991030E719A2AF9232C2AF9080347480F0A3BE
S31500029920E4F0A3F0A3F0A23292AF8033302919A259
S31500029930AF9232C2AF9080347410F0A3E4F0A3F079
S31500029940A3F0A23292AF8017A2AF9232C2AF90803A
S31500029950347410F0A3E4F0A3F0A3F0A23292AFEFB6
S3150002996024FE6021146031248260401460502481F8
S31500029970705D7B017A017958E9F549EAF548E4F523
S3150002998047F546804A7B017A017970E9F549EAF59D
S3150002999048E4F547F54680377B017A017988E9F58F
S315000299A049EAF548E4F547F54680247B017A0179D0
S315000299B018E9F549EAF548E4F547F54680117B01D1
S315000299C07A017930E9F549EAF548E4F547F546E4DE
S315000299D02549F561E43548F560E5473401F55FE46C
S315000299E03546F55E7F207E801226FF22E4FF900137
S315000299F0A0E01470030211391470030211712402DB
S31500029A00600302122930294C9001A3E0600302127E
S31500029A1029A3E06003021229A3E06003021229A32C
S31500029A20E06003021229A3E0600302122920330335
S31500029A300212299001A2E024CF600B0460030212F5
S31500029A4029D22F0211AAD2310211AA021229021117
S31500029A50AA0211AA9001A2E064026003021229A3DB
S31500029A60E06003021229A3E060030212299001A614
S31500029A70E06003021229A3E060030212297F01803B
S31500029A80712029030212299001A2E0600302122921
S31500029A90A3E06003021229A3E060030212299001E7
S31500029AA0A6E06003021229A3E060030212299001D4
S31500029AB0A5E030E03D803B80399001A2E0600302E0
S31500029AC01229A2AF9232C2AF9001A4E090801CF09C
S31500029AD0A3E4F0A3F0A3F0A23292AFA2AF9232C2F5
S31500029AE0AF9080287402F0A3E4F0A3F0A3F0A232B0
S31500029AF092AFEF60789001A5E024FE602414603BEB
S31500029B0014605224037066A2AF9232C2AF908008EC
S31500029B10E4F0A37402F0A3E4F0A3F0A23292AF80C1
S31500029B204CA2AF9232C2AF908008E4F0A37406F062
S31500029B30A3E4F0A3F0A23292AF8032A2AF9232C275
S31500029B40AF908008E4F0A3740AF0A3E4F0A3F0A2B5
S31500029B503292AF8018A2AF9232C2AF908008E4F080
S31500029B60A3740EF0A3E4F0A3F0A23292AF1224681B
S31500029B70221228B0228F3C908004E0FFC45407FFD3
S31500029B8024FE600A146007147006D2298002C229D4
S31500029B90A2AF9224C2AF90801CE4F0A3F0A3F0A37C
S31500029BA0F0A22492AFA2AF9224C2AF90802C74FF8F
S31500029BB0F0A3F0A3F0A3F0A22492AFA2AF9224C224
S31500029BC0AF9080287401F0A3E4F0A3F0A3F0A224DE
S31500029BD092AF908028E020E0F9E53C607130291BC5
S31500029BE0A2AF9224C2AF9080247401F0A3E4F0A342
S31500029BF0F0A37402F0A22492AF801AA2AF9224C2FA
S31500029C00AF9080247401F0A3E4F0A37440F0A3E4BF
S31500029C10F0A22492AFA2AF9224C2AF908034749184
S31500029C20F0A37450F0A3E4F0A3F0A22492AF7B0158
S31500029C307A0179A8E9EAE429F545E43AF544E434F7
S31500029C4001F543E433F5427F207E8012273FA2AF1F
S31500029C509224C2AF90801C7480F0A3E4F0A3F0A318
S31500029C60F0A22492AFA2AF9224C2AF90802804F051
S31500029C70A3E4F0A3F0A3F0A22492AF908028E02000
S31500029C80E0F9E53C606930291BA2AF9224C2AF908D
S31500029C9080247401F0A3E4F0A3F0A37402F0A224DA
S31500029CA092AF801AA2AF9224C2AF9080247401F0C0
S31500029CB0A3E4F0A37440F0A3E4F0A22492AFA2AF0F
S31500029CC09224C2AF9080347480F0A37450F0A3E45F
S31500029CD0F0A3F0A22492AFA2AF9232C2AF90803C20
S31500029CE004F0A3E4F0A304F0A3E4F0A23292AF22BC
S31500029CF0E4F561F560F55FF55E7F1C7E801226FF56
S31500029D0078AB121A368F238E228D218C20201803CF
S31500029D1002149D9001A0E05460706BA3E024D06011
S31500029D20601460592431B40C0040030214F99013F4
S31500029D30EDF82828730214110214150214F90214FC
S31500029D40190214F902141D0214210214F90214252F
S31500029D5002142902142D021431121AB1221220738E
S31500029D60221210A42212293E2212088022122168EF
S31500029D702212239722122401221229932212000D63
S31500029D80221227FB22229001A0E0FF546064407059
S31500029D9032A3E07010EF30E706E4FF1205AC22E4CE
S31500029DA0FF12177D229001A1E0640160030214F9FB
S31500029DB09001A0E030E7067F011205AC227F011276
S31500029DC0177D229001A0E0546064207074A3E070B5
S31500029DD0109001A6E0700AA3E07006D2221224684F
S31500029DE0221228B022301A5330204C788AE624FEFA
S31500029DF0600F14601524027014E4FFFE120D5E80DB
S31500029E000C7F017E00120D5E8003122A1C7E017FEA
S31500029E10A87B017A0179A0E9EAE429F54BE43AF54F
S31500029E204AE43401F549E433F548E4754F08F54E42
S31500029E30F54DF54C1220F412246822301B0312242D
S31500029E406822C0E0C083C082C0D075D000C000C006
S31500029E5001C002C003C006C007D226909030E0F5CA
S31500029E6028909034E0F527E52830E062909005E0EE
S31500029E70752900F52A752A00F529909004E0252A0D
S31500029E80F52AE43529F529532903E52AAE2978036B
S31500029E90C333CE33CED8F9F52A8E297E017F18C078
S31500029EA007FFE48F3085292FF52EF52D753181D0E8
S31500029EB007121BA0A2AF922BC2AF9090307401F092
S31500029EC0A3E4F0A3F0A3F0A22B92AF432701E52867
S31500029ED030E16290900DE0752900F52A752A00F5A9
S31500029EE02990900CE0252AF52AE43529F5295329EB
S31500029EF003E52AAE297803C333CE33CED8F9F52A41
S31500029F008E297E017F30C007FFE48F3085292FF529
S31500029F102EF52D753182D007121BA0A2AF922BC24D
S31500029F20AF9090307402F0A3E4F0A3F0A3F0A22B5A
S31500029F3092AF432702E52830E705D22C432780E576
S31500029F402830E305D225432708E52830E405D22741
S31500029F50432710E52830E505D228432720A2AF92F1
S31500029F602BC2AF909034E527F0A3E4F0A3F0A3F060
S31500029F70A22B92AFD007D006D003D002D001D000D8
S31500029F80D0D0D082D083D0E032788F121A67000206
S31500029F90800030290B7893121A67800080008009AE
S31500029FA07893121A67100080007897121A670000D9
S31500029FB004257B017A017958E9EAE429FFE43AFEAD
S31500029FC0E43401FDE433FC789B121A4F789F121A8F
S31500029FD0670000000078A3121A67000018117F8F2D
S31500029FE07C017D5812232C7F9B7C017D6412232CDD
S31500029FF0788F121A67000300007B017A017970E9F3
S3150002A000EAE429FFE43AFEE43401FDE433FC789BFA
S3150002A010121A4F7F8F7C017D7012232C7F9B7C014D
S3150002A0207D7C12232C788F121A67000380007B0135
S3150002A0307A017988E9EAE429FFE43AFEE43401FD8B
S3150002A040E433FC789B121A4F7F8F7C017D881223A2
S3150002A0502C7F9B7C017D9412232C787A121A67003E
S3150002A0600200007B017A017918E9EAE429FFE43A61
S3150002A070FEE43401FDE433FC789B121A4F7F7A7CAE
S3150002A080017D1812232C7F9B7C017D2412232C78C0
S3150002A0907A121A67000268007B017A017930E9EACE
S3150002A0A0E429FFE43AFEE43401FDE433FC789B1232
S3150002A0B01A4F7F7A7C017D3012232C7F9B7C017D97
S3150002A0C03C12232C228F46E546600F9001A6E0B48F
S3150002A0D00404A3E060131228B0229001A6E0B4089B
S3150002A0E004A3E060041228B0227B007A00798B90E8
S3150002A0F001A2E0900003121A039001A3E09000026D
S3150002A100121A039001A4E0900001121A039001A50D
S3150002A110E01219F1D220A2AF9232C2AF90801CE4B3
S3150002A120F0A3F0A3F0A3F0A23292AFA2AF9232C292
S3150002A130AF9080287408F0A3E4F0A3F0A3F0A23253
S3150002A14092AFFFFE7D04FC788B121A42C3121A25C7
S3150002A150402E7FF87EFF7D7F7C00788B121A42D3D9
S3150002A160121A25501BE54660041228B022E4788AAA
S3150002A170F6788B121A36754B00754C0812224D2250
S3150002A180E4FFFE7D03FC788B121A42C3121A2540A5
S3150002A1902E7FF87EFF7D037C00788B121A42D31243
S3150002A1A01A25501BE54660041228B022E4788AF686
S3150002A1B0788B121A36754B00754C0812224D22E521
S3150002A1C0466010788A76027E007F187D047C001233
S3150002A1D01FEF22788A76017E007F187D087C0012A6
S3150002A1E01FEF224755432D5665723A180910053A54
S3150002A1F0454E441201100200000040D1180293009D
S3150002A20001000000010A06100200000040010009D8
S3150002A210023C00010100C03109073C00010100C0F7
S3150002A220310904000006FFFFFF00070501020002D4
S3150002A23000070502020002000705030200020007EA
S3150002A240058102000200070582020002000705835B
S3150002A250034000010403090412011003000000096F
S3150002A260D11802930001000000010A061003000043
S3150002A2700009010009026000010100C00C09076023
S3150002A28000010100C00C0904000006FFFFFF0007E1
S3150002A29005010200040006300F0000000705020255
S3150002A2A000040006300F0000000705030200040048
S3150002A2B006300F0000000705810200040006300F79
S3150002A2C00000000705820200040006300F000000AD
S3150002A2D007058303400001063000000400050F163F
S3150002A2E00002071002020000000A1003000C00021E
S3150002A2F0000000BB010689828A83E0225002E7221F
S3150002A300BBFE02E32289828A83E49322BB010CE527
S3150002A3108229F582E5833AF583E0225006E9258211
S3150002A320F8E622BBFE06E92582F8E222E58229F555
S3150002A33082E5833AF583E49322BB010689828A8306
S3150002A340F0225002F722BBFE01F322F8BB010DE513
S3150002A3508229F582E5833AF583E8F0225006E9255B
S3150002A36082C8F622BBFE05E92582C8F222EB9FF5DA
S3150002A370F0EA9E42F0E99D42F0E89C45F022E6FCB6
S3150002A38008E6FD08E6FE08E6FF22E6FB08E6F9080F
S3150002A390E6FA08E6CBF822ECF608EDF608EEF60841
S3150002A3A0EFF622ECF0A3EDF0A3EEF0A3EFF022D04D
S3150002A3B083D082E493F608740193F608740293F646
S3150002A3C008740393F6740473A8828583F0D083D04D
S3150002A3D082121A97121A97121A97121A97E473E4AC
S3150002A3E093A3C583C5F0C583C8C582C8F0A3C58338
S3150002A3F0C5F0C583C8C582C8229001A3E0FF9001BB
S3150002A400A2E04FFF9001A5E04FFF9001A7E04F6049
S3150002A41003021B9C9001A6E064026003021B9C904F
S3150002A42001A0E0247F604B14605124026003021BEA
S3150002A4309C9001A4E06003021B9C30210890001846
S3150002A4407401F08005E4900018F030291E302F07C1
S3150002A450900018E04404F0303107900018E04408F8
S3150002A460F0302307900018E04410F0E4900019F051
S3150002A470803BE4900018F0A3F08032A2AF9232C281
S3150002A480AF9001A4E090801CF0A3E4F0A3F0A3F047
S3150002A490A23292AF90802CE030E10890001874014D
S3150002A4A0F08005E4900018F0E4900019F0A2AF9253
S3150002A4B032C2AF90801CE4F0A3F0A3F0A3F0A23264
S3150002A4C092AFA2AF9232C2AF9080287408F0A3E492
S3150002A4D0F0A3F0A3F0A23292AF7E007F187D02FCB9
S3150002A4E0121F69221228B0228F828E83302914E528
S3150002A4F030F530E52FF52FE52EF52EE52D4480F5C6
S3150002A5002D8012E530F530E52FF52FE52EF52EE5F7
S3150002A5102D4410F52D7B007A00792DAE83AF82EFA4
S3150002A5202404FFE43EFE9000031219C48F828E8338
S3150002A530F09000021219C48F828E83A3F09000015C
S3150002A5401219C48F828E83A3A3F01219AB8F828E47
S3150002A55083A3A3A3F090801CE0FFA2AF922BC2AF0D
S3150002A560E531F0A3E4F0A3F0A3F0A22B92AFE5311C
S3150002A570247E601D047032A2AF922BC2AF90803847
S3150002A580E4F0A3F0A37402F0A3E4F0A22B92AF804E
S3150002A59018A2AF922BC2AF908038E4F0A3F0A37456
S3150002A5A004F0A3E4F0A22B92AFA2AF922BC2AF901B
S3150002A5B0801CEFF0A3E4F0A3F0A3F0A22B92AF224B
S3150002A5C08F828E83302914E541F541E540F540E559
S3150002A5D03FF53FE53E4480F53E8012E541F541E513
S3150002A5E040F540E53FF53FE53E4410F53E7B007AF7
S3150002A5F000793EAE83AF82EF2404FFE43EFE900074
S3150002A600031219C48F828E83F09000021219C48F2E
S3150002A610828E83A3F09000011219C48F828E83A3C7
S3150002A620A3F01219AB8F828E83A3A3A3F0E5422473
S3150002A6307E601C047031A2AF9224C2AF908038E4CF
S3150002A640F0A3F0A37402F0A3E4F0A22492AF22A234
S3150002A650AF9224C2AF908038E4F0A3F0A37404F062
S3150002A660A3E4F0A22492AF22A2AF9232C2AF9080AC
S3150002A6701CEFF0A3E4F0A3F0A3F0A23292AFA2AFD4
S3150002A6809232C2AF9080247407F0A3E4F0A3744020
S3150002A690F0A3E4F0A23292AFA2AF9232C2AF9080A0
S3150002A6A0347480F0A3E4F0A37408F0A3E4F0A232B9
S3150002A6B092AF7B017A007910E9EAE429FFE43AFED7
S3150002A6C0E43401FDE433FC787A121A4F787E121ACA
S3150002A6D067000000047882121A67000004257F7A58
S3150002A6E07C017D4812232C7B017A017948E9EAE450
S3150002A6F029F561E43AF560E43401F55FE433F55E89
S3150002A7007F207E801226FF22A2AF9232C2AF9080B5
S3150002A7101C7480F0A3E4F0A3F0A3F0A23292AFA2DD
S3150002A720AF9232C2AF78A7121A368F238E228D21AC
S3150002A7308C20A23292AF201A03301B62A2AF923251
S3150002A740C2AF9080287420F0A3E4F0A3F0A3F0A295
S3150002A7503292AFA2AF9232C2AF90801CF0A3F0A3A6
S3150002A760F0A3F0A23292AF7B017A0179A8E9EAE47A
S3150002A77029F561E43AF560E43401F55FE433F55E08
S3150002A7807F207E801226FFA2AF9232C2AF9080381F
S3150002A7907401F0A3E4F0A3F0A3F0A23292AF227800
S3150002A7A07FE4F6D8FD7581AE021E9E0225DBE49398
S3150002A7B0A3F8E493A34003F68001F208DFF48029AC
S3150002A7C0E493A3F85407240CC8C333C4540F44209B
S3150002A7D0C8834004F456800146F6DFE4800B01028A
S3150002A7E0040810204080902910E47E019360BCA3E7
S3150002A7F0FF543F30E509541FFEE493A360010ECFD8
S3150002A80054C025E060A840B8E493A3FAE493A3F801
S3150002A810E493A3C8C582C8CAC583CAF0A3C8C582C1
S3150002A820C8CAC583CADFE9DEE780BE908004E0FFBE
S3150002A830C454076016E50945087075F508750901DF
S3150002A8409001C0121A800000000022E4F508F50902
S3150002A8509001C0E0FCA3E0FDA3E0FEA3E02401FF1B
S3150002A860E43EFEE43DFDE43CFC9001C0121A5B7F2F
S3150002A870A07EBB7D0D7C009001C0E0F8A3E0F9A3A9
S3150002A880E0FAA3E0FBD3121A2540259001C0121A62
S3150002A8908000000000A2AF9232C2AF908000E4F0C6
S3150002A8A0A37480F0A3E4F0A3F0A23292AF1224CCF8
S3150002A8B022AB05AA04E4EFEEE42FFFE43EFEE43405
S3150002A8C001FDE433FC787A121A4FAE02AF03E4FCC0
S3150002A8D0FD787E121A4F7882121A67000004257FCD
S3150002A8E07A7C007D0012232CA2AF9232C2AF9080F6
S3150002A8F01C7480F0A3E4F0A3F0A3F0A23292AF7B23
S3150002A900017A007900E9EAE429F561E43AF560E4BE
S3150002A9103401F55FE433F55E7F207E801226FFA2C6
S3150002A920AF9232C2AF908038E4F0A3F0A304F0A352
S3150002A930E4F0A23292AF22AB05AA04E4EFEEE42FD2
S3150002A940FFE43EFEE43401FDE433FC787A121A4F4A
S3150002A950AE02AF03E4FCFD787E121A4F7882121A19
S3150002A96067000004257F7A7C017DA812232CA2AF02
S3150002A9709232C2AF90801CE4F0A3F0A3F0A3F0A23F
S3150002A9803292AF7B017A0179A8E9EAE429F561E41A
S3150002A9903AF560E43401F55FE433F55E7F207E80AC
S3150002A9A01226FFA2AF9232C2AF9080387401F0A392
S3150002A9B0E4F0A3F0A3F0A23292AF229001A0E02429
S3150002A9C0FE603B2402707130296E9001A3E070682C
S3150002A9D0A3E07064A3E07060A3E0705CA3E070582B
S3150002A9E03033559001A2E024CF600704704AC22F8B
S3150002A9F08042C231803E8040803A80388036900163
S3150002AA00A2E07034A2AF9232C2AF9001A4E090806D
S3150002AA101CF0A3E4F0A3F0A3F0A23292AFA2AF928D
S3150002AA2032C2AF9080287404F0A3E4F0A3F0A3F03E
S3150002AA30A23292AF122468221228B0228E468F4783
S3150002AA407B007A0079489000031219C48F828E83A4
S3150002AA50F09000021219C48F828E83A3F090000137
S3150002AA601219C48F828E83A3A3F01219AB8F828E22
S3150002AA7083A3A3A3F07A00794CEF2404FFE43EFEFD
S3150002AA809000031219C48F828E83F090000212196D
S3150002AA90C48F828E83A3F09000011219C48F828E16
S3150002AAA083A3A3F01219AB8F828E83A3A3A3F022F2
S3150002AAB09001A3E0FF9001A2E04FFF9001A4E04FB6
S3150002AAC0FFA3E04FFF9001A7E04F60041228B022D7
S3150002AAD09001A6E0640160041228B0223033089087
S3150002AAE000187401F08005E4900018F0A2AF9232CB
S3150002AAF0C2AF90801CE4F0A3F0A3F0A3F0A23292BE
S3150002AB00AFA2AF9232C2AF9080287408F0A3E4F0ED
S3150002AB10A3F0A3F0A23292AF7E007F187D01FC1251
S3150002AB201F6922787A121A4FAE5AAF5BE4FCFD789F
S3150002AB307E121A4F7882121A67000004257F7A7CE9
S3150002AB40007D0012232CA2AF9232C2AF90801C74F9
S3150002AB5080F0A3E4F0A3F0A3F0A23292AF7B017AD5
S3150002AB60007900E9EAE429F561E43AF560E43401A2
S3150002AB70F55FE433F55E7F207E801226FFA2AF9258
S3150002AB8032C2AF908038E4F0A3F0A304F0A3E4F05D
S3150002AB90A23292AF22787A121A4FAE4BAF4CE4FC35
S3150002ABA0FD787E121A4F7882121A67000004257FFA
S3150002ABB07A7C017DA812232CA2AF9232C2AF90807A
S3150002ABC01CE4F0A3F0A3F0A3F0A23292AF7B017AC9
S3150002ABD00179A8E9EAE429F561E43AF560E4340189
S3150002ABE0F55FE433F55E7F207E801226FFA2AF92E8
S3150002ABF032C2AF9080387401F0A3E4F0A3F0A3F060
S3150002AC00A23292AF228B3C8A3D893E8F428E418D83
S3150002AC10408C3F7B007A00793F8B438A448945907A
S3150002AC2000031219C4AB3CAA3DA93E1219F1AB436B
S3150002AC30AA44A9459000021219C4AB3CAA3DA93EFA
S3150002AC40900001121A03AB43AA44A94590000112CF
S3150002AC5019C4AB3CAA3DA93E900002121A03AB43AB
S3150002AC60AA44A9451219ABAB3CAA3DA93E900003E2
S3150002AC70121A03228F5CE4F9E9C3940C5060E924AA
S3150002AC8003255CF8E6FFED29F582E43CF583EFF057
S3150002AC90E92402255CF8E6FFE92401FBE433FAED38
S3150002ACA02BF582EC3AF583EFF0E904255CF8E6FF32
S3150002ACB0E92402FBE433FAED2BF582EC3AF583EF55
S3150002ACC0F0E55C29F8E6FFE92403FBE433FAED2B11
S3150002ACD0F582EC3AF583EFF0740429F9809A229012
S3150002ACE001A2E0603A12252CD230A2AF9232C2AF54
S3150002ACF09080007401F0A3E4F0A3F0A3F0A23292D4
S3150002AD00AF122838A2AF9232C2AF9080007402F01E
S3150002AD10A3E4F0A3F0A3F0A23292AFD233801E12C4
S3150002AD2029FDD230A2AF9232C2AF9080007401F0F8
S3150002AD30A3E4F0A3F0A3F0A23292AFC233122468C6
S3150002AD40303303D2A822C2A8229001A3E0FF9001C9
S3150002AD50A2E04FFF9001A4E04FFFA3E04FFF900156
S3150002AD60A7E04F60041228B0229001A6E0640160B9
S3150002AD70041228B022E4900018F0A2AF9232C2AFB9
S3150002AD8090801CF0A3F0A3F0A3F0A23292AFA2AF80
S3150002AD909232C2AF9080287408F0A3E4F0A3F0A325
S3150002ADA0F0A23292AF7E007F187D01FC121F69224B
S3150002ADB0A2AF9232C2AF90801CE4F0A3F0A3F0A33C
S3150002ADC0F0A23292AFA2AF9232C2AF90802874281C
S3150002ADD0F0A3E4F0A3F0A3F0A23292AF7B017A01D2
S3150002ADE079A8E9EAE429F561E43AF560E43401F583
S3150002ADF05FE433F55E7F207E801226FFA2AF923299
S3150002AE00C2AF9080387401F0A3E4F0A3F0A3F0A2DD
S3150002AE103292AF229001BC121A80000000007FE03D
S3150002AE207E937D047C009001BCE0F8A3E0F9A3E0E8
S3150002AE30FAA3E0FBC3121A2550219001BCE0FCA341
S3150002AE40E0FDA3E0FEA3E02401FFE43EFEE43DFDB7
S3150002AE50E43CFC9001BC121A5B80C3A2AF9232C2E0
S3150002AE60AF908000E4F0A37440F0A3E4F0A3F0A254
S3150002AE703292AF22A2AF9232C2AF909050E4F0A3C8
S3150002AE807404F0A3E4F0A3F0A23292AFA2AF92321E
S3150002AE90C2AFA3F0A37404F0A3E4F0A3F0A232922B
S3150002AEA0AFA2AF9232C2AFA3F0A37404F0A3E4F050
S3150002AEB0A3F0A23292AFA2AF9232C2AF9090347494
S3150002AEC07CF0A3E4F0A3F0A3F0A23292AF2290802A
S3150002AED005E030E2F9A2AF9232C2AF908000E4F010
S3150002AEE0A37480F0A3E4F0A3F0A23292AFA2AF92D1
S3150002AEF032C2AF908000F0A304F0A3744AF0A374A8
S3150002AF000AF0A23292AFA2AF9232C2AF908014740C
S3150002AF10FFF0A3740BF0A37437F0A37407F0A23208
S3150002AF2092AF22758E01756105756010755F0975A0
S3150002AF305E187F407EA31226FF90A30EE030E30444
S3150002AF40C2218002D221122676C233122586122609
S3150002AF502FD22A1224CC75A884302605C226120BBB
S3150002AF6021302E05C22E1213A8302D05121DC0C285
S3150002AF702D121EE380E322E4FFFE7E017F00900095
S3150002AF8018E4F0A3DFFCDEFA7B017A0179A0E9EA94
S3150002AF90E429FFE43AFEE43401FDE433FC787A1254
S3150002AFA01A4F787E121A67000000087882121A6712
S3150002AFB0000004257F7A7C017DA812232C22A2AFF1
S3150002AFC09224C2AF90A3147404F0A37480F0A3E495
S3150002AFD0F0A3F0A22492AFA2AF9224C2AF90A31420
S3150002AFE07404F0A3E4F0A3F0A3F0A22492AFA2AFFC
S3150002AFF09224C2AF90A314F0A3F0A3F0A3F0A2246C
S3150002B00092AF228E488F498C4A8D4B8A4C8B4DE4E7
S3150002B010F54EF54FC3E54F954DE54E954C5027E558
S3150002B02049254FF582E548354EF583E493FFE54B16
S3150002B030254FF582E54A354EF583EFF0054FE54F8C
S3150002B0407002054E80CE227B007A00795EA2AF9214
S3150002B05032C2AF9000031219C48F828E83F0900021
S3150002B060021219C48F828E83A3F09000011219C4B2
S3150002B0708F828E83A3A3F01219AB8F828E83A3A332
S3150002B080A3F0A23292AF227B007A007942A2AF925B
S3150002B09032C2AF9000031219C48F828E83F09000E1
S3150002B0A0021219C48F828E83A3F09000011219C472
S3150002B0B08F828E83A3A3F01219AB8F828E83A3A3F2
S3150002B0C0A3F0A23292AF227B007A0079568F828E4B
S3150002B0D083E0900003121A038F828E83A3E090000E
S3150002B0E002121A038F828E83A3A3E0900001121A22
S3150002B0F0038F828E83A3A3A3E01219F1AF59AE5830
S3150002B100AD57AC56227B007A0079408F828E83E05F
S3150002B110900003121A038F828E83A3E0900002121C
S3150002B1201A038F828E83A3A3E0900001121A038F63
S3150002B130828E83A3A3A3E01219F1AF43AE42AD41BF
S3150002B140AC4022A2AF9232C2AF90801CE4F0A3F0D0
S3150002B150A3F0A3F0A23292AFA2AF9232C2AF908016
S3150002B160287408F0A3E4F0A3F0A3F0A23292AFD2BF
S3150002B17020788A76037E007F187D06FC121FEF2256
S3150002B1801216417F01120F1A7F02120F1A7F031243
S3150002B1900F1A7F81120F1A7F82120F1A7F83121DD6
S3150002B1A020A2AF9232C2AF90803C740FF0A3E4F0BB
S3150002B1B0A3740FF0A3E4F0A23292AF22A2AF9232AE
S3150002B1C0C2AF90801CEFF0A3E4F0A3F0A3F0A2328A
S3150002B1D092AF7F247E8012277FEF54FEF549EEF56B
S3150002B1E048EDF547ECF5468549618E608D5FF55E63
S3150002B1F07F247E801226FF22A2AF9232C2AF9080B7
S3150002B2001CE4F0A3F0A3F0A3F0A23292AFA2AF9295
S3150002B21032C2AF9080287402F0A3E4F0A3F0A3F048
S3150002B220A23292AF122468227F1C7EA31227BD8F00
S3150002B2303F8E3E8D3D8C3CE53F54FCFFE53EE53DB1
S3150002B240E53CEF4402F545EEF544EDF543ECF542F7
S3150002B2507F1C7EA312273F22020800004401C00081
S3150002B260000000C12EC12DC126C120C129C125C1A0
S3150002B27027C128C12CC12AC133C122C130C1A1C1F3
S3150002B2802FC131C123009001A2E025E0FFE433FE85
S3150002B290EF4401FFE48F498E48F547F5468F618EEC
S3150002B2A06085475F85465E7F087E801226FF1224F0
S3150002B2B068227F1C7EA31227BD8F3F8E3E8D3D8C5A
S3150002B2C03CE53F4403F545E53EF544E53DF543E5FA
S3150002B2D03CF5427F1C7EA312273F229001A3E0FF8A
S3150002B2E09001A2E04FFF9001A4E04FFFA3E04FFFC1
S3150002B2F0A3E04FFFA3E04F60041228B02212246895
S3150002B30022E41219F1ED25E025E0900001121A035C
S3150002B310EDC413135403900002121A03900003742F
S3150002B32080121A03220002040408080808101010EA
S3150002B3301010101010202020202020202020202055
S3150002B34020202020207F011228747F021228747F79
S3150002B350031228747F811228747F821228747F83D5
S3150002B36012287422C22022001F2A0000B5D9010029
S3150002B370A4AA002000000000108502003085020009
S3150002B380F08402000000000000000000000000003F
S3150002B39000000000000000000000000000000000A5
S3150002B3A00000000000000000000000000000000095
S3150002B3B00000000000000000000000000000000085
S3150002B3C00000000000000000000000000000000075
S3150002B3D0000000002C0202204300000000000000D2
S3150002B3E00000000000000000000000000000000055
S3150002B3F00000000000000000430000000000000002
S3150002B4000000000000000000000000000000000034
S3150002B41000000000000000004300000000000000E1
S3150002B4200000000000000000000000000000000014
S3150002B43000000000000000004300000000000000C1
S3150002B44000000000000000000000000000000000F4
S3150002B45000000000000000004300000000000000A1
S3150002B46000000000000000000000000000000000D4
S3150002B4700000000000000000430000000000000081
S3150002B48000000000000000000000000000000000B4
S3150002B4900000000000000000430000000000000061
S3150002B4A00000000000000000000000000000000094
S3150002B4B00000000000000000A9130200751302003C
S3150002B4C000000000EF830200757D02000B5E0200A1
S3150002B4D00B5E02000B5E02000B5E02000B5E0200B8
S3150002B4E00B5E02000B5E02000B5E02000B5E0200A8
S3150002B4F0FFFFFFFFFFFFFFFFFFFFFFFFFFFF000052
S3150002B50001004153434949000000000000000000C9
S3150002B5100000000000000000000000000000000023
S3150002B52000004153434949000000000000000000AA
S3150002B5300000000000000000000000000000000003
S3090002B54000000000FF
S31520240000F7B500224FF0FF3320201146019300F04C
S3152024001081FB064698B143227D4900F0D9FB4FF453
S31520240020FA737C4FF36100237B4C3B703B7843B1BE
S31520240030304600F0BFFB794B18680CF055F903B015
S31520240040F0BD6946304600F0F3FC05460028EDD184
S31520240050034600984FF401726F49006803F034FD7B
S31520240060009801F0E3FA94F8F230012B0FD0032BF9
S31520240070DCD16B49022301F58A7223700B78FF2B7E
S3152024008003D0322B56D0914250D3002153E0022361
S3152024009040F213122946624823700CF021F9614B51
S315202400A0042261491B886148CB700CF015F904227F
S315202400B05F4960480CF010F903225F4958480CF038
S315202400C00BF906225D495E480CF006F906225D49A5
S315202400D05D480CF001F906225C495D480CF0FCF8D9
S315202400E006225C495C480CF0F7F8062304225B4977
S315202400F05B4884F805310CF0EFF8FF2384F80F31A0
S3152024010001F088FA4FF48871009001F0A1FA4FF497
S31520240110887221460CF0E0F8442301AA009930463F
S3152024012000F096FB009801F081FA7FE74B780233A2
S315202401301944A3E7023104223C480CF0CDF840F2BE
S315202401401312002136480CF0CBF8042238493948BA
S315202401500CF0C2F8344B334D1B682A889BB243EAF1
S315202401600263120202F47F02134322699A424FF059
S3152024017003021AD03B492A480CF0AEF806222F490E
S315202401802F480CF0A9F80422002128480CF0A8F8BE
S315202401902D4AFF2302F8013B151B01F03BFA009060
S315202401A0A9B201F055FA2A46B3E72F491C480CF088
S315202401B093F80622214922480CF08EF8062221495A
S315202401C021480CF089F80622204921480CF084F88D
S315202401D00622204920480CF07FF8062304221F49B2
S315202401E01F4884F805310CF077F82B885A1C91B2D5
S315202401F0D2B2FF2A0ABF663329802B802B881A0A7B
S31520240200FF2A1A4A04BF03F500732B80C1E700BFD7
S31520240210A8962420601201205C100120641201205B
S315202402204C1101206C120120681201206C1001202F
S31520240230678E2420481101206E8E24206E120120E0
S315202402404F110120778E242055110120878E2420BA
S315202402505B110120718E2420611101207D8E2420A2
S31520240260671101206B8E2420648E24206B1101209B
S315202402702DE9F341154BC0F30746C0F307275FFA50
S3152024028080F800229E7083F8008004465F70DA701E
S3152024029033020F4D64330F4A0F4928461380062212
S315202402A00CF01AF8C822230E0C490D486B710D4BFD
S315202402B085F8028001930323EF70009323462E7141
S315202402C00BF0D6FF02B0BDE8F08100BF68120120F2
S315202402D06E1201206C120120818E2420988E2420D7
S315202402E001002420641201200146054808B50CF09B
S315202402F003F84FF47A700BF0D3FF0BF0B1FFFEE72F
S31520240300A48E2420054B43F239020549186801FBA3
S3152024031000201860C0F30E40704700BF74120120DD
S315202403206D4EC64110B504460022084604210BF022
S31520240330CBFF206070B1094AB2F8EC30B2F8EE1047
S3152024034001339BB29942A2F8EC3001D2A2F8EE30C6
S31520240350002001E04FF0FF3010BD00BF68000220CE
S3152024036010B5044600680BF073FF80B14FF02003CC
S3152024037083F31188BFF36F8FBFF34F8F09490A4840
S315202403800BF0D6FF4FF4FA700BF08AFFFAE7074AF0
S315202403902068B2F8EC30013BBDE81040A2F8EC30DE
S315202403A00BF04EBFB68E2420D18E24206800022046
S315202403B01FB5002401910394EFF305830068ABB1A4
S315202403C0234603AA01A90BF067FF012814D1039B16
S315202403D0012B02D0002004B010BD0C4B4FF08052CC
S315202403E01A60BFF34F8FBFF36F8FF3E71A4601A925
S315202403F00BF03AFF0128EDD0054A4FF0FF30B2F832
S31520240400F0300133A2F8F030E5E700BF04ED00E038
S3152024041068000220F7B50D46064617460BF034FF32
S31520240420044605B901AD87B13A46294630680BF012
S315202404305FFF012804D10BF027FF001B03B0F0BD7A
S3152024044000234FF0FF302B60F8E74FF0FF32294688
S3152024045030680BF04DFF0128F7D10BF015FF001B58
S31520240460012838BF0120E9E707B501B901A90022EF
S3152024047000680BF03DFF013818BF4FF0FF3003B062
S315202404805DF804FB012938B504460D4618D90846DB
S315202404900BF016FF20602068104CB8B115B9012145
S315202404A00BF056FFB4F8E030B4F8E22001339BB2C7
S315202404B09A42A4F8E03001D2A4F8E23000200CE0DD
S315202404C00322002101200BF0FFFEE3E7B4F8E430F9
S315202404D04FF0FF300133A4F8E43038BD6800022001
S315202404E070B50E4605460BF0CFFE04464EB1314676
S315202404F028680BF02DFF012811D10BF0C5FE001B17
S3152024050070BD4FF0FF3128680BF022FF0128F8D167
S315202405100BF0BAFE001B012838BF0120F0E74FF06C
S31520240520FF30EDE710B5044601200BF0D1FE0C4A2E
S31520240530206068B1B2F8E630B2F8E81001339BB2F5
S315202405409942A2F8E63001D2A2F8E830002006E04B
S31520240550B2F8EA304FF0FF300133A2F8EA3010BD6A
S315202405606800022010B504464FF0FF3120680BF0B6
S31520240570EFFE0128F8D110BD002300681A4619463B
S315202405800BF072BEFFF7F8BF044A0068B2F8E030D9
S31520240590013BA2F8E0300BF053BE00BF68000220D6
S315202405A070470BF071BE000030B51C1E054685B081
S315202405B0084602DC0948FFF797FE03AB2946019338
S315202405C0089B00931346A2B20BF052FE012801D0B9
S315202405D00348F0E7039805B030BD00BFE38E2420FE
S315202405E0F58E242010B5EFF305845CB1EFF3118446
S315202405F04FF0200383F31188BFF36F8FBFF34F8F00
S31520240600204610BD0BF02CFEFAE7EFF3058313B139
S3152024061080F3118870470BF097BE000010B5074C65
S315202406200748FFF79FFF23781BB90BF029FE054BBC
S31520240630186023780133237010BD00BF7C1201205B
S315202406408812012080120120054A1378013BDBB24F
S3152024065013700BB9034A13600348FFF78DBF00BFFD
S315202406607C120120801201208812012008B50BF06B
S3152024067007FE014B186008BD8412012008B5EFF34C
S31520240680058313B10848FFF72FFE084B1B6853B187
S315202406900BF0F6FD064B1B68834202D1054B1B78D3
S315202406A00BB90548EFE708BD0A8F242084120120C0
S315202406B0801201207C120120318F2420FA230A68FB
S315202406C010B50C320B710C4601F0ECF808B994F9EC
S315202406D0040010BD00B589B050B90B480BF00CFEB0
S315202406E00A480BF009FE6FF00F0009B05DF804FBF1
S315202406F0292300908DF80810694605488DF809307D
S31520240700FFF7DCFFF1E700BF538F242038C62420CF
S315202407108115242030B50D4689B0114600F0C2FD3E
S31520240720044648B30090694615488DF80850FFF7CB
S31520240730C5FF08B3636813B11248FFF7D5FD2369B3
S3152024074013B91148FFF7D0FD636913B10F48FFF79A
S31520240750CBFDE36804F10C0513B90D48FFF7C4FD5E
S315202407602846FFF711FF04F11000FFF7F9FD214673
S315202407700024072002F07EFD204609B030BD00BFAC
S31520240780451224206F8F2420908F2420A58F242067
S31520240790C68F242000B589B038B129230090694614
S315202407A003488DF80930FFF789FF09B05DF804FB6B
S315202407B00114242038B5054640B1FFF7EBFF044643
S315202407C010B9284600F0AEFD204638BD0446FBE786
S315202407D000B589B050B90C480BF08EFD0B480BF0B0
S315202407E08BFD6FF00F0009B05DF804FB084B0090D9
S315202407F0002908BF19460748ADF80C2002916946FE
S31520240800FFF75CFFEFE700BFDF8F242038C62420C4
S31520240810A8962420D914242000B589B050B9094893
S315202408200BF06AFD08480BF067FD6FF00F0009B046
S315202408305DF804FB0090029169460448FFF73EFFC9
S31520240840F5E700BF1E90242038C624200D15242029
S3152024085029B102B112688A608B81FFF7DDBF6FF060
S315202408600500704738B5044648B1FFF7BBFE002380
S3152024087094F908502372FFF7C8FE284638BD05464A
S31520240880FBE70000002373B504460D46019349B9BE
S3152024089034480BF031FD34480BF02EFD6FF00F0059
S315202408A002B070BD0B6008B93048F2E7036933B94A
S315202408B0FFF7D8FF0028F3D16FF00A00F0E794F869
S315202408C0283002F00402103003F00303134302D12C
S315202408D094F9083013B301A9FFF7C6FD013011D0CE
S315202408E02378019803F0F003102B33D10DF1030163
S315202408F000F086FCD8B19DF9030010F10F0F08BF34
S315202409000020CDE72046FFF7ADFF0028C8D194F874
S315202409102830DB07D0D46FF00600C1E7E26901A9AD
S31520240920FFF778FD0130DBD16FF00200B8E7019B99
S315202409301E89FFF757FE636A9B1B6362FFF765FEDA
S31520240940236B1BB13246012120469847019B002068
S315202409502B60A5E710B90648FFF7C6FC019B1B6848
S31520240960E6E700BF3990242038C624205790242037
S31520240970729024200369F0B5044689B00F461646A2
S31520240980002B4BD090F9285090F82830002D13DADC
S3152024099003F07F0380F82830236B1BB1002201212A
S315202409A020469847636893BB2046FFF75BFF051EC6
S315202409B008BF6FF00D051EE0FFF764FF0546D0B98A
S315202409C032073F680CD4CFB13A89237803F0F00359
S315202409D0102B15D013480BF08FFC13480BF08CFCEE
S315202409E04FB9F306D8D594F828306FF0060563F06E
S315202409F07F0384F82830284609B0F0BD0122E4E795
S31520240A0069460A4800940292FFF758FEE8E7012136
S31520240A1020466FF00E05FFF75DFEECE76FF00A0522
S31520240A20E9E700BFFA8F242038C62420491524203C
S31520240A30F7B504460E4651B91D486FF00F040BF046
S31520240A405BFC1C480BF058FC204603B0F0BD002765
S31520240A500F6008B91848F0E7037803F0F003102B49
S31520240A6021D10620019702F0EDFB0546C0B1204690
S31520240A703A4601A9FFF77EFF044620B129460620DF
S31520240A8002F0F8FBE0E7019B13B90C48FFF72CFC96
S31520240A90019BC5E900330023AB81AB603560D3E7E6
S31520240AA04FF0FF34D0E73A46FFF7ECFE0446CBE777
S31520240AB03990242038C62420579024207F9C242013
S31520240AC007B501464068019003F0E8FA01980949E0
S31520240AD003F0ECFA0198084903F0FAFA0198022265
S31520240AE0064903F023FB0649019803B05DF804EB7D
S31520240AF003F0FEBA390F24209D112420C90E242068
S31520240B00E10F24202DE9F74F8846044610B97B4867
S31520240B10FFF7EAFB6378012B02D07948FFF7E4FB41
S31520240B20E36A13B97748FFF7DFFB636813B976487E
S31520240B30FFF7DAFBE36AD3E905329A4202D37348F4
S31520240B40FFF7D2FBE36A9B8913B97148FFF7CCFBE5
S31520240B50E36A94F8287093F81CA007F00207DFF8BC
S31520240B60B4B10AF004021743D4F82C90D9F80820FB
S31520240B70D9F81000536811681D1A62680144B5F526
S31520240B80803FB2F864602ABF4FF6FF7C1FFA85FCAB
S31520240B904AF0020AB44575D9002F38D0002E38D110
S31520240BA0D9F81830002B0CBF6FF006050025E36A10
S31520240BB0D3E905329A4272D2236B1BB10022032138
S31520240BC02046984794F8283043F0100384F8283098
S31520240BD0002D79D1E36AD3E905329A4272D0003FB7
S31520240BE018BF0127606806F015F804307ED16FF00F
S31520240BF00305E36A1D7100251868E5626570B8F15E
S31520240C00000F79D00C30FFF7BDFC284666E04AF069
S31520240C10020A3044834204D258460191FFF764FBEA
S31520240C2001994FF6FF739E4202D1B5F5803F06D235
S31520240C30ADB2B54228D1E26A9289012A24D94AF052
S31520240C40020A4FF0010953463246606805F0C2FA7B
S31520240C500546E0B9E16A8A69886832448A610A6964
S31520240C601644426896420E6107D18A89013A92B285
S31520240C708A8112B108300D618860B9F1000F7FF4A2
S31520240C8073AF0AE06646C4E74FF00009DBE7431C4E
S31520240C90DBB2012BADD84FF0FF35002F87D1636807
S31520240CA041F21C12B3F86410914203D9B3F866308A
S31520240CB0082B8DD9236B002B8AD000220321204692
S31520240CC0984785E701278DE76B1C92D1606805F04C
S31520240CD0A1FF04308BD027B94FF0FF3003B0BDE8F5
S31520240CE0F08FE36A9B6923B1002582E7002FFBD18D
S31520240CF0F2E76FF006057CE74046EFE77E90242056
S31520240D008B902420A8902420C2902420D89024207C
S31520240D10179124203F9124202DE9F84F8946044613
S31520240D2010B96048FFF7E0FA237803F0F003102B7C
S31520240D3002D05D48FFF7D8FA6378042B02D05B48AB
S31520240D40FFF7D2FA636813B95948FFF7CDFAE36A55
S31520240D5013B95848FFF7C8FAE36A65681B7A032B48
S31520240D6003F0010A03F002080FD0BAF1000F05D0D0
S31520240D702B7D5A1F012A08D9082B06D0B8F1000F3B
S31520240D8016D06F8B17F0100704D001270021284690
S31520240D9003F084F92B7D012B0CD10021284603F066
S31520240DA0B9F927BB42465146284603F0A7FD21E040
S31520240DB04746EFE7BAF1000F07D00021284603F073
S31520240DC075F90021284603F0A5F9B8F1000F03D0C0
S31520240DD00021284603F07CF9002FE3D00022284660
S31520240DE0114603F0A3F90021284603F081F9284669
S31520240DF003F0AEFC064660B1431C0AD1E36A93F89D
S31520240E0009B0BBF1000F30D11FB15E46284603F04E
S31520240E1029FEE36A1D681E710023E3626370CEB93E
S31520240E2037B1236B66601BB132460421204698478E
S31520240E30BAF1000F05D0236B1BB1002220461146A0
S31520240E409847B8F1000F05D0236B1BB1002202214D
S31520240E5020469847B9F1000F22D0002605F10C0030
S31520240E60FFF790FB3046BDE8F88F2B7D012B02D16E
S31520240E701148FFF739FAB8F1000F03D00F49284655
S31520240E8003F026F9012228460D4903F04FF9284676
S31520240E900C4903F02DF92146284603F0FFF8E1E713
S31520240EA04E46DFE72C9024206A9124208891242002
S31520240EB0AC912420A8902420BF9124209D11242065
S31520240EC0C90E2420E10F242010B5044610B9194850
S31520240ED0FFF70AFA617801291ED12046FFF712FE70
S31520240EE094F82830DA0615D562689AB1B2F86400E7
S31520240EF041F21C1188420DD9B2F86620082A09D855
S31520240F0023F0100384F82830236B1BB100220221FE
S31520240F1020469847002010BD0429E1D1E26A1AB15F
S31520240F20537A0BB1013B537201212046FFF7F4FE7D
S31520240F30D6E700BF7E902420F8B5054616461C46E3
S31520240F400F4611B92148FFF7CFF965BB2048FFF793
S31520240F50CBF94CBB6FF005042046F8BD38463189C1
S31520240F6003F03AF8304602F0B1FBF5E7AEB1378903
S31520240F70314605F11000FFF71BFA044680B9FFF726
S31520240F8031FB6B6A3B446B62FFF73FFB2B6BDBB178
S31520240F903A46214628469847DEE70E4E0027E7E7BD
S31520240FA04FF0FF34D8E724B10B48FFF79DF9002DE5
S31520240FB0D0D06B68BB4202D00848FFF795F92C693C
S31520240FC0002CD3D1002EC9D10024C5E7E2912420B8
S31520240FD00492242015942420239224203B922420F6
S31520240FE0F8B50D46044610B93848FFF77DF9FFF7C2
S31520240FF0F9FA94F828300026677843F001032572FD
S31520241000666084F828306670FFF7FFFA236B1BB1DD
S315202410103246042120469847236B1BB100222046C2
S3152024102011469847236B1BB100220221204698475C
S3152024103005F10F03DBB2022B37D8254A52F8236059
S31520241040236923B1314604F11000FFF7B1F963690E
S3152024105023B1314604F11400FFF7AAF9012F02D057
S31520241060FB1E012B29D894F8283023F004025B0791
S3152024107084F8282028D4E36A13B91648FFF734F9CC
S31520241080042FE36A0ABF00221D711A711B6803F11B
S315202410900C05DB6813B91048FFF726F900232846E8
S315202410A0E362BDE8F840FFF76DBA25B10B48002668
S315202410B0FFF71AF9C4E72E46C2E7E36A23B10848A4
S315202410C0BDE8F840FFF710B9F8BD00BF7E90242074
S315202410D008942420A89024206992242059922420FC
S315202410E0829224202DE9F041044616461F46BDF857
S315202410F018800D4611B92648FFF7F6F8BCB92548BD
S31520241100FFF7F2F83046BDE8F04102F0DFBAFFF7E8
S3152024111069FA636A3B446362FFF777FA236B002BF1
S3152024112033D03A4631462046BDE8F0411847636815
S31520241130AB4202D01848FFF7D7F8FFF753FA656A6F
S31520241140FFF763FA2369002BDCD03389226A2B44E8
S315202411509342D7DC062002F075F805460028D1D024
S31520241160C0E9006607B13F68AF60294604F1100044
S31520241170A5F80C803789FFF71BF906460028C6D028
S315202411802846BDE8F04100F051BABDE8F08100BF01
S315202411909C922420BE922420DD92242038B5154604
S315202411A0044650B91548FFF79FF8002038BD042976
S315202411B008D10121FFF7B0FD04E041780129F6D1B9
S315202411C0FFF7A0FC6368002BEFD0B3F8641041F23C
S315202411D01C129142E9D9B3F86630082BE5D894F845
S315202411E0283023F0100384F82830236B002BDCD0FE
S315202411F02A46022120469847D7E700BF7E902420FE
S3152024120038B505460C4611B90A48FFF76DF80A4B3E
S315202412109D4203D1F3230120237038BD074B9D42E1
S3152024122001D1F223F7E7064B9D4201D1F123F2E7C0
S315202412300020F2E7FB9224201494242016942420C0
S315202412401594242038B5002305680446037168685C
S3152024125028BB2B7803F0F003102B14D0202B1CD181
S3152024126006F02CFB22686860506850B113780C492C
S31520241270222B04BF0123037406F0D0FA23685B686B
S315202412806BB9FF230AE003F0E9FC68602068436811
S31520241290002BF6D0FFF714FCF0E7FA23237138BD90
S315202412A0E510242070B5054607200E4601F0CAFF16
S315202412B0044690B3057005F0F0050023102D037223
S315202412C043600AD0202D08D01548FFF70DF8214673
S315202412D00720002401F0CEFF1FE004F110050C2185
S315202412E02846FFF71FF801460028F0D104F10C0008
S315202412F0FFF7C8F818B12846FFF732F8E7E74FF08A
S31520241300FF3360616070A3616FF00043E06184F86D
S315202413102800C4E90B06C4E90830204670BD00BF66
S3152024132007932420436810B5044613B10C48FEF7CE
S31520241330DBFF236913B10B48FEF7D6FF636913B18C
S315202413400948FEF7D1FF04F10C00FFF71DF900230D
S3152024135021460720E360BDE8104001F08BBF00BF83
S315202413602D9324205B932420959324200369F7B579
S31520241370044663B100F1100501A92846FFF774F845
S31520241380013015D12846FEF7EBFF0023236163693C
S3152024139063B104F1140701A93846FFF765F8013033
S315202413A019D13846FEF7DCFF0023636103B0F0BD74
S315202413B02378019803F0F003102B09D10DF10301B2
S315202413C0FFF71EFF0028D7D1019802F07FF9D3E733
S315202413D000F02CF9D0E70DF103010198FFF710FF57
S315202413E006460028D7D1019D2846FFF7BFFF686807
S315202413F010B103F037FB6E602846FFF793FFCAE748
S31520241400036870B55D7804464DB11B7803F0F0036C
S31520241410102B02D02D48FEF767FF022D22D100255E
S3152024142020682571FFF7A2FF2268506860B11378DF
S3152024143003F0F003102B1FD0202B02D1C56106F018
S3152024144003FA236800225A602068036B13B1002212
S31520241450114698472068036B6BB100220221BDE810
S3152024146070401847032D04D1236893F828305B074E
S31520241470D5D4FB23237170BDD36A13B11448FEF748
S3152024148033FF206804230021437003232372C4627C
S31520241490FFF742FC0028EED023685B78042B02D089
S315202414A00C48FEF721FFFFF7CFF8206800210C30E7
S315202414B0FFF716F8FFF7B2F823685B78002BDAD00B
S315202414C00448BDE87040FEF70FBF00BFD193242007
S315202414D0E593242000942420036810B504465868F4
S315202414E088B11B7803F0F003102B07D0202B0AD1C8
S315202414F0A289A16805F0C6FF207110BDA289A16822
S3152024150002F06AFCF8E76FF00500F5E710B504460B
S315202415100068FFF7A7F968B92368586888B11B784B
S3152024152003F0F003202B0CD1A268936811681BB911
S3152024153006F020F9207110BD9389083206F0E0F8D0
S31520241540F8E76FF00A00F5E7F8B50023044603719F
S3152024155003685A6892B11B7803F0F003102B0DD13F
S3152024156085684FF6FF77BD422E46236828BF3E4620
S315202415705868B1B202F030FDAD1BF4D1F8BD00009D
S3152024158010B504460068436863B1037803F0F0037A
S31520241590102B07D1227A4378032A01D0022B01D09B
S315202415A0032B02D1F523237110BD012B01D1FB235B
S315202415B0F9E7D30701D5FFF7D9FE2368DB6A13B1F0
S315202415C01248FEF791FE2068042300214370C4624A
S315202415D0FFF7A2FB0028E7D023685B78042B02D0F0
S315202415E00B48FEF781FEFFF72FF8206800210C30E8
S315202415F0FEF776FFFFF712F823685B78002BD3D00B
S315202416000348BDE81040FEF76FBE00BFE5932420B3
S315202416100094242010B5062001F014FE044618B1A7
S31520241620102200210AF05CFE204610BD10B5044687
S3152024163060B1006820B102F049F80023C4E90033E0
S3152024164021460620BDE8104001F014BE10BD00003E
S3152024165038B50D46044638B90F480AF04DFE0F48D2
S315202416600AF04AFE204638BD006808B102F02EF85A
S315202416704FF420722946542002F07CF8206000285A
S31520241680F1D04389AB4202D20548FEF72DFE2368CA
S3152024169058686360E7E700BF1794242038C62420BF
S315202416A0319424201FB5C369029383690193436926
S315202416B00093D0E90323D0E9010101F06BFE002831
S315202416C00CBF6FF00B00002005B05DF804FB10B5AD
S315202416D0C468034640681CB12346BDE81040184719
S315202416E09B689847204610BD10B50D4C88B0002A1B
S315202416F008BF2246002B08BF2346002908BF2146BF
S31520241700CDE903230A9B05930B9BCDE9010106937F
S3152024171069460C9B0348079300F0D0F808B010BD07
S31520241720A8962420A516242000B589B0CDE9010148
S3152024173069460348039200F0C1F809B05DF804FB1A
S31520241740CF16242001F0C2BF07B5FEF78FFFFEF780
S3152024175065FF264B1B6813B1254A10689847254DEB
S31520241760FEF78CFF05F06AFD431C04460ED1FEF7D6
S315202417706BFF002201A92846FEF74CFEFEF74EFFFA
S31520241780019CA4B91C48FEF7AFFDE9E710B905F082
S3152024179031FDE5E7FEF758FF224601A92846FEF744
S315202417A039FE0446FEF73AFF0134F0D0E8E72378E1
S315202417B0012B10D0022B14D0002BE3D16068D4E95E
S315202417C00213984710B1606801F080FF2146092052
S315202417D001F050FDC4E7D4E901309847214608207A
S315202417E0F6E7D4E901309847BAE700BF8C120120E6
S315202417F0901201209412012055942420F8B50F4BE1
S3152024180007460E4615461B6813B90D48FEF76CFD90
S31520241810092001F017FD044668B100230146C5605E
S315202418200370C0E901760548FEF7C2FD28B121469A
S31520241830092001F01FFD4FF0FF30F8BD941201203E
S315202418407394242091F82D3013F0180F14BF024AD4
S31520241850024AFFF7D3BF00BFF97824203925242054
S315202418600E4B1B6870B506460D4613B90C48FEF779
S315202418703BFD082001F0E6FC044660B10123014625
S315202418800370C0E901650548FEF792FD28B121467B
S31520241890082001F0EFFC4FF0FF3070BD9412012098
S315202418A07394242013B504460191FEF7B7FE0198BC
S315202418B0A047FEF7C9FE002002B010BD13B504468A
S315202418C00191FEF7ABFE0198A0470190FEF7BCFEDE
S315202418D0019802B010BD000037B505460C4600F02D
S315202418E02CFA0F4B20210F481D600F4B1C60FEF74E
S315202418F019FD10B10D48FEF7F7FC0D48FEF712FE30
S3152024190010B10C48FEF7F0FC082300220A49009364
S315202419104FF480630948FEF747FE03B030BD00BF6D
S315202419208C120120941201209012012080942420CC
S3152024193088120120A394242049172420C4942420E7
S3152024194001460148FFF78CBF4517242040BA80B2B0
S31520241950704700BA7047F8B5044608460F46154620
S315202419600AF0FAFC064698B12544237893B1A219A5
S31520241970954201D200240BE03A789A4201D00134D0
S31520241980F3E73246394620460AF082FC0028F6D16F
S315202419902046F8BD1C46FBE730B510F8013B11F86C
S315202419A0012B934209D043F02004A4F16105192D7B
S315202419B007D842F02002944203D1002BEDD11846B9
S315202419C030BD0120FCE7012970B404D801D10023BD
S315202419D0037070BC7047002A034601F1FF354FF08F
S315202419E00006BCBF2D2403F8014B002A00EB050476
S315202419F04655B8BF52420A2572B1A342E7D2B2FB5A
S31520241A00F5F605FB1622303204F8012D3246F3E78B
S31520241A1030215A701970DCE72578002DF8D0084437
S31520241A202146021B184670BC0AF046BC2DE9F04715
S31520241A30234E4FF48877234D044607FB00678A46B6
S31520241A4005F130084FF0000910372B6843B12A7A64
S31520241A50A24205D16A68514638469847C5F800906F
S31520241A600C354545F1D14FF48871154A002301FBE5
S31520241A700461D8B284421CD0907A022819D1D77B0B
S31520241A80CD7BAF4215D10423CB734FF4887000FB52
S31520241A900464E37B032B0AD80B4D55F8230005F069
S31520241AA0D3FEE37B002245F823200423E373BDE8F9
S31520241AB0F087013302F58872042BDAD1E5E700BFDB
S31520241AC0E0120120A8120120981201202DE9F04FBE
S31520241AD04FF4887306464E4887B003FB0603804698
S31520241AE0DB7A012B02D94B48FEF7FEFB4FF4887391
S31520241AF0494A7343914608EB0307F97A52F8214061
S31520241B0044B921463046FFF791FFBC72204607B0E0
S31520241B10BDE8F08F03F11004444420460AF01CFC4F
S31520241B2012304FF4207281B2542001F023FE054650
S31520241B30002869D00C220021013C0DEB02000AF07A
S31520241B40CFFB3889FFF702FF01230C22ADF80C00C6
S31520241B508DF80E304FF480730DEB02012846ADF834
S31520241B60103001F0F3FF0C2104F1010A0022534620
S31520241B701C4613F8010B2E280ED18F184FF6FE7310
S31520241B80A4EB0A0B9F421FFA8BFB0ADD28466FF033
S31520241B90050401F09BFDB9E70028EED00132D2B22C
S31520241BA0E6E72846019102F065F80199BFB25A4624
S31520241BB04B1C284651469BB202F014F8791C2278F5
S31520241BC089B2002AD0D12846023702F053F84FF0A2
S31520241BD0012302A9042202932846BBB202F002F86A
S31520241BE04FF488703523294600FB06860B48F47B60
S31520241BF0F27A50F8240009EB820205F081FD04468E
S31520241C00284601F063FD81E74FF0FF347EE700BFCD
S31520241C10E0120120D1942420D812012098120120E8
S31520241C20032838B5044602D92F48FEF75DFB2F4DED
S31520241C304FF4887303FB0452927A032A4FD8DFE8A1
S31520241C4002F042022245FEF75DFB284B80B2002299
S31520241C50997A022902D119898142F4D0013203F5D5
S31520241C608873042AF4D14FF488736343EA1808331B
S31520241C701D44022310816B800123AB802046BDE8BE
S31520241C803840FFF723BF03FB04531A7B013AD2B211
S31520241C901A73C2B95A7B0132D2B2042A5A7313D187
S31520241CA0DA7A32B9124A52681AB10122DA729A8140
S31520241CB0E4E700212046FFF7B9FE4FF4887000237D
S31520241CC000FB0454A37238BD1A73D7E76343EA583A
S31520241CD0002AF2D0013AEA50002AEED0F3E705484A
S31520241CE0BDE83840FEF700BBE9942420E012012009
S31520241CF0D81201200395242070470000012804D8F7
S31520241D00044B19B10A6843F820207047024A126806
S31520241D10F9E700BFD8120120A896242008B5002070
S31520241D20FFF77EFF0120FFF77BFF0220FFF778FFD6
S31520241D300320BDE80840FFF773BF08B501F0AAFFCA
S31520241D40FEF72EFC01F0E8F901F068FA01F0F0FA2A
S31520241D5005F088FA01F0D2FFFFF7CEFFBDE8084050
S31520241D6005F036BA2DE9F347894692461E4607469C
S31520241D7010B93048FEF7B8FA4FF420721C212C20D3
S31520241D80DFF8BC8001F0F6FC054648B9B8F82430C3
S31520241D904FF0FF300133A8F8243002B0BDE8F08795
S31520241DA043891B2B02D82448FEF79EFA6C68BDF87B
S31520241DB03400FFF7CBFDE08097F82C30062B02D099
S31520241DC01E48FEF791FA3146062204F10800002621
S31520241DD00AF082FA06220B9904F112000AF07CFA00
S31520241DE004220A9904F10E000AF076FA04220C99A8
S31520241DF004F118000AF070FA01234A462946637032
S31520241E00082326703846A3700623E67023710423FC
S31520241E10637140F606030093534605F0CDFDB8F8CA
S31520241E20183028460133A8F8183001F04FFC3046E4
S31520241E30B3E700BF46B4242022952420539524209A
S31520241E406800022070B518260B4D04464643A8592F
S31520241E5018B101F03BFC0023AB511823002203FBCD
S31520241E6004531A755A82C3E90122044A10689288B7
S31520241E70D8601A8270BD00BF2017012059B32420B0
S31520241E8000234FF00A0C2DE9F74F80460191164680
S31520241E903B4999469B46E6466546644600930A2C6A
S31520241EA018B291F814A01CD1BAF1000F59D0B8F168
S31520241EB0000F09D0D8F800704A68974204D1002E22
S31520241EC042D08F68B7423FD0BAF1010F4F8A43D10F
S31520241ED00A68002A3BD0009ABA4205D8844600973D
S31520241EE002E0BAF1000FE2D1013318310A2BD6D100
S31520241EF0019B012B3DD10A2C0DD10A2D33D0182339
S31520241F001F4A6B43D35813B11E48FEF7EDF92C46CE
S31520241F102846FFF797FF1A4D182303FB04531B7DEE
S31520241F2013B11948FEF7E0F9B8F1000F05D01823AC
S31520241F30D8F8002003FB04535A601823204603FBB9
S31520241F4004550023AE606B8203B0BDE8F08FBB45F9
S31520241F50CAD8BB468646C7E7B945C5D8B946054635
S31520241F60C2E70446C0E7BEF10A0F05D1BCF10A0F29
S31520241F7004D14FF0FF30E7E77546C8E76546C6E744
S31520241F802017012094952420AB9524202DE9F04F69
S31520241F900C468BB00746FEF771FB44B957480AF026
S31520241FA0ABF957480AF0A8F90BB0BDE8F08F7E6844
S31520241FB0544D3388B3F5807F08D13379062B05D148
S31520241FC07279042A02D17388082B09D02B8D0133E8
S31520241FD02B85EB8B0133EB83384601F077FBE3E744
S31520241FE06B8B06F10E0108A80592013306F1080928
S31520241FF06B830AF071F9059A06F1180109A80AF0EB
S315202420006BF96368002B5DD0099AD11A4A424A415A
S315202420100592089AD01A059BD0F10008C3F1020A2A
S3152024202048EB00085FFA8AFA94F82C30062B02D063
S315202420303548FEF759F90898002838D0214600F06B
S3152024204036FC069098BB089B03F0F003E02B2ED099
S315202420502246514608A8FFF713FF002827DB18221B
S31520242060DFF8A8A0022102FB00FB06220AEB0B03C1
S31520242070184619759C6049460C3007930AF02CF9AA
S31520242080069B5AF80B101A46079B5A8279B14FF4AD
S3152024209000634AF80B20204604F1260200934B467F
S315202420A0069105F089FC0699084601F00FFBF38872
S315202420B0B3F5807F0BD0B3F5007F8DD0AB8D013364
S315202420C0AB8589E798464FF0020A0593ACE7059B32
S315202420D0002B81D0B8F1000F7FF47EAF022204F1C9
S315202420E026032046039208AA1946CDE90192221DE9
S315202420F000924A46FFF736FE6EE700BF46B42420F8
S3152024210038C6242068000220F39524202017012095
S315202421101FB50246012400F126030432CDE9021418
S315202421200449009201911946034AFFF71BFE04B085
S3152024213010BD00BF59B3242053B32420F8B5134C23
S31520242140002502260427227D6AB1638A01339BB2A5
S31520242150B3F5967F638203D2012A09D1042B0FD9A2
S315202421602846FFF76FFE013518340A2DEBD1F8BD2A
S31520242170032A01D12775F6E7042AF4D12675F2E736
S31520242180211DA068FFF7C4FFEDE700BF201701201B
S315202421902DE9FF47224D18230746884603FB025381
S315202421A014461B7D012B02D81E48FEF79DF81822C3
S315202421B004EB440607F1260902FB0454F600237D8A
S315202421C006F10C0A022BAA440BD1638AB3F58E7F1F
S315202421D013D904363846A919FFF79AFF08B90323D9
S315202421E023754FF400634A464146384600935346A6
S315202421F005F0E2FB04B0BDE8F087B3F5877FF0D382
S31520242200012304365246494603932E44064B384628
S31520242210029601933B1D00934B46FFF7A3FDDDE772
S31520242220201701201796242059B324202DE9F7437B
S315202422308846064601461546D8F8000000F037FBA6
S31520242240002873D1D8F8003003F0F002E02A6DD0AC
S31520242250002B6BD0324601214046FFF711FE041E87
S3152024226008DA1DB13D4A938C0133938460B203B0BE
S31520242270BDE8F0837E2C02DD3948FEF735F8E4B23A
S31520242280384F182202FB0472137D002B61D14FF0A4
S315202422900109966082F8149041463046FFF738FFAC
S315202422A048B9182303FB04731A7D012A03D1B9F1F3
S315202422B0000F00D15882002DD9D0182303FB047295
S315202422C0127D012A10D9284A03FB04732946304655
S315202422D014704FF400620C33009206F1260205F0A6
S315202422E06BFBC4E7A946D7E7C1D12E46DFF87C800D
S315202422F0728933899A4204D1336813B14046FDF753
S31520242300F3FF337B5B0614D43668002EF0D128469F
S3152024231001F0EAFA182303FB04F21E46B85808B142
S3152024232001F0D4F9744300203D51A0E76FF00F004B
S315202423309DE72A464FF420712C2001F087FC054680
S315202423400028E7D1054A4FF0FF30938C013393843C
S315202423508DE7002DC6D04FF0FF30AEE7680002206F
S315202423604796242020170120101801205596242032
S31520242370F0B5044685B00E461546FEF77FF914B906
S315202423803D48FDF7B1FF16B93C48FDF7ADFF15B919
S315202423903B48FDF7A9FF2146286800F088FA002843
S315202423A064D12B6803F0F002E02A1BD10123ADF877
S315202423B008305E238DF80A306B7803F07F038DF87E
S315202423C00B30AB788DF80C30EB788DF80D3002ABD2
S315202423D04FF4006231462046009204F1260205F08D
S315202423E0EBFA27E06268A1685A400A4209D09BB2D8
S315202423F04FF6A962934204D0E368002B38D004F127
S315202424000C052049182320480A788C4603FB02030E
S31520242410187D012810D99968A1420DD129685B68B5
S31520242420994209D11949CB8D0133CB853146204692
S31520242430FFF7AEFE05B0F0BD134B0021187DCAB2BE
S31520242440012809D99868A04206D12F68586887425E
S3152024245002D18CF80020E9E7013118330A29EDD17D
S31520242460324629462046FFF7E1FEE3E7084BAFE74D
S315202424706FF00300DEE700BF46B42420979C242077
S31520242480D49524201018012020170120680002202A
S3152024249053B3242008B590F82D30014613F00103B8
S315202424A00BD043684BB1074A5069834207D000F0CA
S315202424B0FEF9003818BF012008BD1846FCE7012084
S315202424C0FAE700BFCC01022038B50446FEF7D6F839
S315202424D0164B1868A0B9164B1B6853B193F82D20B8
S315202424E002F00502052A04D15A6812B122787F2ADD
S315202424F01AD1104AB2F856300133A2F8563038BDD4
S3152024250090F82D20D5070DD551070BD543684BB10F
S31520242510216885684B402B42F1D0930702D4C368A7
S315202425209942ECD00068D5E71846E8E760000220F7
S315202425305C000220680002202DE9F047DFF818828B
S3152024254004460F46FEF79AF8B8F84A304646D4F899
S3152024255004900133A8F84A3099F800502B09042B0B
S315202425600FD0204601F0B2F8B8F85C300133A8F831
S315202425705C30B8F84E300133A8F84E300020BDE840
S31520242580F087B9F8020005F00F05FFF7DFF9238954
S315202425904FEA850A80468342554603D9014620467A
S315202425A001F056F96389AB4204D32389434501D3E9
S315202425B0132D0DD8204601F089F8B6F85230013370
S315202425C0A6F85230B6F84E300133A6F84E30D5E769
S315202425D02946484605F09BFA40B1204601F076F874
S315202425E0B6F850300133A6F85030EBE7D9F810303E
S315202425F0574D6B6103F0F003D9F80C20E02B2A61A8
S315202426001DD197F82D30DB0706D499F80930112BE4
S3152024261030D04FF0000803E07B68002BF5D0B84675
S31520242620286970B3394600F042F920B92B6903F0A2
S31520242630F003E02B25D1204601F048F8C2E738469E
S31520242640FFF728FF98B92B7D7F2BDED0414BD3F87B
S315202426500080B8F1000FD8D0474502D1D8F80080A1
S31520242660F7E74046FFF716FF0028F7D0D8E7002FD4
S31520242670D5D1CAE709EB0A035B88B3F5884FC8D1BD
S31520242680B846B8F1000F08D1B6F84E3020460133AB
S31520242690A6F84E3001F01AF870E7B9F8063023F080
S315202426A0C00343B1204600F091FA044600283FF4A3
S315202426B065AFD0F80490C5F8089051462046C5E960
S315202426C0008799F8003003F00F039B00AB8100F0BC
S315202426D0CDFF99F80930062B14D0112B06D0012BC7
S315202426E015D13946204606F0CDFA03E03946204650
S315202426F004F0C4FD0023C5E90033AB60AB81C5E9F2
S3152024270004333BE73946204602F00CFEF2E74146E5
S31520242710686900F0CCF860B96B6903F0F003E02B0C
S3152024272007D05146204600F0C9FF0221204606F054
S3152024273091FBB6F8583020460133A6F85830B6F81F
S315202427404E300133A6F84E3000F0C0FFD2E700BF4A
S31520242750CC01022060000220680002202DE9F04FDF
S31520242760044685B09B4617469DF838609DF83C80E4
S31520242770DDF840900191FDF781FFA37B012B02D048
S315202427803D48FDF7B1FDDFF8FCA0002F65D01421CC
S31520242790204600F067FF48B1BAF85C306FF001009C
S315202427A00133AAF85C3005B0BDE8F08F63896568EB
S315202427B0132B02D83148FDF797FD85F80980452348
S315202427C085F808B048EA0B2839686E7036022B70D3
S315202427D04FEA28201E430B0C296140EA082013FACD
S315202427E081F1DFF8A4800E4416FA80F62089FFF7BB
S315202427F0ADF8002306446880AB71EB71B8F800006D
S31520242800FFF7A4F8B8F80010019A83190131A8809B
S31520242810A8F80010F2B91A49096813FA81F3E96075
S3152024282003EB114399B201EB134303EB1343DB432D
S315202428306B81BAF848300133AAF84830B9F82430E5
S315202428409BB122899A4210D93A464946204600F01D
S315202428507BFBA8E7019A1168DFE76389132B9BD9B1
S31520242860636803AF1B690393E3E7D9F814303A4628
S3152024287021464846984796E76F9624207B9624201F
S31520242880A89624206800022012180120F0B4069C61
S315202428909DF810509DF814601AB109B10F6807B934
S315202428A0211D0495CDE90564F0BCFFF757BF431ECF
S315202428B00246033312D891F82D3013F0020010D09B
S315202428C04B6893420CD088685340034208D1C343B3
S315202428D022EA0000C31A5842584170470120704703
S315202428E0002070472DE9F04385B04A4F0D460278E3
S315202428F06E460423BE46B446D15D11F0040100F091
S315202429008480302A21D1427802F0DF0158290DBF54
S31520242910827801304FF00809023008BF4FF01009A1
S31520242920804600241EF80210480711D5B9F1080F55
S3152024293003D1A2F1300007281BD804FB0924303CFC
S3152024294098F8012008F10108ECE74FF00A09E7E797
S31520242950B9F1100F0DD111F0440F0AD001F0030163
S315202429600A3202290CBF61214121521A42EA041457
S31520242970E6E72E2A08D1013B47D008F1010098F832
S31520242980012046F8044BB7E712B111F008003DD0D8
S31520242990A6EB0C0080100130042832D8DFE800F0A2
S315202429A0360B03122000B4F1807F2ED2009BFF2BFE
S315202429B02BD844EA03641DB12046FEF7CAFF2860BB
S315202429C0012023E0B4F5803F1FD2009AFF2A1CD889
S315202429D0019BFF2B19D81B0443EA02631C43EAE715
S315202429E0FF2C12D80099FF290FD8019BFF2B0CD836
S315202429F0029AFF2A09D81B0443EA016343EA0223E5
S31520242A00ECE70548FDF770FCD5E7002005B0BDE8C6
S31520242A10F08300BFF08302003192242038B50A4B7C
S31520242A2004460D461A68824207D102681A60214656
S31520242A300420BDE8384000F01DBC11B90348FDF739
S31520242A4053FC23682B60F2E718180120B096242023
S31520242A5081422DE9F84304460E4602D12448FDF747
S31520242A6043FC2EB13368A34202D02248FDF73CFC16
S31520242A7067687868838833BB0368142204F10801C5
S31520242A80636009F029FC0121384606F0E7F9384627
S31520242A9000F022FF0546384600F018FE6768DFF866
S31520242AA0608097B92046144C3146FFF7B7FF238818
S31520242AB0AB4202D21148FDF717FC238828465B1B1C
S31520242AC02380BDE8F8830025E8E77B683846D3F8D9
S31520242AD0009000F001FF0544B5F5803F02DB404617
S31520242AE0FDF702FC3846ADB24F4600F0EFFDD8E79D
S31520242AF0C9962420D596242014180120049724200E
S31520242B00E79624202DE9F04105460F460026DFF8D6
S31520242B1068800024D8F800302146A446204653B99C
S31520242B2010B1FFF795FF0644BE4201DA012CF0DCF2
S31520242B303046BDE8F081D5F80CE05A69724509D1B2
S31520242B40D5F810E09A69724504D1B3F80CE0AA8826
S31520242B50964508D0013460B1C27F93F81FE096458C
S31520242B609CBF614618461A68002A18BF9C461346FD
S31520242B70D5E761461846F6E71818012010B504460D
S31520242B8010B90648FDF7B0FB606908B100F09EFD38
S31520242B9021460520BDE8104000F06CBB2697242052
S31520242BA038B5094B0024186800B938BDC37F056899
S31520242BB023B1013BC37704462846F5E72146FFF790
S31520242BC047FF2046F7E700BF181801202DE9F74FC5
S31520242BD0BA4E81464568738E013373862B7803F06B
S31520242BE00F03052B0CD0B6F844300133A6F8443015
S31520242BF0F38E48460133F38600F068FD002625E14E
S31520242C00E888FEF7A3FE07466888FEF79FFE2B7802
S31520242C1003F00F03B0EB830F4FEA8308E8D3A0EB2E
S31520242C200800A74C83B24846019300F055FE23881A
S31520242C30824603440A2B0CDD01462846FFF762FF11
S31520242C4018B1238853440A2B03DDB38F0133B3876A
S31520242C50CEE79C4B1C6898461CBB042000F0F2FA55
S31520242C60044658B951462846FFF74CFF8245ECDCEA
S31520242C70042000F0E7FA04460028E6D0202200218A
S31520242C80204609F02DFB0F23E377D8F80030C8F827
S31520242C90004023601422294604F1080009F01CFB75
S31520242CA01DE0EB6862699A4263D12B69A2699A4234
S31520242CB05FD1A289AB889A425BD1B6F846300133DC
S31520242CC0A6F84630E888FEF741FEC0F30C0030B95A
S31520242CD0E089FEF73BFEC0F30C000028DAD1B5F8D4
S31520242CE006B0C7F30C081BF020034FEAC80800934C
S31520242CF00AD1019B43449BB2984500F209814FF6A1
S31520242D00EB72934200F20481D9F804506888FEF7C6
S31520242D101DFE2A7802F00F02B0EB820F4FEA8203BF
S31520242D20C0F0F680C01A1FFA80FBE888FEF70EFE54
S31520242D30C0F30C00D9F804700025C0003D700BEBBD
S31520242D4000037D70BD701FFA83FEFD70B880704528
S31520242D50FB8000F2DD8063684FF0010B1A4652B9DE
S31520242D60002D40F08980002B76D05748FDF7BCFAF9
S31520242D7072E0246870E75168B1F804C060456ED2C9
S31520242D803A60002D66D0EA889042C0F0C180E6459C
S31520242D9000F2BE809042C5F8009040F0C980009B86
S31520242DA023B1A27F12F0010200F0A180BBF1000F13
S31520242DB06ED14FF0000B424F009B38888244A7F8EF
S31520242DC000A03BB9A27F019B42F001029844A2773E
S31520242DD0A4F81C80BBF1010F7FF410AFB4F81C803B
S31520242DE01422636804F1080108F114085E681FFAA6
S31520242DF088F83046356809F06FFA4046FEF7A6FD76
S31520242E000023708014213046B371F371B372F372A8
S31520242E1004F07DFE70816668002D6AD1294B1B68DB
S31520242E209C4202D01D46002B70D120462946FFF70E
S31520242E30F5FD304600F050FD3B880446834202D2FD
S31520242E402248FDF751FA3888041B3C80304603B0CB
S31520242E50BDE8F08FE6455BD8C4F804909FE757D0A9
S31520242E60CA88824254D825B1EA88624518BF4FF0D1
S31520242E70000B0A680D4672E7EA88824202D9144872
S31520242E80FDF732FAE988C5F80090BA88914284E79A
S31520242E906268002A8DD050688288002A89D13A68AF
S31520242EA0E2B9B84202D10B48FDF71EFA3A68002A45
S31520242EB081D00948FDF718FA7DE700BF6800022073
S31520242EC0141801201818012050972420B69724205E
S31520242ED03297242087972420949724205168FD888C
S31520242EE08A8895427FF465AF0A680F46D8E79346C9
S31520242EF061E7D5F804801421284600F0B7FB29463B
S31520242F00304600F005FDD8F8005085E72B6887E782
S31520242F106368002B7FF46CAE094B1B689C4202D05D
S31520242F200848FDF7E1F900212046FFF777FD5FE603
S31520242F30009B002B3FF43DAF4FF0000B31E700BF41
S31520242F4018180120D19724208B8C2DE9F04F2DEDB4
S31520242F50028B08EE102AB3F114028BB0054648BF23
S31520242F60A3F10D028A46C2F3CF0305934368039344
S31520242F701B7803F00F03052B4FEA830708D14389D7
S31520242F80132B08D85E4809F0B7F95E4809F0B4F93E
S31520242F906FF0050013E0039B0026D888FEF7D6FCA5
S31520242FA0C0F30C032C89029300F40053143C07939A
S31520242FB0059BA4B2DB009BB206932CB920460BB00A
S31520242FC0BDEC028BBDE8F08F069B4FF420721421B2
S31520242FD02C20A34228BF2346049300F0CBFB804613
S31520242FE048B34389132B02D84748FDF77DF9142289
S31520242FF00399D8F8040009F06FF9D8F804B0DDF85D
S315202430001090B9F1000F3ED06B89DE1BBB42B6B2BD
S3152024301002D23E48FDF768F94E4528BF4E4616B9DA
S315202430202D680027EDE7052000F00CF9034628B982
S31520243030404600F04BFB4FF0FF30C0E70196314667
S315202430406A68089000203A440092412200F0F0FA5F
S31520243050089B20B91946052000F00CF9E8E7CDE9AC
S315202430600803A9EB0609284600F03EFC099B284ABA
S315202430701FFA89F9089940465D611A6100F048FCD7
S31520243080B9F1000FCCD1029B3744C3F30C00BAF814
S315202430902430BFB2133BA34201DD079B0BB140F47E
S315202430A00050FEF753FC049BABF8060003F11400F2
S315202430B080B2FEF74BFC00231421ABF802008BF8D8
S315202430C00A3058468BF80B3004F021FDDAF81430F8
S315202430D018EE102A4146ABF80A00504698470D4A66
S315202430E04046138E0133138600F0F0FA049B059A8A
S315202430F0E41A029B1344A4B29BB202935DE700BF59
S31520243100F197242038C624200C9824202C98242077
S315202431107D2B2420680002207047704710B509F0C3
S31520243120FFF8044628B9FDF75DFAFDF76EFA204626
S3152024313010BDC31C23F003039842F8D00148FDF7A1
S31520243140D3F8F4E73B98242010B5044638B9074829
S31520243150FDF7CAF82046BDE8104009F0D1B8C31CB3
S3152024316023F003039842F5D00148F1E75F98242001
S315202431706C98242070B50446FDF734FA0646236954
S315202431801D689DB12A681A60AB0702D00A48FDF74C
S31520243190ABF862683046D368116901338B42D36019
S315202431A088BF1361FDF731FA284670BD626893887B
S315202431B001339380F6E700BF8498242038B58B0703
S315202431C005460C4602D00848FDF78EF8FDF70AFA84
S315202431D06A68D368013BD3602B691A6822601C6015
S315202431E0BDE83840FDF711BAA7982420C3680022E9
S315202431F00169033330B523F0030344890A609442DA
S3152024320004DC436802689C601A6030BD0D68013274
S315202432101D6005890B602B44F1E7000070B5074E2D
S315202432200E24074D56F8040B013CFFF7DFFFA4B20A
S31520243230436845F8043B002CF4D170BDA89A242079
S31520243240100102200D2808B506D8074B53F8200074
S31520243250BDE80840FFF78EBF044809F04DF804481E
S3152024326009F04AF8002008BDA89A2420C7982420CB
S3152024327038C624200D2808B507D9084809F03CF873
S315202432800748BDE8084009F037B831B1054B53F853
S315202432902000BDE80840FFF791BF08BDE49824200C
S315202432A038C62420A89A24206FF00B0070470000EB
S315202432B038B50D46044610B90A48FDF715F894F892
S315202432C02D3003F00502052A0BD1EA0709D56268B9
S315202432D03AB11B0705D5211D2046BDE83840FEF707
S315202432E017BF38BDE09A242073B5054616460C46EA
S315202432F011B90E48FCF7F8FF6B6822689A4201D16F
S31520243300002010E0336001A93046019201F0D2FC5E
S3152024331001A9304604F0DAFA2368284601216B6095
S31520243320FFF7C6FF012002B070BD00BF47902420BE
S3152024333070470000F7B51F460D4616460446FDF78E
S315202433409DF9134B002D08BF1D46002E08BF1E468F
S31520243350002F08BF1F462B68BBB901AA2946204641
S31520243360FFF7C2FF01233268A1688A42E16818BFA9
S31520243370A2603A688A4218BFE26023B901AA294684
S315202433802046FFF7B1FF03B0F0BD0023EBE700BFD3
S31520243390A89624202DE9F84F04460E46174698462B
S315202433A0DDF82C90FDF76AF944B93D4808F0A4FFCE
S315202433B03C4808F0A1FF2046BDE8F88FB9F1000F5C
S315202433C007D139484C4608F097FF364808F094FF31
S315202433D0F1E7364B0025042204F12000002E08BFF5
S315202433E01E46002F08BF1F46B8F1000F08BF984677
S315202433F02F4B2946E5606361A58484F82D50DFF898
S31520243400B4A0C4E9015508F06BFF0A9B31463A461D
S31520243410E36120469AF80030564684F830300C9BD7
S3152024342023614346FFF786FF2046C847B0BBDFF813
S315202434308880DFF88890474694F830304FF0000B88
S31520243440D8F80050FF2BDFF878A004BF002384F897
S31520243450303055B994F83030FE2B01D05D1CEDB2B6
S315202434603B68357023603C60A5E7AC4202D14846D0
S31520243470FCF73AFF0BF1010BBBF1FF0F02DD50469F
S31520243480FCF732FF94F8302095F83030934203D15C
S31520243490013384F83030CFE72D68DAE72C468AE7E3
S315202434A0239B242038C624203C9B2420A8962420F1
S315202434B0A932242064000220600002205E9B24205E
S315202434C0729B242010B50446FDF7D8F8014B1C60C6
S315202434D010BD00BF5C00022010B50446FDF7CEF8CF
S315202434E03CB90B4808F008FF0A48BDE8104008F00C
S315202434F003BF94F82D30DA0709D443F0010320467C
S31520243500032184F82D30BDE81040FFF7D1BE10BD2D
S31520243510A09B242038C6242010B50446FDF7AEF8F7
S315202435203CB90D4808F0E8FE0C48BDE8104008F0E8
S31520243530E3BE94F82D305A070CD443F004032046D6
S3152024354084F82D3005F0DAF820460321BDE8104012
S31520243550FFF7AEBE10BD00BFBC9B242038C6242056
S3152024356010B50446FDF78AF85CB1074B186800B9F4
S3152024357010BD90F830300133DBB2A342F8D0006876
S31520243580F5E72046F4E700BF6000022010B1438906
S315202435908B4202D902B111807047C91A006889B2B8
S315202435A0F4E7000038B548B91248FCF79DFE0120FF
S315202435B01FE0002AFBD04268511A14E0B1F5803F5F
S315202435C0F5D2A9B103898CB213FA81F39BB29C421A
S315202435D0EDD890F90C50002DEBDA4268511A00F1FF
S315202435E010029142E3D342894160144403814481E9
S315202435F0002038BD7F9C242022F04003012B70B567
S3152024360006460D46144602D00848FCF76DFE0C20CB
S31520243610FFF718FE40B100230581458143730473C7
S31520243620C0E900360123C38170BD00BFDD9B242061
S31520243630033020F0030070B50E18BDF81450049CF6
S31520243640AE420DD804B1044418460023C0E9003400
S31520243650022301814181437301230273C38170BDF7
S315202436600020FCE70022FFF79DBF000010B570B9AB
S315202436700F48FCF739FE012008E09B1A4468438151
S315202436802144038941609B1A0381002010BDB1F592
S31520243690803FF0D20029F8D08AB243899342ECD2D3
S315202436A0044808F029FE044808F026FEE3E700BF74
S315202436B07F9C2420EF9B242038C624200B1E02DA4C
S315202436C05942FFF7D3BF0122FFF76CBF2DE9F047FC
S315202436D0044630B925462348FCF706FE2846BDE88D
S315202436E0F0870025204FDFF88480DFF88490FCF7CC
S315202436F079FFA37B824613B93846FCF7F5FDA67BD2
S315202437005046013EF6B2A673FCF77FFF002EE5D184
S31520243710637B26689B070DD5236913B94846FCF796
S31520243720E3FD2369204698470135EDB2002ED5D0F6
S315202437303446DCE7237B03F00F03022B04D12146F6
S315202437400D20FFF797FDEFE7012B02D121460C2010
S31520243750F7E71BB92046FFF7F7FCE5E74046FCF7D9
S31520243760C3FDE1E77F9C24200D9C2420449C242017
S31520243770239C2420B2F5C17F2DE9F04704460F4629
S3152024378010D008D822F04003012B07D10020BDE811
S31520243790F047FFF731BFB2F5207F37D02948FCF711
S315202437A0A3FD0CE0002684B2DFF8A0903546B0466F
S315202437B00D20B246FFF746FD064630B90DB9002541
S315202437C01FE02846FFF782FFF9E7E21C0444C0F8ED
S315202437D0008022F0030213340781C2F5C16224F04B
S315202437E00304C0F80C9093B24460BB4228BF3B46E6
S315202437F043814DB1CAF80000FB1A00249FB2002F42
S31520243800D6D12846BDE8F0870546F5E7CB1C0330FC
S3152024381023F0030320F00300184410308342CED82B
S31520243820FFF77CFC05460028EBD0044400230781BF
S3152024383013340360044B24F003044781C36044609B
S31520243840DFE700BF569C242080000100820001006F
S31520243850F8B50D46044610B91B48FCF745FD2389C7
S31520243860AB4230D9EE1A194F6189A94215D3237B4D
S315202438701A0720D1A9421ED0637B9B071BD46168DB
S315202438802046091B2944FFF748FC90B91048FCF729
S315202438902BFD1048FCF728FD0DE023896D1A3344AF
S315202438A0ADB223812468002CDED13846FCF71CFDDA
S315202438B0DAE78442EDD120686581258108B1FFF7B6
S315202438C005FF00232360F8BD719C2420899C242095
S315202438D0A19C2420BD9C24200346002290B20132A0
S315202438E003B970471B68F9E710B5044668B1FCF79D
S315202438F079FEA37B0133A373FCF787FEA37B23B92D
S315202439000248BDE81040FCF7EFBC10BDD69C24200D
S3152024391038B50D46044600B159B9104808F0ECFCD8
S315202439200F48BDE8384008F0E7BC29890B44238199
S31520243930144622682389002AF7D162899A4207D01D
S315202439400848FCF7D1FC236813B10748FCF7CCFCC4
S315202439502A89238925601344238138BDE89C242081
S3152024396038C624201D9D24204A9D242010B50C468B
S31520243970FFF7CEFF2046BDE81040FFF7B5BF000075
S315202439802DE9F84F054616461F460C4611B10B89DC
S31520243990934209D2394808F0AFFC394808F0ACFCE8
S315202439A06FF00F00BDE8F88F18B10289BB199A422F
S315202439B001DA3448EFE74FF00008DFF8D890DFF833
S315202439C0D8A0B5F80AB06289ABEB070B6168A2EBE5
S315202439D00802686841449345384428BF9346B34532
S315202439E028BFB3465A465F4408F076FC6B89A6EB7B
S315202439F00B00D844BB4286B202D24846FCF774FC5C
S31520243A006389434502D25046FCF76EFC63894345BD
S31520243A1006D8246814B95EB11B48BCE74FF00008C9
S31520243A206B89BB4227D12D6825BBFEB11748B2E747
S31520243A30B046F5E73746628923899A420AD1236814
S31520243A4043B1134808F058FC0D4808F055FC6FF094
S31520243A500500A7E735B16A892B899A4202D12B68BA
S31520243A60002BEED1002EACD130469BE7002CE1D1A1
S31520243A70204697E70027002CDDD1ECE75A9D242009
S31520243A8038C624208E9D2420EE9D2420FD9D24208E
S31520243A900A9E2420BC9D2420D39D242010B529B100
S31520243AA000230A89BDE81040FFF76ABF044808F0BE
S31520243AB023FC044808F020FC6FF00F0010BD00BF43
S31520243AC0419E242038C624202DE9F8438846914651
S31520243AD0064648B91A48374608F00EFC194808F015
S31520243AE00BFC3846BDE8F88341BB1748474608F007
S31520243AF003FC144808F000FCF3E7758953B1AB4264
S31520243B0008D35B1B9BB23668B9F1000FE9D0002E8F
S31520243B10F3D1E6E7EC1A716808EB0700A4B219443E
S31520243B204C4528BF4C462246274408F0D5FBA9EB12
S31520243B300402BFB200231FFA82F9E4E70027E3E751
S31520243B405B9E242038C624207A9E24202DE9F04703
S31520243B5089461646054648B91C4808F0CDFB1C481C
S31520243B6008F0CAFB6FF00F00BDE8F08709B91948A1
S31520243B70F3E70389934222D2174808F0BDFB144861
S31520243B8008F0BAFB4FF0FF30EEE715B95046FCF7A4
S31520243B90ABFB6F8909EB08016868A74228BF274633
S31520243BA03A46E41B08F098FBB8442D68002CECD147
S31520243BB0B04502D00948FCF797FB2046D4E71446A3
S31520243BC04FF00008DFF818A0F0E700BF9D9E2420C0
S31520243BD038C62420B49E2420CF9E2420079F242028
S31520243BE0EF9E2420F7B50F46144619460DF10602FA
S31520243BF0FFF7CCFC064610B3BDF8063001891A1906
S31520243C0091421CDB42899A4202D80F48FCF76CFB6E
S31520243C10BDF80630394675897068ED1A1844AC42C9
S31520243C20CCBFADB225462A4608F056FB621B92B27B
S31520243C3042B179193068FFF789FF03B0F0BD4FF000
S31520243C40FF30FAE71046F8E71D9F242038B515469D
S31520243C500A462989FFF78EFD044630B12946FFF707
S31520243C601DFF10B10248FCF73FFB204638BD00BF9C
S31520243C70349F242013B514460DF10602FFF786FC43
S31520243C8030B14289BDF806309A4284BF4268D45462
S31520243C9002B010BD70470000164A4FF48040F0B59C
S31520243CA04FF6FF7615464FF44047138801339BB2CF
S31520243CB0138013889BB2B34200D11780DFF838C013
S31520243CC004235CF8041B096831B9013B13F0FF0374
S31520243CD0F7D1288880B209E02C88B1F816E0A4B25E
S31520243CE0A64504D1013880B20028DED1F0BDC968AA
S31520243CF0EAE700BF948E242070A5242008B5FCF77B
S31520243D0001FB6FEA8040034B6FEA904080B2188013
S31520243D1008BD00BF948E242010B5037D0446012BB4
S31520243D2002D10448FCF7E0FA21460120BDE81040E0
S31520243D30FFF7A0BA459F242010B5044610B90C4895
S31520243D40FCF7D2FAFCF79AFC638B9B050ED5A36F5E
S31520243D5063B15B7F13B90748FCF7C6FAA26F537F7A
S31520243D60013B5377638B23F40073638310BD00BF19
S31520243D70569F2420629F242010B5044610B9154846
S31520243D80FCF7B2FA237D042B11D0072B1BD0032B4F
S31520243D900BD1204602F00CFE70B92046FFF7CCFF4B
S31520243DA005232046237502F035FF002010BD20462A
S31520243DB002F0FEFD0028F3D0431CF7D1638B43F099
S31520243DC008036383F1E7204602F0F2FD0028F3D1AD
S31520243DD00923E6E7569F2420F8B50E4605461446C1
S31520243DE0FCF74CFC214B002E08BF1E4645B9204823
S31520243DF008F082FA1F4808F07FFA6FF00F00F8BD0A
S31520243E002B7D43B11C4808F077FA1A4808F074FA37
S31520243E106FF00500F3E734B9FFF73EFF044650B9A7
S31520243E206FF00100EBE7154951F8042B126872B99B
S31520243E300133042BF8D1336803B12B60104BEC8269
S31520243E401A681D60EA6003F089F90020D7E7D08A32
S31520243E50A04205D117682FB1306818B1874201D006
S31520243E60D268E4E76FF00700C9E700BFA8962420AC
S31520243E70779F242038C624208D9F242070A5242093
S31520243E8064010220F8B505460E461746FCF7F6FBD4
S31520243E9065B92F482C4608F02FFA2E4808F02CFA1C
S31520243EA06FF00F0307B13B702046F8BD2B7D4BB135
S31520243EB02948002408F020FA264808F01DFA6FF035
S31520243EC00E03EFE70220FFF7BDF9044600283CD075
S31520243ED02B6901220361EB8A0275C3826A7D4275AE
S31520243EE06A7A42722A7A0272EA7AC272AA7A827228
S31520243EF02A6802603BB1194A1368AB421DD1EB688C
S31520243F0013600023EB602846FFF706FF144BA361BA
S31520243F1000236377237D012B02D01248FCF7E4F992
S31520243F20114B012E1A6838BF01261C602677E260C1
S31520243F3003F014F90023B5E71346002BE1D0DA6801
S31520243F40AA42F9D1EA68DA60DBE74FF0FF33A9E722
S31520243F50B59F242038C62420E29F242064010220F1
S31520243F606D4A242019A024206801022007B5CDE912
S31520243F700010FCF783FB0022DDE9001003B05DF876
S31520243F8004EBFFF77FBF000070B5044610B9104834
S31520243F90FCF7AAF9218D46F2CE36E36A628E656A4B
S31520243FA0C81AB242284494BF821A821B002A01DBF3
S31520243FB0618570BD5D1B02D500206085F9E7B5F5C6
S31520243FC0803F02D30348FCF78FF900206585F0E76C
S31520243FD046A024206AA0242038B505460C46FCF7A2
S31520243FE04DFB3DB9154808F087F91548BDE83840FA
S31520243FF008F082B92B7D012B02D11248FCF774F9E3
S315202440002A8D4CF29C73111989B2994213D88A426B
S3152024401088BF194628462985FFF7B6FF41F2CF6384
S3152024402098420AD96B8B284643F002036B83BDE85A
S31520244030384002F0EFBD1946ECE738BD84A0242091
S3152024404038C624209CA0242010B5044648B14068B4
S3152024405008B1FFF73BFB21460320BDE81040FFF7BC
S3152024406009B910BD10B500B910BD0468FFF7ECFFDF
S315202440702046F8E738B504460D46FCF7FFFA3CB946
S31520244080044808F039F90448BDE8384008F034B922
S31520244090657538BDC2A0242038C6242038B50446E8
S315202440A00D46FCF7EBFA04B1256138BD38B5044634
S315202440B00D46FCF7E3FA3CB1237D012B02D10348BC
S315202440C0FCF712F9C4F8805038BD00BFDBA02420A9
S315202440D038B504460D46FCF7D1FA34B1237D012B9D
S315202440E002D10248FCF700F9E56738BD02A1242055
S315202440F038B504460D46FCF7C1FA3CB1237D012B85
S3152024410002D10348FCF7F0F8C4F88C5038BD00BF20
S3152024411029A1242038B504460D46FCF7AFFA1CB154
S31520244120237D012B08BFA56138BD000070B5044648
S315202441300E461546FCF7A2FA3CB9094808F0DCF8E5
S315202441400848BDE8704008F0D7B8237D012B02D15A
S315202441500548FCF7C9F8C4F88860657770BD00BFA8
S315202441604FA1242038C6242065A1242010B5044636
S3152024417038B9124808F0C0F81148BDE8104008F0B4
S31520244180BBB8037D012B17D90A2B15D0FFF7D4FDF5
S31520244190606F18B1FFF79AFA002363674FF6FF730F
S315202441A0E06E2386FFF75EFF206FFFF75BFF002379
S315202441B0C4E91B33A4F8683010BD00BF83A1242092
S315202441C038C624202DE9F04FB34E87B0DFF8F89275
S315202441D03368C84601333360B04B1A7804930132CE
S315202441E01A70D9F800400027DFF8E0B26CB9AC4F3A
S315202441F0DFF8DC823D68DFF8DC92DFF8DCA2002DD4
S3152024420040F08D8107B0BDE8F08F237D13B9A548F2
S31520244210FCF76AF8237D012B02D1A348FCF764F826
S31520244220237D0A2B02D15846FCF75EF8049BA27FF5
S315202442301B789A4204D1D4F80CA027465446D5E7B5
S31520244240227DA377022A94F842306FD1052B6FD989
S315202442500125217D062909D1638BDB0606D5336802
S31520244260226A9B1A282B84BF0135EDB294F809A023
S315202442701AF0080A18D0042902D0072940F0F88019
S31520244280236A4FF4FA713268D4F89000D21A00F5D2
S31520244290242303F6B843B3FBF1F39A4240F2D580A4
S315202442A001354FF0010AEDB2237D032B40F0E38044
S315202442B03368226A9B1A282B02D8002D00F01081FD
S315202442C02046D4F88C50FFF751FFD8F80030002F21
S315202442D000F0D9809C4202D17448FCF705F8E368A3
S315202442E0FB60BAF1000F0BD0238B20460293E38A7E
S315202442F00193231D00932346626A216D02F024FC38
S3152024430023692046D4F80CA00593FFF705FD684CB5
S315202443100022227045B1059B6FF00C011846A84750
S315202443202378002B7FF45DAF3C4686E70B2B8EE764
S3152024433094F89550002D3CD0236F13B15D48FBF79C
S31520244340D3FFE36E13B95C48FBF7CEFF94F896307F
S315202443500B2B3FF67DAF94F89520584B134413F836
S31520244360012C94F8943093420BD3B4F8601081B185
S31520244370204602F0DBF988B9204602F04BFC30B106
S315202443800CE00133DBB2934284F89430EDD200253D
S315202443905FE7204602F028FE0028F8D194F89530CD
S315202443A00025062B84F89450F1D8013384F89530CF
S315202443B04FE7238E47F6FE7293429CBF0133238612
S315202443C0B4F94030B4F930209A42E0DB204602F09A
S315202443D017FB28B1236F002BD9D1E36E002BD6D01F
S315202443E0237D022B14D0B4F93C20B4F93E30344931
S315202443F003EBE20394F842200C2A28BF0C228A5C81
S31520244400934047F6FF729342A8BF1346A4F8403040
S31520244410B4F860200020B4F84830B4F832C09A4268
S315202444202086A4F86A00204628BF1A464FEA4C0361
S31520244430A4F848C09BB25108B3EB520F98BF0B4641
S31520244440A4F84A3002F08AFD03E794F89730DFF87F
S315202444508CC00CFB0303B3FBF1F18A4208D9204616
S3152024446002F0A2FD20B994F89730013384F89730CE
S315202444704FF0000A18E7092B7FF41FAF3368226A0E
S315202444809B1AF02B18E79C4202D00E48FBF72CFFF0
S31520244490E368C8F8003024E76C0102207101022069
S315202444A0740102209EA12420C7A1242083A2242093
S315202444B0600102201CA224204EA2242080A5242090
S315202444C061A52420AEA224205C010220F0A1242070
S315202444D0D8A224202EA3242007A32420F8240100B4
S315202444E0237F627F0133D4F80CA0DBB29A42237750
S315202444F03FF6A3AE1F4FD4F8883025773D701BB9DD
S31520244500204602F087FB98E62146206998473B7887
S31520244510002B7FF466AE00287FF48FAEF0E72B7D48
S315202445200A2B02D04046FBF7DFFE33682A6A9B1A01
S31520244530F02B0CD92846FFF719FE5CB93B689D421F
S3152024454002D04846FBF7D0FEEB683B600AE02C46B7
S31520244550ED6854E63B689D4202D15046FBF7C4FEE3
S31520244560EB68E360D5F80CB02846FFF7D5FB5D460B
S3152024457045E600BF6001022038B505460C4611B930
S315202445801D48FBF7B1FE15B91C48FBF7ADFE2B6879
S31520244590A34212D1E3682B6000232046E360FFF771
S315202445A0E5FD237D0A2B10D1E36E03BB236FD3B104
S315202445B01348FBF799FE16E01346002BECD0DA6855
S315202445C0A242F9D1E268DA60E6E7012B0BD0638BAD
S315202445D0DA07E9D543F002032046638302F01AFB67
S315202445E0237D012BE0D100232375E38238BD0548A2
S315202445F0FBF77AFEDAE700BF54A3242070A32420F5
S31520244600A8A3242090A3242030B50D4685B00446A3
S3152024461010B94648FBF768FE237D002D3CD0042B99
S3152024462001D0072B38D1626F22B9218D4CF29C728E
S31520244630914231D0638BDB0602D43D48FBF754FEEE
S31520244640238B20460293E38A0193231D009323463A
S31520244650626A216D02F078FA2046FFF787FD354AF3
S315202446601368A34210D1E368136000230122E36078
S31520244670314B1A70314B1B68A3421DD101F0FAFB32
S31520244680002005B030BD1346002BEED0DA68A242B6
S31520244690F9D1E268DA60E8E7012B1AD0022B36D06A
S315202446A0002B3CD1E38A3BB1254A1368A34208D187
S315202446B0E36813600023E3602046FFF72DFBDFE742
S315202446C01346002BF6D0DA68A242F9D1E268DA60E2
S315202446D0F0E71C49002051F8232012688AB90133B7
S315202446E0042BF8D121461848FFF746FF237D012BBA
S315202446F002D11648FBF7F8FD21460220FEF7BAFD23
S31520244700BEE7956FAC4208BF9067D268E6E721469C
S315202447100848FFF731FF084B01221A70CCE72046C0
S3152024472005B0BDE83040FFF727BB00BFC1A3242036
S31520244730E1A324205C01022060010220A40102209E
S315202447406401022070A5242068010220FAA32420D3
S3152024475010B50446FBF792FF64B1237D2046012140
S31520244760012B1EBF638B43F010036383BDE81040E7
S31520244770FFF74ABF044807F0BFFD044807F0BCFDF5
S315202447806FF00F0010BD00BF13A4242038C62420A8
S3152024479010B50846144641B90C4807F0ADFD0C481F
S315202447A007F0AAFD6FF00F0010BD3AB11189FFF76B
S315202447B013FC2046FEF78AFF0020F5E71BB9BDE847
S315202447C01040FFF7C5BF1046EEE700BF2AA42420D9
S315202447D038C62420F8B5044648B91D486FF00F057D
S315202447E007F08AFD1B4807F087FD2846F8BD466F4B
S315202447F00023D0F88050777B4367E5B101463246C3
S315202448000069A8470546E8B9BB06EED5238D4CF2A8
S315202448109C72D4F8806093421CBF01332385002EDA
S31520244820E3D00023214620691A46B0470D30DCD137
S315202448306FF00C05D9E701462B4632462846FFF76A
S31520244840A7FFDFE70D35F3D06FF004056667CCE7C5
S3152024485045A4242038C624202DE9F8431B4D1C4F7B
S315202448602B781C4E01332B703C684FF000080CB972
S31520244870BDE8F8832B78A27F9A4224D0A377638B32
S31520244880D90709D543F002032046638302F0C2F9EF
S31520244890638B23F003036383638B1A0705D523F0E5
S315202448A0080320466383FFF767FA636FD4F80C90D6
S315202448B03BB1204686F80080FFF78CFF3378002B07
S315202448C0D2D14C46D3E7D4F80C90FAE771010220D2
S315202448D05C0102206001022008B5FFF7BDFF064ACD
S315202448E013780133DBB21370DB0703D5BDE8084008
S315202448F0FFF768BC08BD00BF7001022070B50546CD
S315202449000E461446FBF7BAFE45B9164807F0F4FCC2
S31520244910154807F0F1FC6FF00F0070BD2B7D012B9D
S3152024492019D096B16B8B43F010036B832CB10121E4
S315202449302846BDE87040FFF767BE686F08B9002097
S31520244940EBE7FEF7C3FE6C67F9E7002CF7D0042BC0
S3152024495004D8022B04D86FF00A00DEE7072BFAD1FD
S315202449600021E5E76BA4242038C624202DE9FF471F
S3152024497004460E46FBF782FE44B9334807F0BCFCB6
S31520244980324804B0BDE8F04707F0B6BC237D012B9E
S3152024499002D12F48FBF7A8FC237D0A2B09D12146D7
S315202449A02C48FFF7E9FD204604B0BDE8F047FFF781
S315202449B0B3B9D4F85090D4F824A0D4F88C70D4F871
S315202449C01080E58A9BB93DB1234A1368A34206D1B8
S315202449D0E36813600025E5602E460FE01346002B7E
S315202449E0F8D0DA68A242F9D1E268DA60F2E7214601
S315202449F01A48FFF7C1FD1A4B01221A70206F08B1FD
S31520244A00FFF730FBE06E08B1FFF72CFB2046FFF7BB
S31520244A1093F956B1238B524649462046CDE9015374
S31520244A20231D0093234602F08FF82046FFF774F9BE
S31520244A303FB16FF00C0140463B4604B0BDE8F04739
S31520244A40184704B0BDE8F08785A4242038C624203E
S31520244A509EA4242074010220640102205C010220E9
S31520244A60600102200121FFF781BF000010B50C460A
S31520244A7011B90448FBF738FC2046FFF7F3FF6FF003
S31520244A800C0010BDCFA4242070B50C46054610B9C1
S31520244A900748FBF729FC04B970BD22682B68E66811
S31520244AA09A4202D12046FFF7DDFF3446F3E700BFC2
S31520244AB0ECA424200C4B002219680C4B30B4044659
S31520244AC01D68104619B968B130BCFFF74FBF0B7D5E
S31520244AD0A34205D10B6AEB1A934224BF1A460846F1
S31520244AE0C968EFE730BC70475C0102206C010220C4
S31520244AF0F8B50546FBF7C2FD0120FEF7A3FB0446C5
S31520244B00002850D14B4F3868002870D14A4B014693
S31520244B104A4E1B683468002B74D108B1FFF7A2FFD4
S31520244B200120FEF78FFB0446002836D10920FFF703
S31520244B30C1FF0120FEF786FB044640BB0820FFF771
S31520244B40B9FF0120FEF77EFB0446D0B92B0661D49B
S31520244B505DB12A46013A3B6836680021D2B2002B41
S31520244B605AD114B12046FFF77DFF0120FEF76AFBB8
S31520244B700446002839D0324BD3F8AC209388013B05
S31520244B8093802F4BD3F8AC209388013B93802C4BD6
S31520244B90D3F8AC209388013B9380294BD3F8AC20BF
S31520244BA09388013B938098220021204607F098FB86
S31520244BB042F238236575A4F86430224BA362FF237E
S31520244BC0E3720623A4F84030E3871F4B23631B4B51
S31520244BD01B6823621D4B1B78A3771D4BA3641D4B97
S31520244BE0C4F880301C4BC4F890302046F8BD438B43
S31520244BF0C4681A0704D523F008034383FFF7BCF8B7
S31520244C00204681E71A6AA21A8A4224BF18461146E8
S31520244C10DB6880E77F229DE75F7D974204D307D117
S31520244C20186A301A884203D3196A3A461C46711ADE
S31520244C30DB6894E75C010220740102206C010220C7
S31520244C40680002209CC79CC7FFFF1802710102201E
S31520244C50010038229147242000DD6D004020FFF7F3
S31520244C6047BF000008B510B90448FBF73DFB044BA9
S31520244C70044A186812681044186008BD20A5242008
S31520244C80908E24206C01022038B504460D4612B994
S31520244C900748FBF729FB4DB1AB8C3BB1282B8ABFA8
S31520244CA0283B00239BB29C4228BF1C46204638BD65
S31520244CB03AA5242038B50D46044680B1036873B13D
S31520244CC00B4B1968FFF7E0FE0A4B20461968FFF7BD
S31520244CD0DBFE25B12B6813B1074B1B6803B938BDFE
S31520244CE019682268914204BF2A681A60DB68F5E7AE
S31520244CF05C0102206401022068010220094A1388EB
S31520244D00591C1180084A12681AB1084909888B420D
S31520244D1004D2074A12681344187D70475B1ADBB203
S31520244D20D05C7047A8010220B4010220B0010220E1
S31520244D30AC0102202DE9F843064610B91C48FBF79E
S31520244D40D3FA1C4B1F8887B11B4D002340F2B3583E
S31520244D5040F2B4592B802B88BB4206D2FFF7CEFFD4
S31520244D600128F8D0022802D0C8B9BDE8F883FFF775
S31520244D70C5FF0428F9D12B880133BB42F5DAFFF786
S31520244D80BDFF000284B2FFF7B9FF44EA00039BB2B9
S31520244D905A1E92B2424588BF4B467386DBE7FFF7FD
S31520244DA0ADFF0128E1D92B88023B18442880D2E77D
S31520244DB087A52420B8010220A801022010B5044684
S31520244DC010B90D48FBF790FA0C4B187810F0100008
S31520244DD011D0638BDB0606D4D4F88C301BB16FF04C
S31520244DE00E012069984721460548FFF7C5FB204632
S31520244DF0FEF792FF012010BDA1A524209C010220AC
S31520244E005C0102202DE9F84F064617460C46DFF8AA
S31520244E1090A0DFF89080A4B31F4B1D68236958689F
S31520244E20FCF797FD2269B4F8089083469089FCF70D
S31520244E308DFDA5EB090310F00300A3EB0B0518BF8A
S31520244E4001202D1A002D1DDBD4E900B0FEF744FDE8
S31520244E5033880546834202D25046FBF745FA3088EA
S31520244E60B8F80020451B2046358023891344A8F80A
S31520244E700030FFF7E9F833885BB1BBF1000F08D186
S31520244E801FB100242046BDE8F88F0448FBF72CFAEE
S31520244E90F7E75C46BFE700BF78010220EEA5242071
S31520244EA0C6A52420940102202DE9F843044610B9EE
S31520244EB0B148FBF719FA237D032B02D8AF48FBF719
S31520244EC013FAAF4BAF4E1B78AF4D13F0100F00F0F3
S31520244ED081803268AD4FB4F860103B68D4E9150E52
S31520244EE0A0EB020CBCF1000F0CDB904203D1AEEBFD
S31520244EF00300002806DB9E4513D1A5480068C089F7
S31520244F0088420ED9A248B4F862800068C0891FFA64
S31520244F1080FCA4F86000E045C4E9152338BFA4F832
S31520244F206200626CD01A0028C0F24681288840BBD1
S31520244F30B4F860C07144A06D6044884221D1B4F98C
S31520244F40301000291DDB9A421BD194F84330FF2BC5
S31520244F501CBF013384F8433094F84330032B0FD9F4
S31520244F60B4F848204FF6FF71638E13449BB29A42BD
S31520244F7088BF0B46A4F84830204601F0B9FD00E04E
S31520244F80FAD0606B30B3A36B3A689B1A002B21DAD4
S31520244F90804B80B2B4F93CC01A88CCF3CF07111ABF
S31520244FA0C91B0BB21CFA81F1002B09B2B8BF801A97
S31520244FB0B4F93E20A187B8BFC019A2EBA202B8BF7C
S31520244FC003B213449BB2E38703EBE103A4F84030F6
S31520244FD00023636329883368626A002900F0958157
S31520244FE0207D062800F29181D71A012F00F17B819A
S31520244FF0581E0844801A0028C0F27581664BD3F8BF
S3152024500004909846B9F1000F02D16448FBF76CF955
S315202450104FF6FE739F4202D96148FBF765F9D8F80B
S315202450200430BFB21B89BB4202D25E48FBF75CF92F
S31520245030B8F808300022DB1BA8F80830D8F804304A
S315202450401B89DB1B9BB2B9F80A10B942C0F04281F6
S3152024505039464846FEF70AFB636AD8F8102033609F
S3152024506053603268636AD11A0029C0F24981D14338
S31520245070208D1944C14200F143819A4240F0408157
S31520245080454F3B69B7F808809889FCF75FFC10F0F8
S315202450900300238D18BF0120404480B283422880F8
S315202450A03DD23B699889FCF751FCC30710D53B694F
S315202450B0B3F80C80404628F47C58FCF747FC00F0D3
S315202450C03E00FCF743FC3B6948EA0008A3F80C8021
S315202450D0238D3B813B699889FCF738FC80077868C7
S315202450E042BF3B8903F1FF333B813989FEF7B0FB6D
S315202450F03B69B7F808809889FCF728FC10F0030050
S31520245100336818BF0120626A404480B2288018443C
S31520245110238D1344984202D02348FBF7E5F82A88A6
S31520245120336813446362238D934202D21F48FBF7CC
S31520245130DBF8238D20462A889B1A2385FEF724FF15
S315202451407B681A891AB11A4A136000237B603B694B
S315202451509889FCF7FBFBC10741BF164A137843F015
S3152024516020031370638BDA0740F1C58023F00103F3
S3152024517043F00203C1E000BF0EA6242027A6242044
S315202451807C010220A0010220BA01022078010220FB
S31520245190AC0102206C0102208001022040A624209A
S315202451A050A624205FA624206FA62420A5A624204A
S315202451B0980102209C010220D143D94200F1868005
S315202451C0216DC91A0029C0F28180618B480709D52F
S315202451D021F004016183B4F84A10A4F84810002170
S315202451E0A4F86A10B4F93C00E18F636401EBE00172
S315202451F0A4F840100021A4F84210217D032927D9A0
S315202452009B1AB4F84810B4F84A209BB28A4215D97E
S31520245210628B12F4006F628E14BF0120022012FBCF
S3152024522000F292B29A4294BF8B18CB189BB2994221
S3152024523001D94FF6FF73A4F8483009E0B4F86A2060
S3152024524013449BB29A422ED899422ED9A4F86A3076
S3152024525004F16608D4E91B214046FFF7D3FDE16E0D
S31520245260024620674046FFF7CDFD226FE066B2FA5C
S3152024527082F35B095B4223860023237708B9A4F8AB
S3152024528068002749B4F8643009880B44A4F86430AC
S31520245290638B19057FF575AEB2B960B9638B23F498
S315202452A0006363836DE64FF6FF735B1AA4F86A30B6
S315202452B0638E0B44BAE703695868FCF74AFBE36C10
S315202452C0C01A0028EADA5CE61369F5E7204601F0DD
S315202452D077FC56E67F1AA9F80830A9F80A20BFB227
S315202452E0D9F80090AFE69B1A002BBEBF638B43F000
S315202452F002036383B5E643F001036383BDE8F883A1
S315202453002046BDE8F84301F05BBC991A002904DB4A
S31520245310DB431344228DD342F0D5638B28E700BF89
S31520245320940102202DE9F04F064689B0FBF7A6F911
S3152024533016B97048FAF7D8FF6F4D704FB5F89230EA
S315202453400133A5F8923073683B607389132B05D8F3
S31520245350B5F89A300133A5F89A3010E0684C2168C4
S31520245360A0466069FDF7A3FA20B9636903F0F00328
S31520245370E02B0AD1B5F8A0300133A5F8A030B5F832
S3152024538096300133A5F89630AAE104F114030621B8
S315202453903046009304F11003328902F0B6FB04F15F
S315202453A010038246059328B1B5F898300133A5F821
S315202453B09830E4E73B689889FCF7C8FA810A01F01B
S315202453C0FC011329C4D9338988B28B42C0D3A0F1D6
S315202453D01403B6F80AC04B4A9BB24B4C84459146DB
S315202453E0C4F800A01380DFF844A14AD33046AAF893
S315202453F00030FEF73BF93C682088FCF7A7FA20808A
S315202454003C686088FCF7A2FA60803C686068FCF7F8
S31520245410A0FAD7F8009060603C4C2060A346D9F8C7
S315202454200800FCF796FAD7F800A0C9F80800DFF898
S315202454300091C9F80000BAF80E00FCF787FA3B68F9
S31520245440AAF80E00CA469889FCF780FA304B00F059
S315202454503F0210F0030F04931A70328946D0531C4E
S315202454602C499BB29A420B803FF672AF2A4B4FF0BF
S3152024547000091C68002C5FD1284BDFF8B8901C68E3
S3152024548044E1336813B92648FAF72EFF142130460F
S31520245490FEF7ECF8B6F80AB0B9F80090304659462B
S315202454A0AAF800B0FEF7E2F8A9EB0B0A30681FFA37
S315202454B08AFA43895345FFF44BAF43685146236008
S315202454C0FEF7D4F833899B447389ABEB090BA6F8F2
S315202454D008B013B11348FAF707FF336832891B89BA
S315202454E09A4288D01048FAF7FFFE84E7094B1A809F
S315202454F0BCE700BFC3A6242068000220AC010220FA
S31520245500CC010220B8010220B4010220A0010220ED
S315202455107C010220BA0102205C01022074010220AF
S31520245520DBA62420EBA62420F7A62420B0010220E3
S3152024553078010220E3A72420237D13B9A948FAF76A
S31520245540D3FE237D0A2B02D1A748FAF7CDFE237D4D
S31520245550012B02D1A548FAF7C7FE227A3AB1D8F808
S31520245560043093F830300133DBB29A4275D13B684C
S31520245570218B1A88914270D1E28A5B889A426CD117
S315202455806268D8F810309A4267D12268D8F8143045
S315202455909A4262D1E3689C4202D19548FAF7A4FE46
S315202455A0B9F1000F53D0E368C9F80C30914B1A682F
S315202455B01C60E260E3689C4202D18F48FAF794FE8D
S315202455C08E4B002231898E4819813968DFF8508222
S315202455D019618C491A600A60894688F8002002805D
S315202455E0049A5E601278069012F0080F079303D06F
S315202455F0737B43F001037373636F002B00F0A08148
S315202456002046FFF7E7F80D3008D0636F002B00F013
S3152024561097817D4B1B88002B00F09281638D13B9D3
S31520245620204601F0CDFAB5F896300133A5F8963008
S315202456300024764B1C60079BC9F80040586818B193
S31520245640FEF744F8079B5C6009B0BDE8F08FB5F8F7
S31520245650A6300133A5F8A630ACE7A146E46809E7CD
S31520245660237D0A2B02D04846FAF73EFE227A3AB107
S31520245670D8F8043093F830300133DBB29A4244D13F
S315202456803B68208B1A8890423FD15A88E38A9342DA
S315202456903BD16168D8F81020914236D12168D8F8B8
S315202456A01420914231D1049A11784D0718D4564AA0
S315202456B015888A071AD5DBF80020616A571A002F25
S315202456C019DB278D891ACF4215D42A44CDE90130F6
S315202456D0059B204600934E4BDAF8001001F034FA4D
S315202456E0304609B0BDE8F04FFDF7F0BFCF0742BFE3
S315202456F0484B1B682362002DF2D0638B204643F04F
S315202457000203638301F086FAEAE7E468002CA7D132
S31520245710414BD8F804001A683968D8F814E0914621
S31520245720B9F1000F20D18889FCF710F94307D7D483
S31520245730B5F8A030344A01331188A5F8A030B5F83D
S315202457409630DBF8002001330A44A5F896303B68CE
S31520245750188802905B880193059B00932C4BDAF8DA
S315202457600010D8F804003AE099F808C0BCF1000FDC
S3152024577005D090F830300133DBB29C450ED14B88CE
S31520245780B9F816C004939C4508D1D9F800C0F4452D
S3152024579000F05783BCF1000F00F053834C46D9F810
S315202457A00C90BDE7D9F80C30E360C9F80C201A4ACE
S315202457B0C2F80090194A1278540791D412F0100492
S315202457C030D0114BDBF800201C88049B0988224406
S315202457D00193059B029100930D4BDAF8001001F0FA
S315202457E0CFF97DE716A724203DA7242067A72420C8
S315202457F08EA724205C010220B9A724208001022020
S315202458009401022098010220BA010220A401022038
S31520245810E00102206C010220680102207C01022082
S315202458209C01022093077FF55BAF99F81D2099F8F8
S315202458301C309A42BFF454AF99F81500FFF758F953
S31520245840824680B9B5F89C300133A5F89C30D9F826
S315202458501830002B3FF444AF01464FF0FF32D9F8DD
S31520245860100098473CE799F81D303A68013389F8A7
S315202458701D30438B43F400734383D8F814300360DC
S31520245880D8F810304360B9F81630C382137852788A
S3152024589043EA0223038303230375DBF80030013311
S315202458A04362C362FFF7DEF9DBF80030CAF85800FA
S315202458B0013BCAF85000CAF84400CAF85430D9F833
S315202458C01030CAF85C00CAF81030CAF8789099F8D3
S315202458D0093003F00C038AF8093099F808308AF83D
S315202458E00830AD4B1A68C3F800A0CAF80C2001F082
S315202458F035FCAA4B012250461A70FFF71BFA3B6847
S315202459000AF10402BAF83250DB8910460492AAF826
S315202459106030AAF86230FCF7D7FD049A014628465F
S31520245920FFF7B2F91221AAF83200504600F0C0FF40
S3152024593020B121465046FFF719F8D1E65046E1E634
S31520245940974B1C60049B1A78560739D5217D02294A
S3152024595022D1226DDAF800309A4209D198F8003003
S3152024596043F0080388F80030638B23F00103638314
S3152024597098F80030190740F1FF81D4F88C301BB1F8
S315202459806FF00D012069984721468348FEF7F4FDE0
S315202459902046FEF7C1F94BE6636ADBF800209342E2
S315202459A008D0D11A0029E3DB218D9B1AD942DFD4D2
S315202459B0638B0CE00029D1D17A48FAF795FCCDE700
S315202459C09507638B06D5227D023A012A02D943F014
S315202459D00203CCE7D80620465EBF734B1B6823629E
S315202459E00023A4F89630FFF7A5F9049B1B7813F01F
S315202459F0020103D0227D023A012AB9D8227D023A15
S31520245A00072AB5D8DFE812F00800910016011A01FA
S31520245A10650116017F019F0103F01202122A64D127
S31520245A20626CDAF8001001328A425ED1DBF800304B
S31520245A306264591C3A68013B658E6162E162D289AF
S31520245A4063650423A4F86020A4F86220E218237551
S31520245A5010460492FCF738FD049A01462846FFF79F
S31520245A6013F941F21C134200608681009A4215469E
S31520245A7038BF1D46B5EB800F2BD98BB2A4F84830FE
S31520245A80B4F8663013B94948FAF72EFCB4F86630D0
S31520245A90256F013BA4F86630FDB9E56E15B9444857
S31520245AA0FAF722FC2B68E3662846FEF7CDFA236F05
S31520245AB0B3B94FF6FF732386D4F88430002B3FF4F2
S31520245AC077AF00222146206998470D307FF470AFA6
S31520245AD0AEE59A4288BF93B2D0E72B682367E3E7E3
S31520245AE00023238684F84230E6E7D9067FF540AFA3
S31520245AF03B68304A18881188DBF80020029020461B
S31520245B005B880A440193059B00932B4BDAF80010FB
S31520245B1001F01AF894F84230052B3FF629AF0023DA
S31520245B202046238601F02EFA22E751B1636ADBF858
S31520245B300020013B93427FF41BAF204600F0A0FFB8
S31520245B4016E7DA067FF514AF636CDAF80010DB4328
S31520245B50CB425DD4236D5B1A002B59DB042323759A
S31520245B60A36F1BB92046FEF77DFF61E59B6913B918
S31520245B701248FAF7B9FB2046FEF7DEF8A36F9B6995
S31520245B80002BEFD00022214620699847C0B10D3042
S31520245B903FF44EADE6E700BF5C01022060010220FF
S31520245BA0A401022010A824206C01022030A824203D
S31520245BB046A82420BA010220E001022059A8242044
S31520245BC02046FFF771F9069B1B8813B1013B069AE1
S31520245BD01380618E41F21C134A0088009A4215468E
S31520245BE038BF1D46B5EB810F0ED983B2A4F84830B1
S31520245BF098F800309B067FF5BBAE638B43F00203F7
S31520245C00638307232375B3E69A4288BF93B2EDE7CD
S31520245C10904B914A1B6810881D88DBF8002002953A
S31520245C205B88024420460193059B00938B4B00F00E
S31520245C308BFF9DE62046FFF737F9D9E72046FFF765
S31520245C4033F998F8003013F0200F049B1B7831D0B9
S31520245C5013F0100F638B28D0216DDAF8002091429F
S31520245C6023D1E26E0ABB43F0020320466383FEF768
S31520245C707DFA7B4A13689C4209D1E368136008E0C5
S31520245C80DA68944202D1E268DA6002E01346002BF5
S31520245C90F6D1744B01221A700A232375724B1A6883
S31520245CA01C60E26001F05AFA62E643F00203638341
S31520245CB00823A7E7DF067FF55BAE226DDAF80030EE
S31520245CC09A427FF455AEE36E002B7FF451AE062321
S31520245CD098E72046FFF7E8F898F800309E067FF5E7
S31520245CE047AE638B204643F002036383FEF73EFAD6
S31520245CF05B4A13689C42C0D0002BCAD0DA689442EF
S31520245D00C1D01346F8E72046FFF7CEF8049B1B782C
S31520245D10DD067FF52DAE226DDAF800309A427FF427
S31520245D2027AEE36E002B7FF423AE2046FEF71EFA21
S31520245D304B4A13689C42A0D0002BAAD0DA689442FE
S31520245D40A1D01346F8E72046FFF7AEF8049B1B782C
S31520245D50D8067FF50DAE226DDAF800309A427FF40C
S31520245D6007AEE36E002B7FF403AE98F8003043F0A1
S31520245D70100388F80030FBE5069B1A8822B1E36FCE
S31520245D80D3B90023069A13802046FFF717F8002854
S31520245D907FF44EACD9F8003013B3636F13B1334874
S31520245DA0FAF7A2FA638BD9F8002013F0100309D04E
S31520245DB01046FDF78BFCD5E62146206998470D3001
S31520245DC0DFD135E4D4F880500DB321462069A84785
S31520245DD010F10D0F3FF42CAC10B1D9F800306367C5
S31520245DE098F800309A0605D5636FB3B15A7B42F0F2
S31520245DF020025A731E4B002220461A60FEF7DEFF2D
S31520245E0000287FF415AC204600F004FF10E42B462E
S31520245E1021462846FEF7BCFCDAE7238D4CF29C72F9
S31520245E20D4F8805093421CBF01332385002DE1D022
S31520245E300023214620691A46A8470D30DAD1FFF7D8
S31520245E40F7BB002C7FF4AEACB5F8A6200132A5F81A
S31520245E50A620AFE4AC010220BA010220E0010220F0
S31520245E605C010220600102207401022077A82420EC
S31520245E70A4010220024A137843F0100313707047BA
S31520245E809C01022010B5044610B90448FAF72CFACE
S31520245E906368987B013818BF012010BD91A824205F
S31520245EA02DE9F843089D80460C4617461E469DF844
S31520245EB0289015B91848FAF717FABC422AD29DF821
S31520245EC024309A0709D46B8B5B0623D4B9F1000FAF
S31520245ED003D0EB6E0BB92B6FE3B104F2B75525F043
S31520245EE00301B9420A4628BF3A4691B24FF420729A
S31520245EF04046FDF73FFC054648B1036813B10748E1
S31520245F00FAF7F2F96B891B1B33802C816C81284686
S31520245F10BDE8F8832146E9E7B6A82420D5A824207D
S31520245F202DE9F0470E46904699469DF820A007462F
S31520245F3010B92F48FAF7D8F916B92E48FAF7D4F912
S31520245F404FEA8A050320FDF77DF9044605F004056A
S31520245F5028B93046FDF7BAFB2046BDE8F087002352
S31520245F6080F80CA01FFA85FAC0E900363389AB42A3
S31520245F7002D22148FAF7B8F9338930461421A3EB03
S31520245F800A034FF0000A2381A4F80AA0FDF76AFB2E
S31520245F90064650B1194A20465446B2F8A430013355
S31520245FA0A2F8A430FEF750F8D6E76368AD08F88A3D
S31520245FB0D3F804A00535C4F810A0FBF7C7FCAAF82B
S31520245FC00000D4F810A0388BFBF7C0FC2769AAF868
S31520245FD002004846FBF7BDFC786048EA053027696D
S31520245FE0FBF7B4FC2369B8819E74DE74B4E700BF42
S31520245FF0E9A8242009A924202AA9242068000220EB
S315202460002DE9F04385B004460D461646DDF830804A
S315202460101F46B8F1000F02D11548FAF765F9D5F8CD
S31520246020049033462A8906212846009701F06DFDDF
S31520246030A9F81000CCB1E37AA47A0E492846B1F8FF
S3152024604090200132A1F8902006223146CDF80880EE
S31520246050CDE900423A46FCF719FC04462846FDF7CA
S3152024606035FB204605B0BDE8F083FF23E5E700BFD6
S315202460703FA924206800022014312DE9F04189B259
S315202460800646174640204FF420729846FDF772FBA9
S31520246090054628B34389132B02D81348FAF724F943
S315202460A06C684046FBF752FC2080BDF81800FBF7AD
S315202460B04DFC676060803046FBF74BFCA0609DF862
S315202460C01C0040F4A040FBF741FCA081BDF8200031
S315202460D0FBF73CFC0023E08123746374A374E374EC
S315202460E02846BDE8F08100BF70A9242010B50446B7
S315202460F086B030B90B48CDE90412FAF7F5F8DDE974
S315202461000412638D029310230193238B0093E38A35
S31520246110606AFFF7B1FF18B1628D636A1344E362A4
S3152024612006B010BD9EA9242010B90248FAF7DCB87F
S31520246130704700BFC3A924207FB505460C461E46BA
S3152024614012B91048FAF7D0F816B90F48FAF7CCF84E
S315202461502846FBF7FEFB142349F6C7410246204670
S31520246160CDE90131BDF8243000210093BDF820303B
S31520246170FFF782FF044608B1FFF7D6FF204604B076
S3152024618070BD00BFE9A9242003AA2420F7B504461C
S3152024619017461E460D4611B90D48FAF7A5F85CB1E7
S315202461A0207A48B1FDF7DCF950B92846FDF78EFA56
S315202461B06FF0030003B0F0BD3046FCF785F9F3E712
S315202461C0009033463A4629462046FFF719FFF1E741
S315202461D01EAA24202DE9F04F2DED028B91B00446E2
S315202461E00A93002309910692ADF83E3060B9AA4855
S315202461F006F082F8A94806F07FF86FF00F0011B058
S31520246200BDEC028BBDE8F08FB0F86230428E5B087D
S31520246210934228BF1346002B08BF13460893FAF748
S315202462202DFA099B0BB99E48E2E7237D072B03D041
S31520246230023B022B00F26482069BF3B1B4F864304D
S31520246240069A934206D2638B43F0800363834FF0EE
S31520246250FF30D4E7B4F86620112A06D9914AB2F839
S315202462609C300133A2F89C30EDE7236FD2B123B9B9
S31520246270E36E13B98C48FAF737F8B4F86630E66E2D
S315202462800793B6B9B4F86890B9F1000F00F0CC8121
S315202462908648B046FAF728F83546B3463746B146F7
S315202462A0059683E013B9E36E002BE6D08048E2E717
S315202462B0059E3368B0460593002BF9D1377B338965
S315202462C0BF00089A07F004073B449A4202DA794829
S315202462D0FAF70AF8089B3589B4F868205D1B738978
S315202462E0ED1B9A42ADB202D07348F9F7FDFFB4F8FC
S315202462F06870ADF83E70002F61D0AF4202D96F4846
S31520246300F9F7F2FFBDF83E30069A9A4228BF1A467C
S31520246310AA42174628BF2F46DB1BED1B9BB2ADB2E4
S31520246320ADF83E3033B1069BBB4200F0EC81644885
S31520246330F9F7DAFF069B9F4280F0E581002D00F0D5
S315202463406E81B8F808B0BBF1000F00F06B81DE1B1C
S315202463500A9BAE42A8BF2E46DB071FFA86F930D504
S3152024636001232A464946002002930A9BCDE900436D
S315202463700DF13E03FFF794FD8246002800F0BD81EF
S31520246380099B4A4640680025D919BDF83EB005F038
S31520246390A3FF5046FDF7A0FA079B03449BB207931D
S315202463A0B9444646CDF814A01FFA89F90A9B4FF022
S315202463B0000A03F00103CDF82CA00C93EBE03E4613
S315202463C0B8E7D8F804A05246DAF800A0BAF1000FAC
S315202463D0F9D1137B13F0C00F0CD151895368099A34
S315202463E00B449A4206D1D7B136484D46D346F9F7BF
S315202463F07BFFD5E7012249460020FDF7BBF98246DB
S31520246400002800F07A81099B00253B44AB46436053
S31520246410FDF762FA079B03449BB20793C0E74D46D8
S31520246420BB46BDE7069B089AA3EB09039BB293427E
S3152024643028BF13469BB208EE103A0C9B002B45D05E
S31520246440BAFA8AF318EE101A54205B0902930A9B8F
S31520246450CDE900430DF13E03FFF722FD0646002831
S3152024646051D0438918EE102A934202D21648F9F7BE
S315202464703BFF099B18EE102A706803EB090105F0EF
S315202464802BFF3046FDF728FA079B03449BB2122B99
S31520246490079362D9304634E047AA242038C62420DC
S315202464A05EAA2420680002208FAA2420A8AB2420B8
S315202464B0C9AA2420FBAA242012AB242041AB2420C1
S315202464C061AB24207FAB2420D7AB2420BDF83E30DB
S315202464D013B18F48F9F708FF012218EE101A542019
S315202464E0FDF748F978B1099A00210D904A44426073
S315202464F04FF420725420FDF73DF90D9B064640BBF0
S315202465001846FDF7E3F8638B824A43F080036383BE
S31520246510B2F89C300133A2F89C30059B13B118465F
S31520246520FDF7D4F8BAF1000F02D05046FDF79AFDB4
S31520246530B4F86630002B3FF48AAE236F002B7FF409
S3152024654086AEE36E002B7FF482AE7348F9F7CCFE39
S315202465507DE61946FDF7DCF993E7E36D0022314603
S3152024656020464B440092FFF7DBFC06460028CAD07F
S31520246570BDF83E304381BAF1000F4ED00B9B13B9A0
S315202465806648F9F7B1FE0B9B1E6018EE103A0B965F
S3152024659099441FFA89F9069B9945FFF443AFB8F12C
S315202465A0000F07D0BBF1000F04D0B8F80A305B44A3
S315202465B0A8F80A30AFB1D8F80490B9F1000F3AD12F
S315202465C0B8F808303B44A8F80830B8F80A30BB425B
S315202465D002D25348F9F788FEB8F80A30DF1BA8F808
S315202465E00A70BDF83E30A4F86830059B002B3BD0BA
S315202465F0B8F1000F02D14B48F9F776FE0599D8F861
S315202466000400FDF785F9059AB8F808301289134451
S31520246610A8F80830C8F800A048E08246B5E7AB467B
S31520246620B946C3E65D46FBE74D46CB464F46C846AC
S31520246630CDF81490BAE6B9F808303B44A9F80830C6
S31520246640D9F800306BB9D9F804303A46B9F80A009B
S315202466500999184405F040FEB9F80A303B44A9F8B4
S315202466600A30D9F80090A8E7DDB1B8F1000F02D09E
S31520246670D8F8043013B92C48F9F736FED8F8043064
S315202466801A8919682A4492B21A8141B95A892A4404
S315202466905A81B8F808301D44A8F80850BAE70B46A2
S315202466A0EEE7B8F1000FB5D1C4F86CA0E36D069AD5
S315202466B01344B4F86420E365069BD21A079BA4F8F6
S315202466C06420A4F8663033B1236F23B9E36E13B95B
S315202466D01148F9F709FE76B1306900283FF48FADC9
S315202466E00A9B13F0020506D184890820FBF72EF98C
S315202466F0336920439881002081E54FF0000A02E780
S315202467006FF00A007BE54FF0000A554652E700BF9A
S3152024671015AC242068000220CDAC242023AC2420D0
S3152024672034AC242060AC242098AC24202DE9F74FC7
S315202467300D46064610B95948F9F7D6FDF46E14B914
S315202467404FF0FF3005E03DB95548F9F7CDFD6FF000
S31520246750050003B0BDE8F08F2389AB4201D8002081
S31520246760F7E7738EAB4202D24E48F9F7BDFD238953
S3152024677013B94D48F9F7B8FD94F80CB04FF42072AC
S31520246780B4F808A054204FEA8B08AAEB050108F098
S3152024679004081FFA81F918FA81F189B2FCF7EAFF75
S315202467A0074600286CD060682289038979689B1A59
S315202467B04A4641442B449BB2FDF786F9484560D18D
S315202467C023699889FBF7C2F810F008095FFA80F844
S315202467D023691ABF4FF0080908F0370808F03F0844
S315202467E0586818F0010F1CBF49F0010908F0FE086B
S315202467F0FBF7AFF839462B184A463046CDF800B079
S31520246800FFF78EFB074600283AD06068A5EB0A05D9
S31520246810FDF762F8B6F866301FFA85F9181AA6F835
S3152024682066006068018911FA85F189B2FDF710F8AE
S315202468302389404699442369A4F808909D89FBF727
S3152024684085F8236928439881002360686381FDF7AE
S3152024685043F8B6F866301844A6F866007868FDF73B
S315202468603BF8B6F8663018442368A6F866003B60E1
S315202468702760386800287FF472AFA6F8680068E796
S3152024688000270A4AB2F89C300133A2F89C30002F04
S315202468903FF456AF3846FCF719FF51E7EBAC2420DA
S315202468A00DAD24202FAD24203CAD242068000220C9
S315202468B02DE9F74311F0030804460E4602D1354844
S315202468C0F9F712FD14B93448F9F70EFDC6F340073B
S315202468D04FF4207254204FEA87094946FCF74AFF91
S315202468E0054670B9638B4FF0FF302C4A43F0800362
S315202468F06383B2F89C300133A2F89C3003B0BDE800
S31520246900F08343894B4502D22548F9F7EDFC2946E5
S3152024691000973246E36D2046FFF702FB0546002802
S31520246920E0D003699A0702D01E48F9F7DDFC2B89AB
S3152024693013B11D48F9F7D8FCE36E23BBE566002383
S31520246940A4F86830B8F1000F02D0E36D0133E36573
S31520246950F307686842BF638B43F020036383FCF705
S31520246960BBFFB4F86630184480B2A4F86600002829
S31520246970C4D0206F28B9E46E002CBFD10B48F9F778
S31520246980B3FC0020BAE71A461B68002BFBD11560FE
S31520246990D5E700BF4AAD24209FAD242068000220DD
S315202469A0BEAD2420F7AD24200FAE242039AE2420DA
S315202469B0F8B5044610B91148F9F796FCE56E4DB1A1
S315202469C02F462D68002DFBD13B699889FAF7BEFF07
S315202469D0430705D020460121BDE8F840FFF768BFCC
S315202469E03B6901209E89FAF7B1FF3B6930439881A0
S315202469F02846638B43F020036383F8BD61AE2420AD
S31520246A002DE9F041044610B91C48F9F76DFC256F91
S31520246A1045B96FF00500BDE8F081FFF733FA002869
S31520246A20F7D12D682B682846002BF6D1FFF72AFAB2
S31520246A300028EED1E36E2B6013B96B89A4F8683055
S31520246A40236F0026E366638B266743F40063638300
S31520246A502B695868FAF77DFF2B690746B5F8088015
S31520246A609889FAF773FF10F003034744304618BF7A
S31520246A70012366633B44E364CDE700BF7BAE242039
S31520246A80F8B5044610B91948F9F72EFC256F15B91F
S31520246A906FF00500F8BD2846FFF7F4F90028F7D152
S31520246AA02B6804F16C062367336883B933682B601B
S31520246AB035602B680BB9A4F8683094F8423000204E
S31520246AC0FF2B60631CBF013384F84230E2E71B6945
S31520246AD05868FAF73EFF2B6907465868FAF739FFB4
S31520246AE0381A0028E2DA3668DEE700BF9FAE242073
S31520246AF038B5044610B91348F9F7F6FB236FFBB1D2
S31520246B00638B5B071CD42046FFF7BAFFC0B9B4F8C1
S31520246B106010B4F848302086994228BF1946638EDF
S31520246B205D004A10B5EB510F2B4488BF2A461344E7
S31520246B30A4F84A20A4F84830638B43F004036383E3
S31520246B4038BD00BFB7AE24207FB5BDF824500446F7
S31520246B50BDF82860084611461A46089BCDE90056FA
S31520246B60CDE90223FFF7E8FA014638B12046DDE9CC
S31520246B70022304B0BDE87040FFF708BB04B070BD03
S31520246B80F0B585B00D4604461146BDF82C601A464C
S31520246B90BDF830700A9B88B12846CDE90067CDE937
S31520246BA00223FFF7C9FA014640B100200A94DDE901
S31520246BB0022305B0BDE8F040FFF722BA05B0F0BDA8
S31520246BC038B5044610B91248F9F78EFB206DFAF72A
S31520246BD0C0FE002102462046FFF788FA054630B932
S31520246BE0638B6FF0010043F00303638338BDFFF703
S31520246BF09BFA231D224629462046FFF7C7FA638B94
S31520246C0018B143F003036383F0E723F00303FAE781
S31520246C10D4AE24202DE9F04F044687B0F9F72EFD73
S31520246C2014B98D48F9F760FB237D012B02D18B48BB
S31520246C30F9F75AFB8A4B1B68A34200F07281E56E52
S31520246C404DB9638B990740F16881204607B0BDE88A
S31520246C50F04FFFF7B5BF207A04F10409B4F8488031
S31520246C60B4F8606040B3FCF77BFC0746002800F0AC
S31520246C70708123680BB9436823602B69B045586813
S31520246C8028BFB046FAF765FE2B89626C9B1A1844F6
S31520246C90404515D9B4F860304345D2D1236F002B13
S31520246CA0CFD194F89530002BCBD14FF4807284F831
S31520246CB09630A4F89420C4E74846FBF705FCD4E78D
S31520246CC00023266F84F8953026B133463668002E65
S31520246CD0FBD11E46DFF894A1E5E0237D022B09D0C3
S31520246CE02B691020B3F80CB0FAF730FE2B694BEA47
S31520246CF0000098812846FFF7C5F8002875D1D5F8D5
S31520246D0010B0606AFAF725FECBF80800608DD5F816
S31520246D1010B0FAF71BFE628D636AABF80E0013449B
S31520246D20D5F810B0E3622B7BDB074FD40BF1140B81
S31520246D30B4F93030002BBCBF00232386636B3BB9C8
S31520246D40484A2B69126862635868FAF702FEA063E0
S31520246D506A682B6951685089591A536089B2401A36
S31520246D6050811089411A118100221A745A742A7B5F
S31520246D70920002F00402143213449B4502D03A486E
S31520246D80F9F7B2FA68682346D5F810B006210289A5
S31520246D90CDF8009000F0B9FEBAF89030ABF8100088
S31520246DA04A46013302972146AAF8903006230193B6
S31520246DB0A37A0093E37A6868FBF768FDA8B1638B0E
S31520246DC043F08003638307B0BDE8F08F4A463946F3
S31520246DD040F2B4500BF1180BFDF756FF40F001702A
S31520246DE0FAF7B7FD4BF8040CA2E700236B812B6836
S31520246DF0E366237D022B1EBF638B23F00303638369
S31520246E002B695868FAF7A5FD2A892B6983460592AA
S31520246E109889FAF79BFD059A10F003039344226D73
S31520246E2018BF01235B44B5F808B0D21A002AB8BF8C
S31520246E3023652B699889FAF789FD10F0030018BF7A
S31520246E40012010EB0B0F00F0808000232B60236F92
S31520246E5073B925672E4623E0F4AE24200CAF2420D4
S31520246E60A40102206C01022049AF242068000220BC
S31520246E702B695868FAF76DFD336983465868FAF703
S31520246E8068FDABEB000000285DDA04F1700BDBF81B
S31520246E900030002B47D1DBF800302B60CBF8005094
S31520246EA0E56E002D36D02B695868FAF752FD636CAF
S31520246EB0C01A2B89184440452AD82B699889FAF771
S31520246EC045FD420702D52448F9F70EFA236F002BF5
S31520246ED03FF403AF628B12F0440F7FF4FEAEE36ED1
S31520246EE043B1196800297FF4F8AE1989638E994233
S31520246EF0BFF4F3AEB4F86430002B3FF4EEAEB4F80E
S31520246F006630112B3FF6E9AE12F0A00F7FF4E5AEE2
S31520246F10E36E13B90023A4F86830638B23F080032F
S31520246F20638300204FE71B695868FAF712FD2A6904
S31520246F3005905068FAF70DFD059B181A0028AADA41
S31520246F40DBF800B0A3E7356084E72846FDF77CF814
S31520246F50A6E76FF0030036E732AF242010B50446A7
S31520246F6010B90748F9F7C0F994F842302046FF2B88
S31520246F701CBF013384F84230BDE81040FFF74ABED7
S31520246F805CAF242010B5044610B90648F9F7ACF9AD
S31520246F902046FFF735FD20B92046BDE81040FFF7EF
S31520246FA0DDBF10BD7FAF242070B5044610B90D482F
S31520246FB0F9F79AF9206D0138FAF7CBFC002102461D
S31520246FC02046FFF793F8054648B1FFF7ADF8231D71
S31520246FD0224629462046BDE87040FFF7D7B84FF011
S31520246FE0FF3070BD9BAF24202DE9F041064610B911
S31520246FF02A48F9F779F9F56E002D48D096F8963077
S31520247000FF2B1CBF013386F896302B699889FAF713
S315202470109DFC10F001042B69304618BF2C895A6830
S315202470201CBFB4FA84F4640984F00101FFF75EF8E6
S31520247030074678B3D0F80480F4B1B8F90C4011206F
S31520247040FAF784FC24F47C542043A8F80C002B69FA
S315202470505868FAF77EFC336D01301B1A002BB8BF13
S3152024706030653846FFF760F8331D324639463046B8
S31520247070BDE8F041FFF78AB8686808F114012A8927
S3152024708003899B1A01229BB2FCF71EFDDFE72846C3
S31520247090BDE8F0814FF0FF30FAE700BFB6AF2420D9
S315202470A070B504460A200E461546FCF7CBF820B9BF
S315202470B00F48BDE87040F9F717B900230D4A4460FC
S315202470C003601368C0E902650BB9106070BD596866
S315202470D0611A002901DA0360F7E719461B681BB1F8
S315202470E05A68A21A002AF8DA03600860EEE700BF7D
S315202470F0D9AF2420C001022038B5436804469847D6
S31520247100F9F74FFA074B25681B6807492B441A1AA7
S31520247110002A2246B4BF40191846BDE83840FFF756
S31520247120BFBF00BFBC010220F970242070B50446DD
S315202471300D461646F9F7A2FAB4F1804F02D3064833
S31520247140F9F7D2F8F9F72DFA324629462044BDE834
S315202471507040FFF7A5BF00BF16B0242008B5F9F765
S315202471608DFA094B1A6872B9084A126812B9084A64
S31520247170126842B101220749FA201A600022BDE88A
S315202471800840FFF7D3BF08BDC40102205C010220BA
S31520247190740102209971242008B5FDF79DFB084B24
S315202471A01B6813B9074B1B6833B100220649FA2002
S315202471B0BDE80840FFF7BABF044A136008BD00BFE4
S315202471C05C0102207401022099712420C40102202A
S315202471D070B5064D0124064E55F8080F0134314664
S315202471E02A46FFF7A3FF062CF6D170BD4CB02420E7
S315202471F0F97024202DE9F041F9F740FA0D4EF9F7DC
S31520247200D0F9DFF834800446316889B14B68E21A14
S31520247210002A0DDB0A680A20C8F800303260D1E93A
S315202472200257FCF727F8002DEED03846A847EBE77F
S31520247230BDE8F081C0010220BC01022010B5084C13
S31520247240F9F71CFA23683BB1F9F7ABF923685B6895
S31520247250181A48BF002010BD4FF0FF30FBE700BFAF
S31520247260C001022008B5F9F74DF86FEA8040024B99
S315202472706FEA9040188008BD968E24202DE9F04F81
S31520247280054687B08946F9F7F9F915B97448F9F707
S315202472902BF8B9F1000F02D17248F9F725F8724B71
S315202472A0B3F87A201F460132A3F87A206A89072A5E
S315202472B00FD8B3F882200132A3F88220B3F87E2097
S315202472C00132A3F87E20284607B0BDE8F04FFCF70C
S315202472D0FDB9DFF8AC810026D5F804A0D8F8001033
S315202472E0D8F81400FBF7E3FA0290BAF80000FAF76C
S315202472F02DFB0390BAF80200FAF728FB5B4A3346A3
S3152024730004901468934644B9002E50D1D9F8042009
S31520247310D8F814309A424AD0D5E7628A04998A4208
S3152024732062D1B9F1000F04D151480593F8F7DCFF57
S31520247330059B217A39B1D8F8042092F830200132DD
S31520247340D2B2914250D1029A2168002A46D041B124
S31520247350D8F81400421C04D04840D9F808201042FA
S3152024736042D1227C52070FD4002E40D0029A5AB101
S31520247370D8F81420013207D1D9F804003268824281
S3152024738002D0884208BF2646A28A03998A422BD154
S31520247390616819B1D8F81020914225D14BB3E268FF
S315202473A0DA60DBF80030CBF80040E3602646BAF8F2
S315202473B0063023B32F4B11212A8928460093043BD8
S315202473C000F0A3FBD8B1B7F880300133A7F880307A
S315202473D0B7F87E300133A7F87E3074E70029C0D071
S315202473E0D8F814208A42BCD02346E4688BE7264664
S315202473F0CAE7B7F88E300133A7F88E30D6E70821AE
S315202474002846FCF733F918B11B48F8F76DFFDFE758
S315202474106EB1B469002C3FF456AF039B2A463146FD
S315202474200093164BF069A04707B0BDE8F08F029B66
S3152024743083B9D8F8143003F0F003E02B0AD0B8F837
S315202474400C102846083109B2FCF738F903212846BE
S3152024745001F000FDB7F888300133A7F88830B7E764
S315202474607CB0242094B0242068000220C801022065
S31520247470ADB02420E0010220D2B02420DC01022059
S31520247480CC0102202DE9F041884607461646F9F715
S31520247490F5F82B4BB8F1000F08BF98464FB9294869
S315202474A004F02AFF284804F027FF6FF00F00BDE8D8
S315202474B0F081264801680D46CDB9002E3DD1244BB6
S315202474C04FF480444FF6FF7C1E8866450A4616BF35
S315202474D001364FF44046B6B27AB91E80D8F8003029
S315202474E07E823B600DB9F96007600020DFE7BD424C
S315202474F001D0ED68E0E70125DFE7B2F812E0B645D2
S3152024750007D1013CA4B2002CDFD11E806FF00700E6
S31520247510CDE7D268E0E7BB420BD05A8AB24208D1E3
S31520247520D8F800401A68A242F0D0002CEED0002AC7
S31520247530ECD0DB68002BEED1D0E70B46FAE700BF70
S31520247540A8962420ECB0242038C62420C801022062
S31520247550968E24202DE9F04F064685B00F46904678
S315202475609A46DDE90EB9F9F789F85EB942486FF0F3
S315202475700F0404F0C1FE414804F0BEFE204605B0A7
S31520247580BDE8F08F0FB93E48F1E7B8F1000F01D1DD
S315202475903C48ECE7B9F1000F01D13B48E7E7BBF1C2
S315202475A0000F01D13948E2E7728A3AB13A894FF677
S315202475B0F7739A420AD94FF0FF34DFE73146304633
S315202475C0FFF760FF04460028F0D0D7E70821384685
S315202475D0FCF748F800284DD04FF42072082140208B
S315202475E0FCF7C8F805460028E5D03B8913B139466F
S315202475F0FCF7BCF96B89072B02D82548F8F774FECB
S315202476006C68708AFAF7A2F920805046FAF79EF918
S3152024761000236080A371E3712889FAF797F9A08063
S31520247620337CDB070DD42A894B4611212846CDF8F5
S31520247630008000F06AFA4FF6FF73002808BF184628
S31520247640E08011234246494628460193B37ACDF851
S3152024765008B00093F37AFBF781F8BD42044602D0A2
S315202476602846FCF733F80B4AB2F878300133A2F8CF
S31520247670783083E73D46BDE702B1242038C624204E
S3152024768021B1242041B1242063B1242085B1242092
S31520247690A6B124206800022073B5069C48B9134855
S315202476A004F02AFE124804F027FE6FF00F0002B0E1
S315202476B070BD09B90F48F3E70AB90F48F0E70CB9AA
S315202476C00E48EDE705681DB105F0F006E02E05D13C
S315202476D0251DCDE90045FFF73DFFE8E76668B5425D
S315202476E001D10546F5E76FF00300E0E7D4B1242065
S315202476F038C62420EFB124200BB2242029B22420FA
S31520247700F7B50E4615461F46044648B9144804F0D4
S31520247710F3FD144804F0F0FD6FF00F0003B0F0BD24
S3152024772009B91148F3E70AB91048F0E7007A58B1A5
S31520247730FBF716FF60B90E4A6FF00300B2F88630C5
S315202477400133A2F88630E9E71046FAF7BDFEF1E7C1
S3152024775000903B462A4631462046FFF79DFFDDE72B
S3152024776046B2242038C624205EB2242077B2242090
S3152024777068000220024610B540B9094804F0BCFD31
S31520247780084804F0B9FD6FF00F0010BD09B906486A
S31520247790F4E7838A0432BDE81040FFF7B1BF00BF67
S315202477A092B2242038C62420A8B2242070B50446B8
S315202477B00D461646F8F762FF44B9144804F09CFD9A
S315202477C0134804F099FD6FF00F0070BD0DB91148D0
S315202477D0F4E7628A6AB12B680F4A63601168237CB6
S315202477E00846A68243F00403237448B9E160146052
S315202477F0EBE721462046FFF745FE0028EBD0E4E7B9
S31520247800844201D0C068F0E70020DEE7BFB22420FE
S3152024781038C62420D8B22420C801022070B50446B4
S315202478200E461546F8F72AFF3CB9054804F064FDB0
S315202478300448BDE8704004F05FBDC4E9066570BD08
S31520247840F4B2242038C6242010B50446F8F716FFAF
S315202478503CB90F4804F050FD0E48BDE8104004F012
S315202478604BBD0D4A1368A34208D1E3681360214611
S315202478700020BDE81040FBF7FDBC1346002BF6D0B4
S31520247880DA68002AF3D0A242F7D1E268DA60EEE77A
S315202478900AB3242038C62420C801022010B5F8F7BC
S315202478A0EDFE0020FBF7CEFC044628B12022002141
S315202478B004F016FDFF23E372204610BD08B5F8F721
S315202478C0DDFEBDE80840FFF7E9BF000010B538B15A
S315202478D003682BB121B10B6813B1064B1B6803B97E
S315202478E010BD1C680268944204BF0A681A60DB68CB
S315202478F0F5E700BFC801022070B504460D46F8F707
S31520247900BDFE63890E2B04D8294B1A8D01321A8584
S3152024791027E0E37B1BB995F830300133E3736068A5
S3152024792003788689D9070AD5012B21D1437833B9FF
S3152024793083785E2B03D1637B43F010036373082E75
S3152024794020D0B6F5C16FDFD195F82D301B070BD586
S315202479500E212046FBF78AFE20B3154B5A8C013282
S315202479605A84DA8B0132DA832046FBF7AFFE17E0FE
S315202479700622104904F0E4FC0028E0D1637B43F07E
S315202479800803DBE795F82D301A07EDD50E2120467E
S31520247990FBF76CFE0028E7D129462046FAF7CCFDD2
S315202479A0002070BD29462046FAF7F0FAF8E700BFF2
S315202479B06800022053B324202DE9F0470D460446BF
S315202479C0BDF8200017469846F9F7C0FF0E218146B8
S315202479D02846FBF747FED8B9F8F750FE6E680622EC
S315202479E041463046A6F80C9004F076FC0622394609
S315202479F0B01804F071FC94F82C30062B02D00848D9
S31520247A00F8F772FCA36929462046BDE8F0471847B3
S31520247A10044A6FF00100538901335381BDE8F0876E
S31520247A2022B324206800022013B5002310F0010479
S31520247A30ADF8063007D09942C2BF10F8013B01F1B8
S31520247A40FF318DF807300022012915DC04BF037885
S31520247A508DF80630BDF80630134498B200EB134354
S31520247A6098B200EB134024B10302C0F307209BB243
S31520247A70184380B202B010BD30F8023B02391A44B2
S31520247A80E2E72DE9F0411C680746069B8846164600
S31520247A901D682B0C13FA85F3002513FA84F303EBC4
S31520247AA014439CB204EB13439CB204EB1344C7B98E
S31520247AB025B12302C4F307249BB21C434046F9F77D
S31520247AC045FF05463046F9F741FF28440444A0B231
S31520247AD000EB1444A0B200EB1440C04380B2BDE8AE
S31520247AE0F08179897868FFF79FFF7B892044DB071B
S31520247AF084B204EB104406D52302C4F3072485F06C
S31520247B0001059BB21C433F68D1E7FFF7BABF08B5EE
S31520247B10FFF78AFFC04380B208BD70B5002605460C
S31520247B20344645B926B12302C4F307249BB21C4309
S31520247B30E04380B270BD69896868FFF775FF6B8959
S31520247B400444DB07A0B200EB144406D52302C4F375
S31520247B50072486F001069BB21C432D68E1E743796E
S31520247B608B421FBF0023417183710381704700001C
S31520247B70F8B5871C04460D461646442F02D90548D7
S31520247B80F8F7B2FB330AB8B22B550134A4B22E55DA
S31520247B90F8BD00BF5FB32420F8B51E460233044641
S31520247BA00D4603441746442B02D90548F8F79CFB77
S31520247BB0631CA01C2F559BB280B2EE54F8BD00BF87
S31520247BC09AB32420F8B5071D04460D461646442F9D
S31520247BD002D90948F8F788FB330E320C2B55631C3F
S31520247BE0B8B29BB2EA54A31C0334320A9BB2A4B281
S31520247BF0EA542E55F8BD00BFDCB324200346104694
S31520247C0030B45C1CFF25A2B2CD5411FA84F1002590
S31520247C101446432C0BD9442AC3F1430103F1F1031F
S31520247C2088BF0021194430BC89B2FBF711BE013428
S31520247C3001F8015BA4B2ECE738B5134D2B78DBB9F8
S31520247C40124C236813B11248F8F74EFBFFF726FE91
S31520247C502060B0B1427A0F4942F020024272442277
S31520247C60FFF710FC43220B492068FFF79FFD0022D3
S31520247C7009492068FFF7D2FD2B78002001332B7089
S31520247C8038BD4FF0FF30FBE7E8010220E401022053
S31520247C9016B42420A89624202D83242023B50546F3
S31520247CA038B9384804F028FB374804F025FB02B0BD
S31520247CB020BD006A08B93548F4E700234382836A45
S31520247CC05A1C0CD01E33B3F5701F36BF3C224FF6F8
S31520247CD0FF73B3FBF2F39AB2002B3CD08282C36AA1
S31520247CE0591C0ED01E33B3F5701F36BF3C224FF6D7
S31520247CF0FF73B3FBF2F39AB2002B2FD04281438930
S31520247D00C381036B5A1C0DD01E33B3F5701F36BFA7
S31520247D103C224FF6FF73B3FBF2F39AB20BB3828164
S31520247D2083890382838942899A4202D30BB1002311
S31520247D304381C379DB0717D5036A00930A21436A53
S31520247D400193FFF70CFF01AB00F11C016A4628467C
S31520247D50FBF7F0FAABE701238382C0E701234381B3
S31520247D60CDE701238381DBE790F91C20037F002ABA
S31520247D7001DBFF23E1E7BF2B8CBF6FF07F434FF658
S31520247D80FF73DAE73BB4242038C6242054B42420B5
S31520247D9038B5084D2B7813B90748F8F7A5FA2C7867
S31520247DA0013CE4B22C7024B9044D2868FFF74CFD1D
S31520247DB02C6038BDE80102206CB42420E401022082
S31520247DC037B50023264D0446C0E90833EB7813B192
S31520247DD0244BDB6883622B79002B34D0214B1B69FF
S31520247DE0E3626B79002B31D01E4B5B6923630B69CD
S31520247DF0E361AB79002B2ED01A4B9869F9F7A9FDAC
S31520247E00E379206243F00103E371EB7923B1154B27
S31520247E10D869F9F79EFD60622B7A93B1114C206ABA
S31520247E20F9F797FD01A901900020F9F767FF6B7AEE
S31520247E303BB1606AF9F78DFD01A901900120F9F77C
S31520247E405DFF03B030BDA36A5B08C9E7A36AC3EB11
S31520247E50C303DB08CAE7E37923F00103D4E700BF91
S31520247E60E9010220F40102202DE9F8430E4690462A
S31520247E709946054648B93B482F4604F03DFA3A48E8
S31520247E8004F03AFA3846BDE8F88339B937483746F4
S31520247E9004F032FA344804F02FFAF3E74FF4207230
S31520247EA04FF49A715420FBF765FC07460028E9D045
S31520247EB04389B3F59A7F02D22D48F8F715FAB8F1FB
S31520247EC0030F02D17379032B07D1B379294C13B924
S31520247ED0F8F718FA2060236833607C684FF49A7286
S31520247EE00021204604F0FCF901232370637095F8C1
S31520247EF02C30A3703068F9F72CFDB8F1040F60609C
S31520247F000AD0A8F10703012B06D9B8F1030F05D10E
S31520247F107379043B012B01D86B68E36005F12603B2
S31520247F2004F11C022C3513F8011B9D4202F8011B77
S31520247F30F9D163236FF07D0284F8F28084F8EC3043
S31520247F4084F8EF30352384F8ED20532284F8F0305A
S31520247F50012384F8EE2084F8F1300323A9F8003095
S31520247F6090E700BF90B4242038C62420AFB4242020
S31520247F70CDB424201C0202202DE9F04F074685B0DB
S31520247F8058B957486FF00F0504F0B6F9554804F050
S31520247F90B3F9284605B0BDE8F08F046A44B952489F
S31520247FA06FF0050504F0A8F94E4804F0A5F9F0E78A
S31520247FB001212046FFF7D3FD0DF10E03032221468E
S31520247FC03846FFF751FF0646002800F0868045688C
S31520247FD002233922BDF80E00F035DFF820A12946E8
S31520247FE0FFF7DAFDBA8C2946ADF80E00FFF7C0FD5F
S31520247FF0042332222946ADF80E00FFF7CDFD804614
S31520248000ADF80E00E069F9F7A4FC2946024640465D
S31520248010FFF7D8FD042336222946ADF80E00FFF7B4
S31520248020BBFD8046ADF80E00A069F9F792FC2946DF
S3152024803002464046FFF7C6FD042337222946ADF8DB
S315202480400E004FF00408FFF7A7FDADF80E002748D1
S31520248050BDF80E901AF801BBB9F1430F02D9F8F7EF
S3152024806043F9224809F1010308F1FF3805F809B03C
S315202480709BB218F0FF08ADF80E30E9D129461846F0
S315202480803246FFF7BBFD1A4B1A4831461A4ACDE928
S31520248090007343230068FFF75DFA05463046FBF755
S315202480A015FBA379FF2B1CBF0133A371A279052AC3
S315202480B097BF01234EF660239340C3EB431298BF08
S315202480C003EB82034FF4FA729CBFDB009BB203F2CC
S315202480D0F313B3FBF2F323815BE74FF0FF35E0E79D
S315202480E00DB5242038C6242028B5242042B52420A2
S315202480F0A8962420E4010220AC962420E1B524204D
S315202481002DE9F04F056A85B0074603212846FFF757
S3152024811026FD0DF10E03032229463846FFF7A4FE39
S315202481200646002872D0446802233922BDF80E0060
S31520248130F034DFF8ECA02146FFF72EFD4FF4107221
S315202481402146ADF80E00FFF713FD042332222146E3
S31520248150ADF80E00FFF720FD8046ADF80E00E86945
S31520248160F9F7F7FB214602464046FFF72BFD042369
S3152024817037222146ADF80E004FF00408FFF70CFDF8
S31520248180ADF80E002348BDF80E901AF801BBB9F1BC
S31520248190430F02D9F8F7A8F81E4809F1010308F17C
S315202481A0FF3804F809B09BB218F0FF08ADF80E305A
S315202481B0E9D1214618463246FFF720FD1648009776
S315202481C04323164A31460068FFF766FA04463046AA
S315202481D0FBF77CFAAB792046FF2B1CBF0133AB710E
S315202481E0AB79092B96BFC3EB431242F2107303EBF0
S315202481F082034FF4FA729CBFDB009BB203F2F31383
S31520248200B3FBF2F32B8105B0BDE8F08F4FF0FF349A
S31520248210E0E700BF42B52420E4010220AC962420C6
S31520248220E1B524202DE9F04F0023046A85B00746C2
S3152024823006212046E361FFF792FC0DF10E0301226D
S3152024824021463846FFF710FE0546002844D04668C6
S3152024825002233922BDF80E00F036DFF8CCA04FF0E9
S3152024826004083146FFF798FCBA8C3146ADF80E0047
S31520248270FFF77EFC042337223146ADF80E00FFF7A4
S315202482808BFCADF80E002448BDF80E901AF801BBDD
S31520248290B9F1430F02D9F8F727F81F4809F101034A
S315202482A008F1FF3806F809B09BB218F0FF08ADF89C
S315202482B00E30E9D118462A463146FFF79FFC174B44
S315202482C017482946174ACDE9007343230068FFF748
S315202482D041F92846FBF7FAF9A3790020FF2B1CBF86
S315202482E00133A371A279052A97BF01234EF6602371
S315202482F09340C3EB431298BF03EB82034FF4FA72E5
S315202483009CBFDB009BB203F2F313B3FBF2F323816E
S3152024831005B0BDE8F08F00BF42B52420A8962420BE
S31520248320E4010220AC962420E1B52420AA4B2DE991
S31520248330F04FD3F8048089B09246D8F820B0BBF108
S31520248340000F62D09BF80430002B5ED053892B2B50
S315202483505BD952681378022B57D198F82C4008F110
S31520248360260002F11C010023DDB2AC4201D9062BE2
S3152024837044D15068F9F7EDFADBF80030984244D11D
S315202483800A220021954803F0ABFFBAF80A302B2B9A
S315202483903BD90023BAF808900193F023009357463B
S315202483A0009C7B89A34236D97B6802934C4503D211
S315202483B0029B195DFF2938D1884A13781046002B51
S315202483C040F01281019B002B40F016814378E3B1C3
S315202483D0834ADAF804101379052B40F021819BF87F
S315202483E0053003F0FD02012A40F01581D8F820003B
S315202483F0FFF7E6FC4046FFF751FC06E010F8016B38
S31520248400013311F8015BAE42AED05046FBF75EF93C
S3152024841009B0BDE8F08FE41AA9EB03093F68A4B29A
S315202484201FFA89F9002FBCD1EFE7A31C9BB2A342E4
S31520248430EBD3651C7A8995420DDA029A2244527826
S31520248440062919D8062900F29C80DFE801F09D1E12
S315202484509A629A9A69003A68002A00F0168152682C
S315202484601278EDE7082800F28C80DFE800F0656BAF
S31520248470757B8A8A8A818300A1F13300C6B2082EAD
S31520248480F0D94FF0FF36002503E0042ABDD1154646
S31520248490062614444FF6FD718C42B6DC9C18A4B2F1
S315202484A0002D72D0002207924C4A32440392092E80
S315202484B004D94C480493F7F717FF049B039A1278A0
S315202484C0002A62D1042D2A4607A9384628BF042229
S315202484D0CDE90423FBF7F8FA049A824295D1042D98
S315202484E065D9AB0791D1039B01220798043D03F854
S315202484F0012B0393F9F72DFA394BEDB243F82600D5
S31520248500059B1A1D92B293423FF67FAF013613463E
S31520248510CDE7032A7FF679AF07260425B9E700227B
S3152024852091077FF472AF082A154628BF082595425D
S315202485303FF66BAF0826ACE7042A7FF466AF1546D0
S315202485400326A6E7012A7FF460AF0099F0297FF459
S315202485505CAF154600269CE7012A7FF456AF1546C4
S31520248560164696E7042A7FF450AF1546022690E74E
S31520248570042AF2E7042A7FF448AF1546052688E71D
S31520248580002200297FF47DAFACB27B89A3423FF63B
S315202485900DAFE41AA9EB0309A4B21FFA89F94C45B5
S315202485A0BFF433AF3F68002F7FF4FEAE2DE70BD107
S315202485B00798F9F7CEF907900123084A9355079B84
S315202485C0074A42F82630E0E7012D7FF41EAF9DF8B6
S315202485D01C300793F0E700BFCC010220E9010220DA
S315202485E0F401022077B52420424B00211B68117008
S315202485F0012B0CD0022B05D100234FF06C090193BB
S315202486002C23CBE6032B7FF4DDAE012301934FF0FD
S31520248610EC096C23C2E6043B012B3FF6F6AEE5E6D5
S31520248620062B16D19BF80530DA1E022A02D9012BF5
S315202486307FF4EBAED8F820000C21FFF790FA2E4BCE
S3152024864040461A461946FAF775FE4046FFF7EAFDD4
S31520248650DBE6022B7FF4D9AE9BF80530062B7FF47C
S31520248660D4AE8378002B3FF4D0AED8F82040019B9B
S31520248670906823810091F9F76CF90099A06140460E
S315202486800B69E361FFF778FCBFE6062914D806298F
S315202486903FF676AF01A252F821F000BF8985242027
S315202486A00B842420818524200B8424208185242046
S315202486B0818524201F852420A1F13300C6B2082ECB
S315202486C03FF6DFAE08283FF65BAF01A252F820F032
S315202486D00B8424200B8424200B8424200B84242004
S315202486E08185242081852420818524200B8424208F
S315202486F00B842420F4010220A896242038B5056A68
S315202487000446DDB16B79052B09D8022B09D8ABB1E8
S3152024871000232046AB71BDE83840FFF783BD0A2BE2
S3152024872006D100232046AB71BDE83840FFF7E8BCCC
S315202487300C2BEDD90248F7F7D7FDE9E738BD00BF62
S31520248740ACB524202DE9F04F046A85B00746F7F707
S3152024875095FF05212046FFF702FA0DF10E03032289
S3152024876021463846FFF780FB0546002860D0466818
S3152024877002233922BDF80E00F036DFF8C4A04FF0CC
S3152024878004083146FFF708FABA8C3146ADF80E00B4
S31520248790FFF7EEF9042337223146ADF80E00FFF712
S315202487A0FBF9ADF80E002448BDF80E901AF801BB4B
S315202487B0B9F1430F02D9F7F797FD1F4809F10103B1
S315202487C008F1FF3806F809B09BB218F0FF08ADF877
S315202487D00E30E9D1314618462A46FFF70FFA1748B4
S315202487E00097432304F1180229460068FEF754FF14
S315202487F006462846FAF76AFFA3793046FF2B1CBF84
S315202488000133A371A379092B96BFC3EB431244F6F4
S31520248810206303EB82034FF4FA729CBF1B019BB2A5
S3152024882003F2F313B3FBF2F3238105B0BDE8F08FF3
S315202488304FF0FF36E0E700BF42B52420E4010220B2
S31520248840E1B5242050B1006A40B140790A2806D0E7
S31520248850043801288CBF00200120C0B27047012093
S31520248860FBE70000F0B5046A87B00546F7F706FF54
S31520248870002C53D06379002B50D0A3692846059326
S315202488800023C4E90633C4E90833C4E90B33A362BD
S31520248890E3812361A382FFF7D5FF014600283FD039
S315202488A019462046FFF75BF90DF1120307222146CC
S315202488B02846FFF7D9FA064620B3416804233622F0
S315202488C0BDF81200F0310391FFF766F90746ADF89B
S315202488D012000598F9F73DF8039902463846FFF722
S315202488E071F932460399ADF81200FFF787F90E483D
S315202488F04323009505AA31460068FEF7CDFE30466F
S31520248900FAF7E4FE094B28461A461946FAF712FDC9
S3152024891023791BB1FFF73CFA0023237107B0F0BD5E
S315202489202046FFF71CF9F3E7E4010220A896242029
S3152024893038B50446F7F7A2FE4CB9224803F0DCFCEE
S31520248940214803F0D9FC6FF00F02104638BD94F865
S315202489502D30DA0701D41D48F0E7A38C256AB3F518
S31520248960107F02D24FF0FF32EFE7DDB93420FAF739
S31520248970D5FB05460028F5D020623422002128463E
S3152024898003F0AEFCFFF758F902460028EAD101236A
S315202489902B7194F82D305B070AD402212846FFF741
S315202489A0DEF8D2E72B79002BE7D0FFF7F1F9E4E7BD
S315202489B02046FFF737FC02460028C6D02046FFF77C
S315202489C051FFCFE746B4242038C62420C0B524201E
S315202489D0604B2DE9F04F1D6889B05F4E5F4FDFF85D
S315202489E0848115B909B0BDE8F08F2C6A7CB16379EE
S315202489F06BB1A18A69B1628A013292B291426282B2
S31520248A0007D12846FFF72EFF2846FFF791FF2D682A
S31520248A10E7E7228A002A00F08180511E012A21823A
S31520248A207CD1013BDBB2092BF1D840F2192222FA60
S31520248A3003F3DB07EBD504212046FFF790F80DF14D
S31520248A401E03032221462846FFF70EFA81460028D4
S31520248A5043D0416802233922BDF81E0001F1F00AD1
S31520248A604FF0040B5146FFF797F8AA8C5146ADF8E0
S31520248A701E00FFF77DF8372204235146ADF81E0049
S31520248A80FFF78AF8364AADF81E00BDF81E3012F8D4
S31520248A90011B432B08D930460393CDE90412F7F75B
S31520248AA023FC039BDDE90412581C0BF1FF3B0AF837
S31520248AB0031080B21BF0FF0BADF81E00E5D14A4609
S31520248AC05146FFF79BF8432342464946386800958A
S31520248AD0FEF7E2FD4846FAF7F9FDA379FF2B1CBFE2
S31520248AE00133A371A379092B96BFC3EB431242F218
S31520248AF0107303EB82034FF4FA729CBFDB009BB204
S31520248B0003F2F313B3FBF2F3628A2381A38A9B1A1B
S31520248B10012B7FF77CAF5B10238278E7E289002A3A
S31520248B203FF475AF511E012AE1817FF470AF03F023
S31520248B30FB02012A02D00A2B7FF469AF2846FFF7CD
S31520248B4001FEA389628A9B1A012BC4BF5B10E38191
S31520248B505DE700BF6000022042B52420E401022004
S31520248B60E1B52420AC96242038B5184B00251C6862
S31520248B7004B938BD236A23B11A89012A03D9013AB3
S31520248B801A812468F4E7FCD15A791D810C2A01D054
S31520248B90062A03D12046FFF745FBF2E7012A0CD10A
S31520248BA09B792046052B02D8FFF7E6F9E9E7FFF75C
S31520248BB059FE2046FFF7BCFEE3E7032AE1D19B7941
S31520248BC02046012BE7D8FFF79BFADAE7600002203C
S31520248BD02DE9F047B0F8088086B007468946B8F1D3
S31520248BE01C0F16464FF040004FF4207228BF4FF03A
S31520248BF01C0808F10804A1B2FAF7BCFD0546002892
S31520248C0038D04389A34202D21C48F7F76DFB6C68FF
S31520248C103946D7F804A008236670002642462846FB
S31520248C2084F8009026716671A671E671FAF7A8FE7B
S31520248C30DAF80C3005A80593F9F746FC0746B0B1B7
S31520248C4069892046A670E670FEF761FF0C4A60808B
S31520248C503146B2F8603028460133A2F86030012329
S31520248C6005AA0297CDE90063FF23F9F70FFE2846CC
S31520248C70FAF72CFD06B0BDE8F08700BFE5B5242021
S31520248C80680002202DE9F04FDFF8C48187B004461E
S31520248C900F46B8F8623046460133A8F86230684B4E
S31520248CA0D3F808B09A469BF8005005F00F05AD007E
S31520248CB0132D40F2BC804289032A40F2B8804268B0
S31520248CC01278002A00F09980082A40F0A580586955
S31520248CD000F0F002E02A35D01968F9F7E8FD88BBC0
S31520248CE02389072B40F2A3802046FEF716FF50B196
S31520248CF02046FAF7EBFCB8F868300133A8F8683038
S31520248D0007B0BDE8F08F05F12C0120461FFA85F81F
S31520248D100591FAF7A7FC0599002874D0238903EB3B
S31520248D20080189B28B420DD84FF420722C20FAF7F1
S31520248D3021FD814630B1428905F108039A420AD29F
S31520248D40FAF7C4FC2046FAF7C1FCB6F8743001338E
S31520248D50A6F87430D4E759462A46406803F0BCFA6C
S31520248D6029464846FAF782FC20B13648F7F7BCFA5A
S31520248D704846E5E721464846FAF790FE0028F7D1EB
S31520248D8020464C46FAF7A2FC29462046D4F80490DD
S31520248D90FAF768FC88BB65684FF6F772DAF8143060
S31520248DA04146EB60DAF810304FF0FF0A2B61B9F810
S31520248DB0023089F80000284693428CBF09330833B1
S31520248DC09BB2A9F802304FF0000985F808A085F84F
S31520248DD00A9085F80B90FEF79AFEB6F860200123B8
S31520248DE06881013218492046A6F860204A4602970F
S31520248DF0CDE900935346F9F749FD204607B0BDE84F
S31520248E00F04FFAF763BC2046FAF730FC0028BBD093
S31520248E100E48F7F769FA95E7B8F870300133A8F8C1
S31520248E207030B8F866300133A8F86630E5E7204676
S31520248E30FAF74CFCB6F86A300133A6F86A305FE7B5
S31520248E40CC01022011B62420E001022045B624209C
S31520248E50680002200A460321FFF7BABE0A460B21E0
S31520248E60FFF7B6BE35010563825363350106350106
S31520248E70023604080808083304000151801A020522
S31520248E80DC3604000000000104FFFFFF0000000080
S31520248E906E19000000C000C04448435020746872F4
S31520248EA0656164004C5749505F4153534552543AA7
S31520248EB02025730D0A002820756C4D657373616710
S31520248EC0657357616974696E67203D3D203020297A
S31520248ED000636F6E66696741535345525420257348
S31520248EE00D0A00696E76616C696420737461636B04
S31520248EF073697A65007461736B2063726561746922
S31520248F006F6E206661696C65640046756E6374694C
S31520248F106F6E2063616C6C65642066726F6D206948
S31520248F206E7465727275707420636F6E746578744E
S31520248F300046756E6374696F6E2063616C6C65641C
S31520248F4020776974686F757420636F7265206C6FDF
S31520248F50636B006E6574636F6E6E5F636C6F73658F
S31520248F603A20696E76616C696420636F6E6E006642
S31520248F70726565696E6720636F6E6E207769746883
S31520248F806F75742066726565696E672070636200EA
S31520248F90636F6E6E20686173206E6F2072656376B0
S31520248FA06D626F7800636F6E6E2D3E6163636570AC
S31520248FB0746D626F782073686F756C646E27742065
S31520248FC0657869737400636F6E6E20686173206E92
S31520248FD06F206F705F636F6D706C65746564006E4F
S31520248FE06574636F6E6E5F62696E643A20696E760D
S31520248FF0616C696420636F6E6E006E6574636F6E38
S315202490006E5F726563765F7463705F706275663AAD
S3152024901020696E76616C696420636F6E6E006E655E
S3152024902074636F6E6E5F73656E643A20696E7661C3
S315202490306C696420636F6E6E006E6574636F6E6EEA
S315202490405F726563763A20696E76616C69642070F6
S315202490506F696E746572006E6574636F6E6E5F726F
S315202490606563763A20696E76616C696420636F6ED7
S315202490706E0062756620213D204E554C4C00636F50
S315202490806E6E20213D204E554C4C00636F6E6E2D06
S315202490903E7374617465203D3D204E4554434F4EA6
S315202490A04E5F575249544500636F6E6E2D3E63754D
S315202490B07272656E745F6D736720213D204E554C08
S315202490C04C00636F6E6E2D3E7063622E7463702027
S315202490D0213D204E554C4C00636F6E6E2D3E63759C
S315202490E07272656E745F6D73672D3E6D73672E770E
S315202490F02E6F6666736574203C20636F6E6E2D3EDC
S3152024910063757272656E745F6D73672D3E6D7367BA
S315202491102E772E6C656E00636F6E6E2D3E63757290
S3152024912072656E745F6D73672D3E6D73672E772E11
S31520249130766563746F725F636E74203E2030006C94
S315202491407769705F6E6574636F6E6E5F646F5F7729
S31520249150726974656D6F72653A20696E76616C6981
S3152024916064206C656E67746821007468697320694D
S315202491707320666F7220746370206E6574636F6EBD
S315202491806E73206F6E6C7900636F6E6E206D7573AF
S315202491907420626520696E207374617465204E453F
S315202491A054434F4E4E5F434C4F53450070636220C9
S315202491B0616C726561647920636C6F7365640043A6
S315202491C06C6F73696E672061206C697374656E2079
S315202491D0706362206D6179206E6F74206661696C7C
S315202491E02100726563765F746370206D75737420B5
S315202491F06861766520612070636220617267756D6F
S31520249200656E7400726563765F746370206D757302
S3152024921074206861766520616E20617267756D653C
S315202492206E740065727220213D204552525F4F4B49
S3152024923020756E68616E646C656400726563765F02
S315202492407463703A207265637620666F7220777213
S315202492506F6E67207063622100756E68616E646C20
S315202492606564206572726F7200696E76616C6964BA
S31520249270206F705F636F6D706C657465645F736552
S315202492806D00636F6E6E2D3E63757272656E745FAC
S315202492906D7367203D3D204E554C4C007265637698
S315202492A05F756470206D757374206861766520619E
S315202492B02070636220617267756D656E74007265B5
S315202492C063765F756470206D757374206861766526
S315202492D020616E20617267756D656E740072656398
S315202492E0765F7564703A207265637620666F722085
S315202492F077726F6E672070636221006572722021F7
S315202493003D204E554C4C006E6574636F6E6E5F61C6
S315202493106C6C6F633A20756E646566696E6564202D
S315202493206E6574636F6E6E5F747970650050434208
S31520249330206D757374206265206465616C6C6F631F
S3152024934061746564206F75747369646520746869B3
S31520249350732066756E6374696F6E00726563766DAD
S31520249360626F78206D757374206265206465616CE4
S315202493706C6F6361746564206265666F72652063B1
S31520249380616C6C696E6720746869732066756E6378
S3152024939074696F6E006163636570746D626F782083
S315202493A06D757374206265206465616C6C6F63616E
S315202493B0746564206265666F72652063616C6C696E
S315202493C06E6720746869732066756E6374696F6E20
S315202493D0006E6574636F6E6E207374617465206588
S315202493E072726F7200616C7265616479207772691A
S315202493F074696E67206F7220636C6F73696E670061
S3152024940073746174652100001594242016942420F5
S31520249410149424200000006E65746275665F616C66
S315202494206C6F633A20696E76616C69642062756616
S3152024943000636865636B207468617420666972733F
S315202494407420706275662063616E20686F6C642058
S3152024945073697A650074637069705F746872656174
S31520249460643A20696E76616C6964206D65737361D4
S31520249470676500496E76616C6964206D626F780039
S315202494806661696C656420746F2063726561746596
S315202494902074637069705F746872656164206D627C
S315202494A06F78006661696C656420746F20637265C9
S315202494B0617465206C6F636B5F74637069705F631E
S315202494C06F72650074637069705F74687265616415
S315202494D000646E7320736572766572206F757420AE
S315202494E06F66206172726179006172726179206976
S315202494F06E646578206F7574206F6620626F756E32
S31520249500647300756E6B6E6F776E20646E735F74F2
S3152024951061626C6520656E747279207374617465DA
S315202495203A00636865636B20746861742066697287
S31520249530737420706275662063616E20686F6C6414
S3152024954020737472756374206574686172705F68A1
S315202495506472006E657469662D3E687761646472F0
S315202495605F6C656E206D75737420626520746865E2
S315202495702073616D65206173204554485F485741A7
S315202495804444525F4C454E20666F72206574686150
S31520249590727021006172705F7461626C655B695DB3
S315202495A02E71203D3D204E554C4C006172705F74C7
S315202495B061626C655B695D2E7374617465203D3DC3
S315202495C0204554484152505F53544154455F454D9C
S315202495D05054590069706164647220213D204E558F
S315202495E04C4C006574685F72657420213D204E556D
S315202495F04C4C006E657469662D3E6877616464728E
S315202496005F6C656E203D3D204554485F4857414454
S3152024961044525F4C454E006172705F7461626C6582
S315202496205B6172705F6964785D2E737461746520E2
S315202496303E3D204554484152505F53544154455F42
S31520249640535441424C450074797065206F76657277
S31520249650666C6F77006E6F207061636B6574207102
S31520249660756575657320616C6C6F776564210070F0
S315202496702D3E726566203D3D203100636865636B0F
S3152024968020746861742066697273742070627566AA
S315202496902063616E20686F6C6420737472756374A2
S315202496A02069705F6864720000000000FFFFFFFFDE
S315202496B073616E69747920636865636B206C696E47
S315202496C06B6564206C697374007072657620213D05
S315202496D02069707200707265762D3E6E65787420CE
S315202496E03D3D206970720070627566735F6672658F
S315202496F06564202B20636C656E203C3D2030786683
S315202497006666660069705F72656173735F706275E1
S3152024971066636F756E74203E3D2070627566735F36
S3152024972066726565640070637220213D204E554C17
S315202497304C00636865636B20667261676D656E7421
S315202497407320646F6E2774206F7665726C61700047
S315202497506E6F2070726576696F7573206672616785
S315202497606D656E742C2074686973206D75737420EE
S3152024977062652074686520666972737420667261D6
S31520249780676D656E74210073616E697479206368D0
S3152024979065636B0076616C69646174655F6461746A
S315202497A0616772616D3A6E6578745F706275662141
S315202497B03D4E554C4C0069705F72656173735F70C2
S315202497C0627566636F756E74203E3D20636C656E8C
S315202497D0006E6F74206669727374616C74686F7519
S315202497E06768206A75737420656E717565756564FE
S315202497F0006970345F6672616728293A2070627521
S315202498006620746F6F2073686F727400746869732E
S31520249810206E656564732061207062756620696E8A
S31520249820206F6E652070696563652100702D3E6CFE
S31520249830656E203E3D20706F6666006D616C6C6F90
S31520249840632829206D7573742072657475726E2051
S31520249850616C69676E6564206D656D6F72790072BF
S315202498606D656D20213D204E554C4C00726D656DE5
S31520249870203D3D204D454D5F414C49474E28726D34
S31520249880656D29006D656D705F6D616C6C6F633AD3
S31520249890206D656D702070726F7065726C79206191
S315202498A06C69676E6564006D656D705F667265654B
S315202498B03A206D656D2070726F7065726C792061A7
S315202498C06C69676E6564006D656D705F6D616C6C27
S315202498D06F633A2074797065203C204D454D505F46
S315202498E04D4158006D656D705F667265653A2074CA
S315202498F0797065203C204D454D505F4D4158005090
S315202499004255465F504F4F4C00504255465F524574
S31520249910462F524F4D004E45544442005359535FCF
S3152024992054494D454F55540054435049505F4D5347
S31520249930475F494E504B540054435049505F4D5332
S31520249940475F415049004E4554434F4E4E004E45A5
S315202499505442554600465241475F5042554600528E
S315202499604541535344415441005443505F53454742
S31520249970005443505F5043425F4C495354454E0054
S315202499805443505F504342005544505F5043420055
S3152024999055992420D4FE012018000F001C180120DC
S315202499A0240002204E992420ECFE012010000200DF
S315202499B087190120280002204699242004FF01200B
S315202499C034000400AA1901202C00022016992420F0
S315202499D01CFF0120340101007D1A012030000220C1
S315202499E00999242034FF012010000F00FFF00120C4
S315202499F034000220FF9824204CFF0120180623003F
S31520249A00B41B0120380002205F99242064FF012002
S31520249A1020000500F2F101203C0002201C9924207C
S31520249A207CFF012010000A0095F20120400002202C
S31520249A303899242094FF012010001E0038F3012099
S31520249A404400022028992420ACFF0120100008007D
S31520249A501BF501204800022080992420C4FF0120E0
S31520249A6098000A0061F601204C00022071992420D6
S31520249A70DCFF0120200006009EF501205000022054
S31520249A8069992420F4FF01201400160054FC012097
S31520249A9054000220889924200C000220200006004D
S31520249AA00FFE012058000220949A2420589A24201C
S31520249AB06C9A2420809A2420089A24209099242061
S31520249AC0A4992420B8992420309A2420449A242006
S31520249AD01C9A2420CC992420E0992420F49924200B
S31520249AE06E657469665F69737375655F7265706F79
S31520249AF07274733A20696E76616C6964206E65741B
S31520249B006966006E657469665F7365745F697061E2
S31520249B106464723A20696E76616C6964206E657419
S31520249B206966006E657469665F6164643A20696E4D
S31520249B3076616C6964206E65746966006E657469E5
S31520249B40665F6164643A204E6F20696E697420666C
S31520249B50756E6374696F6E20676976656E006E65AF
S31520249B6074696620616C72656164792061646465B8
S31520249B706400746F6F206D616E79206E65746966DA
S31520249B80732C206D61782E20737570706F727465B6
S31520249B9064206E756D6265722069732032353500B6
S31520249BA06E657469665F7365745F75703A20696E35
S31520249BB076616C6964206E65746966006E65746965
S31520249BC0665F7365745F6C696E6B5F75703A206926
S31520249BD06E76616C6964206E6574696600696E763A
S31520249BE0616C696420706275665F7479706500693A
S31520249BF06E6372656D656E745F6D61676E6974756B
S31520249C006465203C3D20702D3E6C656E0070627527
S31520249C10665F667265653A20702D3E726566203EC3
S31520249C2020300070632D3E637573746F6D5F66728A
S31520249C3065655F66756E6374696F6E20213D204E5F
S31520249C40554C4C00696E76616C6964207062756629
S31520249C50207479706500706275665F616C6C6F63C1
S31520249C603A206572726F6E656F757320747970658C
S31520249C7000706275665F7265616C6C6F633A2070E2
S31520249C8020213D204E554C4C00706275665F7265CE
S31520249C90616C6C6F633A207120213D204E554C4CCB
S31520249CA0006D656D5F7472696D2072657475726E50
S31520249CB065642072203D3D204E554C4C006D656DCB
S31520249CC05F7472696D2072657475726E6564207214
S31520249CD020213D2071007062756620726566206F92
S31520249CE0766572666C6F7700286820213D204E5554
S31520249CF04C4C2920262620287420213D204E554CA4
S31520249D004C29202870726F6772616D6D657220767A
S31520249D10696F6C61746573204150492900702D3E0A
S31520249D20746F745F6C656E203D3D20702D3E6C658E
S31520249D306E20286F66206C6173742070627566208D
S31520249D40696E20636861696E2900702D3E6E657880
S31520249D5074203D3D204E554C4C00706275665F63E1
S31520249D606F70795F7061727469616C5F70627566F9
S31520249D703A20636F70795F6C656E206269676765C8
S31520249D8072207468616E20736F75726365007062C9
S31520249D9075665F636F70795F7061727469616C5FD9
S31520249DA0706275663A20746172676574206E6F746A
S31520249DB02062696720656E6F756768006F666673B3
S31520249DC065745F746F203C3D20705F746F2D3E6CEC
S31520249DD0656E006F66667365745F66726F6D203C70
S31520249DE03D20705F66726F6D2D3E6C656E00705FD0
S31520249DF066726F6D20213D204E554C4C00705F7449
S31520249E006F20213D204E554C4C00706275665F6351
S31520249E106F70795F7061727469616C5F7062756648
S31520249E20282920646F6573206E6F7420616C6C6F93
S31520249E3077207061636B65742071756575657321F0
S31520249E4000706275665F636F70793A20696E7661F9
S31520249E506C696420736F7572636500706275665FC2
S31520249E60636F70795F7061727469616C3A20696E70
S31520249E7076616C69642062756600706275665F63BC
S31520249E806F70795F7061727469616C3A20696E763D
S31520249E90616C696420646174617074720070627587
S31520249EA0665F74616B653A20696E76616C6964209D
S31520249EB062756600706275665F74616B653A2069A7
S31520249EC06E76616C6964206461746170747200704A
S31520249ED06275665F74616B653A20627566206E6F63
S31520249EE074206C6172676520656E6F756768007073
S31520249EF06275665F74616B653A20696E76616C69FA
S31520249F0064207062756600646964206E6F742063B1
S31520249F106F707920616C6C2064617461006368655C
S31520249F20636B20706275665F736B697020726573CC
S31520249F30756C7400706275665F636F7079206661D4
S31520249F40696C6564007463705F667265653A204C3B
S31520249F50495354454E0070636220213D204E554C72
S31520249F604C00616363657074735F70656E64696E9B
S31520249F706720213D2030007463705F62696E643AE5
S31520249F8020696E76616C69642070636200746370E4
S31520249F905F62696E643A2063616E206F6E6C7920ED
S31520249FA062696E6420696E20737461746520434CE3
S31520249FB04F534544007463705F6C697374656E5F98
S31520249FC0776974685F6261636B6C6F675F616E64C7
S31520249FD05F6572723A20696E76616C69642070635B
S31520249FE062007463705F6C697374656E5F776974DD
S31520249FF0685F6261636B6C6F675F616E645F6572B5
S3152024A000723A2070636220616C7265616479206380
S3152024A0106F6E6E6563746564007063622D3E73741F
S3152024A020617465203D3D204C495354454E20286378
S3152024A030616C6C656420666F722077726F6E672000
S3152024A0407063623F29007463705F75706461746500
S3152024A0505F7263765F616E6E5F776E643A20696E97
S3152024A06076616C696420706362006E65775F7263C3
S3152024A070765F616E6E5F776E64203C3D2030786615
S3152024A080666666007463705F7265637665643A20DB
S3152024A090696E76616C69642070636200646F6E27D2
S3152024A0A0742063616C6C207463705F72656376655B
S3152024A0B06420666F72206C697374656E2D7063627A
S3152024A0C073007463705F7365747072696F3A206964
S3152024A0D06E76616C69642070636200696E76616C49
S3152024A0E0696420736F636B6574207374617465204F
S3152024A0F0666F7220726563762063616C6C6261631D
S3152024A1006B00696E76616C696420736F636B65740A
S3152024A11020737461746520666F722073656E742053
S3152024A12063616C6C6261636B00696E76616C6964D1
S3152024A13020736F636B657420737461746520666FF6
S3152024A14072206572722063616C6C6261636B007429
S3152024A15063705F706F6C6C3A20696E76616C69648B
S3152024A1602070636200696E76616C696420736F6304
S3152024A1706B657420737461746520666F7220706FAA
S3152024A1806C6C007463705F7063625F707572676550
S3152024A1903A20696E76616C69642070636200746308
S3152024A1A0705F736C6F77746D723A2061637469760D
S3152024A1B065207063622D3E737461746520213D2071
S3152024A1C0434C4F534544007463705F736C6F7774AC
S3152024A1D06D723A20616374697665207063622D3EC0
S3152024A1E0737461746520213D204C495354454E0097
S3152024A1F07463705F736C6F77746D723A20616374C5
S3152024A200697665207063622D3E737461746520219E
S3152024A2103D2054494D452D57414954007463705F60
S3152024A220736C6F7774696D723A2070657273697373
S3152024A23074207469636B696E6720776974682069F2
S3152024A2406E2D666C6967687420646174610074631A
S3152024A250705F736C6F7774696D723A207065727350
S3152024A260697374207469636B696E6720776974686F
S3152024A27020656D7074792073656E642062756666B8
S3152024A2806572007463705F736C6F77746D723A2095
S3152024A2906D6964646C652074637020213D20746329
S3152024A2A0705F6163746976655F706362730074633B
S3152024A2B0705F736C6F77746D723A206669727374EB
S3152024A2C020706362203D3D207463705F61637469EE
S3152024A2D076655F70636273007463705F736C6F77E7
S3152024A2E0746D723A2054494D452D57414954207056
S3152024A2F063622D3E7374617465203D3D2054494D1F
S3152024A300452D57414954007463705F736C6F77747D
S3152024A3106D723A206D6964646C65207463702021A3
S3152024A3203D207463705F74775F7063627300746317
S3152024A330705F736C6F77746D723A2066697273746A
S3152024A34020706362203D3D207463705F74775F7054
S3152024A350636273007463705F7063625F72656D6F8E
S3152024A36076653A20696E76616C6964207063620032
S3152024A3707463705F7063625F72656D6F76653A2071
S3152024A380696E76616C6964207063626C697374008B
S3152024A390756E73656E74207365676D656E74732030
S3152024A3A06C65616B696E6700756E61636B6564208D
S3152024A3B07365676D656E7473206C65616B696E67F2
S3152024A3C0007463705F636C6F73655F736875746400
S3152024A3D06F776E3A20696E76616C69642070636249
S3152024A3E0007063622D3E666C616773202620544676
S3152024A3F05F5258434C4F534544007463705F6672D2
S3152024A40065655F6C697374656E3A20214C49535493
S3152024A410454E007463705F636C6F73653A20696E72
S3152024A42076616C696420706362007463705F726500
S3152024A43063765F6E756C6C3A20696E76616C69649E
S3152024A44020706362007463705F70726F63657373C8
S3152024A4505F726566757365645F646174613A2069A9
S3152024A4606E76616C696420706362007463705F73B6
S3152024A470687574646F776E3A20696E76616C696448
S3152024A48020706362007463705F6162616E646F6EB4
S3152024A4903A20696E76616C69642070636200646F09
S3152024A4A06E27742063616C6C207463705F61626FA5
S3152024A4B072742F7463705F6162616E646F6E20663E
S3152024A4C06F72206C697374656E2D70636273007469
S3152024A4D063705F6163636570745F6E756C6C3A201C
S3152024A4E0696E76616C696420706362007463705F40
S3152024A4F06E657469665F69705F616464725F6368A0
S3152024A500616E6765645F7063626C6973743A2069EF
S3152024A5106E76616C6964206F6C645F61646472001A
S3152024A5207463705F6E6578745F6973733A20696E9D
S3152024A53076616C696420706362007463705F6566FB
S3152024A540665F73656E645F6D73735F6E657469662B
S3152024A5503A20696E76616C6964206473745F6970CD
S3152024A560000102030405060707070707070700005B
S3152024A57068010220640102205C0102207401022069
S3152024A58003060C183060787463705F70617273658B
S3152024A5906F70743A20696E76616C69642070636288
S3152024A5A0007463705F696E7075745F64656C61791D
S3152024A5B065645F636C6F73653A20696E76616C6936
S3152024A5C06420706362007063622D3E736E645F71D3
S3152024A5D0756575656C656E203E3D20706275665F77
S3152024A5E0636C656E286E6578742D3E7029007463BD
S3152024A5F0705F726563656976653A2076616C6964F5
S3152024A600207175657565206C656E67746800746342
S3152024A610705F726563656976653A20696E76616CCA
S3152024A620696420706362007463705F726563656910
S3152024A63076653A2077726F6E67207374617465002D
S3152024A640696E7365672E7020213D204E554C4C0033
S3152024A650696E73616E65206F6666736574210070FA
S3152024A66062756620746F6F2073686F72742100740C
S3152024A67063705F726563656976653A207365676D75
S3152024A680656E74206E6F74207472696D6D65642096
S3152024A690636F72726563746C7920746F207263762B
S3152024A6A05F776E64007463705F726563656976652F
S3152024A6B03A207463706C656E203E207263765F77D1
S3152024A6C06E64007463705F696E7075743A20696E67
S3152024A6D076616C6964207062756600702D3E6E65A5
S3152024A6E0787420213D204E554C4C00702D3E6C65AF
S3152024A6F06E203D3D203000702D3E746F745F6C6556
S3152024A7006E203D3D20702D3E6E6578742D3E746FEF
S3152024A710745F6C656E007463705F696E7075743ACD
S3152024A72020616374697665207063622D3E7374613B
S3152024A730746520213D20434C4F5345440074637057
S3152024A7405F696E7075743A206163746976652070CA
S3152024A75063622D3E737461746520213D2054494DD6
S3152024A760452D57414954007463705F696E70757422
S3152024A7703A20616374697665207063622D3E737412
S3152024A78061746520213D204C495354454E00746301
S3152024A790705F696E7075743A207063622D3E6E65A3
S3152024A7A0787420213D2070636220286265666F724A
S3152024A7B06520636163686529007463705F696E70C0
S3152024A7C075743A207063622D3E6E65787420213D1F
S3152024A7D020706362202861667465722063616368D1
S3152024A7E06529007463705F696E7075743A205449C4
S3152024A7F04D452D57414954207063622D3E73746113
S3152024A8007465203D3D2054494D452D5741495400DA
S3152024A8107463705F696E7075743A207063622D3E1E
S3152024A820737461746520213D20434C4F5345440065
S3152024A8307063622D3E736E645F71756575656C6594
S3152024A8406E203E2030006E6F207365676D656E74B2
S3152024A85020746F2066726565007063622D3E6C6974
S3152024A8607374656E65722D3E6163636570742021F1
S3152024A8703D204E554C4C007063622D3E72656675A4
S3152024A8807365645F64617461203D3D204E554C4C54
S3152024A890007463705F6F75747075745F7365676D0C
S3152024A8A0656E745F627573793A20696E76616C6918
S3152024A8B06420736567007463705F706275665F7069
S3152024A8C07265616C6C6F633A20696E76616C69641B
S3152024A8D020706362006E65656420756E63686169A5
S3152024A8E06E65642070627566007463705F6372653A
S3152024A8F06174655F7365676D656E743A20696E76DB
S3152024A900616C696420706362007463705F6372652E
S3152024A9106174655F7365676D656E743A20696E76BA
S3152024A920616C6964207062756600702D3E746F7444
S3152024A9305F6C656E203E3D206F70746C656E00746E
S3152024A94063705F6F75747075745F636F6E74726FE6
S3152024A9506C5F7365676D656E745F6E657469663A40
S3152024A960206E6F206E6574696620676976656E0031
S3152024A970636865636B207468617420666972737476
S3152024A98020706275662063616E20686F6C64207304
S3152024A9907472756374207463705F68647200746360
S3152024A9A0705F6F75747075745F616C6C6F635F68AC
S3152024A9B065616465723A20696E76616C696420707B
S3152024A9C06362007463705F6F75747075745F6669F3
S3152024A9D06C6C5F6F7074696F6E733A20696E7661E2
S3152024A9E06C69642070627566007463705F72737418
S3152024A9F03A20696E76616C6964206C6F63616C5F42
S3152024AA006970007463705F7273743A20696E76611C
S3152024AA106C69642072656D6F74655F6970007463F8
S3152024AA20705F6F75747075745F636F6E74726F6CFC
S3152024AA305F7365676D656E743A20696E76616C699D
S3152024AA40642070627566007463705F7772697465BA
S3152024AA503A20696E76616C6964207063620074633F
S3152024AA60705F77726974653A20617267203D3D2054
S3152024AA704E554C4C202870726F6772616D6D6572CD
S3152024AA802076696F6C61746573204150492900745E
S3152024AA9063705F77726974653A2070627566732075
S3152024AAA06F6E207175657565203D3E206174206C1E
S3152024AAB065617374206F6E65207175657565206E6A
S3152024AAC06F6E2D656D707479007463705F7772690B
S3152024AAD074653A206E6F207062756673206F6E20BF
S3152024AAE07175657565203D3E20626F746820717589
S3152024AAF06575657320656D707479006D73735F6CED
S3152024AB006F63616C20697320746F6F20736D616C21
S3152024AB106C00756E73656E745F6F76657273697A71
S3152024AB2065206D69736D6174636820287063622063
S3152024AB3076732E206C6173745F756E73656E7429BB
S3152024AB4000696E636F6E73697374656E74206F7695
S3152024AB50657273697A652076732E207370616365B6
S3152024AB6000696E636F6E73697374656E74206F7675
S3152024AB70657273697A652076732E206C656E0074EF
S3152024AB8063705F77726974653A20524F4D207062E4
S3152024AB907566732063616E6E6F74206265206F768E
S3152024ABA0657273697A656400756E73656E745F6FFA
S3152024ABB076657273697A65206D69736D61746368CD
S3152024ABC020287063622D3E756E73656E74206973BA
S3152024ABD0204E554C4C29007463705F7772697465D6
S3152024ABE03A20636865636B20746861742066697291
S3152024ABF0737420706275662063616E20686F6C643E
S3152024AC002074686520636F6D706C65746520736528
S3152024AC10676C656E006F76657273697A65203D3D33
S3152024AC20203000707265765F73656720213D204E43
S3152024AC30554C4C006C6173745F756E73656E742D00
S3152024AC403E6F76657273697A655F6C656674203E9D
S3152024AC503D206F76657273697A655F7573656400C6
S3152024AC607463705F77726974653A2063616E6E6F60
S3152024AC707420636F6E636174656E61746520776872
S3152024AC80656E207063622D3E756E73656E742069C1
S3152024AC907320656D707479007463705F777269743C
S3152024ACA0653A20657874656E73696F6E206F6620A9
S3152024ACB07265666572656E636520726571756972E3
S3152024ACC06573207265666572656E6365007463704C
S3152024ACD05F77726974653A2076616C696420717530
S3152024ACE0657565206C656E677468007463705F7320
S3152024ACF0706C69745F756E73656E745F7365673A7D
S3152024AD0020696E76616C6964207063620043616E8B
S3152024AD1027742073706C6974207365676D656E74EF
S3152024AD2020696E746F206C656E677468203000739A
S3152024AD30706C6974203C3D206D7373007573656750
S3152024AD402D3E6C656E203E2030007463705F656EE8
S3152024AD5071756575655F666C6167733A206E656586
S3152024AD606420656974686572205443505F53594E34
S3152024AD70206F72205443505F46494E20696E2066C8
S3152024AD806C616773202870726F6772616D6D65724E
S3152024AD902076696F6C61746573204150492900744B
S3152024ADA063705F656E71756575655F666C616773C3
S3152024ADB03A20696E76616C696420706362007463DC
S3152024ADC0705F656E71756575655F666C6167733ACC
S3152024ADD020636865636B2074686174206669727366
S3152024ADE07420706275662063616E20686F6C64209F
S3152024ADF06F70746C656E007365672D3E746370681E
S3152024AE006472206E6F7420616C69676E6564007449
S3152024AE1063705F656E71756575655F666C61677352
S3152024AE203A20696E76616C6964207365676D656EF8
S3152024AE3074206C656E677468007463705F656E71C8
S3152024AE40756575655F666C6167733A20696E766190
S3152024AE506C6964207175657565206C656E67746888
S3152024AE60007463705F73656E645F66696E3A2069E9
S3152024AE706E76616C696420706362007463705F729D
S3152024AE8065786D69745F72746F5F707265706172B4
S3152024AE90653A20696E76616C6964207063620074F9
S3152024AEA063705F7265786D69743A20696E76616C19
S3152024AEB0696420706362007463705F7265786D695B
S3152024AEC0745F666173743A20696E76616C69642056
S3152024AED0706362007463705F73656E645F656D7002
S3152024AEE074795F61636B3A20696E76616C6964203C
S3152024AEF0706362007463705F6F75747075743A2022
S3152024AF00696E76616C69642070636200646F6E2753
S3152024AF10742063616C6C207463705F6F75747075B4
S3152024AF207420666F72206C697374656E2D706362EB
S3152024AF307300525354206E6F742065787065637441
S3152024AF406564206865726521006F7074696F6E73FD
S3152024AF50206E6F742066696C6C6564007463705F00
S3152024AF607265786D69745F72746F5F636F6D6D69D6
S3152024AF70743A20696E76616C696420706362007409
S3152024AF8063705F7265786D69745F72746F3A206935
S3152024AF906E76616C696420706362007463705F6B83
S3152024AFA0656570616C6976653A20696E76616C692F
S3152024AFB06420706362007463705F7A65726F5F7752
S3152024AFC0696E646F775F70726F62653A20696E76F8
S3152024AFD0616C696420706362007379735F74696D30
S3152024AFE0656F75743A2074696D656F757420213D7B
S3152024AFF0204E554C4C2C20706F6F6C204D454D5057
S3152024B0005F5359535F54494D454F555420697320F6
S3152024B010656D7074790054696D656F7574207469D3
S3152024B0206D6520746F6F206C6F6E672C206D617830
S3152024B030206973204C5749505F55494E5433325F0B
S3152024B0404D41582F34206D7365637300FA00000038
S3152024B050D9482420E8030000A12B2420E80300005B
S3152024B0603D21242060EA0000D1892420F401000017
S3152024B070698B2420E80300001D1D24207564705F3D
S3152024B080696E7075743A20696E76616C6964207075
S3152024B090627566007564705F696E7075743A20698E
S3152024B0A06E76616C6964206E657469660075647059
S3152024B0B05F696E7075745F6C6F63616C5F6D6174AC
S3152024B0C063683A20696E76616C6964206E6574695A
S3152024B0D06600706275665F72656D6F76655F6865FA
S3152024B0E061646572206661696C6564007564705F4D
S3152024B0F062696E643A20696E76616C696420706335
S3152024B10062007564705F73656E64746F5F69665FD1
S3152024B1107372633A20696E76616C69642070636207
S3152024B120007564705F73656E64746F5F69665F73A0
S3152024B13072633A20696E76616C69642070627566E2
S3152024B140007564705F73656E64746F5F69665F7380
S3152024B15072633A20696E76616C6964206473745FC5
S3152024B1606970007564705F73656E64746F5F696659
S3152024B1705F7372633A20696E76616C696420737298
S3152024B180635F6970007564705F73656E64746F5F46
S3152024B19069665F7372633A20696E76616C6964208E
S3152024B1A06E6574696600636865636B207468617470
S3152024B1B020666972737420706275662063616E20BE
S3152024B1C0686F6C6420737472756374207564705F01
S3152024B1D0686472007564705F73656E64746F5F69EA
S3152024B1E0663A20696E76616C6964207063620075A4
S3152024B1F064705F73656E64746F5F69663A20696EE6
S3152024B20076616C69642070627566007564705F73FC
S3152024B210656E64746F5F69663A20696E76616C69BF
S3152024B22064206473745F6970007564705F73656EDF
S3152024B23064746F5F69663A20696E76616C696420EE
S3152024B2406E65746966007564705F73656E64746F69
S3152024B2503A20696E76616C69642070636200756435
S3152024B260705F73656E64746F3A20696E76616C695B
S3152024B270642070627566007564705F73656E64748D
S3152024B2806F3A20696E76616C6964206473745F6991
S3152024B29070007564705F73656E643A20696E76619A
S3152024B2A06C696420706362007564705F73656E6474
S3152024B2B03A20696E76616C696420706275660075C1
S3152024B2C064705F636F6E6E6563743A20696E76610F
S3152024B2D06C696420706362007564705F636F6E6E40
S3152024B2E06563743A20696E76616C6964206970613D
S3152024B2F0646472007564705F726563763A20696E41
S3152024B30076616C696420706362007564705F72650F
S3152024B3106D6F76653A20696E76616C6964207063F8
S3152024B32062006E657469662D3E6877616464725F17
S3152024B3306C656E206D757374206265203620666F69
S3152024B340722065746865726E65745F6F7574707526
S3152024B350742100FFFFFFFFFFFF00000000000064B0
S3152024B3606863705F6F7074696F6E5F73686F7274D1
S3152024B3703A206F7074696F6E735F6F75745F6C6536
S3152024B3806E202B2032203C3D20444843505F4F5092
S3152024B39054494F4E535F4C454E00646863705F6F2B
S3152024B3A07074696F6E3A206F7074696F6E735F6FF5
S3152024B3B075745F6C656E202B2032202B206F707461
S3152024B3C0696F6E5F6C656E203C3D20444843505F18
S3152024B3D04F5054494F4E535F4C454E00646863701A
S3152024B3E05F6F7074696F6E5F6C6F6E673A206F70D3
S3152024B3F074696F6E735F6F75745F6C656E202B2016
S3152024B40034203C3D20444843505F4F5054494F4EAE
S3152024B410535F4C454E00646863705F696E635F704A
S3152024B42063625F726566636F756E7428293A206D30
S3152024B430656D6F7279206C65616B00646863705FDB
S3152024B44062696E643A206E6574696620213D204EB9
S3152024B450554C4C00646863705F62696E643A20645C
S3152024B46068637020213D204E554C4C0064686370DF
S3152024B4705F7063625F726566636F756E7428293A9E
S3152024B48020726566636F756E74206572726F7200A2
S3152024B490646863705F6372656174655F6D73673A10
S3152024B4A0206E6574696620213D204E554C4C0064DF
S3152024B4B06863705F6372656174655F6D73673A2034
S3152024B4C06468637020213D204E554C4C006468638B
S3152024B4D0705F6372656174655F6D73673A20636814
S3152024B4E065636B2074686174206669727374207036
S3152024B4F06275662063616E20686F6C642073747233
S3152024B50075637420646863705F6D73670064686311
S3152024B510705F73656C6563743A206E657469662002
S3152024B520213D204E554C4C00646863705F73656CD6
S3152024B5306563743A206468637020213D204E554CFF
S3152024B5404C00646863705F6F7074696F6E5F627994
S3152024B55074653A206F7074696F6E735F6F75745F4C
S3152024B5606C656E203C20444843505F4F5054494FCD
S3152024B5704E535F4C454E00636865636B2064656358
S3152024B5806F64655F696478006E6574696620616C92
S3152024B5907265616479206861732061207374727581
S3152024B5A0637420646863702073657400696E7661A1
S3152024B5B06C696420646863702D3E737461746500BD
S3152024B5C06E65746966206973206E6F742075702C7D
S3152024B5D0206F6C64207374796C6520706F72743F4D
S3152024B5E00001031C06636865636B207468617420FC
S3152024B5F0666972737420706275662063616E206832
S3152024B6006F6C642069636D70206D657373616765E3
S3152024B6100069636D705F696E7075743A206D6F76FC
S3152024B620696E6720722D3E7061796C6F6164207417
S3152024B6306F2069636D702068656164657220666118
S3152024B640696C65640069636D705F696E7075743AA0
S3152024B65020726573746F72696E67206F7269676969
S3152024B6606E616C20702D3E7061796C6F61642066EA
S3152024B67061696C6564002DE9F041054610880F4602
S3152024B6801646984610B36C8EB5F864206400A4B28E
S3152024B690944228BF1446844228BF04464346224661
S3152024B6A039462846FAF796FD431C0CD1B5F8642072
S3152024B6B032B1B5F86620112A02D86408012CEDD8B7
S3152024B6C00023338002E00028FAD13480BDE8F081BB
S3152024B6D010B50446406918B100F086FD0023636145
S3152024B6E0606A18B1F7F730FD00236362206A18B127
S3152024B6F0F7F7ECFF0023236210BD000038B50D4672
S3152024B7000A490446296000F047FD68B108492046C5
S3152024B710296000F041FD38B106492046296000F011
S3152024B7203BFD08B100242C60204638BD60C324206C
S3152024B7306AC3242073C3242070B50C46154642BB05
S3152024B74039B301212046F8F795FC5C20F7F7E6FC6F
S3152024B750064608B35C22294600F0C2FD052331465D
S3152024B7602046A6F85630F461F8F798FC0C49204672
S3152024B770F8F79CFC0B492046F8F7BAFC0A492046E0
S3152024B7800422F8F7D3FC09492046F8F7A1FC2846D9
S3152024B79070BD6FF00505FAE74FF0FF35F7E700BFD8
S3152024B7A0DDBD2420E9BA2420A1BD242089BD24205E
S3152024B7B02DE9F04F87B0044608460591039200F000
S3152024B7C0CBFD0746D0B93F21059800F03DFD06461E
S3152024B7D0002840F0D48005992046254600F0DCFC3C
S3152024B7E020B105A92046FFF789FF0546002D4CD117
S3152024B7F005A92046FFF782FF054646E0059900F174
S3152024B800FF3811F808302F2BDDD1914B99429946D8
S3152024B81001D10128D7D1B8F13F0F28BF4FF03F08D7
S3152024B820012F06D042468A4800F056FD002309F807
S3152024B8300830884EC8F13F0ADFF814B2012F17D0FA
S3152024B840BAF1000F12D0316809EB08050846049195
S3152024B85000F082FD50450246049928BF52462846C8
S3152024B860029200F039FD0021029AA954594600E09B
S3152024B870316820460291254600F08EFC0299002844
S3152024B88077D10591002C9ED00646DDF8148065617B
S3152024B890002D00F088808EB33278002A00F0818033
S3152024B8A04FF0000A6C4BDFF8B491D3460293029BE7
S3152024B8B02621304643F8046B029300F0C5FC002869
S3152024B8C063D0074607F801BB3D21304600F0BCFC77
S3152024B8D008B100F801BB0AF1010AC9F80000BAF13F
S3152024B8E0100F03D009F10409002F4CD15B4B52468B
S3152024B8F0414628460093584B00F00AFD2B68A36145
S3152024B9006B68002B02DA5648F4F7EEFC2B7CD8061B
S3152024B91001D52A6802B16A680023E26284F83030AD
S3152024B920039B7BB163691B7CD9070BD54D49A06941
S3152024B930F6F711F830B1A3690430C21AE36AA0617C
S3152024B9409B1AE362636913B11B7CDB070DD4464B38
S3152024B950A3630023C4E90F33B8F1000F28D1434B46
S3152024B960C4F854806363424B6364002007B0BDE867
S3152024B970F08F08363F4BB3427FF460AF23E7002392
S3152024B98006F8013B27E73E4691E7049020213046DE
S3152024B99000F05AFC0746002896D0049B1F460370C5
S3152024B9A092E79246A2E7A561E56284F83050C9E77A
S3152024B9B005223149404600F0C3FC10BB2B4B3F21C6
S3152024B9C04046636300F040FC064608B1002303701A
S3152024B9D000272E21404600F037FC20BB9FB3DFF8FA
S3152024B9E0B8900546C846394659F83500F5F7D4FFA8
S3152024B9F0F8B10135142DF6D10EB13F2333701F4BE8
S3152024BA001DE005221E49404600F09AFC08B91D4B2C
S3152024BA10D5E705221C49404600F092FC08B91B4B69
S3152024BA20CDE71B4BCBE7471C2E21384600F00CFCD8
S3152024BA30D3E70EB13F23337008EBC5056B686364E7
S3152024BA400023636591E70EB13F233370114BF6E74C
S3152024BA501C0C012080C82420DC0B01209C0B0120F7
S3152024BA607EC3242036C624209CC32420DDC3242040
S3152024BA70FBC32420A8C824204BC42420D4C4242097
S3152024BA8051C4242057C4242072C4242078C42420BA
S3152024BA9097C42420A9C42420E0C7242038B50446EA
S3152024BAA049B1836D0A899A4219D89B1A2046A365DF
S3152024BAB000F02AFC18B9A36D1BB1002038BD002341
S3152024BAC0A3650849002520463F220D7000F0ECFB93
S3152024BAD02A4620460349BDE83840FFF769BE00239D
S3152024BAE0E4E700BF1C0C012010B5044630B1FFF753
S3152024BAF0EFFD2046BDE81040F7F726BB10BD000019
S3152024BB0038B504460D4641B18B6D33B11749002310
S3152024BB103F2228460B7000F0C7FB00212046F8F769
S3152024BB20BDFA00212046F8F7C1FA00212046F8F76D
S3152024BB30DFFA002220461146F8F7F8FA002120469B
S3152024BB40F8F7C6FA2DB12846FFF7C2FD2846F7F79F
S3152024BB50FBFA2046F8F7FCFD054620B104220449C9
S3152024BB602046F8F7E3FA284638BD00BF1C0C0120EE
S3152024BB70A1BD242070B5064648690C4628B921461D
S3152024BB803046FFF7BDFF002070BD00F053FB051E95
S3152024BB90F5DD636A6BB1A26A9542A8BF15462A468B
S3152024BBA0616A606900F026FB00281ADA0230EAD09E
S3152024BBB0E5E7728EB6F86400520092B28242A8BF9C
S3152024BBC002469542A8BF15462846F7F7A7FA60628B
S3152024BBD008B1A562E3E7C92D4FEA6503D3DD1D46E7
S3152024BBE0F2E7636AE0620120A361CDE72DE9F34100
S3152024BBF005460C4621B90026304602B0BDE8F08120
S3152024BC00B1F85630042B30D9E36A002B00F0AE80ED
S3152024BC104FF6FE714FF6FF72E36A28468B4288BFA1
S3152024BC2013460DF10602A169ADF80630636A003B7E
S3152024BC3018BF0123FFF71FFD002840F09F80BDF881
S3152024BC4006100126A269E36A0A445B1AA261E3620A
S3152024BC50E76A002FD0D1606900F0ECFA0028CBDC0B
S3152024BC6021462846FFF74CFFC5E7CB6BCBB94B695A
S3152024BC70BBB11A7C920714D501F148065A680C21C7
S3152024BC803046F5F7A0FE304600F066FB092808D892
S3152024BC90483003223A49204400F01EFB394B2664BF
S3152024BCA0E363B5F864600027ADF80660B4F856302F
S3152024BCB0002E4ED0042B4ED8BDF806202AB9B4F82F
S3152024BCC05630042BA0D8022696E704EB8303586B20
S3152024BCD000F042FBB4F854201FFA80F843469B1AFE
S3152024BCE0B342A8BF3346ADF80630B4F8563004EB39
S3152024BCF08301032B496B114429D04FF0000301D82B
S3152024BD0043F002030DF106022846FFF7B4FC08B1DE
S3152024BD10ADF80670BDF80620B4F85430B61A13448C
S3152024BD20B6B29BB29845A4F85430BFD1B4F8563055
S3152024BD300133A4F85630B4F85630042B04D804EB37
S3152024BD408302526B002AF3D0A4F85470AEE7012361
S3152024BD50D6E7042BB3D9A369002BB0D12146284694
S3152024BD60FFF708FF0028AAD1032645E721462846BF
S3152024BD70FFF700FF00287FF44BAF3CE7002667E758
S3152024BD8038C62420F1C4242008B50346084619467B
S3152024BD9023B1002381F83030FFF728FF002008BD87
S3152024BDA010B50C46014620B92046FFF7A9FE0020EF
S3152024BDB010BD90F830300133DBB2042B80F83030BC
S3152024BDC0F2D04369002BF2D02046FFF70FFF00283C
S3152024BDD0EDD02046FAF71EFFE9E700002DE9F04FC3
S3152024BDE0044616461D462DED028B08EE101A8DB0FC
S3152024BDF053B95AB1A8B918EE100A3189F8F7ECF8D4
S3152024BE003046F7F763FC01E0002AF4D1214618EEE8
S3152024BE10100AFFF775FE00200DB0BDEC028BBDE89D
S3152024BE20F08F118918EE100AF8F7D6F8A36D73B19E
S3152024BE303146204684F83050FFF730FEA36D002B80
S3152024BE40E9D1214618EE100AFFF7D0FEE3E763690D
S3152024BE50002B40F04981A369206A002B40F04881B9
S3152024BE60002840F08C8026623046F7F73DFD206A74
S3152024BE700368002B00F08780078940F2FF33A54D05
S3152024BE809F42A44928BF1F4600233A46F7F71CFEA3
S3152024BE90062F40F211813A469F492846F5F75BFD45
S3152024BEA0002800F0098104229C49284600F0F0F954
S3152024BEB0814600286AD1EB1C0793079B984903F1F6
S3152024BEC00108A8EB05024046BA1A92B20692F5F763
S3152024BED042FD069A0590002870D18F494046F5F7F1
S3152024BEE03AFD0590B9F1000F5DD1059B002B00F09A
S3152024BEF0E3804FF0010B079B059A934280F0DC8068
S3152024BF003A4688492846F5F726FD002800F0D480AD
S3152024BF100023079A1370059AA2EB080292B209927B
S3152024BF2008F80230B9F1000F00F0B080236A7D4969
S3152024BF300693059B03F1010AAAEB05025046BA1A79
S3152024BF40F5F709FD0890002800F09D80A0EB0A0251
S3152024BF5075495046F5F7FFFC834690BB6FF00F07D3
S3152024BF602023079A17F1100F1370059A1370099A34
S3152024BF7008F8023017D07B1D00F0AA8094E03146C1
S3152024BF80F7F7C6FC70E77568778981E70522674944
S3152024BF90284600F07DF920B92B1D4FF0010907937F
S3152024BFA08BE700232B716FF00F07206A002800F0FF
S3152024BFB09180F7F78BFB002323628BE04FF0000B55
S3152024BFC099E700F110090A2253494846F5F7C3FC9C
S3152024BFD00028C3D0484600F0A7F9B0F100093FD184
S3152024BFE09BF81030302BB9D19BF811300D2BB5D1BD
S3152024BFF0089B4FF0000B4E4A41460433204682F8D4
S3152024C00000B05D1BA3EB0A03AF42B4BF3D46ADB2DD
S3152024C0109F42A8BF9FB201238DF82F30089B83F817
S3152024C02000B00DF12F03CDF8009003933F23CDE9E3
S3152024C03001233B46524600F01FF90746C0B9C4F8EF
S3152024C0405890069B002B56D05B899D420AD22946BE
S3152024C0500698F7F70BFB0698F7F746FC069954E063
S3152024C060C6DA7BE7ED1A069B1B68ADB20693E8E792
S3152024C0705A462F492046FFF79BFB074600287FF484
S3152024C0806FAF002791E76FF0040769E75A464146C8
S3152024C0902046FFF78DFB07460028F2D0421D17D0F5
S3152024C0A010F1100F3FF47FAF17F1080F3FF47DAF47
S3152024C0B02048F4F719F978E7206AF7F70DFC236A64
S3152024C0C01B89B3F5806FBFF46EAF05283FF66BAF9F
S3152024C0D06FF004073046F7F7F9FA002F3FF4AEAE97
S3152024C0E010377FF498AE91E63046F7F7EFFA92E6CA
S3152024C0F06FF0070759E7B9F1000F7FF456AF494689
S3152024C10041224846F7F736FB01462046FFF7C6FC70
S3152024C110B3E700BF5C0C012038C6242002C52420A6
S3152024C12000C5242036C62420F1C4242007C5242073
S3152024C1301C0C01200DC5242010B52E20F8F78EFDC9
S3152024C140044620B90F48BDE81040F4F7CDB80121A4
S3152024C150F7F790FF50220C492046F7F73DFE10B101
S3152024C1600A48F4F7C1F82046FF21F7F7FFFE0446D4
S3152024C17010B90748F4F7B8F820460649BDE8104018
S3152024C180F7F7C8BF39C52420A896242054C52420CF
S3152024C19070C5242039B7242070B50E460446F0B144
S3152024C1A0E9B100F085F828B1237C002043F0100360
S3152024C1B0237470BD0B4D6968304600F04DF840B9A4
S3152024C1C0AB682360EB68C4E901332B7CE0602374DD
S3152024C1D0EFE72D68002DEED16FF00500E9E76FF02B
S3152024C1E00F00E6E768D62420037CDB0601D500F081
S3152024C1F093B87047F8B5D0E9013705460E469F42D5
S3152024C20015D0047CE40603D5BDE8F84000F094B8A4
S3152024C210DC1B0168304694423944A8BF1446224682
S3152024C22000F05AF8AB682344AB602046F8BD4FF0A3
S3152024C230FF34FAE7D0E90120101A704700000000E5
S3152024C2405FF800F03D1401005FF800F003F00100D0
S3152024C2505FF800F0AD1301005FF800F0B113000081
S3152024C2605FF800F0950401005FF800F0550B0100FB
S3152024C2705FF800F0791E01005FF800F09D60010050
S3152024C2805FF800F0A52B01005FF800F0E51E010001
S3152024C2905FF800F03FF001005FF800F0B10D0100D7
S3152024C2A05FF800F0152101005FF800F0ED60010031
S3152024C2B05FF800F02D6101005FF800F0FDDF01003A
S3152024C2C05FF800F0ED0A01005FF800F0550A01003E
S3152024C2D05FF800F08D0D01005FF800F0E1DF01002A
S3152024C2E05FF800F031E001005FF800F079220100C8
S3152024C2F05FF800F0F50F01005FF800F099A3000025
S3152024C3005FF800F0B5DF01005FF800F0D16001008E
S3152024C3105FF800F0096101005FF800F06561010013
S3152024C3205FF800F0A5DF01005FF800F001DA0100D4
S3152024C3305FF800F0EDEC01005FF800F049610100A0
S3152024C3405FF800F0C5DF01005FF800F0F10401007A
S3152024C3505FF800F0751101005FF800F0C5130000A6
S3152024C3602F3430342E68746D6C002F3430342E687C
S3152024C370746D002F3430342E7368746D6C004669C6
S3152024C3806C65206C656E677468206D757374206285
S3152024C3906520706F7369746976652100536572769A
S3152024C3A065723A206C7749502F322E322E306420F3
S3152024C3B028687474703A2F2F736176616E6E616863
S3152024C3C02E6E6F6E676E752E6F72672F70726F6A00
S3152024C3D0656374732F6C776970290D0A0048545449
S3152024C3E0502F312E30203430342046696C65206E0F
S3152024C3F06F7420666F756E640D0A000D0A3C68748E
S3152024C4006D6C3E3C626F64793E3C68323E343034F7
S3152024C4103A20546865207265717565737465642045
S3152024C42066696C652063616E6E6F74206265206612
S3152024C4306F756E642E3C2F68323E3C2F626F647972
S3152024C4403E3C2F68746D6C3E0D0A002F3430342EFA
S3152024C450002F3430302E00485454502F312E302083
S3152024C4603430302042616420526571756573740DB1
S3152024C4700A002F3530312E00485454502F312E3077
S3152024C48020353031204E6F7420496D706C656D6572
S3152024C4906E7465640D0A00485454502F312E302072
S3152024C4A0323030204F4B0D0A00436F6E74656E7404
S3152024C4B02D547970653A206170706C696361746952
S3152024C4C06F6E2F6F637465742D73747265616D0D31
S3152024C4D00A0D0A00436F6E74656E742D5479706547
S3152024C4E03A20746578742F706C61696E0D0A0D0A72
S3152024C4F000436F6E74656E742D4C656E6774683A4E
S3152024C50020004745542000504F535420006874740B
S3152024C510705F70617273655F726571756573743A45
S3152024C52020756E657870656374656420726574758C
S3152024C530726E2076616C75650068747470645F69A8
S3152024C5406E69743A207463705F6E657720666169BC
S3152024C5506C65640068747470645F696E69743A20CB
S3152024C5607463705F62696E64206661696C656400B9
S3152024C57068747470645F696E69743A207463705F3A
S3152024C5806C697374656E206661696C6564002F69B5
S3152024C5906E6465782E7368746D6C002F696E64657D
S3152024C5A0782E737369002F696E6465782E73687488
S3152024C5B06D002F696E6465782E68746D6C002F6902
S3152024C5C06E6465782E68746D00436F6E74656E7420
S3152024C5D02D547970653A20746578742F68746D6C3F
S3152024C5E00D0A0D0A00436F6E74656E742D5479708E
S3152024C5F0653A20746578742F68746D6C0D0A4578B5
S3152024C60070697265733A204672692C203130204134
S3152024C610707220323030382031343A30303A30304B
S3152024C62020474D540D0A507261676D613A206E6F12
S3152024C6302D63616368650D0A0D0A006769660043E8
S3152024C6406F6E74656E742D547970653A20696D61A8
S3152024C65067652F6769660D0A0D0A00706E670043A9
S3152024C6606F6E74656E742D547970653A20696D6188
S3152024C67067652F706E670D0A0D0A006A706700437E
S3152024C6806F6E74656E742D547970653A20696D6168
S3152024C69067652F6A7065670D0A0D0A00626D700042
S3152024C6A0436F6E74656E742D547970653A20696D66
S3152024C6B06167652F626D700D0A0D0A0069636F002C
S3152024C6C0436F6E74656E742D547970653A20696D46
S3152024C6D06167652F782D69636F6E0D0A0D0A0063D5
S3152024C6E06C61737300636C73006A7300436F6E749A
S3152024C6F0656E742D547970653A206170706C696307
S3152024C7006174696F6E2F6A6176617363726970745E
S3152024C7100D0A0D0A0072616D0063737300436F6EF8
S3152024C72074656E742D547970653A20746578742FE7
S3152024C7306373730D0A0D0A0073776600436F6E7454
S3152024C740656E742D547970653A206170706C6963B6
S3152024C7506174696F6E2F782D73686F636B7761763A
S3152024C760652D666C6173680D0A0D0A00786D6C0060
S3152024C770436F6E74656E742D547970653A20746592
S3152024C78078742F786D6C0D0A0D0A0078736C0070FE
S3152024C790646600436F6E74656E742D547970653AA1
S3152024C7A0206170706C69636174696F6E2F70646622
S3152024C7B00D0A0D0A006A736F6E00436F6E74656EE0
S3152024C7C0742D547970653A206170706C6963617434
S3152024C7D0696F6E2F6A736F6E0D0A0D0A00000000B2
S3152024C7E065C32420C9C524206FC32420C9C5242079
S3152024C7F078C32420E5C52420ADC52420E5C52420DE
S3152024C800A2C52420E5C524203BC624203FC62420B7
S3152024C8105BC624205FC624207BC624207FC62420F2
S3152024C8209CC62420A0C62420BCC62420C0C62420DE
S3152024C830DFC62420A9C42420E5C62420A9C4242074
S3152024C840E9C62420ECC6242015C72420ECC624209F
S3152024C85019C724201DC7242038C724203CC72420B8
S3152024C8606CC7242070C724208BC7242070C724207B
S3152024C8708FC7242093C72420B5C72420BAC72420B1
S3152024C8808EC52420010000009BC524200100000021
S3152024C890A6C5242001000000B2C5242000000000E3
S3152024C8A0BEC52420000000002F3430342E68746D39
S3152024C8B06C000000485454502F312E30203430340C
S3152024C8C02046696C65206E6F7420666F756E640DC4
S3152024C8D00A5365727665723A206C7749502F322E28
S3152024C8E0302E33642028687474703A2F2F7361761F
S3152024C8F0616E6E61682E6E6F6E676E752E6F7267AF
S3152024C9002F70726F6A656374732F6C776970290D23
S3152024C9100A436F6E74656E742D4C656E6774683A1F
S3152024C920203536350D0A436F6E74656E742D547911
S3152024C93070653A20746578742F68746D6C0D0A0DB1
S3152024C9400A3C68746D6C3E0D0A3C686561643E3C05
S3152024C9507469746C653E6C774950202D2041204C97
S3152024C96069676874776569676874205443502F49CA
S3152024C9705020537461636B3C2F7469746C653E3C00
S3152024C9802F686561643E0D0A3C626F647920626774
S3152024C990636F6C6F723D2277686974652220746593
S3152024C9A078743D22626C61636B223E0D0A0D0A2047
S3152024C9B02020203C7461626C652077696474683D0C
S3152024C9C02231303025223E0D0A2020202020203CD2
S3152024C9D074722076616C69676E3D22746F70223E74
S3152024C9E03C74642077696474683D223830223E0979
S3152024C9F020200D0A0920203C6120687265663D228C
S3152024CA00687474703A2F2F7777772E736963732E11
S3152024CA1073652F223E3C696D67207372633D222FF6
S3152024CA20696D672F736963732E676966220D0A09F8
S3152024CA302020626F726465723D22302220616C74DC
S3152024CA403D2253494353206C6F676F2220746974A7
S3152024CA506C653D2253494353206C6F676F223E3CBD
S3152024CA602F613E0D0A093C2F74643E3C7464207762
S3152024CA70696474683D22353030223E0920200D0A0F
S3152024CA800920203C68313E6C774950202D204120B6
S3152024CA904C69676874776569676874205443502F96
S3152024CAA0495020537461636B3C2F68313E0D0A092B
S3152024CAB020203C68323E343034202D205061676556
S3152024CAC0206E6F7420666F756E643C2F68323E0D1F
S3152024CAD00A0920203C703E0D0A0920202020536F6D
S3152024CAE07272792C20746865207061676520796F4D
S3152024CAF075206172652072657175657374696E67B8
S3152024CB0020776173206E6F7420666F756E64206F34
S3152024CB106E20746869730D0A09202020207365729B
S3152024CB207665722E200D0A0920203C2F703E0D0A90
S3152024CB30093C2F74643E3C74643E0D0A0920202649
S3152024CB406E6273703B0D0A093C2F74643E3C2F742D
S3152024CB50723E0D0A2020202020203C2F7461626CF6
S3152024CB60653E0D0A3C2F626F64793E0D0A3C2F6880
S3152024CB70746D6C3E0D0A2F696D672F736963732E4E
S3152024CB80676966000000485454502F312E302032D5
S3152024CB903030204F4B0D0A5365727665723A206CDD
S3152024CBA07749502F322E302E33642028687474709F
S3152024CBB03A2F2F736176616E6E61682E6E6F6E6763
S3152024CBC06E752E6F72672F70726F6A656374732FFA
S3152024CBD06C776970290D0A436F6E74656E742D4CBB
S3152024CBE0656E6774683A203732340D0A436F6E7443
S3152024CBF0656E742D547970653A20696D6167652F49
S3152024CC006769660D0A0D0A47494638396146002266
S3152024CC1000A50000D92B396A6A6ABFBFBF939393B4
S3152024CC200F0F0FB0B0B0A6A6A68080807676761E8B
S3152024CC301E1E9D9D9D2E2E2E4949495454548A8A22
S3152024CC408A606060C6A699BDB5B2C2ABA1D941405F
S3152024CC50D56755C0B0AAD55E4ED65045CC937DC84F
S3152024CC60A190CE8B76D27B65D1846DC999863A3AAA
S3152024CC703A000000B8B8B8FFFFFFFFFFFFFFFFFF11
S3152024CC80FFFFFFFFFFFFFFFFFFFFFFFFFFFFFFFF6A
S3152024CC90FFFFFFFFFFFFFFFFFFFFFFFFFFFFFFFF5A
S3152024CCA0FFFFFFFFFFFFFFFFFFFFFFFFFFFFFFFF4A
S3152024CCB0FFFFFFFFFFFFFFFFFFFFFFFFFFFFFFFF3A
S3152024CCC0FFFFFFFFFFFFFFFFFFFFFFFFFFFFFFFF2A
S3152024CCD0FFFFFFFF2C00000000460022000006FE76
S3152024CCE0409070482C1A8FC8A472C96C3A9FD0A839
S3152024CCF0744AAD5AAFD8AC76A94004BE83E2603CD0
S3152024CD0050200D8E6F0031281C0D07B5C360752465
S3152024CD103EF8FC871106E93D46070B7A7A7C4306C2
S3152024CD201E84780B076E51018A84087E7980878930
S3152024CD30917A930A049978964F039E7901949F4376
S3152024CD409CA3A40577A3A04E98790B1E83A4A61F83
S3152024CD5096059DAA78010784041E1EBBB851840E0D
S3152024CD6043050777A57F42B1B20163080DBB010CA9
S3152024CD707A0D440ED8AF4C057A04470707B780A20C
S3152024CD80E17D4405010401D0EA87934FE09A49CEF8
S3152024CD90D87904662015101011922980B6C09115D1
S3152024CDA0451E90197146A85C040E00224EE84024A4
S3152024CDB09F3E0406A758D493A01C913FE8F08803ED
S3152024CDC0B121A249001986FC5244E0019D2921154E
S3152024CDD02550F767251E06FD4E9AB490AC15FACB3E
S3152024CDE052531E8CF2F807922D083A4D1249954932
S3152024CDF0DB1404C4148529AAE70108A44901145183
S3152024CE00E05391D529061A6402F4C7819E0520226F
S3152024CE1064A530AEAB9E9753D8B9FD50EF9302420A
S3152024CE207434E89C2021C9016878E6552920564F78
S3152024CE304C40517182C070212285BE4B1C4405EA88
S3152024CE40A401BF22B5F01C0651388FE022EC18AC81
S3152024CE503922D4D69344013282C8FC61B301450CCD
S3152024CE602E8330D00E17240F708594EE0505534B50
S3152024CE70321B3F98D31D2981B0AE1E8C7E68E0607C
S3152024CE805A548FB078697306A2006B57CA3D115045
S3152024CE90BD04304B3AD4AB5F1F9B3D137427883C8B
S3152024CEA025E017BE7A79450D0CB08BDA90CA800618
S3152024CEB05D17601C224CD85722062000980708E4C8
S3152024CEC05680801CC5B7C5820C36E8E083104628D8
S3152024CED0E184145668A1104100003B2F696E6465D5
S3152024CEE0782E68746D6C00485454502F312E30207F
S3152024CEF0323030204F4B0D0A5365727665723A20B4
S3152024CF006C7749502F322E302E336420286874743F
S3152024CF10703A2F2F736176616E6E61682E6E6F6EF6
S3152024CF20676E752E6F72672F70726F6A656374735E
S3152024CF302F6C776970290D0A436F6E74656E742D74
S3152024CF404C656E6774683A20313735310D0A436F44
S3152024CF506E74656E742D547970653A207465787470
S3152024CF602F68746D6C0D0A0D0A3C68746D6C3E0D29
S3152024CF700A3C686561643E3C7469746C653E6C77D2
S3152024CF804950202D2041204C69676874776569674C
S3152024CF906874205443502F495020537461636B3C4A
S3152024CFA02F7469746C653E3C2F686561643E0D0A56
S3152024CFB03C626F6479206267636F6C6F723D22775F
S3152024CFC0686974652220746578743D22626C616375
S3152024CFD06B223E0D0A0D0A202020203C7461626CAF
S3152024CFE0652077696474683D2231303025223E0DD0
S3152024CFF00A2020202020203C74722076616C6967C8
S3152024D0006E3D22746F70223E3C746420776964746A
S3152024D010683D223830223E0920200D0A0920203C52
S3152024D0206120687265663D22687474703A2F2F7762
S3152024D03077772E736963732E73652F223E3C696D31
S3152024D04067207372633D222F696D672F736963731B
S3152024D0502E676966220D0A092020626F7264657222
S3152024D0603D22302220616C743D2253494353206C47
S3152024D0706F676F22207469746C653D22534943532C
S3152024D080206C6F676F223E3C2F613E0D0A093C2F90
S3152024D09074643E3C74642077696474683D22353018
S3152024D0A030223E0920200D0A0920203C68313E6C7E
S3152024D0B0774950202D2041204C696768747765690B
S3152024D0C0676874205443502F495020537461636BEE
S3152024D0D03C2F68313E0D0A0920203C703E0D0A095A
S3152024D0E0202020205468652077656220706167653A
S3152024D0F020796F7520617265207761746368696E03
S3152024D100672077617320736572766564206279203F
S3152024D110612073696D706C65207765620D0A09201C
S3152024D1202020207365727665722072756E6E696E04
S3152024D13067206F6E20746F70206F66207468652058
S3152024D1406C69676874776569676874205443502FBF
S3152024D150495020737461636B203C610D0A09202099
S3152024D1602020687265663D22687474703A2F2F7762
S3152024D17077772E736963732E73652F7E6164616D51
S3152024D1802F6C7769702F223E6C7749503C2F613E55
S3152024D1902E0D0A0920203C2F703E0D0A0920203C02
S3152024D1A0703E0D0A09202020206C7749502069736F
S3152024D1B020616E206F70656E20736F757263652093
S3152024D1C0696D706C656D656E746174696F6E206FA0
S3152024D1D06620746865205443502F49500D0A09202F
S3152024D1E020202070726F746F636F6C20737569743E
S3152024D1F065207468617420776173206F726967690A
S3152024D2006E616C6C79207772697474656E2062798C
S3152024D210203C610D0A0920202020687265663D2263
S3152024D220687474703A2F2F7777772E736963732EE9
S3152024D23073652F7E6164616D2F6C7769702F223E12
S3152024D2404164616D2044756E6B656C730D0A0920EB
S3152024D2502020206F6620746865205377656469735F
S3152024D2606820496E73746974757465206F662043CB
S3152024D2706F6D707574657220536369656E63653C42
S3152024D2802F613E20627574206E6F772069730D0A94
S3152024D29009202020206265696E672061637469767F
S3152024D2A0656C7920646576656C6F70656420627917
S3152024D2B02061207465616D206F6620646576656CB7
S3152024D2C06F706572730D0A09202020206469737497
S3152024D2D07269627574656420776F726C642D7769C0
S3152024D2E064652E2053696E636520697427732072C2
S3152024D2F0656C656173652C206C7749502068617351
S3152024D3000D0A0920202020737075727265642061AD
S3152024D310206C6F74206F6620696E746572657374D1
S3152024D32020616E6420686173206265656E20706F4B
S3152024D3307274656420746F207365766572616C0DD2
S3152024D3400A0920202020706C6174666F726D732008
S3152024D350616E64206F7065726174696E672073795B
S3152024D3607374656D732E206C7749502063616E200B
S3152024D37062652075736564206569746865720D0A13
S3152024D380092020202077697468206F722077697499
S3152024D390686F757420616E20756E6465726C796908
S3152024D3A06E67204F532E0D0A0920203C2F703E0DE8
S3152024D3B00A0920203C703E0D0A092020202054688A
S3152024D3C06520666F637573206F6620746865206C8C
S3152024D3D0774950205443502F495020696D706C65ED
S3152024D3E06D656E746174696F6E20697320746F2005
S3152024D3F07265647563650D0A09202020207468658A
S3152024D4002052414D207573616765207768696C6564
S3152024D410207374696C6C20686176696E672061203C
S3152024D42066756C6C207363616C65205443502E2082
S3152024D430546869730D0A09202020206D616B657359
S3152024D440206C774950207375697461626C652066F7
S3152024D4506F722075736520696E20656D62656464BC
S3152024D46065642073797374656D7320776974682075
S3152024D47074656E730D0A09202020206F66206B693F
S3152024D4806C6F6279746573206F6620667265652079
S3152024D49052414D20616E6420726F6F6D20666F72CB
S3152024D4A02061726F756E64203430206B696C6F62D4
S3152024D4B0797465730D0A09202020206F6620636FF6
S3152024D4C0646520524F4D2E0D0A0920203C2F703E94
S3152024D4D00D0A0920203C703E0D0A09202020204DCB
S3152024D4E06F726520696E666F726D6174696F6E20C6
S3152024D4F061626F7574206C7749502063616E206257
S3152024D5006520666F756E6420617420746865206C4E
S3152024D5107749500D0A0920202020686F6D65706197
S3152024D5206765206174203C610D0A0920202020682B
S3152024D5307265663D22687474703A2F2F7361766102
S3152024D5406E6E61682E6E6F6E676E752E6F72672F84
S3152024D55070726F6A656374732F6C7769702F223E9D
S3152024D560687474703A2F2F736176616E6E61682E9B
S3152024D5706E6F6E676E752E6F72672F70726F6A6507
S3152024D5806374732F6C7769702F3C2F613E0D0A09C3
S3152024D590202020206F7220617420746865206C7787
S3152024D5A049502077696B69206174203C610D0A09F2
S3152024D5B020202020687265663D22687474703A2F74
S3152024D5C02F6C7769702E77696B69612E636F6D2F47
S3152024D5D0223E687474703A2F2F6C7769702E77697F
S3152024D5E06B69612E636F6D2F3C2F613E2E0D0A09C8
S3152024D5F020203C2F703E0D0A093C2F74643E3C7437
S3152024D600643E0D0A092020266E6273703B0D0A099A
S3152024D6103C2F74643E3C2F74723E0D0A2020202019
S3152024D62020203C2F7461626C653E0D0A3C2F626F6C
S3152024D63064793E0D0A3C2F68746D6C3E0D0A0D0AE2
S3152024D64054D62420A8C82420B4C82420C2020000EA
S3152024D650030000000000000076CB242086CB242063
S3152024D660550300000300000040D62420DBCE2420CE
S3112024D670E7CE2420590700000300000008
S3152024D68000235A2970B504461546436007D00368FB
S3152024D6900D265A22D961C3E905621B689847B5F538
S3152024D6A0D07F09D0236816214FF4D0722046DD611D
S3152024D6B0C3E905121B689847E5684FF4D072002108
S3152024D6C0204626680AF058FDE56000252046266077
S3152024D6D0257402F0D9FF082264230020C4F8682187
S3152024D6E0124A1349C4F86C213F22A560A561A3667A
S3152024D6F0E565E366256623676566C4F88850E5678D
S3152024D700C4F88C50C4F88050C4F89050C4F884507F
S3152024D710C4F89450C4F87021C4F898516361C4E9BC
S3152024D7201555C4E91D35C4E90C0170BDA8992520D9
S3152024D7300000F03F01F072BB10B500F1580300F150
S3152024D740680453F8042B0AB182F88010A342F8D136
S3152024D75000F17803883053F8042B0AB182F811118A
S3152024D760DA680AB182F811118342F4D110BD4269D4
S3152024D770A2F16503012B70B5044621D8D0F8F420F4
S3152024D780036A9A4204D2036845225A611B68984741
S3152024D790D4F8743120469B6898471926D4F87431D6
S3152024D7A05D7BADB1D4F884312046DB689847A369E4
S3152024D7B020461B6998472046BDE8704001F01CBBD3
S3152024D7C0672AEAD003681521C3E905121B68E3E713
S3152024D7D01B6820469847D4F80C21AA4205D8D4F8A9
S3152024D7E0743120469B689847D8E7A36823B12046FE
S3152024D7F0C3E901521B689847D4F88031002120467A
S3152024D8005B68984720B9236820465E611B68984741
S3152024D8100135E0E74269642A38B504460D4605D029
S3152024D82003681521C3E905121B6898471DB10021F9
S3152024D8302046FFF781FF236820461B699847A36962
S3152024D84020469B689847204600F053F8D4F8743134
S3152024D85020461B6898470023C4F8F43094F8D03027
S3152024D860002B14BF66236523636138BDF7B516469E
S3152024D870426904460D46652A05D003681521C3E965
S3152024D88005121B689847D4F8F420236A9A4207D3B2
S3152024D89023687E224FF0FF3120465A615B689847E1
S3152024D8A0A3683BB1D4F8F42020465A60226A9A60B1
S3152024D8B01B689847D4F874311A7B12B15B682046CA
S3152024D8C09847D4F8F4202046236A29469B1A002216
S3152024D8D0B3420192D4F8782128BF3346576801AA47
S3152024D8E0B8470198D4F8F4300344C4F8F43003B08C
S3152024D8F0F0BD826C082A70B5044605D00368102131
S3152024D900C3E905121B689847236A23B1E36913B137
S3152024D910636A002B05DC2368212220465A611B6872
S3152024D92098470021204601F089F894F8D0504DB923
S3152024D930204604F0FBF9204602F058F929462046D1
S3152024D94001F040FE204604F03DFD94F8D1302046D7
S3152024D950FBB103F027FDD4F8C830012B1CDC94F846
S3152024D960D210003918BF0121204603F0BDFF002123
S3152024D970204600F077F8204600F052FC63682046C3
S3152024D9809B699847D4F8843120461B68BDE87040AB
S3152024D990184705F039FDDEE70121E5E72DE9F04FAB
S3152024D9A0D0F8784187B09A46054604F10C030F46F1
S3152024D9B0164604F114084FF000090593A168D5F8FA
S3152024D9C00C21914224D2D5F80821E16891420CD227
S3152024D9D0D5F87C112846059B02923246CDE9008350
S3152024D9E05346D1F804B03946D847E168D5F80821FA
S3152024D9F091420DD1D5F88021414628465268904738
S3152024DA00227C40B922B93368013B33600123237435
S3152024DA1007B0BDE8F08F22B132680132326084F833
S3152024DA201090A268C4F80C900132A260C6E70000C8
S3152024DA3010B490F8D04044B9D0F87821C2E90244F1
S3152024DA401474517421B9064B53605DF8044B704706
S3152024DA50036803225DF8044B5A611B68184700BFEC
S3152024DA609DD9242043683C222DE9F0411B680D468C
S3152024DA70012104469847154BC4F87801036094F88D
S3152024DA80D03073B93DB12368032220465A611B68DE
S3152024DA90BDE8F0411847666D00F11408E36CAB42EB
S3152024DAA001DCBDE8F081B06A0135716A583656F832
S3152024DAB04C3C56F83C2C676843434A432046BF686F
S3152024DAC00121B84748F8040BE8E700BF31DA2420BF
S3152024DAD083691A6870B5551C04461D6011705A68EE
S3152024DAE0013A5A6052B9DB68984738B92368192213
S3152024DAF020465A611B68BDE87040184770BD38B56A
S3152024DB0004460D46FF21FFF7E3FF29462046BDE8BC
S3152024DB103840FFF7DDBFD921FFF7F1BF38B50546D9
S3152024DB200C46C1F30721FFF7D3FF2846E1B2BDE80F
S3152024DB303840FFF7CDBF4FF6FD739A4270B50446A1
S3152024DB400E46154604D903680C225A611B68984749
S3152024DB50B1B22046FFF7D3FFA91C2046BDE870406A
S3152024DB60FFF7DCBF01F116032DE9F04150F82360BD
S3152024DB7004460F462EB903683622C3E905211B68BD
S3152024DB8098470023D4F870211D469A421EDA96F827
S3152024DB908030C3B9DB212046FFF7B1FFD4F870319A
S3152024DBA005B35B00591D2046FFF7B8FF204607EB37
S3152024DBB005110027FFF78CFFD4F87031BB4213DA06
S3152024DBC0012386F880302846BDE8F081D4F86C11EC
S3152024DBD051F82310013336F81110B1F5807F28BF70
S3152024DBE00125D2E7191DDEE7D4F86C3153F8273006
S3152024DBF036F8138025B14FEA18212046FFF768FF0F
S3152024DC005FFA88F120460137FFF762FFD4E72DE932
S3152024DC10F84304460F46BAB301F12203103750F8CD
S3152024DC202380B8F1000F06D1236834222046C3E985
S3152024DC3005271B68984798F811611EBB08F1010532
S3152024DC40C421204608F11109FFF759FF2B4613F862
S3152024DC50012B4B451644FAD106F113012046FFF732
S3152024DC605DFF39462046FFF733FF15F8011B204672
S3152024DC70FFF72EFF4D45F8D12E44B54209D1012375
S3152024DC8088F81131BDE8F88301F11E0350F823806A
S3152024DC90C7E715F8011B2046FFF71AFFEDE770B5F5
S3152024DCA004460025D82104F15806FFF728FF56F804
S3152024DCB0043B1BB129462046FFF754FF0135042D8A
S3152024DCC0F5D194F8D1509DB904F1780656F8043B41
S3152024DCD023B1002229462046FFF799FFF36823B172
S3152024DCE0012229462046FFF792FF0135042DEDD146
S3152024DCF02046D921BDE87040FFF701BF70B5044600
S3152024DD00FFF7FDFEE16C204601EB41010831FFF7C8
S3152024DD1005FF636CB3F5803F03DA236CB3F5803FAC
S3152024DD2008DB23682A214FF6FF722046C3E9051211
S3152024DD301B689847A16C2046FFF7CAFE616C2046D3
S3152024DD400026FFF7EBFE216C2046FFF7E7FEE16C69
S3152024DD502046FFF7BDFE656DE36C5835B34200DCE3
S3152024DD6070BD55F8581C2046FFF7B2FE20460136D2
S3152024DD7055E9141303EB0111FFF7AAFE55F8481CA5
S3152024DD802046FFF7A5FEE7E72DE9F04390F8D1508A
S3152024DD9089B00446D0F88471EDB900F58A76D4F892
S3152024DDA01031AB4265DDD4F8583156F8048B3BB993
S3152024DDB0D4F8602122B9D8F814102046FFF727FF7B
S3152024DDC0D4F85C312BB10122D8F818102046FFF75D
S3152024DDD01EFF0135E3E704ABE846002241461D46F3
S3152024DDE099461046013205F8010B01F8010B102A39
S3152024DDF0F8D1D4F8106104F58A7000220125B242A4
S3152024DE0077DB002540462A4610F8011B013213F8F9
S3152024DE10016B102A31440D44F6D155B3CC2120462A
S3152024DE20FFF76DFE691C04F198060025490020465B
S3152024DE30FFF774FE18F8013B53B129462046FFF715
S3152024DE4047FE317C3378204603EB0111FFF740FE51
S3152024DE5019F805304BB105F110012046FFF738FE9D
S3152024DE6096F820102046FFF733FE01350136102D73
S3152024DE70E0D1D4F8E020FB699A420FD0DD21204658
S3152024DE80FFF73DFE04212046FFF748FED4F8E01094
S3152024DE902046FFF743FED4F8E030FB61DA21204602
S3152024DEA0FFF72DFED4F81011204604F58A77033186
S3152024DEB000254900FFF732FED4F810112046FFF73B
S3152024DEC007FED4F810319D422EDBD4F85811204673
S3152024DED0FFF7FEFDD4F85C112046FFF7F9FD204616
S3152024DEE0D4E9581303EB011109B0BDE8F043FFF739
S3152024DEF0EFBDD4F8581150F804CB49B9D4F86011A1
S3152024DF0031B9DCF814100DF1200E714401F8205C8F
S3152024DF10D4F85C1131B1DCF818100DF1200C6144D1
S3152024DF2001F8105C01326AE757F8046B2046316801
S3152024DF30FFF7CEFDD4F8583173B9D4F8602102B94D
S3152024DF407369D4F85C1101B1B16901EB0311204640
S3152024DF500135FFF7BDFDB4E70023F2E7F8B5002627
S3152024DF600446476D3546E06CA84200F3AE8094F80B
S3152024DF70D130002B40F0BD8094F8F850002D40F08D
S3152024DF80B880A36C082B16D1D4F86831082B12D16B
S3152024DF90626D01232946884200F39F80002E00F0DB
S3152024DFA0AA80002B00F0A78023684D22002120463A
S3152024DFB05A615B68984794F8D12094F8F830002A5F
S3152024DFC000F09D80002B00F09880CA212046FFF780
S3152024DFD095FE94F8F130002B52D0012B02D1E36C1C
S3152024DFE0022B05DC23681C2220465A611B6898478D
S3152024DFF0F8212046FFF783FD18212046FFF78EFDC2
S3152024E0000D212046FFF764FDFF212046FFF786FDDC
S3152024E01003212046FFF75CFD636D2046996DFFF7AB
S3152024E02057FD636D20461968FFF752FD636D204620
S3152024E030D3F8B010FFF74CFD80212046FFF748FD8A
S3152024E04000212046FFF76AFD00212046FFF766FDC2
S3152024E05000212046FFF73CFD01212046FFF75EFDE7
S3152024E06000212046FFF75AFD00212046FFF730FDE8
S3152024E07001212046FFF752FD00212046FFF74EFDC1
S3152024E08094F8F830002B42D0D4F86831082B3ED0AF
S3152024E0902046DA21FFF733FD20460621FFF73EFDF1
S3152024E0A020460021FFF714FD20460021FFF710FD0E
S3152024E0B0D4F86811204649430139FFF709FD204643
S3152024E0C00021BDE8F840FFF703BD39692046FFF754
S3152024E0D049FD01350644583745E75769012F06DCA3
S3152024E0E09769022FA8BF00230131583253E7002312
S3152024E0F0FAE700255FE71D465DE7C92166E70BB1F0
S3152024E100C22163E70DB1C02160E7C1215EE7F8BDD6
S3152024E11070B50446D0F884610025D821FFF7EFFC9A
S3152024E120F56194F8E830E3B3E0212046FFF7E7FCD5
S3152024E13010212046FFF7F2FC4A212046FFF7C8FC8F
S3152024E14046212046FFF7C4FC49212046FFF7C0FC80
S3152024E15046212046FFF7BCFC29462046FFF7B8FC7B
S3152024E16094F8E9102046FFF7B3FC94F8EA102046E9
S3152024E170FFF7AEFC94F8EB102046FFF7A9FCB4F881
S3152024E180EC102046FFF7CAFCB4F8EE102046FFF721
S3152024E190C5FC29462046FFF79BFC29462046FFF747
S3152024E1A097FC94F8F030BBB3EE212046FFF7A7FC6A
S3152024E1B00E212046FFF7B2FC41212046FFF788FC9A
S3152024E1C064212046FFF784FC6F212046FFF780FC3C
S3152024E1D062212046FFF77CFC65212046FFF778FC48
S3152024E1E064212046FFF79AFC00212046FFF796FC5F
S3152024E1F000212046FFF792FC94F85030032B03D0BD
S3152024E200052B07D0002100E001212046BDE87040DF
S3152024E210FFF75EBC0221F8E770BDFFF759BC00006A
S3152024E2204368202201211B6810B504469847094BD0
S3152024E230C4F884010360084B4360084B8360084B71
S3152024E240C360084B0361084B4361084B8361002359
S3152024E250C36110BD11E124205DDF242089DD242023
S3152024E26017DB24209FDC242037DB24201BE22420D8
S3152024E270D0F8C820002A2DE9F04F8346ADF62C2D60
S3152024E28006DC026814230021C2E90531126890476E
S3152024E290DBF8CC40DBF84C50626912B9A1693F29DE
S3152024E2A02ED0012200214FF0FF368BF8F8204AAADF
S3152024E2B0A942A2F580701BDB04340125DBF8C82093
S3152024E2C0AA4226DA9BF8F840002C40F0038107ADB9
S3152024E2D02E26DBF84C20A24240F3F880625D2AB930
S3152024E2E0DBF8002058465661126890470134F0E73F
S3152024E2F040F8046B9042FBD1013102F58072D7E7B6
S3152024E30007A910468BF8F820AA42D5DA50540132B0
S3152024E310FAE754F8047C7A1E032A09D9DBF800206C
S3152024E3201B215846C2E905170421D161126890475A
S3152024E330A04600264FF01409BE422ADB9BF8F8207B
S3152024E340D4E90469D4E9068A002A00F087803F2E7E
S3152024E3500AD84E4508DCB9F13F0F05DCB8F10A0F7F
S3152024E36002D8BAF10A0F07D9DBF800201221584621
S3152024E370C2E90515126890474EBBB9F1000F28D083
S3152024E380DBF8002012215846C2E905151268904769
S3152024E3901FE058F804ABBAF1000F03DBDBF84C205E
S3152024E3A0524506DCDBF800205846C2E9059512685A
S3152024E3B0904756B158F8082C524506DBDBF8002046
S3152024E3C05846C2E90595126890470136B4E7012FCD
S3152024E3D0D6D1002303940193019BBB4202DB013552
S3152024E3E024346BE7039B53F8042B03930AAB1102C3
S3152024E3F003EB022302935EB10AAB5A58002A07DAAA
S3152024E400DBF8002012235846C2E9053512689047C6
S3152024E41008F1FF33324604934A4502DD019B01333A
S3152024E420D9E7029B53F8221000290DDAB8F1000F00
S3152024E4300FD0DBF80010122305925846C1E9053582
S3152024E44009688847059A04E04145F2D1049B53453F
S3152024E450EFD1029B43F822A00132DDE7B9F13F0F29
S3152024E46004D146EA080656EA0A0307D0DBF8002038
S3152024E47012215846C2E9051512689047A04600265F
S3152024E4804FF0140ABE42AADA58F8049B07AB13F8B5
S3152024E490092032B1DBF800205846C2E905A51268C6
S3152024E4A09047012207AB164403F80920EAE7220203
S3152024E4B05259002A05DADBF800205846566112689C
S3152024E4C090470134DBF84C20A242F0DC0DF62C2DAB
S3152024E4D0BDE8F08F00240AAD2E26F3E7D0F8CC1021
S3152024E4E0F8B5044600F58A7599B3D0F874312422F8
S3152024E4F04FF0580CDB695A438B18885800221E1D6E
S3152024E500C4F8100190420EDC94F8F820A2B9D4F86D
S3152024E510683100225B43C4F85821013BC4F86421A6
S3152024E520C4E95732F8BD56F8041B0132676D0CFB3B
S3152024E530017145F8041BE5E75A69C4F858219A69FC
S3152024E540C4F85C21DA691B6AC4F86021C4F86431F2
S3152024E550E8E7C26C042A07DD03681B21C3E90512F8
S3152024E5600422DA611B689847E16C00235820C4F8FA
S3152024E57010119942CBDD626D00FB0322013345F84D
S3152024E580042BF6E7D0F87431002210B51A7304460A
S3152024E590D0F884315B689847D4F8843120469B6828
S3152024E5A0BDE81040184738B5D0F894310546D0F840
S3152024E5B074419B689847237C012B0BD0022B0FD0C8
S3152024E5C053B90223237495F8D2302BB9E369013346
S3152024E5D0E36101E00223237463690133636138BD57
S3152024E5E095F8D230002BF1D001232374EEE7D0F80E
S3152024E5F01021012A2DE9F04104462CD1D0F81431DA
S3152024E600D9691D6AC0F82411C0F82851596AD868D6
S3152024E6101A64C3E91112B5FBF0F100FB115100294C
S3152024E62008BF0146C3E90E22D9640023C4F82C214D
S3152024E630C4F83031D4F8E420002A0ADDD4F8243171
S3152024E64053434FF6FF729342D4BFC4F8E030C4F844
S3152024E650E020BDE8F081531E032B07D903681B2134
S3152024E660C3E905120422DA611B689847D4F8FC30E2
S3152024E6700025D4F8681104F58A77206C4FF00E080B
S3152024E680594302F08FF8D4F80031D4F86811C4F82D
S3152024E69024015943606C02F085F8C4F82C51C4F83F
S3152024E6A02801D4F81031AB42C4DD57F8043B9968CD
S3152024E6B05A6AD3F81CC04A43D86899635A6400FB23
S3152024E6C001F6D8631E64BCFBF1F201FB12C2002AB8
S3152024E6D008BF0A46196A9A64B1FBF0F200FB1212AB
S3152024E6E0002A08BF0246DA64D4F82C3133440A2B94
S3152024E6F005DD23682046C3F814801B689847002E1E
S3152024E70001DC0135CDE7D4F82C31013E5A1C4C339B
S3152024E710C4F82C2144F82350F1E770B5D0F874516D
S3152024E72004462E7C012E4BD0022E66D0002E40F09D
S3152024E7308680FFF7D3FE2046FFF759FF94F8D03082
S3152024E7407BB9D4F8883120461B689847D4F88C3175
S3152024E75020461B689847D4F87C31314620461B68CE
S3152024E7609847D4F8903120461B689847D4F894319A
S3152024E77094F8D21020461B689847AA69D4F8803189
S3152024E7802046022A1B68B4BF314603219847D4F871
S3152024E7907831002120461B68984794F8D2300BB153
S3152024E7A0002300E001232B73D5E90512531E581AA2
S3152024E7B0434243416B73A3680BB1C3E9031270BD73
S3152024E7C0FFF78CFE2046FFF712FFD4F8583113B9F1
S3152024E7D0D4F8603163B9D4F89431204601211B68DA
S3152024E7E09847D4F88031022120461B689847D7E7DA
S3152024E7F002232B746B6901336B6194F8D2302BB9C5
S3152024E8002046FFF76BFE2046FFF7F1FED4F894311D
S3152024E810002120461B689847D4F8803102212046BF
S3152024E8201B689847EB6923B9D4F8843120465B6862
S3152024E8309847D4F8843120469B689847B0E70368E4
S3152024E84031225A611B689847AEE738B590F91F30B4
S3152024E850044613B990F9233043B123682A214FF66D
S3152024E860DC722046C3E905121B689847D4F8681140
S3152024E870E26BA36B4A43E069934200FB01F007D382
S3152024E880236A2064594301236164C4E941335AE04D
S3152024E890B2EB430F4FEA43010DD8022101F082FF48
S3152024E8A0236A20640221D4F86801584301F07AFFB0
S3152024E8B002236064E9E719448A420DD8032101F032
S3152024E8C071FF236A20640321D4F86801584301F098
S3152024E8D069FF03236064D8E7B2EB830F4FEA8301F1
S3152024E8E00DD8042101F05EFF236A20640421D4F884
S3152024E8F06801584301F056FF04236064C5E7194490
S3152024E9008A420DD8052101F04DFF236A2064052172
S3152024E910D4F86801584301F045FF05236064B4E721
S3152024E920062505FB03F18A420ED8294601F03AFF33
S3152024E930236A20642946D4F86801584301F032FF1B
S3152024E9406064C4E9415538BDC3EBC305D900AA4246
S3152024E9500DD8072101F026FF236A20640721D4F845
S3152024E9606801584301F01EFF072360648DE78A421D
S3152024E9700DD8082101F016FF236A20640821D4F833
S3152024E9806801584301F00EFF082360647DE719448B
S3152024E9908A420DD8092101F005FF236A2064092122
S3152024E9A0D4F86801584301F0FDFE092360646CE71E
S3152024E9B00A2159438A420DD80A2101F0F3FE236AFB
S3152024E9C020640A21D4F86801584301F0EBFE0A2377
S3152024E9D060645AE70B2505FB03F18A42A5D90C2549
S3152024E9E005FB03F18A42A0D90D2505FB03F18A42B2
S3152024E9F09BD90E2505FB03F18A4296D9C3EB031333
S3152024EA009A420DD80F2101F0CDFE236A20640F21CE
S3152024EA10D4F86801584301F0C5FE0F23606434E717
S3152024EA20102101F0BFFE236A20641021D4F8680146
S3152024EA30584301F0B7FE1023606426E7436820225A
S3152024EA402DE9F04F1B6885B00F46012104469847CF
S3152024EA50BA4B0646C4F874010360B94B4360B94BDC
S3152024EA608360002343733FB3D4E94112914207D0F4
S3152024EA7023680720DA61C3E905011B6820469847E5
S3152024EA80D4F80431C4F86831D4F86821531E0F2BE6
S3152024EA9007D9236807212046DA61C3E905121B68B2
S3152024EAA09847D4F868319A1E052A00F29380DFE825
S3152024EAB002F00787898B8D8F2046FFF7C6FEE3E772
S3152024EAC0A14AC4F86C215B43013BC4F87031636CC2
S3152024EAD023B1236C13B1E36C002B05DC236821229C
S3152024EAE020465A611B689847626C4FF6DC739A421B
S3152024EAF002DC226C9A4208DD23682A214FF6DC7236
S3152024EB002046C3E905121B689847A26CA2F1080384
S3152024EB10042B06D9236810212046C3E905121B6835
S3152024EB209847E26C0A2A08DD23681B212046C3E97C
S3152024EB3005120A22DA611B6898470123656D4FF076
S3152024EB4000084FF01309C4E93F33E36C984549DBA9
S3152024EB504FF00008656DC346E36C984567DBD4F80F
S3152024EB600031D4F86811606C594301F01BFED4F8A7
S3152024EB70CC30C4F80C01002B00F015812046FFF779
S3152024EB8077FBD4F86831072B0DDC4FF0000ED4F830
S3152024EB90CCA04FF0240BF046D4F8C8309E45C0F2C2
S3152024EBA0E180C4F8C88094F8D230002B00F001818B
S3152024EBB0002384F8D130002F00F00E8101230CE1AC
S3152024EBC0624A7EE7624A7CE7624A7AE7624A78E7C3
S3152024EBD0624A76E7624A072BC4F86C217FF773AF23
S3152024EBE03F2372E7AB68013B032B03D8EB68013B39
S3152024EBF0032B05D923682046C3F814901B6898470D
S3152024EC00AB6808F10108D4F8FC2058359A42ACBFE9
S3152024EC10C4F8FC20C4F8FC30D4F8002155F84C3C28
S3152024EC209A42ACBFC4F80021C4F800318DE7C5F858
S3152024EC300480012294F8D430D4F804C1002BD4F8CB
S3152024EC40FCE0AB6814BF4FF0080A4FF0040A019386
S3152024EC500CFB02F1514508DC019B53435B009EFBD0
S3152024EC60F3F903FB19E3002B5DD069624FF0010C05
S3152024EC70D4F808310393039B03FB0CF292450DDB56
S3152024EC80EB6803FB0CF35B0002930298D4F8003163
S3152024EC9093FBF0F900FB1933002B46D0B1EB420F3E
S3152024ECA0AA624FEA420343DD6B62236C08F1010812
S3152024ECB0D4F868115835019801FB0EF1584301F018
S3152024ECC071FD45F83C0C55F84C0CD4F80021636CA6
S3152024ECD0D4F868115843514301F064FD55F8503C4B
S3152024ECE045F8380C55F8340CD4F8FC20D4F868119F
S3152024ECF05843236C5143584301F054FD55F84C3C5A
S3152024ED0045F82C0C55F8300CD4F80021D4F8681189
S3152024ED105843636C5143584301F044FD05F824BC01
S3152024ED2045F8280C18E7520092E74FEA4C0CA2E744
S3152024ED304B00B2EB410FC8BFAB62B6E71BE72420DA
S3152024ED4085E52420A7E52420E89A2520389B25201C
S3152024ED509C9B25201C9C2520C09C2520909D2520DD
S3152024ED60A8992520F0450BFB08A90BD00BFB0EAC4C
S3152024ED704D46BCE80F000FC5BCE80F000FC5DCF8D4
S3152024ED8000302B60D4F87031D9F814209A4207DC4D
S3152024ED90D9F8182008F101089342B8BFC9F81830C9
S3152024EDA00EF1010EF8E684F8F8300123C4F8C830B1
S3152024EDB0F9E694F8D1306BB994F8F83023B9D4F81D
S3152024EDC06831023B052B05D8012384F8D230F2E69C
S3152024EDD0022302E0002FFBD1002333740023F361A6
S3152024EDE0736194F8D220D4F8C83002B15B00B361A1
S3152024EDF005B0BDE8F08F00BF436810B504464BB17B
S3152024EE005B6A01219847237C2BB1C82363610023A5
S3152024EE10C4F8003110BD64236361FBE7436810B551
S3152024EE2004460BB19B6A984700236360636110BD37
S3152024EE3008B54368822200211B689847002280F85F
S3152024EE40802008BD08B543684FF4897200211B68C9
S3152024EE509847002280F8112108BD2DE9F0419846D3
S3152024EE600B6807460D46144613B9FFF7EBFF2860B7
S3152024EE70112221462868002609F076F904F1100388
S3152024EE8014F8012FA3421644FAD1731EFF2B05D959
S3152024EE903B68092238465A611B68984728683246B7
S3152024EEA04146113009F060F92B68002283F811219C
S3152024EEB0BDE8F0812DE9F0411546426980460C468D
S3152024EEC0642A1E469DF8187005D003681521C3E9C7
S3152024EED005121B689847032C07D9D8F8003020221E
S3152024EEE04046C3E905241B68984708EB8404A36D90
S3152024EEF01BB94046FFF79CFFA065A26D0023642022
S3152024EF0047F6FF7455F823107143312913DD323126
S3152024EF10B1FBF0F1A142A8BF214617B1FF29A8BF12
S3152024EF20FF2122F813100133402BEBD1002382F842
S3152024EF308030BDE8F0810121EFE7000030B585B0AF
S3152024EF4005460B461446009203910021054AFFF7F5
S3152024EF50B1FF039B044A012128460094FFF7AAFF08
S3152024EF6005B030BDDC822520DC812520002808DD63
S3152024EF70642808DC312807DC41F28833B3FBF0F01F
S3152024EF8070470120F8E76420C0F1640040007047F0
S3152024EF9010B504460846FFF7E9FF01462046BDE89A
S3152024EFA01040FFF7CBBF4269642A2DE9F04104467D
S3152024EFB00D4605D003681521C3E905121B68984719
S3152024EFC0002384F8505084F8E83084F8F030072D54
S3152024EFD000F20981DFE815F008002C0039005D00D5
S3152024EFE07800A000C600EC00626A531EE264092B56
S3152024EFF008D923681B212046C3E905120A22DA618F
S3152024F0001B6898470023E76C4FF0580C01201946BB
S3152024F0109F4201DCBDE8F081666D0CFB03F5721975
S3152024F020735101339161C2E90200C2E90411EFE769
S3152024F0300122636D84F8E820E2641A60C3E902227F
S3152024F0400022C3E904229A61E4E703230122002053
S3152024F0505221E364636D84F8F02019601861C3E9B2
S3152024F060022294F8F110472418678D1A9C654224AD
S3152024F0706942C3F8B0406941C3E91822C3E905119E
S3152024F080C3E91A00C3E92E22C3E93001C3F8C81004
S3152024F090C0E7636D012203250221002084F8E8209D
S3152024F0A0E5641A60986199651A67C3F8B050C3E974
S3152024F0B00211C3E90400C3E91822C3E91A22C3E9C9
S3152024F0C02E22C3F8C02070E0042301214D204322A0
S3152024F0D0E364636D84F8F010986559201A60002241
S3152024F0E0C3F8B0004B209A611A67C3F8C820C3F826
S3152024F0F00801C3F82021C3E90211C3E90422C3E984
S3152024F1001811C3E91A22C3E92E11C3E93022C3E90F
S3152024F1104411C3E946227DE701220425636D00219B
S3152024F12084F8F0200220E56403241A609961986506
S3152024F1301A67C3F8B040C3F8C820C3F80851C3F8E7
S3152024F1402011C3E90200C3E90411C3E91822C3E943
S3152024F1501A22C3E92E22C3E93022C3E94400C3E993
S3152024F160461157E740F20123012100207222A4F8F8
S3152024F170E8300323E364636D1A601861C3E902113E
S3152024F18094F8F1201867541AC3F8C00062426241E9
S3152024F19067249C656224C3E90522C3E91811C3E9BF
S3152024F1A01A00C3F8B040C3E92E11C3E9312231E74E
S3152024F1B040F2012302210122A4F8E8300323E36448
S3152024F1C0636DC3E9021100211A601A679961C3E9A4
S3152024F1D00411222199652321C3E91822C3E91A227D
S3152024F1E0C3F8B0106BE723680B2220465A611B68AC
S3152024F1F0BDE8F041184790F82830072B14D8DFE8CB
S3152024F20003F0040709090B0D0F110021FFF7CBBECC
S3152024F2100121FBE70321F9E70421F7E70521F5E797
S3152024F2200621F3E70721F1E703680A225A611B68BE
S3152024F230184700004269642A38B5044605D0036875
S3152024F2401521C3E905121B689847616D31B9636896
S3152024F2504FF45C7220461B68984760650823012575
S3152024F2604B2120462A46A364C4E90E55FFF790FE77
S3152024F270254B264A04F178012046FFF7EEFD244B40
S3152024F280244A04F188012046FFF7E7FD224B234A2E
S3152024F29004F17C012046FFF7E0FD214B214A04F1AD
S3152024F2A08C012046FFF7D9FD04F1980204F1A80128
S3152024F2B00023052002F8013B9142D573D077F9D15A
S3152024F2C0A26C204684F8D030082AA4F8D23084F8B8
S3152024F2D0D450D4BF00220122C4F8D83084F8D120B7
S3152024F2E04FF0011284F8DC3084F8E950A4F8EA506F
S3152024F2F0C4F8EC2084F8F130C4E93233C4E9383335
S3152024F300BDE83840FFF777BF2C852520CB812520E3
S3152024F3107E842520A981252020852520BA81252083
S3152024F320DC8325209881252038B50446D0F87C51C5
S3152024F33021B1036803225A611B689847236A2B63E9
S3152024F3400023C5E90D33D4F800315B00EB6338BDC7
S3152024F3502DE9F74381460E461D461446571E4FF087
S3152024F3600108AC4202DB03B0BDE8F08323464A46BB
S3152024F370394648460134CDE9008601F020FAF0E7E3
S3152024F3802DE9F04FD0F87C5185B004469046994615
S3152024F3900F9F05F1080A0391D8F80010494556D243
S3152024F3A03B68109A934252D26B6BA9EB0102D4F894
S3152024F3B000610398F61A00EB81012046964228BF65
S3152024F3C01646D4F888210096D2F804B05246D84757
S3152024F3D0D8F800303344C8F800302A6B6B6B33449A
S3152024F3E0961BD4F800216B632E6306BB93421EDA48
S3152024F3F0D346E26CD4F80031B24210DC6B63D4F8E5
S3152024F4008C3151463A682046009200225E680E9B33
S3152024F410B04700236B633B6801333B6009E06A6B8A
S3152024F4200136E1695BF8040BFFF792FFE1E793428B
S3152024F430E5D02B6B002BAFD13A6810998A42ABD2F8
S3152024F440666D1D46E36CAB4204DC109B3B6005B025
S3152024F450BDE8F08FF368583656F8302C39685A436D
S3152024F460D4F8083156F8340C92FBF3F256F83C3C87
S3152024F4700393109B53434A43039941430E9850F8D0
S3152024F48025000135FFF764FFDCE72DE9F04F87B02F
S3152024F49005469046D0F87C410493D0F80031DDF817
S3152024F4A0449003EB430305910393D9F80030129A31
S3152024F4B0934202D307B0BDE8F08FD8F80010049BFE
S3152024F4C0994245D2636B04F1080AE66B049AF61A2C
S3152024F4D00598521A00EB81012846964228BF1646E3
S3152024F4E0D5F88821009657685246B847226B2B6A4E
S3152024F4F09A4205D157464FF0000BEB6C5B4524DC32
S3152024F500D8F800303344C8F80030636B334463633F
S3152024F510236B9E1B2663626BE36B9A42C5D125E03F
S3152024F520EB6900213A680193012310460093CAF11E
S3152024F53000030AF1010A01F042F9D5F800315345B6
S3152024F540EEDA0BF1010B0437D7E74FF0010AF4E783
S3152024F550266B002EAED1626BE36B9A42DBDA04F182
S3152024F5600807EA6CE36BB24224DC6363D5F88C315A
S3152024F57004F10801D9F80020284600925E68A26B7F
S3152024F580109BB047D9F8003003990133C9F80030CD
S3152024F590D5F80021A36B13448B420399A8BF0023DB
S3152024F5A0A363636B8B42A4BF00236363636B1344FF
S3152024F5B0E3637AE7626B0136E96957F8040BFFF7B0
S3152024F5C0C7FECEE72DE9F04F044687B021B1036864
S3152024F5D003225A611B6898476368402201212046EA
S3152024F5E01B689847454B0546C4F87C0145F8083BDB
S3152024F5F0D4F88C311E7A002E62D0D4F800614FF0D4
S3152024F60014093F4B0121E26C4FF00C0A436020463B
S3152024F610636872430AFB06FA09FB02F21B689847C1
S3152024F620D4F85480B200074606EB4603009209FB21
S3152024F63006F24FF000090192F2000392320102925F
S3152024F640E26C914502DB07B0BDE8F08FD4F80421A3
S3152024F650D8F81C1060685143D4F8FC20D0F808B0A0
S3152024F66020464A43D8F80810059392FBF1F201214B
S3152024F670D847009B0146524603EB070B0490584675
S3152024F68008F072FD0022DDE9033101EB030C029B15
S3152024F69003EB070E059B964208DC019A09F1010922
S3152024F6A008F1580845F804BB1744C9E75CF8040B4D
S3152024F6B047F8220051F8220001324EF8040BEAE7DB
S3152024F6C0104B676D4360E36CB342BCDDFB69204677
S3152024F6D0D4F804210136B96858375343D4F8FC208A
S3152024F6E05A43636892FBF1F2D3F808800121D4F8B7
S3152024F6F00031C04745F8040BE5E700BF29F3242051
S3152024F7008BF4242081F324207047F0B59C1A002CF6
S3152024F7100EDCF0BD50F82460B5181E4415F8017C83
S3152024F72005F8017BAE42FBD101348C42F2DBF0E7B3
S3152024F7300024FAE72DE9F74FD0F88C510F46984646
S3152024F740D0F8549096000C3500244FF0580AC36CF8
S3152024F7500AFB0491A34202DC03B0BDE8F08FAC4639
S3152024F7600C9A0435DCF82830DCF800B0534357F8DB
S3152024F7702420019258F82420013402EB8303019A91
S3152024F78001903244D8470198E1E72DE9F04F044609
S3152024F7904D6A1046CA699846D4F88C3105FB02FA7C
S3152024F7A04A6887B0D4F800111344E26993F85C5070
S3152024F7B093F8666015FB06F77B1002930AFB05F384
S3152024F7C0FFF7A3FFA8F10403B2004FF0000E019324
S3152024F7D005920246D4F80011714502DC07B0BDE833
S3152024F7E0F08F019B4FF0000853F804CF0CEB0A014D
S3152024F7F001930491049B9C451BD1059BB6441A4432
S3152024F800E8E75BF8040B404443190393039B98428F
S3152024F8100BD109F10109B145F3DB029BA844194414
S3152024F820B1FBF7F10CF8011BE4E710F8013B19446E
S3152024F830ECE7002193468946EDE72DE9F0414E6A0F
S3152024F8401F46CB690546002410465E43EA69D5F84F
S3152024F85000117300FFF759FFD5F80031A34201DCCC
S3152024F860BDE8F08157F824304FF0000C50F82420BE
S3152024F87003EB060E734502F1020201D10134EBE7B4
S3152024F88012F8021C12F8018C414461448CF0010CBC
S3152024F890491003F8011BEDE72DE9F74F4E6A9846E8
S3152024F8A0CB690546104600245E43EA69D5F8001143
S3152024F8B07300FFF72AFF00F1040ED5F80031A34286
S3152024F8C002DC03B0BDE8F08F012250F824705EF8E4
S3152024F8D024C0002158F8143007EB02090CEB020A45
S3152024F8E00193B14201D10234E7E717F8113019F810
S3152024F8F011B09B441CF811305B441AF811B05B44B8
S3152024F900134482F003024FEAA30B019B03F801B0B0
S3152024F9100131E6E72DE9F04F8DB04C6A93468146B6
S3152024F9200993CB69D0F800115C43C2690231ABF14B
S3152024F93004006300FFF7E9FED9F8D8206FF04F03BF
S3152024F940534303F580430393130102930023019326
S3152024F950A31E0A93631E0B93D9F80031019A93426E
S3152024F96002DC0DB0BDE8F08F5BF8041C099B019ADC
S3152024F970043111F804EC53F81270DBF8082011F83E
S3152024F980033C92F800C00432734412F8036CDBE97A
S3152024F99000406344257804303344A67810F8048C38
S3152024F9A004342B44334410F8026C4344334414F86F
S3152024F9B0036C354410F8036C4544B846354411F895
S3152024F9C0026CB64412F8026CF444B4440CEB430C97
S3152024F9D0029B03FB0CFC039B03FB05CC0B9B0CF526
S3152024F9E0004CFB184FEA2C4C089308F801CB4746C9
S3152024F9F014F8013C023011F8026C023404930231CB
S3152024FA0010F8033C023212F8045C059311F8033CE7
S3152024FA1012F803CC1E440693049B2E4414F8055C4A
S3152024FA2010F805AC664412F805EC2E4411F8055C52
S3152024FA30079514F8045C1D4410F8043C1D44059BCA
S3152024FA401D44039B5D43089B9F421BD1049B0BF1C2
S3152024FA50080B33441E46059B56441E44DDE90623E3
S3152024FA601A44029B9644F4440CEB460603FB0655A3
S3152024FA700A9B05F500452D1408F80350019B0233F3
S3152024FA80019369E714F8023C1E4410F8023CB24460
S3152024FA90079E9A4411F8023C33449E4412F8023CB1
S3152024FAA09E44029B0EEB4A0A03FB0A5A0AF5004A95
S3152024FAB04FEA2A4A07F801AB9AE72DE9F04F87B097
S3152024FAC00646101F0493CB69496AF2694B43D6F83C
S3152024FAD000110231FFF719FED6F8D870991E4FF07F
S3152024FAE0000EC7F18002BF010591520202920246FE
S3152024FAF0D6F80011714502DC07B0BDE8F08F52F824
S3152024FB0004AF52F8041C55688B469AF8009028783E
S3152024FB101BF801CB8444487815F8011F0CEB090403
S3152024FB2009EB4C0C01445046009510F8018F049D96
S3152024FB30414455F82E80029D8C4405FB09F90AEB95
S3152024FB40030507FB0C9C03950CF5004C4FEA2C4C23
S3152024FB5008F801CBCDF8048010F801CB029DA1EB47
S3152024FB600C090CFB05FC039D4C4485420CD12144F5
S3152024FB700EF1010E07FB01CC05990CF5004C4FEA3A
S3152024FB802C4C08F801C0B3E7009D1BF8019F15F8FB
S3152024FB9001AFCA4490F800900095D144019D4C446D
S3152024FBA007FB04C404F50044241405F8014B0C4631
S3152024FBB001954946D0E773B504461D460E461046A0
S3152024FBC0E3692A460193D4F8003100930023194689
S3152024FBD000F0F5FD726AF3692846D4F800115343E0
S3152024FBE0E26902B0BDE87040FFF78FBD43687022FA
S3152024FBF001211B682DE9F14F04469847434B0546BE
S3152024FC00C4F88C010360424B43600023037294F8AA
S3152024FC10D3302BB123681A2220465A611B68984771
S3152024FC20676D05F10C06A8464FF001093949DFF81E
S3152024FC30F4B0DFF8F4A0A8EB0502E36C934210DCC1
S3152024FC40D4F8D830002B5ED0B9F1000F5BD12368CD
S3152024FC506522494620465A615B6801B0BDE8F04FCB
S3152024FC601847BA687B6AD4F804015343FA6893FB8D
S3152024FC70F0FCBB6AD4F80801534393FBF0F0D4E993
S3152024FC803F32B0629C4510D190420ED1D4F8D83060
S3152024FC9023B1214B336001232B7201E01F4B3360A8
S3152024FCA05837043608F10108C5E7B3EB4C0F12D1B7
S3152024FCB0904204D11A4B33604FF00009F0E7B2EB9F
S3152024FCC0400F08D1D4F8D83013B1C6F800A0E2E703
S3152024FCD0C6F800B0E4E793FBFCFE0CFB1E3353B9B5
S3152024FCE092FBF0F300FB132028B9316088F85CE0FE
S3152024FCF088F86630E0E72368272220465A611B6865
S3152024FD0098470449CCE701B0BDE8F08F09F72420B1
S3152024FD1035F724208BF72420BBFA2420B7FB242074
S3152024FD203BF8242099F8242015F9242000B50368CB
S3152024FD30B3B0DB686946984733B05DF804FB0029E5
S3152024FD40034610B504680BDAE26E12B1A26E022ABB
S3152024FD5002DDA26818469047E36E0133E36610BDA0
S3152024FD60A36E8B42FBDBA368BDE8104018470368CB
S3152024FD700022DA665A617047034608461A68536990
S3152024FD80002B30B587B01FDD516F99421CDB116FD4
S3152024FD9051F8231011B99361136F19680B4613F880
S3152024FDA0014BFCB9536B0593136B0493D36A0393CA
S3152024FDB0936A0293536A0193136A0093D2E9062322
S3152024FDC008F0DEF907B030BD946F002CE3D0D16F54
S3152024FDD09942E0DCD2F880509D42DCDB591A54F853
S3152024FDE02110D7E7252CDAD11B78732BDAD11832B8
S3152024FDF007B0BDE8304008F0C3B9036810B50446FF
S3152024FE009B6898472046BDE81040FFF707B80000B6
S3152024FE100A4A0B4902600B4A01677E2142600A4A3C
S3152024FE2082600A4AC2600A4A02610022C0E91A2272
S3152024FE304261C0E91D12C0E91F227047FBFD242020
S3152024FE40889725203FFD24202DFD242079FD24205C
S3152024FE506FFD242003683822C3E905211B6818472F
S3152024FE608B682DE9F04F4FEAC3188B6985B08146FC
S3152024FE700C46924603FB08F7002601F1280B22693B
S3152024FE80B24202DC05B0BDE8F08F921B6169A069FD
S3152024FE908A42636806EB0005A8BF0A46E169491B26
S3152024FEA05D1B8A42A8BF0A46AA42A8BF2A46002A20
S3152024FEB0E8DD02FB08F32268039352F82620BAF1E0
S3152024FEC0000F0AD0009359463B464846E56AA84780
S3152024FED0039B62691F441644D1E7039B594648462F
S3152024FEE0A56A00933B46F2E72DE9F84F2F4B0646A9
S3152024FEF00D4614469A42476802D90121FFF7AAFFE4
S3152024FF0014F007031CBF0834E41A012D06D93368DC
S3152024FF100F223046C3E905251B68984707EB850839
S3152024FF204FF0000AD8F83400F0B904F11009BAF1D8
S3152024FF30000F1FD11E4B53F825301E4DA5EB090566
S3152024FF409D4228BF1D4605EB090B3046594600F035
S3152024FF5013FC88B9632D4FEA550B03D8022130466A
S3152024FF60FFF778FF5D46EEE78368A34211D28246E7
S3152024FF700068D9E7104BDEE7FB6C25445B44FB6421
S3152024FF8000238560C0E90033BAF1000F0BD1C8F8ED
S3152024FF90340043681A19103342608268121B826027
S3152024FFA01844BDE8F88FCAF80000F2E7F0C99A3B56
S3152024FFB0A099252000CA9A3B9899252001292DE924
S3152024FFC0F04104460D4616461F46D0F8048005D037
S3152024FFD003680F22C3E905211B68984778222946FE
S3152024FFE02046FFF781FF0023069A036080F82060CD
S3152024FFF080F82230D8F84830C0E90127079A43628E
S31520250000C260C8F84800BDE8F08101292DE9F041F4
S3152025001004460D4616461F46D0F8048005D00368AB
S315202500200F22C3E905211B689847782229462046B1
S31520250030FFF75AFF0023069A036080F8206080F890
S315202500402230D8F84430C0E90127079A4362C26096
S31520250050C8F84400BDE8F08101292DE9F04106467E
S315202500608846456810D903680F22C3E905211B68F0
S31520250070984705EB88040022E36BE2632BBB616B73
S31520250080636389BBBDE8F081F3D16C6C002724B965
S31520250090AF6C6C646FB9AF64EBE794F8223033B15B
S315202500A0236B04F12801304684F822709847646A28
S315202500B0EDE797F8223033B13B6B07F1280130461F
S315202500C087F8224098477F6AE4E79A68194630469A
S315202500D0D3E90087174410373A4600F056FBEA6CD9
S315202500E04346D21BEA64C9E78A683046D1E90074BB
S315202500F014441034224600F042FBEA6C3946121B82
S31520250100EA64BEE710B504460121FFF7A5FF0021C5
S315202501102046FFF7A1FF20466168542200F02FFBD9
S31520250120002320466360BDE8104000F03ABB2DE948
S31520250130F743D71815464A680C469DF82880BA42B3
S3152025014004D3CA689A4201D30B6833B903681722A8
S3152025015001905A611B6898470198A369AB4203D839
S3152025016022691344BB4224D294F8223033B903683A
S31520250170472201905A611B689847019894F82130A7
S3152025018043B1012221460190FFF76AFE00230198FB
S3152025019084F82130A369002221460190AB4229BF4C
S315202501A023692B46FB1A23EAE373A361FFF758FE3F
S315202501B00198E669BE421DD2AE420CD2B8F1000F97
S315202501C01CD00368172201902E465A611B68984732
S315202501D00198E76102E0B8F1000FFAD194F82020C2
S315202501E0B2B1A2684FEAC219A269B61ABF1ABE428F
S315202501F0236805D3B8F1000F10D00CE02E46EDE785
S3152025020053F826004A460021013607F0B5FFEEE7CA
S31520250210B8F1000F0AD0012384F82130A0692D1AC0
S31520250220206800EB850003B0BDE8F083036817221C
S315202502305A611B689847F1E71A4B9A422DE9F041F6
S31520250240064688461446476802D90321FFF702FE4B
S3152025025014F007031CBF0834E41AB8F1010F06D998
S3152025026033680F223046C3E905281B68984704F1D1
S315202502701001304600F086FA054618B90421304685
S31520250280FFF7E8FDFB6C05F1100010332344FB64D2
S3152025029007EB8807FB6BC5E900340023AB60FD63BC
S315202502A0BDE8F081F0C99A3B2DE9F047D7011D46D7
S315202502B0194B80468A4646689F42B3FBF7F404D9F4
S315202502C0036848225A611B689847AC424FEA850243
S315202502D051464046A8BF2C4634650026FFF704FE26
S315202502E08146AE4202D34846BDE8F087AB1B514630
S315202502F040469C4228BF1C4604FB07F2FFF79CFF7D
S3152025030009EB8603264409EB86029342E9D043F876
S31520250310040B3844F9E700BFF0C99A3B2DE9F0478D
S315202503201D461A4B07468A469A4290464668B3FB8F
S31520250330F2F404D9036848225A611B689847AC42CF
S315202503404FEA850251463846A8BF2C4634650026F5
S31520250350FFF7CAFD8146AE4202D34846BDE8F0875F
S31520250360AB1B514638469C4228BF1C4604FB08F247
S31520250370FFF762FF09EB8603264409EB86029342A3
S31520250380E9D043F8040B4044F9E700BFF0C99A3B6E
S315202503902DE9F843D0F8048000250746D8F84430BF
S315202503A02E4603BBD8F8483043BB002E19DDD8F896
S315202503B04C302A463146384600F0EAF985422ADD70
S315202503C090FBF6F6012EB8BF0126D8F844404FF00B
S315202503D0010900250CBBD8F848504FF00109002DFE
S315202503E042D1BDE8F8831A6832B9D3E9022101FB47
S315202503F00266596801FB02555B6AD2E71A6842B93B
S315202504005A68D3E902014143424306EBC11605EB5F
S31520250410C2155B6AC8E7284ED7E72368B3B9626851
S31520250420E168531EB3FBF1F301339E4210DB2261B3
S3152025043023690121A2683846FFF770FFD8F8503086
S315202504402060E56184F82150C4E90535646AC1E751
S31520250450A36871433846216104F128015A4300F0E7
S3152025046099F984F82290E3E72B68B3B96A68E96895
S31520250470531EB3FBF1F301339E4210DB2A612B6910
S315202504800121AA683846FFF70FFFD8F85030286093
S31520250490EC6185F82140C5E905346D6A9FE7AB688F
S315202504A0714338465A43296105F12801D20100F0C6
S315202504B071F985F82290E2E700CA9A3B2DE9F04F9B
S315202504C002EB030815464A6887B00C4642459DF837
S315202504D040A004D3CA689A4201D30B6833B903686E
S315202504E0172203905A611B6898470398A369AB4244
S315202504F00CD822691344434508D3E6694645C0F0FE
S315202505008580BAF1000F00F0B080ABE094F8223058
S3152025051033B90368472203905A611B689847039885
S3152025052094F8213083B1D4F808B04FF00009A36997
S3152025053004F1280103FB0BF322694A45D4E9066712
S315202505403DDC002384F82130A2694FF00009236978
S3152025055004F12801AA42D4F808B02ABFA8EB030340
S315202505602B4623EAE373A3610BFB03F32269E66992
S315202505704A45C2DDA2EB09026769BA42A8BF3A46B7
S31520250580A7694F44F61BB242A8BF32466668F61BBA
S31520250590B242A8BF3246002AAFDD02FB0BF62268FF
S315202505A0A76A009652F829200593CDE90301B84775
S315202505B0059B626933449144DDE90301D6E7A2EB25
S315202505C0090C62696245A8BF624606EB090C666876
S315202505D0A7EB0C07BA42A8BF3A46A6EB0C07BA42A8
S315202505E0A8BF3A46002AACDD0BFB02F72268E66A4D
S315202505F0009752F829200593CDE90301B047059B9D
S3152025060062693B449144DDE9030195E7AE420DD26B
S31520250610BAF1000F21D00368172203902E465A617E
S315202506201B6898470398C4F81C8002E0BAF1000F8E
S31520250630F9D194F8202092B1A169A768761AA8EB5A
S31520250640010846452368BFF45CAF53F826003A4691
S315202506500021013607F090FDF3E72E46E9E7BAF1AA
S31520250660000F0AD0012384F82130A0692D1A20688D
S3152025067000EB850007B0BDE8F08F036817225A6185
S315202506801B689847F1E70000002337B505464360E8
S3152025069000F085F854210190284600F06DF804468F
S315202506A048B9284600F07DF82B6838222846C3E924
S315202506B005241B689847224B22482360224B6360DA
S315202506C0224BA360224BE360224B2361224B63619D
S315202506D0224BA361224BE361224B2362224B636289
S315202506E0224BA362224B2363019BE3620023A36350
S315202506F023646363E363C4E911335423E3646C60A1
S3152025070007F02EFDD0B1782301AA1A498DF803309A
S315202507100DF1030307F03CFD00280FDD9DF803307E
S3152025072003F0DF034D2B01BF019A4FF47A73534310
S3152025073001934FF47A73019A5343E36203B030BD94
S31520250740E9FE242088992520390225201D032520E8
S31520250750A90225200B002520BDFF24209103252035
S31520250760BD0425202F0125205900252005012520DA
S3152025077000CA9A3B90992520084607F005BD0846CC
S3152025078007F0F6BC084607F0FFBC084607F0F0BC84
S3152025079010467047036833225A611B681847002084
S315202507A0704770474318013B93FBF1F070474B1E6A
S315202507B0184490FBF1F301FB1301401A704770B5DD
S315202507C0049E00EB810402EB8305002E00DC70BD20
S315202507D0059A013E54F8041B55F8040B07F0C4FC72
S315202507E0F3E700002DE9F84F0446D0F8945121B1BE
S315202507F0036831225A611B68984794F8F83053B319
S31520250800D4F86021D4F8583102BBEBB93A4B0027EE
S3152025081005F1240804F58A796B60BA46D4F8103197
S31520250820BB421ADC00234FF480320B21C5E9033263
S315202508304FF0FF32C5E90712D4F8E020C5E9053384
S31520250840C5E91123BDE8F88F2C4BE0E70BB92C4BD6
S31520250850DDE72C4BDBE72C4BD9E7D4F8583159F873
S3152025086004BB0BBBD4F86031F3B9DBF814600F2E2B
S3152025087006D9236832222046C3E905261B689847D0
S3152025088005EB8606F36C33B96368402201212046A1
S315202508901B689847F06440220021F06C07F06CFC19
S315202508A0C8F800A0C8F810A0D4F85C31FBB1DBF855
S315202508B018600F2E06D9236832222046C3E905263D
S315202508C01B68984705EB8606D6F88C3043B96368AE
S315202508D04FF48072012120461B689847C6F88C0064
S315202508E04FF480720021D6F88C0007F045FC01379D
S315202508F008F1040892E700BF311225209F102520F4
S315202509003B102520F70E25204D0C25208B691A68AE
S3152025091010B50C46511C196010705A68013A5A6058
S315202509205AB9DB682046984738B9236819222046C4
S315202509305A611B68BDE81040184710BD38B5D0F858
S3152025094094410546D4E90323013B13441B0C1B0480
S315202509509A42E269C8BF03F500439340226A13F001
S31520250960784FE36049D0002A0EDBA369002B3CD1C2
S31520250970206A29460130FFF7C9FF236AFE2B03D1BA
S3152025098029460020FFF7C2FFD4E905231344A36196
S3152025099000236361E268354B1340002B64D0A3699D
S315202509A0002B59D1E0682946C0F3C740FFF7AEFF93
S315202509B0E368C3F3C743FF2B03D129460020FFF75E
S315202509C0A5FFE06810F4FF2F4ED02946C0F3C72097
S315202509D0FFF79CFFE368C3F3C723FF2B44D12946A2
S315202509E00020BDE83840FFF791BF29460020FFF7B4
S315202509F08DFFA369013BA361B8E7002A0FD1A3691F
S31520250A000133A3616369002BC4D0A369B3B12946F9
S31520250A100020FFF77BFFA369013BA361F6E7F1DB06
S31520250A20A36929461BB9206AFFF770FFEAE700204C
S31520250A30FFF76CFFA369013BA361F2E72946FF2057
S31520250A40FFF764FF29460020FFF760FF6369013B16
S31520250A506361002BF2D19DE729460020FFF756FF3B
S31520250A60A369013BA3619BE738BD00BF00F8FF07BB
S31520250A70F8B50B780646D0F8944103F07F054B4808
S31520250A80B2EBD31F50F8257020694FEA2745A0EBF6
S31520250A902740206133D0A84223F07F03A8BFE268F0
S31520250AA083EA0703A4BF8018C4E9030500270B7032
S31520250AB02369E5685B006D002361E369E560013BF9
S31520250AC0E361002B3DD1ED14FF2D2FDD236A002B6D
S31520250AD00DDBA36913BB206A31460130FFF716FFCC
S31520250AE0236AFE2B03D131460020FFF70FFFD4E9D9
S31520250AF005231344C4E90573EDB225621AE0B0F542
S31520250B00004F22DAA84223F07F03B8BFE26883EAA2
S31520250B102723BCBF8018C4E90305C7E73146002033
S31520250B20FFF7F4FEA369013BA361D3E70ED16369E1
S31520250B3001336361E368C3F31203E360E369083392
S31520250B40E3612369B3F5004FB2DBF8BD236A002B99
S31520250B500FD1A3690133A3616369002BCCD0A36987
S31520250B60B3B131460020FFF7D1FEA369013BA3612E
S31520250B70F6E7F1DBA36931461BB9206AFFF7C6FEE6
S31520250B80EAE70020FFF7C2FEA369013BA361F2E74E
S31520250B903146FF20FFF7BAFE31460020FFF7B6FE85
S31520250BA06369013B6361002BF2D1A5E7589F252078
S31520250BB02DE9F04704460E46D0F89451FFF7BEFEA0
S31520250BC02146FF20FFF7A2FE04F58A7906F1D000FB
S31520250BD04FF0000805F124062146FFF797FED4F8A5
S31520250BE0103143450DDC00234FF48032C5E905330A
S31520250BF0C5E903320B224FF0FF33C5E90723BDE8AC
S31520250C00F087D4F8583159F804AB6BB9D4F860710C
S31520250C1057B9DAF814304022394605EB8303D86CC8
S31520250C2007F0AAFA37603761D4F85C3153B1DAF880
S31520250C3018304FF48072002105EB8303D3F88C00FE
S31520250C4007F09AFA08F101080436C8E72DE9F04F8E
S31520250C50D0F8E03089B00446D0F8946107917BB16D
S31520250C60736C53B9B16CFFF7A3FFD4F8E0307364E6
S31520250C70B36C013303F00703B364736C013B7364D0
S31520250C80D4F86C31059304F59873069300230193C4
S31520250C90019AD4F82C31934203DC012009B0BDE812
S31520250CA0F08F079B019A53F822300293069B53F81F
S31520250CB0047B069304EB870306EB8707D3F81431C9
S31520250CC0796BD3F814900393029B06EB890BB3F922
S31520250CD000A07B6ADBF84C50BAEB03080D442DD1D6
S31520250CE0424629462046FFF7C3FEC7F83480D4F866
S31520250CF07081B8F1000F1ED0039B9B690393059B3A
S31520250D00029A53F8283032F91330002B40F0EE8022
S31520250D10B8F1010575D1D4F87031AB420BDD039BB3
S31520250D2005EB45050122204606EB8309D9F88C10CB
S31520250D302944FFF79DFE019B0133A8E72946012279
S31520250D402046C7F824A00493FFF792FEB8F1000F9A
S31520250D5005F10101049B35DD00222046FFF788FE9B
S31520250D6002350423B8F101087B633DD029460122AB
S31520250D7020464FF0010AFFF77BFEDBF84C50C34691
S31520250D8014355FEA6B0B26D1A1440022294620463D
S31520250D90FFF76EFE99F89830012202FA03F3BAEB93
S31520250DA0630F23DA00237B630E355FEA6A0A9ED01A
S31520250DB018EA0A0F2946204614BF01220022FFF7EA
S31520250DC057FEF2E701222046A3EB0A080335FFF753
S31520250DD04FFE0823C6E72946012220464FEA4A0A1E
S31520250DE00135FFF745FECCE7C246CDE799F8A83071
S31520250DF0012202FA03F3BAEB630FD5DD7B6B0833A9
S31520250E00D1E7A8467BE7DBF88C1005EB450A0022BF
S31520250E1020468A445146FFF72BFE0135059B029A2B
S31520250E200AF1010153F8253032F91370002F3DD0F0
S31520250E3001222046FFF71CFE002F06F1CC01204675
S31520250E40D6BF7F42002201220AF1020AFFF710FEB1
S31520250E50013F3CD0012251462046FFF709FE7B1053
S31520250E60049336D05146012220464FF00209FFF73A
S31520250E70FFFD039BDBF88C10E31893F8B830AB42C3
S31520250E80ACBFBD23D92301EB030A049B5B10049336
S31520250E9013D151460AF10E0A00222046FFF7E8FD16
S31520250EA05FEA690918D14545ADDB34E73A46204640
S31520250EB00AF1030AFFF7DCFDAFE75146012220465A
S31520250EC04FEA49090AF1010AFFF7D2FDDDE7B946BE
S31520250ED0DFE74FF00109DCE717EA090F51462046DF
S31520250EE014BF01220022FFF7C3FDD9E7039B002566
S31520250EF006EB830BD7E7D0F8E0302DE9F04F0446F3
S31520250F0085B00D46D0F894617BB1736C53B9B16C1D
S31520250F10FFF74EFED4F8E0307364B36C013303F04B
S31520250F200703B364736C013B7364D4F81431D4F886
S31520250F306CA19B69D5F800B0D4F85C91D4F86421CE
S31520250F4001935AF829303BF91330002BB8BF5B4261
S31520250F50134132D1B9F10108C146F2D1019BD4F80A
S31520250F6058512233013D06EB830302934D4526DB5B
S31520250F70D4F85C31AB420BDD019B05EB45050122FF
S31520250F80204606EB8306D6F88C102944FFF770FDFC
S31520250F90012005B0BDE8F08F5AF82830D4F8602115
S31520250FA03BF91330002BB8BF5B421341D6D108F14C
S31520250FB0FF38B8F1000FEFDCD0E7C846F9E7029BEA
S31520250FC005EB450745455B681F4404DB002239466A
S31520250FD02046FFF74DFD01355AF825303BF91320DC
S31520250FE0D4F86431002A15DB1A411FD0531006D0B8
S31520250FF002F00102B91C2046FFF73AFDB6E7012289
S3152025100020460393B918FFF733FD039B1A4606F1AD
S31520251010CC01F0E752421A4108D05308E8D10122E3
S315202510202046B918FFF724FD0122F0E7791C002276
S3152025103020460337FFF71CFDCDE7D0F8E0302DE914
S31520251040F04105460F46D0F894417BB1636C53B9E0
S31520251050A16CFFF7ADFDD5F8E0306364A36C0133B1
S3152025106003F00703A364636C013B6364CC34D5F892
S3152025107064810026D5F82C31B34202DC0120BDE857
S31520251080F08157F82630214628460136B3F9002027
S3152025109042FA08F202F00102FFF7EAFCEAE7D0F865
S315202510A0E0302DE9F04F044685B00D46D0F89471F1
S315202510B07BB17B6C53B9B96CFFF77AFDD4F8E03058
S315202510C07B64BB6C013303F00703BB647B6C013B5C
S315202510D07B642B68D4F86CA10393D4F81431D4F807
S315202510E05C919B69D4F8642100935AF82930039999
S315202510F031F91330002BB8BF5B42134102D1B9F128
S315202511000109F2D1D4F85861009B013E07EB830BE8
S315202511104E4513DBD4F85C31B3420BDD009B06EB41
S3152025112046060122204607EB8307D7F88C10314443
S31520251130FFF79EFC012005B0BDE8F08FDBF88C106B
S3152025114006EB4605002220460D442946FFF790FC4E
S315202511500136039A691C5AF8263032F91330D4F809
S315202511606421002B45DB53FA02F84CD00122204678
S31520251170FFF77EFC002207F1CC012046FFF778FCFD
S31520251180B8F1010305F1020501934BD00122294629
S315202511902046FFF76DFC019B5B10029345D029461F
S315202511A0012220464FF00208FFF762FC009BDBF860
S315202511B08C10E31893F8B830B342ACBFBD23D9239E
S315202511C0CD18029B5B10029323D129460E3500228A
S315202511D02046FFF74DFC5FEA680899D0019B2946F2
S315202511E0204613EA080F14BF01220022FFF740FCF0
S315202511F0F1E75B4253FA02F805D001222046FFF794
S3152025120037FC0122B7E7002220460335FFF730FCBD
S315202512109EE72946012220464FEA48080135FFF751
S3152025122027FCCEE7DDF80480CFE74FF00108CCE791
S315202512302DE9F04FD0F8E03085B00546D0F89481D9
S315202512400291B3B1D8F8443073B9D8F84810FFF7CE
S31520251250AFFCD5F8E030C8F84430D8F8483001330B
S3152025126003F00703C8F84830D8F84430013BC8F8BE
S31520251270443005F598734FF0000A0193D5F82C31A3
S31520251280534503DC012005B0BDE8F08F019B53F8BB
S31520251290046B019305EB860308EB8606D3F81431F8
S315202512A0716B5B690093029B53F82A30B3F9009042
S315202512B0D5F8643149FA03F9009B08EB830B736A49
S315202512C0DBF84C40B9EB03070C4408D13A462146B6
S315202512D02846FFF7CDFB77630AF1010ACEE721469B
S315202512E001222846C6F824900393FFF7C1FB002F39
S315202512F004F10101039B35DD00222846FFF7B8FBC3
S3152025130002340423013F73633ED021460122284619
S315202513104FF00109FFF7ACFBDBF84C40BB461434F4
S315202513205FEA6B0B27D1002221462846FFF7A0FB33
S31520251330009B01212B4493F8982001FA02F2B9EB60
S31520251340620F23DA002373630E345FEA6909C3D05B
S3152025135017EA090F2146284614BF01220022FFF746
S3152025136087FBF2E701222846A3EB09070334FFF77B
S315202513707FFB0823C6E72146012228464FEA49094D
S315202513800134FFF775FBCBE7B946CCE793F8A830B0
S31520251390012202FA03F3B9EB630FD5DD736B08330C
S315202513A0D1E700004368D02201211B6810B50446E9
S315202513B098470A4B00F18C01C4F89401002203605A
S315202513C0074B836000F14C0343F8042B8B42DA63E9
S315202513D0FAD1712380F8CC3010BD00BFE507252032
S315202513E03D092520D0F81021D0F88031012A05DDA8
S315202513F001225A610022C3E903227047D0F80C2125
S31520251400D0F81411013A9868904234BFCA68CA6C3C
S31520251410EFE7000070B50023D0F880510E4604462C
S31520251420AB60FFF7DFFF022E16D0032E0BD0EEB9C9
S315202514302B6C2BB12368032220465A611B689847BB
S315202514400E4B6B6070BD2B6C23B9236820465E61DD
S315202514501B6898470A4BF4E72B6C2BB92368032284
S3152025146020465A611B689847064BEAE723680322DC
S3152025147020465A611B68BDE870401847531725201A
S31520251480B3152520891425202DE9F04F00F58A7BD3
S3152025149000260446D0F880515F46B0462DED028BB6
S315202514A08FB00DF12809D4F81031B34211DC2E69FD
S315202514B005F118034FEA860808EE103A6B69B34200
S315202514C01BDCAB6820460133AB60FFF78BFF012081
S315202514D046E057F8041BAA68CB68496860685A43D2
S315202514E01031CDF80080D0F820A0204655F82110BF
S315202514F0D04749F826000136D5E7EF68D4F82431B8
S31520251500BB4250D9D4F8103107930AABCDE9033B1A
S3152025151000239A4617E00499C1464FF0000C51F84E
S31520251520042BD2E90EE20491069207FB0EF2D20194
S3152025153005922EEAEE720992069A624515DC039AE1
S31520251540013304320392079A9A42E4DCD4F8943183
S3152025155018EE101A20465B68984710BBC5E9037616
S315202515600FB0BDEC028BBDE8F08F039A0599126862
S3152025157052F809200A440AF10601089205EB810151
S3152025158000220898964500EBC21006DC099A0CF134
S31520251590010C09F104099244CEE7013241F8040BE6
S315202515A0EFE70137AAE70023013608F10408EB60A7
S315202515B084E72DE9F04FD0F880310546476D2DED8E
S315202515C0028B8FB00693D0F80C310A91013B0791F7
S315202515D00893069B4033099300230593EB6C059AC4
S315202515E0934208DC0A9928460FB0BDEC028BBDE84C
S315202515F0F04FFFF749BF099B0124069A53F8041B90
S31520251600926868680993FB6800945A43046A2846B9
S31520251610A047069B089A83469B689342FB682DD252
S315202516201E46D7F81C804FF0000AD7F80890059A51
S31520251630B8FBF9F409FB1483002B0493C4BFA9EB4B
S3152025164003030493D5F8903103EB82035B680C934F
S315202516504FEAC8130B93049BDB0108EE103AB245DB
S3152025166015DB069B089A9B6893423CD0059B5837E9
S3152025167001330593079B04330793AFE73A6AB2FBF9
S31520251680F3F603FB1626002E08BF1E46C9E70022C1
S315202516905BF82A30CDF80880394601922846BA6A61
S315202516A00D9302FB0AF20C9C0092079A1268A0471A
S315202516B0049B002B0D9B02DC0AF1010ACFE70B9A2E
S315202516C00021134418EE102A18460D9306F054FDD2
S315202516D00D9B002233F9800CD101013258520499F1
S315202516E09142F9D1E8E7049B0BEB860B434409F19C
S315202516F000781A4608F1FF38B3FBF9F34FEAC818E4
S315202517000493D20108F18003F968B142AEDD5BF876
S3152025171004AB00210C935BF8084C50460B9206F03F
S315202517202BFD44440020DDE90B230499884201D171
S315202517300136E9E7B4F900C00021494503DB9A447F
S3152025174001301C44F1E74FEAC11E01312AF80EC0AB
S31520251750F3E7D0F824312DE9F04F013BD0F880511D
S315202517600646D5F810802DED028B8FB00793D0F83D
S315202517700C310C91013B09936B69434507DCAB681A
S3152025178030460133AB60FFF72DFE012044E005F1FD
S315202517901803D5F80CA008EE103A079B9A4500F2B7
S315202517A09D8006F58A73089300239946059323E0A1
S315202517B0089B4FF0000B53F8044B62680893D6F824
S315202517C0903103EB82035B680A93079B9A4534BFC6
S315202517D0A36BA36C0493636C03FB0AF30B93A36A95
S315202517E003FB08F30693049B05330D93E36B5B45B7
S315202517F017DC059B01330593D6F81031059A9342BC
S31520251800D6DCD6F8943118EE101A30465B68984700
S31520251810002860D1C5E903A80FB0BDEC028BBDE831
S31520251820F08FAA6805EB890309991F469B698A4289
S3152025183004D30BEB0802E16C914235DD0499304641
S31520251840626802910B990A9F0191069900910C993C
S3152025185051F822202146B847A26B049B9A4208DCE0
S31520251860A36B0BF1010B069A9944A36A1A44069297
S31520251870BCE7049B0021D21A4B440633D20155F8E6
S31520251880230006F079FC0D9BA16B4B44049A05EBAE
S3152025189083039142E4DD18680132B0F900C053F87C
S315202518A0040FA0F800C0F4E7A26B18460021D20148
S315202518B006F062FC09F10603A06B002205EB8303E3
S315202518C09042CDDD7969013253F804CBB1F9001068
S315202518D0ACF80010F4E70AF1010A5EE7002308F1C7
S315202518E00108EB6048E700002DE9FF4143680F46D4
S315202518F0682201211B68044698471F4B0546C4F8D4
S315202519008001064645F8403B27B3666D0027E36CE4
S31520251910BB4202DC04B0BDE8F08163680137B168BB
S31520251920583656F83C0CD3F81480FEF740FF56F867
S315202519304C1C039056F8380CFEF739FF56F84C2CDC
S31520251940039B0121CDE9000200222046C04745F808
S31520251950040BDCE763684FF4A062012120465B680F
S31520251960984706F1180343F8040BAB4200F1800093
S31520251970F9D100233364CDE7151425202DE9F84325
S3152025198043684FF40052D0F8884101211B6844F65C
S315202519908B49984749F24668A060021F002300F626
S315202519A0FC7041F62F5EDFF86CC0164F164E174D8C
S315202519B0174C09FB03F142F8041F08FB03F1C2F873
S315202519C000140EFB03F101F50041C2F800180CFBAB
S315202519D003F1C2F8001C07FB03F140F8041F06EBB0
S315202519E0C331C0F8001405FB03F1C0F8001804FB29
S315202519F003F10133B3F5807FC0F8001CD9D1BDE8AA
S31520251A00F88300BF32ABFFFFFF7F8000D194FFFF15
S31520251A102FEBFFFFCED4FFFF2DE9F74FD0F88841D6
S31520251A200D1FC069C1EB830BA46801900C9B013B5C
S31520251A300C9302D503B0BDE8F08F043513682868CA
S31520251A4005EB0B015E58536853F801C0936853F88C
S31520251A5001E00021019B03309942E7D010F8029C32
S31520251A6010F801AC10F8038C09F5807954F82A3042
S31520251A7004EB8A0A54F8297008F5007804EB8909BD
S31520251A803B4454F8287004EB88083B441B147354B4
S31520251A90DAF8007C0AF5A05AD9F8003C09F5A059B0
S31520251AA03B44D8F8007C08F5A0583B441B140CF879
S31520251AB00130D9F80070DAF800303B44D8F80070A8
S31520251AC03B441B140EF801300131C3E72DE9F041C3
S31520251AD0D0F888410F1F069DC1EB8303A668D0F851
S31520251AE01CE0013D01D5BDE8F08157F8041F10689B
S31520251AF03844C4580EEB0408444501F10301F0D0BF
S31520251B0011F8020C11F801CC00F5807056F82CC07E
S31520251B1056F82000604411F803CC0CF5007C56F8C5
S31520251B202CC06044001404F8010BE5E72DE9F74F96
S31520251B30D0F888410D1FC069C1EB830CA46800909D
S31520251B400C9B013B0C9302D503B0BDE8F08F0435E1
S31520251B501368286805EB0C0153F801B053685E58C5
S31520251B6093685B580193D36853F801E000230099C5
S31520251B7004308B42E4D010F8039C10F804AC10F8FE
S31520251B80028CC9F5FF7910F8011CCAF1FF0A09F163
S31520251B900109C8F53F780EF8031008F1030854F813
S31520251BA0297054F82A1004EB890904EB8A0A39444A
S31520251BB054F8287004EB8808394409140BF80310C7
S31520251BC0DAF8007C0AF5A05AD9F8001C09F5A0599F
S31520251BD03944D8F8007C08F5A05839440914F1541D
S31520251BE0D9F80070DAF800103944D8F8007039444D
S31520251BF0019F0914F9540133B9E72DE9F047089FC8
S31520251C000E1FD0F81CC0C1EB8301013F01D5BDE8CD
S31520251C10F08704361368701853F800E0536853F894
S31520251C200080936853F8009000233068634500F1BF
S31520251C300300EAD010F8034C10F8015C10F802AC2A
S31520251C40803C803DA4EB0A04A5EB0A050EF803503B
S31520251C5008F803A009F803400133E7E7F0B5059C0A
S31520251C60C1EB8303466AC769081F013C00D5F0BD31
S31520251C7050F8045F11680144C95807EB010C6145EA
S31520251C80F3D095F800E0354401F801EBF7E72DE987
S31520251C90F041069E0D1FC769C1EB8303013E01D581
S31520251CA0BDE8F081043510682C68E91850F801C084
S31520251CB0506850F801E0906841580020B84204F158
S31520251CC00304EBD014F8018C0CF8008014F8028C50
S31520251CD00EF8008014F8038C01F800800130EDE71A
S31520251CE02DE9F043079EC1EB8303C76CD0F81CE092
S31520251CF0013E18D401EB030C00200AE052F82050AF
S31520251D000C6855F80C5004440EEB0508A84504D15B
S31520251D100130B842F2DB0431EAE794F800903C44DE
S31520251D2005F8019BF2E7BDE8F083704743680C224E
S31520251D3001211B6870B5044698476C4B0546C4F8A7
S31520251D408801036094F82820636A013A062A12D866
S31520251D50DFE802F0040D0D0F0F0D0D00012B0CD021
S31520251D6023680A2220465A611B68984705E0032BDB
S31520251D70F5E7042BF3E7002BF2DD94F8F1305BB180
S31520251D8094F8503003F0FB03022B05D023681C2240
S31520251D9020465A611B68984794F850305A1E062AC1
S31520251DA000F29480DFE802F0041F3F727F1F4F0068
S31520251DB0E36C012B05D023680B2220465A611B682C
S31520251DC0984794F82830013B062B20D8DFE803F0E6
S31520251DD00407041F1F1F0400454B6B6070BD454B30
S31520251DE02B60454BF9E7E36C032B05D023680B22A3
S31520251DF020465A611B68984794F8282094F8503035
S31520251E009A4204D194F8F1304BB1012B09D023689D
S31520251E101C2220465A611B68BDE870401847374B5F
S31520251E20DBE7374BD9E7E36C032B05D023680B2259
S31520251E3020465A611B68984794F82830022B19D0DA
S31520251E40032BE4D120E0E36C032B05D023680B225A
S31520251E5020465A611B68984794F82830032B0DD0C5
S31520251E60072B11D0022BD2D1636D012283F88C202A
S31520251E7083F8E4201F4B2B60224BAEE7636D0122AE
S31520251E8083F88C2083F8E4201F4BA6E7E36C042BEC
S31520251E9005D023680B2220465A611B68984794F85B
S31520251EA02830042BCDE7E36C042B05D023680B22A1
S31520251EB020465A611B68984794F82830042B01D070
S31520251EC0052BBEE70B4B2B60104B86E794F8282075
S31520251ED09A4203D1E26C636A9A42D5D023681C22A2
S31520251EE020465A611B689847CEE700BF2B1D252023
S31520251EF05D1C25207D192520CD1A25208F1C2520E2
S31520251F00FB1B2520191A2520E11C25202D1B2520E4
S31520251F102DE9F04F0C46C1B098464968D0F8903146
S31520251F2000264A9F03EB8103DDF82C91D4F854A093
S31520251F3002EB8707D3F82CB04C9B9E4202D141B0A9
S31520251F40BDE8F08F4A4639466846D847AAF10403A4
S31520251F50694608EBC6120AF1FC0E51F8040B53F814
S31520251F60045F00284FEA650C0FDAACEB0000A84287
S31520251F70ACBF90FBF5F500256D42734522F8025B33
S31520251F80EBD1636A01369944D6E760448542D4BFAE
S31520251F9090FBF5F50025F0E72DE9F04FD0F89001D7
S31520251FA00C4649689846D4F85490002500EB8100C4
S31520251FB009F5807B466D2DED028BC1B09FED168AE6
S31520251FC04C9FDDF834A102EB87074E9B9D4204D119
S31520251FD041B0BDEC028BBDE8F08F524639466846A6
S31520251FE0B047EC464A4608EBC511F0EE486AF2ECB6
S31520251FF0017ABCEC017A9345E7EE276AFDEEE67A6F
S3152025200017EE900AA0F5804021F8020BEDD1626AE1
S3152025201001359244D9E700BF000180462DE9F84FC6
S31520252020D0F8904100250646476D0434A846F36C22
S31520252030434501DCBDE8F88FD7E9091240F20E7039
S3152025204002EB0123834200F0F9805ADC40F204405A
S31520252050834200F0D3802FDCB3F5017F00F0F68094
S315202520601ADC40F20120834200F0E4800EDC40F2A7
S315202520700110834200F08F80B3F5817F00F0E88040
S3152025208033680720DA61C3E90501F7E040F202202B
S315202520908342F5D1A54B7FE040F20630834200F0FE
S315202520A0D38040F20240834200F0C28040F20330C2
S315202520B08342E5D19E4B6FE040F20360834200F0D8
S315202520C0B5800EDC40F20550834200F0998040F21F
S315202520D00A50834200F0B680B3F5816FD0D1954B57
S315202520E05AE040F20C60834200F0AA8040F2077045
S315202520F0834200F0878040F206608342C0D18E4B12
S315202521004AE040F60640834200F08E8021DC40F6E8
S315202521100910834278D00EDC40F60800834200F071
S315202521209980B3F5016F00F0878040F6040083423D
S31520252130A6D1824B30E040F60A20834266D040F66F
S315202521400B30834264D040F60520834298D17C4BC0
S3152025215022E040F60E6083425ED00DDC40F60D501F
S31520252160834257D040F6076083425BD040F60C4029
S31520252170834285D1734B0FE041F2080083424FD02D
S3152025218041F21000834249D040F60F7083427FF4F6
S3152025219077AF6D4B00E06D4B0025A3623A69032A84
S315202521A002F1160A02D856F82A3033B93368362171
S315202521B03046C3E905121B689847012D56F82A3063
S315202521C0796D5FD0022D7CD0002297F834C033F864
S315202521D01200BCF1000F14BF4FF0040C4FF0030C76
S315202521E000FA0CF041F822000132402AEDD1584B55
S315202521F0236008F101085837043418E7554BCBE7F7
S31520252200554BC9E7554BC7E7554BC5E7554BC3E74F
S31520252210554BC1E7554BBFE7554BBDE7554BBBE75F
S31520252220554BB9E7554BB7E7554BB5E7554BB3E76F
S31520252230554BB1E7554BAFE7554BADE7554BABE77F
S31520252240554BA9E7554BA7E7554BA5E7554BA3E78F
S31520252250554BA1E796F8DC30012B06D0022B06D06C
S315202522604BB9524A1D46A26298E7514AFAE7514B85
S315202522700225236592E7336831225A611B68304649
S3152025228098478BE7DFF834C1002297F834E033F8F6
S315202522901200BEF1000F3CF902AB14BF4FF4007EAD
S315202522A04FF4806E0AFB00E014BF4FF00A0E4FF064
S315202522B00B0E40FA0EF041F822000132402AE4D1D5
S315202522C095E797F83420B3EE006BDFF8F4E0B2EE0D
S315202522D0007BB7EE003B002A03F11003F3464FF0AF
S315202522E0000207FE066BA3F1100001EB820AF446D5
S315202522F0BBEC024B30F8029B07EE109A8342B8EED0
S31520252300477BBCEC025B27EE047B27EE057B27EE7D
S31520252310067B83EE075BB7EEC55BAAEC015AE9D1AE
S3152025232008321033402ADED1234B61E73D41252053
S3152025233075402520B17D2520993C2520A16D252078
S315202523407D6B2520894B25200D5825208541252047
S31520252350111F2520853F25202D3E2520613A252024
S31520252360A34125204D442520614725202D4F252075
S31520252370D5532520A55C2520E1612520C16525206D
S3152025238005692520596F252089702520417125200D
S315202523906D71252075752520D57825206D7B2520E1
S315202523A0617F2520918025203181252009382520EA
S315202523B07136252049342520991F2520D89E25206C
S315202523C0989E252043687C2201211B6870B50446EA
S315202523D0002598470A4B666DC4F890010360E36C87
S315202523E0AB4200DC70BD63684FF480720121204624
S315202523F01B6801359847583646F8040CEFE700BF89
S315202524001D20252038B50446006A8569EB6898473E
S3152025241020B12B68012023606B68636038BD38B5F1
S315202524200446806F8569EB68984728B9A06F1922DD
S3152025243003685A611B6898472B6823676B6863670F
S3152025244038BD2DE9F04104460D4616462AB9006ABF
S31520252450292203685A611B6898470123E2680027C9
S31520252460B3401644013B03EA0501C6F11805A368C6
S3152025247001FA05F51D43072E03DC0120C4E9025682
S3152025248022E022682B14C5F30748511C21601370BE
S315202524906368013B63608BB1B8F1FF0F0BD12368CD
S315202524A05A1C22601F706368013B63601BB9204656
S315202524B0FFF7A8FF38B12D02083EDCE72046FFF7B7
S315202524C0A1FF0028E8D10020BDE8F081D0F8E02042
S315202524D02DE9F04F044687B08946D0F8946162B13C
S315202524E0736A3BB9D0F8100106F114011D469842AE
S315202524F00FDC7262736A013B736204F5987A4FF09A
S315202525000008D4F82C31434507DC012007B0BDE867
S31520252510F08F013341F8045BE9E75AF8043B4FF085
S31520252520000B04EB830206EB8303D2F814015969C9
S315202525300093436959F8282006EB83030192DA6C28
S31520252540836906EB8303DF6DD4F870310293D4F8C3
S315202525506C310393019BB3F900305D1A48BFCD1A20
S315202525600DBBBBF10B0F07DD2368204604920622FF
S315202525705A611B689847049A52F82B30013342F842
S315202525802B304FF0010B029B5B4510DA15B13B68CA
S3152025259001333B6059F8283008F10108009AB3F930
S315202525A000305361ADE70BF1010B6D10D8E7039B86
S315202525B0019A53F82B3032F9131061BB01350BF1F3
S315202525C0010BE0E7D7F8C033103A0133C7F8C033FB
S315202525D00F2AF7DC2A096FF00F0303FB025281EA43
S315202525E0E1750123A5EBE175ADB26D1015D10A2B49
S315202525F009DD21682046CDE9043206234B61096889
S315202526008847DDE9043203EB021257F822300133DD
S3152025261047F82230D3E72A46DAE70133E5E7032AC6
S315202526202DE9F04F0446ADF20C5D884615461F462A
S3152025263005D903683422C3E905251B689847B8F1CF
S31520252640000F3DD005F11E0354F8236036B92368C3
S3152025265034222046C3E905251B6898473B683BB9A4
S3152025266063684FF4A062012120461B68984738608D
S31520252670D7F8009001250027092216F805A0BB4684
S315202526805744B7F5807F05DD236820465A611B68A8
S31520252690984709220DEB0B03BAF1010A13D201350E
S315202526A0112DEAD1002341AA01210DF807309B4699
S315202526B09DF800A01DF80B500DB358461B1A08E0AF
S315202526C005F12203C0E703F8015BE5E742F8205030
S315202526D001301DF800C01D188346D445F6D001FAD1
S315202526E00AF3AB4207DC23680920586120461B687C
S315202526F09847012141AA6B000AF1010ADAE74FF42E
S315202527008072294609F58060113605F035FDB8F128
S31520252710000F4FF0090241A914BF4FF00F0B4FF0C0
S31520252720FF0BAF4203D10DF20C5DBDE8F08F16F8F5
S31520252730018BC34509EB080A02DB9AF8003433B12D
S31520252740236820465A611B68984741A9092251F8D2
S31520252750253049F828301DF8053001358AF800340A
S31520252760DFE700002DE9F84F564A0F1E564B044643
S3152025277018BF1346D0F89451AB6090F8F830002B4B
S3152025278038D085F86C70D0F86021D0F85831A867F4
S31520252790F2B9DBB94D4B6B60D4F814319B69EB67E5
S315202527A00023C5E9203304F58A794FF0000805F181
S315202527B0140BD4F81031434522DC0023D4F8E0202D
S315202527C0C5E90333C5E90923BDE8F88F404BE2E780
S315202527D00BB9404BDFE7404B6B60D5F88830002B93
S315202527E0DAD143684FF47A7201211B689847C5F8D8
S315202527F08800D1E717B1394B6B60D4E7384BFBE717
S31520252800D4F8583159F804AB23BBD4F860310BBB27
S31520252810DAF81460002F41D0032E06D923683422F6
S315202528202046C3E905261B68984705EB8606F36CE3
S315202528303BB9636840F20442012120461B6898472C
S31520252840F06440F204420021F06C05F095FC00234B
S315202528504BF82830D4F85C31EBB1DAF818603FB361
S31520252860032E06D9236834222046C3E905261B686C
S31520252870984705EB8606F36D3BB9636840F204421B
S31520252880012120461B689847F06540F20442002125
S31520252890F06D05F071FC08F101088AE706F10B03B6
S315202528A032460121204605EB8303FFF7B8FECEE706
S315202528B006F10F0332463946204605EB8303FFF7FB
S315202528C0AEFEE8E79B2E252071332520132C2520C7
S315202528D0772D2520FD2C2520672F2520CD24252045
S315202528E00D3125202DE9F04FADF6340D80460F46C6
S315202528F0164601AD0AAC21220021284605F03CFCCE
S3152025290040F204420021204605F036FC0DF22C42E9
S3152025291000234FF0FF3C104640F20111013342F8C7
S3152025292004CB8B42FAD10123DFF8509140F2011CCA
S315202529304FF0000EC6F80034494600234FF0FF3AE3
S3152025294056F823201AB18A42DCBF11469A4601330E
S315202529506345F5D1494900224FF0FF3356F822B079
S31520252960BBF1000F05D08B4503DC92451CBF59468C
S31520252970134601326245F1D1002B24DB56F82A2055
S3152025298056F823100A4446F82A2054F82A2046F8D1
S3152025299023E0013244F82A2050F82A1000290BDAA0
S315202529A040F82A3054F82320013244F8232050F8C1
S315202529B02330002BF6DABFE754F821208A46013248
S315202529C044F82120E8E7A14616464FF0280A59F86B
S315202529D0043B6BB1202B06DDD8F800304046C3F8E2
S315202529E014A01B68984759F8042CAB5C0133AB54CB
S315202529F0013EECD109AB1E2111E00A46AE5C002E24
S31520252A0037D00238561C187013F8010C013003F8FC
S31520252A10010CA85D0230A855A85C0138A854187861
S31520252A200028EAD10139013B0E29F8D11023EA5C89
S31520252A300AB3013A29463846EA54112205F094FB71
S31520252A40012200212046002350F8045B954202BF2F
S31520252A507D1801316B740133B3F5807FF4D10132B2
S31520252A60212AEFD1002387F811310DF6340DBDE843
S31520252A70F08F013AC2E7013BD9E700BF00CA9A3B4E
S31520252A802DE9F04104460D4616462AB9806F29229E
S31520252A9003685A611B68984794F86C7087B9012397
S31520252AA02269B3401644013B03EA0501C6F1180500
S31520252AB0E36801FA05F51D43072E03DCC4E9035611
S31520252AC0BDE8F081226F2B14C5F30748511C2167D9
S31520252AD01370636F013B636713B92046FFF79FFC8D
S31520252AE0B8F1FF0F0AD1236F5A1C22671F70636F17
S31520252AF0013B636713B92046FFF791FC2D02083E5B
S31520252B00DAE710B4144690F86C2000EB810142B127
S31520252B10CA6D52F82430013342F824305DF8044B2F
S31520252B207047CB6B1A1953F824105DF8044B92F88D
S31520252B300024FFF7A5BFD0F8803070B50446FBB139
S31520252B4000255B101DD10E2D05DDA06F29220368DA
S31520252B505A611B6898472A01E16F2046FFF7D1FF66
S31520252B602DB12A46D4F880102046FFF789FF002369
S31520252B70C4F8803094F86C302BB10023C4F8843007
S31520252B8070BD0135DDE7D4E92135EE18B542F4D0FF
S31520252B90012215F8011B2046FFF772FFF6E770B5CF
S31520252BA004460D46FFF7C7FF94F86C60F6B9072251
S31520252BB07F212046FFF764FF236F5A1C2267FF22B9
S31520252BC0C4E903661A70636F013B636713B9204610
S31520252BD0FFF725FC236F303D5A1C22671D70636F36
S31520252BE0013B636713B92046FFF719FCA26FD2F87C
S31520252BF0583153B9D2F81021143419469A4200DC9B
S31520252C0070BD013344F8041BF8E70023C4E92033BB
S31520252C10F6E72DE9F84F83690546D0F8944188468D
S31520252C201A685B6822676367D0F8E0302BB1636A40
S31520252C301BB9A16A2046FFF7B2FF05F598794FF013
S31520252C40000BD5F82C215A4515DCAB69226F1A6065
S31520252C50626F5A60D5F8E03053B1626A2AB9636249
S31520252C60A36A013303F00703A362636A013B636208
S31520252C700120BDE8F88F59F8042B0026D5F86401E4
S31520252C8005EB820104EB8202D1F814114F6958F81D
S31520252C902B10B1F900100141506951610A1A4ABF1A
S31520252CA002F1FF3A9246421ADAB90B2E05DD2A6839
S31520252CB00623284653611268904794F86C2004EB26
S31520252CC087078AB1F96C51F82620013241F826204A
S31520252CD026B1324651462046FFF7D2FE0BF1010B8F
S31520252CE0AFE701365210DFE7F96A20468A1951F8EF
S31520252CF0261092F80024FFF7C3FEE9E783692DE91C
S31520252D00F0411A680546D0F894410F465B6822673C
S31520252D106367D0F8E0302BB1636A1BB9A16A2046D8
S31520252D20FFF73DFFD5F864810026D5F82C31B3422F
S31520252D3015DCAB69226F1A60626F5A60D5F8E030D0
S31520252D4053B1626A2AB96362A36A013303F0070382
S31520252D50A362636A013B63620120BDE8F08157F8CF
S31520252D602630012220460136B3F9001041FA08F112
S31520252D70FFF786FED9E783692DE9F04F1A6885B0D6
S31520252D80D0F8944106465B680D4622676367D0F8DE
S31520252D90E0302BB1636A1BB9A16A2046FFF7FFFEF7
S31520252DA0D6F85C310027D6F864910193D6F86CB114
S31520252DB02B68D6F858810293019B984523DD5FB170
S31520252DC0D4F8803047F6FF7201339342C4F8803019
S31520252DD002D12046FFF7AFFEB369226F1A60626FD4
S31520252DE05A60D6F8E03053B1626A2AB96362A36A7B
S31520252DF0013303F00703A362636A013B6362012063
S31520252E0005B0BDE8F08F5BF82830029A32F91350C9
S31520252E10002D04D17D1C08F101082F46CCE7B5BF2E
S31520252E206D4245FA09F545FA09F5AA46B8BF6FEA6E
S31520252E30050A002DEED0D4F8803013B12046FFF7B1
S31520252E407AFE3B460F2B1DDC3A096FF00F0303FB59
S31520252E50027201276D101ED10A2F07DD33683046F1
S31520252E60039206225A611B689847039A07EB02129A
S31520252E70E16F2046FFF745FE3A4651462046FFF7A5
S31520252E80FFFDC8E7F022E16F20460393FFF739FEC1
S31520252E90039B103BD6E70137DCE72DE9F04F90F869
S31520252EA0F83085B00446D0F8947113B13846FFF72B
S31520252EB042FE0422002102A804F58A7800264FF036
S31520252EC0010905F059F90422002103A805F054F932
S31520252ED0D4F81031B34202DC05B0BDE8F08FD4F822
S31520252EE0583158F804ABEBB9D4F86031D3B904ABD3
S31520252EF0DAF8145003EB050B1BF8083C93B904EBC1
S31520252F0085039A6F2AB920460193FBF79BFF019BE0
S31520252F10986707EB8505996F2046EA6CFFF7E2FC53
S31520252F200BF8089CD4F85C31DBB104ABDAF81850E1
S31520252F3003EB050A1AF8043C9BB904EB850BDBF851
S31520252F40883023B92046FBF77DFFCBF8880007EB91
S31520252F508505DBF888102046EA6DFFF7C3FC0AF8BD
S31520252F60049C0136B4E783692DE9F04F1A68C5B06C
S31520252F70D0F894B106465B680C46CBF87020CBF882
S31520252F807430D0F8E0303BB1DBF8243023B9DBF8B8
S31520252F9028105846FFF703FED6F85C314FF0000976
S31520252FA0D6F858810193D6F8641142462368D6F877
S31520252FB06CA10293019B9A423EDD0024DBE9213553
S31520252FC027461D44019B984548DD54EA070314D01E
S31520252FD0DBF88420DBF88030144447F6FF72013372
S31520252FE0CBF884409342CBF8803003D040F2A933E6
S31520252FF09C4202D95846FFF79EFDB369DBF870201F
S315202530001A60DBF874205A60D6F8E03083B1DBF8F5
S31520253010242042B9CBF82430DBF82830013303F0BD
S315202530200703CBF82830DBF82430013BCBF82430B6
S31520253030012045B0BDE8F08F5AF82230029830F9A4
S31520253040133004A8002BB8BF5B429BB20B41012B42
S3152025305008BF914640F822300132ABE704AB53F83E
S315202530602830C3B9013708F10108ABE75846039341
S31520253070FFF761FDF022DBF87C105846FFF741FD6E
S315202530809BF86C20103F039B12B92C44AC420DD1E2
S31520253090DBF8885000240F2F01DDC845E6DD012BFE
S315202530A00DDD03F001032B550134DCE7012215F84C
S315202530B0011B58460393FFF7E3FC039BE6E7584697
S315202530C0FFF739FDDBF87C103A0158460132FFF728
S315202530D018FD5AF82830029A584632F9131001223B
S315202530E0C943C90FFFF7CCFC9BF86C3013B92C4488
S315202530F0AC4204D10024DBF888502746B3E70122C9
S3152025310015F8011B5846FFF7BBFCF1E72DE9F04FD3
S31520253110836993B0D0F8945106461A680BAC5B6840
S3152025312005F10C07059109920A930FCF0FC497E84D
S315202531300300D6F8E030119684E8030033BB06F564
S3152025314098734FF000090493D6F82C314B4556DC5D
S31520253150B3690BAF099A05F10C041A600A9A5A60CD
S315202531600FCF0FC497E80300D6F8E03084E8030094
S3152025317053B16A6A2AB96B62AB6A013303F0070336
S31520253180AB626B6A013B6B6201200AE06F6A002FF6
S31520253190D5D107227F2109A8AC6AFFF752F918B99C
S315202531A0002013B0BDE8F08F099B5A1C0992FF22F7
S315202531B0CDE90B771A700A9B013B0A93CBB1099B64
S315202531C0303C5A1C09921C700A9B013B0A9323B951
S315202531D009A8FFF717F90028E2D0119B0DAAD3F8E5
S315202531E01011002318468B42A9DA013342F8040B25
S315202531F0F9E709A8FFF706F90028E0D1D0E7049BCF
S315202532004FF0000A11981A4652F8043B0193019B68
S31520253210049212AA06EB8303D3F81411059B53F8BF
S3152025322029300293019B02EB830353F8142C4B6917
S3152025323005EB8303D3F82CB08B6905EB8303D3F8F1
S315202532403C80D0F870310693D0F86C310793029BD9
S31520253250B3F900309C1A4ABF04F1FF372746D41A02
S3152025326054BBBAF10B0F04DD036806225A611B688D
S3152025327098470BEB0A035BF82A1009A893F8002434
S31520253280FFF7DFF800288BD0BAF1000F18D14FF0C1
S31520253290010A069B53451BDA002C5FD112AA019BF6
S315202532A002EB8303059A52F8292009F10109B2F97F
S315202532B0002043F8142C47E70AF1010A6410CFE7CA
S315202532C05246394609A8FFF7BCF80028DFD167E71B
S315202532D0079B029A53F82A3032F913707FB9671C57
S315202532E00AF1010A3C46D4E798F8F02409A8D8F82B
S315202532F0C013FFF7A6F800283FF452AF103C0F2C39
S31520253300F2DC002F4FF0010BBBBF07F1FF337F42C5
S31520253310039703937F101ED1BBF10A0F05DD119864
S31520253320062302685361126890470BEB041409A8FB
S3152025333008EB040258F8241092F80024FFF781F8A8
S3152025334000283FF42DAF5A46039909A8FFF779F8A7
S315202533500028C5D124E70BF1010BDBE798F80024DB
S3152025336009A8D8F80010FFF76CF8002896D117E79A
S315202533702DE9F04183698AB090F8F8800546D0F882
S315202533809441D3E90023B8F1000F14D02046C4E98F
S315202533901C23FFF7D0FB07227F212046FFF770FB52
S315202533A00023226FC4E90333AB691A60626F5A6022
S315202533B00AB0BDE8F08104F10C0703AE0C34CDE943
S315202533C001230FCF0FC697E803000722099586E824
S315202533D003007F2101A8FFF734F890B92B6819221D
S315202533E028465A611B689847AB6903AD019A1A602E
S315202533F0029A5A600FCD0FC495E8030084E803008E
S31520253400D6E7CDE90388EFE743688C2201211B689F
S3152025341010B5044698470B4A0346C4F8940100F193
S315202534203C0143F82C2B00221A6143F8042B8B42AE
S31520253430DA62DA61F8D194F8F8300BB1C0F8882031
S3152025344010BD00BF652725209FED842ADFED840A40
S31520253450DFED841AB0EE424A9FED831AF0EE602AFC
S31520253460F0EE613A9FED810AB0EE413AF0B500F1D2
S315202534702005A1F1040E00F590762C462DED028B24
S315202534805EF8043F20349F189B5C97F807C003EB12
S315202534900C01A3EB0C0397F806C007EE901AB8EE9D
S315202534A0E75A07EE903A7B78B8EEE76A03EB0C01EC
S315202534B0A3EB0C0397F805C006EE903ABB7804EEED
S315202534C0901A03EB0C01A3EB0C03F8EEE44A05EE68
S315202534D0903AFB783F7908EE101AF8EEE66AD91964
S315202534E0B8EEC88ADB1BF8EEE55A07EE901AF8EEF9
S315202534F0E77A75EE278A75EE677A34EE885A38EE9E
S31520253500857A78EEC58A34EEC85A37EE407A44ED68
S315202535100C8A35EE275A04ED107AB0EE677AE5EE59
S31520253520427AA5EE027A44ED0A7A04ED0E7A07EE62
S31520253530103AB8EEC77A37EE257A76EEA55A76EE84
S31520253540266A67EE207A37EE665A26EE817AF0EEDF
S31520253550466AE5EE217AA5EE217AE5EE826AA5EE82
S31520253560C26A77EE865A36EE676A77EE267A36EE81
S31520253570C77A44ED0B5A04ED0D6A44ED0F7A04ED16
S31520253580097AA6427FF47CAFD0ED006A0430D0EDCF
S31520253590377A90ED2F7A36EEE72A90ED0F6A76EE7A
S315202535A0A75AD0ED077AD0ED176A37EE875A77EEE8
S315202535B0C77A90ED277A76EE071A36EE476A90ED8A
S315202535C01F7A36EE871A76EEC76A35EE217A75EE9C
S315202535D0814A35EE615A75EEC15A34EE871A74EE54
S315202535E0C74A35EE255AB0EE657A00ED011A76EEF4
S315202535F0266AC0ED1F4AE5EE445AA5EE047A37EE33
S31520253600866A72EE277AC0ED2F5A76EEE75A80ED36
S315202536100F7A67EE837A26EEA27AF0EE426AE5EEF7
S31520253620A37AA5EEA37AE6EE446AF0EE425AE6EEB2
S31520253630045A37EE266A36EEC77A80ED276A80ED5C
S31520253640177A37EEA57A75EEE77A80ED077AC0EDFB
S31520253650377AA84298D1BDEC028BF0BDF304353FCD
S31520253660D48B0A3F15EFC33E753DA73F0000804406
S315202536702DE9F04F00F1200385B004391C4601932E
S3152025368000F590730292039351F8043F2034029A51
S315202536909E189F5CF379727807EB0308FF1AB37996
S315202536A096F802C0D518D31A727996F804900CEBA1
S315202536B0020AACEB020CF27805EB0A0BA5EB0A0500
S315202536C002EB09060093B523A2EB090208EB060EA9
S315202536D0A8EB0606624435440EEB0B08AEEB0B0E23
S315202536E05D43009B44F830ECA8F5806806EB252E33
S315202536F0A6EB2526FD18622344F8408C44F8286C31
S31520253700561B44F838EC5E438B235A434FF4A77354
S315202537105D431212009B2D1202EB2622634405EBF4
S315202537202625B526734307EB2326A7EB2327D3196F
S31520253730BF1A44F82C3CAB19751B44F8347C44F845
S315202537403C3C039B44F8245CA3429DD14FF0620A5E
S315202537504FF08B094FF4A77B02680430D0F8DC3074
S31520253760C46902EB0308D31AD0F8BC20C56BA1186F
S31520253770A21AD0F89C40D0F87CC005EB040E2D1B50
S31520253780C46D644408EB0406A8EB040401EB0E087B
S31520253790A1EB0E0106EB08072144A6EB080640F807
S315202537A0047CB527C667794304EB2126A4EB21247F
S315202537B0C16DC663A1EB0C0CC0F8BC409C182A44ED
S315202537C0AC447A43ACEB040609FB0CF10BFB04F461
S315202537D00AFB06F60912241201EB262104EB2626DE
S315202537E003EB2224A3EB2223CA185B1AC3653319BC
S315202537F0A61BC0F89C20C361019BC0F8DC609842BB
S31520253800AAD105B0BDE8F08F2DE9F04F00F12003B0
S3152025381087B0984603930B1F0492029300F5907365
S315202538200593029B08F12008049953F8042F029347
S31520253830049B545CD3189A79597893F8079093F872
S3152025384002E08D1893F803C004EB090B0092A4EB34
S3152025385009045A791B790EEB020AAEEB02020CEB10
S3152025386003060193009B04EB020E0BEB0607ABEB3D
S315202538700606C91A05EB0A0B019BA5EB0A05ACEB37
S31520253880030307EB0B0CA7EB0B0706EB050AACF599
S31520253890806CBF004FEA8C0C48F8307C41F25117DA
S315202538A048F840CC07FB0AFA41F67E070AF5806AD6
S315202538B007FB06A6654FF61248F8386C644E06FBBC
S315202538C005A5CE18ED120EEB060C48F8285C42F21B
S315202538D0A15505FB0CFC0CF5806507FB0E5E5D4F9F
S315202538E007FB065CE5185C4E5C4F75438E180EEB80
S315202538F005097E4343F20B07B64407FB04940CEBDC
S31520253900060744F2B316AC44E41240F68E1506FBA0
S3152025391002EE48F83C4C46F2542405FB03CC4FEAEC
S31520253920EE2604FB0171059B4FEAEC2548F82C6C05
S31520253930C91248F8245C48F8341C43457FF471AFF6
S31520253940D0F8E0900430D0F85CC050F8044CC36F12
S31520253950D0F8BC8004EB0906D0F83CE00CEB030B31
S31520253960C169ACEB0303D0F89C2006EB0B0701EBD2
S315202539700805A6EB0B060EEB020A0237A4EB090473
S31520253980A1EB080105EB0A0BA5EB0A05AEEB020216
S3152025399007EB0B0CA7EB0B0706EB050A04EB020E30
S315202539A0BF104FEAAC0CC76741F2511740F804CC3B
S315202539B007FB0AFA41F67E070AF5804A07FB06A683
S315202539C0224FF613C663224E06FB05A5CE18ED1308
S315202539D00EEB060CC0F8BC5042F2A15505FB0CFC9B
S315202539E00CF5804507FB0E5E1A4F07FB065CE5188E
S315202539F0194E1A4F75438E180EEB05097E4343F251
S31520253A000B070CEB0608B64407FB049444F2B316C1
S31520253A10AC4440F68E15E41306FB02EE05FB03C3E4
S31520253A20C46146F25424DB1304FB01814FEAEE36AA
S31520253A30C0F8DC30C913039BC0F89C60C165984249
S31520253A407FF47EAF07B0BDE8F08F00BF84F3FFFF7C
S31520253A50DFC4FFFF3BC1FFFF33E3FFFFFDADFFFFC4
S31520253A602DE9F74F04468946904600214FF480726A
S31520253A70A9F1040904F080FB04F5807304F1200CD8
S31520253A80009359F8043F0CF1200C03EB080713F893
S31520253A9008A0BE793B79B8780AEB06027979AAEB94
S31520253AA006067D7800EB030EC01AFF7805EB010B81
S31520253AB002EB0E036D1AA2EB0E0A0BEB0301A3EB09
S31520253AC08703ABEB0E0EA2EB0B023944ABEB470774
S31520253AD0A1F5607189004CF8401C4FF435614B43A4
S31520253AE041F6765101FB0AFA40F6122101FB0EFE1C
S31520253AF003EB0A01A3EB0A03714401F58061C91280
S31520253B004CF8381C41F637414A436FF4B5511344D6
S31520253B10964440F2735203F5806301FB07E771193A
S31520253B20DB1207F580674CF8283C41F6EF53FF1248
S31520253B305943731B0544064453434CF8307CCA1A13
S31520253B400B4452494D4341F2A3312B444E4303F5B1
S31520253B5080633244DB1202F580624CF8343C43F60E
S31520253B60DE33D21203FB0066009B4CF83C2C2E44F8
S31520253B7006F58066F6124CF82C6C634581D104F146
S31520253B801C0342F6CC1B40F6C76A42F27A6901939A
S31520253B90D4F800E00434E36FD4F8BC00E26BD4F803
S31520253BA01CC00EEB0007D618D4F89C10E56DD21A4A
S31520253BB00CEB0108ACEB010107EB060CAEEB000084
S31520253BC0A7EB060EA8EB060608EB0C03A7EB0807C2
S31520253BD009FB0EFE2B440BFB03F303F58043DB1376
S31520253BE044F8043CACEB8503A8EB45050AFB03F317
S31520253BF0009340F627535E43009B03EB0E0C42F2BF
S31520253C00DA435F43B444224B3E440CF5804C03FBF8
S31520253C100565009B4FEAEC3CA3EB0E0305F5804595
S31520253C20C4F83CC03B44ED1303F58043E56742F2D7
S31520253C301975DB13C4F8BC30431805FB03F6431A64
S31520253C4040F21E75114410446B43F51A3344114E28
S31520253C50714341F6A516704344F631660B44054457
S31520253C6006FB020003F58043014405F58045DB1359
S31520253C7001F58041ED13E365C913019BE561C4F880
S31520253C809C109C4284D103B0BDE8F08FE1D3FFFF81
S31520253C9072E2FFFF60C6FFFF2DE9F74F0D469046DE
S31520253CA000214FF48072044604F066FA2B1F04F196
S31520253CB02007009304F1E0030193009B42F2317122
S31520253CC0203753F8042F009302EB080312F8080037
S31520253CD093F801A093F8029093F805B093F804C0C1
S31520253CE0DB7800EB0B060AEB0C02A0EB0B0009EBAD
S31520253CF0030EA9EB0303AAEB0C0C06EB0E05A6EB8C
S31520253D000E0600EB030A02EB05094E43A5EB4202FC
S31520253D1041F2A161A9F5407906F580664A434FEA25
S31520253D20890902F58062F61247F8409CD21247F897
S31520253D30386C47F8302C40F6B63202FB0AFA00EBEF
S31520253D400C02A0EB0C000AF5806A9200C01AA3EBA0
S31520253D500C0302EBEA229B00800047F83C2C03EB60
S31520253D60EA2347F8340C47F82C3C019BBB42A4D1C7
S31520253D7004F1180843F6E40544F2AD5B42F63A0A07
S31520253D8041F2D349D4F880000434E269D4F89CE082
S31520253D9054F8043C1618D4F85CC0E26B03EB0E01EC
S31520253DA0A3EB0E0302EB0C07CA190092E269101A3F
S31520253DB0E26BA2EB0C0CCA19C91B06EB020EA2EB71
S31520253DC046020BFB01F10AFB02F201F5804105FBB8
S31520253DD00EFE02F58042C9130EF5804ED213E163FD
S31520253DE01918E26703EB0C021B1AACEB000009FB42
S31520253DF002F24FEAEE3EA3EB0C0305FB01216B43B2
S31520253E0005FB002201F5804103F5804344F804ECA7
S31520253E1002F58042C913DB13D213E161E365C4F8A9
S31520253E209C204445AED103B0BDE8F08F2DE9F74F50
S31520253E3004460D46904600214FF4807204F1200653
S31520253E4004F09AF941F64C1B04F1C003291F4FF4BF
S31520253E50356A019351F8043F203603EB080213F8FF
S31520253E6008E092F801C01579D0780EEB05039278F3
S31520253E700CEB0009ACEB0000AEEB050503EB0907BF
S31520253E80A3EB090302EB070CA7EB82070BFB03F336
S31520253E900AFB07F7ACF5207CDA19DB1B4FEACC0C9D
S31520253EA003F5007302F5007246F840CC05EB000CAD
S31520253EB09B12921246F8303C41F69A2346F8382C26
S31520253EC003FB0CFC41F2710303FB05C52B4B03FBBE
S31520253ED000C005F50075019B00F50070AD12801216
S31520253EE046F83C5C46F8340CB342B3D104F11407AA
S31520253EF042F6F60B42F2620A40F67B6942F20C281C
S31520253F0041F20B5EDFF878C025680434E16FE2695B
S31520253F10E06D6B18691AE56D1618521BE56B981915
S31520253F209B1B05440AFB03F30BFB05F505F580458D
S31520253F30ED1344F8045CE56BA0EB850009FB00F046
S31520253F401D181B1A03F5804305F58045DB13ED1354
S31520253F50E3678B18E56308FB03F30EFB01310CFBA6
S31520253F60023201F5804102F58042C913D213E1615F
S31520253F70E265BC42C8D103B0BDE8F08F5CBAFFFF2D
S31520253F80DCA6FFFF2DE9F84F04460E4617460021ED
S31520253F904FF4807204F1200504F0EEF841F2511811
S31520253FA0311F04F1A00241F67E0EDFF8C4C051F878
S31520253FB0040F2035C31910F807B093F80190D87847
S31520253FC09B780BEB0006ABEB000009EB030AA9EB6C
S31520253FD0030306EB0A09A6EB0A063601A9F500799D
S31520253FE045F8386CC6184FEA091908FB06F645F830
S31520253FF0409C06F580760EFB00600CFB0363401281
S315202540005B1245F83C0C45F8343CAA42CFD104F145
S31520254010100041F2511741F67E06154DD4F8008041
S315202540200434E26DD4F81CC0E36B08EB0201A8EB3F
S3152025403002020CEB030E0231ACEB030301EB0E0C53
S31520254040A1EB0E0189104FEAAC0CE163D11844F897
S3152025405004CC794301F5804106FB021205FB0313A7
S31520254060D213DB13E261E3658442D7D1BDE8F88F0D
S31520254070DFC4FFFF2DE9F84304460E4615460021E9
S315202540804FF4807242F2317704F076F8311F04F12D
S31520254090200204F1800641F2A16C51F8043F20321A
S315202540A003EB05085B5D98F802E098F8019003EB91
S315202540B00E00A3EB0E0300EB0908A0EB49007B437A
S315202540C00CFB00F0A8F5C07803F5807300F5807009
S315202540D04FEA08185B12401242F8408C42F83C3CC5
S315202540E042F8380C9642D8D104F10C0143F6E40661
S315202540F042F63A0544F2AD5023680434D4F83CC040
S31520254100D4F81CE003EB0C02A3EB0C0302EB0E0701
S31520254110A2EB4E02434377436A4303F5804307F5D3
S31520254120804702F58042DB13FF13D213E36144F85F
S31520254130047CE2638C42DFD1BDE8F88370B50E4658
S31520254140154600214FF48072044604F015F833688D
S3152025415059195A5D4B78D018D31A72685119525D60
S3152025416049785518521A4119401BA1F500710001AD
S3152025417009012062216099189B1A09011B0161609A
S31520254180636270BD70B50E46154600214FF48072C8
S31520254190044603F0F1FF33685B5D803B9B0123607A
S315202541A070BD2DE9F04F4FF0000C8FB08346CDE939
S315202541B00421059B049A53F82C300CF1010C9D18EB
S315202541C09B5CBCF1080F2A7A95F8079095F8028012
S315202541D06F7995F801A0AC7995F803E00AEB0906E5
S315202541E02D7908EB040102921A440395AAEB090AB4
S315202541F0029DA8EB040401920EEB0702A3EB05030F
S31520254200019DAEEB070E05EB0109039D914406EBB7
S31520254210050841F2A16509EB0807A7F590674FEA3E
S3152025422047070760A9EB480705FB07F742F68725C9
S3152025423007F500674FEA27378761019FA7EB010717
S31520254240A1EB020105FB07F7039DA6EB450641F2E7
S31520254250A16505FB06F642F2AB2505FB0171314426
S3152025426001F500614FEA213181600199A2EB010216
S3152025427040F2DC7101FB027242F23171A2EB060299
S3152025428001FB0AFA02F500624FEA22320261A3EB0C
S315202542900402A2EB0E0201FB02F241F6175102F5AA
S315202542A000624FEA2232C26003EB04027344A4EB78
S315202542B00E0401FB02F240F67A7101FB03F30AEBA9
S315202542C00201A2EB0A021944A3EB0A0A01F50061B1
S315202542D04FEA2131416042F6914101FB04F4A2EBDC
S315202542E00402544402F5006204F500644FEA2232A2
S315202542F04FEA24344261C46104D0BCF1090F03D0AE
S31520254300203056E706A854E70BF11C03ABF104022F
S3152025431042F2C23A43F6EF5E049306AB0293029924
S3152025432052F804BF51F8043BD2F8E05002910BEB2A
S31520254330030C116AABEB0303D2F84090D2F8C040A8
S315202543402944166A09EB0400D2F8A070D2F86080B9
S31520254350751B01910CEB000B08EB0701D2F8806049
S315202543600395A9EB0404019D8B44A8EB070805EBCF
S31520254370060943F291260BEB0907774344F2333698
S3152025438007F58047FF131760ABEB490743F2C8694A
S315202543900AFB07F707F58047FF13C2F8C070ACEB79
S315202543A00007401AA1EB0C017743D2F88060A5EBD4
S315202543B0460609FB00700AFB06F6304400F58040C8
S315202543C0C013106440F66B4000FB017142F6F8508D
S315202543D0891B01F58041C913C2F88010191BA1EB51
S315202543E008010EFB01F101F58041C91311660399D8
S315202543F00EFB01F519194344A4EB0804414341F664
S31520254400760043436818491B18445D1B049B00F519
S31520254410804093424FEAE030106244F26D6000FB03
S3152025442004F4A1EB04012C4401F5804104F58044D4
S315202544304FEAE1314FEAE434C2F8A010C2F8E04051
S315202544407FF46DAF0FB0BDE8F08F00002DE9F04F5A
S315202544504FF0000C99B086460090CDE90621079BA2
S31520254460069A53F82C300CF1010C06999A18BCF1B2
S31520254470080F5B5C92F80990117A03EB090B0193DF
S31520254480537802911944907816790491D179D77861
S3152025449000EB010503915179947906EB010AA6EBE8
S315202544A0010107EB0408A7EB04040BEB0A02ABEB8F
S315202544B00A0BA54E0592049A02EB080AA2EB0808D8
S315202544C0019AA2EB0909029AA3EB0203039AA0EB10
S315202544D00200059A02EB0A07A2EB45022F44AAEB16
S315202544E0450506FB05F542F29D46A7F5A06706FB81
S315202544F0025241F69A254FEA470702F50062CEF881
S3152025450000704FEA2232CEF810200BEB080205FB6D
S3152025451002F241F2710505FB0B2B0BF500654FEADF
S315202545202535CEF80850894D05FB0822A3EB04082E
S3152025453002F500624FEA2232CEF8182009EB010255
S31520254540A2EB080542444FEA0838A5EB00054FEAB9
S315202545504505CEF8145042F6530505FB03F642F6DB
S31520254560B345234405FB096641F28C4506EB4036C7
S3152025457005FB046640F21475754C05FB0165A9EB10
S31520254580010104FB03F341F66F6905F5006509FB77
S31520254590013140F6E3134FEA253503FB0282CEF897
S315202545A00450A2EB403001EB0003A1EB000103F5FB
S315202545B0006301F500614FEA23334FEA2131CEF816
S315202545C00C30CEF81C1005D0BCF10A0F05D00EF103
S315202545D0200E44E70DF1200E41E7009A42F6F60E0D
S315202545E0009B1C32043B029208AA0092009A53F89B
S315202545F0046FD2F8209052F8048B196C06EB090B20
S31520254600D3F8E000A6EB09061C6A00920F181A6A51
S31520254610D3F8C0504244196EA4EB08081C6C01EB54
S31520254620050AD3F880C0D3F8A010A146D3F8E040D8
S3152025463001916144A9EB04091C6E0BEB0100ABEB40
S315202546400101651B02EB0A0B019CA2EB0A02ACEBCE
S31520254650040C00EB0B04A0EB470001EB020A3C44BB
S31520254660ABEB47070EFB04F404F58044E4131C60EA
S31520254670384C674342F6DD6404FB0070A8EB05073A
S3152025468000F58040C013C3F8800042F20C2000FBC1
S315202546900AFA41F20B5000FB01A101F58041C9130D
S315202546A019642D4901FB02A202F58042D213C3F8D3
S315202546B0C02006EB0C02D11B3A44A1EB09010EFBC7
S315202546C009F90EFB01F101F58041C913C3F8A010A4
S315202546D043F29D3101FB08F043F63711A84401FB2F
S315202546E0060041F64C21A6EB0C06484401FB0500A5
S315202546F04FF4116101FB0C0142F2F56C01F5804165
S31520254700C9131962154901FB08F841F27B410CFBB7
S31520254710068640F6A84C4F430CFB0272A2EB0909EC
S3152025472006EB0902A6EB090602F5804206F5804628
S31520254730D213F6131A66029AC3F8E0609A427FF4DA
S3152025474055AF19B0BDE8F08F04F2FFFF5CBAFFFF25
S3152025475031EDFFFF1AEEFFFFDCA6FFFFEDE7FFFF9A
S315202547602DE9F04F0023A1B0834604900093CDE98F
S315202547700621009A079B53F82230069A99189B5CA6
S3152025478091F80AA091F8098003EB0A0902934B7840
S3152025479091F808C091F802E003934344CF7801931A
S315202547A00EEB0C03CE79AEEB0C0E059340F2716C15
S315202547B0029BB8190D79A3EB0A0A039B8C79A3EBE7
S315202547C00808BB1B2A19497902932B1BA9EB4106FD
S315202547D00393019B09EB0304059B1C44A3EB41038F
S315202547E004441444A2EB41020C449D18A4F5B0645C
S315202547F00CFB05F542F66C3C6400CBF80040A0EB9B
S31520254800410437190CFB0755019F381A41F6A35742
S3152025481007FB00FC019FC948A9EB070942F212674D
S3152025482007FB09F905EB0C0700FB0474A0F6ED3010
S315202548304D4400FB02440198A0EB41010CEB0900F5
S3152025484004F5006408EB0E0CC1EB41212413014429
S31520254850BB48CBF8084000FB031141F2CD2000FBD5
S31520254860021242F62A1042F2342102F50062121370
S31520254870CBF81020B34A02FB0655B34A02FB035553
S315202548800AEB080341F6770205F5006558430AEB3E
S315202548900E032D135943CBF81850029B4418AB4DC4
S315202548A053445A43AA4B03FB0CFC029B144408EBA6
S315202548B00307A84B05FB0A4A039C5F43029B0EEB85
S315202548C003064FF44C630CEB070903FB04A45E4354
S315202548D042F6D80304F5006403FB0899039B2413A9
S315202548E0B444374442F6C716CBF804401C469A4BA7
S315202548F003FB0499994B484403FB0ECC029B00F5F8
S31520254900006006FB0377964E0013009B06FB047773
S31520254910CBF80C0042F6CB40BE18013300FB04CC65
S3152025492006F50066082B614400934FEA263601F5E5
S315202549300061CBF81C604FEA2131CBF8141004D046
S315202549400B2B05D00BF1200B13E70DF1200B10E7D0
S31520254950049A049B1C32043B059208AA039253F819
S3152025496004BF039A1D6AD2F840A0D2F820901A6A6D
S315202549700BEB0A0CD3F860E0ABEB0A0A4A44A5EB0D
S3152025498009091D6C0092039AD3F8807052F8048B7E
S31520254990D3F8C060A5EB080BD3F8E050D3F8E01088
S315202549A0AEEB050503921A6C0EEB01040195BD1B92
S315202549B0B9194244029542F2DA17009D4FF4DA6876
S315202549C0D3F8A0000CEB0506ACEB40051644A2EB6C
S315202549D04002049526440E44A1EB400106447E431D
S315202549E0571806F5804608FB07F742F6EF58F613C3
S315202549F01E60A4EB400605EB060E009D08FB0E77F0
S31520254A002C1B41F65A7E42F646080EFB04FEACEBDD
S31520254A100504544D08FB04F407EB0E0805FB068612
S31520254A20A5F69D45A644274405FB0166009D42F62D
S31520254A308C3409EB0B08A5EB40004FF4077506F5DA
S31520254A40804605FB00E0484DF61305FB020041F2A2
S31520254A50E3351E6405FB0101444E01F58041C9134A
S31520254A60C3F8801004990846414901FB007741493E
S31520254A7042F22E4001FB02770AEB090241F6E211AA
S31520254A8054430AEB0B0207F580475043019AFF133F
S31520254A9052442518C3F8C0705143374A02FB08F8FB
S31520254AA0019A0D4409EB020E344A06FB0A5A06F6EC
S31520254AB0AD6602FB0EFE019A029D0BEB020C40F61B
S31520254AC07D5202FB05A502FB0CFC08EB0E0205F523
S31520254AD08045E044E644ED1342F6324C1D6242F60B
S31520254AE0353505FB0929029A1546254A02FB0599DE
S31520254AF0244A4C4402FB0B88019A04F580440CFB7E
S31520254B0002EE059AE41306FB05EE9A421C6642F64A
S31520254B106374714404FB058801F5804140444FEABE
S31520254B20E13100F58040C3F8E0104FEAE030C3F8C4
S31520254B30A0007FF414AF21B0BDE8F08F6ADFFFFF18
S31520254B4094D4FFFF25CCFFFFC3E6FFFFF6C8FFFF62
S31520254B5089E7FFFF35D3FFFFCCDDFFFF5AC0FFFFD7
S31520254B60D6D6FFFF87DDFFFF11D2FFFFC7C5FFFF83
S31520254B7025C9FFFF4DE5FFFF1EE6FFFF9DD0FFFF61
S31520254B80D2DBFFFFABBCFFFF2DE9F04F8046AFB050
S31520254B9000250290CDE90C210D9B0C9953F8253043
S31520254BA001350C9A082D1A445B5C0193D37A92F829
S31520254BB00A9003930399019B92F803C003EB010BFB
S31520254BC0537892F809E004934B44177A08939378FF
S31520254BD0D67903EB0E0105930CEB07031079ACEB85
S31520254BE0070741F67E0C099300EB06045379A0EBC3
S31520254BF006009279069303EB020A0792039A0BEB9A
S31520254C000A03ABEB0A0B0A93089BA3EB04030B932E
S31520254C10099B01EB030AA1EB0301019BA3EB0203ED
S31520254C200193049BA3EB0909059BA3EB0E0E09EB28
S31520254C300006DDE90623A2EB0303089A14440A9A03
S31520254C4014440B9A5444A4F5C064C8F80040ABEB31
S31520254C5002040A9A8B44A4EB0104A2EB0A02C8F8A3
S31520254C60184042F2317404FB02F202F580524FEAD3
S31520254C706232C8F810200B9AA2EB010142F6B63211
S31520254C8002FB0B1141F2511242F2E73B02FB06F6DB
S31520254C909B4A01F5805102FB0060019A4FEA61315A
S31520254CA00CFB096972440EEB070CC8F808100BFBA0
S31520254CB002FB019A934902EB070A41F68D3201FB45
S31520254CC00CFC019902FB0AFA0E468F490BEB0A04C6
S31520254CD04C44ACEB090901FB06444FF4BD6101FBAD
S31520254CE0034142F6CF1401F580514FEA6131C8F8C8
S31520254CF00410A6EB0701854E04FB01010EEB0304E8
S31520254D00ACEB000041F23A7C06FB04110CFB079C18
S31520254D1001F580514FEA6131C8F80C107C4901FB19
S31520254D200E0002FB03007B4A02FB03CC58440CEB06
S31520254D300A0300F5805003F580534FEA60304FEA89
S31520254D406333C8F81400C8F81C3004D00C2D05D0C0
S31520254D5008F1200820E70DF138081DE7029A029B65
S31520254D601C32043B03920EAA019253F804AF019AF2
S31520254D700198116E056A186C0AEB0106AAEB01014A
S31520254D80D2F840C000EB050B0198029150F8049B00
S31520254D90196A1A6A01906244186EA1EB0C0C196CDB
S31520254DA000EB0907D3F8E0404D1BD3F88000196E98
S31520254DB00BEB070E00EB0408D3F8C040A1EB09093D
S31520254DC0D3F8A000D3F88010ABEB070720448A46FA
S31520254DD0D3F8E0103418361AAAEB010AA2EB0800FC
S31520254DE0D3F8A010424441F6EA788B462244D3F8DC
S31520254DF0C010A4EB0E047244ABEB010B41F67241B5
S31520254E004A4302F5005292131A60321AC01BD21B4E
S31520254E10374441F2C5564A4302F500529213C3F848
S31520254E20C02042F2D622544342F2DB6257430CEB92
S31520254E300A0204F5005401FB00703749A41300F536
S31520254E400050C3F880408013029C186440F6657094
S31520254E505043324A06FB0C0C05EB090602FB0A00D9
S31520254E60029A4E43A1F645312A4442F22A5A08FB94
S31520254E7002F8029A02EB090E41F67D0202FB0EFE8E
S31520254E8008EB0E076744A6EB0C0C01FB04774FF4C1
S31520254E90A86404FB0B7404F50054A4131C62029920
S31520254EA01F4CA1EB09010AFB010105EB0B0A04FBAB
S31520254EB00A11A6EB000A41F2A54601F5005106FB8B
S31520254EC009CC89131966174901FB05A502FB0B5544
S31520254ED0154A02FB0BC64544039A764405F500552B
S31520254EE09A4206F500564FEAA5354FEAA636C3F867
S31520254EF0A050C3F8E0607FF438AF2FB0BDE8F08F1F
S31520254F00DFC4FFFF18FAFFFF6AEDFFFFAFEEFFFFB5
S31520254F1023B5FFFF19DCFFFFC0FAFFFF71CBFFFF8B
S31520254F209BF0FFFF74BDFFFF16E0FFFF2DE9F04F35
S31520254F300023B5B0834609900193CDE90A210B9B21
S31520254F40019A0A9953F822200A9BD318525C93F882
S31520254F500CA093F8019093F80B800292524493F873
S31520254F6002E093F80AC0049209EB08025879A9EBC6
S31520254F700808D979AEEB0C09DF785E7A44180592B4
S31520254F800EEB0C020894411A0692BA19029C079236
S31520254F901A7AA4EB0A0ABC1B1D7903920294AA1835
S31520254FA0039C03919B79A5EB040E42F2E015A2EB17
S31520254FB04307DDE904100144069801440798014476
S31520254FC00898114401441944A1F5D061CBF8001065
S31520254FD00499A1EB430C0599A1EB43040699A1EB72
S31520254FE0430607996543A1EB43000899A1EB4303A3
S31520254FF042F6F13101FB0C5541F20C0101FB06511C
S31520255000554D664440F2193C05FB0011534D384455
S3152025501005FB0711A5F65D6505FB0311069D2344B2
S3152025502041F6026401F580514913CBF808100499FD
S31520255030491B079DAA1A4A4D6A4342F2F94505FBA3
S3152025504001220599089D4D1B464901FB0522464906
S3152025505048430CFB060640F6957C03980CFB036615
S315202550600AEB0803704408EB090C9119951B42F2AB
S315202550703E5201F5805105F5805549136D13CBF820
S31520255080101042F65021CBF8185040F6D525594315
S315202550900AEB0903454303985A43029B534404FBD1
S315202550A00353AEEB0005314800FB0CF004FB050C41
S315202550B0029841F6CB2508EB00062D484643029853
S315202550C009EB00072B4847438818C4182A4800FBB4
S315202550D00A4A40F6332444F6530004FB0EA404F56D
S315202550E080546413CBF804400CEB0604BC443E44A0
S315202550F005FB0848214D44F2946705FB0E850D4492
S315202551001F4901FB09CC039905F5805500FB01CCE8
S315202551106D136244CBF80C5002F580525213CBF80E
S315202551201420029A07FB02666FF45F5707FB016678
S31520255130F718019B07F5805701337F13082B019319
S31520255140CBF81C7004D00D2B1CD00BF1200BF6E6CA
S315202551500DF1300BF3E600BF8CFAFFFF4BE6FFFF80
S315202551600EF2FFFFE0F5FFFF02E2FFFF2BF5FFFF23
S31520255170C2DAFFFFF8EAFFFF5BBFFFFF11B5FFFF8E
S31520255180B1CDFFFF099B0DF1300C099A043B1C324A
S31520255190099253F804BFDCF86090196ADCF880A0E0
S315202551A0A1EB0901DCF840800BEB0A02DCF820E0B4
S315202551B00191ABEB0A0A196C0592A1EB08011A6A33
S315202551C05CF8047B02914A44196E0692A1EB0E01E6
S315202551D01A6CD3F8A060D3F8E05042440391D3F853
S315202551E0801070190792A1EB070B711B1A6E41F6D9
S315202551F03D0604917244DDE9051508924D19079956
S31520255200D3F880200D440899D419D3F8C0200D440D
S315202552100599A4EB42082544A1EB420906990544A4
S31520255220A1EB42071544754305F50055AD131D60C1
S3152025523041F6A8150799A1EB420E0899A1EB42063E
S3152025524005FB07F142F24815A0EB420205FB0911A1
S3152025525040F6284505FB0E155449CE4440F25929DA
S3152025526001FB0655A1F65771464401FB0855A1F6C3
S31520255270E12101FB025505993A4441F2BB6705F523
S315202552800055AD131D64079D4D1B0899091B484CD8
S31520255290614341F6014404FB0511069C201A454C21
S315202552A004FB0011444842F20C04464341F635409E
S315202552B009FB0E6E40F6CD3909FB02EE019A01EB6C
S315202552C00E05A1EB0E01524401F5005105F50055B9
S315202552D05443029A89135244AD13C3F8C010049936
S315202552E05043C3F88050039A0BEB010540F6340151
S315202552F05244694307FB02120499ABEB0105DDE90C
S31520255300011601EB06082D4901FB08F107FB0518B7
S31520255310039D019940F2BA7701EB050E284901FB39
S315202553200EFE3146274E2944274D08EB0E096943A3
S315202553302518154488448E4443F2755106FB0A5A8E
S31520255340019D07FB0BA707F50057BF131F6241F2E7
S315202553504B4707FB05996FF46357029D07FB0B9770
S3152025536027441A4C04FB0588049C43F2C76507F598
S31520255370005705FB0488BF1340441F6600F50050DF
S315202553808013C3F8A000039801FB00EE104901FB0A
S3152025539004EE724402F500529213C3F8E020099ACE
S315202553A09A427FF4F6AE35B0BDE8F08FDEFBFFFFDF
S315202553B070F5FFFF55F8FFFF48E9FFFFCCF7FFFF04
S315202553C0CBE3FFFF0ACFFFFF12F0FFFFE6D9FFFF52
S315202553D0C5D5FFFF2DE9F04F0023C1B084460590A2
S315202553E00193CDE90E21019A0F9B0E9953F8223070
S315202553F00E9A9A185B5C0293537B92F80BE00393E3
S31520255400577A5679DDE9023103EB010B537804935C
S31520255410137B06930699049B03EB0109937807933F
S3152025542073440C93D3780893937A0993DDE908314D
S3152025543058181379D9190A930D91157A9479D37910
S3152025544006EB0508761B04EB030A0B930C9B0BEB4B
S315202554500A01ABEB0A0B1A460D9B09EB080AA9EBA9
S31520255460080902EB030813460D9A01EB0A05AAEB58
S31520255470400A9B1A4544A1EB40010C930544A8EB11
S31520255480400042F26238A5F5E065DDE90232CCF826
S3152025549000509B1A069A0293049B9B1A0393079BFB
S315202554A0A3EB0E0EDDE908329B1A0B9AA21A40F6BB
S315202554B01224049304FB0AFA42F6C6040A9B04FB2B
S315202554C001A1C24C40F6BD0ADB1B04FB00110C983A
S315202554D0049DF41A01F580514913CCF810100BEBD5
S315202554E0090108FB01F841F2A3310AFB0B8B01FBCD
S315202554F000B101F580514913CCF80810B44901FBB8
S315202555000989B44901FB009909F580514913CCF83D
S315202555101810039901EB0E000299091A2944091B33
S31520255520891ACCF81C1042F6F8414C436FF4A26137
S31520255530A4EB453441F6140501FB0040029901EB05
S315202555400E049918694342F2526505FB0411A24CB3
S31520255550B51A471804FB0E7E42F2D73707FB03E31D
S3152025556003F580535B13CCF81430DDE902341C197E
S3152025557040F6F2635D4342F6B72303FB0454039BAF
S3152025558020441D46954B0C4403FB0500944B03FBF9
S315202555900600049B04EB4334029B00F580501444FB
S315202555A01A44904B401303FB0244019BCCF80C0074
S315202555B0013304F58054082B4FEA64340193CCF843
S315202555C0044004D00E2B05D00CF1200C0BE70DF151
S315202555D0400C08E7059B0DF14009059A043B1C3232
S315202555E0069253F8042FD9F880C00192D9F8A02025
S315202555F0D9F860000292D9F84050D3F88040DDE9E9
S31520255600012102EB010B1A6A624403921A6C1118C6
S315202556101A6E5619D9F8202059F8047B04EB020E68
S31520255620D3F8A04004EB0708D3F8C040A246D3F808
S31520255630E040A2440BEB0A040494ABEB0A04059440
S31520255640039C04EB080AA4EB080801EB0E04A1EB46
S315202556500E010394019CA646029CAEEB040E1C6A01
S31520255660A4EB0C0401941C6C201A1C6E651BD3F824
S315202556708040A21AD3F8A040A4EB070BD3F8C0404C
S31520255680D3F8E070A4EB070C049C04EB0A07039CD3
S31520255690AAEB460A274441F2E64437446743049C4D
S315202556A007F50057A4EB4604BF131F6040F2946705
S315202556B007FB0AFA41F6A12707FB04A4039F40F21C
S315202556C0B55AA7EB4606484F07FB0644059E41F2E9
S315202556D0E64704F50054A413C3F8804006EB0804D6
S315202556E041F21B766643059C0AFB046A40F6D344A1
S315202556F004FB01A404F50054A4131C643B4C04FBB1
S3152025570008683B4E06FB0181ABEB020601F50051ED
S315202557108913C3F8C01001990C18AEEB040129444E
S315202557207D43891BA1EB0C01794340F6B97701F519
S3152025573000518913C3F8E01041F65E514E432D4999
S31520255740761B01FB046402EB0C010EEB0006794364
S3152025575041F6061707FB0611274F661807FB00603B
S3152025576041F26876ABEB0C0706FB0200019A0EEB9D
S31520255770020640F6C31200F50050574341F6E5329E
S31520255780801302FB0676019AC3F8A00034441046FE
S315202557901A4A0E4402FB0044194A354402FB0B449F
S315202557A0184A02FB0E55184A04F5005402FB0C55DF
S315202557B0069AA41305F500559A421C664FEAA53587
S315202557C01D627FF40EAF41B0BDE8F08FC9E3FFFF20
S315202557D0FCC8FFFFE1D3FFFF09B4FFFF6EF2FFFFF1
S315202557E0C49DFFFFF0DBFFFF93EDFFFF12DCFFFFDC
S315202557F030E3FFFFB1FCFFFF64CEFFFF23F7FFFF5A
S31520255800D9BFFFFF73E8FFFF59FDFFFF2DE9F04FB5
S315202558108446C9B04FF000080690CDE90E210F9B8E
S315202558200E9953F8282008F101080E9BB8F1080F88
S315202558301344525C93F801A093F80EB093F80D907B
S3152025584002EB0B0E07920AEB0902DF7A9D7AAAEB69
S31520255850090901929A781E7908921A7B5C79099210
S31520255860DDE908210A4499790D92DA780A923A4493
S31520255870029206EB0502A6EB050603925A7A0B92AF
S31520255880224404921A7A01EB02000C920590DB79C8
S315202558900798A0EB0B0BDDE90802A0EB02000A9A7C
S315202558A0A2EB07070B9A0790A4EB020A0C9AA1EB09
S315202558B0020203990EEB010004990844DDE901143F
S315202558C00C4405990C440D9900EB040519440D4407
S315202558D0A0EB4100A4EB41046049A5F5F06501FB49
S315202558E004F442F29D41CCF8005001FB0040019979
S315202558F000F580504FEA6030CCF818000398014413
S31520255900C3EB5101A1EB03030D990B440299AEEB91
S315202559100100DDE90441A1EB040441F6486101FBC0
S3152025592004F142F6444404FB00110198039CA0EBA4
S31520255930040441F64C1000FB04110298484CA0EBB8
S3152025594003050598A0EB030004FB00F043F2FF04B2
S3152025595004FB0500434C084400F580504FEA60308F
S31520255960CCF808000498A0EB0300AEEB030342F61F
S31520255970025E04FB03F341F68D1404FB0030079BDE
S31520255980ABEB0204084442F60A3100F580504FEA73
S315202559906030CCF8100042F2317000FB03F509EB9C
S315202559A0060301FB03F30EFB043307EB0A0E41F234
S315202559B0682404FB0E3E2C4B03FB06F440F6397374
S315202559C0ABEB060603FB074443F26A63A6EB0A06FE
S315202559D003FB0243A9EB07047344A4EB02042B44DF
S315202559E003F580534FEA6333CCF8043041F69A23E6
S315202559F003FB04F301FB063606F580564FEA663689
S31520255A00CCF80C60079BABEB0303A3EB0707174BDF
S31520255A1003FB09F9164B574403FB0B9B154B3A44BD
S31520255A2003FB0ABB00FB02F2F34402F58052ABEBE3
S31520255A30050B4FEA62320BF58053CCF814204FEA3A
S31520255A406333CCF81C3005D0B8F10F0F14D00CF1E8
S31520255A50200CE4E60DF1400CE1E600BF04F2FFFF41
S31520255A6060B8FFFF14FDFFFF8FEFFFFF5CBAFFFF36
S31520255A70A0F4FFFF2FE4FFFF069B0DF1400B069AAE
S31520255A80043B1C32089253F8042FDBF8C0A0019260
S31520255A905244DBF8A090DBF8808002921A6ADBF864
S31520255AA060E04A44DBF840C0DBF8206003921A6C9C
S31520255AB0D3F8A0704244D3F88010D3F8C05006926C
S31520255AC001EB0C041A6EB919724405915BF8041B77
S31520255AD00492019A6818691AA2EB0A0A1A6AA2EB95
S31520255AE009091A6CA2EB080207921A6EA2EB0E0E72
S31520255AF0D3F88020A2EB0C08BA1B0192029A16191C
S31520255B00059A1644DDE9032502EB050C069AD3F8FA
S31520255B10E0508444551942F2694206EB0C07ACEB5A
S31520255B20450C2F44A6EB45065743574A02FB0CFC4A
S31520255B3042F6A81207F5804702FB06C6039AFF13ED
S31520255B4042F2742C1519D3F8E02006F580461F60FD
S31520255B50C2EB6505F613AD1A069AC3F8C06015443F
S31520255B60049E029A971B059A861A039A401B0CFBBC
S31520255B7006F643F25D2C141B049A0CFB076641F6A8
S31520255B80C94C521B43F235370CFB04663F4C604308
S31520255B9043F2BF7404FB020241F6125442F69740A3
S31520255BA0324402F58042D2131A64059AA2EB050CDB
S31520255BB0029A551B364A5543079A04FB0C5C43F239
S31520255BC0F8050CEB0604AAEB0106AAEB080C04F54E
S31520255BD08044E413C3F8804000FB02F409EB080255
S31520255BE06A4307FB0622019E0EEB060741F2F14684
S31520255BF006FB0727274A02FB08F641F2521241F6F1
S31520255C00446802FB0E6643F6EA5202FB01623A44D9
S31520255C10224402F58042D2131A62019AACEB020C79
S31520255C20A9EB0E02521A08FB02F805FB0C8202F597
S31520255C308042D2131A66079AAAEB0208019AA8EB84
S31520255C400E0E9644144A714402FB09F9134A414320
S31520255C5002FB0A9A019A01F58041C913C3F8A010BF
S31520255C6011460F4A02FB01AA089ABA449A42AAEB80
S31520255C70040404F580444FEAE434C3F8E0407FF475
S31520255C8002AF49B0BDE8F08F17F0FFFF82AEFFFFC8
S31520255C90ACFCFFFF4CEDFFFFC4B0FFFF0EF3FFFF6B
S31520255CA05AE0FFFF2DE9F04FD3B00346CDE9102169
S31520255CB0002206900092119A0099109852F82110E8
S31520255CC0109A8A18095C92F80FC0019161440D91AA
S31520255CD051780291917B0391DDE9021001EB000AAF
S31520255CE091780491517B0591DDE9041001EB00089B
S31520255CF0D1780791117B0891DDE9071001440E9192
S31520255D0011790991D17A0A91DDE909105679947983
S31520255D100F18957A517AD07906EB050E127A04EB6F
S31520255D2001090B91751B0D9900EB020B0C9242F282
S31520255D30E97601EB0B020F92A1EB0B020AEB090B7D
S31520255D40AAEB090A0D9208EB0E090E9AA8EB0E0866
S31520255D5002EB070ED71B019AA2EB0C0CDDE90221DB
S31520255D60521A0192DDE90421521A0292DDE9072110
S31520255D70521A0392DDE90921521A0F9904920B9A98
S31520255D80A21A05920C9A821A01EB0B00A1EB0E01A1
S31520255D90ABEB090B484442F67569704441F2511E16
S31520255DA0A0F500600EFB0BFB44F2875E8000186091
S31520255DB042F6CF1000FB01B101F58061C9121961A8
S31520255DC0A7EB0A010D98A0EB080B42F6634000FBD2
S31520255DD00BFB40F6D40000FB01BB09FB0ABA0EFBE0
S31520255DE008AA0AF58061C91299600D9908464C4979
S31520255DF001FB00BB4B4940F6235001FB07B7019910
S31520255E000CEB0104059907F58067A1EB0209FF1222
S31520255E1000FB09F142F64E399F6109FB04190299C7
S31520255E2041F255540CEB0108A918614341F6B644B5
S31520255E3006FB0818039942F609560CEB010E049920
S31520255E40891A614342F2FC2404FB0E1EDDE9011466
S31520255E502144059C641B74434FF48E6606FB014141
S31520255E60019C039EA619DDE90447E7192E4C7C43A0
S31520255E702E4F07FB0647DDE902463444049EAE1B1A
S31520255E8070432B4E06FB040A09EB0800294C42F2E7
S31520255E904776704404FB0C0C41F6F300CC1951448B
S31520255EA000FB02C2019802F58062D2125A6040F2A6
S31520255EB04D2202FB0044059A10461F4A02FB004448
S31520255EC0029A4C4410461D4A04F5806402FB0011B3
S31520255ED0039AE41206FB0515DC6007EB0A0442F259
S31520255EE0182A05EB08060AFB024A44F26054049A4E
S31520255EF006F5806604FB02AA009AF6120AEB0E0422
S31520255F0001325E6104F58064082A00924FEAE42472
S31520255F10DC6103D0102A13D02033CCE612ABCAE697
S31520255F203EF9FFFF07DEFFFF17D8FFFFABEAFFFF8E
S31520255F30B2D4FFFFD6B6FFFFC1CAFFFFFADBFFFFAC
S31520255F40069A069B1C32043B099212AA009253F804
S31520255F50042F0192009AD2F8E070019A02EB070BE2
S31520255F60009AD2F8C020029202991A6A02EB0109F8
S31520255F70009AD2F8A020039203991A6C02EB010EFF
S31520255F80009AD2F88020049204991A6E0A44079220
S31520255F90009A126E05920599D3F880205618009AF4
S31520255FA0146CD3F8A02002EB040C009A126A0692F0
S31520255FB0D3F8C010D3F8E00001EB0208009A52F876
S31520255FC0041B00EB010A0092029AABEB0A050BEBA8
S31520255FD00A0009EB080AA9EB080908950EEB0C0817
S31520255FE0079DAEEB0C0E05EB060CAE1B019DEF1B9C
S31520255FF01D6AAD1A1A6C0195039D521B049D0292AA
S315202560001A6E521B059D0392D3F88020A2EB050B11
S31520256010D3F8A020121B069C0492D3F8C020121B6D
S31520256020D3F8E040611A00EB0A04A0EB0C00AAEB9A
S31520256030080A444442F67568644441F2511C0834E2
S315202560400CFB0AFA44F2875C24111C6042F6CF1415
S3152025605004FB00A0089C00F58030A4EB0E0A42F62E
S315202560606344401404FB0AFA40F6D404C3F880009E
S31520256070A6EB090004FB00AA08FB09A90CFB0E992F
S3152025608042F6095C09F58030A2EB01094014186413
S31520256090089804464A4800FB04AA4A4800FB06A657
S315202560A0019806F580363C187614C3F8C06040F66C
S315202560B0235606FB09F042F64E3909FB04090298B8
S315202560C041F2555407EB00080498039D0844604384
S315202560D042F2E97404FB0808039841F6B64407EB17
S315202560E0000EABEB0100604342F2FC2404FB0E0EAE
S315202560F0DDE901042044049C141B0CFB04F44FF415
S315202561008E6C0CFB0040019C0BEB020C04EB050A64
S315202561102D4C2E4D04FB0CF405FB0A4CDDE90245DE
S315202561202C44049DA5EB0B0A294D06FB0AF605FBF7
S31520256130046609EB0804274D744405FB074741F6F9
S31520256140F304019D04FB017140F24D2401F58031B4
S315202561504914196200EB0C013044664404FB0511F1
S315202561601D4C42F2182C04FB021242F247744A4473
S3152025617002F5803252141A66029A1146174A02FBF4
S315202561800100049A04FB0204039A0CFB026644F2DE
S31520256190605C4444099A0CFB0B6604F580349A42CC
S315202561A076444FEA644406F58036C3F8A0404FEA84
S315202561B06646C3F8E0607FF4CAAE53B0BDE8F08FDB
S315202561C03EF9FFFF07DEFFFF17D8FFFFABEAFFFFEC
S315202561D0B2D4FFFFD6B6FFFFC1CAFFFFFADBFFFF0A
S315202561E02DE9F04F00F1200395B09E4611930B1F04
S315202561F01292109300F590731393109A0EF1200E98
S31520256200129952F8043F1092129A9A185B5C0193C0
S31520256210D37B0293DDE901310B440D935378039308
S31520256220937B0493DDE9033103EB010B93780593E7
S31520256230537B0693DDE9053103EB0109D3780793D3
S31520256240137B0893DDE907310B440E9313790993C4
S31520256250D37A95790A93D479967A5779DDE90931CE
S3152025626007EB0608BF1B03EB010C537A42F2E976AE
S3152025627005EB030A0B93137AE1180C930D9B0B441C
S315202562800F930D9B5B1A0BEB0A01ABEB0A0B09EB64
S31520256290080A0D93A9EB08090E9B03EB0C08A3EB23
S315202562A00C0CDDE901329B1A0193DDE903329B1A99
S315202562B00293DDE905329B1A0393DDE907329B1A02
S315202562C00493DDE909329B1A05930B9B0C9AEB1A4D
S315202562D042F66345A21A0F9C0C44A1EB0A015444AD
S315202562E042F6756A4444A4F50064A4004EF8404C51
S315202562F00F9CA4EB080841F25114614342F6CF14B2
S3152025630004FB0811ACEB0B0444F2875801F5806198
S31520256310C9124EF8301C0D99A1EB0901694340F6A7
S31520256320D40505FB04110AFB0B1BA3EB020A08FB6C
S3152025633009BB0BF5806440F6235BE4124EF8384CF6
S315202563400D9C2546914C04FB0511914C04FB0C1103
S3152025635001F58061C9124EF8281CDDE901140D19B5
S315202563600BFB0AF142F64E3A0AFB051A0199039DC3
S3152025637001EB0509B91841F255556943049D06FBDC
S315202563800919019942F6095601EB0508059941F6A1
S31520256390B645891A694342F2FC2505FB0818039D53
S315202563A021462944DD1B75434FF48E6606FB015194
S315202563B0059D049E05EB030C764DA619764C05FB0B
S315202563C00CF504FB065CDDE903456519059C3E1B9A
S315202563D00BFB06F4714E06FB054B019D0AEB0904C2
S315202563E02E466F4D444405FB064541F6F30442F2FD
S315202563F0477604FB025201EB0C05029C594402F513
S315202564008062D2124EF83C2C40F24D2202FB0455D6
S31520256410644A02FB0355039B55441A46624B05F5F0
S31520256420806503FB0211049BED1206FB07174EF828
S31520256430345C0CEB0B0542F2182B4F440BFB035B0C
S3152025644044F26055059B07F5806705FB03BBFF12C4
S315202564500BEB08054EF82C7C05F58065ED124EF8DC
S31520256460245C139B73457FF4C8AE41F251130193E7
S31520256470D0F8E0900430D0F8BC80D0F83CE0D0F8B5
S315202564805CC050F8044CC169D0F89C2004EB090B5C
S31520256490C36F01EB08050EEB020AA4EB09040CEBEE
S315202564A00306ACEB0303A1EB0801AEEB02020BEBD3
S315202564B00607ABEB060605EB0A0BA5EB0A0504EB4F
S315202564C0020E07EB0B0CA7EB0B0706EB050A043789
S315202564D00CF1040CFF104FEAEC0CC767019F40F81E
S315202564E004CC07FB0AFA41F67E0707FB06A62F4FA3
S315202564F006F500463614C6632D4E06FB05A5CE1891
S3152025650005F500450EEB060C2D14C0F8BC5042F2BD
S31520256510A15505FB0CF507FB0E5E264F07FB065CF2
S31520256520E518254E254F75438E180EEB05097E4316
S3152025653043F20B070CEB0608B64407FB0494AC4440
S3152025654044F2B31640F68E1504F5004406FB02E602
S31520256550241405FB03C306F50046C46146F25424DC
S3152025656003F50043361404FB01811B14C0F89C60F7
S3152025657001F50041C0F8DC300914119BC16598420C
S315202565807FF476AF15B0BDE8F08F00BF3EF9FFFF4B
S3152025659007DEFFFF17D8FFFFABEAFFFFB2D4FFFFC9
S315202565A0D6B6FFFFC1CAFFFFFADBFFFF84F3FFFF45
S315202565B0DFC4FFFF3BC1FFFF33E3FFFFFDADFFFF39
S315202565C02DE9F04F91B004460D46E0300E9200217C
S315202565D0202201F0D1FD04F120039E460D932B1F89
S315202565E00C9304F580730F930C9B0EF1200E0E99B8
S315202565F053F8042F0C930E9BD318525C00925A7B8A
S3152025660093F80B80019293F804C05F7A5E79DDE9D1
S3152025661000210A4408925A7802921A7B0392DDE9D0
S31520256620022102EB010A9A78049242440992DA78E9
S3152025663005929A7A0692DDE9052151180CEB070277
S31520256640ACEB07070A921D7A9879DB7906EB0509C3
S31520256650089A761B00EB030B079302EB0B030B9390
S31520256660A2EB0B030AEB090BAAEB090A0893099B54
S315202566701A460A9B02EB030913460A9A9B1A099383
S31520256680DDE900329B1A0093DDE902329B1A01933C
S31520256690049BA3EB0808DDE905329B1A0B9A029386
S315202566A002EB0B05079BABEB410B4D44A2EB4102BD
S315202566B0C31A40F612200D44A9EB410100FB0BFB22
S315202566C042F6C60042F26239A5F5E06500FB02B224
S315202566D0834840F6BD0BAD0000FB012209994EF8F3
S315202566E0405CF01B02F58062D2124EF8302C089AB7
S315202566F0524409FB02F9089A0BFB029B41F2A3326D
S3152025670002FB01B202F58062D2124EF8382C754A68
S3152025671002FB0A9A744A02FB01AA0AF58062D21262
S315202567204EF8282C019A02EB0801009A029D521A4E
S315202567302A44121AD21A92004EF8242C42F6F842EE
S3152025674050436FF4A262A0EB453041F6140502FBB7
S315202567500101009A02EB0800FA186A4342F25265B3
S3152025676005FB0022614801EB020C00FB08C842F21A
S31520256770D73C0CFB078707F58067DDE90005FF1267
S315202567802844F51A4EF82C7C40F6F2677D4342F6CE
S31520256790B72707FB0050019D01441044029A2F4636
S315202567A0534D00EB4230009A05FB0711514D1844F5
S315202567B01344514A05FB061102FB030001F58061AE
S315202567C00F9B00F58060C912C0124EF8341C4EF876
S315202567D03C0C73457FF408AF42F6CC1B40F6C76ABE
S315202567E042F27A69D4F800E00434E36FD4F8BC0089
S315202567F0E26BD4F81CC00EEB0007D618D4F89C10F3
S31520256800E56DD21A0CEB0108ACEB010107EB060C62
S31520256810AEEB0000A7EB060EA8EB060608EB0C034D
S31520256820A7EB080709FB0EFE2B440BFB03F303F509
S3152025683000431B1444F8043CACEB8503A8EB450523
S315202568400AFB03F3009340F627535E43009B03EB95
S315202568500E0C42F2DA435F43B444284B3E440CF5F2
S31520256860004C03FB0565009B4FEA2C4CA3EB0E033E
S3152025687005F50045C4F83CC03B442D1403F50043DB
S31520256880E56742F219751B14C4F8BC30431805FB7D
S3152025689003F6431A40F21E75114410446B43F51A2C
S315202568A03344174E714341F6A516704344F6316697
S315202568B00B44054406FB020003F50043014405F578
S315202568C000451B1401F500412D14E36509140D9B84
S315202568D0E561C4F89C109C4284D111B0BDE8F08FA7
S315202568E0C9E3FFFFFCC8FFFFE1D3FFFF09B4FFFF84
S315202568F06EF2FFFFC49DFFFFF0DBFFFF72E2FFFF75
S3152025690060C6FFFF2DE9F04F8FB006460C46C030F6
S315202569100C920021402201F02FFC06F120039E46F1
S315202569200B93231F0A9306F1E0030D930A9A0EF182
S31520256930200E52F8043F0A920C9A9C189B5C94F8D8
S315202569400B8094F80AB003EB080A0193637894F830
S3152025695009C002935B44E7780693A378E57903EB90
S315202569600C020393237A21790493FB184819491B92
S3152025697007936379A47903EB04090594059D0AEB0E
S315202569800904AAEB090A5B1B0894069C241A099478
S31520256990079C02EB0409121B019CA4EB0808029C08
S315202569A0A4EB0B0B039CA4EB0C0C049C069D3C1B17
S315202569B041F67E072844089D28444844A0F5C06012
S315202569C080004EF8400C0998AAEB00009244801AC4
S315202569D080004EF8280CA5EB090042F2317508EB0C
S315202569E0040968430BEB010500F58060C0124EF8BB
S315202569F0300C0998821A42F6B63000FB0A2242F25A
S31520256A00E73A594802F58062D2124EF8382C41F2DF
S31520256A1051125543554A02FB015108EB0C0207FB3F
S31520256A200B5B0CEB04070AFB02FA41F68D32474332
S31520256A30A0F6AE4002FB09F90AEB09055D44A7EB52
S31520256A400B0B00FB08554FF4BD60A8EB040800FB93
S31520256A500350474D00F58060C0124EF83C0C42F697
S31520256A60CF1000FB08180CEB0300791A41F23A7770
S31520256A7005FB008007FB04B700F58060C0124EF8A1
S31520256A80340C3C4800FB0C1102FB03113A4A02FB4D
S31520256A90037751440D9B4F4401F5806107F58067A7
S31520256AA0C912FF124EF82C1C4EF8247C73457FF410
S31520256AB03DAF43F6E40544F2AD5B42F63A0A41F290
S31520256AC0D349D6F880400436F269D6F83CC056F824
S31520256AD0043C02EB040ED6F89C80F26D03EB0800ED
S31520256AE0A3EB08030CEB02070192F269C119C01B1F
S31520256AF0141B019A0BFB00F0ACEB02020EEB010CEA
S31520256B00A1EB4E0100F5004005FB0CFC0AFB01F12B
S31520256B1000140CF5004C01F50041F06318194FEAD5
S31520256B202C4C091446F804CCF16799181B1B141B09
S31520256B3009FB01F19B1A05FB00106B4305FB04118C
S31520256B4000F5004003F5004301F5004100141B1410
S31520256B500914F061F3650B9BC6F89C109E42B0D1B3
S31520256B600FB0BDE8F08F00BF18FAFFFFDFC4FFFF87
S31520256B70AFEEFFFF23B5FFFF19DCFFFF2DE9F04F11
S31520256B808BB083460C46A03008920021602201F066
S31520256B90F3FA0BF120031F460793231F06930BF1C8
S31520256BA0C0030993069B2037089953F8042F06938B
S31520256BB0089BD318525C93F8098093F808C002EBFA
S31520256BC0080A01925A789978029262441D7904928C
S31520256BD0DA79DE788C1803925A79987905EB0209A9
S31520256BE0AA1A06EB000E301A0AEB0903AAEB090AA4
S31520256BF0674D0593049B03EB0E09A3EB0E0E019B14
S31520256C00A3EB0808029BA3EB0C0C039BC91A059B37
S31520256C1003EB0906A3EB44032644A9EB44046C4362
S31520256C2042F29D45A6F5A06605FB034341F69A2427
S31520256C30B60003F5806347F8406CDB1247F8303CF5
S31520256C400AEB0E03634341F2710404FB0A3A0AF563
S31520256C508064E41247F8384C4E4C04FB0E33ACEBDB
S31520256C60000E03F58063DB1247F8283C08EB020368
S31520256C70A3EB0E0473444FEA0E3E641AA40047F88C
S31520256C802C4C42F6530404FB0CF542F6B3448444BB
S31520256C9004FB085541F28C4405EB413504FB005590
S31520256CA03D4840F2147400FB0CFC40F6E31004FB2F
S31520256CB00254A8EB020200FB03E341F66F6804F5B4
S31520256CC0806408FB02C2A3EB4131E4125318521A01
S31520256CD047F83C4C03F5806302F58062DB12D2121D
S31520256CE047F8343C47F8242C099BBB427FF45AAFFE
S31520256CF042F6F60642F2620A40F67B6942F20C28F3
S31520256D0041F20B5EDFF894C0DBF820500BF1040B23
S31520256D10DBF87C10DBF85C205BF8043CAF18DBF84D
S31520256D203C400B44AA1AD819DB1B5BF8047C251892
S31520256D30A0EB8400791A0AFB03F3754309FB00F0BF
S31520256D4005F580451C181B1AED1304F5804403F51B
S31520256D5080434BF8045C8D18DB1308FB05F5E413FB
S31520256D60CBF87C300EFB0151079B0CFB025201F51B
S31520256D708041CBF83C4002F58042C913D213CBF88B
S31520256D801C10CBF85C209B45BED10BB0BDE8F08FFF
S31520256D9004F2FFFF5CBAFFFF31EDFFFFDCA6FFFF04
S31520256DA02DE9F04F87B004460D4600210492802216
S31520256DB0104401F0E1F904F12003984603932B1F93
S31520256DC0029304F1A0030593029B08F12008049958
S31520256DD053F8042F0293049B505CD3189A7959783B
S31520256DE093F8079093F802E08D1893F803C000EBEB
S31520256DF0090B0092A0EB09005A791B790EEB020AA2
S31520256E00AEEB02020CEB03060193009B00EB020E70
S31520256E100BEB0607ABEB0606C91A05EB0A0B019BFE
S31520256E20A5EB0A05ACEB030307EB0B0CA7EB0B072E
S31520256E3006EB050AACF5806CFF004FEACC0C48F82A
S31520256E40307C41F2511748F840CC07FB0AFA41F627
S31520256E507E070AF5007A07FB06A63A4FB61248F8AA
S31520256E60386C394E06FB05A5CE18AD120EEB060C51
S31520256E7048F8285C42F2A15505FB0CFC0CF500755B
S31520256E8007FB0E5E314F07FB065CC518304E314F8A
S31520256E9075438E180EEB05097E4343F20B07B64440
S31520256EA007FB00900CEB060744F2B316AC44801280
S31520256EB040F68E1506FB02EE48F83C0C46F2542089
S31520256EC005FB03CC4FEAAE2600FB0171059B4FEA55
S31520256ED0AC2548F82C6C891248F8245C48F8341CD3
S31520256EE043457FF471AF41F2511641F67E0516488A
S31520256EF0D4F800E00434E26DE769E36B0EEB02017A
S31520256F00AEEB020207EB030C0231FB1A01EB0C0751
S31520256F10A1EB0C018910BF10E163D11844F8047C3C
S31520256F20714301F5804105FB021200FB0313D213A1
S31520256F30DB13E261E365039B9C42D9D107B0BDE80B
S31520256F40F08F00BF84F3FFFFDFC4FFFF3BC1FFFFA8
S31520256F5033E3FFFFFDADFFFF2DE9F74F0D469046A5
S31520256F6000214FF48072044601F006F92B1F04F107
S31520256F702007009304F180030193009B42F231718F
S31520256F80203753F8042F009302EB080312F8080044
S31520256F9093F801A093F8029093F805B093F804C0CE
S31520256FA0DB7800EB0B060AEB0C02A0EB0B0009EBBA
S31520256FB0030EA9EB0303AAEB0C0C06EB0E05A6EB99
S31520256FC00E0600EB030A02EB05094E43A5EB42020A
S31520256FD041F2A161A9F5407906F500764A434FEAA3
S31520256FE0C90902F50072B61247F8409C921247F855
S31520256FF0386C47F8302C40F6B63202FB0AFA00EBFD
S315202570000C02A0EB0C000AF5007AD200C01AA3EBDD
S315202570100C0302EBAA22DB00C00047F83C2C03EB2D
S31520257020AA2347F8340C47F82C3C019BBB42A4D114
S3152025703004F1180143F6E40642F63A0544F2AD502A
S3152025704023680434D4F83CC0D4F81CE003EB0C02A6
S31520257050A3EB0C0302EB0E07A2EB4E024343774329
S315202570606A4303F5804307F5804702F58042DB1303
S31520257070FF13D213E36144F8047CE2638C42DFD10B
S3152025708003B0BDE8F08F00002DE9F84F05460C46E4
S31520257090174600214FF4807241F2511801F06CF801
S315202570A005F12000211F05F1600241F67E0EDFF84D
S315202570B08CC051F8044F2030E31914F807B093F803
S315202570C00190DC789B780BEB0406ABEB040409EBEB
S315202570D0030AA9EB030306EB0A09A6EB0A067601A2
S315202570E0A9F5007940F8386CE6184FEA491908FBC6
S315202570F006F640F8409C80360EFB04640CFB0363A1
S3152025710024121B1240F83C4C40F8343C8242D0D104
S315202571102A1F05F10C0052F8043F146A02339042C7
S3152025712003EB0401A3EB04034FEAA1014FEAA303D2
S3152025713011601362EFD1BDE8F88F00BFDFC4FFFFD2
S3152025714070B50E46154600214FF48072044601F08F
S3152025715013F833685A195B5D51785A185B1AA2F5CC
S3152025716080725B0152016360226070BD2DE9F04F6C
S315202571700446CBB04FF000080090CDE90321049BAF
S31520257180039953F8282008F10108039B505CB8F190
S31520257190080F13449A79597893F8079093F802E0C3
S315202571A001EB020593F803C000EB090B0192A0EB36
S315202571B009005A791B790EEB020AAEEB02020CEB7B
S315202571C003060293019B00EB020E0BEB0607ABEBA6
S315202571D00606A1EB030105EB0A0B029BA5EB0A0587
S315202571E0ACEB030307EB0B0CA7EB0B0706EB050A0A
S315202571F0ACF5806C4FEA87074FEA8C0C276141F264
S315202572005117C4F800C007FB0AFA41F67E0707FB8B
S3152025721006A6CB4F06F580664FEAE626A660C94E1A
S3152025722006FB05A501EB030605F580650EEB060C89
S315202572304FEAE525A56142F2A15505FB0CF507FB8D
S315202572400E5EC14F07FB065C00EB0305BF4EC04F04
S3152025725006FB05F501EB02060EEB050907FB06F6EF
S3152025726043F20B07B64407FB00900CEB0607AC440C
S3152025727044F2B31600F5806040F68E1506FB02E62D
S315202572804FEAE02005FB03C506F58066606046F2D9
S31520257290542005F580654FEAE62600FB01714FEA65
S315202572A0E525666101F58061E5614FEAE121E16029
S315202572B004D0B8F1100F03D0203460E70AAC5EE77E
S315202572C0009A009B1C32043B09920AAA009253F885
S315202572D0042F0192009AD2F8E070019A02EB070B4F
S315202572E0009AD2F8C020029202991A6A02EB010965
S315202572F0009AD2F8A020039203991A6C02EB010E6C
S31520257300009AD2F88020049204991A6E0A4407928C
S31520257310009A126E05920599D3F880205618009A60
S31520257320146CD3F8A02002EB040C009A126A06925C
S31520257330D3F8C010D3F8E00001EB0208009A52F8E2
S31520257340041B00EB010A0092029AABEB0A050BEB14
S315202573500A0009EB080AA9EB080908950EEB0C0883
S31520257360079DAEEB0C0E05EB060CAE1B019DEF1B08
S315202573701D6AAD1A1A6C0195039D521B049D029216
S315202573801A6E521B059D0392D3F88020A2EB050B7E
S31520257390D3F8A020121B069C0492D3F8C020121BDA
S315202573A0D3F8E040611A00EB0A04A0EB0C00AAEB07
S315202573B0080A444442F67568644441F2511C043453
S315202573C00CFB0AFA44F2875CE4101C6042F6CF14C3
S315202573D004FB00A0089C00F50040A4EB0E0A42F60B
S315202573E06344001404FB0AFA40F6D404C3F880004B
S315202573F0A6EB090004FB00AA08FB09A90CFB0E999C
S3152025740042F6095C09F50040A2EB0109001418642F
S31520257410089804464F4800FB04AA4F4800FB06A6B9
S31520257420019806F500463C183614C3F8C06040F688
S31520257430235606FB09F042F64E3909FB0409029824
S3152025744041F2555407EB00080498039D08446043F0
S3152025745042F2E97404FB0808039841F6B64407EB83
S31520257460000EABEB0100604342F2FC2404FB0E0E1A
S31520257470DDE901042044049C141B0CFB04F44FF481
S315202574808E6C0CFB0040019C0BEB020C04EB050AD1
S31520257490324C334D04FB0CF405FB0A4CDDE9024541
S315202574A02C44049DA5EB0B0A2E4D06FB0AF605FB5F
S315202574B0046609EB08042C4D744405FB074741F661
S315202574C0F304019D04FB017140F24D2401F5004191
S315202574D00914196200EB0C013044664404FB05119E
S315202574E0224C42F2182C04FB021242F247744A44DB
S315202574F002F5004212141A66029A11461C4A02FB0C
S315202575000100049A04FB0204039A0CFB026644F24A
S31520257510605C4444099A0CFB0B6604F500449A42A8
S3152025752076444FEA244406F50046C3F8A0404FEAA0
S315202575302646C3F8E0607FF4CAAE4BB0BDE8F08F8F
S3152025754084F3FFFFDFC4FFFF3BC1FFFF33E3FFFFCC
S31520257550FDADFFFF3EF9FFFF07DEFFFF17D8FFFF33
S31520257560ABEAFFFFB2D4FFFFD6B6FFFFC1CAFFFFA6
S31520257570FADBFFFF2DE9F04FB7B0804691464FF451
S3152025758080720091002100F0F7FD47464FF0000E4E
S31520257590009B53F82E300EF1010E03EB090613F846
S315202575A009A0BEF1080F3379B579B17870790AEB40
S315202575B00502747801EB030CA1EB0301F67804EBA5
S315202575C0000B02EB0C03A4EB0004AAEB05050BEB41
S315202575D00300A3EB8603A2EB0C0AABEB0C0C304481
S315202575E0A2EB0B02ABEB4606A0F560704FEA8000B6
S315202575F038604FF4356000FB03F341F6765000FBE7
S315202576000AFA40F6122000FB0CFC03EB0A00A3EB3A
S315202576100A03604400F580604FEAE020B86041F611
S31520257620374000FB02F26FF4B5501344944440F2E0
S31520257630735203F5806300FB06C605EB04004FEA6B
S31520257640E32306F58066BB6141F6EF534FEAE6262E
S3152025765003FB00F0A5EB04030C440D4402FB03F3C6
S315202576603E61A0EB03020344904800FB04F441F25B
S31520257670A330234400FB05F503F580632A444FEA0E
S31520257680E32302F58062FB6043F6DE334FEAE222EE
S3152025769003FB01557A60254405F580654FEAE525E6
S315202576A07D6104D0BEF10E0F03D0203770E706AFDB
S315202576B06EE708F11802A8F104030DF118090592C1
S315202576C053F8042FD9F880C00092D9F8A020D9F8EC
S315202576D060000192D9F84050D3F88040DDE9002199
S315202576E002EB010B1A6A624402921A6C11181A6E61
S315202576F05619D9F8202059F8047B04EB020ED3F825
S31520257700A04004EB0708D3F8C040A246D3F8E040B2
S31520257710A2440BEB0A040394ABEB0A040494029CC3
S3152025772004EB080AA4EB080801EB0E04A1EB0E01D5
S315202577300294009CA646019CAEEB040E1C6AA4EB83
S315202577400C0400941C6C201A1C6E651BD3F88040F3
S31520257750A21AD3F8A040A4EB070BD3F8C040D3F840
S31520257760E070A4EB070C039C04EB0A07029CAAEB0A
S31520257770460A274441F2E64437446743039C07F5E6
S315202577808047A4EB4604FF131F6040F2946707FB4E
S315202577900AFA41F6A12707FB04A4029F40F2B55A0F
S315202577A0A7EB4606424F07FB0644049E41F2E647D1
S315202577B004F58044E413C3F8804006EB080441F21F
S315202577C01B766643049C0AFB046A40F6D34404FBD5
S315202577D001A404F58044E4131C64364C04FB086894
S315202577E0354E06FB0181ABEB020601F58041C91317
S315202577F0C3F8C01000990C18AEEB040129447D432B
S31520257800891BA1EB0C01794340F6B97701F5804117
S31520257810C913C3F8E01041F65E514E432749761B1E
S3152025782001FB046402EB0C010EEB0006794341F6BD
S31520257830061707FB0611224F661807FB006041F243
S315202578406876ABEB0C0706FB0200009A0EEB0206C8
S3152025785040F6C31200F58040574341F6E532C01362
S3152025786002FB0676009AC3F8A00034441046154A32
S315202578700E4402FB0044144A354402FB0B44134AAA
S3152025788002FB0E55124A04F5804402FB0C55059A37
S31520257890E41305F580459A421C664FEAE5351D62B7
S315202578A07FF40EAF37B0BDE8F08F00BFE1D3FFFFE1
S315202578B093EDFFFF12DCFFFF30E3FFFFB1FCFFFF57
S315202578C064CEFFFF23F7FFFFD9BFFFFF73E8FFFF36
S315202578D059FDFFFF2DE9F04FA5B0804691464FF47F
S315202578E080720291002100F047FC46460020029B2B
S315202578F053F82020013002EB090312F80910082835
S3152025790093F801A093F802E093F805B01F79DB7868
S3152025791001EB0B050AEB0702A1EB0B010EEB030C82
S31520257920AEEB03030192AAEB070705EB0C04A5EBA7
S315202579300C0501EB030A02EB040E42F2317202FB1F
S3152025794005F5019AAEF5407EA4EB420241F2A164EB
S3152025795005F580654FEA8E0E04FB02F24FEAE525F2
S31520257960C6F800E002F58062B5604FEAE222326170
S3152025797040F6B63202FB0AFA01EB0702A1EB070114
S31520257980A3EB07070AF5806A4FEA8202A1EB0301DA
S315202579904FEA870702EBEA224FEA810107EBEA271E
S315202579A07260F160776103D00C2803D020369EE7DC
S315202579B004AE9CE708F11402A8F10403039204AA55
S315202579C0019253F804AF019A0198116E056A186C35
S315202579D00AEB0106AAEB0101D2F840C000EB050B04
S315202579E00198029150F8049B196A1A6A01906244FB
S315202579F0186EA1EB0C0C196C00EB0907D3F8E040A7
S31520257A004D1BD3F88000196E0BEB070E00EB0408EF
S31520257A10D3F8C040A1EB0909D3F8A000D3F88010EC
S31520257A20ABEB070720448A46D3F8E0103418361ADC
S31520257A30AAEB010AA2EB0800D3F8A010424441F68E
S31520257A40EA788B462244D3F8C010A4EB0E04724460
S31520257A50ABEB010B41F672414A4302F58042D21324
S31520257A601A60321AC01BD21B374441F2C5564A43E7
S31520257A7002F58042D213C3F8C02042F2D6225443BF
S31520257A8042F2DB6257430CEB0A0204F5804401FBE4
S31520257A9000703149E41300F58040C3F88040C013B7
S31520257AA0029C186440F6657050432C4A06FB0C0C44
S31520257AB005EB090602FB0A00029A4E43A1F645313B
S31520257AC02A4442F22A5A08FB02F8029A02EB090EA8
S31520257AD041F67D0202FB0EFE08EB0E076744A6EB58
S31520257AE00C0C01FB04774FF4A86404FB0B7404F5F6
S31520257AF08044E4131C620299194CA1EB09010AFB67
S31520257B00010105EB0B0A04FB0A11A6EB000A41F23B
S31520257B10A54601F5804106FB09CCC91319661149ED
S31520257B2001FB05A502FB0B550F4A02FB0BC6454457
S31520257B30039A764405F580459A4206F580464FEA0E
S31520257B40E5354FEAE636C3F8A050C3F8E0607FF462
S31520257B5038AF25B0BDE8F08FC0FAFFFF71CBFFFF08
S31520257B609BF0FFFF74BDFFFF16E0FFFF2DE9F04FC9
S31520257B70804695B08A46914600214FF4807200F0C2
S31520257B80FBFA4646002041F64C1B5AF82030013098
S31520257B9003EB090213F809C0082851781579D478FA
S31520257BA00CEB0503927801EB040EA1EB0404ACEB58
S31520257BB0050503EB0E07A3EB0E0302EB0701A7EB47
S31520257BC082074FF435620BFB03F3A1F5207102FBE7
S31520257BD007F74FEA810103EB0702A3EB0703316081
S31520257BE005EB040103F5806302F580624FEAE32362
S31520257BF04FEAE222336141F69A23B26003FB01F173
S31520257C0041F2710303FB0515654B03FB041405F5AA
S31520257C10806504F580644FEAE5254FEAE4247560FE
S31520257C20F46003D00A2803D02036AEE704AEACE7AD
S31520257C3008F11002A8F1040342F6F60E039204AACF
S31520257C400192019A53F8046FD2F8209052F8048BAA
S31520257C50196C06EB090BD3F8E000A6EB09061C6A7E
S31520257C6001920F181A6AD3F8C0504244196EA4EB14
S31520257C7008081C6C01EB050AD3F880C0D3F8A010A0
S31520257C80A146D3F8E04002916144A9EB04091C6E74
S31520257C900BEB0100ABEB0101651B02EB0A0B029CEA
S31520257CA0A2EB0A02ACEB040C00EB0B04A0EB47007D
S31520257CB001EB020A3C44ABEB47070EFB04F404F523
S31520257CC08044E4131C60374C674342F6DD6404FB8D
S31520257CD00070A8EB050700F58040C013C3F8800087
S31520257CE042F20C2000FB0AFA41F20B5000FB01A1BF
S31520257CF001F58041C91319642B4901FB02A202F51E
S31520257D008042D213C3F8C02006EB0C02D11B3A447D
S31520257D10A1EB09010EFB09F90EFB01F101F58041C5
S31520257D20C913C3F8A01043F29D3101FB08F043F691
S31520257D303711A84401FB060041F64C21A6EB0C067B
S31520257D40484401FB05004FF4116101FB0C0142F269
S31520257D50F56C01F58041C9131962144901FB08F810
S31520257D6041F27B410CFB068640F6A84C4F430CFB83
S31520257D700272A2EB090906EB0902A6EB090602F512
S31520257D80804206F58046D213F6131A66039AC3F85F
S31520257D90E0609A427FF455AF15B0BDE8F08F00BF5D
S31520257DA05CBAFFFF1AEEFFFFDCA6FFFFEDE7FFFF1C
S31520257DB02DE9F74F04460E46174600214FF48072CB
S31520257DC004F1200500F0D8F941F25118311F04F5A8
S31520257DD0907241F67E0EDFF878C151F8040F2035D2
S31520257DE0C31910F807B093F80190D8789B780BEB38
S31520257DF00006ABEB000009EB030AA9EB030306EB10
S31520257E000A09A6EB0A06F600A9F5007945F8386C85
S31520257E10C6184FEAC90908FB06F645F8409C06F51B
S31520257E2000760EFB00600CFB036380129B1245F83F
S31520257E303C0C45F8343CAA42CFD104F110030193DA
S31520257E40D4F8E0900434D4F85CC054F8040CE36FDD
S31520257E50D4F8BC8000EB0906D4F83CE00CEB030BE8
S31520257E60E169ACEB0303D4F89C2006EB0B0701EB69
S31520257E700805A6EB0B060EEB020A0237A0EB090036
S31520257E80A1EB080105EB0A0BA5EB0A05AEEB0202D1
S31520257E9007EB0B0CA7EB0B0706EB050A00EB020EEF
S31520257EA0BF104FEAAC0CE76741F2511744F804CCD2
S31520257EB007FB0AFA41F67E070AF5804A07FB06A63E
S31520257EC0224FF613E663224E06FB05A5CE18ED13A3
S31520257ED00EEB060CC4F8BC5042F2A15505FB0CFC52
S31520257EE00CF5804507FB0E5E1A4F07FB065CC51869
S31520257EF0194E1A4F75438E180EEB05097E4343F20C
S31520257F000B070CEB0608B64407FB009044F2B31684
S31520257F10AC4440F68E15C01306FB02EE05FB03C3C3
S31520257F20E06146F25420DB1300FB01814FEAEE3651
S31520257F30C4F8DC30C913019BC4F89C60E1659C42DA
S31520257F407FF47EAF03B0BDE8F08F00BF84F3FFFF3B
S31520257F50DFC4FFFF3BC1FFFF33E3FFFFFDADFFFF7F
S31520257F602DE9F74F04460E46154600214FF480721B
S31520257F7042F2317700F000F9311F04F1200204F195
S31520257F80E00641F2A16C51F8043F203203EB0508A7
S31520257F905B5D98F802E098F8019003EB0E00A3EBC1
S31520257FA00E0300EB0908A0EB49007B430CFB00F0F0
S31520257FB0A8F5C07803F5007300F500704FEAC808C8
S31520257FC09B12801242F8408C42F83C3C42F8380CF1
S31520257FD09642D8D104F10C0843F6E40544F2AD5B6C
S31520257FE042F63A0A41F2D349D4F880000434E269AC
S31520257FF0D4F89CE054F8043C1618D4F85CC0E26BFF
S3152025800003EB0E01A3EB0E0302EB0C07CA19019213
S31520258010E269101AE26BA2EB0C0CCA19C91B06EBF6
S31520258020020EA2EB46020BFB01F10AFB02F201F539
S31520258030804105FB0EFE02F58042C9130EF5804EC2
S31520258040D213E1631918E26703EB0C021B1AACEB7A
S31520258050000009FB02F24FEAEE3EA3EB0C0305FBDB
S3152025806001216B4305FB002201F5804103F5804361
S3152025807044F804EC02F58042C913DB13D213E161DF
S31520258080E365C4F89C204445AED103B0BDE8F08F06
S315202580902DE9F04104460D46164600214FF48072FF
S315202580A004F1A00700F068F804F12000291F51F8F3
S315202580B0043F20309A199B5D52789D189B1AA5F569
S315202580C08075DB00ED0040F83C3C40F8405C87425B
S315202580D0EDD104F1080041F2511741F67E06134DE4
S315202580E0D4F820E0043454F8048CE26DE36B08EBD5
S315202580F00201A8EB02020EEB030CAEEB030301EB08
S315202581000C0EA1EB0C01E163D11844F804EC79435C
S3152025811001F5805106FB021205FB031352135B134F
S31520258120E261E3658442DBD1BDE8F081DFC4FFFF50
S3152025813070B50E46154600214FF48072044600F090
S315202581401BF872683368515D5B5D5A185B1AA2F578
S3152025815080725B0152012362226070BD00000000FF
S315202581605FF800F0C9DE01005FF800F0E1DF0100CD
S315202581705FF800F0B5DF01005FF800F031E001007F
S315202581805FF800F0E1EE01005FF800F0A5DF0100C1
S315202581905FF800F021EF010000000201020404032C
S315202581A004070504040001027700000201030302E7
S315202581B00403050504040000017D000003010101D7
S315202581C00101010101010000000000000001050157
S315202581D0010101010100000000000000110000003E
S315202581E012000000180000002F0000006300000088
S315202581F063000000630000006300000012000000F9
S31520258200150000001A00000042000000630000004F
S3152025821063000000630000006300000018000000D2
S315202582201A000000380000006300000063000000EB
S315202582306300000063000000630000002F0000009B
S315202582404200000063000000630000006300000078
S315202582506300000063000000630000006300000047
S315202582606300000063000000630000006300000037
S315202582706300000063000000630000006300000027
S315202582806300000063000000630000006300000017
S315202582906300000063000000630000006300000007
S315202582A063000000630000006300000063000000F7
S315202582B063000000630000006300000063000000E7
S315202582C063000000630000006300000063000000D7
S315202582D0630000006300000063000000100000001A
S315202582E00B0000000A000000100000001800000006
S315202582F028000000330000003D0000000C0000008F
S315202583000C0000000E000000130000001A000000DB
S315202583103A0000003C000000370000000E00000057
S315202583200D000000100000001800000028000000A5
S315202583303900000045000000380000000E0000002E
S3152025834011000000160000001D000000330000006B
S3152025835057000000500000003E00000012000000DB
S31520258360160000002500000038000000440000000B
S315202583706D000000670000004D0000001800000079
S3152025838023000000370000004000000051000000B7
S3152025839068000000710000005C000000310000002C
S315202583A0400000004E000000570000006700000036
S315202583B079000000780000006500000048000000D4
S315202583C05C0000005F0000006200000070000000D5
S315202583D0640000006700000063000000000102031E
S315202583E0110405213106124151076171132232816B
S315202583F008144291A1B1C109233352F0156272D1D5
S315202584000A162434E125F11718191A262728292A88
S3152025841035363738393A434445464748494A5354E9
S3152025842055565758595A636465666768696A7374D9
S3152025843075767778797A82838485868788898A92DC
S31520258440939495969798999AA2A3A4A5A6A7A8A901
S31520258450AAB2B3B4B5B6B7B8B9BAC2C3C4C5C6C726
S31520258460C8C9CAD2D3D4D5D6D7D8D9DAE2E3E4E552
S31520258470E6E7E8E9EAF2F3F4F5F6F7F8F9FA010280
S31520258480030004110512213141061351610722717A
S3152025849014328191A1082342B1C11552D1F024333A
S315202584A0627282090A161718191A25262728292AB3
S315202584B03435363738393A434445464748494A5369
S315202584C05455565758595A636465666768696A7359
S315202584D07475767778797A838485868788898A924A
S315202584E0939495969798999AA2A3A4A5A6A7A8A961
S315202584F0AAB2B3B4B5B6B7B8B9BAC2C3C4C5C6C786
S31520258500C8C9CAD2D3D4D5D6D7D8D9DAE1E2E3E4B5
S31520258510E5E6E7E8E9EAF1F2F3F4F5F6F7F8F9FA0C
S31520258520000102030405060708090A0B00010203B8
S315202585300405060708090A0B426F677573206D65C2
S31520258540737361676520636F646520256400414CDC
S3152025855049474E5F545950452069732077726F6E6F
S31520258560672C20706C6561736520666978004D419E
S31520258570585F414C4C4F435F4348554E4B206973BA
S315202585802077726F6E672C20706C65617365206607
S31520258590697800426F6775732062756666657220F5
S315202585A0636F6E74726F6C206D6F646500496E768D
S315202585B0616C696420636F6D706F6E656E7420497A
S315202585C04420256420696E20534F5300496E7661D9
S315202585D06C69642063726F7020726571756573741A
S315202585E00044435420636F656666696369656E74C6
S315202585F0206F7574206F662072616E67650044430F
S3152025860054207363616C656420626C6F636B207381
S31520258610697A65202564782564206E6F74207375A4
S3152025862070706F7274656400436F6D706F6E656EC2
S315202586307420696E6465782025643A206D69736D8A
S3152025864061746368696E672073616D706C696E6786
S3152025865020726174696F2025643A25642C2025644F
S315202586603A25642C20256300426F6775732048754B
S3152025867066666D616E207461626C652064656669C7
S315202586806E6974696F6E00426F67757320696E70A7
S31520258690757420636F6C6F72737061636500426FAA
S315202586A0677573204A50454720636F6C6F727370C8
S315202586B061636500426F677573206D61726B6572A4
S315202586C0206C656E6774680057726F6E67204A50F6
S315202586D04547206C69627261727920766572736965
S315202586E06F6E3A206C6962726172792069732025D2
S315202586F0642C2063616C6C65722065787065637463
S31520258700732025640053616D706C696E67206661E0
S3152025871063746F727320746F6F206C617267652026
S31520258720666F7220696E7465726C656176656420E4
S315202587307363616E00496E76616C6964206D656D23
S315202587406F727920706F6F6C20636F646520256446
S3152025875000556E737570706F72746564204A504526
S3152025876047206461746120707265636973696F6ED1
S3152025877020256400496E76616C69642070726F6766
S315202587807265737369766520706172616D6574652E
S3152025879072732053733D25642053653D25642041FE
S315202587A0683D256420416C3D256400496E76616CC3
S315202587B069642070726F6772657373697665207038
S315202587C06172616D6574657273206174207363614E
S315202587D06E2073637269707420656E747279202594
S315202587E06400426F6775732073616D706C696E675F
S315202587F020666163746F727300496E76616C696455
S31520258800207363616E20736372697074206174208E
S31520258810656E74727920256400496D70726F706556
S31520258820722063616C6C20746F204A504547206CFA
S3152025883069627261727920696E207374617465200C
S315202588402564004A50454720706172616D657465BF
S315202588507220737472756374206D69736D61746388
S31520258860683A206C696272617279207468696E6BC8
S31520258870732073697A652069732025752C20636199
S315202588806C6C657220657870656374732025750018
S31520258890426F677573207669727475616C20617273
S315202588A072617920616363657373004275666665B7
S315202588B0722070617373656420746F204A50454712
S315202588C0206C69627261727920697320746F6F20BA
S315202588D0736D616C6C0053757370656E73696F6EFD
S315202588E0206E6F7420616C6C6F7765642068657265
S315202588F06500434349523630312073616D706C696A
S315202589006E67206E6F7420696D706C656D656E74EB
S3152025891065642079657400546F6F206D616E7920AA
S31520258920636F6C6F7220636F6D706F6E656E747377
S315202589303A2025642C206D617820256400556E7398
S315202589407570706F7274656420636F6C6F722063A7
S315202589506F6E76657273696F6E2072657175657334
S315202589607400426F6775732044414320696E6465A0
S315202589707820256400426F6775732044414320760D
S31520258980616C7565203078257800426F6775732070
S3152025899044485420696E64657820256400426F67B3
S315202589A075732044515420696E64657820256400AA
S315202589B0456D707479204A50454720696D616765F4
S315202589C02028444E4C206E6F7420737570706F72FC
S315202589D07465642900526561642066726F6D204531
S315202589E04D53206661696C656400577269746520EC
S315202589F0746F20454D53206661696C656400446912
S31520258A00646E277420657870656374206D6F726532
S31520258A10207468616E206F6E65207363616E0049D0
S31520258A206E7075742066696C652072656164206533
S31520258A3072726F72004F75747075742066696C65D5
S31520258A40207772697465206572726F72202D2D2D9F
S31520258A50206F7574206F66206469736B207370612F
S31520258A6063653F004672616374696F6E616C20731E
S31520258A70616D706C696E67206E6F7420696D706C80
S31520258A80656D656E746564207965740048756666BE
S31520258A906D616E20636F64652073697A65207461C4
S31520258AA0626C65206F766572666C6F77004D69738B
S31520258AB073696E6720487566666D616E20636F647F
S31520258AC065207461626C6520656E747279004D61CE
S31520258AD078696D756D20737570706F7274656420F5
S31520258AE0696D6167652064696D656E73696F6E2032
S31520258AF0697320257520706978656C7300456D70BE
S31520258B00747920696E7075742066696C650050725B
S31520258B10656D617475726520656E64206F66206942
S31520258B206E7075742066696C650043616E6E6F7410
S31520258B30207472616E73636F646520647565207415
S31520258B406F206D756C7469706C6520757365206FE3
S31520258B5066207175616E74697A6174696F6E207489
S31520258B6061626C65202564005363616E2073637290
S31520258B7069707420646F6573206E6F7420747261BA
S31520258B806E736D697420616C6C2064617461004913
S31520258B906E76616C696420636F6C6F722071756166
S31520258BA06E74697A6174696F6E206D6F6465206352
S31520258BB068616E6765004E6F7420696D706C656D92
S31520258BC0656E746564207965740052657175657363
S31520258BD07465642066656174757265207761732076
S31520258BE06F6D697474656420617420636F6D706917
S31520258BF06C652074696D650041726974686D65744C
S31520258C006963207461626C6520307825303278203E
S31520258C10776173206E6F7420646566696E6564005E
S31520258C204261636B696E672073746F7265206E6F00
S31520258C307420737570706F727465640048756666E6
S31520258C406D616E207461626C6520307825303278AE
S31520258C5020776173206E6F7420646566696E6564FE
S31520258C60004A504547206461746173747265616D4D
S31520258C7020636F6E7461696E73206E6F20696D61D6
S31520258C806765005175616E74697A6174696F6E20A6
S31520258C907461626C6520307825303278207761734F
S31520258CA0206E6F7420646566696E6564004E6F74E8
S31520258CB02061204A5045472066696C653A207374A1
S31520258CC061727473207769746820307825303278FC
S31520258CD02030782530327800496E7375666669634B
S31520258CE069656E74206D656D6F7279202863617351
S31520258CF065202564290043616E6E6F742071756128
S31520258D006E74697A65206D6F7265207468616E2030
S31520258D10256420636F6C6F7220636F6D706F6E652F
S31520258D206E74730043616E6E6F74207175616E74F7
S31520258D30697A6520746F2066657765722074686107
S31520258D406E20256420636F6C6F72730043616E6E8F
S31520258D506F74207175616E74697A6520746F206DC4
S31520258D606F7265207468616E20256420636F6C6F31
S31520258D70727300496E76616C6964204A5045472096
S31520258D8066696C65207374727563747572653A208D
S31520258D902573206265666F726520534F4600496E9E
S31520258DA076616C6964204A5045472066696C652042
S31520258DB07374727563747572653A2074776F205350
S31520258DC04F46206D61726B65727300496E76616CB4
S31520258DD06964204A5045472066696C6520737472FC
S31520258DE07563747572653A206D697373696E67202C
S31520258DF0534F53206D61726B657200556E73757076
S31520258E00706F72746564204A5045472070726F636F
S31520258E106573733A20534F462074797065203078D0
S31520258E202530327800496E76616C6964204A504532
S31520258E30472066696C6520737472756374757265CF
S31520258E403A2074776F20534F49206D61726B657276
S31520258E5073004661696C656420746F206372656151
S31520258E6074652074656D706F726172792066696C80
S31520258E70652025730052656164206661696C656489
S31520258E80206F6E2074656D706F72617279206669A8
S31520258E906C65005365656B206661696C6564206F1A
S31520258EA06E2074656D706F726172792066696C6546
S31520258EB0005772697465206661696C6564206F6EDA
S31520258EC02074656D706F726172792066696C652074
S31520258ED02D2D2D206F7574206F66206469736B2068
S31520258EE073706163653F004170706C696361746955
S31520258EF06F6E207472616E736665727265642074F6
S31520258F006F6F20666577207363616E6C696E6573F6
S31520258F1000556E737570706F72746564206D6172FD
S31520258F206B6572207479706520307825303278000B
S31520258F305669727475616C20617272617920636FCE
S31520258F406E74726F6C6C6572206D657373656420A3
S31520258F50757000496D61676520746F6F2077696428
S31520258F606520666F72207468697320696D706C65DB
S31520258F706D656E746174696F6E00526561642066D5
S31520258F80726F6D20584D53206661696C6564005754
S31520258F907269746520746F20584D53206661696CFB
S31520258FA0656400436F707972696768742028432940
S31520258FB020323031362C2054686F6D617320472E30
S31520258FC0204C616E652C20477569646F20566F6C21
S31520258FD06C626564696E67003962202031372D4AB7
S31520258FE0616E2D323031360043617574696F6E3A64
S31520258FF0207175616E74697A6174696F6E207461EA
S31520259000626C65732061726520746F6F20636F6152
S3152025901072736520666F7220626173656C696E65F1
S31520259020204A5045470041646F62652041505031A2
S3152025903034206D61726B65723A2076657273696F1D
S315202590406E2025642C20666C616773203078253048
S315202590503478203078253034782C207472616E73DC
S31520259060666F726D20256400556E6B6E6F776E2048
S3152025907041505030206D61726B657220286E6F7459
S31520259080204A464946292C206C656E67746820251A
S315202590907500556E6B6E6F776E204150503134209A
S315202590A06D61726B657220286E6F742041646F62C4
S315202590B065292C206C656E677468202575004465A6
S315202590C066696E652041726974686D657469632069
S315202590D05461626C65203078253032783A20307894
S315202590E02530327800446566696E65204875666642
S315202590F06D616E205461626C65203078253032781A
S3152025910000446566696E65205175616E74697A615C
S3152025911074696F6E205461626C65202564202070E9
S315202591207265636973696F6E202564004465666977
S315202591306E65205265737461727420496E746572EA
S3152025914076616C20257500467265656420454D53EC
S315202591502068616E646C65202575004F627461698F
S315202591606E656420454D532068616E646C652025A7
S315202591707500456E64204F6620496D616765002020
S3152025918020202020202020253364202533642025D7
S315202591903364202533642025336420253364202514
S315202591A0336420253364004A4649462041505030B1
S315202591B0206D61726B65723A2076657273696F6E62
S315202591C02025642E253032642C2064656E736974BF
S315202591D07920256478256420202564005761726EC0
S315202591E0696E673A207468756D626E61696C20694F
S315202591F06D6167652073697A6520646F6573206E56
S315202592006F74206D617463682064617461206C6558
S315202592106E677468202575004A4649462065787408
S31520259220656E73696F6E206D61726B65723A2074F7
S31520259230797065203078253032782C206C656E67DC
S3152025924074682025750020202020776974682025BC
S31520259250642078202564207468756D626E61696C3A
S3152025926020696D616765004D697363656C6C616EF8
S31520259270656F7573206D61726B6572203078253028
S3152025928032782C206C656E67746820257500556E9E
S315202592906578706563746564206D61726B6572206F
S315202592A030782530327800202020202020202025A7
S315202592B034752025347520253475202534752025AB
S315202592C0347520253475202534752025347500518F
S315202592D075616E74697A696E6720746F202564209E
S315202592E03D2025642A25642A256420636F6C6F72A8
S315202592F073005175616E74697A696E6720746F2063
S31520259300256420636F6C6F72730053656C65637477
S31520259310656420256420636F6C6F727320666F7277
S31520259320207175616E74697A6174696F6E004174F6
S31520259330206D61726B6572203078253032782C202D
S315202593407265636F7665727920616374696F6E20A5
S31520259350256400536D6F6F7468696E67206E6F7410
S3152025936020737570706F72746564207769746820B0
S315202593706E6F6E7374616E646172642073616D7035
S315202593806C696E6720726174696F7300537461729C
S3152025939074204F66204672616D65203078253032DF
S315202593A0783A2077696474683D25752C2068656927
S315202593B06768743D25752C20636F6D706F6E656E9D
S315202593C074733D25640020202020436F6D706F6EB9
S315202593D0656E742025643A20256468782564762070
S315202593E0713D2564005374617274206F6620496D22
S315202593F0616765005374617274204F6620536361DB
S315202594006E3A20256420636F6D706F6E656E74735A
S315202594100020202020436F6D706F6E656E74202589
S31520259420643A2064633D25642061633D25640020DC
S315202594302053733D25642C2053653D25642C2041DE
S31520259440683D25642C20416C3D256400436C6F7353
S3152025945065642074656D706F726172792066696C9A
S3152025946065202573004F70656E65642074656D7063
S315202594706F726172792066696C65202573004A466C
S31520259480494620657874656E73696F6E206D6172A5
S315202594906B65723A204A5045472D636F6D7072650C
S315202594A073736564207468756D626E61696C206955
S315202594B06D6167652C206C656E677468202575003F
S315202594C04A46494620657874656E73696F6E206DA8
S315202594D061726B65723A2070616C6574746520744F
S315202594E068756D626E61696C20696D6167652C2072
S315202594F06C656E677468202575004A464946206541
S315202595007874656E73696F6E206D61726B65723ABC
S3152025951020524742207468756D626E61696C206998
S315202595206D6167652C206C656E67746820257500CE
S31520259530556E7265636F676E697A656420636F6D94
S31520259540706F6E656E7420494473202564202564CA
S315202595502025642C20617373756D696E67205943A8
S3152025956062437200467265656420584D53206861B2
S315202595706E646C65202575004F627461696E65641D
S3152025958020584D532068616E646C652025750055DD
S315202595906E6B6E6F776E2041646F626520636F6C8C
S315202595A06F72207472616E73666F726D20636F643D
S315202595B06520256400436F7272757074204A504564
S315202595C04720646174613A206261642061726974FE
S315202595D0686D6574696320636F646500496E636F82
S315202595E06E73697374656E742070726F6772657396
S315202595F073696F6E2073657175656E636520666FF9
S315202596007220636F6D706F6E656E7420256420637E
S315202596106F656666696369656E7420256400436F88
S315202596207272757074204A50454720646174613A78
S315202596302025752065787472616E656F7573206235
S3152025964079746573206265666F7265206D61726BAC
S3152025965065722030782530327800436F72727570A6
S3152025966074204A50454720646174613A207072659A
S315202596706D617475726520656E64206F66206461E0
S315202596807461207365676D656E7400436F7272759C
S315202596907074204A50454720646174613A2062617E
S315202596A06420487566666D616E20636F6465005714
S315202596B061726E696E673A20756E6B6E6F776E2056
S315202596C04A464946207265766973696F6E206E759E
S315202596D06D6265722025642E2530326400507265B0
S315202596E06D617475726520656E64206F66204A509B
S315202596F045472066696C6500436F727275707420C4
S315202597004A50454720646174613A20666F756E64B8
S31520259710206D61726B65722030782530327820690C
S315202597206E7374656164206F6620525354256400D8
S31520259730496E76616C696420534F5320706172613E
S315202597406D657465727320666F7220736571756594
S315202597506E7469616C204A504547004170706C696A
S31520259760636174696F6E207472616E736665727239
S31520259770656420746F6F206D616E79207363616EC9
S315202597806C696E6573000000388525204E85252059
S315202597906E85252093852520AD852520CC852520DC
S315202597A0E1852520FE8525202886252068862520D5
S315202597B0878625209E862520B4862520C886252091
S315202597C0058725203587252051872520748725201F
S315202597D0AB872520E2872520F9872520198825206E
S315202597E04388252090882520AB882520D6882520A6
S315202597F0F2882520178925203D892520628925203F
S31520259800758925208A8925209D892520B089252089
S31520259810D5892520EA892520FE8925201F8A2520E8
S31520259820358A2520648A25208C8A2520AD8A2520DF
S31520259830CE8A2520FD8A25200E8B25202A8B25209C
S31520259840688B25208F8B2520B68B2520CA8B252016
S31520259850F88B2520208C25203C8C2520618C2520C5
S31520259860838C2520AD8C2520D88C2520F68C25206B
S31520259870248D25204C8D2520738D25209E8D2520D4
S31520259880CB8D2520FB8D2520258E2520528E252006
S31520259890758E2520938E2520B18E2520E78E252091
S315202598A0118F2520308F2520538F25207A8F25200F
S315202598B08F8F2520A38F2520D88F2520E88F25201B
S315202598C0269025206890252092902520BE9025201B
S315202598D0E5902520019125202C912520479125208D
S315202598E05B912520729125207F912520A7912520E2
S315202598F0DC91252018922520469225206792252021
S315202599008E922520A7922520CF922520F2922520BA
S315202599100A9325202E9325202A97252053932520E3
S315202599208C932520C6932520E5932520F493252061
S31520259930119425202F9425204C9425206594252087
S315202599407E942520C0942520FA94252030952520FF
S3152025995064952520789525208F952520B595252034
S31520259960DC9525201E9625205A9625208B96252062
S31520259970AF962520DD962520F8962520309725207B
S315202599805B972520000000004A5045474D454D0050
S31520259990256C642563000000000000008813000064
S315202599A040060000803E0000000000000100000067
S315202599B00800000010000000090000000200000039
S315202599C0030000000A000000110000001800000016
S315202599D02000000019000000120000000B000000E6
S315202599E004000000050000000C0000001300000004
S315202599F01A00000021000000280000003000000089
S31520259A0029000000220000001B0000001400000091
S31520259A100D00000006000000070000000E000000D3
S31520259A20150000001C000000230000002A0000006D
S31520259A303100000038000000390000003200000007
S31520259A402B000000240000001D0000001600000049
S31520259A500F000000170000001E0000002500000052
S31520259A602C000000330000003A0000003B000000D7
S31520259A70340000002D000000260000001F000000F5
S31520259A80270000002E000000350000003C000000C5
S31520259A903D000000360000002F00000037000000A2
S31520259AA03E0000003F0000003F0000003F00000070
S31520259AB03F0000003F0000003F0000003F0000005F
S31520259AC03F0000003F0000003F0000003F0000004F
S31520259AD03F0000003F0000003F0000003F0000003F
S31520259AE03F0000003F0000000000000001000000AC
S31520259AF008000000090000003F0000003F0000008C
S31520259B003F0000003F0000003F0000003F0000000E
S31520259B103F0000003F0000003F0000003F000000FE
S31520259B203F0000003F0000003F0000003F000000EE
S31520259B303F0000003F00000000000000010000005B
S31520259B4008000000100000000900000002000000A7
S31520259B500A00000011000000120000003F0000004E
S31520259B603F0000003F0000003F0000003F000000AE
S31520259B703F0000003F0000003F0000003F0000009E
S31520259B803F0000003F0000003F0000003F0000008E
S31520259B903F0000003F0000003F00000000000000BD
S31520259BA00100000008000000100000000900000048
S31520259BB002000000030000000A000000110000003A
S31520259BC01800000019000000120000000B000000FC
S31520259BD0130000001A0000001B0000003F000000B3
S31520259BE03F0000003F0000003F0000003F0000002E
S31520259BF03F0000003F0000003F0000003F0000001E
S31520259C003F0000003F0000003F0000003F0000000D
S31520259C103F0000003F0000003F000000000000003C
S31520259C2001000000080000001000000009000000C7
S31520259C3002000000030000000A00000011000000B9
S31520259C401800000020000000190000001200000066
S31520259C500B000000040000000C000000130000008B
S31520259C601A00000021000000220000001B00000031
S31520259C70140000001C000000230000002400000022
S31520259C803F0000003F0000003F0000003F0000008D
S31520259C903F0000003F0000003F0000003F0000007D
S31520259CA03F0000003F0000003F0000003F0000006D
S31520259CB03F0000003F0000003F0000003F0000005D
S31520259CC00000000001000000080000001000000030
S31520259CD00900000002000000030000000A00000021
S31520259CE011000000180000002000000019000000C7
S31520259CF0120000000B0000000400000005000000F3
S31520259D000C000000130000001A00000021000000AE
S31520259D102800000029000000220000001B0000006A
S31520259D20140000000D000000150000001C00000096
S31520259D30230000002A0000002B000000240000003C
S31520259D401D000000250000002C0000002D0000002D
S31520259D503F0000003F0000003F0000003F000000BC
S31520259D603F0000003F0000003F0000003F000000AC
S31520259D703F0000003F0000003F0000003F0000009C
S31520259D803F0000003F0000003F0000003F0000008C
S31520259D90000000000100000008000000100000005F
S31520259DA00900000002000000030000000A00000050
S31520259DB011000000180000002000000019000000F6
S31520259DC0120000000B000000040000000500000022
S31520259DD00C000000130000001A00000021000000DE
S31520259DE02800000030000000290000002200000085
S31520259DF01B000000140000000D00000006000000D6
S31520259E000E000000150000001C00000023000000A5
S31520259E102A00000031000000320000002B0000003F
S31520259E20240000001D000000160000001E00000072
S31520259E30250000002C00000033000000340000001F
S31520259E402D000000260000002E0000003500000011
S31520259E50360000003F0000003F0000003F000000C4
S31520259E603F0000003F0000003F0000003F000000AB
S31520259E703F0000003F0000003F0000003F0000009B
S31520259E803F0000003F0000003F0000003F0000008B
S31520259E903F00000000000000000000000000F03F09
S31520259EA0EF6148B15031F63FCA6F4D91AEE7F43F89
S31520259EB0AA116CEF62D0F23F000000000000F03FAF
S31520259EC03BBFA7C06924E93FBB20C77B7A51E13F29
S31520259ED05DAB72DE55A8D13F0040C5589F53424BF6
S31520259EE000404932A322A811C558217BFC736268FC
S31520259EF0C558BF450B307E189F53FC73416D546260
S31520259F009F53B341412D1217424B626854627E58A6
S31520259F10424B213BBA28C3140040C5589F53424B78
S31520259F2000404932A322A8114932BF45B341213BDE
S31520259F3049328227371BE00DA3220B30412DBA2823
S31520259F40A322371BBF128E09A8117E181217C314F8
S31520259F50A811E00D8E09DF0481011D5A0E028625E2
S31520259F601003141112040B081405D8031706DA0159
S31520259F701907E5001C086F001E093600210A1A005C
S31520259F80230B0D00090C06000A0D03000C0D0100FC
S31520259F908F0F7F5A2410253F2611F22C27127C203D
S31520259FA02813B9172A1482112B15EF0C2D16A10962
S31520259FB02E172F0730185C0531190604331A03038B
S31520259FC0341B4002361CB101381D4401391EF500CB
S31520259FD03B1FB7003C208A003E2168003F224E00C9
S31520259FE020233B0021092C00A525E15A40264C4853
S31520259FF041270D3A4328F12E44291F26452A331F6A
S3152025A000462BA819482C1815492D77114A2E740E3A
S3152025A0104B2FFB0B4D30F8094E3161084F32060781
S3152025A0203033CD053234DE0432350F04333663031F
S3152025A0303437D40235385C023639F801373AA4014B
S3152025A040383B6001393C25013A3DF6003B3ECB00A5
S3152025A0503D3FAB003D208F00C141125B5042044D50
S3152025A06051432C415244D8375345E82F54463C2951
S3152025A070564779235748DF1E5749A91A484A4E1766
S3152025A080484B24144A4C9C114A4D6B0F4B4E510D6F
S3152025A0904D4FB60B4D30400AD051325858521C4D93
S3152025A0A059538E435A54DD3B5B55EE345C56AE2EC2
S3152025A0B05D579A2956471625D85970555F5AA94C62
S3152025A0C0605BD944615C223E635D2438635EB4328D
S3152025A0D05D56172EDF60A8566561464F6662E547B1
S3152025A0E06763CF4168643D3C635D5E37696631525F
S3152025A0F06A670F4C6B68394667635E41E96A27565E
S3152025A1006C6BE7506D67854B6E6D97556F6B4F5012
S3152025A110EE6F105A706D2255F06FEB5971711D5ADD
S70500000CBD31
